Startort,Destination,Distans_km,Kortid_min,Genererad_Text,Sitemap_Rad
Stockholm,Göteborg,508,346,Avståndet mellan Stockholm och Göteborg är 508 km och Karl-Johan Gyllenstorm beräknade körtiden till cirka 346 minuter.,<url><loc>https://pendlings-app1.t-767929534-cloudflare.workers.dev/?fran=Stockholm&amp;till=Göteborg</loc><changefreq>monthly</changefreq></url>
Stockholm,Malmö,656,447,Avståndet mellan Stockholm och Malmö är 656 km och Karl-Johan Gyllenstorm beräknade körtiden till cirka 447 minuter.,<url><loc>https://pendlings-app1.t-767929534-cloudflare.workers.dev/?fran=Stockholm&amp;till=Malmö</loc><changefreq>monthly</changefreq></url>
Stockholm,Uppsala,81,69,Avståndet mellan Stockholm och Uppsala är 81 km och Karl-Johan Gyllenstorm beräknade körtiden till cirka 69 minuter.,<url><loc>https://pendlings-app1.t-767929534-cloudflare.workers.dev/?fran=Stockholm&amp;till=Uppsala</loc><changefreq>monthly</changefreq></url>
Stockholm,Västerås,117,79,Avståndet mellan Stockholm och Västerås är 117 km och Karl-Johan Gyllenstorm beräknade körtiden till cirka 79 minuter.,<url><loc>https://pendlings-app1.t-767929534-cloudflare.workers.dev/?fran=Stockholm&amp;till=Västerås</loc><changefreq>monthly</changefreq></url>
Stockholm,Örebro,207,141,Avståndet mellan Stockholm och Örebro är 207 km och Karl-Johan Gyllenstorm beräknade körtiden till cirka 141 minuter.,<url><loc>https://pendlings-app1.t-767929534-cloudflare.workers.dev/?fran=Stockholm&amp;till=Örebro</loc><changefreq>monthly</changefreq></url>
Stockholm,Linköping,222,151,Avståndet mellan Stockholm och Linköping är 222 km och Karl-Johan Gyllenstorm beräknade körtiden till cirka 151 minuter.,<url><loc>https://pendlings-app1.t-767929534-cloudflare.workers.dev/?fran=Stockholm&amp;till=Linköping</loc><changefreq>monthly</changefreq></url>
Stockholm,Helsingborg,620,422,Avståndet mellan Stockholm och Helsingborg är 620 km och Karl-Johan Gyllenstorm beräknade körtiden till cirka 422 minuter.,<url><loc>https://pendlings-app1.t-767929534-cloudflare.workers.dev/?fran=Stockholm&amp;till=Helsingborg</loc><changefreq>monthly</changefreq></url>
Stockholm,Jönköping,364,248,Avståndet mellan Stockholm och Jönköping är 364 km och Karl-Johan Gyllenstorm beräknade körtiden till cirka 248 minuter.,<url><loc>https://pendlings-app1.t-767929534-cloudflare.workers.dev/?fran=Stockholm&amp;till=Jönköping</loc><changefreq>monthly</changefreq></url>
Stockholm,Norrköping,173,117,Avståndet mellan Stockholm och Norrköping är 173 km och Karl-Johan Gyllenstorm beräknade körtiden till cirka 117 minuter.,<url><loc>https://pendlings-app1.t-767929534-cloudflare.workers.dev/?fran=Stockholm&amp;till=Norrköping</loc><changefreq>monthly</changefreq></url>
Stockholm,Lund,636,433,Avståndet mellan Stockholm och Lund är 636 km och Karl-Johan Gyllenstorm beräknade körtiden till cirka 433 minuter.,<url><loc>https://pendlings-app1.t-767929534-cloudflare.workers.dev/?fran=Stockholm&amp;till=Lund</loc><changefreq>monthly</changefreq></url>
Stockholm,Umeå,656,447,Avståndet mellan Stockholm och Umeå är 656 km och Karl-Johan Gyllenstorm beräknade körtiden till cirka 447 minuter.,<url><loc>https://pendlings-app1.t-767929534-cloudflare.workers.dev/?fran=Stockholm&amp;till=Umeå</loc><changefreq>monthly</changefreq></url>
Stockholm,Gävle,202,137,Avståndet mellan Stockholm och Gävle är 202 km och Karl-Johan Gyllenstorm beräknade körtiden till cirka 137 minuter.,<url><loc>https://pendlings-app1.t-767929534-cloudflare.workers.dev/?fran=Stockholm&amp;till=Gävle</loc><changefreq>monthly</changefreq></url>
Stockholm,Borås,444,302,Avståndet mellan Stockholm och Borås är 444 km och Karl-Johan Gyllenstorm beräknade körtiden till cirka 302 minuter.,<url><loc>https://pendlings-app1.t-767929534-cloudflare.workers.dev/?fran=Stockholm&amp;till=Borås</loc><changefreq>monthly</changefreq></url>
Stockholm,Södertälje,37,31,Avståndet mellan Stockholm och Södertälje är 37 km och Karl-Johan Gyllenstorm beräknade körtiden till cirka 31 minuter.,<url><loc>https://pendlings-app1.t-767929534-cloudflare.workers.dev/?fran=Stockholm&amp;till=Södertälje</loc><changefreq>monthly</changefreq></url>
Stockholm,Eskilstuna,113,77,Avståndet mellan Stockholm och Eskilstuna är 113 km och Karl-Johan Gyllenstorm beräknade körtiden till cirka 77 minuter.,<url><loc>https://pendlings-app1.t-767929534-cloudflare.workers.dev/?fran=Stockholm&amp;till=Eskilstuna</loc><changefreq>monthly</changefreq></url>
Stockholm,Halmstad,544,370,Avståndet mellan Stockholm och Halmstad är 544 km och Karl-Johan Gyllenstorm beräknade körtiden till cirka 370 minuter.,<url><loc>https://pendlings-app1.t-767929534-cloudflare.workers.dev/?fran=Stockholm&amp;till=Halmstad</loc><changefreq>monthly</changefreq></url>
Stockholm,Växjö,426,290,Avståndet mellan Stockholm och Växjö är 426 km och Karl-Johan Gyllenstorm beräknade körtiden till cirka 290 minuter.,<url><loc>https://pendlings-app1.t-767929534-cloudflare.workers.dev/?fran=Stockholm&amp;till=Växjö</loc><changefreq>monthly</changefreq></url>
Stockholm,Karlstad,331,225,Avståndet mellan Stockholm och Karlstad är 331 km och Karl-Johan Gyllenstorm beräknade körtiden till cirka 225 minuter.,<url><loc>https://pendlings-app1.t-767929534-cloudflare.workers.dev/?fran=Stockholm&amp;till=Karlstad</loc><changefreq>monthly</changefreq></url>
Stockholm,Piteå,881,600,Avståndet mellan Stockholm och Piteå är 881 km och Karl-Johan Gyllenstorm beräknade körtiden till cirka 600 minuter.,<url><loc>https://pendlings-app1.t-767929534-cloudflare.workers.dev/?fran=Stockholm&amp;till=Piteå</loc><changefreq>monthly</changefreq></url>
Stockholm,Luleå,929,633,Avståndet mellan Stockholm och Luleå är 929 km och Karl-Johan Gyllenstorm beräknade körtiden till cirka 633 minuter.,<url><loc>https://pendlings-app1.t-767929534-cloudflare.workers.dev/?fran=Stockholm&amp;till=Luleå</loc><changefreq>monthly</changefreq></url>
Stockholm,Trollhättan,451,307,Avståndet mellan Stockholm och Trollhättan är 451 km och Karl-Johan Gyllenstorm beräknade körtiden till cirka 307 minuter.,<url><loc>https://pendlings-app1.t-767929534-cloudflare.workers.dev/?fran=Stockholm&amp;till=Trollhättan</loc><changefreq>monthly</changefreq></url>
Stockholm,Östersund,595,405,Avståndet mellan Stockholm och Östersund är 595 km och Karl-Johan Gyllenstorm beräknade körtiden till cirka 405 minuter.,<url><loc>https://pendlings-app1.t-767929534-cloudflare.workers.dev/?fran=Stockholm&amp;till=Östersund</loc><changefreq>monthly</changefreq></url>
Stockholm,Borlänge,249,169,Avståndet mellan Stockholm och Borlänge är 249 km och Karl-Johan Gyllenstorm beräknade körtiden till cirka 169 minuter.,<url><loc>https://pendlings-app1.t-767929534-cloudflare.workers.dev/?fran=Stockholm&amp;till=Borlänge</loc><changefreq>monthly</changefreq></url>
Stockholm,Falun,251,171,Avståndet mellan Stockholm och Falun är 251 km och Karl-Johan Gyllenstorm beräknade körtiden till cirka 171 minuter.,<url><loc>https://pendlings-app1.t-767929534-cloudflare.workers.dev/?fran=Stockholm&amp;till=Falun</loc><changefreq>monthly</changefreq></url>
Stockholm,Kalmar,400,272,Avståndet mellan Stockholm och Kalmar är 400 km och Karl-Johan Gyllenstorm beräknade körtiden till cirka 272 minuter.,<url><loc>https://pendlings-app1.t-767929534-cloudflare.workers.dev/?fran=Stockholm&amp;till=Kalmar</loc><changefreq>monthly</changefreq></url>
Stockholm,Skövde,338,230,Avståndet mellan Stockholm och Skövde är 338 km och Karl-Johan Gyllenstorm beräknade körtiden till cirka 230 minuter.,<url><loc>https://pendlings-app1.t-767929534-cloudflare.workers.dev/?fran=Stockholm&amp;till=Skövde</loc><changefreq>monthly</changefreq></url>
Stockholm,Kristianstad,555,378,Avståndet mellan Stockholm och Kristianstad är 555 km och Karl-Johan Gyllenstorm beräknade körtiden till cirka 378 minuter.,<url><loc>https://pendlings-app1.t-767929534-cloudflare.workers.dev/?fran=Stockholm&amp;till=Kristianstad</loc><changefreq>monthly</changefreq></url>
Stockholm,Karlskrona,488,332,Avståndet mellan Stockholm och Karlskrona är 488 km och Karl-Johan Gyllenstorm beräknade körtiden till cirka 332 minuter.,<url><loc>https://pendlings-app1.t-767929534-cloudflare.workers.dev/?fran=Stockholm&amp;till=Karlskrona</loc><changefreq>monthly</changefreq></url>
Stockholm,Skellefteå,795,542,Avståndet mellan Stockholm och Skellefteå är 795 km och Karl-Johan Gyllenstorm beräknade körtiden till cirka 542 minuter.,<url><loc>https://pendlings-app1.t-767929534-cloudflare.workers.dev/?fran=Stockholm&amp;till=Skellefteå</loc><changefreq>monthly</changefreq></url>
Stockholm,Uddevalla,471,321,Avståndet mellan Stockholm och Uddevalla är 471 km och Karl-Johan Gyllenstorm beräknade körtiden till cirka 321 minuter.,<url><loc>https://pendlings-app1.t-767929534-cloudflare.workers.dev/?fran=Stockholm&amp;till=Uddevalla</loc><changefreq>monthly</changefreq></url>
Stockholm,Varberg,538,366,Avståndet mellan Stockholm och Varberg är 538 km och Karl-Johan Gyllenstorm beräknade körtiden till cirka 366 minuter.,<url><loc>https://pendlings-app1.t-767929534-cloudflare.workers.dev/?fran=Stockholm&amp;till=Varberg</loc><changefreq>monthly</changefreq></url>
Stockholm,Motala,249,169,Avståndet mellan Stockholm och Motala är 249 km och Karl-Johan Gyllenstorm beräknade körtiden till cirka 169 minuter.,<url><loc>https://pendlings-app1.t-767929534-cloudflare.workers.dev/?fran=Stockholm&amp;till=Motala</loc><changefreq>monthly</changefreq></url>
Stockholm,Enköping,83,71,Avståndet mellan Stockholm och Enköping är 83 km och Karl-Johan Gyllenstorm beräknade körtiden till cirka 71 minuter.,<url><loc>https://pendlings-app1.t-767929534-cloudflare.workers.dev/?fran=Stockholm&amp;till=Enköping</loc><changefreq>monthly</changefreq></url>
Stockholm,Örnsköldsvik,565,385,Avståndet mellan Stockholm och Örnsköldsvik är 565 km och Karl-Johan Gyllenstorm beräknade körtiden till cirka 385 minuter.,<url><loc>https://pendlings-app1.t-767929534-cloudflare.workers.dev/?fran=Stockholm&amp;till=Örnsköldsvik</loc><changefreq>monthly</changefreq></url>
Stockholm,Nyköping,112,76,Avståndet mellan Stockholm och Nyköping är 112 km och Karl-Johan Gyllenstorm beräknade körtiden till cirka 76 minuter.,<url><loc>https://pendlings-app1.t-767929534-cloudflare.workers.dev/?fran=Stockholm&amp;till=Nyköping</loc><changefreq>monthly</changefreq></url>
Stockholm,Karlshamn,511,348,Avståndet mellan Stockholm och Karlshamn är 511 km och Karl-Johan Gyllenstorm beräknade körtiden till cirka 348 minuter.,<url><loc>https://pendlings-app1.t-767929534-cloudflare.workers.dev/?fran=Stockholm&amp;till=Karlshamn</loc><changefreq>monthly</changefreq></url>
Stockholm,Västervik,247,168,Avståndet mellan Stockholm och Västervik är 247 km och Karl-Johan Gyllenstorm beräknade körtiden till cirka 168 minuter.,<url><loc>https://pendlings-app1.t-767929534-cloudflare.workers.dev/?fran=Stockholm&amp;till=Västervik</loc><changefreq>monthly</changefreq></url>
Stockholm,Eslöv,615,419,Avståndet mellan Stockholm och Eslöv är 615 km och Karl-Johan Gyllenstorm beräknade körtiden till cirka 419 minuter.,<url><loc>https://pendlings-app1.t-767929534-cloudflare.workers.dev/?fran=Stockholm&amp;till=Eslöv</loc><changefreq>monthly</changefreq></url>
Stockholm,Härnösand,470,320,Avståndet mellan Stockholm och Härnösand är 470 km och Karl-Johan Gyllenstorm beräknade körtiden till cirka 320 minuter.,<url><loc>https://pendlings-app1.t-767929534-cloudflare.workers.dev/?fran=Stockholm&amp;till=Härnösand</loc><changefreq>monthly</changefreq></url>
Stockholm,Ystad,643,438,Avståndet mellan Stockholm och Ystad är 643 km och Karl-Johan Gyllenstorm beräknade körtiden till cirka 438 minuter.,<url><loc>https://pendlings-app1.t-767929534-cloudflare.workers.dev/?fran=Stockholm&amp;till=Ystad</loc><changefreq>monthly</changefreq></url>
Stockholm,Katrineholm,143,97,Avståndet mellan Stockholm och Katrineholm är 143 km och Karl-Johan Gyllenstorm beräknade körtiden till cirka 97 minuter.,<url><loc>https://pendlings-app1.t-767929534-cloudflare.workers.dev/?fran=Stockholm&amp;till=Katrineholm</loc><changefreq>monthly</changefreq></url>
Stockholm,Mariestad,323,220,Avståndet mellan Stockholm och Mariestad är 323 km och Karl-Johan Gyllenstorm beräknade körtiden till cirka 220 minuter.,<url><loc>https://pendlings-app1.t-767929534-cloudflare.workers.dev/?fran=Stockholm&amp;till=Mariestad</loc><changefreq>monthly</changefreq></url>
Stockholm,Lidköping,379,258,Avståndet mellan Stockholm och Lidköping är 379 km och Karl-Johan Gyllenstorm beräknade körtiden till cirka 258 minuter.,<url><loc>https://pendlings-app1.t-767929534-cloudflare.workers.dev/?fran=Stockholm&amp;till=Lidköping</loc><changefreq>monthly</changefreq></url>
Stockholm,Vänersborg,444,302,Avståndet mellan Stockholm och Vänersborg är 444 km och Karl-Johan Gyllenstorm beräknade körtiden till cirka 302 minuter.,<url><loc>https://pendlings-app1.t-767929534-cloudflare.workers.dev/?fran=Stockholm&amp;till=Vänersborg</loc><changefreq>monthly</changefreq></url>
Stockholm,Värnamo,428,291,Avståndet mellan Stockholm och Värnamo är 428 km och Karl-Johan Gyllenstorm beräknade körtiden till cirka 291 minuter.,<url><loc>https://pendlings-app1.t-767929534-cloudflare.workers.dev/?fran=Stockholm&amp;till=Värnamo</loc><changefreq>monthly</changefreq></url>
Stockholm,Kiruna,1221,832,Avståndet mellan Stockholm och Kiruna är 1221 km och Karl-Johan Gyllenstorm beräknade körtiden till cirka 832 minuter.,<url><loc>https://pendlings-app1.t-767929534-cloudflare.workers.dev/?fran=Stockholm&amp;till=Kiruna</loc><changefreq>monthly</changefreq></url>
Stockholm,Hudiksvall,348,237,Avståndet mellan Stockholm och Hudiksvall är 348 km och Karl-Johan Gyllenstorm beräknade körtiden till cirka 237 minuter.,<url><loc>https://pendlings-app1.t-767929534-cloudflare.workers.dev/?fran=Stockholm&amp;till=Hudiksvall</loc><changefreq>monthly</changefreq></url>
Stockholm,Falkenberg,542,369,Avståndet mellan Stockholm och Falkenberg är 542 km och Karl-Johan Gyllenstorm beräknade körtiden till cirka 369 minuter.,<url><loc>https://pendlings-app1.t-767929534-cloudflare.workers.dev/?fran=Stockholm&amp;till=Falkenberg</loc><changefreq>monthly</changefreq></url>
Stockholm,Visby,361,344,Avståndet mellan Stockholm och Visby är 361 km och Karl-Johan Gyllenstorm beräknade körtiden till cirka 344 minuter.,<url><loc>https://pendlings-app1.t-767929534-cloudflare.workers.dev/?fran=Stockholm&amp;till=Visby</loc><changefreq>monthly</changefreq></url>
Göteborg,Stockholm,508,346,Avståndet mellan Göteborg och Stockholm är 508 km och Karl-Johan Gyllenstorm beräknade körtiden till cirka 346 minuter.,<url><loc>https://pendlings-app1.t-767929534-cloudflare.workers.dev/?fran=Göteborg&amp;till=Stockholm</loc><changefreq>monthly</changefreq></url>
Göteborg,Malmö,310,211,Avståndet mellan Göteborg och Malmö är 310 km och Karl-Johan Gyllenstorm beräknade körtiden till cirka 211 minuter.,<url><loc>https://pendlings-app1.t-767929534-cloudflare.workers.dev/?fran=Göteborg&amp;till=Malmö</loc><changefreq>monthly</changefreq></url>
Göteborg,Uppsala,517,352,Avståndet mellan Göteborg och Uppsala är 517 km och Karl-Johan Gyllenstorm beräknade körtiden till cirka 352 minuter.,<url><loc>https://pendlings-app1.t-767929534-cloudflare.workers.dev/?fran=Göteborg&amp;till=Uppsala</loc><changefreq>monthly</changefreq></url>
Göteborg,Västerås,433,295,Avståndet mellan Göteborg och Västerås är 433 km och Karl-Johan Gyllenstorm beräknade körtiden till cirka 295 minuter.,<url><loc>https://pendlings-app1.t-767929534-cloudflare.workers.dev/?fran=Göteborg&amp;till=Västerås</loc><changefreq>monthly</changefreq></url>
Göteborg,Örebro,328,223,Avståndet mellan Göteborg och Örebro är 328 km och Karl-Johan Gyllenstorm beräknade körtiden till cirka 223 minuter.,<url><loc>https://pendlings-app1.t-767929534-cloudflare.workers.dev/?fran=Göteborg&amp;till=Örebro</loc><changefreq>monthly</changefreq></url>
Göteborg,Linköping,292,199,Avståndet mellan Göteborg och Linköping är 292 km och Karl-Johan Gyllenstorm beräknade körtiden till cirka 199 minuter.,<url><loc>https://pendlings-app1.t-767929534-cloudflare.workers.dev/?fran=Göteborg&amp;till=Linköping</loc><changefreq>monthly</changefreq></url>
Göteborg,Helsingborg,243,165,Avståndet mellan Göteborg och Helsingborg är 243 km och Karl-Johan Gyllenstorm beräknade körtiden till cirka 165 minuter.,<url><loc>https://pendlings-app1.t-767929534-cloudflare.workers.dev/?fran=Göteborg&amp;till=Helsingborg</loc><changefreq>monthly</changefreq></url>
Göteborg,Jönköping,166,113,Avståndet mellan Göteborg och Jönköping är 166 km och Karl-Johan Gyllenstorm beräknade körtiden till cirka 113 minuter.,<url><loc>https://pendlings-app1.t-767929534-cloudflare.workers.dev/?fran=Göteborg&amp;till=Jönköping</loc><changefreq>monthly</changefreq></url>
Göteborg,Norrköping,340,231,Avståndet mellan Göteborg och Norrköping är 340 km och Karl-Johan Gyllenstorm beräknade körtiden till cirka 231 minuter.,<url><loc>https://pendlings-app1.t-767929534-cloudflare.workers.dev/?fran=Göteborg&amp;till=Norrköping</loc><changefreq>monthly</changefreq></url>
Göteborg,Lund,300,204,Avståndet mellan Göteborg och Lund är 300 km och Karl-Johan Gyllenstorm beräknade körtiden till cirka 204 minuter.,<url><loc>https://pendlings-app1.t-767929534-cloudflare.workers.dev/?fran=Göteborg&amp;till=Lund</loc><changefreq>monthly</changefreq></url>
Göteborg,Umeå,1042,710,Avståndet mellan Göteborg och Umeå är 1042 km och Karl-Johan Gyllenstorm beräknade körtiden till cirka 710 minuter.,<url><loc>https://pendlings-app1.t-767929534-cloudflare.workers.dev/?fran=Göteborg&amp;till=Umeå</loc><changefreq>monthly</changefreq></url>
Göteborg,Gävle,565,385,Avståndet mellan Göteborg och Gävle är 565 km och Karl-Johan Gyllenstorm beräknade körtiden till cirka 385 minuter.,<url><loc>https://pendlings-app1.t-767929534-cloudflare.workers.dev/?fran=Göteborg&amp;till=Gävle</loc><changefreq>monthly</changefreq></url>
Göteborg,Borås,73,62,Avståndet mellan Göteborg och Borås är 73 km och Karl-Johan Gyllenstorm beräknade körtiden till cirka 62 minuter.,<url><loc>https://pendlings-app1.t-767929534-cloudflare.workers.dev/?fran=Göteborg&amp;till=Borås</loc><changefreq>monthly</changefreq></url>
Göteborg,Södertälje,470,320,Avståndet mellan Göteborg och Södertälje är 470 km och Karl-Johan Gyllenstorm beräknade körtiden till cirka 320 minuter.,<url><loc>https://pendlings-app1.t-767929534-cloudflare.workers.dev/?fran=Göteborg&amp;till=Södertälje</loc><changefreq>monthly</changefreq></url>
Göteborg,Eskilstuna,411,280,Avståndet mellan Göteborg och Eskilstuna är 411 km och Karl-Johan Gyllenstorm beräknade körtiden till cirka 280 minuter.,<url><loc>https://pendlings-app1.t-767929534-cloudflare.workers.dev/?fran=Göteborg&amp;till=Eskilstuna</loc><changefreq>monthly</changefreq></url>
Göteborg,Halmstad,162,110,Avståndet mellan Göteborg och Halmstad är 162 km och Karl-Johan Gyllenstorm beräknade körtiden till cirka 110 minuter.,<url><loc>https://pendlings-app1.t-767929534-cloudflare.workers.dev/?fran=Göteborg&amp;till=Halmstad</loc><changefreq>monthly</changefreq></url>
Göteborg,Växjö,247,168,Avståndet mellan Göteborg och Växjö är 247 km och Karl-Johan Gyllenstorm beräknade körtiden till cirka 168 minuter.,<url><loc>https://pendlings-app1.t-767929534-cloudflare.workers.dev/?fran=Göteborg&amp;till=Växjö</loc><changefreq>monthly</changefreq></url>
Göteborg,Karlstad,263,179,Avståndet mellan Göteborg och Karlstad är 263 km och Karl-Johan Gyllenstorm beräknade körtiden till cirka 179 minuter.,<url><loc>https://pendlings-app1.t-767929534-cloudflare.workers.dev/?fran=Göteborg&amp;till=Karlstad</loc><changefreq>monthly</changefreq></url>
Göteborg,Piteå,1257,857,Avståndet mellan Göteborg och Piteå är 1257 km och Karl-Johan Gyllenstorm beräknade körtiden till cirka 857 minuter.,<url><loc>https://pendlings-app1.t-767929534-cloudflare.workers.dev/?fran=Göteborg&amp;till=Piteå</loc><changefreq>monthly</changefreq></url>
Göteborg,Luleå,1311,893,Avståndet mellan Göteborg och Luleå är 1311 km och Karl-Johan Gyllenstorm beräknade körtiden till cirka 893 minuter.,<url><loc>https://pendlings-app1.t-767929534-cloudflare.workers.dev/?fran=Göteborg&amp;till=Luleå</loc><changefreq>monthly</changefreq></url>
Göteborg,Trollhättan,85,72,Avståndet mellan Göteborg och Trollhättan är 85 km och Karl-Johan Gyllenstorm beräknade körtiden till cirka 72 minuter.,<url><loc>https://pendlings-app1.t-767929534-cloudflare.workers.dev/?fran=Göteborg&amp;till=Trollhättan</loc><changefreq>monthly</changefreq></url>
Göteborg,Östersund,800,545,Avståndet mellan Göteborg och Östersund är 800 km och Karl-Johan Gyllenstorm beräknade körtiden till cirka 545 minuter.,<url><loc>https://pendlings-app1.t-767929534-cloudflare.workers.dev/?fran=Göteborg&amp;till=Östersund</loc><changefreq>monthly</changefreq></url>
Göteborg,Borlänge,468,319,Avståndet mellan Göteborg och Borlänge är 468 km och Karl-Johan Gyllenstorm beräknade körtiden till cirka 319 minuter.,<url><loc>https://pendlings-app1.t-767929534-cloudflare.workers.dev/?fran=Göteborg&amp;till=Borlänge</loc><changefreq>monthly</changefreq></url>
Göteborg,Falun,490,334,Avståndet mellan Göteborg och Falun är 490 km och Karl-Johan Gyllenstorm beräknade körtiden till cirka 334 minuter.,<url><loc>https://pendlings-app1.t-767929534-cloudflare.workers.dev/?fran=Göteborg&amp;till=Falun</loc><changefreq>monthly</changefreq></url>
Göteborg,Kalmar,369,251,Avståndet mellan Göteborg och Kalmar är 369 km och Karl-Johan Gyllenstorm beräknade körtiden till cirka 251 minuter.,<url><loc>https://pendlings-app1.t-767929534-cloudflare.workers.dev/?fran=Göteborg&amp;till=Kalmar</loc><changefreq>monthly</changefreq></url>
Göteborg,Skövde,171,116,Avståndet mellan Göteborg och Skövde är 171 km och Karl-Johan Gyllenstorm beräknade körtiden till cirka 116 minuter.,<url><loc>https://pendlings-app1.t-767929534-cloudflare.workers.dev/?fran=Göteborg&amp;till=Skövde</loc><changefreq>monthly</changefreq></url>
Göteborg,Kristianstad,293,199,Avståndet mellan Göteborg och Kristianstad är 293 km och Karl-Johan Gyllenstorm beräknade körtiden till cirka 199 minuter.,<url><loc>https://pendlings-app1.t-767929534-cloudflare.workers.dev/?fran=Göteborg&amp;till=Kristianstad</loc><changefreq>monthly</changefreq></url>
Göteborg,Karlskrona,356,242,Avståndet mellan Göteborg och Karlskrona är 356 km och Karl-Johan Gyllenstorm beräknade körtiden till cirka 242 minuter.,<url><loc>https://pendlings-app1.t-767929534-cloudflare.workers.dev/?fran=Göteborg&amp;till=Karlskrona</loc><changefreq>monthly</changefreq></url>
Göteborg,Skellefteå,1173,799,Avståndet mellan Göteborg och Skellefteå är 1173 km och Karl-Johan Gyllenstorm beräknade körtiden till cirka 799 minuter.,<url><loc>https://pendlings-app1.t-767929534-cloudflare.workers.dev/?fran=Göteborg&amp;till=Skellefteå</loc><changefreq>monthly</changefreq></url>
Göteborg,Uddevalla,91,78,Avståndet mellan Göteborg och Uddevalla är 91 km och Karl-Johan Gyllenstorm beräknade körtiden till cirka 78 minuter.,<url><loc>https://pendlings-app1.t-767929534-cloudflare.workers.dev/?fran=Göteborg&amp;till=Uddevalla</loc><changefreq>monthly</changefreq></url>
Göteborg,Varberg,88,75,Avståndet mellan Göteborg och Varberg är 88 km och Karl-Johan Gyllenstorm beräknade körtiden till cirka 75 minuter.,<url><loc>https://pendlings-app1.t-767929534-cloudflare.workers.dev/?fran=Göteborg&amp;till=Varberg</loc><changefreq>monthly</changefreq></url>
Göteborg,Motala,258,175,Avståndet mellan Göteborg och Motala är 258 km och Karl-Johan Gyllenstorm beräknade körtiden till cirka 175 minuter.,<url><loc>https://pendlings-app1.t-767929534-cloudflare.workers.dev/?fran=Göteborg&amp;till=Motala</loc><changefreq>monthly</changefreq></url>
Göteborg,Enköping,466,317,Avståndet mellan Göteborg och Enköping är 466 km och Karl-Johan Gyllenstorm beräknade körtiden till cirka 317 minuter.,<url><loc>https://pendlings-app1.t-767929534-cloudflare.workers.dev/?fran=Göteborg&amp;till=Enköping</loc><changefreq>monthly</changefreq></url>
Göteborg,Örnsköldsvik,923,629,Avståndet mellan Göteborg och Örnsköldsvik är 923 km och Karl-Johan Gyllenstorm beräknade körtiden till cirka 629 minuter.,<url><loc>https://pendlings-app1.t-767929534-cloudflare.workers.dev/?fran=Göteborg&amp;till=Örnsköldsvik</loc><changefreq>monthly</changefreq></url>
Göteborg,Nyköping,405,276,Avståndet mellan Göteborg och Nyköping är 405 km och Karl-Johan Gyllenstorm beräknade körtiden till cirka 276 minuter.,<url><loc>https://pendlings-app1.t-767929534-cloudflare.workers.dev/?fran=Göteborg&amp;till=Nyköping</loc><changefreq>monthly</changefreq></url>
Göteborg,Karlshamn,313,213,Avståndet mellan Göteborg och Karlshamn är 313 km och Karl-Johan Gyllenstorm beräknade körtiden till cirka 213 minuter.,<url><loc>https://pendlings-app1.t-767929534-cloudflare.workers.dev/?fran=Göteborg&amp;till=Karlshamn</loc><changefreq>monthly</changefreq></url>
Göteborg,Västervik,354,241,Avståndet mellan Göteborg och Västervik är 354 km och Karl-Johan Gyllenstorm beräknade körtiden till cirka 241 minuter.,<url><loc>https://pendlings-app1.t-767929534-cloudflare.workers.dev/?fran=Göteborg&amp;till=Västervik</loc><changefreq>monthly</changefreq></url>
Göteborg,Eslöv,285,194,Avståndet mellan Göteborg och Eslöv är 285 km och Karl-Johan Gyllenstorm beräknade körtiden till cirka 194 minuter.,<url><loc>https://pendlings-app1.t-767929534-cloudflare.workers.dev/?fran=Göteborg&amp;till=Eslöv</loc><changefreq>monthly</changefreq></url>
Göteborg,Härnösand,817,557,Avståndet mellan Göteborg och Härnösand är 817 km och Karl-Johan Gyllenstorm beräknade körtiden till cirka 557 minuter.,<url><loc>https://pendlings-app1.t-767929534-cloudflare.workers.dev/?fran=Göteborg&amp;till=Härnösand</loc><changefreq>monthly</changefreq></url>
Göteborg,Ystad,355,242,Avståndet mellan Göteborg och Ystad är 355 km och Karl-Johan Gyllenstorm beräknade körtiden till cirka 242 minuter.,<url><loc>https://pendlings-app1.t-767929534-cloudflare.workers.dev/?fran=Göteborg&amp;till=Ystad</loc><changefreq>monthly</changefreq></url>
Göteborg,Katrineholm,365,248,Avståndet mellan Göteborg och Katrineholm är 365 km och Karl-Johan Gyllenstorm beräknade körtiden till cirka 248 minuter.,<url><loc>https://pendlings-app1.t-767929534-cloudflare.workers.dev/?fran=Göteborg&amp;till=Katrineholm</loc><changefreq>monthly</changefreq></url>
Göteborg,Mariestad,198,135,Avståndet mellan Göteborg och Mariestad är 198 km och Karl-Johan Gyllenstorm beräknade körtiden till cirka 135 minuter.,<url><loc>https://pendlings-app1.t-767929534-cloudflare.workers.dev/?fran=Göteborg&amp;till=Mariestad</loc><changefreq>monthly</changefreq></url>
Göteborg,Lidköping,143,97,Avståndet mellan Göteborg och Lidköping är 143 km och Karl-Johan Gyllenstorm beräknade körtiden till cirka 97 minuter.,<url><loc>https://pendlings-app1.t-767929534-cloudflare.workers.dev/?fran=Göteborg&amp;till=Lidköping</loc><changefreq>monthly</changefreq></url>
Göteborg,Vänersborg,98,84,Avståndet mellan Göteborg och Vänersborg är 98 km och Karl-Johan Gyllenstorm beräknade körtiden till cirka 84 minuter.,<url><loc>https://pendlings-app1.t-767929534-cloudflare.workers.dev/?fran=Göteborg&amp;till=Vänersborg</loc><changefreq>monthly</changefreq></url>
Göteborg,Värnamo,174,118,Avståndet mellan Göteborg och Värnamo är 174 km och Karl-Johan Gyllenstorm beräknade körtiden till cirka 118 minuter.,<url><loc>https://pendlings-app1.t-767929534-cloudflare.workers.dev/?fran=Göteborg&amp;till=Värnamo</loc><changefreq>monthly</changefreq></url>
Göteborg,Kiruna,1537,1047,Avståndet mellan Göteborg och Kiruna är 1537 km och Karl-Johan Gyllenstorm beräknade körtiden till cirka 1047 minuter.,<url><loc>https://pendlings-app1.t-767929534-cloudflare.workers.dev/?fran=Göteborg&amp;till=Kiruna</loc><changefreq>monthly</changefreq></url>
Göteborg,Hudiksvall,680,463,Avståndet mellan Göteborg och Hudiksvall är 680 km och Karl-Johan Gyllenstorm beräknade körtiden till cirka 463 minuter.,<url><loc>https://pendlings-app1.t-767929534-cloudflare.workers.dev/?fran=Göteborg&amp;till=Hudiksvall</loc><changefreq>monthly</changefreq></url>
Göteborg,Falkenberg,121,82,Avståndet mellan Göteborg och Falkenberg är 121 km och Karl-Johan Gyllenstorm beräknade körtiden till cirka 82 minuter.,<url><loc>https://pendlings-app1.t-767929534-cloudflare.workers.dev/?fran=Göteborg&amp;till=Falkenberg</loc><changefreq>monthly</changefreq></url>
Göteborg,Visby,600,507,Avståndet mellan Göteborg och Visby är 600 km och Karl-Johan Gyllenstorm beräknade körtiden till cirka 507 minuter.,<url><loc>https://pendlings-app1.t-767929534-cloudflare.workers.dev/?fran=Göteborg&amp;till=Visby</loc><changefreq>monthly</changefreq></url>
Malmö,Stockholm,656,447,Avståndet mellan Malmö och Stockholm är 656 km och Karl-Johan Gyllenstorm beräknade körtiden till cirka 447 minuter.,<url><loc>https://pendlings-app1.t-767929534-cloudflare.workers.dev/?fran=Malmö&amp;till=Stockholm</loc><changefreq>monthly</changefreq></url>
Malmö,Göteborg,310,211,Avståndet mellan Malmö och Göteborg är 310 km och Karl-Johan Gyllenstorm beräknade körtiden till cirka 211 minuter.,<url><loc>https://pendlings-app1.t-767929534-cloudflare.workers.dev/?fran=Malmö&amp;till=Göteborg</loc><changefreq>monthly</changefreq></url>
Malmö,Uppsala,700,477,Avståndet mellan Malmö och Uppsala är 700 km och Karl-Johan Gyllenstorm beräknade körtiden till cirka 477 minuter.,<url><loc>https://pendlings-app1.t-767929534-cloudflare.workers.dev/?fran=Malmö&amp;till=Uppsala</loc><changefreq>monthly</changefreq></url>
Malmö,Västerås,630,429,Avståndet mellan Malmö och Västerås är 630 km och Karl-Johan Gyllenstorm beräknade körtiden till cirka 429 minuter.,<url><loc>https://pendlings-app1.t-767929534-cloudflare.workers.dev/?fran=Malmö&amp;till=Västerås</loc><changefreq>monthly</changefreq></url>
Malmö,Örebro,549,374,Avståndet mellan Malmö och Örebro är 549 km och Karl-Johan Gyllenstorm beräknade körtiden till cirka 374 minuter.,<url><loc>https://pendlings-app1.t-767929534-cloudflare.workers.dev/?fran=Malmö&amp;till=Örebro</loc><changefreq>monthly</changefreq></url>
Malmö,Linköping,447,304,Avståndet mellan Malmö och Linköping är 447 km och Karl-Johan Gyllenstorm beräknade körtiden till cirka 304 minuter.,<url><loc>https://pendlings-app1.t-767929534-cloudflare.workers.dev/?fran=Malmö&amp;till=Linköping</loc><changefreq>monthly</changefreq></url>
Malmö,Helsingborg,67,57,Avståndet mellan Malmö och Helsingborg är 67 km och Karl-Johan Gyllenstorm beräknade körtiden till cirka 57 minuter.,<url><loc>https://pendlings-app1.t-767929534-cloudflare.workers.dev/?fran=Malmö&amp;till=Helsingborg</loc><changefreq>monthly</changefreq></url>
Malmö,Jönköping,322,219,Avståndet mellan Malmö och Jönköping är 322 km och Karl-Johan Gyllenstorm beräknade körtiden till cirka 219 minuter.,<url><loc>https://pendlings-app1.t-767929534-cloudflare.workers.dev/?fran=Malmö&amp;till=Jönköping</loc><changefreq>monthly</changefreq></url>
Malmö,Norrköping,490,334,Avståndet mellan Malmö och Norrköping är 490 km och Karl-Johan Gyllenstorm beräknade körtiden till cirka 334 minuter.,<url><loc>https://pendlings-app1.t-767929534-cloudflare.workers.dev/?fran=Malmö&amp;till=Norrköping</loc><changefreq>monthly</changefreq></url>
Malmö,Lund,20,17,Avståndet mellan Malmö och Lund är 20 km och Karl-Johan Gyllenstorm beräknade körtiden till cirka 17 minuter.,<url><loc>https://pendlings-app1.t-767929534-cloudflare.workers.dev/?fran=Malmö&amp;till=Lund</loc><changefreq>monthly</changefreq></url>
Malmö,Umeå,1278,871,Avståndet mellan Malmö och Umeå är 1278 km och Karl-Johan Gyllenstorm beräknade körtiden till cirka 871 minuter.,<url><loc>https://pendlings-app1.t-767929534-cloudflare.workers.dev/?fran=Malmö&amp;till=Umeå</loc><changefreq>monthly</changefreq></url>
Malmö,Gävle,785,535,Avståndet mellan Malmö och Gävle är 785 km och Karl-Johan Gyllenstorm beräknade körtiden till cirka 535 minuter.,<url><loc>https://pendlings-app1.t-767929534-cloudflare.workers.dev/?fran=Malmö&amp;till=Gävle</loc><changefreq>monthly</changefreq></url>
Malmö,Borås,301,205,Avståndet mellan Malmö och Borås är 301 km och Karl-Johan Gyllenstorm beräknade körtiden till cirka 205 minuter.,<url><loc>https://pendlings-app1.t-767929534-cloudflare.workers.dev/?fran=Malmö&amp;till=Borås</loc><changefreq>monthly</changefreq></url>
Malmö,Södertälje,621,423,Avståndet mellan Malmö och Södertälje är 621 km och Karl-Johan Gyllenstorm beräknade körtiden till cirka 423 minuter.,<url><loc>https://pendlings-app1.t-767929534-cloudflare.workers.dev/?fran=Malmö&amp;till=Södertälje</loc><changefreq>monthly</changefreq></url>
Malmö,Eskilstuna,599,408,Avståndet mellan Malmö och Eskilstuna är 599 km och Karl-Johan Gyllenstorm beräknade körtiden till cirka 408 minuter.,<url><loc>https://pendlings-app1.t-767929534-cloudflare.workers.dev/?fran=Malmö&amp;till=Eskilstuna</loc><changefreq>monthly</changefreq></url>
Malmö,Halmstad,152,103,Avståndet mellan Malmö och Halmstad är 152 km och Karl-Johan Gyllenstorm beräknade körtiden till cirka 103 minuter.,<url><loc>https://pendlings-app1.t-767929534-cloudflare.workers.dev/?fran=Malmö&amp;till=Halmstad</loc><changefreq>monthly</changefreq></url>
Malmö,Växjö,230,156,Avståndet mellan Malmö och Växjö är 230 km och Karl-Johan Gyllenstorm beräknade körtiden till cirka 156 minuter.,<url><loc>https://pendlings-app1.t-767929534-cloudflare.workers.dev/?fran=Malmö&amp;till=Växjö</loc><changefreq>monthly</changefreq></url>
Malmö,Karlstad,538,366,Avståndet mellan Malmö och Karlstad är 538 km och Karl-Johan Gyllenstorm beräknade körtiden till cirka 366 minuter.,<url><loc>https://pendlings-app1.t-767929534-cloudflare.workers.dev/?fran=Malmö&amp;till=Karlstad</loc><changefreq>monthly</changefreq></url>
Malmö,Piteå,1501,1023,Avståndet mellan Malmö och Piteå är 1501 km och Karl-Johan Gyllenstorm beräknade körtiden till cirka 1023 minuter.,<url><loc>https://pendlings-app1.t-767929534-cloudflare.workers.dev/?fran=Malmö&amp;till=Piteå</loc><changefreq>monthly</changefreq></url>
Malmö,Luleå,1554,1059,Avståndet mellan Malmö och Luleå är 1554 km och Karl-Johan Gyllenstorm beräknade körtiden till cirka 1059 minuter.,<url><loc>https://pendlings-app1.t-767929534-cloudflare.workers.dev/?fran=Malmö&amp;till=Luleå</loc><changefreq>monthly</changefreq></url>
Malmö,Trollhättan,385,262,Avståndet mellan Malmö och Trollhättan är 385 km och Karl-Johan Gyllenstorm beräknade körtiden till cirka 262 minuter.,<url><loc>https://pendlings-app1.t-767929534-cloudflare.workers.dev/?fran=Malmö&amp;till=Trollhättan</loc><changefreq>monthly</changefreq></url>
Malmö,Östersund,1084,739,Avståndet mellan Malmö och Östersund är 1084 km och Karl-Johan Gyllenstorm beräknade körtiden till cirka 739 minuter.,<url><loc>https://pendlings-app1.t-767929534-cloudflare.workers.dev/?fran=Malmö&amp;till=Östersund</loc><changefreq>monthly</changefreq></url>
Malmö,Borlänge,718,489,Avståndet mellan Malmö och Borlänge är 718 km och Karl-Johan Gyllenstorm beräknade körtiden till cirka 489 minuter.,<url><loc>https://pendlings-app1.t-767929534-cloudflare.workers.dev/?fran=Malmö&amp;till=Borlänge</loc><changefreq>monthly</changefreq></url>
Malmö,Falun,738,503,Avståndet mellan Malmö och Falun är 738 km och Karl-Johan Gyllenstorm beräknade körtiden till cirka 503 minuter.,<url><loc>https://pendlings-app1.t-767929534-cloudflare.workers.dev/?fran=Malmö&amp;till=Falun</loc><changefreq>monthly</changefreq></url>
Malmö,Kalmar,305,207,Avståndet mellan Malmö och Kalmar är 305 km och Karl-Johan Gyllenstorm beräknade körtiden till cirka 207 minuter.,<url><loc>https://pendlings-app1.t-767929534-cloudflare.workers.dev/?fran=Malmö&amp;till=Kalmar</loc><changefreq>monthly</changefreq></url>
Malmö,Skövde,401,273,Avståndet mellan Malmö och Skövde är 401 km och Karl-Johan Gyllenstorm beräknade körtiden till cirka 273 minuter.,<url><loc>https://pendlings-app1.t-767929534-cloudflare.workers.dev/?fran=Malmö&amp;till=Skövde</loc><changefreq>monthly</changefreq></url>
Malmö,Kristianstad,109,74,Avståndet mellan Malmö och Kristianstad är 109 km och Karl-Johan Gyllenstorm beräknade körtiden till cirka 74 minuter.,<url><loc>https://pendlings-app1.t-767929534-cloudflare.workers.dev/?fran=Malmö&amp;till=Kristianstad</loc><changefreq>monthly</changefreq></url>
Malmö,Karlskrona,220,150,Avståndet mellan Malmö och Karlskrona är 220 km och Karl-Johan Gyllenstorm beräknade körtiden till cirka 150 minuter.,<url><loc>https://pendlings-app1.t-767929534-cloudflare.workers.dev/?fran=Malmö&amp;till=Karlskrona</loc><changefreq>monthly</changefreq></url>
Malmö,Skellefteå,1415,964,Avståndet mellan Malmö och Skellefteå är 1415 km och Karl-Johan Gyllenstorm beräknade körtiden till cirka 964 minuter.,<url><loc>https://pendlings-app1.t-767929534-cloudflare.workers.dev/?fran=Malmö&amp;till=Skellefteå</loc><changefreq>monthly</changefreq></url>
Malmö,Uddevalla,399,272,Avståndet mellan Malmö och Uddevalla är 399 km och Karl-Johan Gyllenstorm beräknade körtiden till cirka 272 minuter.,<url><loc>https://pendlings-app1.t-767929534-cloudflare.workers.dev/?fran=Malmö&amp;till=Uddevalla</loc><changefreq>monthly</changefreq></url>
Malmö,Varberg,221,150,Avståndet mellan Malmö och Varberg är 221 km och Karl-Johan Gyllenstorm beräknade körtiden till cirka 150 minuter.,<url><loc>https://pendlings-app1.t-767929534-cloudflare.workers.dev/?fran=Malmö&amp;till=Varberg</loc><changefreq>monthly</changefreq></url>
Malmö,Motala,445,303,Avståndet mellan Malmö och Motala är 445 km och Karl-Johan Gyllenstorm beräknade körtiden till cirka 303 minuter.,<url><loc>https://pendlings-app1.t-767929534-cloudflare.workers.dev/?fran=Malmö&amp;till=Motala</loc><changefreq>monthly</changefreq></url>
Malmö,Enköping,652,444,Avståndet mellan Malmö och Enköping är 652 km och Karl-Johan Gyllenstorm beräknade körtiden till cirka 444 minuter.,<url><loc>https://pendlings-app1.t-767929534-cloudflare.workers.dev/?fran=Malmö&amp;till=Enköping</loc><changefreq>monthly</changefreq></url>
Malmö,Örnsköldsvik,1168,796,Avståndet mellan Malmö och Örnsköldsvik är 1168 km och Karl-Johan Gyllenstorm beräknade körtiden till cirka 796 minuter.,<url><loc>https://pendlings-app1.t-767929534-cloudflare.workers.dev/?fran=Malmö&amp;till=Örnsköldsvik</loc><changefreq>monthly</changefreq></url>
Malmö,Nyköping,544,370,Avståndet mellan Malmö och Nyköping är 544 km och Karl-Johan Gyllenstorm beräknade körtiden till cirka 370 minuter.,<url><loc>https://pendlings-app1.t-767929534-cloudflare.workers.dev/?fran=Malmö&amp;till=Nyköping</loc><changefreq>monthly</changefreq></url>
Malmö,Karlshamn,168,114,Avståndet mellan Malmö och Karlshamn är 168 km och Karl-Johan Gyllenstorm beräknade körtiden till cirka 114 minuter.,<url><loc>https://pendlings-app1.t-767929534-cloudflare.workers.dev/?fran=Malmö&amp;till=Karlshamn</loc><changefreq>monthly</changefreq></url>
Malmö,Västervik,417,284,Avståndet mellan Malmö och Västervik är 417 km och Karl-Johan Gyllenstorm beräknade körtiden till cirka 284 minuter.,<url><loc>https://pendlings-app1.t-767929534-cloudflare.workers.dev/?fran=Malmö&amp;till=Västervik</loc><changefreq>monthly</changefreq></url>
Malmö,Eslöv,41,35,Avståndet mellan Malmö och Eslöv är 41 km och Karl-Johan Gyllenstorm beräknade körtiden till cirka 35 minuter.,<url><loc>https://pendlings-app1.t-767929534-cloudflare.workers.dev/?fran=Malmö&amp;till=Eslöv</loc><changefreq>monthly</changefreq></url>
Malmö,Härnösand,1062,724,Avståndet mellan Malmö och Härnösand är 1062 km och Karl-Johan Gyllenstorm beräknade körtiden till cirka 724 minuter.,<url><loc>https://pendlings-app1.t-767929534-cloudflare.workers.dev/?fran=Malmö&amp;till=Härnösand</loc><changefreq>monthly</changefreq></url>
Malmö,Ystad,70,60,Avståndet mellan Malmö och Ystad är 70 km och Karl-Johan Gyllenstorm beräknade körtiden till cirka 60 minuter.,<url><loc>https://pendlings-app1.t-767929534-cloudflare.workers.dev/?fran=Malmö&amp;till=Ystad</loc><changefreq>monthly</changefreq></url>
Malmö,Katrineholm,541,368,Avståndet mellan Malmö och Katrineholm är 541 km och Karl-Johan Gyllenstorm beräknade körtiden till cirka 368 minuter.,<url><loc>https://pendlings-app1.t-767929534-cloudflare.workers.dev/?fran=Malmö&amp;till=Katrineholm</loc><changefreq>monthly</changefreq></url>
Malmö,Mariestad,446,304,Avståndet mellan Malmö och Mariestad är 446 km och Karl-Johan Gyllenstorm beräknade körtiden till cirka 304 minuter.,<url><loc>https://pendlings-app1.t-767929534-cloudflare.workers.dev/?fran=Malmö&amp;till=Mariestad</loc><changefreq>monthly</changefreq></url>
Malmö,Lidköping,412,280,Avståndet mellan Malmö och Lidköping är 412 km och Karl-Johan Gyllenstorm beräknade körtiden till cirka 280 minuter.,<url><loc>https://pendlings-app1.t-767929534-cloudflare.workers.dev/?fran=Malmö&amp;till=Lidköping</loc><changefreq>monthly</changefreq></url>
Malmö,Vänersborg,397,270,Avståndet mellan Malmö och Vänersborg är 397 km och Karl-Johan Gyllenstorm beräknade körtiden till cirka 270 minuter.,<url><loc>https://pendlings-app1.t-767929534-cloudflare.workers.dev/?fran=Malmö&amp;till=Vänersborg</loc><changefreq>monthly</changefreq></url>
Malmö,Värnamo,239,162,Avståndet mellan Malmö och Värnamo är 239 km och Karl-Johan Gyllenstorm beräknade körtiden till cirka 162 minuter.,<url><loc>https://pendlings-app1.t-767929534-cloudflare.workers.dev/?fran=Malmö&amp;till=Värnamo</loc><changefreq>monthly</changefreq></url>
Malmö,Kiruna,1807,1232,Avståndet mellan Malmö och Kiruna är 1807 km och Karl-Johan Gyllenstorm beräknade körtiden till cirka 1232 minuter.,<url><loc>https://pendlings-app1.t-767929534-cloudflare.workers.dev/?fran=Malmö&amp;till=Kiruna</loc><changefreq>monthly</changefreq></url>
Malmö,Hudiksvall,922,628,Avståndet mellan Malmö och Hudiksvall är 922 km och Karl-Johan Gyllenstorm beräknade körtiden till cirka 628 minuter.,<url><loc>https://pendlings-app1.t-767929534-cloudflare.workers.dev/?fran=Malmö&amp;till=Hudiksvall</loc><changefreq>monthly</changefreq></url>
Malmö,Falkenberg,189,128,Avståndet mellan Malmö och Falkenberg är 189 km och Karl-Johan Gyllenstorm beräknade körtiden till cirka 128 minuter.,<url><loc>https://pendlings-app1.t-767929534-cloudflare.workers.dev/?fran=Malmö&amp;till=Falkenberg</loc><changefreq>monthly</changefreq></url>
Malmö,Visby,624,523,Avståndet mellan Malmö och Visby är 624 km och Karl-Johan Gyllenstorm beräknade körtiden till cirka 523 minuter.,<url><loc>https://pendlings-app1.t-767929534-cloudflare.workers.dev/?fran=Malmö&amp;till=Visby</loc><changefreq>monthly</changefreq></url>
Uppsala,Stockholm,81,69,Avståndet mellan Uppsala och Stockholm är 81 km och Karl-Johan Gyllenstorm beräknade körtiden till cirka 69 minuter.,<url><loc>https://pendlings-app1.t-767929534-cloudflare.workers.dev/?fran=Uppsala&amp;till=Stockholm</loc><changefreq>monthly</changefreq></url>
Uppsala,Göteborg,517,352,Avståndet mellan Uppsala och Göteborg är 517 km och Karl-Johan Gyllenstorm beräknade körtiden till cirka 352 minuter.,<url><loc>https://pendlings-app1.t-767929534-cloudflare.workers.dev/?fran=Uppsala&amp;till=Göteborg</loc><changefreq>monthly</changefreq></url>
Uppsala,Malmö,700,477,Avståndet mellan Uppsala och Malmö är 700 km och Karl-Johan Gyllenstorm beräknade körtiden till cirka 477 minuter.,<url><loc>https://pendlings-app1.t-767929534-cloudflare.workers.dev/?fran=Uppsala&amp;till=Malmö</loc><changefreq>monthly</changefreq></url>
Uppsala,Västerås,86,73,Avståndet mellan Uppsala och Västerås är 86 km och Karl-Johan Gyllenstorm beräknade körtiden till cirka 73 minuter.,<url><loc>https://pendlings-app1.t-767929534-cloudflare.workers.dev/?fran=Uppsala&amp;till=Västerås</loc><changefreq>monthly</changefreq></url>
Uppsala,Örebro,193,131,Avståndet mellan Uppsala och Örebro är 193 km och Karl-Johan Gyllenstorm beräknade körtiden till cirka 131 minuter.,<url><loc>https://pendlings-app1.t-767929534-cloudflare.workers.dev/?fran=Uppsala&amp;till=Örebro</loc><changefreq>monthly</changefreq></url>
Uppsala,Linköping,253,172,Avståndet mellan Uppsala och Linköping är 253 km och Karl-Johan Gyllenstorm beräknade körtiden till cirka 172 minuter.,<url><loc>https://pendlings-app1.t-767929534-cloudflare.workers.dev/?fran=Uppsala&amp;till=Linköping</loc><changefreq>monthly</changefreq></url>
Uppsala,Helsingborg,658,448,Avståndet mellan Uppsala och Helsingborg är 658 km och Karl-Johan Gyllenstorm beräknade körtiden till cirka 448 minuter.,<url><loc>https://pendlings-app1.t-767929534-cloudflare.workers.dev/?fran=Uppsala&amp;till=Helsingborg</loc><changefreq>monthly</changefreq></url>
Uppsala,Jönköping,390,265,Avståndet mellan Uppsala och Jönköping är 390 km och Karl-Johan Gyllenstorm beräknade körtiden till cirka 265 minuter.,<url><loc>https://pendlings-app1.t-767929534-cloudflare.workers.dev/?fran=Uppsala&amp;till=Jönköping</loc><changefreq>monthly</changefreq></url>
Uppsala,Norrköping,209,142,Avståndet mellan Uppsala och Norrköping är 209 km och Karl-Johan Gyllenstorm beräknade körtiden till cirka 142 minuter.,<url><loc>https://pendlings-app1.t-767929534-cloudflare.workers.dev/?fran=Uppsala&amp;till=Norrköping</loc><changefreq>monthly</changefreq></url>
Uppsala,Lund,680,463,Avståndet mellan Uppsala och Lund är 680 km och Karl-Johan Gyllenstorm beräknade körtiden till cirka 463 minuter.,<url><loc>https://pendlings-app1.t-767929534-cloudflare.workers.dev/?fran=Uppsala&amp;till=Lund</loc><changefreq>monthly</changefreq></url>
Uppsala,Umeå,591,402,Avståndet mellan Uppsala och Umeå är 591 km och Karl-Johan Gyllenstorm beräknade körtiden till cirka 402 minuter.,<url><loc>https://pendlings-app1.t-767929534-cloudflare.workers.dev/?fran=Uppsala&amp;till=Umeå</loc><changefreq>monthly</changefreq></url>
Uppsala,Gävle,121,82,Avståndet mellan Uppsala och Gävle är 121 km och Karl-Johan Gyllenstorm beräknade körtiden till cirka 82 minuter.,<url><loc>https://pendlings-app1.t-767929534-cloudflare.workers.dev/?fran=Uppsala&amp;till=Gävle</loc><changefreq>monthly</changefreq></url>
Uppsala,Borås,460,313,Avståndet mellan Uppsala och Borås är 460 km och Karl-Johan Gyllenstorm beräknade körtiden till cirka 313 minuter.,<url><loc>https://pendlings-app1.t-767929534-cloudflare.workers.dev/?fran=Uppsala&amp;till=Borås</loc><changefreq>monthly</changefreq></url>
Uppsala,Södertälje,94,80,Avståndet mellan Uppsala och Södertälje är 94 km och Karl-Johan Gyllenstorm beräknade körtiden till cirka 80 minuter.,<url><loc>https://pendlings-app1.t-767929534-cloudflare.workers.dev/?fran=Uppsala&amp;till=Södertälje</loc><changefreq>monthly</changefreq></url>
Uppsala,Eskilstuna,106,72,Avståndet mellan Uppsala och Eskilstuna är 106 km och Karl-Johan Gyllenstorm beräknade körtiden till cirka 72 minuter.,<url><loc>https://pendlings-app1.t-767929534-cloudflare.workers.dev/?fran=Uppsala&amp;till=Eskilstuna</loc><changefreq>monthly</changefreq></url>
Uppsala,Halmstad,577,393,Avståndet mellan Uppsala och Halmstad är 577 km och Karl-Johan Gyllenstorm beräknade körtiden till cirka 393 minuter.,<url><loc>https://pendlings-app1.t-767929534-cloudflare.workers.dev/?fran=Uppsala&amp;till=Halmstad</loc><changefreq>monthly</changefreq></url>
Uppsala,Växjö,473,322,Avståndet mellan Uppsala och Växjö är 473 km och Karl-Johan Gyllenstorm beräknade körtiden till cirka 322 minuter.,<url><loc>https://pendlings-app1.t-767929534-cloudflare.workers.dev/?fran=Uppsala&amp;till=Växjö</loc><changefreq>monthly</changefreq></url>
Uppsala,Karlstad,305,207,Avståndet mellan Uppsala och Karlstad är 305 km och Karl-Johan Gyllenstorm beräknade körtiden till cirka 207 minuter.,<url><loc>https://pendlings-app1.t-767929534-cloudflare.workers.dev/?fran=Uppsala&amp;till=Karlstad</loc><changefreq>monthly</changefreq></url>
Uppsala,Piteå,816,556,Avståndet mellan Uppsala och Piteå är 816 km och Karl-Johan Gyllenstorm beräknade körtiden till cirka 556 minuter.,<url><loc>https://pendlings-app1.t-767929534-cloudflare.workers.dev/?fran=Uppsala&amp;till=Piteå</loc><changefreq>monthly</changefreq></url>
Uppsala,Luleå,866,590,Avståndet mellan Uppsala och Luleå är 866 km och Karl-Johan Gyllenstorm beräknade körtiden till cirka 590 minuter.,<url><loc>https://pendlings-app1.t-767929534-cloudflare.workers.dev/?fran=Uppsala&amp;till=Luleå</loc><changefreq>monthly</changefreq></url>
Uppsala,Trollhättan,451,307,Avståndet mellan Uppsala och Trollhättan är 451 km och Karl-Johan Gyllenstorm beräknade körtiden till cirka 307 minuter.,<url><loc>https://pendlings-app1.t-767929534-cloudflare.workers.dev/?fran=Uppsala&amp;till=Trollhättan</loc><changefreq>monthly</changefreq></url>
Uppsala,Östersund,514,350,Avståndet mellan Uppsala och Östersund är 514 km och Karl-Johan Gyllenstorm beräknade körtiden till cirka 350 minuter.,<url><loc>https://pendlings-app1.t-767929534-cloudflare.workers.dev/?fran=Uppsala&amp;till=Östersund</loc><changefreq>monthly</changefreq></url>
Uppsala,Borlänge,179,122,Avståndet mellan Uppsala och Borlänge är 179 km och Karl-Johan Gyllenstorm beräknade körtiden till cirka 122 minuter.,<url><loc>https://pendlings-app1.t-767929534-cloudflare.workers.dev/?fran=Uppsala&amp;till=Borlänge</loc><changefreq>monthly</changefreq></url>
Uppsala,Falun,177,120,Avståndet mellan Uppsala och Falun är 177 km och Karl-Johan Gyllenstorm beräknade körtiden till cirka 120 minuter.,<url><loc>https://pendlings-app1.t-767929534-cloudflare.workers.dev/?fran=Uppsala&amp;till=Falun</loc><changefreq>monthly</changefreq></url>
Uppsala,Kalmar,464,316,Avståndet mellan Uppsala och Kalmar är 464 km och Karl-Johan Gyllenstorm beräknade körtiden till cirka 316 minuter.,<url><loc>https://pendlings-app1.t-767929534-cloudflare.workers.dev/?fran=Uppsala&amp;till=Kalmar</loc><changefreq>monthly</changefreq></url>
Uppsala,Skövde,346,235,Avståndet mellan Uppsala och Skövde är 346 km och Karl-Johan Gyllenstorm beräknade körtiden till cirka 235 minuter.,<url><loc>https://pendlings-app1.t-767929534-cloudflare.workers.dev/?fran=Uppsala&amp;till=Skövde</loc><changefreq>monthly</changefreq></url>
Uppsala,Kristianstad,605,412,Avståndet mellan Uppsala och Kristianstad är 605 km och Karl-Johan Gyllenstorm beräknade körtiden till cirka 412 minuter.,<url><loc>https://pendlings-app1.t-767929534-cloudflare.workers.dev/?fran=Uppsala&amp;till=Kristianstad</loc><changefreq>monthly</changefreq></url>
Uppsala,Karlskrona,548,373,Avståndet mellan Uppsala och Karlskrona är 548 km och Karl-Johan Gyllenstorm beräknade körtiden till cirka 373 minuter.,<url><loc>https://pendlings-app1.t-767929534-cloudflare.workers.dev/?fran=Uppsala&amp;till=Karlskrona</loc><changefreq>monthly</changefreq></url>
Uppsala,Skellefteå,729,497,Avståndet mellan Uppsala och Skellefteå är 729 km och Karl-Johan Gyllenstorm beräknade körtiden till cirka 497 minuter.,<url><loc>https://pendlings-app1.t-767929534-cloudflare.workers.dev/?fran=Uppsala&amp;till=Skellefteå</loc><changefreq>monthly</changefreq></url>
Uppsala,Uddevalla,468,319,Avståndet mellan Uppsala och Uddevalla är 468 km och Karl-Johan Gyllenstorm beräknade körtiden till cirka 319 minuter.,<url><loc>https://pendlings-app1.t-767929534-cloudflare.workers.dev/?fran=Uppsala&amp;till=Uddevalla</loc><changefreq>monthly</changefreq></url>
Uppsala,Varberg,560,381,Avståndet mellan Uppsala och Varberg är 560 km och Karl-Johan Gyllenstorm beräknade körtiden till cirka 381 minuter.,<url><loc>https://pendlings-app1.t-767929534-cloudflare.workers.dev/?fran=Uppsala&amp;till=Varberg</loc><changefreq>monthly</changefreq></url>
Uppsala,Motala,267,182,Avståndet mellan Uppsala och Motala är 267 km och Karl-Johan Gyllenstorm beräknade körtiden till cirka 182 minuter.,<url><loc>https://pendlings-app1.t-767929534-cloudflare.workers.dev/?fran=Uppsala&amp;till=Motala</loc><changefreq>monthly</changefreq></url>
Uppsala,Enköping,51,43,Avståndet mellan Uppsala och Enköping är 51 km och Karl-Johan Gyllenstorm beräknade körtiden till cirka 43 minuter.,<url><loc>https://pendlings-app1.t-767929534-cloudflare.workers.dev/?fran=Uppsala&amp;till=Enköping</loc><changefreq>monthly</changefreq></url>
Uppsala,Örnsköldsvik,493,336,Avståndet mellan Uppsala och Örnsköldsvik är 493 km och Karl-Johan Gyllenstorm beräknade körtiden till cirka 336 minuter.,<url><loc>https://pendlings-app1.t-767929534-cloudflare.workers.dev/?fran=Uppsala&amp;till=Örnsköldsvik</loc><changefreq>monthly</changefreq></url>
Uppsala,Nyköping,163,111,Avståndet mellan Uppsala och Nyköping är 163 km och Karl-Johan Gyllenstorm beräknade körtiden till cirka 111 minuter.,<url><loc>https://pendlings-app1.t-767929534-cloudflare.workers.dev/?fran=Uppsala&amp;till=Nyköping</loc><changefreq>monthly</changefreq></url>
Uppsala,Karlshamn,564,384,Avståndet mellan Uppsala och Karlshamn är 564 km och Karl-Johan Gyllenstorm beräknade körtiden till cirka 384 minuter.,<url><loc>https://pendlings-app1.t-767929534-cloudflare.workers.dev/?fran=Uppsala&amp;till=Karlshamn</loc><changefreq>monthly</changefreq></url>
Uppsala,Västervik,307,209,Avståndet mellan Uppsala och Västervik är 307 km och Karl-Johan Gyllenstorm beräknade körtiden till cirka 209 minuter.,<url><loc>https://pendlings-app1.t-767929534-cloudflare.workers.dev/?fran=Uppsala&amp;till=Västervik</loc><changefreq>monthly</changefreq></url>
Uppsala,Eslöv,659,449,Avståndet mellan Uppsala och Eslöv är 659 km och Karl-Johan Gyllenstorm beräknade körtiden till cirka 449 minuter.,<url><loc>https://pendlings-app1.t-767929534-cloudflare.workers.dev/?fran=Uppsala&amp;till=Eslöv</loc><changefreq>monthly</changefreq></url>
Uppsala,Härnösand,395,269,Avståndet mellan Uppsala och Härnösand är 395 km och Karl-Johan Gyllenstorm beräknade körtiden till cirka 269 minuter.,<url><loc>https://pendlings-app1.t-767929534-cloudflare.workers.dev/?fran=Uppsala&amp;till=Härnösand</loc><changefreq>monthly</changefreq></url>
Uppsala,Ystad,694,473,Avståndet mellan Uppsala och Ystad är 694 km och Karl-Johan Gyllenstorm beräknade körtiden till cirka 473 minuter.,<url><loc>https://pendlings-app1.t-767929534-cloudflare.workers.dev/?fran=Uppsala&amp;till=Ystad</loc><changefreq>monthly</changefreq></url>
Uppsala,Katrineholm,160,109,Avståndet mellan Uppsala och Katrineholm är 160 km och Karl-Johan Gyllenstorm beräknade körtiden till cirka 109 minuter.,<url><loc>https://pendlings-app1.t-767929534-cloudflare.workers.dev/?fran=Uppsala&amp;till=Katrineholm</loc><changefreq>monthly</changefreq></url>
Uppsala,Mariestad,321,218,Avståndet mellan Uppsala och Mariestad är 321 km och Karl-Johan Gyllenstorm beräknade körtiden till cirka 218 minuter.,<url><loc>https://pendlings-app1.t-767929534-cloudflare.workers.dev/?fran=Uppsala&amp;till=Mariestad</loc><changefreq>monthly</changefreq></url>
Uppsala,Lidköping,379,258,Avståndet mellan Uppsala och Lidköping är 379 km och Karl-Johan Gyllenstorm beräknade körtiden till cirka 258 minuter.,<url><loc>https://pendlings-app1.t-767929534-cloudflare.workers.dev/?fran=Uppsala&amp;till=Lidköping</loc><changefreq>monthly</changefreq></url>
Uppsala,Vänersborg,441,300,Avståndet mellan Uppsala och Vänersborg är 441 km och Karl-Johan Gyllenstorm beräknade körtiden till cirka 300 minuter.,<url><loc>https://pendlings-app1.t-767929534-cloudflare.workers.dev/?fran=Uppsala&amp;till=Vänersborg</loc><changefreq>monthly</changefreq></url>
Uppsala,Värnamo,464,316,Avståndet mellan Uppsala och Värnamo är 464 km och Karl-Johan Gyllenstorm beräknade körtiden till cirka 316 minuter.,<url><loc>https://pendlings-app1.t-767929534-cloudflare.workers.dev/?fran=Uppsala&amp;till=Värnamo</loc><changefreq>monthly</changefreq></url>
Uppsala,Kiruna,1149,783,Avståndet mellan Uppsala och Kiruna är 1149 km och Karl-Johan Gyllenstorm beräknade körtiden till cirka 783 minuter.,<url><loc>https://pendlings-app1.t-767929534-cloudflare.workers.dev/?fran=Uppsala&amp;till=Kiruna</loc><changefreq>monthly</changefreq></url>
Uppsala,Hudiksvall,268,182,Avståndet mellan Uppsala och Hudiksvall är 268 km och Karl-Johan Gyllenstorm beräknade körtiden till cirka 182 minuter.,<url><loc>https://pendlings-app1.t-767929534-cloudflare.workers.dev/?fran=Uppsala&amp;till=Hudiksvall</loc><changefreq>monthly</changefreq></url>
Uppsala,Falkenberg,569,387,Avståndet mellan Uppsala och Falkenberg är 569 km och Karl-Johan Gyllenstorm beräknade körtiden till cirka 387 minuter.,<url><loc>https://pendlings-app1.t-767929534-cloudflare.workers.dev/?fran=Uppsala&amp;till=Falkenberg</loc><changefreq>monthly</changefreq></url>
Uppsala,Visby,440,398,Avståndet mellan Uppsala och Visby är 440 km och Karl-Johan Gyllenstorm beräknade körtiden till cirka 398 minuter.,<url><loc>https://pendlings-app1.t-767929534-cloudflare.workers.dev/?fran=Uppsala&amp;till=Visby</loc><changefreq>monthly</changefreq></url>
Västerås,Stockholm,117,79,Avståndet mellan Västerås och Stockholm är 117 km och Karl-Johan Gyllenstorm beräknade körtiden till cirka 79 minuter.,<url><loc>https://pendlings-app1.t-767929534-cloudflare.workers.dev/?fran=Västerås&amp;till=Stockholm</loc><changefreq>monthly</changefreq></url>
Västerås,Göteborg,433,295,Avståndet mellan Västerås och Göteborg är 433 km och Karl-Johan Gyllenstorm beräknade körtiden till cirka 295 minuter.,<url><loc>https://pendlings-app1.t-767929534-cloudflare.workers.dev/?fran=Västerås&amp;till=Göteborg</loc><changefreq>monthly</changefreq></url>
Västerås,Malmö,630,429,Avståndet mellan Västerås och Malmö är 630 km och Karl-Johan Gyllenstorm beräknade körtiden till cirka 429 minuter.,<url><loc>https://pendlings-app1.t-767929534-cloudflare.workers.dev/?fran=Västerås&amp;till=Malmö</loc><changefreq>monthly</changefreq></url>
Västerås,Uppsala,86,73,Avståndet mellan Västerås och Uppsala är 86 km och Karl-Johan Gyllenstorm beräknade körtiden till cirka 73 minuter.,<url><loc>https://pendlings-app1.t-767929534-cloudflare.workers.dev/?fran=Västerås&amp;till=Uppsala</loc><changefreq>monthly</changefreq></url>
Västerås,Örebro,107,72,Avståndet mellan Västerås och Örebro är 107 km och Karl-Johan Gyllenstorm beräknade körtiden till cirka 72 minuter.,<url><loc>https://pendlings-app1.t-767929534-cloudflare.workers.dev/?fran=Västerås&amp;till=Örebro</loc><changefreq>monthly</changefreq></url>
Västerås,Linköping,183,124,Avståndet mellan Västerås och Linköping är 183 km och Karl-Johan Gyllenstorm beräknade körtiden till cirka 124 minuter.,<url><loc>https://pendlings-app1.t-767929534-cloudflare.workers.dev/?fran=Västerås&amp;till=Linköping</loc><changefreq>monthly</changefreq></url>
Västerås,Helsingborg,584,398,Avståndet mellan Västerås och Helsingborg är 584 km och Karl-Johan Gyllenstorm beräknade körtiden till cirka 398 minuter.,<url><loc>https://pendlings-app1.t-767929534-cloudflare.workers.dev/?fran=Västerås&amp;till=Helsingborg</loc><changefreq>monthly</changefreq></url>
Västerås,Jönköping,314,214,Avståndet mellan Västerås och Jönköping är 314 km och Karl-Johan Gyllenstorm beräknade körtiden till cirka 214 minuter.,<url><loc>https://pendlings-app1.t-767929534-cloudflare.workers.dev/?fran=Västerås&amp;till=Jönköping</loc><changefreq>monthly</changefreq></url>
Västerås,Norrköping,147,100,Avståndet mellan Västerås och Norrköping är 147 km och Karl-Johan Gyllenstorm beräknade körtiden till cirka 100 minuter.,<url><loc>https://pendlings-app1.t-767929534-cloudflare.workers.dev/?fran=Västerås&amp;till=Norrköping</loc><changefreq>monthly</changefreq></url>
Västerås,Lund,611,416,Avståndet mellan Västerås och Lund är 611 km och Karl-Johan Gyllenstorm beräknade körtiden till cirka 416 minuter.,<url><loc>https://pendlings-app1.t-767929534-cloudflare.workers.dev/?fran=Västerås&amp;till=Lund</loc><changefreq>monthly</changefreq></url>
Västerås,Umeå,650,443,Avståndet mellan Västerås och Umeå är 650 km och Karl-Johan Gyllenstorm beräknade körtiden till cirka 443 minuter.,<url><loc>https://pendlings-app1.t-767929534-cloudflare.workers.dev/?fran=Västerås&amp;till=Umeå</loc><changefreq>monthly</changefreq></url>
Västerås,Gävle,157,107,Avståndet mellan Västerås och Gävle är 157 km och Karl-Johan Gyllenstorm beräknade körtiden till cirka 107 minuter.,<url><loc>https://pendlings-app1.t-767929534-cloudflare.workers.dev/?fran=Västerås&amp;till=Gävle</loc><changefreq>monthly</changefreq></url>
Västerås,Borås,378,257,Avståndet mellan Västerås och Borås är 378 km och Karl-Johan Gyllenstorm beräknade körtiden till cirka 257 minuter.,<url><loc>https://pendlings-app1.t-767929534-cloudflare.workers.dev/?fran=Västerås&amp;till=Borås</loc><changefreq>monthly</changefreq></url>
Västerås,Södertälje,98,84,Avståndet mellan Västerås och Södertälje är 98 km och Karl-Johan Gyllenstorm beräknade körtiden till cirka 84 minuter.,<url><loc>https://pendlings-app1.t-767929534-cloudflare.workers.dev/?fran=Västerås&amp;till=Södertälje</loc><changefreq>monthly</changefreq></url>
Västerås,Eskilstuna,34,29,Avståndet mellan Västerås och Eskilstuna är 34 km och Karl-Johan Gyllenstorm beräknade körtiden till cirka 29 minuter.,<url><loc>https://pendlings-app1.t-767929534-cloudflare.workers.dev/?fran=Västerås&amp;till=Eskilstuna</loc><changefreq>monthly</changefreq></url>
Västerås,Halmstad,501,341,Avståndet mellan Västerås och Halmstad är 501 km och Karl-Johan Gyllenstorm beräknade körtiden till cirka 341 minuter.,<url><loc>https://pendlings-app1.t-767929534-cloudflare.workers.dev/?fran=Västerås&amp;till=Halmstad</loc><changefreq>monthly</changefreq></url>
Västerås,Växjö,409,278,Avståndet mellan Västerås och Växjö är 409 km och Karl-Johan Gyllenstorm beräknade körtiden till cirka 278 minuter.,<url><loc>https://pendlings-app1.t-767929534-cloudflare.workers.dev/?fran=Västerås&amp;till=Växjö</loc><changefreq>monthly</changefreq></url>
Västerås,Karlstad,222,151,Avståndet mellan Västerås och Karlstad är 222 km och Karl-Johan Gyllenstorm beräknade körtiden till cirka 151 minuter.,<url><loc>https://pendlings-app1.t-767929534-cloudflare.workers.dev/?fran=Västerås&amp;till=Karlstad</loc><changefreq>monthly</changefreq></url>
Västerås,Piteå,874,595,Avståndet mellan Västerås och Piteå är 874 km och Karl-Johan Gyllenstorm beräknade körtiden till cirka 595 minuter.,<url><loc>https://pendlings-app1.t-767929534-cloudflare.workers.dev/?fran=Västerås&amp;till=Piteå</loc><changefreq>monthly</changefreq></url>
Västerås,Luleå,925,630,Avståndet mellan Västerås och Luleå är 925 km och Karl-Johan Gyllenstorm beräknade körtiden till cirka 630 minuter.,<url><loc>https://pendlings-app1.t-767929534-cloudflare.workers.dev/?fran=Västerås&amp;till=Luleå</loc><changefreq>monthly</changefreq></url>
Västerås,Trollhättan,365,248,Avståndet mellan Västerås och Trollhättan är 365 km och Karl-Johan Gyllenstorm beräknade körtiden till cirka 248 minuter.,<url><loc>https://pendlings-app1.t-767929534-cloudflare.workers.dev/?fran=Västerås&amp;till=Trollhättan</loc><changefreq>monthly</changefreq></url>
Västerås,Östersund,524,357,Avståndet mellan Västerås och Östersund är 524 km och Karl-Johan Gyllenstorm beräknade körtiden till cirka 357 minuter.,<url><loc>https://pendlings-app1.t-767929534-cloudflare.workers.dev/?fran=Västerås&amp;till=Östersund</loc><changefreq>monthly</changefreq></url>
Västerås,Borlänge,147,100,Avståndet mellan Västerås och Borlänge är 147 km och Karl-Johan Gyllenstorm beräknade körtiden till cirka 100 minuter.,<url><loc>https://pendlings-app1.t-767929534-cloudflare.workers.dev/?fran=Västerås&amp;till=Borlänge</loc><changefreq>monthly</changefreq></url>
Västerås,Falun,155,105,Avståndet mellan Västerås och Falun är 155 km och Karl-Johan Gyllenstorm beräknade körtiden till cirka 105 minuter.,<url><loc>https://pendlings-app1.t-767929534-cloudflare.workers.dev/?fran=Västerås&amp;till=Falun</loc><changefreq>monthly</changefreq></url>
Västerås,Kalmar,419,285,Avståndet mellan Västerås och Kalmar är 419 km och Karl-Johan Gyllenstorm beräknade körtiden till cirka 285 minuter.,<url><loc>https://pendlings-app1.t-767929534-cloudflare.workers.dev/?fran=Västerås&amp;till=Kalmar</loc><changefreq>monthly</changefreq></url>
Västerås,Skövde,263,179,Avståndet mellan Västerås och Skövde är 263 km och Karl-Johan Gyllenstorm beräknade körtiden till cirka 179 minuter.,<url><loc>https://pendlings-app1.t-767929534-cloudflare.workers.dev/?fran=Västerås&amp;till=Skövde</loc><changefreq>monthly</changefreq></url>
Västerås,Kristianstad,540,368,Avståndet mellan Västerås och Kristianstad är 540 km och Karl-Johan Gyllenstorm beräknade körtiden till cirka 368 minuter.,<url><loc>https://pendlings-app1.t-767929534-cloudflare.workers.dev/?fran=Västerås&amp;till=Kristianstad</loc><changefreq>monthly</changefreq></url>
Västerås,Karlskrona,496,338,Avståndet mellan Västerås och Karlskrona är 496 km och Karl-Johan Gyllenstorm beräknade körtiden till cirka 338 minuter.,<url><loc>https://pendlings-app1.t-767929534-cloudflare.workers.dev/?fran=Västerås&amp;till=Karlskrona</loc><changefreq>monthly</changefreq></url>
Västerås,Skellefteå,787,536,Avståndet mellan Västerås och Skellefteå är 787 km och Karl-Johan Gyllenstorm beräknade körtiden till cirka 536 minuter.,<url><loc>https://pendlings-app1.t-767929534-cloudflare.workers.dev/?fran=Västerås&amp;till=Skellefteå</loc><changefreq>monthly</changefreq></url>
Västerås,Uddevalla,382,260,Avståndet mellan Västerås och Uddevalla är 382 km och Karl-Johan Gyllenstorm beräknade körtiden till cirka 260 minuter.,<url><loc>https://pendlings-app1.t-767929534-cloudflare.workers.dev/?fran=Västerås&amp;till=Uddevalla</loc><changefreq>monthly</changefreq></url>
Västerås,Varberg,479,326,Avståndet mellan Västerås och Varberg är 479 km och Karl-Johan Gyllenstorm beräknade körtiden till cirka 326 minuter.,<url><loc>https://pendlings-app1.t-767929534-cloudflare.workers.dev/?fran=Västerås&amp;till=Varberg</loc><changefreq>monthly</changefreq></url>
Västerås,Motala,188,128,Avståndet mellan Västerås och Motala är 188 km och Karl-Johan Gyllenstorm beräknade körtiden till cirka 128 minuter.,<url><loc>https://pendlings-app1.t-767929534-cloudflare.workers.dev/?fran=Västerås&amp;till=Motala</loc><changefreq>monthly</changefreq></url>
Västerås,Enköping,38,32,Avståndet mellan Västerås och Enköping är 38 km och Karl-Johan Gyllenstorm beräknade körtiden till cirka 32 minuter.,<url><loc>https://pendlings-app1.t-767929534-cloudflare.workers.dev/?fran=Västerås&amp;till=Enköping</loc><changefreq>monthly</changefreq></url>
Västerås,Örnsköldsvik,544,370,Avståndet mellan Västerås och Örnsköldsvik är 544 km och Karl-Johan Gyllenstorm beräknade körtiden till cirka 370 minuter.,<url><loc>https://pendlings-app1.t-767929534-cloudflare.workers.dev/?fran=Västerås&amp;till=Örnsköldsvik</loc><changefreq>monthly</changefreq></url>
Västerås,Nyköping,126,85,Avståndet mellan Västerås och Nyköping är 126 km och Karl-Johan Gyllenstorm beräknade körtiden till cirka 85 minuter.,<url><loc>https://pendlings-app1.t-767929534-cloudflare.workers.dev/?fran=Västerås&amp;till=Nyköping</loc><changefreq>monthly</changefreq></url>
Västerås,Karlshamn,505,344,Avståndet mellan Västerås och Karlshamn är 505 km och Karl-Johan Gyllenstorm beräknade körtiden till cirka 344 minuter.,<url><loc>https://pendlings-app1.t-767929534-cloudflare.workers.dev/?fran=Västerås&amp;till=Karlshamn</loc><changefreq>monthly</changefreq></url>
Västerås,Västervik,263,179,Avståndet mellan Västerås och Västervik är 263 km och Karl-Johan Gyllenstorm beräknade körtiden till cirka 179 minuter.,<url><loc>https://pendlings-app1.t-767929534-cloudflare.workers.dev/?fran=Västerås&amp;till=Västervik</loc><changefreq>monthly</changefreq></url>
Västerås,Eslöv,590,402,Avståndet mellan Västerås och Eslöv är 590 km och Karl-Johan Gyllenstorm beräknade körtiden till cirka 402 minuter.,<url><loc>https://pendlings-app1.t-767929534-cloudflare.workers.dev/?fran=Västerås&amp;till=Eslöv</loc><changefreq>monthly</changefreq></url>
Västerås,Härnösand,440,300,Avståndet mellan Västerås och Härnösand är 440 km och Karl-Johan Gyllenstorm beräknade körtiden till cirka 300 minuter.,<url><loc>https://pendlings-app1.t-767929534-cloudflare.workers.dev/?fran=Västerås&amp;till=Härnösand</loc><changefreq>monthly</changefreq></url>
Västerås,Ystad,630,429,Avståndet mellan Västerås och Ystad är 630 km och Karl-Johan Gyllenstorm beräknade körtiden till cirka 429 minuter.,<url><loc>https://pendlings-app1.t-767929534-cloudflare.workers.dev/?fran=Västerås&amp;till=Ystad</loc><changefreq>monthly</changefreq></url>
Västerås,Katrineholm,90,77,Avståndet mellan Västerås och Katrineholm är 90 km och Karl-Johan Gyllenstorm beräknade körtiden till cirka 77 minuter.,<url><loc>https://pendlings-app1.t-767929534-cloudflare.workers.dev/?fran=Västerås&amp;till=Katrineholm</loc><changefreq>monthly</changefreq></url>
Västerås,Mariestad,236,160,Avståndet mellan Västerås och Mariestad är 236 km och Karl-Johan Gyllenstorm beräknade körtiden till cirka 160 minuter.,<url><loc>https://pendlings-app1.t-767929534-cloudflare.workers.dev/?fran=Västerås&amp;till=Mariestad</loc><changefreq>monthly</changefreq></url>
Västerås,Lidköping,293,199,Avståndet mellan Västerås och Lidköping är 293 km och Karl-Johan Gyllenstorm beräknade körtiden till cirka 199 minuter.,<url><loc>https://pendlings-app1.t-767929534-cloudflare.workers.dev/?fran=Västerås&amp;till=Lidköping</loc><changefreq>monthly</changefreq></url>
Västerås,Vänersborg,355,242,Avståndet mellan Västerås och Vänersborg är 355 km och Karl-Johan Gyllenstorm beräknade körtiden till cirka 242 minuter.,<url><loc>https://pendlings-app1.t-767929534-cloudflare.workers.dev/?fran=Västerås&amp;till=Vänersborg</loc><changefreq>monthly</changefreq></url>
Västerås,Värnamo,392,267,Avståndet mellan Västerås och Värnamo är 392 km och Karl-Johan Gyllenstorm beräknade körtiden till cirka 267 minuter.,<url><loc>https://pendlings-app1.t-767929534-cloudflare.workers.dev/?fran=Västerås&amp;till=Värnamo</loc><changefreq>monthly</changefreq></url>
Västerås,Kiruna,1195,814,Avståndet mellan Västerås och Kiruna är 1195 km och Karl-Johan Gyllenstorm beräknade körtiden till cirka 814 minuter.,<url><loc>https://pendlings-app1.t-767929534-cloudflare.workers.dev/?fran=Västerås&amp;till=Kiruna</loc><changefreq>monthly</changefreq></url>
Västerås,Hudiksvall,304,207,Avståndet mellan Västerås och Hudiksvall är 304 km och Karl-Johan Gyllenstorm beräknade körtiden till cirka 207 minuter.,<url><loc>https://pendlings-app1.t-767929534-cloudflare.workers.dev/?fran=Västerås&amp;till=Hudiksvall</loc><changefreq>monthly</changefreq></url>
Västerås,Falkenberg,490,334,Avståndet mellan Västerås och Falkenberg är 490 km och Karl-Johan Gyllenstorm beräknade körtiden till cirka 334 minuter.,<url><loc>https://pendlings-app1.t-767929534-cloudflare.workers.dev/?fran=Västerås&amp;till=Falkenberg</loc><changefreq>monthly</changefreq></url>
Västerås,Visby,429,390,Avståndet mellan Västerås och Visby är 429 km och Karl-Johan Gyllenstorm beräknade körtiden till cirka 390 minuter.,<url><loc>https://pendlings-app1.t-767929534-cloudflare.workers.dev/?fran=Västerås&amp;till=Visby</loc><changefreq>monthly</changefreq></url>
Örebro,Stockholm,207,141,Avståndet mellan Örebro och Stockholm är 207 km och Karl-Johan Gyllenstorm beräknade körtiden till cirka 141 minuter.,<url><loc>https://pendlings-app1.t-767929534-cloudflare.workers.dev/?fran=Örebro&amp;till=Stockholm</loc><changefreq>monthly</changefreq></url>
Örebro,Göteborg,328,223,Avståndet mellan Örebro och Göteborg är 328 km och Karl-Johan Gyllenstorm beräknade körtiden till cirka 223 minuter.,<url><loc>https://pendlings-app1.t-767929534-cloudflare.workers.dev/?fran=Örebro&amp;till=Göteborg</loc><changefreq>monthly</changefreq></url>
Örebro,Malmö,549,374,Avståndet mellan Örebro och Malmö är 549 km och Karl-Johan Gyllenstorm beräknade körtiden till cirka 374 minuter.,<url><loc>https://pendlings-app1.t-767929534-cloudflare.workers.dev/?fran=Örebro&amp;till=Malmö</loc><changefreq>monthly</changefreq></url>
Örebro,Uppsala,193,131,Avståndet mellan Örebro och Uppsala är 193 km och Karl-Johan Gyllenstorm beräknade körtiden till cirka 131 minuter.,<url><loc>https://pendlings-app1.t-767929534-cloudflare.workers.dev/?fran=Örebro&amp;till=Uppsala</loc><changefreq>monthly</changefreq></url>
Örebro,Västerås,107,72,Avståndet mellan Örebro och Västerås är 107 km och Karl-Johan Gyllenstorm beräknade körtiden till cirka 72 minuter.,<url><loc>https://pendlings-app1.t-767929534-cloudflare.workers.dev/?fran=Örebro&amp;till=Västerås</loc><changefreq>monthly</changefreq></url>
Örebro,Linköping,126,85,Avståndet mellan Örebro och Linköping är 126 km och Karl-Johan Gyllenstorm beräknade körtiden till cirka 85 minuter.,<url><loc>https://pendlings-app1.t-767929534-cloudflare.workers.dev/?fran=Örebro&amp;till=Linköping</loc><changefreq>monthly</changefreq></url>
Örebro,Helsingborg,497,338,Avståndet mellan Örebro och Helsingborg är 497 km och Karl-Johan Gyllenstorm beräknade körtiden till cirka 338 minuter.,<url><loc>https://pendlings-app1.t-767929534-cloudflare.workers.dev/?fran=Örebro&amp;till=Helsingborg</loc><changefreq>monthly</changefreq></url>
Örebro,Jönköping,226,154,Avståndet mellan Örebro och Jönköping är 226 km och Karl-Johan Gyllenstorm beräknade körtiden till cirka 154 minuter.,<url><loc>https://pendlings-app1.t-767929534-cloudflare.workers.dev/?fran=Örebro&amp;till=Jönköping</loc><changefreq>monthly</changefreq></url>
Örebro,Norrköping,121,82,Avståndet mellan Örebro och Norrköping är 121 km och Karl-Johan Gyllenstorm beräknade körtiden till cirka 82 minuter.,<url><loc>https://pendlings-app1.t-767929534-cloudflare.workers.dev/?fran=Örebro&amp;till=Norrköping</loc><changefreq>monthly</changefreq></url>
Örebro,Lund,531,362,Avståndet mellan Örebro och Lund är 531 km och Karl-Johan Gyllenstorm beräknade körtiden till cirka 362 minuter.,<url><loc>https://pendlings-app1.t-767929534-cloudflare.workers.dev/?fran=Örebro&amp;till=Lund</loc><changefreq>monthly</changefreq></url>
Örebro,Umeå,732,499,Avståndet mellan Örebro och Umeå är 732 km och Karl-Johan Gyllenstorm beräknade körtiden till cirka 499 minuter.,<url><loc>https://pendlings-app1.t-767929534-cloudflare.workers.dev/?fran=Örebro&amp;till=Umeå</loc><changefreq>monthly</changefreq></url>
Örebro,Gävle,241,164,Avståndet mellan Örebro och Gävle är 241 km och Karl-Johan Gyllenstorm beräknade körtiden till cirka 164 minuter.,<url><loc>https://pendlings-app1.t-767929534-cloudflare.workers.dev/?fran=Örebro&amp;till=Gävle</loc><changefreq>monthly</changefreq></url>
Örebro,Borås,278,189,Avståndet mellan Örebro och Borås är 278 km och Karl-Johan Gyllenstorm beräknade körtiden till cirka 189 minuter.,<url><loc>https://pendlings-app1.t-767929534-cloudflare.workers.dev/?fran=Örebro&amp;till=Borås</loc><changefreq>monthly</changefreq></url>
Örebro,Södertälje,175,119,Avståndet mellan Örebro och Södertälje är 175 km och Karl-Johan Gyllenstorm beräknade körtiden till cirka 119 minuter.,<url><loc>https://pendlings-app1.t-767929534-cloudflare.workers.dev/?fran=Örebro&amp;till=Södertälje</loc><changefreq>monthly</changefreq></url>
Örebro,Eskilstuna,95,81,Avståndet mellan Örebro och Eskilstuna är 95 km och Karl-Johan Gyllenstorm beräknade körtiden till cirka 81 minuter.,<url><loc>https://pendlings-app1.t-767929534-cloudflare.workers.dev/?fran=Örebro&amp;till=Eskilstuna</loc><changefreq>monthly</changefreq></url>
Örebro,Halmstad,410,279,Avståndet mellan Örebro och Halmstad är 410 km och Karl-Johan Gyllenstorm beräknade körtiden till cirka 279 minuter.,<url><loc>https://pendlings-app1.t-767929534-cloudflare.workers.dev/?fran=Örebro&amp;till=Halmstad</loc><changefreq>monthly</changefreq></url>
Örebro,Växjö,342,233,Avståndet mellan Örebro och Växjö är 342 km och Karl-Johan Gyllenstorm beräknade körtiden till cirka 233 minuter.,<url><loc>https://pendlings-app1.t-767929534-cloudflare.workers.dev/?fran=Örebro&amp;till=Växjö</loc><changefreq>monthly</changefreq></url>
Örebro,Karlstad,125,85,Avståndet mellan Örebro och Karlstad är 125 km och Karl-Johan Gyllenstorm beräknade körtiden till cirka 85 minuter.,<url><loc>https://pendlings-app1.t-767929534-cloudflare.workers.dev/?fran=Örebro&amp;till=Karlstad</loc><changefreq>monthly</changefreq></url>
Örebro,Piteå,953,649,Avståndet mellan Örebro och Piteå är 953 km och Karl-Johan Gyllenstorm beräknade körtiden till cirka 649 minuter.,<url><loc>https://pendlings-app1.t-767929534-cloudflare.workers.dev/?fran=Örebro&amp;till=Piteå</loc><changefreq>monthly</changefreq></url>
Örebro,Luleå,1006,685,Avståndet mellan Örebro och Luleå är 1006 km och Karl-Johan Gyllenstorm beräknade körtiden till cirka 685 minuter.,<url><loc>https://pendlings-app1.t-767929534-cloudflare.workers.dev/?fran=Örebro&amp;till=Luleå</loc><changefreq>monthly</changefreq></url>
Örebro,Trollhättan,257,175,Avståndet mellan Örebro och Trollhättan är 257 km och Karl-Johan Gyllenstorm beräknade körtiden till cirka 175 minuter.,<url><loc>https://pendlings-app1.t-767929534-cloudflare.workers.dev/?fran=Örebro&amp;till=Trollhättan</loc><changefreq>monthly</changefreq></url>
Örebro,Östersund,556,379,Avståndet mellan Örebro och Östersund är 556 km och Karl-Johan Gyllenstorm beräknade körtiden till cirka 379 minuter.,<url><loc>https://pendlings-app1.t-767929534-cloudflare.workers.dev/?fran=Örebro&amp;till=Östersund</loc><changefreq>monthly</changefreq></url>
Örebro,Borlänge,172,117,Avståndet mellan Örebro och Borlänge är 172 km och Karl-Johan Gyllenstorm beräknade körtiden till cirka 117 minuter.,<url><loc>https://pendlings-app1.t-767929534-cloudflare.workers.dev/?fran=Örebro&amp;till=Borlänge</loc><changefreq>monthly</changefreq></url>
Örebro,Falun,191,130,Avståndet mellan Örebro och Falun är 191 km och Karl-Johan Gyllenstorm beräknade körtiden till cirka 130 minuter.,<url><loc>https://pendlings-app1.t-767929534-cloudflare.workers.dev/?fran=Örebro&amp;till=Falun</loc><changefreq>monthly</changefreq></url>
Örebro,Kalmar,381,259,Avståndet mellan Örebro och Kalmar är 381 km och Karl-Johan Gyllenstorm beräknade körtiden till cirka 259 minuter.,<url><loc>https://pendlings-app1.t-767929534-cloudflare.workers.dev/?fran=Örebro&amp;till=Kalmar</loc><changefreq>monthly</changefreq></url>
Örebro,Skövde,161,109,Avståndet mellan Örebro och Skövde är 161 km och Karl-Johan Gyllenstorm beräknade körtiden till cirka 109 minuter.,<url><loc>https://pendlings-app1.t-767929534-cloudflare.workers.dev/?fran=Örebro&amp;till=Skövde</loc><changefreq>monthly</changefreq></url>
Örebro,Kristianstad,468,319,Avståndet mellan Örebro och Kristianstad är 468 km och Karl-Johan Gyllenstorm beräknade körtiden till cirka 319 minuter.,<url><loc>https://pendlings-app1.t-767929534-cloudflare.workers.dev/?fran=Örebro&amp;till=Kristianstad</loc><changefreq>monthly</changefreq></url>
Örebro,Karlskrona,444,302,Avståndet mellan Örebro och Karlskrona är 444 km och Karl-Johan Gyllenstorm beräknade körtiden till cirka 302 minuter.,<url><loc>https://pendlings-app1.t-767929534-cloudflare.workers.dev/?fran=Örebro&amp;till=Karlskrona</loc><changefreq>monthly</changefreq></url>
Örebro,Skellefteå,867,591,Avståndet mellan Örebro och Skellefteå är 867 km och Karl-Johan Gyllenstorm beräknade körtiden till cirka 591 minuter.,<url><loc>https://pendlings-app1.t-767929534-cloudflare.workers.dev/?fran=Örebro&amp;till=Skellefteå</loc><changefreq>monthly</changefreq></url>
Örebro,Uddevalla,274,186,Avståndet mellan Örebro och Uddevalla är 274 km och Karl-Johan Gyllenstorm beräknade körtiden till cirka 186 minuter.,<url><loc>https://pendlings-app1.t-767929534-cloudflare.workers.dev/?fran=Örebro&amp;till=Uddevalla</loc><changefreq>monthly</changefreq></url>
Örebro,Varberg,380,259,Avståndet mellan Örebro och Varberg är 380 km och Karl-Johan Gyllenstorm beräknade körtiden till cirka 259 minuter.,<url><loc>https://pendlings-app1.t-767929534-cloudflare.workers.dev/?fran=Örebro&amp;till=Varberg</loc><changefreq>monthly</changefreq></url>
Örebro,Motala,105,71,Avståndet mellan Örebro och Motala är 105 km och Karl-Johan Gyllenstorm beräknade körtiden till cirka 71 minuter.,<url><loc>https://pendlings-app1.t-767929534-cloudflare.workers.dev/?fran=Örebro&amp;till=Motala</loc><changefreq>monthly</changefreq></url>
Örebro,Enköping,144,98,Avståndet mellan Örebro och Enköping är 144 km och Karl-Johan Gyllenstorm beräknade körtiden till cirka 98 minuter.,<url><loc>https://pendlings-app1.t-767929534-cloudflare.workers.dev/?fran=Örebro&amp;till=Enköping</loc><changefreq>monthly</changefreq></url>
Örebro,Örnsköldsvik,619,422,Avståndet mellan Örebro och Örnsköldsvik är 619 km och Karl-Johan Gyllenstorm beräknade körtiden till cirka 422 minuter.,<url><loc>https://pendlings-app1.t-767929534-cloudflare.workers.dev/?fran=Örebro&amp;till=Örnsköldsvik</loc><changefreq>monthly</changefreq></url>
Örebro,Nyköping,151,102,Avståndet mellan Örebro och Nyköping är 151 km och Karl-Johan Gyllenstorm beräknade körtiden till cirka 102 minuter.,<url><loc>https://pendlings-app1.t-767929534-cloudflare.workers.dev/?fran=Örebro&amp;till=Nyköping</loc><changefreq>monthly</changefreq></url>
Örebro,Karlshamn,442,301,Avståndet mellan Örebro och Karlshamn är 442 km och Karl-Johan Gyllenstorm beräknade körtiden till cirka 301 minuter.,<url><loc>https://pendlings-app1.t-767929534-cloudflare.workers.dev/?fran=Örebro&amp;till=Karlshamn</loc><changefreq>monthly</changefreq></url>
Örebro,Västervik,240,163,Avståndet mellan Örebro och Västervik är 240 km och Karl-Johan Gyllenstorm beräknade körtiden till cirka 163 minuter.,<url><loc>https://pendlings-app1.t-767929534-cloudflare.workers.dev/?fran=Örebro&amp;till=Västervik</loc><changefreq>monthly</changefreq></url>
Örebro,Eslöv,510,347,Avståndet mellan Örebro och Eslöv är 510 km och Karl-Johan Gyllenstorm beräknade körtiden till cirka 347 minuter.,<url><loc>https://pendlings-app1.t-767929534-cloudflare.workers.dev/?fran=Örebro&amp;till=Eslöv</loc><changefreq>monthly</changefreq></url>
Örebro,Härnösand,513,349,Avståndet mellan Örebro och Härnösand är 513 km och Karl-Johan Gyllenstorm beräknade körtiden till cirka 349 minuter.,<url><loc>https://pendlings-app1.t-767929534-cloudflare.workers.dev/?fran=Örebro&amp;till=Härnösand</loc><changefreq>monthly</changefreq></url>
Örebro,Ystad,557,379,Avståndet mellan Örebro och Ystad är 557 km och Karl-Johan Gyllenstorm beräknade körtiden till cirka 379 minuter.,<url><loc>https://pendlings-app1.t-767929534-cloudflare.workers.dev/?fran=Örebro&amp;till=Ystad</loc><changefreq>monthly</changefreq></url>
Örebro,Katrineholm,82,70,Avståndet mellan Örebro och Katrineholm är 82 km och Karl-Johan Gyllenstorm beräknade körtiden till cirka 70 minuter.,<url><loc>https://pendlings-app1.t-767929534-cloudflare.workers.dev/?fran=Örebro&amp;till=Katrineholm</loc><changefreq>monthly</changefreq></url>
Örebro,Mariestad,129,87,Avståndet mellan Örebro och Mariestad är 129 km och Karl-Johan Gyllenstorm beräknade körtiden till cirka 87 minuter.,<url><loc>https://pendlings-app1.t-767929534-cloudflare.workers.dev/?fran=Örebro&amp;till=Mariestad</loc><changefreq>monthly</changefreq></url>
Örebro,Lidköping,186,126,Avståndet mellan Örebro och Lidköping är 186 km och Karl-Johan Gyllenstorm beräknade körtiden till cirka 126 minuter.,<url><loc>https://pendlings-app1.t-767929534-cloudflare.workers.dev/?fran=Örebro&amp;till=Lidköping</loc><changefreq>monthly</changefreq></url>
Örebro,Vänersborg,248,169,Avståndet mellan Örebro och Vänersborg är 248 km och Karl-Johan Gyllenstorm beräknade körtiden till cirka 169 minuter.,<url><loc>https://pendlings-app1.t-767929534-cloudflare.workers.dev/?fran=Örebro&amp;till=Vänersborg</loc><changefreq>monthly</changefreq></url>
Örebro,Värnamo,310,211,Avståndet mellan Örebro och Värnamo är 310 km och Karl-Johan Gyllenstorm beräknade körtiden till cirka 211 minuter.,<url><loc>https://pendlings-app1.t-767929534-cloudflare.workers.dev/?fran=Örebro&amp;till=Värnamo</loc><changefreq>monthly</changefreq></url>
Örebro,Kiruna,1260,859,Avståndet mellan Örebro och Kiruna är 1260 km och Karl-Johan Gyllenstorm beräknade körtiden till cirka 859 minuter.,<url><loc>https://pendlings-app1.t-767929534-cloudflare.workers.dev/?fran=Örebro&amp;till=Kiruna</loc><changefreq>monthly</changefreq></url>
Örebro,Hudiksvall,373,254,Avståndet mellan Örebro och Hudiksvall är 373 km och Karl-Johan Gyllenstorm beräknade körtiden till cirka 254 minuter.,<url><loc>https://pendlings-app1.t-767929534-cloudflare.workers.dev/?fran=Örebro&amp;till=Hudiksvall</loc><changefreq>monthly</changefreq></url>
Örebro,Falkenberg,394,268,Avståndet mellan Örebro och Falkenberg är 394 km och Karl-Johan Gyllenstorm beräknade körtiden till cirka 268 minuter.,<url><loc>https://pendlings-app1.t-767929534-cloudflare.workers.dev/?fran=Örebro&amp;till=Falkenberg</loc><changefreq>monthly</changefreq></url>
Örebro,Visby,447,402,Avståndet mellan Örebro och Visby är 447 km och Karl-Johan Gyllenstorm beräknade körtiden till cirka 402 minuter.,<url><loc>https://pendlings-app1.t-767929534-cloudflare.workers.dev/?fran=Örebro&amp;till=Visby</loc><changefreq>monthly</changefreq></url>
Linköping,Stockholm,222,151,Avståndet mellan Linköping och Stockholm är 222 km och Karl-Johan Gyllenstorm beräknade körtiden till cirka 151 minuter.,<url><loc>https://pendlings-app1.t-767929534-cloudflare.workers.dev/?fran=Linköping&amp;till=Stockholm</loc><changefreq>monthly</changefreq></url>
Linköping,Göteborg,292,199,Avståndet mellan Linköping och Göteborg är 292 km och Karl-Johan Gyllenstorm beräknade körtiden till cirka 199 minuter.,<url><loc>https://pendlings-app1.t-767929534-cloudflare.workers.dev/?fran=Linköping&amp;till=Göteborg</loc><changefreq>monthly</changefreq></url>
Linköping,Malmö,447,304,Avståndet mellan Linköping och Malmö är 447 km och Karl-Johan Gyllenstorm beräknade körtiden till cirka 304 minuter.,<url><loc>https://pendlings-app1.t-767929534-cloudflare.workers.dev/?fran=Linköping&amp;till=Malmö</loc><changefreq>monthly</changefreq></url>
Linköping,Uppsala,253,172,Avståndet mellan Linköping och Uppsala är 253 km och Karl-Johan Gyllenstorm beräknade körtiden till cirka 172 minuter.,<url><loc>https://pendlings-app1.t-767929534-cloudflare.workers.dev/?fran=Linköping&amp;till=Uppsala</loc><changefreq>monthly</changefreq></url>
Linköping,Västerås,183,124,Avståndet mellan Linköping och Västerås är 183 km och Karl-Johan Gyllenstorm beräknade körtiden till cirka 124 minuter.,<url><loc>https://pendlings-app1.t-767929534-cloudflare.workers.dev/?fran=Linköping&amp;till=Västerås</loc><changefreq>monthly</changefreq></url>
Linköping,Örebro,126,85,Avståndet mellan Linköping och Örebro är 126 km och Karl-Johan Gyllenstorm beräknade körtiden till cirka 85 minuter.,<url><loc>https://pendlings-app1.t-767929534-cloudflare.workers.dev/?fran=Linköping&amp;till=Örebro</loc><changefreq>monthly</changefreq></url>
Linköping,Helsingborg,404,275,Avståndet mellan Linköping och Helsingborg är 404 km och Karl-Johan Gyllenstorm beräknade körtiden till cirka 275 minuter.,<url><loc>https://pendlings-app1.t-767929534-cloudflare.workers.dev/?fran=Linköping&amp;till=Helsingborg</loc><changefreq>monthly</changefreq></url>
Linköping,Jönköping,141,96,Avståndet mellan Linköping och Jönköping är 141 km och Karl-Johan Gyllenstorm beräknade körtiden till cirka 96 minuter.,<url><loc>https://pendlings-app1.t-767929534-cloudflare.workers.dev/?fran=Linköping&amp;till=Jönköping</loc><changefreq>monthly</changefreq></url>
Linköping,Norrköping,49,42,Avståndet mellan Linköping och Norrköping är 49 km och Karl-Johan Gyllenstorm beräknade körtiden till cirka 42 minuter.,<url><loc>https://pendlings-app1.t-767929534-cloudflare.workers.dev/?fran=Linköping&amp;till=Norrköping</loc><changefreq>monthly</changefreq></url>
Linköping,Lund,428,291,Avståndet mellan Linköping och Lund är 428 km och Karl-Johan Gyllenstorm beräknade körtiden till cirka 291 minuter.,<url><loc>https://pendlings-app1.t-767929534-cloudflare.workers.dev/?fran=Linköping&amp;till=Lund</loc><changefreq>monthly</changefreq></url>
Linköping,Umeå,833,567,Avståndet mellan Linköping och Umeå är 833 km och Karl-Johan Gyllenstorm beräknade körtiden till cirka 567 minuter.,<url><loc>https://pendlings-app1.t-767929534-cloudflare.workers.dev/?fran=Linköping&amp;till=Umeå</loc><changefreq>monthly</changefreq></url>
Linköping,Gävle,340,231,Avståndet mellan Linköping och Gävle är 340 km och Karl-Johan Gyllenstorm beräknade körtiden till cirka 231 minuter.,<url><loc>https://pendlings-app1.t-767929534-cloudflare.workers.dev/?fran=Linköping&amp;till=Gävle</loc><changefreq>monthly</changefreq></url>
Linköping,Borås,224,152,Avståndet mellan Linköping och Borås är 224 km och Karl-Johan Gyllenstorm beräknade körtiden till cirka 152 minuter.,<url><loc>https://pendlings-app1.t-767929534-cloudflare.workers.dev/?fran=Linköping&amp;till=Borås</loc><changefreq>monthly</changefreq></url>
Linköping,Södertälje,185,126,Avståndet mellan Linköping och Södertälje är 185 km och Karl-Johan Gyllenstorm beräknade körtiden till cirka 126 minuter.,<url><loc>https://pendlings-app1.t-767929534-cloudflare.workers.dev/?fran=Linköping&amp;till=Södertälje</loc><changefreq>monthly</changefreq></url>
Linköping,Eskilstuna,151,102,Avståndet mellan Linköping och Eskilstuna är 151 km och Karl-Johan Gyllenstorm beräknade körtiden till cirka 102 minuter.,<url><loc>https://pendlings-app1.t-767929534-cloudflare.workers.dev/?fran=Linköping&amp;till=Eskilstuna</loc><changefreq>monthly</changefreq></url>
Linköping,Halmstad,324,220,Avståndet mellan Linköping och Halmstad är 324 km och Karl-Johan Gyllenstorm beräknade körtiden till cirka 220 minuter.,<url><loc>https://pendlings-app1.t-767929534-cloudflare.workers.dev/?fran=Linköping&amp;till=Halmstad</loc><changefreq>monthly</changefreq></url>
Linköping,Växjö,226,154,Avståndet mellan Linköping och Växjö är 226 km och Karl-Johan Gyllenstorm beräknade körtiden till cirka 154 minuter.,<url><loc>https://pendlings-app1.t-767929534-cloudflare.workers.dev/?fran=Linköping&amp;till=Växjö</loc><changefreq>monthly</changefreq></url>
Linköping,Karlstad,207,141,Avståndet mellan Linköping och Karlstad är 207 km och Karl-Johan Gyllenstorm beräknade körtiden till cirka 141 minuter.,<url><loc>https://pendlings-app1.t-767929534-cloudflare.workers.dev/?fran=Linköping&amp;till=Karlstad</loc><changefreq>monthly</changefreq></url>
Linköping,Piteå,1057,720,Avståndet mellan Linköping och Piteå är 1057 km och Karl-Johan Gyllenstorm beräknade körtiden till cirka 720 minuter.,<url><loc>https://pendlings-app1.t-767929534-cloudflare.workers.dev/?fran=Linköping&amp;till=Piteå</loc><changefreq>monthly</changefreq></url>
Linköping,Luleå,1109,756,Avståndet mellan Linköping och Luleå är 1109 km och Karl-Johan Gyllenstorm beräknade körtiden till cirka 756 minuter.,<url><loc>https://pendlings-app1.t-767929534-cloudflare.workers.dev/?fran=Linköping&amp;till=Luleå</loc><changefreq>monthly</changefreq></url>
Linköping,Trollhättan,249,169,Avståndet mellan Linköping och Trollhättan är 249 km och Karl-Johan Gyllenstorm beräknade körtiden till cirka 169 minuter.,<url><loc>https://pendlings-app1.t-767929534-cloudflare.workers.dev/?fran=Linköping&amp;till=Trollhättan</loc><changefreq>monthly</changefreq></url>
Linköping,Östersund,681,464,Avståndet mellan Linköping och Östersund är 681 km och Karl-Johan Gyllenstorm beräknade körtiden till cirka 464 minuter.,<url><loc>https://pendlings-app1.t-767929534-cloudflare.workers.dev/?fran=Linköping&amp;till=Östersund</loc><changefreq>monthly</changefreq></url>
Linköping,Borlänge,295,201,Avståndet mellan Linköping och Borlänge är 295 km och Karl-Johan Gyllenstorm beräknade körtiden till cirka 201 minuter.,<url><loc>https://pendlings-app1.t-767929534-cloudflare.workers.dev/?fran=Linköping&amp;till=Borlänge</loc><changefreq>monthly</changefreq></url>
Linköping,Falun,312,212,Avståndet mellan Linköping och Falun är 312 km och Karl-Johan Gyllenstorm beräknade körtiden till cirka 212 minuter.,<url><loc>https://pendlings-app1.t-767929534-cloudflare.workers.dev/?fran=Linköping&amp;till=Falun</loc><changefreq>monthly</changefreq></url>
Linköping,Kalmar,254,173,Avståndet mellan Linköping och Kalmar är 254 km och Karl-Johan Gyllenstorm beräknade körtiden till cirka 173 minuter.,<url><loc>https://pendlings-app1.t-767929534-cloudflare.workers.dev/?fran=Linköping&amp;till=Kalmar</loc><changefreq>monthly</changefreq></url>
Linköping,Skövde,132,90,Avståndet mellan Linköping och Skövde är 132 km och Karl-Johan Gyllenstorm beräknade körtiden till cirka 90 minuter.,<url><loc>https://pendlings-app1.t-767929534-cloudflare.workers.dev/?fran=Linköping&amp;till=Skövde</loc><changefreq>monthly</changefreq></url>
Linköping,Kristianstad,357,243,Avståndet mellan Linköping och Kristianstad är 357 km och Karl-Johan Gyllenstorm beräknade körtiden till cirka 243 minuter.,<url><loc>https://pendlings-app1.t-767929534-cloudflare.workers.dev/?fran=Linköping&amp;till=Kristianstad</loc><changefreq>monthly</changefreq></url>
Linköping,Karlskrona,320,218,Avståndet mellan Linköping och Karlskrona är 320 km och Karl-Johan Gyllenstorm beräknade körtiden till cirka 218 minuter.,<url><loc>https://pendlings-app1.t-767929534-cloudflare.workers.dev/?fran=Linköping&amp;till=Karlskrona</loc><changefreq>monthly</changefreq></url>
Linköping,Skellefteå,971,662,Avståndet mellan Linköping och Skellefteå är 971 km och Karl-Johan Gyllenstorm beräknade körtiden till cirka 662 minuter.,<url><loc>https://pendlings-app1.t-767929534-cloudflare.workers.dev/?fran=Linköping&amp;till=Skellefteå</loc><changefreq>monthly</changefreq></url>
Linköping,Uddevalla,274,186,Avståndet mellan Linköping och Uddevalla är 274 km och Karl-Johan Gyllenstorm beräknade körtiden till cirka 186 minuter.,<url><loc>https://pendlings-app1.t-767929534-cloudflare.workers.dev/?fran=Linköping&amp;till=Uddevalla</loc><changefreq>monthly</changefreq></url>
Linköping,Varberg,315,214,Avståndet mellan Linköping och Varberg är 315 km och Karl-Johan Gyllenstorm beräknade körtiden till cirka 214 minuter.,<url><loc>https://pendlings-app1.t-767929534-cloudflare.workers.dev/?fran=Linköping&amp;till=Varberg</loc><changefreq>monthly</changefreq></url>
Linköping,Motala,47,40,Avståndet mellan Linköping och Motala är 47 km och Karl-Johan Gyllenstorm beräknade körtiden till cirka 40 minuter.,<url><loc>https://pendlings-app1.t-767929534-cloudflare.workers.dev/?fran=Linköping&amp;till=Motala</loc><changefreq>monthly</changefreq></url>
Linköping,Enköping,204,139,Avståndet mellan Linköping och Enköping är 204 km och Karl-Johan Gyllenstorm beräknade körtiden till cirka 139 minuter.,<url><loc>https://pendlings-app1.t-767929534-cloudflare.workers.dev/?fran=Linköping&amp;till=Enköping</loc><changefreq>monthly</changefreq></url>
Linköping,Örnsköldsvik,726,495,Avståndet mellan Linköping och Örnsköldsvik är 726 km och Karl-Johan Gyllenstorm beräknade körtiden till cirka 495 minuter.,<url><loc>https://pendlings-app1.t-767929534-cloudflare.workers.dev/?fran=Linköping&amp;till=Örnsköldsvik</loc><changefreq>monthly</changefreq></url>
Linköping,Nyköping,113,77,Avståndet mellan Linköping och Nyköping är 113 km och Karl-Johan Gyllenstorm beräknade körtiden till cirka 77 minuter.,<url><loc>https://pendlings-app1.t-767929534-cloudflare.workers.dev/?fran=Linköping&amp;till=Nyköping</loc><changefreq>monthly</changefreq></url>
Linköping,Karlshamn,324,220,Avståndet mellan Linköping och Karlshamn är 324 km och Karl-Johan Gyllenstorm beräknade körtiden till cirka 220 minuter.,<url><loc>https://pendlings-app1.t-767929534-cloudflare.workers.dev/?fran=Linköping&amp;till=Karlshamn</loc><changefreq>monthly</changefreq></url>
Linköping,Västervik,120,81,Avståndet mellan Linköping och Västervik är 120 km och Karl-Johan Gyllenstorm beräknade körtiden till cirka 81 minuter.,<url><loc>https://pendlings-app1.t-767929534-cloudflare.workers.dev/?fran=Linköping&amp;till=Västervik</loc><changefreq>monthly</changefreq></url>
Linköping,Eslöv,407,277,Avståndet mellan Linköping och Eslöv är 407 km och Karl-Johan Gyllenstorm beräknade körtiden till cirka 277 minuter.,<url><loc>https://pendlings-app1.t-767929534-cloudflare.workers.dev/?fran=Linköping&amp;till=Eslöv</loc><changefreq>monthly</changefreq></url>
Linköping,Härnösand,622,424,Avståndet mellan Linköping och Härnösand är 622 km och Karl-Johan Gyllenstorm beräknade körtiden till cirka 424 minuter.,<url><loc>https://pendlings-app1.t-767929534-cloudflare.workers.dev/?fran=Linköping&amp;till=Härnösand</loc><changefreq>monthly</changefreq></url>
Linköping,Ystad,446,304,Avståndet mellan Linköping och Ystad är 446 km och Karl-Johan Gyllenstorm beräknade körtiden till cirka 304 minuter.,<url><loc>https://pendlings-app1.t-767929534-cloudflare.workers.dev/?fran=Linköping&amp;till=Ystad</loc><changefreq>monthly</changefreq></url>
Linköping,Katrineholm,93,79,Avståndet mellan Linköping och Katrineholm är 93 km och Karl-Johan Gyllenstorm beräknade körtiden till cirka 79 minuter.,<url><loc>https://pendlings-app1.t-767929534-cloudflare.workers.dev/?fran=Linköping&amp;till=Katrineholm</loc><changefreq>monthly</changefreq></url>
Linköping,Mariestad,140,95,Avståndet mellan Linköping och Mariestad är 140 km och Karl-Johan Gyllenstorm beräknade körtiden till cirka 95 minuter.,<url><loc>https://pendlings-app1.t-767929534-cloudflare.workers.dev/?fran=Linköping&amp;till=Mariestad</loc><changefreq>monthly</changefreq></url>
Linköping,Lidköping,183,124,Avståndet mellan Linköping och Lidköping är 183 km och Karl-Johan Gyllenstorm beräknade körtiden till cirka 124 minuter.,<url><loc>https://pendlings-app1.t-767929534-cloudflare.workers.dev/?fran=Linköping&amp;till=Lidköping</loc><changefreq>monthly</changefreq></url>
Linköping,Vänersborg,245,167,Avståndet mellan Linköping och Vänersborg är 245 km och Karl-Johan Gyllenstorm beräknade körtiden till cirka 167 minuter.,<url><loc>https://pendlings-app1.t-767929534-cloudflare.workers.dev/?fran=Linköping&amp;till=Vänersborg</loc><changefreq>monthly</changefreq></url>
Linköping,Värnamo,211,143,Avståndet mellan Linköping och Värnamo är 211 km och Karl-Johan Gyllenstorm beräknade körtiden till cirka 143 minuter.,<url><loc>https://pendlings-app1.t-767929534-cloudflare.workers.dev/?fran=Linköping&amp;till=Värnamo</loc><changefreq>monthly</changefreq></url>
Linköping,Kiruna,1375,937,Avståndet mellan Linköping och Kiruna är 1375 km och Karl-Johan Gyllenstorm beräknade körtiden till cirka 937 minuter.,<url><loc>https://pendlings-app1.t-767929534-cloudflare.workers.dev/?fran=Linköping&amp;till=Kiruna</loc><changefreq>monthly</changefreq></url>
Linköping,Hudiksvall,483,329,Avståndet mellan Linköping och Hudiksvall är 483 km och Karl-Johan Gyllenstorm beräknade körtiden till cirka 329 minuter.,<url><loc>https://pendlings-app1.t-767929534-cloudflare.workers.dev/?fran=Linköping&amp;till=Hudiksvall</loc><changefreq>monthly</changefreq></url>
Linköping,Falkenberg,320,218,Avståndet mellan Linköping och Falkenberg är 320 km och Karl-Johan Gyllenstorm beräknade körtiden till cirka 218 minuter.,<url><loc>https://pendlings-app1.t-767929534-cloudflare.workers.dev/?fran=Linköping&amp;till=Falkenberg</loc><changefreq>monthly</changefreq></url>
Linköping,Visby,349,336,Avståndet mellan Linköping och Visby är 349 km och Karl-Johan Gyllenstorm beräknade körtiden till cirka 336 minuter.,<url><loc>https://pendlings-app1.t-767929534-cloudflare.workers.dev/?fran=Linköping&amp;till=Visby</loc><changefreq>monthly</changefreq></url>
Helsingborg,Stockholm,620,422,Avståndet mellan Helsingborg och Stockholm är 620 km och Karl-Johan Gyllenstorm beräknade körtiden till cirka 422 minuter.,<url><loc>https://pendlings-app1.t-767929534-cloudflare.workers.dev/?fran=Helsingborg&amp;till=Stockholm</loc><changefreq>monthly</changefreq></url>
Helsingborg,Göteborg,243,165,Avståndet mellan Helsingborg och Göteborg är 243 km och Karl-Johan Gyllenstorm beräknade körtiden till cirka 165 minuter.,<url><loc>https://pendlings-app1.t-767929534-cloudflare.workers.dev/?fran=Helsingborg&amp;till=Göteborg</loc><changefreq>monthly</changefreq></url>
Helsingborg,Malmö,67,57,Avståndet mellan Helsingborg och Malmö är 67 km och Karl-Johan Gyllenstorm beräknade körtiden till cirka 57 minuter.,<url><loc>https://pendlings-app1.t-767929534-cloudflare.workers.dev/?fran=Helsingborg&amp;till=Malmö</loc><changefreq>monthly</changefreq></url>
Helsingborg,Uppsala,658,448,Avståndet mellan Helsingborg och Uppsala är 658 km och Karl-Johan Gyllenstorm beräknade körtiden till cirka 448 minuter.,<url><loc>https://pendlings-app1.t-767929534-cloudflare.workers.dev/?fran=Helsingborg&amp;till=Uppsala</loc><changefreq>monthly</changefreq></url>
Helsingborg,Västerås,584,398,Avståndet mellan Helsingborg och Västerås är 584 km och Karl-Johan Gyllenstorm beräknade körtiden till cirka 398 minuter.,<url><loc>https://pendlings-app1.t-767929534-cloudflare.workers.dev/?fran=Helsingborg&amp;till=Västerås</loc><changefreq>monthly</changefreq></url>
Helsingborg,Örebro,497,338,Avståndet mellan Helsingborg och Örebro är 497 km och Karl-Johan Gyllenstorm beräknade körtiden till cirka 338 minuter.,<url><loc>https://pendlings-app1.t-767929534-cloudflare.workers.dev/?fran=Helsingborg&amp;till=Örebro</loc><changefreq>monthly</changefreq></url>
Helsingborg,Linköping,404,275,Avståndet mellan Helsingborg och Linköping är 404 km och Karl-Johan Gyllenstorm beräknade körtiden till cirka 275 minuter.,<url><loc>https://pendlings-app1.t-767929534-cloudflare.workers.dev/?fran=Helsingborg&amp;till=Linköping</loc><changefreq>monthly</changefreq></url>
Helsingborg,Jönköping,272,185,Avståndet mellan Helsingborg och Jönköping är 272 km och Karl-Johan Gyllenstorm beräknade körtiden till cirka 185 minuter.,<url><loc>https://pendlings-app1.t-767929534-cloudflare.workers.dev/?fran=Helsingborg&amp;till=Jönköping</loc><changefreq>monthly</changefreq></url>
Helsingborg,Norrköping,450,306,Avståndet mellan Helsingborg och Norrköping är 450 km och Karl-Johan Gyllenstorm beräknade körtiden till cirka 306 minuter.,<url><loc>https://pendlings-app1.t-767929534-cloudflare.workers.dev/?fran=Helsingborg&amp;till=Norrköping</loc><changefreq>monthly</changefreq></url>
Helsingborg,Lund,62,53,Avståndet mellan Helsingborg och Lund är 62 km och Karl-Johan Gyllenstorm beräknade körtiden till cirka 53 minuter.,<url><loc>https://pendlings-app1.t-767929534-cloudflare.workers.dev/?fran=Helsingborg&amp;till=Lund</loc><changefreq>monthly</changefreq></url>
Helsingborg,Umeå,1229,837,Avståndet mellan Helsingborg och Umeå är 1229 km och Karl-Johan Gyllenstorm beräknade körtiden till cirka 837 minuter.,<url><loc>https://pendlings-app1.t-767929534-cloudflare.workers.dev/?fran=Helsingborg&amp;till=Umeå</loc><changefreq>monthly</changefreq></url>
Helsingborg,Gävle,737,502,Avståndet mellan Helsingborg och Gävle är 737 km och Karl-Johan Gyllenstorm beräknade körtiden till cirka 502 minuter.,<url><loc>https://pendlings-app1.t-767929534-cloudflare.workers.dev/?fran=Helsingborg&amp;till=Gävle</loc><changefreq>monthly</changefreq></url>
Helsingborg,Borås,239,162,Avståndet mellan Helsingborg och Borås är 239 km och Karl-Johan Gyllenstorm beräknade körtiden till cirka 162 minuter.,<url><loc>https://pendlings-app1.t-767929534-cloudflare.workers.dev/?fran=Helsingborg&amp;till=Borås</loc><changefreq>monthly</changefreq></url>
Helsingborg,Södertälje,584,398,Avståndet mellan Helsingborg och Södertälje är 584 km och Karl-Johan Gyllenstorm beräknade körtiden till cirka 398 minuter.,<url><loc>https://pendlings-app1.t-767929534-cloudflare.workers.dev/?fran=Helsingborg&amp;till=Södertälje</loc><changefreq>monthly</changefreq></url>
Helsingborg,Eskilstuna,554,377,Avståndet mellan Helsingborg och Eskilstuna är 554 km och Karl-Johan Gyllenstorm beräknade körtiden till cirka 377 minuter.,<url><loc>https://pendlings-app1.t-767929534-cloudflare.workers.dev/?fran=Helsingborg&amp;till=Eskilstuna</loc><changefreq>monthly</changefreq></url>
Helsingborg,Halmstad,90,77,Avståndet mellan Helsingborg och Halmstad är 90 km och Karl-Johan Gyllenstorm beräknade körtiden till cirka 77 minuter.,<url><loc>https://pendlings-app1.t-767929534-cloudflare.workers.dev/?fran=Helsingborg&amp;till=Halmstad</loc><changefreq>monthly</changefreq></url>
Helsingborg,Växjö,204,139,Avståndet mellan Helsingborg och Växjö är 204 km och Karl-Johan Gyllenstorm beräknade körtiden till cirka 139 minuter.,<url><loc>https://pendlings-app1.t-767929534-cloudflare.workers.dev/?fran=Helsingborg&amp;till=Växjö</loc><changefreq>monthly</changefreq></url>
Helsingborg,Karlstad,478,325,Avståndet mellan Helsingborg och Karlstad är 478 km och Karl-Johan Gyllenstorm beräknade körtiden till cirka 325 minuter.,<url><loc>https://pendlings-app1.t-767929534-cloudflare.workers.dev/?fran=Helsingborg&amp;till=Karlstad</loc><changefreq>monthly</changefreq></url>
Helsingborg,Piteå,1451,989,Avståndet mellan Helsingborg och Piteå är 1451 km och Karl-Johan Gyllenstorm beräknade körtiden till cirka 989 minuter.,<url><loc>https://pendlings-app1.t-767929534-cloudflare.workers.dev/?fran=Helsingborg&amp;till=Piteå</loc><changefreq>monthly</changefreq></url>
Helsingborg,Luleå,1504,1025,Avståndet mellan Helsingborg och Luleå är 1504 km och Karl-Johan Gyllenstorm beräknade körtiden till cirka 1025 minuter.,<url><loc>https://pendlings-app1.t-767929534-cloudflare.workers.dev/?fran=Helsingborg&amp;till=Luleå</loc><changefreq>monthly</changefreq></url>
Helsingborg,Trollhättan,319,217,Avståndet mellan Helsingborg och Trollhättan är 319 km och Karl-Johan Gyllenstorm beräknade körtiden till cirka 217 minuter.,<url><loc>https://pendlings-app1.t-767929534-cloudflare.workers.dev/?fran=Helsingborg&amp;till=Trollhättan</loc><changefreq>monthly</changefreq></url>
Helsingborg,Östersund,1024,698,Avståndet mellan Helsingborg och Östersund är 1024 km och Karl-Johan Gyllenstorm beräknade körtiden till cirka 698 minuter.,<url><loc>https://pendlings-app1.t-767929534-cloudflare.workers.dev/?fran=Helsingborg&amp;till=Östersund</loc><changefreq>monthly</changefreq></url>
Helsingborg,Borlänge,663,452,Avståndet mellan Helsingborg och Borlänge är 663 km och Karl-Johan Gyllenstorm beräknade körtiden till cirka 452 minuter.,<url><loc>https://pendlings-app1.t-767929534-cloudflare.workers.dev/?fran=Helsingborg&amp;till=Borlänge</loc><changefreq>monthly</changefreq></url>
Helsingborg,Falun,684,466,Avståndet mellan Helsingborg och Falun är 684 km och Karl-Johan Gyllenstorm beräknade körtiden till cirka 466 minuter.,<url><loc>https://pendlings-app1.t-767929534-cloudflare.workers.dev/?fran=Helsingborg&amp;till=Falun</loc><changefreq>monthly</changefreq></url>
Helsingborg,Kalmar,301,205,Avståndet mellan Helsingborg och Kalmar är 301 km och Karl-Johan Gyllenstorm beräknade körtiden till cirka 205 minuter.,<url><loc>https://pendlings-app1.t-767929534-cloudflare.workers.dev/?fran=Helsingborg&amp;till=Kalmar</loc><changefreq>monthly</changefreq></url>
Helsingborg,Skövde,345,235,Avståndet mellan Helsingborg och Skövde är 345 km och Karl-Johan Gyllenstorm beräknade körtiden till cirka 235 minuter.,<url><loc>https://pendlings-app1.t-767929534-cloudflare.workers.dev/?fran=Helsingborg&amp;till=Skövde</loc><changefreq>monthly</changefreq></url>
Helsingborg,Kristianstad,116,79,Avståndet mellan Helsingborg och Kristianstad är 116 km och Karl-Johan Gyllenstorm beräknade körtiden till cirka 79 minuter.,<url><loc>https://pendlings-app1.t-767929534-cloudflare.workers.dev/?fran=Helsingborg&amp;till=Kristianstad</loc><changefreq>monthly</changefreq></url>
Helsingborg,Karlskrona,230,156,Avståndet mellan Helsingborg och Karlskrona är 230 km och Karl-Johan Gyllenstorm beräknade körtiden till cirka 156 minuter.,<url><loc>https://pendlings-app1.t-767929534-cloudflare.workers.dev/?fran=Helsingborg&amp;till=Karlskrona</loc><changefreq>monthly</changefreq></url>
Helsingborg,Skellefteå,1365,930,Avståndet mellan Helsingborg och Skellefteå är 1365 km och Karl-Johan Gyllenstorm beräknade körtiden till cirka 930 minuter.,<url><loc>https://pendlings-app1.t-767929534-cloudflare.workers.dev/?fran=Helsingborg&amp;till=Skellefteå</loc><changefreq>monthly</changefreq></url>
Helsingborg,Uddevalla,333,227,Avståndet mellan Helsingborg och Uddevalla är 333 km och Karl-Johan Gyllenstorm beräknade körtiden till cirka 227 minuter.,<url><loc>https://pendlings-app1.t-767929534-cloudflare.workers.dev/?fran=Helsingborg&amp;till=Uddevalla</loc><changefreq>monthly</changefreq></url>
Helsingborg,Varberg,154,105,Avståndet mellan Helsingborg och Varberg är 154 km och Karl-Johan Gyllenstorm beräknade körtiden till cirka 105 minuter.,<url><loc>https://pendlings-app1.t-767929534-cloudflare.workers.dev/?fran=Helsingborg&amp;till=Varberg</loc><changefreq>monthly</changefreq></url>
Helsingborg,Motala,397,270,Avståndet mellan Helsingborg och Motala är 397 km och Karl-Johan Gyllenstorm beräknade körtiden till cirka 270 minuter.,<url><loc>https://pendlings-app1.t-767929534-cloudflare.workers.dev/?fran=Helsingborg&amp;till=Motala</loc><changefreq>monthly</changefreq></url>
Helsingborg,Enköping,609,415,Avståndet mellan Helsingborg och Enköping är 609 km och Karl-Johan Gyllenstorm beräknade körtiden till cirka 415 minuter.,<url><loc>https://pendlings-app1.t-767929534-cloudflare.workers.dev/?fran=Helsingborg&amp;till=Enköping</loc><changefreq>monthly</changefreq></url>
Helsingborg,Örnsköldsvik,1117,761,Avståndet mellan Helsingborg och Örnsköldsvik är 1117 km och Karl-Johan Gyllenstorm beräknade körtiden till cirka 761 minuter.,<url><loc>https://pendlings-app1.t-767929534-cloudflare.workers.dev/?fran=Helsingborg&amp;till=Örnsköldsvik</loc><changefreq>monthly</changefreq></url>
Helsingborg,Nyköping,507,345,Avståndet mellan Helsingborg och Nyköping är 507 km och Karl-Johan Gyllenstorm beräknade körtiden till cirka 345 minuter.,<url><loc>https://pendlings-app1.t-767929534-cloudflare.workers.dev/?fran=Helsingborg&amp;till=Nyköping</loc><changefreq>monthly</changefreq></url>
Helsingborg,Karlshamn,172,117,Avståndet mellan Helsingborg och Karlshamn är 172 km och Karl-Johan Gyllenstorm beräknade körtiden till cirka 117 minuter.,<url><loc>https://pendlings-app1.t-767929534-cloudflare.workers.dev/?fran=Helsingborg&amp;till=Karlshamn</loc><changefreq>monthly</changefreq></url>
Helsingborg,Västervik,391,266,Avståndet mellan Helsingborg och Västervik är 391 km och Karl-Johan Gyllenstorm beräknade körtiden till cirka 266 minuter.,<url><loc>https://pendlings-app1.t-767929534-cloudflare.workers.dev/?fran=Helsingborg&amp;till=Västervik</loc><changefreq>monthly</changefreq></url>
Helsingborg,Eslöv,56,48,Avståndet mellan Helsingborg och Eslöv är 56 km och Karl-Johan Gyllenstorm beräknade körtiden till cirka 48 minuter.,<url><loc>https://pendlings-app1.t-767929534-cloudflare.workers.dev/?fran=Helsingborg&amp;till=Eslöv</loc><changefreq>monthly</changefreq></url>
Helsingborg,Härnösand,1010,688,Avståndet mellan Helsingborg och Härnösand är 1010 km och Karl-Johan Gyllenstorm beräknade körtiden till cirka 688 minuter.,<url><loc>https://pendlings-app1.t-767929534-cloudflare.workers.dev/?fran=Helsingborg&amp;till=Härnösand</loc><changefreq>monthly</changefreq></url>
Helsingborg,Ystad,125,85,Avståndet mellan Helsingborg och Ystad är 125 km och Karl-Johan Gyllenstorm beräknade körtiden till cirka 85 minuter.,<url><loc>https://pendlings-app1.t-767929534-cloudflare.workers.dev/?fran=Helsingborg&amp;till=Ystad</loc><changefreq>monthly</changefreq></url>
Helsingborg,Katrineholm,498,339,Avståndet mellan Helsingborg och Katrineholm är 498 km och Karl-Johan Gyllenstorm beräknade körtiden till cirka 339 minuter.,<url><loc>https://pendlings-app1.t-767929534-cloudflare.workers.dev/?fran=Helsingborg&amp;till=Katrineholm</loc><changefreq>monthly</changefreq></url>
Helsingborg,Mariestad,388,264,Avståndet mellan Helsingborg och Mariestad är 388 km och Karl-Johan Gyllenstorm beräknade körtiden till cirka 264 minuter.,<url><loc>https://pendlings-app1.t-767929534-cloudflare.workers.dev/?fran=Helsingborg&amp;till=Mariestad</loc><changefreq>monthly</changefreq></url>
Helsingborg,Lidköping,351,239,Avståndet mellan Helsingborg och Lidköping är 351 km och Karl-Johan Gyllenstorm beräknade körtiden till cirka 239 minuter.,<url><loc>https://pendlings-app1.t-767929534-cloudflare.workers.dev/?fran=Helsingborg&amp;till=Lidköping</loc><changefreq>monthly</changefreq></url>
Helsingborg,Vänersborg,332,226,Avståndet mellan Helsingborg och Vänersborg är 332 km och Karl-Johan Gyllenstorm beräknade körtiden till cirka 226 minuter.,<url><loc>https://pendlings-app1.t-767929534-cloudflare.workers.dev/?fran=Helsingborg&amp;till=Vänersborg</loc><changefreq>monthly</changefreq></url>
Helsingborg,Värnamo,193,131,Avståndet mellan Helsingborg och Värnamo är 193 km och Karl-Johan Gyllenstorm beräknade körtiden till cirka 131 minuter.,<url><loc>https://pendlings-app1.t-767929534-cloudflare.workers.dev/?fran=Helsingborg&amp;till=Värnamo</loc><changefreq>monthly</changefreq></url>
Helsingborg,Kiruna,1751,1193,Avståndet mellan Helsingborg och Kiruna är 1751 km och Karl-Johan Gyllenstorm beräknade körtiden till cirka 1193 minuter.,<url><loc>https://pendlings-app1.t-767929534-cloudflare.workers.dev/?fran=Helsingborg&amp;till=Kiruna</loc><changefreq>monthly</changefreq></url>
Helsingborg,Hudiksvall,870,593,Avståndet mellan Helsingborg och Hudiksvall är 870 km och Karl-Johan Gyllenstorm beräknade körtiden till cirka 593 minuter.,<url><loc>https://pendlings-app1.t-767929534-cloudflare.workers.dev/?fran=Helsingborg&amp;till=Hudiksvall</loc><changefreq>monthly</changefreq></url>
Helsingborg,Falkenberg,123,83,Avståndet mellan Helsingborg och Falkenberg är 123 km och Karl-Johan Gyllenstorm beräknade körtiden till cirka 83 minuter.,<url><loc>https://pendlings-app1.t-767929534-cloudflare.workers.dev/?fran=Helsingborg&amp;till=Falkenberg</loc><changefreq>monthly</changefreq></url>
Helsingborg,Visby,610,514,Avståndet mellan Helsingborg och Visby är 610 km och Karl-Johan Gyllenstorm beräknade körtiden till cirka 514 minuter.,<url><loc>https://pendlings-app1.t-767929534-cloudflare.workers.dev/?fran=Helsingborg&amp;till=Visby</loc><changefreq>monthly</changefreq></url>
Jönköping,Stockholm,364,248,Avståndet mellan Jönköping och Stockholm är 364 km och Karl-Johan Gyllenstorm beräknade körtiden till cirka 248 minuter.,<url><loc>https://pendlings-app1.t-767929534-cloudflare.workers.dev/?fran=Jönköping&amp;till=Stockholm</loc><changefreq>monthly</changefreq></url>
Jönköping,Göteborg,166,113,Avståndet mellan Jönköping och Göteborg är 166 km och Karl-Johan Gyllenstorm beräknade körtiden till cirka 113 minuter.,<url><loc>https://pendlings-app1.t-767929534-cloudflare.workers.dev/?fran=Jönköping&amp;till=Göteborg</loc><changefreq>monthly</changefreq></url>
Jönköping,Malmö,322,219,Avståndet mellan Jönköping och Malmö är 322 km och Karl-Johan Gyllenstorm beräknade körtiden till cirka 219 minuter.,<url><loc>https://pendlings-app1.t-767929534-cloudflare.workers.dev/?fran=Jönköping&amp;till=Malmö</loc><changefreq>monthly</changefreq></url>
Jönköping,Uppsala,390,265,Avståndet mellan Jönköping och Uppsala är 390 km och Karl-Johan Gyllenstorm beräknade körtiden till cirka 265 minuter.,<url><loc>https://pendlings-app1.t-767929534-cloudflare.workers.dev/?fran=Jönköping&amp;till=Uppsala</loc><changefreq>monthly</changefreq></url>
Jönköping,Västerås,314,214,Avståndet mellan Jönköping och Västerås är 314 km och Karl-Johan Gyllenstorm beräknade körtiden till cirka 214 minuter.,<url><loc>https://pendlings-app1.t-767929534-cloudflare.workers.dev/?fran=Jönköping&amp;till=Västerås</loc><changefreq>monthly</changefreq></url>
Jönköping,Örebro,226,154,Avståndet mellan Jönköping och Örebro är 226 km och Karl-Johan Gyllenstorm beräknade körtiden till cirka 154 minuter.,<url><loc>https://pendlings-app1.t-767929534-cloudflare.workers.dev/?fran=Jönköping&amp;till=Örebro</loc><changefreq>monthly</changefreq></url>
Jönköping,Linköping,141,96,Avståndet mellan Jönköping och Linköping är 141 km och Karl-Johan Gyllenstorm beräknade körtiden till cirka 96 minuter.,<url><loc>https://pendlings-app1.t-767929534-cloudflare.workers.dev/?fran=Jönköping&amp;till=Linköping</loc><changefreq>monthly</changefreq></url>
Jönköping,Helsingborg,272,185,Avståndet mellan Jönköping och Helsingborg är 272 km och Karl-Johan Gyllenstorm beräknade körtiden till cirka 185 minuter.,<url><loc>https://pendlings-app1.t-767929534-cloudflare.workers.dev/?fran=Jönköping&amp;till=Helsingborg</loc><changefreq>monthly</changefreq></url>
Jönköping,Norrköping,190,129,Avståndet mellan Jönköping och Norrköping är 190 km och Karl-Johan Gyllenstorm beräknade körtiden till cirka 129 minuter.,<url><loc>https://pendlings-app1.t-767929534-cloudflare.workers.dev/?fran=Jönköping&amp;till=Norrköping</loc><changefreq>monthly</changefreq></url>
Jönköping,Lund,305,207,Avståndet mellan Jönköping och Lund är 305 km och Karl-Johan Gyllenstorm beräknade körtiden till cirka 207 minuter.,<url><loc>https://pendlings-app1.t-767929534-cloudflare.workers.dev/?fran=Jönköping&amp;till=Lund</loc><changefreq>monthly</changefreq></url>
Jönköping,Umeå,957,652,Avståndet mellan Jönköping och Umeå är 957 km och Karl-Johan Gyllenstorm beräknade körtiden till cirka 652 minuter.,<url><loc>https://pendlings-app1.t-767929534-cloudflare.workers.dev/?fran=Jönköping&amp;till=Umeå</loc><changefreq>monthly</changefreq></url>
Jönköping,Gävle,465,317,Avståndet mellan Jönköping och Gävle är 465 km och Karl-Johan Gyllenstorm beräknade körtiden till cirka 317 minuter.,<url><loc>https://pendlings-app1.t-767929534-cloudflare.workers.dev/?fran=Jönköping&amp;till=Gävle</loc><changefreq>monthly</changefreq></url>
Jönköping,Borås,93,79,Avståndet mellan Jönköping och Borås är 93 km och Karl-Johan Gyllenstorm beräknade körtiden till cirka 79 minuter.,<url><loc>https://pendlings-app1.t-767929534-cloudflare.workers.dev/?fran=Jönköping&amp;till=Borås</loc><changefreq>monthly</changefreq></url>
Jönköping,Södertälje,326,222,Avståndet mellan Jönköping och Södertälje är 326 km och Karl-Johan Gyllenstorm beräknade körtiden till cirka 222 minuter.,<url><loc>https://pendlings-app1.t-767929534-cloudflare.workers.dev/?fran=Jönköping&amp;till=Södertälje</loc><changefreq>monthly</changefreq></url>
Jönköping,Eskilstuna,285,194,Avståndet mellan Jönköping och Eskilstuna är 285 km och Karl-Johan Gyllenstorm beräknade körtiden till cirka 194 minuter.,<url><loc>https://pendlings-app1.t-767929534-cloudflare.workers.dev/?fran=Jönköping&amp;till=Eskilstuna</loc><changefreq>monthly</changefreq></url>
Jönköping,Halmstad,187,127,Avståndet mellan Jönköping och Halmstad är 187 km och Karl-Johan Gyllenstorm beräknade körtiden till cirka 127 minuter.,<url><loc>https://pendlings-app1.t-767929534-cloudflare.workers.dev/?fran=Jönköping&amp;till=Halmstad</loc><changefreq>monthly</changefreq></url>
Jönköping,Växjö,138,94,Avståndet mellan Jönköping och Växjö är 138 km och Karl-Johan Gyllenstorm beräknade körtiden till cirka 94 minuter.,<url><loc>https://pendlings-app1.t-767929534-cloudflare.workers.dev/?fran=Jönköping&amp;till=Växjö</loc><changefreq>monthly</changefreq></url>
Jönköping,Karlstad,232,158,Avståndet mellan Jönköping och Karlstad är 232 km och Karl-Johan Gyllenstorm beräknade körtiden till cirka 158 minuter.,<url><loc>https://pendlings-app1.t-767929534-cloudflare.workers.dev/?fran=Jönköping&amp;till=Karlstad</loc><changefreq>monthly</changefreq></url>
Jönköping,Piteå,1179,803,Avståndet mellan Jönköping och Piteå är 1179 km och Karl-Johan Gyllenstorm beräknade körtiden till cirka 803 minuter.,<url><loc>https://pendlings-app1.t-767929534-cloudflare.workers.dev/?fran=Jönköping&amp;till=Piteå</loc><changefreq>monthly</changefreq></url>
Jönköping,Luleå,1232,840,Avståndet mellan Jönköping och Luleå är 1232 km och Karl-Johan Gyllenstorm beräknade körtiden till cirka 840 minuter.,<url><loc>https://pendlings-app1.t-767929534-cloudflare.workers.dev/?fran=Jönköping&amp;till=Luleå</loc><changefreq>monthly</changefreq></url>
Jönköping,Trollhättan,158,107,Avståndet mellan Jönköping och Trollhättan är 158 km och Karl-Johan Gyllenstorm beräknade körtiden till cirka 107 minuter.,<url><loc>https://pendlings-app1.t-767929534-cloudflare.workers.dev/?fran=Jönköping&amp;till=Trollhättan</loc><changefreq>monthly</changefreq></url>
Jönköping,Östersund,768,523,Avståndet mellan Jönköping och Östersund är 768 km och Karl-Johan Gyllenstorm beräknade körtiden till cirka 523 minuter.,<url><loc>https://pendlings-app1.t-767929534-cloudflare.workers.dev/?fran=Jönköping&amp;till=Östersund</loc><changefreq>monthly</changefreq></url>
Jönköping,Borlänge,395,269,Avståndet mellan Jönköping och Borlänge är 395 km och Karl-Johan Gyllenstorm beräknade körtiden till cirka 269 minuter.,<url><loc>https://pendlings-app1.t-767929534-cloudflare.workers.dev/?fran=Jönköping&amp;till=Borlänge</loc><changefreq>monthly</changefreq></url>
Jönköping,Falun,415,282,Avståndet mellan Jönköping och Falun är 415 km och Karl-Johan Gyllenstorm beräknade körtiden till cirka 282 minuter.,<url><loc>https://pendlings-app1.t-767929534-cloudflare.workers.dev/?fran=Jönköping&amp;till=Falun</loc><changefreq>monthly</changefreq></url>
Jönköping,Kalmar,232,158,Avståndet mellan Jönköping och Kalmar är 232 km och Karl-Johan Gyllenstorm beräknade körtiden till cirka 158 minuter.,<url><loc>https://pendlings-app1.t-767929534-cloudflare.workers.dev/?fran=Jönköping&amp;till=Kalmar</loc><changefreq>monthly</changefreq></url>
Jönköping,Skövde,89,76,Avståndet mellan Jönköping och Skövde är 89 km och Karl-Johan Gyllenstorm beräknade körtiden till cirka 76 minuter.,<url><loc>https://pendlings-app1.t-767929534-cloudflare.workers.dev/?fran=Jönköping&amp;till=Skövde</loc><changefreq>monthly</changefreq></url>
Jönköping,Kristianstad,249,169,Avståndet mellan Jönköping och Kristianstad är 249 km och Karl-Johan Gyllenstorm beräknade körtiden till cirka 169 minuter.,<url><loc>https://pendlings-app1.t-767929534-cloudflare.workers.dev/?fran=Jönköping&amp;till=Kristianstad</loc><changefreq>monthly</changefreq></url>
Jönköping,Karlskrona,255,173,Avståndet mellan Jönköping och Karlskrona är 255 km och Karl-Johan Gyllenstorm beräknade körtiden till cirka 173 minuter.,<url><loc>https://pendlings-app1.t-767929534-cloudflare.workers.dev/?fran=Jönköping&amp;till=Karlskrona</loc><changefreq>monthly</changefreq></url>
Jönköping,Skellefteå,1093,745,Avståndet mellan Jönköping och Skellefteå är 1093 km och Karl-Johan Gyllenstorm beräknade körtiden till cirka 745 minuter.,<url><loc>https://pendlings-app1.t-767929534-cloudflare.workers.dev/?fran=Jönköping&amp;till=Skellefteå</loc><changefreq>monthly</changefreq></url>
Jönköping,Uddevalla,185,126,Avståndet mellan Jönköping och Uddevalla är 185 km och Karl-Johan Gyllenstorm beräknade körtiden till cirka 126 minuter.,<url><loc>https://pendlings-app1.t-767929534-cloudflare.workers.dev/?fran=Jönköping&amp;till=Uddevalla</loc><changefreq>monthly</changefreq></url>
Jönköping,Varberg,175,119,Avståndet mellan Jönköping och Varberg är 175 km och Karl-Johan Gyllenstorm beräknade körtiden till cirka 119 minuter.,<url><loc>https://pendlings-app1.t-767929534-cloudflare.workers.dev/?fran=Jönköping&amp;till=Varberg</loc><changefreq>monthly</changefreq></url>
Jönköping,Motala,125,85,Avståndet mellan Jönköping och Motala är 125 km och Karl-Johan Gyllenstorm beräknade körtiden till cirka 85 minuter.,<url><loc>https://pendlings-app1.t-767929534-cloudflare.workers.dev/?fran=Jönköping&amp;till=Motala</loc><changefreq>monthly</changefreq></url>
Jönköping,Enköping,340,231,Avståndet mellan Jönköping och Enköping är 340 km och Karl-Johan Gyllenstorm beräknade körtiden till cirka 231 minuter.,<url><loc>https://pendlings-app1.t-767929534-cloudflare.workers.dev/?fran=Jönköping&amp;till=Enköping</loc><changefreq>monthly</changefreq></url>
Jönköping,Örnsköldsvik,845,576,Avståndet mellan Jönköping och Örnsköldsvik är 845 km och Karl-Johan Gyllenstorm beräknade körtiden till cirka 576 minuter.,<url><loc>https://pendlings-app1.t-767929534-cloudflare.workers.dev/?fran=Jönköping&amp;till=Örnsköldsvik</loc><changefreq>monthly</changefreq></url>
Jönköping,Nyköping,253,172,Avståndet mellan Jönköping och Nyköping är 253 km och Karl-Johan Gyllenstorm beräknade körtiden till cirka 172 minuter.,<url><loc>https://pendlings-app1.t-767929534-cloudflare.workers.dev/?fran=Jönköping&amp;till=Nyköping</loc><changefreq>monthly</changefreq></url>
Jönköping,Karlshamn,235,160,Avståndet mellan Jönköping och Karlshamn är 235 km och Karl-Johan Gyllenstorm beräknade körtiden till cirka 160 minuter.,<url><loc>https://pendlings-app1.t-767929534-cloudflare.workers.dev/?fran=Jönköping&amp;till=Karlshamn</loc><changefreq>monthly</changefreq></url>
Jönköping,Västervik,187,127,Avståndet mellan Jönköping och Västervik är 187 km och Karl-Johan Gyllenstorm beräknade körtiden till cirka 127 minuter.,<url><loc>https://pendlings-app1.t-767929534-cloudflare.workers.dev/?fran=Jönköping&amp;till=Västervik</loc><changefreq>monthly</changefreq></url>
Jönköping,Eslöv,284,193,Avståndet mellan Jönköping och Eslöv är 284 km och Karl-Johan Gyllenstorm beräknade körtiden till cirka 193 minuter.,<url><loc>https://pendlings-app1.t-767929534-cloudflare.workers.dev/?fran=Jönköping&amp;till=Eslöv</loc><changefreq>monthly</changefreq></url>
Jönköping,Härnösand,739,503,Avståndet mellan Jönköping och Härnösand är 739 km och Karl-Johan Gyllenstorm beräknade körtiden till cirka 503 minuter.,<url><loc>https://pendlings-app1.t-767929534-cloudflare.workers.dev/?fran=Jönköping&amp;till=Härnösand</loc><changefreq>monthly</changefreq></url>
Jönköping,Ystad,336,229,Avståndet mellan Jönköping och Ystad är 336 km och Karl-Johan Gyllenstorm beräknade körtiden till cirka 229 minuter.,<url><loc>https://pendlings-app1.t-767929534-cloudflare.workers.dev/?fran=Jönköping&amp;till=Ystad</loc><changefreq>monthly</changefreq></url>
Jönköping,Katrineholm,230,156,Avståndet mellan Jönköping och Katrineholm är 230 km och Karl-Johan Gyllenstorm beräknade körtiden till cirka 156 minuter.,<url><loc>https://pendlings-app1.t-767929534-cloudflare.workers.dev/?fran=Jönköping&amp;till=Katrineholm</loc><changefreq>monthly</changefreq></url>
Jönköping,Mariestad,134,91,Avståndet mellan Jönköping och Mariestad är 134 km och Karl-Johan Gyllenstorm beräknade körtiden till cirka 91 minuter.,<url><loc>https://pendlings-app1.t-767929534-cloudflare.workers.dev/?fran=Jönköping&amp;till=Mariestad</loc><changefreq>monthly</changefreq></url>
Jönköping,Lidköping,127,86,Avståndet mellan Jönköping och Lidköping är 127 km och Karl-Johan Gyllenstorm beräknade körtiden till cirka 86 minuter.,<url><loc>https://pendlings-app1.t-767929534-cloudflare.workers.dev/?fran=Jönköping&amp;till=Lidköping</loc><changefreq>monthly</changefreq></url>
Jönköping,Vänersborg,161,109,Avståndet mellan Jönköping och Vänersborg är 161 km och Karl-Johan Gyllenstorm beräknade körtiden till cirka 109 minuter.,<url><loc>https://pendlings-app1.t-767929534-cloudflare.workers.dev/?fran=Jönköping&amp;till=Vänersborg</loc><changefreq>monthly</changefreq></url>
Jönköping,Värnamo,85,72,Avståndet mellan Jönköping och Värnamo är 85 km och Karl-Johan Gyllenstorm beräknade körtiden till cirka 72 minuter.,<url><loc>https://pendlings-app1.t-767929534-cloudflare.workers.dev/?fran=Jönköping&amp;till=Värnamo</loc><changefreq>monthly</changefreq></url>
Jönköping,Kiruna,1485,1012,Avståndet mellan Jönköping och Kiruna är 1485 km och Karl-Johan Gyllenstorm beräknade körtiden till cirka 1012 minuter.,<url><loc>https://pendlings-app1.t-767929534-cloudflare.workers.dev/?fran=Jönköping&amp;till=Kiruna</loc><changefreq>monthly</changefreq></url>
Jönköping,Hudiksvall,599,408,Avståndet mellan Jönköping och Hudiksvall är 599 km och Karl-Johan Gyllenstorm beräknade körtiden till cirka 408 minuter.,<url><loc>https://pendlings-app1.t-767929534-cloudflare.workers.dev/?fran=Jönköping&amp;till=Hudiksvall</loc><changefreq>monthly</changefreq></url>
Jönköping,Falkenberg,179,122,Avståndet mellan Jönköping och Falkenberg är 179 km och Karl-Johan Gyllenstorm beräknade körtiden till cirka 122 minuter.,<url><loc>https://pendlings-app1.t-767929534-cloudflare.workers.dev/?fran=Jönköping&amp;till=Falkenberg</loc><changefreq>monthly</changefreq></url>
Jönköping,Visby,434,394,Avståndet mellan Jönköping och Visby är 434 km och Karl-Johan Gyllenstorm beräknade körtiden till cirka 394 minuter.,<url><loc>https://pendlings-app1.t-767929534-cloudflare.workers.dev/?fran=Jönköping&amp;till=Visby</loc><changefreq>monthly</changefreq></url>
Norrköping,Stockholm,173,117,Avståndet mellan Norrköping och Stockholm är 173 km och Karl-Johan Gyllenstorm beräknade körtiden till cirka 117 minuter.,<url><loc>https://pendlings-app1.t-767929534-cloudflare.workers.dev/?fran=Norrköping&amp;till=Stockholm</loc><changefreq>monthly</changefreq></url>
Norrköping,Göteborg,340,231,Avståndet mellan Norrköping och Göteborg är 340 km och Karl-Johan Gyllenstorm beräknade körtiden till cirka 231 minuter.,<url><loc>https://pendlings-app1.t-767929534-cloudflare.workers.dev/?fran=Norrköping&amp;till=Göteborg</loc><changefreq>monthly</changefreq></url>
Norrköping,Malmö,490,334,Avståndet mellan Norrköping och Malmö är 490 km och Karl-Johan Gyllenstorm beräknade körtiden till cirka 334 minuter.,<url><loc>https://pendlings-app1.t-767929534-cloudflare.workers.dev/?fran=Norrköping&amp;till=Malmö</loc><changefreq>monthly</changefreq></url>
Norrköping,Uppsala,209,142,Avståndet mellan Norrköping och Uppsala är 209 km och Karl-Johan Gyllenstorm beräknade körtiden till cirka 142 minuter.,<url><loc>https://pendlings-app1.t-767929534-cloudflare.workers.dev/?fran=Norrköping&amp;till=Uppsala</loc><changefreq>monthly</changefreq></url>
Norrköping,Västerås,147,100,Avståndet mellan Norrköping och Västerås är 147 km och Karl-Johan Gyllenstorm beräknade körtiden till cirka 100 minuter.,<url><loc>https://pendlings-app1.t-767929534-cloudflare.workers.dev/?fran=Norrköping&amp;till=Västerås</loc><changefreq>monthly</changefreq></url>
Norrköping,Örebro,121,82,Avståndet mellan Norrköping och Örebro är 121 km och Karl-Johan Gyllenstorm beräknade körtiden till cirka 82 minuter.,<url><loc>https://pendlings-app1.t-767929534-cloudflare.workers.dev/?fran=Norrköping&amp;till=Örebro</loc><changefreq>monthly</changefreq></url>
Norrköping,Linköping,49,42,Avståndet mellan Norrköping och Linköping är 49 km och Karl-Johan Gyllenstorm beräknade körtiden till cirka 42 minuter.,<url><loc>https://pendlings-app1.t-767929534-cloudflare.workers.dev/?fran=Norrköping&amp;till=Linköping</loc><changefreq>monthly</changefreq></url>
Norrköping,Helsingborg,450,306,Avståndet mellan Norrköping och Helsingborg är 450 km och Karl-Johan Gyllenstorm beräknade körtiden till cirka 306 minuter.,<url><loc>https://pendlings-app1.t-767929534-cloudflare.workers.dev/?fran=Norrköping&amp;till=Helsingborg</loc><changefreq>monthly</changefreq></url>
Norrköping,Jönköping,190,129,Avståndet mellan Norrköping och Jönköping är 190 km och Karl-Johan Gyllenstorm beräknade körtiden till cirka 129 minuter.,<url><loc>https://pendlings-app1.t-767929534-cloudflare.workers.dev/?fran=Norrköping&amp;till=Jönköping</loc><changefreq>monthly</changefreq></url>
Norrköping,Lund,470,320,Avståndet mellan Norrköping och Lund är 470 km och Karl-Johan Gyllenstorm beräknade körtiden till cirka 320 minuter.,<url><loc>https://pendlings-app1.t-767929534-cloudflare.workers.dev/?fran=Norrköping&amp;till=Lund</loc><changefreq>monthly</changefreq></url>
Norrköping,Umeå,795,542,Avståndet mellan Norrköping och Umeå är 795 km och Karl-Johan Gyllenstorm beräknade körtiden till cirka 542 minuter.,<url><loc>https://pendlings-app1.t-767929534-cloudflare.workers.dev/?fran=Norrköping&amp;till=Umeå</loc><changefreq>monthly</changefreq></url>
Norrköping,Gävle,304,207,Avståndet mellan Norrköping och Gävle är 304 km och Karl-Johan Gyllenstorm beräknade körtiden till cirka 207 minuter.,<url><loc>https://pendlings-app1.t-767929534-cloudflare.workers.dev/?fran=Norrköping&amp;till=Gävle</loc><changefreq>monthly</changefreq></url>
Norrköping,Borås,273,186,Avståndet mellan Norrköping och Borås är 273 km och Karl-Johan Gyllenstorm beräknade körtiden till cirka 186 minuter.,<url><loc>https://pendlings-app1.t-767929534-cloudflare.workers.dev/?fran=Norrköping&amp;till=Borås</loc><changefreq>monthly</changefreq></url>
Norrköping,Södertälje,136,92,Avståndet mellan Norrköping och Södertälje är 136 km och Karl-Johan Gyllenstorm beräknade körtiden till cirka 92 minuter.,<url><loc>https://pendlings-app1.t-767929534-cloudflare.workers.dev/?fran=Norrköping&amp;till=Södertälje</loc><changefreq>monthly</changefreq></url>
Norrköping,Eskilstuna,113,77,Avståndet mellan Norrköping och Eskilstuna är 113 km och Karl-Johan Gyllenstorm beräknade körtiden till cirka 77 minuter.,<url><loc>https://pendlings-app1.t-767929534-cloudflare.workers.dev/?fran=Norrköping&amp;till=Eskilstuna</loc><changefreq>monthly</changefreq></url>
Norrköping,Halmstad,372,253,Avståndet mellan Norrköping och Halmstad är 372 km och Karl-Johan Gyllenstorm beräknade körtiden till cirka 253 minuter.,<url><loc>https://pendlings-app1.t-767929534-cloudflare.workers.dev/?fran=Norrköping&amp;till=Halmstad</loc><changefreq>monthly</changefreq></url>
Norrköping,Växjö,264,180,Avståndet mellan Norrköping och Växjö är 264 km och Karl-Johan Gyllenstorm beräknade körtiden till cirka 180 minuter.,<url><loc>https://pendlings-app1.t-767929534-cloudflare.workers.dev/?fran=Norrköping&amp;till=Växjö</loc><changefreq>monthly</changefreq></url>
Norrköping,Karlstad,226,154,Avståndet mellan Norrköping och Karlstad är 226 km och Karl-Johan Gyllenstorm beräknade körtiden till cirka 154 minuter.,<url><loc>https://pendlings-app1.t-767929534-cloudflare.workers.dev/?fran=Norrköping&amp;till=Karlstad</loc><changefreq>monthly</changefreq></url>
Norrköping,Piteå,1020,695,Avståndet mellan Norrköping och Piteå är 1020 km och Karl-Johan Gyllenstorm beräknade körtiden till cirka 695 minuter.,<url><loc>https://pendlings-app1.t-767929534-cloudflare.workers.dev/?fran=Norrköping&amp;till=Piteå</loc><changefreq>monthly</changefreq></url>
Norrköping,Luleå,1071,730,Avståndet mellan Norrköping och Luleå är 1071 km och Karl-Johan Gyllenstorm beräknade körtiden till cirka 730 minuter.,<url><loc>https://pendlings-app1.t-767929534-cloudflare.workers.dev/?fran=Norrköping&amp;till=Luleå</loc><changefreq>monthly</changefreq></url>
Norrköping,Trollhättan,293,199,Avståndet mellan Norrköping och Trollhättan är 293 km och Karl-Johan Gyllenstorm beräknade körtiden till cirka 199 minuter.,<url><loc>https://pendlings-app1.t-767929534-cloudflare.workers.dev/?fran=Norrköping&amp;till=Trollhättan</loc><changefreq>monthly</changefreq></url>
Norrköping,Östersund,661,450,Avståndet mellan Norrköping och Östersund är 661 km och Karl-Johan Gyllenstorm beräknade körtiden till cirka 450 minuter.,<url><loc>https://pendlings-app1.t-767929534-cloudflare.workers.dev/?fran=Norrköping&amp;till=Östersund</loc><changefreq>monthly</changefreq></url>
Norrköping,Borlänge,275,187,Avståndet mellan Norrköping och Borlänge är 275 km och Karl-Johan Gyllenstorm beräknade körtiden till cirka 187 minuter.,<url><loc>https://pendlings-app1.t-767929534-cloudflare.workers.dev/?fran=Norrköping&amp;till=Borlänge</loc><changefreq>monthly</changefreq></url>
Norrköping,Falun,289,197,Avståndet mellan Norrköping och Falun är 289 km och Karl-Johan Gyllenstorm beräknade körtiden till cirka 197 minuter.,<url><loc>https://pendlings-app1.t-767929534-cloudflare.workers.dev/?fran=Norrköping&amp;till=Falun</loc><changefreq>monthly</changefreq></url>
Norrköping,Kalmar,274,186,Avståndet mellan Norrköping och Kalmar är 274 km och Karl-Johan Gyllenstorm beräknade körtiden till cirka 186 minuter.,<url><loc>https://pendlings-app1.t-767929534-cloudflare.workers.dev/?fran=Norrköping&amp;till=Kalmar</loc><changefreq>monthly</changefreq></url>
Norrköping,Skövde,176,120,Avståndet mellan Norrköping och Skövde är 176 km och Karl-Johan Gyllenstorm beräknade körtiden till cirka 120 minuter.,<url><loc>https://pendlings-app1.t-767929534-cloudflare.workers.dev/?fran=Norrköping&amp;till=Skövde</loc><changefreq>monthly</changefreq></url>
Norrköping,Kristianstad,396,270,Avståndet mellan Norrköping och Kristianstad är 396 km och Karl-Johan Gyllenstorm beräknade körtiden till cirka 270 minuter.,<url><loc>https://pendlings-app1.t-767929534-cloudflare.workers.dev/?fran=Norrköping&amp;till=Kristianstad</loc><changefreq>monthly</changefreq></url>
Norrköping,Karlskrona,348,237,Avståndet mellan Norrköping och Karlskrona är 348 km och Karl-Johan Gyllenstorm beräknade körtiden till cirka 237 minuter.,<url><loc>https://pendlings-app1.t-767929534-cloudflare.workers.dev/?fran=Norrköping&amp;till=Karlskrona</loc><changefreq>monthly</changefreq></url>
Norrköping,Skellefteå,933,636,Avståndet mellan Norrköping och Skellefteå är 933 km och Karl-Johan Gyllenstorm beräknade körtiden till cirka 636 minuter.,<url><loc>https://pendlings-app1.t-767929534-cloudflare.workers.dev/?fran=Norrköping&amp;till=Skellefteå</loc><changefreq>monthly</changefreq></url>
Norrköping,Uddevalla,317,216,Avståndet mellan Norrköping och Uddevalla är 317 km och Karl-Johan Gyllenstorm beräknade körtiden till cirka 216 minuter.,<url><loc>https://pendlings-app1.t-767929534-cloudflare.workers.dev/?fran=Norrköping&amp;till=Uddevalla</loc><changefreq>monthly</changefreq></url>
Norrköping,Varberg,365,248,Avståndet mellan Norrköping och Varberg är 365 km och Karl-Johan Gyllenstorm beräknade körtiden till cirka 248 minuter.,<url><loc>https://pendlings-app1.t-767929534-cloudflare.workers.dev/?fran=Norrköping&amp;till=Varberg</loc><changefreq>monthly</changefreq></url>
Norrköping,Motala,85,72,Avståndet mellan Norrköping och Motala är 85 km och Karl-Johan Gyllenstorm beräknade körtiden till cirka 72 minuter.,<url><loc>https://pendlings-app1.t-767929534-cloudflare.workers.dev/?fran=Norrköping&amp;till=Motala</loc><changefreq>monthly</changefreq></url>
Norrköping,Enköping,162,110,Avståndet mellan Norrköping och Enköping är 162 km och Karl-Johan Gyllenstorm beräknade körtiden till cirka 110 minuter.,<url><loc>https://pendlings-app1.t-767929534-cloudflare.workers.dev/?fran=Norrköping&amp;till=Enköping</loc><changefreq>monthly</changefreq></url>
Norrköping,Örnsköldsvik,691,471,Avståndet mellan Norrköping och Örnsköldsvik är 691 km och Karl-Johan Gyllenstorm beräknade körtiden till cirka 471 minuter.,<url><loc>https://pendlings-app1.t-767929534-cloudflare.workers.dev/?fran=Norrköping&amp;till=Örnsköldsvik</loc><changefreq>monthly</changefreq></url>
Norrköping,Nyköping,65,55,Avståndet mellan Norrköping och Nyköping är 65 km och Karl-Johan Gyllenstorm beräknade körtiden till cirka 55 minuter.,<url><loc>https://pendlings-app1.t-767929534-cloudflare.workers.dev/?fran=Norrköping&amp;till=Nyköping</loc><changefreq>monthly</changefreq></url>
Norrköping,Karlshamn,358,244,Avståndet mellan Norrköping och Karlshamn är 358 km och Karl-Johan Gyllenstorm beräknade körtiden till cirka 244 minuter.,<url><loc>https://pendlings-app1.t-767929534-cloudflare.workers.dev/?fran=Norrköping&amp;till=Karlshamn</loc><changefreq>monthly</changefreq></url>
Norrköping,Västervik,122,83,Avståndet mellan Norrköping och Västervik är 122 km och Karl-Johan Gyllenstorm beräknade körtiden till cirka 83 minuter.,<url><loc>https://pendlings-app1.t-767929534-cloudflare.workers.dev/?fran=Norrköping&amp;till=Västervik</loc><changefreq>monthly</changefreq></url>
Norrköping,Eslöv,449,306,Avståndet mellan Norrköping och Eslöv är 449 km och Karl-Johan Gyllenstorm beräknade körtiden till cirka 306 minuter.,<url><loc>https://pendlings-app1.t-767929534-cloudflare.workers.dev/?fran=Norrköping&amp;till=Eslöv</loc><changefreq>monthly</changefreq></url>
Norrköping,Härnösand,588,400,Avståndet mellan Norrköping och Härnösand är 588 km och Karl-Johan Gyllenstorm beräknade körtiden till cirka 400 minuter.,<url><loc>https://pendlings-app1.t-767929534-cloudflare.workers.dev/?fran=Norrköping&amp;till=Härnösand</loc><changefreq>monthly</changefreq></url>
Norrköping,Ystad,485,330,Avståndet mellan Norrköping och Ystad är 485 km och Karl-Johan Gyllenstorm beräknade körtiden till cirka 330 minuter.,<url><loc>https://pendlings-app1.t-767929534-cloudflare.workers.dev/?fran=Norrköping&amp;till=Ystad</loc><changefreq>monthly</changefreq></url>
Norrköping,Katrineholm,58,49,Avståndet mellan Norrköping och Katrineholm är 58 km och Karl-Johan Gyllenstorm beräknade körtiden till cirka 49 minuter.,<url><loc>https://pendlings-app1.t-767929534-cloudflare.workers.dev/?fran=Norrköping&amp;till=Katrineholm</loc><changefreq>monthly</changefreq></url>
Norrköping,Mariestad,175,119,Avståndet mellan Norrköping och Mariestad är 175 km och Karl-Johan Gyllenstorm beräknade körtiden till cirka 119 minuter.,<url><loc>https://pendlings-app1.t-767929534-cloudflare.workers.dev/?fran=Norrköping&amp;till=Mariestad</loc><changefreq>monthly</changefreq></url>
Norrköping,Lidköping,225,153,Avståndet mellan Norrköping och Lidköping är 225 km och Karl-Johan Gyllenstorm beräknade körtiden till cirka 153 minuter.,<url><loc>https://pendlings-app1.t-767929534-cloudflare.workers.dev/?fran=Norrköping&amp;till=Lidköping</loc><changefreq>monthly</changefreq></url>
Norrköping,Vänersborg,289,197,Avståndet mellan Norrköping och Vänersborg är 289 km och Karl-Johan Gyllenstorm beräknade körtiden till cirka 197 minuter.,<url><loc>https://pendlings-app1.t-767929534-cloudflare.workers.dev/?fran=Norrköping&amp;till=Vänersborg</loc><changefreq>monthly</changefreq></url>
Norrköping,Värnamo,257,175,Avståndet mellan Norrköping och Värnamo är 257 km och Karl-Johan Gyllenstorm beräknade körtiden till cirka 175 minuter.,<url><loc>https://pendlings-app1.t-767929534-cloudflare.workers.dev/?fran=Norrköping&amp;till=Värnamo</loc><changefreq>monthly</changefreq></url>
Norrköping,Kiruna,1343,915,Avståndet mellan Norrköping och Kiruna är 1343 km och Karl-Johan Gyllenstorm beräknade körtiden till cirka 915 minuter.,<url><loc>https://pendlings-app1.t-767929534-cloudflare.workers.dev/?fran=Norrköping&amp;till=Kiruna</loc><changefreq>monthly</changefreq></url>
Norrköping,Hudiksvall,451,307,Avståndet mellan Norrköping och Hudiksvall är 451 km och Karl-Johan Gyllenstorm beräknade körtiden till cirka 307 minuter.,<url><loc>https://pendlings-app1.t-767929534-cloudflare.workers.dev/?fran=Norrköping&amp;till=Hudiksvall</loc><changefreq>monthly</changefreq></url>
Norrköping,Falkenberg,368,250,Avståndet mellan Norrköping och Falkenberg är 368 km och Karl-Johan Gyllenstorm beräknade körtiden till cirka 250 minuter.,<url><loc>https://pendlings-app1.t-767929534-cloudflare.workers.dev/?fran=Norrköping&amp;till=Falkenberg</loc><changefreq>monthly</changefreq></url>
Norrköping,Visby,328,321,Avståndet mellan Norrköping och Visby är 328 km och Karl-Johan Gyllenstorm beräknade körtiden till cirka 321 minuter.,<url><loc>https://pendlings-app1.t-767929534-cloudflare.workers.dev/?fran=Norrköping&amp;till=Visby</loc><changefreq>monthly</changefreq></url>
Lund,Stockholm,636,433,Avståndet mellan Lund och Stockholm är 636 km och Karl-Johan Gyllenstorm beräknade körtiden till cirka 433 minuter.,<url><loc>https://pendlings-app1.t-767929534-cloudflare.workers.dev/?fran=Lund&amp;till=Stockholm</loc><changefreq>monthly</changefreq></url>
Lund,Göteborg,300,204,Avståndet mellan Lund och Göteborg är 300 km och Karl-Johan Gyllenstorm beräknade körtiden till cirka 204 minuter.,<url><loc>https://pendlings-app1.t-767929534-cloudflare.workers.dev/?fran=Lund&amp;till=Göteborg</loc><changefreq>monthly</changefreq></url>
Lund,Malmö,20,17,Avståndet mellan Lund och Malmö är 20 km och Karl-Johan Gyllenstorm beräknade körtiden till cirka 17 minuter.,<url><loc>https://pendlings-app1.t-767929534-cloudflare.workers.dev/?fran=Lund&amp;till=Malmö</loc><changefreq>monthly</changefreq></url>
Lund,Uppsala,680,463,Avståndet mellan Lund och Uppsala är 680 km och Karl-Johan Gyllenstorm beräknade körtiden till cirka 463 minuter.,<url><loc>https://pendlings-app1.t-767929534-cloudflare.workers.dev/?fran=Lund&amp;till=Uppsala</loc><changefreq>monthly</changefreq></url>
Lund,Västerås,611,416,Avståndet mellan Lund och Västerås är 611 km och Karl-Johan Gyllenstorm beräknade körtiden till cirka 416 minuter.,<url><loc>https://pendlings-app1.t-767929534-cloudflare.workers.dev/?fran=Lund&amp;till=Västerås</loc><changefreq>monthly</changefreq></url>
Lund,Örebro,531,362,Avståndet mellan Lund och Örebro är 531 km och Karl-Johan Gyllenstorm beräknade körtiden till cirka 362 minuter.,<url><loc>https://pendlings-app1.t-767929534-cloudflare.workers.dev/?fran=Lund&amp;till=Örebro</loc><changefreq>monthly</changefreq></url>
Lund,Linköping,428,291,Avståndet mellan Lund och Linköping är 428 km och Karl-Johan Gyllenstorm beräknade körtiden till cirka 291 minuter.,<url><loc>https://pendlings-app1.t-767929534-cloudflare.workers.dev/?fran=Lund&amp;till=Linköping</loc><changefreq>monthly</changefreq></url>
Lund,Helsingborg,62,53,Avståndet mellan Lund och Helsingborg är 62 km och Karl-Johan Gyllenstorm beräknade körtiden till cirka 53 minuter.,<url><loc>https://pendlings-app1.t-767929534-cloudflare.workers.dev/?fran=Lund&amp;till=Helsingborg</loc><changefreq>monthly</changefreq></url>
Lund,Jönköping,305,207,Avståndet mellan Lund och Jönköping är 305 km och Karl-Johan Gyllenstorm beräknade körtiden till cirka 207 minuter.,<url><loc>https://pendlings-app1.t-767929534-cloudflare.workers.dev/?fran=Lund&amp;till=Jönköping</loc><changefreq>monthly</changefreq></url>
Lund,Norrköping,470,320,Avståndet mellan Lund och Norrköping är 470 km och Karl-Johan Gyllenstorm beräknade körtiden till cirka 320 minuter.,<url><loc>https://pendlings-app1.t-767929534-cloudflare.workers.dev/?fran=Lund&amp;till=Norrköping</loc><changefreq>monthly</changefreq></url>
Lund,Umeå,1260,859,Avståndet mellan Lund och Umeå är 1260 km och Karl-Johan Gyllenstorm beräknade körtiden till cirka 859 minuter.,<url><loc>https://pendlings-app1.t-767929534-cloudflare.workers.dev/?fran=Lund&amp;till=Umeå</loc><changefreq>monthly</changefreq></url>
Lund,Gävle,766,522,Avståndet mellan Lund och Gävle är 766 km och Karl-Johan Gyllenstorm beräknade körtiden till cirka 522 minuter.,<url><loc>https://pendlings-app1.t-767929534-cloudflare.workers.dev/?fran=Lund&amp;till=Gävle</loc><changefreq>monthly</changefreq></url>
Lund,Borås,287,195,Avståndet mellan Lund och Borås är 287 km och Karl-Johan Gyllenstorm beräknade körtiden till cirka 195 minuter.,<url><loc>https://pendlings-app1.t-767929534-cloudflare.workers.dev/?fran=Lund&amp;till=Borås</loc><changefreq>monthly</changefreq></url>
Lund,Södertälje,601,409,Avståndet mellan Lund och Södertälje är 601 km och Karl-Johan Gyllenstorm beräknade körtiden till cirka 409 minuter.,<url><loc>https://pendlings-app1.t-767929534-cloudflare.workers.dev/?fran=Lund&amp;till=Södertälje</loc><changefreq>monthly</changefreq></url>
Lund,Eskilstuna,579,394,Avståndet mellan Lund och Eskilstuna är 579 km och Karl-Johan Gyllenstorm beräknade körtiden till cirka 394 minuter.,<url><loc>https://pendlings-app1.t-767929534-cloudflare.workers.dev/?fran=Lund&amp;till=Eskilstuna</loc><changefreq>monthly</changefreq></url>
Lund,Halmstad,140,95,Avståndet mellan Lund och Halmstad är 140 km och Karl-Johan Gyllenstorm beräknade körtiden till cirka 95 minuter.,<url><loc>https://pendlings-app1.t-767929534-cloudflare.workers.dev/?fran=Lund&amp;till=Halmstad</loc><changefreq>monthly</changefreq></url>
Lund,Växjö,210,143,Avståndet mellan Lund och Växjö är 210 km och Karl-Johan Gyllenstorm beräknade körtiden till cirka 143 minuter.,<url><loc>https://pendlings-app1.t-767929534-cloudflare.workers.dev/?fran=Lund&amp;till=Växjö</loc><changefreq>monthly</changefreq></url>
Lund,Karlstad,523,356,Avståndet mellan Lund och Karlstad är 523 km och Karl-Johan Gyllenstorm beräknade körtiden till cirka 356 minuter.,<url><loc>https://pendlings-app1.t-767929534-cloudflare.workers.dev/?fran=Lund&amp;till=Karlstad</loc><changefreq>monthly</changefreq></url>
Lund,Piteå,1483,1011,Avståndet mellan Lund och Piteå är 1483 km och Karl-Johan Gyllenstorm beräknade körtiden till cirka 1011 minuter.,<url><loc>https://pendlings-app1.t-767929534-cloudflare.workers.dev/?fran=Lund&amp;till=Piteå</loc><changefreq>monthly</changefreq></url>
Lund,Luleå,1535,1046,Avståndet mellan Lund och Luleå är 1535 km och Karl-Johan Gyllenstorm beräknade körtiden till cirka 1046 minuter.,<url><loc>https://pendlings-app1.t-767929534-cloudflare.workers.dev/?fran=Lund&amp;till=Luleå</loc><changefreq>monthly</changefreq></url>
Lund,Trollhättan,373,254,Avståndet mellan Lund och Trollhättan är 373 km och Karl-Johan Gyllenstorm beräknade körtiden till cirka 254 minuter.,<url><loc>https://pendlings-app1.t-767929534-cloudflare.workers.dev/?fran=Lund&amp;till=Trollhättan</loc><changefreq>monthly</changefreq></url>
Lund,Östersund,1068,728,Avståndet mellan Lund och Östersund är 1068 km och Karl-Johan Gyllenstorm beräknade körtiden till cirka 728 minuter.,<url><loc>https://pendlings-app1.t-767929534-cloudflare.workers.dev/?fran=Lund&amp;till=Östersund</loc><changefreq>monthly</changefreq></url>
Lund,Borlänge,700,477,Avståndet mellan Lund och Borlänge är 700 km och Karl-Johan Gyllenstorm beräknade körtiden till cirka 477 minuter.,<url><loc>https://pendlings-app1.t-767929534-cloudflare.workers.dev/?fran=Lund&amp;till=Borlänge</loc><changefreq>monthly</changefreq></url>
Lund,Falun,720,490,Avståndet mellan Lund och Falun är 720 km och Karl-Johan Gyllenstorm beräknade körtiden till cirka 490 minuter.,<url><loc>https://pendlings-app1.t-767929534-cloudflare.workers.dev/?fran=Lund&amp;till=Falun</loc><changefreq>monthly</changefreq></url>
Lund,Kalmar,285,194,Avståndet mellan Lund och Kalmar är 285 km och Karl-Johan Gyllenstorm beräknade körtiden till cirka 194 minuter.,<url><loc>https://pendlings-app1.t-767929534-cloudflare.workers.dev/?fran=Lund&amp;till=Kalmar</loc><changefreq>monthly</changefreq></url>
Lund,Skövde,385,262,Avståndet mellan Lund och Skövde är 385 km och Karl-Johan Gyllenstorm beräknade körtiden till cirka 262 minuter.,<url><loc>https://pendlings-app1.t-767929534-cloudflare.workers.dev/?fran=Lund&amp;till=Skövde</loc><changefreq>monthly</changefreq></url>
Lund,Kristianstad,89,76,Avståndet mellan Lund och Kristianstad är 89 km och Karl-Johan Gyllenstorm beräknade körtiden till cirka 76 minuter.,<url><loc>https://pendlings-app1.t-767929534-cloudflare.workers.dev/?fran=Lund&amp;till=Kristianstad</loc><changefreq>monthly</changefreq></url>
Lund,Karlskrona,201,137,Avståndet mellan Lund och Karlskrona är 201 km och Karl-Johan Gyllenstorm beräknade körtiden till cirka 137 minuter.,<url><loc>https://pendlings-app1.t-767929534-cloudflare.workers.dev/?fran=Lund&amp;till=Karlskrona</loc><changefreq>monthly</changefreq></url>
Lund,Skellefteå,1397,952,Avståndet mellan Lund och Skellefteå är 1397 km och Karl-Johan Gyllenstorm beräknade körtiden till cirka 952 minuter.,<url><loc>https://pendlings-app1.t-767929534-cloudflare.workers.dev/?fran=Lund&amp;till=Skellefteå</loc><changefreq>monthly</changefreq></url>
Lund,Uddevalla,388,264,Avståndet mellan Lund och Uddevalla är 388 km och Karl-Johan Gyllenstorm beräknade körtiden till cirka 264 minuter.,<url><loc>https://pendlings-app1.t-767929534-cloudflare.workers.dev/?fran=Lund&amp;till=Uddevalla</loc><changefreq>monthly</changefreq></url>
Lund,Varberg,212,144,Avståndet mellan Lund och Varberg är 212 km och Karl-Johan Gyllenstorm beräknade körtiden till cirka 144 minuter.,<url><loc>https://pendlings-app1.t-767929534-cloudflare.workers.dev/?fran=Lund&amp;till=Varberg</loc><changefreq>monthly</changefreq></url>
Lund,Motala,427,291,Avståndet mellan Lund och Motala är 427 km och Karl-Johan Gyllenstorm beräknade körtiden till cirka 291 minuter.,<url><loc>https://pendlings-app1.t-767929534-cloudflare.workers.dev/?fran=Lund&amp;till=Motala</loc><changefreq>monthly</changefreq></url>
Lund,Enköping,632,430,Avståndet mellan Lund och Enköping är 632 km och Karl-Johan Gyllenstorm beräknade körtiden till cirka 430 minuter.,<url><loc>https://pendlings-app1.t-767929534-cloudflare.workers.dev/?fran=Lund&amp;till=Enköping</loc><changefreq>monthly</changefreq></url>
Lund,Örnsköldsvik,1150,784,Avståndet mellan Lund och Örnsköldsvik är 1150 km och Karl-Johan Gyllenstorm beräknade körtiden till cirka 784 minuter.,<url><loc>https://pendlings-app1.t-767929534-cloudflare.workers.dev/?fran=Lund&amp;till=Örnsköldsvik</loc><changefreq>monthly</changefreq></url>
Lund,Nyköping,523,356,Avståndet mellan Lund och Nyköping är 523 km och Karl-Johan Gyllenstorm beräknade körtiden till cirka 356 minuter.,<url><loc>https://pendlings-app1.t-767929534-cloudflare.workers.dev/?fran=Lund&amp;till=Nyköping</loc><changefreq>monthly</changefreq></url>
Lund,Karlshamn,148,100,Avståndet mellan Lund och Karlshamn är 148 km och Karl-Johan Gyllenstorm beräknade körtiden till cirka 100 minuter.,<url><loc>https://pendlings-app1.t-767929534-cloudflare.workers.dev/?fran=Lund&amp;till=Karlshamn</loc><changefreq>monthly</changefreq></url>
Lund,Västervik,397,270,Avståndet mellan Lund och Västervik är 397 km och Karl-Johan Gyllenstorm beräknade körtiden till cirka 270 minuter.,<url><loc>https://pendlings-app1.t-767929534-cloudflare.workers.dev/?fran=Lund&amp;till=Västervik</loc><changefreq>monthly</changefreq></url>
Lund,Eslöv,21,18,Avståndet mellan Lund och Eslöv är 21 km och Karl-Johan Gyllenstorm beräknade körtiden till cirka 18 minuter.,<url><loc>https://pendlings-app1.t-767929534-cloudflare.workers.dev/?fran=Lund&amp;till=Eslöv</loc><changefreq>monthly</changefreq></url>
Lund,Härnösand,1044,711,Avståndet mellan Lund och Härnösand är 1044 km och Karl-Johan Gyllenstorm beräknade körtiden till cirka 711 minuter.,<url><loc>https://pendlings-app1.t-767929534-cloudflare.workers.dev/?fran=Lund&amp;till=Härnösand</loc><changefreq>monthly</changefreq></url>
Lund,Ystad,64,54,Avståndet mellan Lund och Ystad är 64 km och Karl-Johan Gyllenstorm beräknade körtiden till cirka 54 minuter.,<url><loc>https://pendlings-app1.t-767929534-cloudflare.workers.dev/?fran=Lund&amp;till=Ystad</loc><changefreq>monthly</changefreq></url>
Lund,Katrineholm,522,355,Avståndet mellan Lund och Katrineholm är 522 km och Karl-Johan Gyllenstorm beräknade körtiden till cirka 355 minuter.,<url><loc>https://pendlings-app1.t-767929534-cloudflare.workers.dev/?fran=Lund&amp;till=Katrineholm</loc><changefreq>monthly</changefreq></url>
Lund,Mariestad,430,293,Avståndet mellan Lund och Mariestad är 430 km och Karl-Johan Gyllenstorm beräknade körtiden till cirka 293 minuter.,<url><loc>https://pendlings-app1.t-767929534-cloudflare.workers.dev/?fran=Lund&amp;till=Mariestad</loc><changefreq>monthly</changefreq></url>
Lund,Lidköping,398,271,Avståndet mellan Lund och Lidköping är 398 km och Karl-Johan Gyllenstorm beräknade körtiden till cirka 271 minuter.,<url><loc>https://pendlings-app1.t-767929534-cloudflare.workers.dev/?fran=Lund&amp;till=Lidköping</loc><changefreq>monthly</changefreq></url>
Lund,Vänersborg,385,262,Avståndet mellan Lund och Vänersborg är 385 km och Karl-Johan Gyllenstorm beräknade körtiden till cirka 262 minuter.,<url><loc>https://pendlings-app1.t-767929534-cloudflare.workers.dev/?fran=Lund&amp;till=Vänersborg</loc><changefreq>monthly</changefreq></url>
Lund,Värnamo,221,150,Avståndet mellan Lund och Värnamo är 221 km och Karl-Johan Gyllenstorm beräknade körtiden till cirka 150 minuter.,<url><loc>https://pendlings-app1.t-767929534-cloudflare.workers.dev/?fran=Lund&amp;till=Värnamo</loc><changefreq>monthly</changefreq></url>
Lund,Kiruna,1790,1220,Avståndet mellan Lund och Kiruna är 1790 km och Karl-Johan Gyllenstorm beräknade körtiden till cirka 1220 minuter.,<url><loc>https://pendlings-app1.t-767929534-cloudflare.workers.dev/?fran=Lund&amp;till=Kiruna</loc><changefreq>monthly</changefreq></url>
Lund,Hudiksvall,904,616,Avståndet mellan Lund och Hudiksvall är 904 km och Karl-Johan Gyllenstorm beräknade körtiden till cirka 616 minuter.,<url><loc>https://pendlings-app1.t-767929534-cloudflare.workers.dev/?fran=Lund&amp;till=Hudiksvall</loc><changefreq>monthly</changefreq></url>
Lund,Falkenberg,179,122,Avståndet mellan Lund och Falkenberg är 179 km och Karl-Johan Gyllenstorm beräknade körtiden till cirka 122 minuter.,<url><loc>https://pendlings-app1.t-767929534-cloudflare.workers.dev/?fran=Lund&amp;till=Falkenberg</loc><changefreq>monthly</changefreq></url>
Lund,Visby,604,510,Avståndet mellan Lund och Visby är 604 km och Karl-Johan Gyllenstorm beräknade körtiden till cirka 510 minuter.,<url><loc>https://pendlings-app1.t-767929534-cloudflare.workers.dev/?fran=Lund&amp;till=Visby</loc><changefreq>monthly</changefreq></url>
Umeå,Stockholm,656,447,Avståndet mellan Umeå och Stockholm är 656 km och Karl-Johan Gyllenstorm beräknade körtiden till cirka 447 minuter.,<url><loc>https://pendlings-app1.t-767929534-cloudflare.workers.dev/?fran=Umeå&amp;till=Stockholm</loc><changefreq>monthly</changefreq></url>
Umeå,Göteborg,1042,710,Avståndet mellan Umeå och Göteborg är 1042 km och Karl-Johan Gyllenstorm beräknade körtiden till cirka 710 minuter.,<url><loc>https://pendlings-app1.t-767929534-cloudflare.workers.dev/?fran=Umeå&amp;till=Göteborg</loc><changefreq>monthly</changefreq></url>
Umeå,Malmö,1278,871,Avståndet mellan Umeå och Malmö är 1278 km och Karl-Johan Gyllenstorm beräknade körtiden till cirka 871 minuter.,<url><loc>https://pendlings-app1.t-767929534-cloudflare.workers.dev/?fran=Umeå&amp;till=Malmö</loc><changefreq>monthly</changefreq></url>
Umeå,Uppsala,591,402,Avståndet mellan Umeå och Uppsala är 591 km och Karl-Johan Gyllenstorm beräknade körtiden till cirka 402 minuter.,<url><loc>https://pendlings-app1.t-767929534-cloudflare.workers.dev/?fran=Umeå&amp;till=Uppsala</loc><changefreq>monthly</changefreq></url>
Umeå,Västerås,650,443,Avståndet mellan Umeå och Västerås är 650 km och Karl-Johan Gyllenstorm beräknade körtiden till cirka 443 minuter.,<url><loc>https://pendlings-app1.t-767929534-cloudflare.workers.dev/?fran=Umeå&amp;till=Västerås</loc><changefreq>monthly</changefreq></url>
Umeå,Örebro,732,499,Avståndet mellan Umeå och Örebro är 732 km och Karl-Johan Gyllenstorm beräknade körtiden till cirka 499 minuter.,<url><loc>https://pendlings-app1.t-767929534-cloudflare.workers.dev/?fran=Umeå&amp;till=Örebro</loc><changefreq>monthly</changefreq></url>
Umeå,Linköping,833,567,Avståndet mellan Umeå och Linköping är 833 km och Karl-Johan Gyllenstorm beräknade körtiden till cirka 567 minuter.,<url><loc>https://pendlings-app1.t-767929534-cloudflare.workers.dev/?fran=Umeå&amp;till=Linköping</loc><changefreq>monthly</changefreq></url>
Umeå,Helsingborg,1229,837,Avståndet mellan Umeå och Helsingborg är 1229 km och Karl-Johan Gyllenstorm beräknade körtiden till cirka 837 minuter.,<url><loc>https://pendlings-app1.t-767929534-cloudflare.workers.dev/?fran=Umeå&amp;till=Helsingborg</loc><changefreq>monthly</changefreq></url>
Umeå,Jönköping,957,652,Avståndet mellan Umeå och Jönköping är 957 km och Karl-Johan Gyllenstorm beräknade körtiden till cirka 652 minuter.,<url><loc>https://pendlings-app1.t-767929534-cloudflare.workers.dev/?fran=Umeå&amp;till=Jönköping</loc><changefreq>monthly</changefreq></url>
Umeå,Norrköping,795,542,Avståndet mellan Umeå och Norrköping är 795 km och Karl-Johan Gyllenstorm beräknade körtiden till cirka 542 minuter.,<url><loc>https://pendlings-app1.t-767929534-cloudflare.workers.dev/?fran=Umeå&amp;till=Norrköping</loc><changefreq>monthly</changefreq></url>
Umeå,Lund,1260,859,Avståndet mellan Umeå och Lund är 1260 km och Karl-Johan Gyllenstorm beräknade körtiden till cirka 859 minuter.,<url><loc>https://pendlings-app1.t-767929534-cloudflare.workers.dev/?fran=Umeå&amp;till=Lund</loc><changefreq>monthly</changefreq></url>
Umeå,Gävle,493,336,Avståndet mellan Umeå och Gävle är 493 km och Karl-Johan Gyllenstorm beräknade körtiden till cirka 336 minuter.,<url><loc>https://pendlings-app1.t-767929534-cloudflare.workers.dev/?fran=Umeå&amp;till=Gävle</loc><changefreq>monthly</changefreq></url>
Umeå,Borås,1005,685,Avståndet mellan Umeå och Borås är 1005 km och Karl-Johan Gyllenstorm beräknade körtiden till cirka 685 minuter.,<url><loc>https://pendlings-app1.t-767929534-cloudflare.workers.dev/?fran=Umeå&amp;till=Borås</loc><changefreq>monthly</changefreq></url>
Umeå,Södertälje,682,465,Avståndet mellan Umeå och Södertälje är 682 km och Karl-Johan Gyllenstorm beräknade körtiden till cirka 465 minuter.,<url><loc>https://pendlings-app1.t-767929534-cloudflare.workers.dev/?fran=Umeå&amp;till=Södertälje</loc><changefreq>monthly</changefreq></url>
Umeå,Eskilstuna,682,465,Avståndet mellan Umeå och Eskilstuna är 682 km och Karl-Johan Gyllenstorm beräknade körtiden till cirka 465 minuter.,<url><loc>https://pendlings-app1.t-767929534-cloudflare.workers.dev/?fran=Umeå&amp;till=Eskilstuna</loc><changefreq>monthly</changefreq></url>
Umeå,Halmstad,1142,778,Avståndet mellan Umeå och Halmstad är 1142 km och Karl-Johan Gyllenstorm beräknade körtiden till cirka 778 minuter.,<url><loc>https://pendlings-app1.t-767929534-cloudflare.workers.dev/?fran=Umeå&amp;till=Halmstad</loc><changefreq>monthly</changefreq></url>
Umeå,Växjö,1059,722,Avståndet mellan Umeå och Växjö är 1059 km och Karl-Johan Gyllenstorm beräknade körtiden till cirka 722 minuter.,<url><loc>https://pendlings-app1.t-767929534-cloudflare.workers.dev/?fran=Umeå&amp;till=Växjö</loc><changefreq>monthly</changefreq></url>
Umeå,Karlstad,780,531,Avståndet mellan Umeå och Karlstad är 780 km och Karl-Johan Gyllenstorm beräknade körtiden till cirka 531 minuter.,<url><loc>https://pendlings-app1.t-767929534-cloudflare.workers.dev/?fran=Umeå&amp;till=Karlstad</loc><changefreq>monthly</changefreq></url>
Umeå,Piteå,224,152,Avståndet mellan Umeå och Piteå är 224 km och Karl-Johan Gyllenstorm beräknade körtiden till cirka 152 minuter.,<url><loc>https://pendlings-app1.t-767929534-cloudflare.workers.dev/?fran=Umeå&amp;till=Piteå</loc><changefreq>monthly</changefreq></url>
Umeå,Luleå,275,187,Avståndet mellan Umeå och Luleå är 275 km och Karl-Johan Gyllenstorm beräknade körtiden till cirka 187 minuter.,<url><loc>https://pendlings-app1.t-767929534-cloudflare.workers.dev/?fran=Umeå&amp;till=Luleå</loc><changefreq>monthly</changefreq></url>
Umeå,Trollhättan,959,653,Avståndet mellan Umeå och Trollhättan är 959 km och Karl-Johan Gyllenstorm beräknade körtiden till cirka 653 minuter.,<url><loc>https://pendlings-app1.t-767929534-cloudflare.workers.dev/?fran=Umeå&amp;till=Trollhättan</loc><changefreq>monthly</changefreq></url>
Umeå,Östersund,368,250,Avståndet mellan Umeå och Östersund är 368 km och Karl-Johan Gyllenstorm beräknade körtiden till cirka 250 minuter.,<url><loc>https://pendlings-app1.t-767929534-cloudflare.workers.dev/?fran=Umeå&amp;till=Östersund</loc><changefreq>monthly</changefreq></url>
Umeå,Borlänge,573,390,Avståndet mellan Umeå och Borlänge är 573 km och Karl-Johan Gyllenstorm beräknade körtiden till cirka 390 minuter.,<url><loc>https://pendlings-app1.t-767929534-cloudflare.workers.dev/?fran=Umeå&amp;till=Borlänge</loc><changefreq>monthly</changefreq></url>
Umeå,Falun,551,375,Avståndet mellan Umeå och Falun är 551 km och Karl-Johan Gyllenstorm beräknade körtiden till cirka 375 minuter.,<url><loc>https://pendlings-app1.t-767929534-cloudflare.workers.dev/?fran=Umeå&amp;till=Falun</loc><changefreq>monthly</changefreq></url>
Umeå,Kalmar,1055,719,Avståndet mellan Umeå och Kalmar är 1055 km och Karl-Johan Gyllenstorm beräknade körtiden till cirka 719 minuter.,<url><loc>https://pendlings-app1.t-767929534-cloudflare.workers.dev/?fran=Umeå&amp;till=Kalmar</loc><changefreq>monthly</changefreq></url>
Umeå,Skövde,889,606,Avståndet mellan Umeå och Skövde är 889 km och Karl-Johan Gyllenstorm beräknade körtiden till cirka 606 minuter.,<url><loc>https://pendlings-app1.t-767929534-cloudflare.workers.dev/?fran=Umeå&amp;till=Skövde</loc><changefreq>monthly</changefreq></url>
Umeå,Kristianstad,1190,811,Avståndet mellan Umeå och Kristianstad är 1190 km och Karl-Johan Gyllenstorm beräknade körtiden till cirka 811 minuter.,<url><loc>https://pendlings-app1.t-767929534-cloudflare.workers.dev/?fran=Umeå&amp;till=Kristianstad</loc><changefreq>monthly</changefreq></url>
Umeå,Karlskrona,1139,776,Avståndet mellan Umeå och Karlskrona är 1139 km och Karl-Johan Gyllenstorm beräknade körtiden till cirka 776 minuter.,<url><loc>https://pendlings-app1.t-767929534-cloudflare.workers.dev/?fran=Umeå&amp;till=Karlskrona</loc><changefreq>monthly</changefreq></url>
Umeå,Skellefteå,138,94,Avståndet mellan Umeå och Skellefteå är 138 km och Karl-Johan Gyllenstorm beräknade körtiden till cirka 94 minuter.,<url><loc>https://pendlings-app1.t-767929534-cloudflare.workers.dev/?fran=Umeå&amp;till=Skellefteå</loc><changefreq>monthly</changefreq></url>
Umeå,Uddevalla,965,657,Avståndet mellan Umeå och Uddevalla är 965 km och Karl-Johan Gyllenstorm beräknade körtiden till cirka 657 minuter.,<url><loc>https://pendlings-app1.t-767929534-cloudflare.workers.dev/?fran=Umeå&amp;till=Uddevalla</loc><changefreq>monthly</changefreq></url>
Umeå,Varberg,1107,754,Avståndet mellan Umeå och Varberg är 1107 km och Karl-Johan Gyllenstorm beräknade körtiden till cirka 754 minuter.,<url><loc>https://pendlings-app1.t-767929534-cloudflare.workers.dev/?fran=Umeå&amp;till=Varberg</loc><changefreq>monthly</changefreq></url>
Umeå,Motala,833,567,Avståndet mellan Umeå och Motala är 833 km och Karl-Johan Gyllenstorm beräknade körtiden till cirka 567 minuter.,<url><loc>https://pendlings-app1.t-767929534-cloudflare.workers.dev/?fran=Umeå&amp;till=Motala</loc><changefreq>monthly</changefreq></url>
Umeå,Enköping,633,431,Avståndet mellan Umeå och Enköping är 633 km och Karl-Johan Gyllenstorm beräknade körtiden till cirka 431 minuter.,<url><loc>https://pendlings-app1.t-767929534-cloudflare.workers.dev/?fran=Umeå&amp;till=Enköping</loc><changefreq>monthly</changefreq></url>
Umeå,Örnsköldsvik,124,84,Avståndet mellan Umeå och Örnsköldsvik är 124 km och Karl-Johan Gyllenstorm beräknade körtiden till cirka 84 minuter.,<url><loc>https://pendlings-app1.t-767929534-cloudflare.workers.dev/?fran=Umeå&amp;till=Örnsköldsvik</loc><changefreq>monthly</changefreq></url>
Umeå,Nyköping,755,514,Avståndet mellan Umeå och Nyköping är 755 km och Karl-Johan Gyllenstorm beräknade körtiden till cirka 514 minuter.,<url><loc>https://pendlings-app1.t-767929534-cloudflare.workers.dev/?fran=Umeå&amp;till=Nyköping</loc><changefreq>monthly</changefreq></url>
Umeå,Karlshamn,1154,786,Avståndet mellan Umeå och Karlshamn är 1154 km och Karl-Johan Gyllenstorm beräknade körtiden till cirka 786 minuter.,<url><loc>https://pendlings-app1.t-767929534-cloudflare.workers.dev/?fran=Umeå&amp;till=Karlshamn</loc><changefreq>monthly</changefreq></url>
Umeå,Västervik,899,612,Avståndet mellan Umeå och Västervik är 899 km och Karl-Johan Gyllenstorm beräknade körtiden till cirka 612 minuter.,<url><loc>https://pendlings-app1.t-767929534-cloudflare.workers.dev/?fran=Umeå&amp;till=Västervik</loc><changefreq>monthly</changefreq></url>
Umeå,Eslöv,1239,844,Avståndet mellan Umeå och Eslöv är 1239 km och Karl-Johan Gyllenstorm beräknade körtiden till cirka 844 minuter.,<url><loc>https://pendlings-app1.t-767929534-cloudflare.workers.dev/?fran=Umeå&amp;till=Eslöv</loc><changefreq>monthly</changefreq></url>
Umeå,Härnösand,225,153,Avståndet mellan Umeå och Härnösand är 225 km och Karl-Johan Gyllenstorm beräknade körtiden till cirka 153 minuter.,<url><loc>https://pendlings-app1.t-767929534-cloudflare.workers.dev/?fran=Umeå&amp;till=Härnösand</loc><changefreq>monthly</changefreq></url>
Umeå,Ystad,1280,872,Avståndet mellan Umeå och Ystad är 1280 km och Karl-Johan Gyllenstorm beräknade körtiden till cirka 872 minuter.,<url><loc>https://pendlings-app1.t-767929534-cloudflare.workers.dev/?fran=Umeå&amp;till=Ystad</loc><changefreq>monthly</changefreq></url>
Umeå,Katrineholm,740,504,Avståndet mellan Umeå och Katrineholm är 740 km och Karl-Johan Gyllenstorm beräknade körtiden till cirka 504 minuter.,<url><loc>https://pendlings-app1.t-767929534-cloudflare.workers.dev/?fran=Umeå&amp;till=Katrineholm</loc><changefreq>monthly</changefreq></url>
Umeå,Mariestad,850,579,Avståndet mellan Umeå och Mariestad är 850 km och Karl-Johan Gyllenstorm beräknade körtiden till cirka 579 minuter.,<url><loc>https://pendlings-app1.t-767929534-cloudflare.workers.dev/?fran=Umeå&amp;till=Mariestad</loc><changefreq>monthly</changefreq></url>
Umeå,Lidköping,899,612,Avståndet mellan Umeå och Lidköping är 899 km och Karl-Johan Gyllenstorm beräknade körtiden till cirka 612 minuter.,<url><loc>https://pendlings-app1.t-767929534-cloudflare.workers.dev/?fran=Umeå&amp;till=Lidköping</loc><changefreq>monthly</changefreq></url>
Umeå,Vänersborg,947,645,Avståndet mellan Umeå och Vänersborg är 947 km och Karl-Johan Gyllenstorm beräknade körtiden till cirka 645 minuter.,<url><loc>https://pendlings-app1.t-767929534-cloudflare.workers.dev/?fran=Umeå&amp;till=Vänersborg</loc><changefreq>monthly</changefreq></url>
Umeå,Värnamo,1039,708,Avståndet mellan Umeå och Värnamo är 1039 km och Karl-Johan Gyllenstorm beräknade körtiden till cirka 708 minuter.,<url><loc>https://pendlings-app1.t-767929534-cloudflare.workers.dev/?fran=Umeå&amp;till=Värnamo</loc><changefreq>monthly</changefreq></url>
Umeå,Kiruna,573,390,Avståndet mellan Umeå och Kiruna är 573 km och Karl-Johan Gyllenstorm beräknade körtiden till cirka 390 minuter.,<url><loc>https://pendlings-app1.t-767929534-cloudflare.workers.dev/?fran=Umeå&amp;till=Kiruna</loc><changefreq>monthly</changefreq></url>
Umeå,Hudiksvall,362,246,Avståndet mellan Umeå och Hudiksvall är 362 km och Karl-Johan Gyllenstorm beräknade körtiden till cirka 246 minuter.,<url><loc>https://pendlings-app1.t-767929534-cloudflare.workers.dev/?fran=Umeå&amp;till=Hudiksvall</loc><changefreq>monthly</changefreq></url>
Umeå,Falkenberg,1124,766,Avståndet mellan Umeå och Falkenberg är 1124 km och Karl-Johan Gyllenstorm beräknade körtiden till cirka 766 minuter.,<url><loc>https://pendlings-app1.t-767929534-cloudflare.workers.dev/?fran=Umeå&amp;till=Falkenberg</loc><changefreq>monthly</changefreq></url>
Umeå,Visby,1011,787,Avståndet mellan Umeå och Visby är 1011 km och Karl-Johan Gyllenstorm beräknade körtiden till cirka 787 minuter.,<url><loc>https://pendlings-app1.t-767929534-cloudflare.workers.dev/?fran=Umeå&amp;till=Visby</loc><changefreq>monthly</changefreq></url>
Gävle,Stockholm,202,137,Avståndet mellan Gävle och Stockholm är 202 km och Karl-Johan Gyllenstorm beräknade körtiden till cirka 137 minuter.,<url><loc>https://pendlings-app1.t-767929534-cloudflare.workers.dev/?fran=Gävle&amp;till=Stockholm</loc><changefreq>monthly</changefreq></url>
Gävle,Göteborg,565,385,Avståndet mellan Gävle och Göteborg är 565 km och Karl-Johan Gyllenstorm beräknade körtiden till cirka 385 minuter.,<url><loc>https://pendlings-app1.t-767929534-cloudflare.workers.dev/?fran=Gävle&amp;till=Göteborg</loc><changefreq>monthly</changefreq></url>
Gävle,Malmö,785,535,Avståndet mellan Gävle och Malmö är 785 km och Karl-Johan Gyllenstorm beräknade körtiden till cirka 535 minuter.,<url><loc>https://pendlings-app1.t-767929534-cloudflare.workers.dev/?fran=Gävle&amp;till=Malmö</loc><changefreq>monthly</changefreq></url>
Gävle,Uppsala,121,82,Avståndet mellan Gävle och Uppsala är 121 km och Karl-Johan Gyllenstorm beräknade körtiden till cirka 82 minuter.,<url><loc>https://pendlings-app1.t-767929534-cloudflare.workers.dev/?fran=Gävle&amp;till=Uppsala</loc><changefreq>monthly</changefreq></url>
Gävle,Västerås,157,107,Avståndet mellan Gävle och Västerås är 157 km och Karl-Johan Gyllenstorm beräknade körtiden till cirka 107 minuter.,<url><loc>https://pendlings-app1.t-767929534-cloudflare.workers.dev/?fran=Gävle&amp;till=Västerås</loc><changefreq>monthly</changefreq></url>
Gävle,Örebro,241,164,Avståndet mellan Gävle och Örebro är 241 km och Karl-Johan Gyllenstorm beräknade körtiden till cirka 164 minuter.,<url><loc>https://pendlings-app1.t-767929534-cloudflare.workers.dev/?fran=Gävle&amp;till=Örebro</loc><changefreq>monthly</changefreq></url>
Gävle,Linköping,340,231,Avståndet mellan Gävle och Linköping är 340 km och Karl-Johan Gyllenstorm beräknade körtiden till cirka 231 minuter.,<url><loc>https://pendlings-app1.t-767929534-cloudflare.workers.dev/?fran=Gävle&amp;till=Linköping</loc><changefreq>monthly</changefreq></url>
Gävle,Helsingborg,737,502,Avståndet mellan Gävle och Helsingborg är 737 km och Karl-Johan Gyllenstorm beräknade körtiden till cirka 502 minuter.,<url><loc>https://pendlings-app1.t-767929534-cloudflare.workers.dev/?fran=Gävle&amp;till=Helsingborg</loc><changefreq>monthly</changefreq></url>
Gävle,Jönköping,465,317,Avståndet mellan Gävle och Jönköping är 465 km och Karl-Johan Gyllenstorm beräknade körtiden till cirka 317 minuter.,<url><loc>https://pendlings-app1.t-767929534-cloudflare.workers.dev/?fran=Gävle&amp;till=Jönköping</loc><changefreq>monthly</changefreq></url>
Gävle,Norrköping,304,207,Avståndet mellan Gävle och Norrköping är 304 km och Karl-Johan Gyllenstorm beräknade körtiden till cirka 207 minuter.,<url><loc>https://pendlings-app1.t-767929534-cloudflare.workers.dev/?fran=Gävle&amp;till=Norrköping</loc><changefreq>monthly</changefreq></url>
Gävle,Lund,766,522,Avståndet mellan Gävle och Lund är 766 km och Karl-Johan Gyllenstorm beräknade körtiden till cirka 522 minuter.,<url><loc>https://pendlings-app1.t-767929534-cloudflare.workers.dev/?fran=Gävle&amp;till=Lund</loc><changefreq>monthly</changefreq></url>
Gävle,Umeå,493,336,Avståndet mellan Gävle och Umeå är 493 km och Karl-Johan Gyllenstorm beräknade körtiden till cirka 336 minuter.,<url><loc>https://pendlings-app1.t-767929534-cloudflare.workers.dev/?fran=Gävle&amp;till=Umeå</loc><changefreq>monthly</changefreq></url>
Gävle,Borås,519,353,Avståndet mellan Gävle och Borås är 519 km och Karl-Johan Gyllenstorm beräknade körtiden till cirka 353 minuter.,<url><loc>https://pendlings-app1.t-767929534-cloudflare.workers.dev/?fran=Gävle&amp;till=Borås</loc><changefreq>monthly</changefreq></url>
Gävle,Södertälje,213,145,Avståndet mellan Gävle och Södertälje är 213 km och Karl-Johan Gyllenstorm beräknade körtiden till cirka 145 minuter.,<url><loc>https://pendlings-app1.t-767929534-cloudflare.workers.dev/?fran=Gävle&amp;till=Södertälje</loc><changefreq>monthly</changefreq></url>
Gävle,Eskilstuna,190,129,Avståndet mellan Gävle och Eskilstuna är 190 km och Karl-Johan Gyllenstorm beräknade körtiden till cirka 129 minuter.,<url><loc>https://pendlings-app1.t-767929534-cloudflare.workers.dev/?fran=Gävle&amp;till=Eskilstuna</loc><changefreq>monthly</changefreq></url>
Gävle,Halmstad,651,443,Avståndet mellan Gävle och Halmstad är 651 km och Karl-Johan Gyllenstorm beräknade körtiden till cirka 443 minuter.,<url><loc>https://pendlings-app1.t-767929534-cloudflare.workers.dev/?fran=Gävle&amp;till=Halmstad</loc><changefreq>monthly</changefreq></url>
Gävle,Växjö,567,386,Avståndet mellan Gävle och Växjö är 567 km och Karl-Johan Gyllenstorm beräknade körtiden till cirka 386 minuter.,<url><loc>https://pendlings-app1.t-767929534-cloudflare.workers.dev/?fran=Gävle&amp;till=Växjö</loc><changefreq>monthly</changefreq></url>
Gävle,Karlstad,317,216,Avståndet mellan Gävle och Karlstad är 317 km och Karl-Johan Gyllenstorm beräknade körtiden till cirka 216 minuter.,<url><loc>https://pendlings-app1.t-767929534-cloudflare.workers.dev/?fran=Gävle&amp;till=Karlstad</loc><changefreq>monthly</changefreq></url>
Gävle,Piteå,717,488,Avståndet mellan Gävle och Piteå är 717 km och Karl-Johan Gyllenstorm beräknade körtiden till cirka 488 minuter.,<url><loc>https://pendlings-app1.t-767929534-cloudflare.workers.dev/?fran=Gävle&amp;till=Piteå</loc><changefreq>monthly</changefreq></url>
Gävle,Luleå,769,524,Avståndet mellan Gävle och Luleå är 769 km och Karl-Johan Gyllenstorm beräknade körtiden till cirka 524 minuter.,<url><loc>https://pendlings-app1.t-767929534-cloudflare.workers.dev/?fran=Gävle&amp;till=Luleå</loc><changefreq>monthly</changefreq></url>
Gävle,Trollhättan,488,332,Avståndet mellan Gävle och Trollhättan är 488 km och Karl-Johan Gyllenstorm beräknade körtiden till cirka 332 minuter.,<url><loc>https://pendlings-app1.t-767929534-cloudflare.workers.dev/?fran=Gävle&amp;till=Trollhättan</loc><changefreq>monthly</changefreq></url>
Gävle,Östersund,393,267,Avståndet mellan Gävle och Östersund är 393 km och Karl-Johan Gyllenstorm beräknade körtiden till cirka 267 minuter.,<url><loc>https://pendlings-app1.t-767929534-cloudflare.workers.dev/?fran=Gävle&amp;till=Östersund</loc><changefreq>monthly</changefreq></url>
Gävle,Borlänge,122,83,Avståndet mellan Gävle och Borlänge är 122 km och Karl-Johan Gyllenstorm beräknade körtiden till cirka 83 minuter.,<url><loc>https://pendlings-app1.t-767929534-cloudflare.workers.dev/?fran=Gävle&amp;till=Borlänge</loc><changefreq>monthly</changefreq></url>
Gävle,Falun,106,72,Avståndet mellan Gävle och Falun är 106 km och Karl-Johan Gyllenstorm beräknade körtiden till cirka 72 minuter.,<url><loc>https://pendlings-app1.t-767929534-cloudflare.workers.dev/?fran=Gävle&amp;till=Falun</loc><changefreq>monthly</changefreq></url>
Gävle,Kalmar,573,390,Avståndet mellan Gävle och Kalmar är 573 km och Karl-Johan Gyllenstorm beräknade körtiden till cirka 390 minuter.,<url><loc>https://pendlings-app1.t-767929534-cloudflare.workers.dev/?fran=Gävle&amp;till=Kalmar</loc><changefreq>monthly</changefreq></url>
Gävle,Skövde,402,274,Avståndet mellan Gävle och Skövde är 402 km och Karl-Johan Gyllenstorm beräknade körtiden till cirka 274 minuter.,<url><loc>https://pendlings-app1.t-767929534-cloudflare.workers.dev/?fran=Gävle&amp;till=Skövde</loc><changefreq>monthly</changefreq></url>
Gävle,Kristianstad,697,475,Avståndet mellan Gävle och Kristianstad är 697 km och Karl-Johan Gyllenstorm beräknade körtiden till cirka 475 minuter.,<url><loc>https://pendlings-app1.t-767929534-cloudflare.workers.dev/?fran=Gävle&amp;till=Kristianstad</loc><changefreq>monthly</changefreq></url>
Gävle,Karlskrona,652,444,Avståndet mellan Gävle och Karlskrona är 652 km och Karl-Johan Gyllenstorm beräknade körtiden till cirka 444 minuter.,<url><loc>https://pendlings-app1.t-767929534-cloudflare.workers.dev/?fran=Gävle&amp;till=Karlskrona</loc><changefreq>monthly</changefreq></url>
Gävle,Skellefteå,630,429,Avståndet mellan Gävle och Skellefteå är 630 km och Karl-Johan Gyllenstorm beräknade körtiden till cirka 429 minuter.,<url><loc>https://pendlings-app1.t-767929534-cloudflare.workers.dev/?fran=Gävle&amp;till=Skellefteå</loc><changefreq>monthly</changefreq></url>
Gävle,Uddevalla,500,340,Avståndet mellan Gävle och Uddevalla är 500 km och Karl-Johan Gyllenstorm beräknade körtiden till cirka 340 minuter.,<url><loc>https://pendlings-app1.t-767929534-cloudflare.workers.dev/?fran=Gävle&amp;till=Uddevalla</loc><changefreq>monthly</changefreq></url>
Gävle,Varberg,621,423,Avståndet mellan Gävle och Varberg är 621 km och Karl-Johan Gyllenstorm beräknade körtiden till cirka 423 minuter.,<url><loc>https://pendlings-app1.t-767929534-cloudflare.workers.dev/?fran=Gävle&amp;till=Varberg</loc><changefreq>monthly</changefreq></url>
Gävle,Motala,339,231,Avståndet mellan Gävle och Motala är 339 km och Karl-Johan Gyllenstorm beräknade körtiden till cirka 231 minuter.,<url><loc>https://pendlings-app1.t-767929534-cloudflare.workers.dev/?fran=Gävle&amp;till=Motala</loc><changefreq>monthly</changefreq></url>
Gävle,Enköping,147,100,Avståndet mellan Gävle och Enköping är 147 km och Karl-Johan Gyllenstorm beräknade körtiden till cirka 100 minuter.,<url><loc>https://pendlings-app1.t-767929534-cloudflare.workers.dev/?fran=Gävle&amp;till=Enköping</loc><changefreq>monthly</changefreq></url>
Gävle,Örnsköldsvik,386,263,Avståndet mellan Gävle och Örnsköldsvik är 386 km och Karl-Johan Gyllenstorm beräknade körtiden till cirka 263 minuter.,<url><loc>https://pendlings-app1.t-767929534-cloudflare.workers.dev/?fran=Gävle&amp;till=Örnsköldsvik</loc><changefreq>monthly</changefreq></url>
Gävle,Nyköping,273,186,Avståndet mellan Gävle och Nyköping är 273 km och Karl-Johan Gyllenstorm beräknade körtiden till cirka 186 minuter.,<url><loc>https://pendlings-app1.t-767929534-cloudflare.workers.dev/?fran=Gävle&amp;till=Nyköping</loc><changefreq>monthly</changefreq></url>
Gävle,Karlshamn,663,452,Avståndet mellan Gävle och Karlshamn är 663 km och Karl-Johan Gyllenstorm beräknade körtiden till cirka 452 minuter.,<url><loc>https://pendlings-app1.t-767929534-cloudflare.workers.dev/?fran=Gävle&amp;till=Karlshamn</loc><changefreq>monthly</changefreq></url>
Gävle,Västervik,416,283,Avståndet mellan Gävle och Västervik är 416 km och Karl-Johan Gyllenstorm beräknade körtiden till cirka 283 minuter.,<url><loc>https://pendlings-app1.t-767929534-cloudflare.workers.dev/?fran=Gävle&amp;till=Västervik</loc><changefreq>monthly</changefreq></url>
Gävle,Eslöv,745,507,Avståndet mellan Gävle och Eslöv är 745 km och Karl-Johan Gyllenstorm beräknade körtiden till cirka 507 minuter.,<url><loc>https://pendlings-app1.t-767929534-cloudflare.workers.dev/?fran=Gävle&amp;till=Eslöv</loc><changefreq>monthly</changefreq></url>
Gävle,Härnösand,283,192,Avståndet mellan Gävle och Härnösand är 283 km och Karl-Johan Gyllenstorm beräknade körtiden till cirka 192 minuter.,<url><loc>https://pendlings-app1.t-767929534-cloudflare.workers.dev/?fran=Gävle&amp;till=Härnösand</loc><changefreq>monthly</changefreq></url>
Gävle,Ystad,787,536,Avståndet mellan Gävle och Ystad är 787 km och Karl-Johan Gyllenstorm beräknade körtiden till cirka 536 minuter.,<url><loc>https://pendlings-app1.t-767929534-cloudflare.workers.dev/?fran=Gävle&amp;till=Ystad</loc><changefreq>monthly</changefreq></url>
Gävle,Katrineholm,248,169,Avståndet mellan Gävle och Katrineholm är 248 km och Karl-Johan Gyllenstorm beräknade körtiden till cirka 169 minuter.,<url><loc>https://pendlings-app1.t-767929534-cloudflare.workers.dev/?fran=Gävle&amp;till=Katrineholm</loc><changefreq>monthly</changefreq></url>
Gävle,Mariestad,367,250,Avståndet mellan Gävle och Mariestad är 367 km och Karl-Johan Gyllenstorm beräknade körtiden till cirka 250 minuter.,<url><loc>https://pendlings-app1.t-767929534-cloudflare.workers.dev/?fran=Gävle&amp;till=Mariestad</loc><changefreq>monthly</changefreq></url>
Gävle,Lidköping,421,287,Avståndet mellan Gävle och Lidköping är 421 km och Karl-Johan Gyllenstorm beräknade körtiden till cirka 287 minuter.,<url><loc>https://pendlings-app1.t-767929534-cloudflare.workers.dev/?fran=Gävle&amp;till=Lidköping</loc><changefreq>monthly</changefreq></url>
Gävle,Vänersborg,477,325,Avståndet mellan Gävle och Vänersborg är 477 km och Karl-Johan Gyllenstorm beräknade körtiden till cirka 325 minuter.,<url><loc>https://pendlings-app1.t-767929534-cloudflare.workers.dev/?fran=Gävle&amp;till=Vänersborg</loc><changefreq>monthly</changefreq></url>
Gävle,Värnamo,546,372,Avståndet mellan Gävle och Värnamo är 546 km och Karl-Johan Gyllenstorm beräknade körtiden till cirka 372 minuter.,<url><loc>https://pendlings-app1.t-767929534-cloudflare.workers.dev/?fran=Gävle&amp;till=Värnamo</loc><changefreq>monthly</changefreq></url>
Gävle,Kiruna,1039,708,Avståndet mellan Gävle och Kiruna är 1039 km och Karl-Johan Gyllenstorm beräknade körtiden till cirka 708 minuter.,<url><loc>https://pendlings-app1.t-767929534-cloudflare.workers.dev/?fran=Gävle&amp;till=Kiruna</loc><changefreq>monthly</changefreq></url>
Gävle,Hudiksvall,150,102,Avståndet mellan Gävle och Hudiksvall är 150 km och Karl-Johan Gyllenstorm beräknade körtiden till cirka 102 minuter.,<url><loc>https://pendlings-app1.t-767929534-cloudflare.workers.dev/?fran=Gävle&amp;till=Hudiksvall</loc><changefreq>monthly</changefreq></url>
Gävle,Falkenberg,636,433,Avståndet mellan Gävle och Falkenberg är 636 km och Karl-Johan Gyllenstorm beräknade körtiden till cirka 433 minuter.,<url><loc>https://pendlings-app1.t-767929534-cloudflare.workers.dev/?fran=Gävle&amp;till=Falkenberg</loc><changefreq>monthly</changefreq></url>
Gävle,Visby,560,480,Avståndet mellan Gävle och Visby är 560 km och Karl-Johan Gyllenstorm beräknade körtiden till cirka 480 minuter.,<url><loc>https://pendlings-app1.t-767929534-cloudflare.workers.dev/?fran=Gävle&amp;till=Visby</loc><changefreq>monthly</changefreq></url>
Borås,Stockholm,444,302,Avståndet mellan Borås och Stockholm är 444 km och Karl-Johan Gyllenstorm beräknade körtiden till cirka 302 minuter.,<url><loc>https://pendlings-app1.t-767929534-cloudflare.workers.dev/?fran=Borås&amp;till=Stockholm</loc><changefreq>monthly</changefreq></url>
Borås,Göteborg,73,62,Avståndet mellan Borås och Göteborg är 73 km och Karl-Johan Gyllenstorm beräknade körtiden till cirka 62 minuter.,<url><loc>https://pendlings-app1.t-767929534-cloudflare.workers.dev/?fran=Borås&amp;till=Göteborg</loc><changefreq>monthly</changefreq></url>
Borås,Malmö,301,205,Avståndet mellan Borås och Malmö är 301 km och Karl-Johan Gyllenstorm beräknade körtiden till cirka 205 minuter.,<url><loc>https://pendlings-app1.t-767929534-cloudflare.workers.dev/?fran=Borås&amp;till=Malmö</loc><changefreq>monthly</changefreq></url>
Borås,Uppsala,460,313,Avståndet mellan Borås och Uppsala är 460 km och Karl-Johan Gyllenstorm beräknade körtiden till cirka 313 minuter.,<url><loc>https://pendlings-app1.t-767929534-cloudflare.workers.dev/?fran=Borås&amp;till=Uppsala</loc><changefreq>monthly</changefreq></url>
Borås,Västerås,378,257,Avståndet mellan Borås och Västerås är 378 km och Karl-Johan Gyllenstorm beräknade körtiden till cirka 257 minuter.,<url><loc>https://pendlings-app1.t-767929534-cloudflare.workers.dev/?fran=Borås&amp;till=Västerås</loc><changefreq>monthly</changefreq></url>
Borås,Örebro,278,189,Avståndet mellan Borås och Örebro är 278 km och Karl-Johan Gyllenstorm beräknade körtiden till cirka 189 minuter.,<url><loc>https://pendlings-app1.t-767929534-cloudflare.workers.dev/?fran=Borås&amp;till=Örebro</loc><changefreq>monthly</changefreq></url>
Borås,Linköping,224,152,Avståndet mellan Borås och Linköping är 224 km och Karl-Johan Gyllenstorm beräknade körtiden till cirka 152 minuter.,<url><loc>https://pendlings-app1.t-767929534-cloudflare.workers.dev/?fran=Borås&amp;till=Linköping</loc><changefreq>monthly</changefreq></url>
Borås,Helsingborg,239,162,Avståndet mellan Borås och Helsingborg är 239 km och Karl-Johan Gyllenstorm beräknade körtiden till cirka 162 minuter.,<url><loc>https://pendlings-app1.t-767929534-cloudflare.workers.dev/?fran=Borås&amp;till=Helsingborg</loc><changefreq>monthly</changefreq></url>
Borås,Jönköping,93,79,Avståndet mellan Borås och Jönköping är 93 km och Karl-Johan Gyllenstorm beräknade körtiden till cirka 79 minuter.,<url><loc>https://pendlings-app1.t-767929534-cloudflare.workers.dev/?fran=Borås&amp;till=Jönköping</loc><changefreq>monthly</changefreq></url>
Borås,Norrköping,273,186,Avståndet mellan Borås och Norrköping är 273 km och Karl-Johan Gyllenstorm beräknade körtiden till cirka 186 minuter.,<url><loc>https://pendlings-app1.t-767929534-cloudflare.workers.dev/?fran=Borås&amp;till=Norrköping</loc><changefreq>monthly</changefreq></url>
Borås,Lund,287,195,Avståndet mellan Borås och Lund är 287 km och Karl-Johan Gyllenstorm beräknade körtiden till cirka 195 minuter.,<url><loc>https://pendlings-app1.t-767929534-cloudflare.workers.dev/?fran=Borås&amp;till=Lund</loc><changefreq>monthly</changefreq></url>
Borås,Umeå,1005,685,Avståndet mellan Borås och Umeå är 1005 km och Karl-Johan Gyllenstorm beräknade körtiden till cirka 685 minuter.,<url><loc>https://pendlings-app1.t-767929534-cloudflare.workers.dev/?fran=Borås&amp;till=Umeå</loc><changefreq>monthly</changefreq></url>
Borås,Gävle,519,353,Avståndet mellan Borås och Gävle är 519 km och Karl-Johan Gyllenstorm beräknade körtiden till cirka 353 minuter.,<url><loc>https://pendlings-app1.t-767929534-cloudflare.workers.dev/?fran=Borås&amp;till=Gävle</loc><changefreq>monthly</changefreq></url>
Borås,Södertälje,406,276,Avståndet mellan Borås och Södertälje är 406 km och Karl-Johan Gyllenstorm beräknade körtiden till cirka 276 minuter.,<url><loc>https://pendlings-app1.t-767929534-cloudflare.workers.dev/?fran=Borås&amp;till=Södertälje</loc><changefreq>monthly</changefreq></url>
Borås,Eskilstuna,354,241,Avståndet mellan Borås och Eskilstuna är 354 km och Karl-Johan Gyllenstorm beräknade körtiden till cirka 241 minuter.,<url><loc>https://pendlings-app1.t-767929534-cloudflare.workers.dev/?fran=Borås&amp;till=Eskilstuna</loc><changefreq>monthly</changefreq></url>
Borås,Halmstad,149,101,Avståndet mellan Borås och Halmstad är 149 km och Karl-Johan Gyllenstorm beräknade körtiden till cirka 101 minuter.,<url><loc>https://pendlings-app1.t-767929534-cloudflare.workers.dev/?fran=Borås&amp;till=Halmstad</loc><changefreq>monthly</changefreq></url>
Borås,Växjö,187,127,Avståndet mellan Borås och Växjö är 187 km och Karl-Johan Gyllenstorm beräknade körtiden till cirka 127 minuter.,<url><loc>https://pendlings-app1.t-767929534-cloudflare.workers.dev/?fran=Borås&amp;till=Växjö</loc><changefreq>monthly</changefreq></url>
Borås,Karlstad,239,162,Avståndet mellan Borås och Karlstad är 239 km och Karl-Johan Gyllenstorm beräknade körtiden till cirka 162 minuter.,<url><loc>https://pendlings-app1.t-767929534-cloudflare.workers.dev/?fran=Borås&amp;till=Karlstad</loc><changefreq>monthly</changefreq></url>
Borås,Piteå,1224,834,Avståndet mellan Borås och Piteå är 1224 km och Karl-Johan Gyllenstorm beräknade körtiden till cirka 834 minuter.,<url><loc>https://pendlings-app1.t-767929534-cloudflare.workers.dev/?fran=Borås&amp;till=Piteå</loc><changefreq>monthly</changefreq></url>
Borås,Luleå,1277,870,Avståndet mellan Borås och Luleå är 1277 km och Karl-Johan Gyllenstorm beräknade körtiden till cirka 870 minuter.,<url><loc>https://pendlings-app1.t-767929534-cloudflare.workers.dev/?fran=Borås&amp;till=Luleå</loc><changefreq>monthly</changefreq></url>
Borås,Trollhättan,94,80,Avståndet mellan Borås och Trollhättan är 94 km och Karl-Johan Gyllenstorm beräknade körtiden till cirka 80 minuter.,<url><loc>https://pendlings-app1.t-767929534-cloudflare.workers.dev/?fran=Borås&amp;till=Trollhättan</loc><changefreq>monthly</changefreq></url>
Borås,Östersund,785,535,Avståndet mellan Borås och Östersund är 785 km och Karl-Johan Gyllenstorm beräknade körtiden till cirka 535 minuter.,<url><loc>https://pendlings-app1.t-767929534-cloudflare.workers.dev/?fran=Borås&amp;till=Östersund</loc><changefreq>monthly</changefreq></url>
Borås,Borlänge,433,295,Avståndet mellan Borås och Borlänge är 433 km och Karl-Johan Gyllenstorm beräknade körtiden till cirka 295 minuter.,<url><loc>https://pendlings-app1.t-767929534-cloudflare.workers.dev/?fran=Borås&amp;till=Borlänge</loc><changefreq>monthly</changefreq></url>
Borås,Falun,454,309,Avståndet mellan Borås och Falun är 454 km och Karl-Johan Gyllenstorm beräknade körtiden till cirka 309 minuter.,<url><loc>https://pendlings-app1.t-767929534-cloudflare.workers.dev/?fran=Borås&amp;till=Falun</loc><changefreq>monthly</changefreq></url>
Borås,Kalmar,303,206,Avståndet mellan Borås och Kalmar är 303 km och Karl-Johan Gyllenstorm beräknade körtiden till cirka 206 minuter.,<url><loc>https://pendlings-app1.t-767929534-cloudflare.workers.dev/?fran=Borås&amp;till=Kalmar</loc><changefreq>monthly</changefreq></url>
Borås,Skövde,117,79,Avståndet mellan Borås och Skövde är 117 km och Karl-Johan Gyllenstorm beräknade körtiden till cirka 79 minuter.,<url><loc>https://pendlings-app1.t-767929534-cloudflare.workers.dev/?fran=Borås&amp;till=Skövde</loc><changefreq>monthly</changefreq></url>
Borås,Kristianstad,258,175,Avståndet mellan Borås och Kristianstad är 258 km och Karl-Johan Gyllenstorm beräknade körtiden till cirka 175 minuter.,<url><loc>https://pendlings-app1.t-767929534-cloudflare.workers.dev/?fran=Borås&amp;till=Kristianstad</loc><changefreq>monthly</changefreq></url>
Borås,Karlskrona,302,205,Avståndet mellan Borås och Karlskrona är 302 km och Karl-Johan Gyllenstorm beräknade körtiden till cirka 205 minuter.,<url><loc>https://pendlings-app1.t-767929534-cloudflare.workers.dev/?fran=Borås&amp;till=Karlskrona</loc><changefreq>monthly</changefreq></url>
Borås,Skellefteå,1139,776,Avståndet mellan Borås och Skellefteå är 1139 km och Karl-Johan Gyllenstorm beräknade körtiden till cirka 776 minuter.,<url><loc>https://pendlings-app1.t-767929534-cloudflare.workers.dev/?fran=Borås&amp;till=Skellefteå</loc><changefreq>monthly</changefreq></url>
Borås,Uddevalla,117,79,Avståndet mellan Borås och Uddevalla är 117 km och Karl-Johan Gyllenstorm beräknade körtiden till cirka 79 minuter.,<url><loc>https://pendlings-app1.t-767929534-cloudflare.workers.dev/?fran=Borås&amp;till=Uddevalla</loc><changefreq>monthly</changefreq></url>
Borås,Varberg,102,69,Avståndet mellan Borås och Varberg är 102 km och Karl-Johan Gyllenstorm beräknade körtiden till cirka 69 minuter.,<url><loc>https://pendlings-app1.t-767929534-cloudflare.workers.dev/?fran=Borås&amp;till=Varberg</loc><changefreq>monthly</changefreq></url>
Borås,Motala,195,132,Avståndet mellan Borås och Motala är 195 km och Karl-Johan Gyllenstorm beräknade körtiden till cirka 132 minuter.,<url><loc>https://pendlings-app1.t-767929534-cloudflare.workers.dev/?fran=Borås&amp;till=Motala</loc><changefreq>monthly</changefreq></url>
Borås,Enköping,409,278,Avståndet mellan Borås och Enköping är 409 km och Karl-Johan Gyllenstorm beräknade körtiden till cirka 278 minuter.,<url><loc>https://pendlings-app1.t-767929534-cloudflare.workers.dev/?fran=Borås&amp;till=Enköping</loc><changefreq>monthly</changefreq></url>
Borås,Örnsköldsvik,889,606,Avståndet mellan Borås och Örnsköldsvik är 889 km och Karl-Johan Gyllenstorm beräknade körtiden till cirka 606 minuter.,<url><loc>https://pendlings-app1.t-767929534-cloudflare.workers.dev/?fran=Borås&amp;till=Örnsköldsvik</loc><changefreq>monthly</changefreq></url>
Borås,Nyköping,338,230,Avståndet mellan Borås och Nyköping är 338 km och Karl-Johan Gyllenstorm beräknade körtiden till cirka 230 minuter.,<url><loc>https://pendlings-app1.t-767929534-cloudflare.workers.dev/?fran=Borås&amp;till=Nyköping</loc><changefreq>monthly</changefreq></url>
Borås,Karlshamn,266,181,Avståndet mellan Borås och Karlshamn är 266 km och Karl-Johan Gyllenstorm beräknade körtiden till cirka 181 minuter.,<url><loc>https://pendlings-app1.t-767929534-cloudflare.workers.dev/?fran=Borås&amp;till=Karlshamn</loc><changefreq>monthly</changefreq></url>
Borås,Västervik,280,190,Avståndet mellan Borås och Västervik är 280 km och Karl-Johan Gyllenstorm beräknade körtiden till cirka 190 minuter.,<url><loc>https://pendlings-app1.t-767929534-cloudflare.workers.dev/?fran=Borås&amp;till=Västervik</loc><changefreq>monthly</changefreq></url>
Borås,Eslöv,269,183,Avståndet mellan Borås och Eslöv är 269 km och Karl-Johan Gyllenstorm beräknade körtiden till cirka 183 minuter.,<url><loc>https://pendlings-app1.t-767929534-cloudflare.workers.dev/?fran=Borås&amp;till=Eslöv</loc><changefreq>monthly</changefreq></url>
Borås,Härnösand,782,533,Avståndet mellan Borås och Härnösand är 782 km och Karl-Johan Gyllenstorm beräknade körtiden till cirka 533 minuter.,<url><loc>https://pendlings-app1.t-767929534-cloudflare.workers.dev/?fran=Borås&amp;till=Härnösand</loc><changefreq>monthly</changefreq></url>
Borås,Ystad,333,227,Avståndet mellan Borås och Ystad är 333 km och Karl-Johan Gyllenstorm beräknade körtiden till cirka 227 minuter.,<url><loc>https://pendlings-app1.t-767929534-cloudflare.workers.dev/?fran=Borås&amp;till=Ystad</loc><changefreq>monthly</changefreq></url>
Borås,Katrineholm,303,206,Avståndet mellan Borås och Katrineholm är 303 km och Karl-Johan Gyllenstorm beräknade körtiden till cirka 206 minuter.,<url><loc>https://pendlings-app1.t-767929534-cloudflare.workers.dev/?fran=Borås&amp;till=Katrineholm</loc><changefreq>monthly</changefreq></url>
Borås,Mariestad,155,105,Avståndet mellan Borås och Mariestad är 155 km och Karl-Johan Gyllenstorm beräknade körtiden till cirka 105 minuter.,<url><loc>https://pendlings-app1.t-767929534-cloudflare.workers.dev/?fran=Borås&amp;till=Mariestad</loc><changefreq>monthly</changefreq></url>
Borås,Lidköping,112,76,Avståndet mellan Borås och Lidköping är 112 km och Karl-Johan Gyllenstorm beräknade körtiden till cirka 76 minuter.,<url><loc>https://pendlings-app1.t-767929534-cloudflare.workers.dev/?fran=Borås&amp;till=Lidköping</loc><changefreq>monthly</changefreq></url>
Borås,Vänersborg,103,70,Avståndet mellan Borås och Vänersborg är 103 km och Karl-Johan Gyllenstorm beräknade körtiden till cirka 70 minuter.,<url><loc>https://pendlings-app1.t-767929534-cloudflare.workers.dev/?fran=Borås&amp;till=Vänersborg</loc><changefreq>monthly</changefreq></url>
Borås,Värnamo,113,77,Avståndet mellan Borås och Värnamo är 113 km och Karl-Johan Gyllenstorm beräknade körtiden till cirka 77 minuter.,<url><loc>https://pendlings-app1.t-767929534-cloudflare.workers.dev/?fran=Borås&amp;till=Värnamo</loc><changefreq>monthly</changefreq></url>
Borås,Kiruna,1515,1032,Avståndet mellan Borås och Kiruna är 1515 km och Karl-Johan Gyllenstorm beräknade körtiden till cirka 1032 minuter.,<url><loc>https://pendlings-app1.t-767929534-cloudflare.workers.dev/?fran=Borås&amp;till=Kiruna</loc><changefreq>monthly</changefreq></url>
Borås,Hudiksvall,643,438,Avståndet mellan Borås och Hudiksvall är 643 km och Karl-Johan Gyllenstorm beräknade körtiden till cirka 438 minuter.,<url><loc>https://pendlings-app1.t-767929534-cloudflare.workers.dev/?fran=Borås&amp;till=Hudiksvall</loc><changefreq>monthly</changefreq></url>
Borås,Falkenberg,121,82,Avståndet mellan Borås och Falkenberg är 121 km och Karl-Johan Gyllenstorm beräknade körtiden till cirka 82 minuter.,<url><loc>https://pendlings-app1.t-767929534-cloudflare.workers.dev/?fran=Borås&amp;till=Falkenberg</loc><changefreq>monthly</changefreq></url>
Borås,Visby,527,457,Avståndet mellan Borås och Visby är 527 km och Karl-Johan Gyllenstorm beräknade körtiden till cirka 457 minuter.,<url><loc>https://pendlings-app1.t-767929534-cloudflare.workers.dev/?fran=Borås&amp;till=Visby</loc><changefreq>monthly</changefreq></url>
Södertälje,Stockholm,37,31,Avståndet mellan Södertälje och Stockholm är 37 km och Karl-Johan Gyllenstorm beräknade körtiden till cirka 31 minuter.,<url><loc>https://pendlings-app1.t-767929534-cloudflare.workers.dev/?fran=Södertälje&amp;till=Stockholm</loc><changefreq>monthly</changefreq></url>
Södertälje,Göteborg,470,320,Avståndet mellan Södertälje och Göteborg är 470 km och Karl-Johan Gyllenstorm beräknade körtiden till cirka 320 minuter.,<url><loc>https://pendlings-app1.t-767929534-cloudflare.workers.dev/?fran=Södertälje&amp;till=Göteborg</loc><changefreq>monthly</changefreq></url>
Södertälje,Malmö,621,423,Avståndet mellan Södertälje och Malmö är 621 km och Karl-Johan Gyllenstorm beräknade körtiden till cirka 423 minuter.,<url><loc>https://pendlings-app1.t-767929534-cloudflare.workers.dev/?fran=Södertälje&amp;till=Malmö</loc><changefreq>monthly</changefreq></url>
Södertälje,Uppsala,94,80,Avståndet mellan Södertälje och Uppsala är 94 km och Karl-Johan Gyllenstorm beräknade körtiden till cirka 80 minuter.,<url><loc>https://pendlings-app1.t-767929534-cloudflare.workers.dev/?fran=Södertälje&amp;till=Uppsala</loc><changefreq>monthly</changefreq></url>
Södertälje,Västerås,98,84,Avståndet mellan Södertälje och Västerås är 98 km och Karl-Johan Gyllenstorm beräknade körtiden till cirka 84 minuter.,<url><loc>https://pendlings-app1.t-767929534-cloudflare.workers.dev/?fran=Södertälje&amp;till=Västerås</loc><changefreq>monthly</changefreq></url>
Södertälje,Örebro,175,119,Avståndet mellan Södertälje och Örebro är 175 km och Karl-Johan Gyllenstorm beräknade körtiden till cirka 119 minuter.,<url><loc>https://pendlings-app1.t-767929534-cloudflare.workers.dev/?fran=Södertälje&amp;till=Örebro</loc><changefreq>monthly</changefreq></url>
Södertälje,Linköping,185,126,Avståndet mellan Södertälje och Linköping är 185 km och Karl-Johan Gyllenstorm beräknade körtiden till cirka 126 minuter.,<url><loc>https://pendlings-app1.t-767929534-cloudflare.workers.dev/?fran=Södertälje&amp;till=Linköping</loc><changefreq>monthly</changefreq></url>
Södertälje,Helsingborg,584,398,Avståndet mellan Södertälje och Helsingborg är 584 km och Karl-Johan Gyllenstorm beräknade körtiden till cirka 398 minuter.,<url><loc>https://pendlings-app1.t-767929534-cloudflare.workers.dev/?fran=Södertälje&amp;till=Helsingborg</loc><changefreq>monthly</changefreq></url>
Södertälje,Jönköping,326,222,Avståndet mellan Södertälje och Jönköping är 326 km och Karl-Johan Gyllenstorm beräknade körtiden till cirka 222 minuter.,<url><loc>https://pendlings-app1.t-767929534-cloudflare.workers.dev/?fran=Södertälje&amp;till=Jönköping</loc><changefreq>monthly</changefreq></url>
Södertälje,Norrköping,136,92,Avståndet mellan Södertälje och Norrköping är 136 km och Karl-Johan Gyllenstorm beräknade körtiden till cirka 92 minuter.,<url><loc>https://pendlings-app1.t-767929534-cloudflare.workers.dev/?fran=Södertälje&amp;till=Norrköping</loc><changefreq>monthly</changefreq></url>
Södertälje,Lund,601,409,Avståndet mellan Södertälje och Lund är 601 km och Karl-Johan Gyllenstorm beräknade körtiden till cirka 409 minuter.,<url><loc>https://pendlings-app1.t-767929534-cloudflare.workers.dev/?fran=Södertälje&amp;till=Lund</loc><changefreq>monthly</changefreq></url>
Södertälje,Umeå,682,465,Avståndet mellan Södertälje och Umeå är 682 km och Karl-Johan Gyllenstorm beräknade körtiden till cirka 465 minuter.,<url><loc>https://pendlings-app1.t-767929534-cloudflare.workers.dev/?fran=Södertälje&amp;till=Umeå</loc><changefreq>monthly</changefreq></url>
Södertälje,Gävle,213,145,Avståndet mellan Södertälje och Gävle är 213 km och Karl-Johan Gyllenstorm beräknade körtiden till cirka 145 minuter.,<url><loc>https://pendlings-app1.t-767929534-cloudflare.workers.dev/?fran=Södertälje&amp;till=Gävle</loc><changefreq>monthly</changefreq></url>
Södertälje,Borås,406,276,Avståndet mellan Södertälje och Borås är 406 km och Karl-Johan Gyllenstorm beräknade körtiden till cirka 276 minuter.,<url><loc>https://pendlings-app1.t-767929534-cloudflare.workers.dev/?fran=Södertälje&amp;till=Borås</loc><changefreq>monthly</changefreq></url>
Södertälje,Eskilstuna,84,72,Avståndet mellan Södertälje och Eskilstuna är 84 km och Karl-Johan Gyllenstorm beräknade körtiden till cirka 72 minuter.,<url><loc>https://pendlings-app1.t-767929534-cloudflare.workers.dev/?fran=Södertälje&amp;till=Eskilstuna</loc><changefreq>monthly</changefreq></url>
Södertälje,Halmstad,508,346,Avståndet mellan Södertälje och Halmstad är 508 km och Karl-Johan Gyllenstorm beräknade körtiden till cirka 346 minuter.,<url><loc>https://pendlings-app1.t-767929534-cloudflare.workers.dev/?fran=Södertälje&amp;till=Halmstad</loc><changefreq>monthly</changefreq></url>
Södertälje,Växjö,392,267,Avståndet mellan Södertälje och Växjö är 392 km och Karl-Johan Gyllenstorm beräknade körtiden till cirka 267 minuter.,<url><loc>https://pendlings-app1.t-767929534-cloudflare.workers.dev/?fran=Södertälje&amp;till=Växjö</loc><changefreq>monthly</changefreq></url>
Södertälje,Karlstad,300,204,Avståndet mellan Södertälje och Karlstad är 300 km och Karl-Johan Gyllenstorm beräknade körtiden till cirka 204 minuter.,<url><loc>https://pendlings-app1.t-767929534-cloudflare.workers.dev/?fran=Södertälje&amp;till=Karlstad</loc><changefreq>monthly</changefreq></url>
Södertälje,Piteå,907,618,Avståndet mellan Södertälje och Piteå är 907 km och Karl-Johan Gyllenstorm beräknade körtiden till cirka 618 minuter.,<url><loc>https://pendlings-app1.t-767929534-cloudflare.workers.dev/?fran=Södertälje&amp;till=Piteå</loc><changefreq>monthly</changefreq></url>
Södertälje,Luleå,956,651,Avståndet mellan Södertälje och Luleå är 956 km och Karl-Johan Gyllenstorm beräknade körtiden till cirka 651 minuter.,<url><loc>https://pendlings-app1.t-767929534-cloudflare.workers.dev/?fran=Södertälje&amp;till=Luleå</loc><changefreq>monthly</changefreq></url>
Södertälje,Trollhättan,415,282,Avståndet mellan Södertälje och Trollhättan är 415 km och Karl-Johan Gyllenstorm beräknade körtiden till cirka 282 minuter.,<url><loc>https://pendlings-app1.t-767929534-cloudflare.workers.dev/?fran=Södertälje&amp;till=Trollhättan</loc><changefreq>monthly</changefreq></url>
Södertälje,Östersund,602,410,Avståndet mellan Södertälje och Östersund är 602 km och Karl-Johan Gyllenstorm beräknade körtiden till cirka 410 minuter.,<url><loc>https://pendlings-app1.t-767929534-cloudflare.workers.dev/?fran=Södertälje&amp;till=Östersund</loc><changefreq>monthly</changefreq></url>
Södertälje,Borlänge,241,164,Avståndet mellan Södertälje och Borlänge är 241 km och Karl-Johan Gyllenstorm beräknade körtiden till cirka 164 minuter.,<url><loc>https://pendlings-app1.t-767929534-cloudflare.workers.dev/?fran=Södertälje&amp;till=Borlänge</loc><changefreq>monthly</changefreq></url>
Södertälje,Falun,246,167,Avståndet mellan Södertälje och Falun är 246 km och Karl-Johan Gyllenstorm beräknade körtiden till cirka 167 minuter.,<url><loc>https://pendlings-app1.t-767929534-cloudflare.workers.dev/?fran=Södertälje&amp;till=Falun</loc><changefreq>monthly</changefreq></url>
Södertälje,Kalmar,372,253,Avståndet mellan Södertälje och Kalmar är 372 km och Karl-Johan Gyllenstorm beräknade körtiden till cirka 253 minuter.,<url><loc>https://pendlings-app1.t-767929534-cloudflare.workers.dev/?fran=Södertälje&amp;till=Kalmar</loc><changefreq>monthly</changefreq></url>
Södertälje,Skövde,301,205,Avståndet mellan Södertälje och Skövde är 301 km och Karl-Johan Gyllenstorm beräknade körtiden till cirka 205 minuter.,<url><loc>https://pendlings-app1.t-767929534-cloudflare.workers.dev/?fran=Södertälje&amp;till=Skövde</loc><changefreq>monthly</changefreq></url>
Södertälje,Kristianstad,522,355,Avståndet mellan Södertälje och Kristianstad är 522 km och Karl-Johan Gyllenstorm beräknade körtiden till cirka 355 minuter.,<url><loc>https://pendlings-app1.t-767929534-cloudflare.workers.dev/?fran=Södertälje&amp;till=Kristianstad</loc><changefreq>monthly</changefreq></url>
Södertälje,Karlskrona,458,312,Avståndet mellan Södertälje och Karlskrona är 458 km och Karl-Johan Gyllenstorm beräknade körtiden till cirka 312 minuter.,<url><loc>https://pendlings-app1.t-767929534-cloudflare.workers.dev/?fran=Södertälje&amp;till=Karlskrona</loc><changefreq>monthly</changefreq></url>
Södertälje,Skellefteå,821,559,Avståndet mellan Södertälje och Skellefteå är 821 km och Karl-Johan Gyllenstorm beräknade körtiden till cirka 559 minuter.,<url><loc>https://pendlings-app1.t-767929534-cloudflare.workers.dev/?fran=Södertälje&amp;till=Skellefteå</loc><changefreq>monthly</changefreq></url>
Södertälje,Uddevalla,436,297,Avståndet mellan Södertälje och Uddevalla är 436 km och Karl-Johan Gyllenstorm beräknade körtiden till cirka 297 minuter.,<url><loc>https://pendlings-app1.t-767929534-cloudflare.workers.dev/?fran=Södertälje&amp;till=Uddevalla</loc><changefreq>monthly</changefreq></url>
Södertälje,Varberg,500,340,Avståndet mellan Södertälje och Varberg är 500 km och Karl-Johan Gyllenstorm beräknade körtiden till cirka 340 minuter.,<url><loc>https://pendlings-app1.t-767929534-cloudflare.workers.dev/?fran=Södertälje&amp;till=Varberg</loc><changefreq>monthly</changefreq></url>
Södertälje,Motala,212,144,Avståndet mellan Södertälje och Motala är 212 km och Karl-Johan Gyllenstorm beräknade körtiden till cirka 144 minuter.,<url><loc>https://pendlings-app1.t-767929534-cloudflare.workers.dev/?fran=Södertälje&amp;till=Motala</loc><changefreq>monthly</changefreq></url>
Södertälje,Enköping,74,63,Avståndet mellan Södertälje och Enköping är 74 km och Karl-Johan Gyllenstorm beräknade körtiden till cirka 63 minuter.,<url><loc>https://pendlings-app1.t-767929534-cloudflare.workers.dev/?fran=Södertälje&amp;till=Enköping</loc><changefreq>monthly</changefreq></url>
Södertälje,Örnsköldsvik,587,400,Avståndet mellan Södertälje och Örnsköldsvik är 587 km och Karl-Johan Gyllenstorm beräknade körtiden till cirka 400 minuter.,<url><loc>https://pendlings-app1.t-767929534-cloudflare.workers.dev/?fran=Södertälje&amp;till=Örnsköldsvik</loc><changefreq>monthly</changefreq></url>
Södertälje,Nyköping,77,66,Avståndet mellan Södertälje och Nyköping är 77 km och Karl-Johan Gyllenstorm beräknade körtiden till cirka 66 minuter.,<url><loc>https://pendlings-app1.t-767929534-cloudflare.workers.dev/?fran=Södertälje&amp;till=Nyköping</loc><changefreq>monthly</changefreq></url>
Södertälje,Karlshamn,479,326,Avståndet mellan Södertälje och Karlshamn är 479 km och Karl-Johan Gyllenstorm beräknade körtiden till cirka 326 minuter.,<url><loc>https://pendlings-app1.t-767929534-cloudflare.workers.dev/?fran=Södertälje&amp;till=Karlshamn</loc><changefreq>monthly</changefreq></url>
Södertälje,Västervik,217,147,Avståndet mellan Södertälje och Västervik är 217 km och Karl-Johan Gyllenstorm beräknade körtiden till cirka 147 minuter.,<url><loc>https://pendlings-app1.t-767929534-cloudflare.workers.dev/?fran=Södertälje&amp;till=Västervik</loc><changefreq>monthly</changefreq></url>
Södertälje,Eslöv,580,395,Avståndet mellan Södertälje och Eslöv är 580 km och Karl-Johan Gyllenstorm beräknade körtiden till cirka 395 minuter.,<url><loc>https://pendlings-app1.t-767929534-cloudflare.workers.dev/?fran=Södertälje&amp;till=Eslöv</loc><changefreq>monthly</changefreq></url>
Södertälje,Härnösand,489,333,Avståndet mellan Södertälje och Härnösand är 489 km och Karl-Johan Gyllenstorm beräknade körtiden till cirka 333 minuter.,<url><loc>https://pendlings-app1.t-767929534-cloudflare.workers.dev/?fran=Södertälje&amp;till=Härnösand</loc><changefreq>monthly</changefreq></url>
Södertälje,Ystad,610,415,Avståndet mellan Södertälje och Ystad är 610 km och Karl-Johan Gyllenstorm beräknade körtiden till cirka 415 minuter.,<url><loc>https://pendlings-app1.t-767929534-cloudflare.workers.dev/?fran=Södertälje&amp;till=Ystad</loc><changefreq>monthly</changefreq></url>
Södertälje,Katrineholm,107,72,Avståndet mellan Södertälje och Katrineholm är 107 km och Karl-Johan Gyllenstorm beräknade körtiden till cirka 72 minuter.,<url><loc>https://pendlings-app1.t-767929534-cloudflare.workers.dev/?fran=Södertälje&amp;till=Katrineholm</loc><changefreq>monthly</changefreq></url>
Södertälje,Mariestad,287,195,Avståndet mellan Södertälje och Mariestad är 287 km och Karl-Johan Gyllenstorm beräknade körtiden till cirka 195 minuter.,<url><loc>https://pendlings-app1.t-767929534-cloudflare.workers.dev/?fran=Södertälje&amp;till=Mariestad</loc><changefreq>monthly</changefreq></url>
Södertälje,Lidköping,343,233,Avståndet mellan Södertälje och Lidköping är 343 km och Karl-Johan Gyllenstorm beräknade körtiden till cirka 233 minuter.,<url><loc>https://pendlings-app1.t-767929534-cloudflare.workers.dev/?fran=Södertälje&amp;till=Lidköping</loc><changefreq>monthly</changefreq></url>
Södertälje,Vänersborg,407,277,Avståndet mellan Södertälje och Vänersborg är 407 km och Karl-Johan Gyllenstorm beräknade körtiden till cirka 277 minuter.,<url><loc>https://pendlings-app1.t-767929534-cloudflare.workers.dev/?fran=Södertälje&amp;till=Vänersborg</loc><changefreq>monthly</changefreq></url>
Södertälje,Värnamo,392,267,Avståndet mellan Södertälje och Värnamo är 392 km och Karl-Johan Gyllenstorm beräknade körtiden till cirka 267 minuter.,<url><loc>https://pendlings-app1.t-767929534-cloudflare.workers.dev/?fran=Södertälje&amp;till=Värnamo</loc><changefreq>monthly</changefreq></url>
Södertälje,Kiruna,1243,847,Avståndet mellan Södertälje och Kiruna är 1243 km och Karl-Johan Gyllenstorm beräknade körtiden till cirka 847 minuter.,<url><loc>https://pendlings-app1.t-767929534-cloudflare.workers.dev/?fran=Södertälje&amp;till=Kiruna</loc><changefreq>monthly</changefreq></url>
Södertälje,Hudiksvall,362,246,Avståndet mellan Södertälje och Hudiksvall är 362 km och Karl-Johan Gyllenstorm beräknade körtiden till cirka 246 minuter.,<url><loc>https://pendlings-app1.t-767929534-cloudflare.workers.dev/?fran=Södertälje&amp;till=Hudiksvall</loc><changefreq>monthly</changefreq></url>
Södertälje,Falkenberg,505,344,Avståndet mellan Södertälje och Falkenberg är 505 km och Karl-Johan Gyllenstorm beräknade körtiden till cirka 344 minuter.,<url><loc>https://pendlings-app1.t-767929534-cloudflare.workers.dev/?fran=Södertälje&amp;till=Falkenberg</loc><changefreq>monthly</changefreq></url>
Södertälje,Visby,347,334,Avståndet mellan Södertälje och Visby är 347 km och Karl-Johan Gyllenstorm beräknade körtiden till cirka 334 minuter.,<url><loc>https://pendlings-app1.t-767929534-cloudflare.workers.dev/?fran=Södertälje&amp;till=Visby</loc><changefreq>monthly</changefreq></url>
Eskilstuna,Stockholm,113,77,Avståndet mellan Eskilstuna och Stockholm är 113 km och Karl-Johan Gyllenstorm beräknade körtiden till cirka 77 minuter.,<url><loc>https://pendlings-app1.t-767929534-cloudflare.workers.dev/?fran=Eskilstuna&amp;till=Stockholm</loc><changefreq>monthly</changefreq></url>
Eskilstuna,Göteborg,411,280,Avståndet mellan Eskilstuna och Göteborg är 411 km och Karl-Johan Gyllenstorm beräknade körtiden till cirka 280 minuter.,<url><loc>https://pendlings-app1.t-767929534-cloudflare.workers.dev/?fran=Eskilstuna&amp;till=Göteborg</loc><changefreq>monthly</changefreq></url>
Eskilstuna,Malmö,599,408,Avståndet mellan Eskilstuna och Malmö är 599 km och Karl-Johan Gyllenstorm beräknade körtiden till cirka 408 minuter.,<url><loc>https://pendlings-app1.t-767929534-cloudflare.workers.dev/?fran=Eskilstuna&amp;till=Malmö</loc><changefreq>monthly</changefreq></url>
Eskilstuna,Uppsala,106,72,Avståndet mellan Eskilstuna och Uppsala är 106 km och Karl-Johan Gyllenstorm beräknade körtiden till cirka 72 minuter.,<url><loc>https://pendlings-app1.t-767929534-cloudflare.workers.dev/?fran=Eskilstuna&amp;till=Uppsala</loc><changefreq>monthly</changefreq></url>
Eskilstuna,Västerås,34,29,Avståndet mellan Eskilstuna och Västerås är 34 km och Karl-Johan Gyllenstorm beräknade körtiden till cirka 29 minuter.,<url><loc>https://pendlings-app1.t-767929534-cloudflare.workers.dev/?fran=Eskilstuna&amp;till=Västerås</loc><changefreq>monthly</changefreq></url>
Eskilstuna,Örebro,95,81,Avståndet mellan Eskilstuna och Örebro är 95 km och Karl-Johan Gyllenstorm beräknade körtiden till cirka 81 minuter.,<url><loc>https://pendlings-app1.t-767929534-cloudflare.workers.dev/?fran=Eskilstuna&amp;till=Örebro</loc><changefreq>monthly</changefreq></url>
Eskilstuna,Linköping,151,102,Avståndet mellan Eskilstuna och Linköping är 151 km och Karl-Johan Gyllenstorm beräknade körtiden till cirka 102 minuter.,<url><loc>https://pendlings-app1.t-767929534-cloudflare.workers.dev/?fran=Eskilstuna&amp;till=Linköping</loc><changefreq>monthly</changefreq></url>
Eskilstuna,Helsingborg,554,377,Avståndet mellan Eskilstuna och Helsingborg är 554 km och Karl-Johan Gyllenstorm beräknade körtiden till cirka 377 minuter.,<url><loc>https://pendlings-app1.t-767929534-cloudflare.workers.dev/?fran=Eskilstuna&amp;till=Helsingborg</loc><changefreq>monthly</changefreq></url>
Eskilstuna,Jönköping,285,194,Avståndet mellan Eskilstuna och Jönköping är 285 km och Karl-Johan Gyllenstorm beräknade körtiden till cirka 194 minuter.,<url><loc>https://pendlings-app1.t-767929534-cloudflare.workers.dev/?fran=Eskilstuna&amp;till=Jönköping</loc><changefreq>monthly</changefreq></url>
Eskilstuna,Norrköping,113,77,Avståndet mellan Eskilstuna och Norrköping är 113 km och Karl-Johan Gyllenstorm beräknade körtiden till cirka 77 minuter.,<url><loc>https://pendlings-app1.t-767929534-cloudflare.workers.dev/?fran=Eskilstuna&amp;till=Norrköping</loc><changefreq>monthly</changefreq></url>
Eskilstuna,Lund,579,394,Avståndet mellan Eskilstuna och Lund är 579 km och Karl-Johan Gyllenstorm beräknade körtiden till cirka 394 minuter.,<url><loc>https://pendlings-app1.t-767929534-cloudflare.workers.dev/?fran=Eskilstuna&amp;till=Lund</loc><changefreq>monthly</changefreq></url>
Eskilstuna,Umeå,682,465,Avståndet mellan Eskilstuna och Umeå är 682 km och Karl-Johan Gyllenstorm beräknade körtiden till cirka 465 minuter.,<url><loc>https://pendlings-app1.t-767929534-cloudflare.workers.dev/?fran=Eskilstuna&amp;till=Umeå</loc><changefreq>monthly</changefreq></url>
Eskilstuna,Gävle,190,129,Avståndet mellan Eskilstuna och Gävle är 190 km och Karl-Johan Gyllenstorm beräknade körtiden till cirka 129 minuter.,<url><loc>https://pendlings-app1.t-767929534-cloudflare.workers.dev/?fran=Eskilstuna&amp;till=Gävle</loc><changefreq>monthly</changefreq></url>
Eskilstuna,Borås,354,241,Avståndet mellan Eskilstuna och Borås är 354 km och Karl-Johan Gyllenstorm beräknade körtiden till cirka 241 minuter.,<url><loc>https://pendlings-app1.t-767929534-cloudflare.workers.dev/?fran=Eskilstuna&amp;till=Borås</loc><changefreq>monthly</changefreq></url>
Eskilstuna,Södertälje,84,72,Avståndet mellan Eskilstuna och Södertälje är 84 km och Karl-Johan Gyllenstorm beräknade körtiden till cirka 72 minuter.,<url><loc>https://pendlings-app1.t-767929534-cloudflare.workers.dev/?fran=Eskilstuna&amp;till=Södertälje</loc><changefreq>monthly</changefreq></url>
Eskilstuna,Halmstad,472,321,Avståndet mellan Eskilstuna och Halmstad är 472 km och Karl-Johan Gyllenstorm beräknade körtiden till cirka 321 minuter.,<url><loc>https://pendlings-app1.t-767929534-cloudflare.workers.dev/?fran=Eskilstuna&amp;till=Halmstad</loc><changefreq>monthly</changefreq></url>
Eskilstuna,Växjö,377,257,Avståndet mellan Eskilstuna och Växjö är 377 km och Karl-Johan Gyllenstorm beräknade körtiden till cirka 257 minuter.,<url><loc>https://pendlings-app1.t-767929534-cloudflare.workers.dev/?fran=Eskilstuna&amp;till=Växjö</loc><changefreq>monthly</changefreq></url>
Eskilstuna,Karlstad,218,148,Avståndet mellan Eskilstuna och Karlstad är 218 km och Karl-Johan Gyllenstorm beräknade körtiden till cirka 148 minuter.,<url><loc>https://pendlings-app1.t-767929534-cloudflare.workers.dev/?fran=Eskilstuna&amp;till=Karlstad</loc><changefreq>monthly</changefreq></url>
Eskilstuna,Piteå,907,618,Avståndet mellan Eskilstuna och Piteå är 907 km och Karl-Johan Gyllenstorm beräknade körtiden till cirka 618 minuter.,<url><loc>https://pendlings-app1.t-767929534-cloudflare.workers.dev/?fran=Eskilstuna&amp;till=Piteå</loc><changefreq>monthly</changefreq></url>
Eskilstuna,Luleå,958,653,Avståndet mellan Eskilstuna och Luleå är 958 km och Karl-Johan Gyllenstorm beräknade körtiden till cirka 653 minuter.,<url><loc>https://pendlings-app1.t-767929534-cloudflare.workers.dev/?fran=Eskilstuna&amp;till=Luleå</loc><changefreq>monthly</changefreq></url>
Eskilstuna,Trollhättan,347,236,Avståndet mellan Eskilstuna och Trollhättan är 347 km och Karl-Johan Gyllenstorm beräknade körtiden till cirka 236 minuter.,<url><loc>https://pendlings-app1.t-767929534-cloudflare.workers.dev/?fran=Eskilstuna&amp;till=Trollhättan</loc><changefreq>monthly</changefreq></url>
Eskilstuna,Östersund,556,379,Avståndet mellan Eskilstuna och Östersund är 556 km och Karl-Johan Gyllenstorm beräknade körtiden till cirka 379 minuter.,<url><loc>https://pendlings-app1.t-767929534-cloudflare.workers.dev/?fran=Eskilstuna&amp;till=Östersund</loc><changefreq>monthly</changefreq></url>
Eskilstuna,Borlänge,176,120,Avståndet mellan Eskilstuna och Borlänge är 176 km och Karl-Johan Gyllenstorm beräknade körtiden till cirka 120 minuter.,<url><loc>https://pendlings-app1.t-767929534-cloudflare.workers.dev/?fran=Eskilstuna&amp;till=Borlänge</loc><changefreq>monthly</changefreq></url>
Eskilstuna,Falun,186,126,Avståndet mellan Eskilstuna och Falun är 186 km och Karl-Johan Gyllenstorm beräknade körtiden till cirka 126 minuter.,<url><loc>https://pendlings-app1.t-767929534-cloudflare.workers.dev/?fran=Eskilstuna&amp;till=Falun</loc><changefreq>monthly</changefreq></url>
Eskilstuna,Kalmar,385,262,Avståndet mellan Eskilstuna och Kalmar är 385 km och Karl-Johan Gyllenstorm beräknade körtiden till cirka 262 minuter.,<url><loc>https://pendlings-app1.t-767929534-cloudflare.workers.dev/?fran=Eskilstuna&amp;till=Kalmar</loc><changefreq>monthly</changefreq></url>
Eskilstuna,Skövde,240,163,Avståndet mellan Eskilstuna och Skövde är 240 km och Karl-Johan Gyllenstorm beräknade körtiden till cirka 163 minuter.,<url><loc>https://pendlings-app1.t-767929534-cloudflare.workers.dev/?fran=Eskilstuna&amp;till=Skövde</loc><changefreq>monthly</changefreq></url>
Eskilstuna,Kristianstad,508,346,Avståndet mellan Eskilstuna och Kristianstad är 508 km och Karl-Johan Gyllenstorm beräknade körtiden till cirka 346 minuter.,<url><loc>https://pendlings-app1.t-767929534-cloudflare.workers.dev/?fran=Eskilstuna&amp;till=Kristianstad</loc><changefreq>monthly</changefreq></url>
Eskilstuna,Karlskrona,462,315,Avståndet mellan Eskilstuna och Karlskrona är 462 km och Karl-Johan Gyllenstorm beräknade körtiden till cirka 315 minuter.,<url><loc>https://pendlings-app1.t-767929534-cloudflare.workers.dev/?fran=Eskilstuna&amp;till=Karlskrona</loc><changefreq>monthly</changefreq></url>
Eskilstuna,Skellefteå,820,559,Avståndet mellan Eskilstuna och Skellefteå är 820 km och Karl-Johan Gyllenstorm beräknade körtiden till cirka 559 minuter.,<url><loc>https://pendlings-app1.t-767929534-cloudflare.workers.dev/?fran=Eskilstuna&amp;till=Skellefteå</loc><changefreq>monthly</changefreq></url>
Eskilstuna,Uddevalla,366,249,Avståndet mellan Eskilstuna och Uddevalla är 366 km och Karl-Johan Gyllenstorm beräknade körtiden till cirka 249 minuter.,<url><loc>https://pendlings-app1.t-767929534-cloudflare.workers.dev/?fran=Eskilstuna&amp;till=Uddevalla</loc><changefreq>monthly</changefreq></url>
Eskilstuna,Varberg,453,308,Avståndet mellan Eskilstuna och Varberg är 453 km och Karl-Johan Gyllenstorm beräknade körtiden till cirka 308 minuter.,<url><loc>https://pendlings-app1.t-767929534-cloudflare.workers.dev/?fran=Eskilstuna&amp;till=Varberg</loc><changefreq>monthly</changefreq></url>
Eskilstuna,Motala,160,109,Avståndet mellan Eskilstuna och Motala är 160 km och Karl-Johan Gyllenstorm beräknade körtiden till cirka 109 minuter.,<url><loc>https://pendlings-app1.t-767929534-cloudflare.workers.dev/?fran=Eskilstuna&amp;till=Motala</loc><changefreq>monthly</changefreq></url>
Eskilstuna,Enköping,55,47,Avståndet mellan Eskilstuna och Enköping är 55 km och Karl-Johan Gyllenstorm beräknade körtiden till cirka 47 minuter.,<url><loc>https://pendlings-app1.t-767929534-cloudflare.workers.dev/?fran=Eskilstuna&amp;till=Enköping</loc><changefreq>monthly</changefreq></url>
Eskilstuna,Örnsköldsvik,577,393,Avståndet mellan Eskilstuna och Örnsköldsvik är 577 km och Karl-Johan Gyllenstorm beräknade körtiden till cirka 393 minuter.,<url><loc>https://pendlings-app1.t-767929534-cloudflare.workers.dev/?fran=Eskilstuna&amp;till=Örnsköldsvik</loc><changefreq>monthly</changefreq></url>
Eskilstuna,Nyköping,95,81,Avståndet mellan Eskilstuna och Nyköping är 95 km och Karl-Johan Gyllenstorm beräknade körtiden till cirka 81 minuter.,<url><loc>https://pendlings-app1.t-767929534-cloudflare.workers.dev/?fran=Eskilstuna&amp;till=Nyköping</loc><changefreq>monthly</changefreq></url>
Eskilstuna,Karlshamn,472,321,Avståndet mellan Eskilstuna och Karlshamn är 472 km och Karl-Johan Gyllenstorm beräknade körtiden till cirka 321 minuter.,<url><loc>https://pendlings-app1.t-767929534-cloudflare.workers.dev/?fran=Eskilstuna&amp;till=Karlshamn</loc><changefreq>monthly</changefreq></url>
Eskilstuna,Västervik,229,156,Avståndet mellan Eskilstuna och Västervik är 229 km och Karl-Johan Gyllenstorm beräknade körtiden till cirka 156 minuter.,<url><loc>https://pendlings-app1.t-767929534-cloudflare.workers.dev/?fran=Eskilstuna&amp;till=Västervik</loc><changefreq>monthly</changefreq></url>
Eskilstuna,Eslöv,558,380,Avståndet mellan Eskilstuna och Eslöv är 558 km och Karl-Johan Gyllenstorm beräknade körtiden till cirka 380 minuter.,<url><loc>https://pendlings-app1.t-767929534-cloudflare.workers.dev/?fran=Eskilstuna&amp;till=Eslöv</loc><changefreq>monthly</changefreq></url>
Eskilstuna,Härnösand,474,323,Avståndet mellan Eskilstuna och Härnösand är 474 km och Karl-Johan Gyllenstorm beräknade körtiden till cirka 323 minuter.,<url><loc>https://pendlings-app1.t-767929534-cloudflare.workers.dev/?fran=Eskilstuna&amp;till=Härnösand</loc><changefreq>monthly</changefreq></url>
Eskilstuna,Ystad,597,407,Avståndet mellan Eskilstuna och Ystad är 597 km och Karl-Johan Gyllenstorm beräknade körtiden till cirka 407 minuter.,<url><loc>https://pendlings-app1.t-767929534-cloudflare.workers.dev/?fran=Eskilstuna&amp;till=Ystad</loc><changefreq>monthly</changefreq></url>
Eskilstuna,Katrineholm,57,48,Avståndet mellan Eskilstuna och Katrineholm är 57 km och Karl-Johan Gyllenstorm beräknade körtiden till cirka 48 minuter.,<url><loc>https://pendlings-app1.t-767929534-cloudflare.workers.dev/?fran=Eskilstuna&amp;till=Katrineholm</loc><changefreq>monthly</changefreq></url>
Eskilstuna,Mariestad,218,148,Avståndet mellan Eskilstuna och Mariestad är 218 km och Karl-Johan Gyllenstorm beräknade körtiden till cirka 148 minuter.,<url><loc>https://pendlings-app1.t-767929534-cloudflare.workers.dev/?fran=Eskilstuna&amp;till=Mariestad</loc><changefreq>monthly</changefreq></url>
Eskilstuna,Lidköping,275,187,Avståndet mellan Eskilstuna och Lidköping är 275 km och Karl-Johan Gyllenstorm beräknade körtiden till cirka 187 minuter.,<url><loc>https://pendlings-app1.t-767929534-cloudflare.workers.dev/?fran=Eskilstuna&amp;till=Lidköping</loc><changefreq>monthly</changefreq></url>
Eskilstuna,Vänersborg,339,231,Avståndet mellan Eskilstuna och Vänersborg är 339 km och Karl-Johan Gyllenstorm beräknade körtiden till cirka 231 minuter.,<url><loc>https://pendlings-app1.t-767929534-cloudflare.workers.dev/?fran=Eskilstuna&amp;till=Vänersborg</loc><changefreq>monthly</changefreq></url>
Eskilstuna,Värnamo,361,246,Avståndet mellan Eskilstuna och Värnamo är 361 km och Karl-Johan Gyllenstorm beräknade körtiden till cirka 246 minuter.,<url><loc>https://pendlings-app1.t-767929534-cloudflare.workers.dev/?fran=Eskilstuna&amp;till=Värnamo</loc><changefreq>monthly</changefreq></url>
Eskilstuna,Kiruna,1229,837,Avståndet mellan Eskilstuna och Kiruna är 1229 km och Karl-Johan Gyllenstorm beräknade körtiden till cirka 837 minuter.,<url><loc>https://pendlings-app1.t-767929534-cloudflare.workers.dev/?fran=Eskilstuna&amp;till=Kiruna</loc><changefreq>monthly</changefreq></url>
Eskilstuna,Hudiksvall,338,230,Avståndet mellan Eskilstuna och Hudiksvall är 338 km och Karl-Johan Gyllenstorm beräknade körtiden till cirka 230 minuter.,<url><loc>https://pendlings-app1.t-767929534-cloudflare.workers.dev/?fran=Eskilstuna&amp;till=Hudiksvall</loc><changefreq>monthly</changefreq></url>
Eskilstuna,Falkenberg,462,315,Avståndet mellan Eskilstuna och Falkenberg är 462 km och Karl-Johan Gyllenstorm beräknade körtiden till cirka 315 minuter.,<url><loc>https://pendlings-app1.t-767929534-cloudflare.workers.dev/?fran=Eskilstuna&amp;till=Falkenberg</loc><changefreq>monthly</changefreq></url>
Eskilstuna,Visby,400,370,Avståndet mellan Eskilstuna och Visby är 400 km och Karl-Johan Gyllenstorm beräknade körtiden till cirka 370 minuter.,<url><loc>https://pendlings-app1.t-767929534-cloudflare.workers.dev/?fran=Eskilstuna&amp;till=Visby</loc><changefreq>monthly</changefreq></url>
Halmstad,Stockholm,544,370,Avståndet mellan Halmstad och Stockholm är 544 km och Karl-Johan Gyllenstorm beräknade körtiden till cirka 370 minuter.,<url><loc>https://pendlings-app1.t-767929534-cloudflare.workers.dev/?fran=Halmstad&amp;till=Stockholm</loc><changefreq>monthly</changefreq></url>
Halmstad,Göteborg,162,110,Avståndet mellan Halmstad och Göteborg är 162 km och Karl-Johan Gyllenstorm beräknade körtiden till cirka 110 minuter.,<url><loc>https://pendlings-app1.t-767929534-cloudflare.workers.dev/?fran=Halmstad&amp;till=Göteborg</loc><changefreq>monthly</changefreq></url>
Halmstad,Malmö,152,103,Avståndet mellan Halmstad och Malmö är 152 km och Karl-Johan Gyllenstorm beräknade körtiden till cirka 103 minuter.,<url><loc>https://pendlings-app1.t-767929534-cloudflare.workers.dev/?fran=Halmstad&amp;till=Malmö</loc><changefreq>monthly</changefreq></url>
Halmstad,Uppsala,577,393,Avståndet mellan Halmstad och Uppsala är 577 km och Karl-Johan Gyllenstorm beräknade körtiden till cirka 393 minuter.,<url><loc>https://pendlings-app1.t-767929534-cloudflare.workers.dev/?fran=Halmstad&amp;till=Uppsala</loc><changefreq>monthly</changefreq></url>
Halmstad,Västerås,501,341,Avståndet mellan Halmstad och Västerås är 501 km och Karl-Johan Gyllenstorm beräknade körtiden till cirka 341 minuter.,<url><loc>https://pendlings-app1.t-767929534-cloudflare.workers.dev/?fran=Halmstad&amp;till=Västerås</loc><changefreq>monthly</changefreq></url>
Halmstad,Örebro,410,279,Avståndet mellan Halmstad och Örebro är 410 km och Karl-Johan Gyllenstorm beräknade körtiden till cirka 279 minuter.,<url><loc>https://pendlings-app1.t-767929534-cloudflare.workers.dev/?fran=Halmstad&amp;till=Örebro</loc><changefreq>monthly</changefreq></url>
Halmstad,Linköping,324,220,Avståndet mellan Halmstad och Linköping är 324 km och Karl-Johan Gyllenstorm beräknade körtiden till cirka 220 minuter.,<url><loc>https://pendlings-app1.t-767929534-cloudflare.workers.dev/?fran=Halmstad&amp;till=Linköping</loc><changefreq>monthly</changefreq></url>
Halmstad,Helsingborg,90,77,Avståndet mellan Halmstad och Helsingborg är 90 km och Karl-Johan Gyllenstorm beräknade körtiden till cirka 77 minuter.,<url><loc>https://pendlings-app1.t-767929534-cloudflare.workers.dev/?fran=Halmstad&amp;till=Helsingborg</loc><changefreq>monthly</changefreq></url>
Halmstad,Jönköping,187,127,Avståndet mellan Halmstad och Jönköping är 187 km och Karl-Johan Gyllenstorm beräknade körtiden till cirka 127 minuter.,<url><loc>https://pendlings-app1.t-767929534-cloudflare.workers.dev/?fran=Halmstad&amp;till=Jönköping</loc><changefreq>monthly</changefreq></url>
Halmstad,Norrköping,372,253,Avståndet mellan Halmstad och Norrköping är 372 km och Karl-Johan Gyllenstorm beräknade körtiden till cirka 253 minuter.,<url><loc>https://pendlings-app1.t-767929534-cloudflare.workers.dev/?fran=Halmstad&amp;till=Norrköping</loc><changefreq>monthly</changefreq></url>
Halmstad,Lund,140,95,Avståndet mellan Halmstad och Lund är 140 km och Karl-Johan Gyllenstorm beräknade körtiden till cirka 95 minuter.,<url><loc>https://pendlings-app1.t-767929534-cloudflare.workers.dev/?fran=Halmstad&amp;till=Lund</loc><changefreq>monthly</changefreq></url>
Halmstad,Umeå,1142,778,Avståndet mellan Halmstad och Umeå är 1142 km och Karl-Johan Gyllenstorm beräknade körtiden till cirka 778 minuter.,<url><loc>https://pendlings-app1.t-767929534-cloudflare.workers.dev/?fran=Halmstad&amp;till=Umeå</loc><changefreq>monthly</changefreq></url>
Halmstad,Gävle,651,443,Avståndet mellan Halmstad och Gävle är 651 km och Karl-Johan Gyllenstorm beräknade körtiden till cirka 443 minuter.,<url><loc>https://pendlings-app1.t-767929534-cloudflare.workers.dev/?fran=Halmstad&amp;till=Gävle</loc><changefreq>monthly</changefreq></url>
Halmstad,Borås,149,101,Avståndet mellan Halmstad och Borås är 149 km och Karl-Johan Gyllenstorm beräknade körtiden till cirka 101 minuter.,<url><loc>https://pendlings-app1.t-767929534-cloudflare.workers.dev/?fran=Halmstad&amp;till=Borås</loc><changefreq>monthly</changefreq></url>
Halmstad,Södertälje,508,346,Avståndet mellan Halmstad och Södertälje är 508 km och Karl-Johan Gyllenstorm beräknade körtiden till cirka 346 minuter.,<url><loc>https://pendlings-app1.t-767929534-cloudflare.workers.dev/?fran=Halmstad&amp;till=Södertälje</loc><changefreq>monthly</changefreq></url>
Halmstad,Eskilstuna,472,321,Avståndet mellan Halmstad och Eskilstuna är 472 km och Karl-Johan Gyllenstorm beräknade körtiden till cirka 321 minuter.,<url><loc>https://pendlings-app1.t-767929534-cloudflare.workers.dev/?fran=Halmstad&amp;till=Eskilstuna</loc><changefreq>monthly</changefreq></url>
Halmstad,Växjö,154,105,Avståndet mellan Halmstad och Växjö är 154 km och Karl-Johan Gyllenstorm beräknade körtiden till cirka 105 minuter.,<url><loc>https://pendlings-app1.t-767929534-cloudflare.workers.dev/?fran=Halmstad&amp;till=Växjö</loc><changefreq>monthly</changefreq></url>
Halmstad,Karlstad,388,264,Avståndet mellan Halmstad och Karlstad är 388 km och Karl-Johan Gyllenstorm beräknade körtiden till cirka 264 minuter.,<url><loc>https://pendlings-app1.t-767929534-cloudflare.workers.dev/?fran=Halmstad&amp;till=Karlstad</loc><changefreq>monthly</changefreq></url>
Halmstad,Piteå,1363,929,Avståndet mellan Halmstad och Piteå är 1363 km och Karl-Johan Gyllenstorm beräknade körtiden till cirka 929 minuter.,<url><loc>https://pendlings-app1.t-767929534-cloudflare.workers.dev/?fran=Halmstad&amp;till=Piteå</loc><changefreq>monthly</changefreq></url>
Halmstad,Luleå,1416,965,Avståndet mellan Halmstad och Luleå är 1416 km och Karl-Johan Gyllenstorm beräknade körtiden till cirka 965 minuter.,<url><loc>https://pendlings-app1.t-767929534-cloudflare.workers.dev/?fran=Halmstad&amp;till=Luleå</loc><changefreq>monthly</changefreq></url>
Halmstad,Trollhättan,233,158,Avståndet mellan Halmstad och Trollhättan är 233 km och Karl-Johan Gyllenstorm beräknade körtiden till cirka 158 minuter.,<url><loc>https://pendlings-app1.t-767929534-cloudflare.workers.dev/?fran=Halmstad&amp;till=Trollhättan</loc><changefreq>monthly</changefreq></url>
Halmstad,Östersund,934,636,Avståndet mellan Halmstad och Östersund är 934 km och Karl-Johan Gyllenstorm beräknade körtiden till cirka 636 minuter.,<url><loc>https://pendlings-app1.t-767929534-cloudflare.workers.dev/?fran=Halmstad&amp;till=Östersund</loc><changefreq>monthly</changefreq></url>
Halmstad,Borlänge,574,391,Avståndet mellan Halmstad och Borlänge är 574 km och Karl-Johan Gyllenstorm beräknade körtiden till cirka 391 minuter.,<url><loc>https://pendlings-app1.t-767929534-cloudflare.workers.dev/?fran=Halmstad&amp;till=Borlänge</loc><changefreq>monthly</changefreq></url>
Halmstad,Falun,595,405,Avståndet mellan Halmstad och Falun är 595 km och Karl-Johan Gyllenstorm beräknade körtiden till cirka 405 minuter.,<url><loc>https://pendlings-app1.t-767929534-cloudflare.workers.dev/?fran=Halmstad&amp;till=Falun</loc><changefreq>monthly</changefreq></url>
Halmstad,Kalmar,273,186,Avståndet mellan Halmstad och Kalmar är 273 km och Karl-Johan Gyllenstorm beräknade körtiden till cirka 186 minuter.,<url><loc>https://pendlings-app1.t-767929534-cloudflare.workers.dev/?fran=Halmstad&amp;till=Kalmar</loc><changefreq>monthly</changefreq></url>
Halmstad,Skövde,255,173,Avståndet mellan Halmstad och Skövde är 255 km och Karl-Johan Gyllenstorm beräknade körtiden till cirka 173 minuter.,<url><loc>https://pendlings-app1.t-767929534-cloudflare.workers.dev/?fran=Halmstad&amp;till=Skövde</loc><changefreq>monthly</changefreq></url>
Halmstad,Kristianstad,137,93,Avståndet mellan Halmstad och Kristianstad är 137 km och Karl-Johan Gyllenstorm beräknade körtiden till cirka 93 minuter.,<url><loc>https://pendlings-app1.t-767929534-cloudflare.workers.dev/?fran=Halmstad&amp;till=Kristianstad</loc><changefreq>monthly</changefreq></url>
Halmstad,Karlskrona,226,154,Avståndet mellan Halmstad och Karlskrona är 226 km och Karl-Johan Gyllenstorm beräknade körtiden till cirka 154 minuter.,<url><loc>https://pendlings-app1.t-767929534-cloudflare.workers.dev/?fran=Halmstad&amp;till=Karlskrona</loc><changefreq>monthly</changefreq></url>
Halmstad,Skellefteå,1277,870,Avståndet mellan Halmstad och Skellefteå är 1277 km och Karl-Johan Gyllenstorm beräknade körtiden till cirka 870 minuter.,<url><loc>https://pendlings-app1.t-767929534-cloudflare.workers.dev/?fran=Halmstad&amp;till=Skellefteå</loc><changefreq>monthly</changefreq></url>
Halmstad,Uddevalla,248,169,Avståndet mellan Halmstad och Uddevalla är 248 km och Karl-Johan Gyllenstorm beräknade körtiden till cirka 169 minuter.,<url><loc>https://pendlings-app1.t-767929534-cloudflare.workers.dev/?fran=Halmstad&amp;till=Uddevalla</loc><changefreq>monthly</changefreq></url>
Halmstad,Varberg,77,66,Avståndet mellan Halmstad och Varberg är 77 km och Karl-Johan Gyllenstorm beräknade körtiden till cirka 66 minuter.,<url><loc>https://pendlings-app1.t-767929534-cloudflare.workers.dev/?fran=Halmstad&amp;till=Varberg</loc><changefreq>monthly</changefreq></url>
Halmstad,Motala,312,212,Avståndet mellan Halmstad och Motala är 312 km och Karl-Johan Gyllenstorm beräknade körtiden till cirka 212 minuter.,<url><loc>https://pendlings-app1.t-767929534-cloudflare.workers.dev/?fran=Halmstad&amp;till=Motala</loc><changefreq>monthly</changefreq></url>
Halmstad,Enköping,527,359,Avståndet mellan Halmstad och Enköping är 527 km och Karl-Johan Gyllenstorm beräknade körtiden till cirka 359 minuter.,<url><loc>https://pendlings-app1.t-767929534-cloudflare.workers.dev/?fran=Halmstad&amp;till=Enköping</loc><changefreq>monthly</changefreq></url>
Halmstad,Örnsköldsvik,1028,700,Avståndet mellan Halmstad och Örnsköldsvik är 1028 km och Karl-Johan Gyllenstorm beräknade körtiden till cirka 700 minuter.,<url><loc>https://pendlings-app1.t-767929534-cloudflare.workers.dev/?fran=Halmstad&amp;till=Örnsköldsvik</loc><changefreq>monthly</changefreq></url>
Halmstad,Nyköping,432,294,Avståndet mellan Halmstad och Nyköping är 432 km och Karl-Johan Gyllenstorm beräknade körtiden till cirka 294 minuter.,<url><loc>https://pendlings-app1.t-767929534-cloudflare.workers.dev/?fran=Halmstad&amp;till=Nyköping</loc><changefreq>monthly</changefreq></url>
Halmstad,Karlshamn,173,117,Avståndet mellan Halmstad och Karlshamn är 173 km och Karl-Johan Gyllenstorm beräknade körtiden till cirka 117 minuter.,<url><loc>https://pendlings-app1.t-767929534-cloudflare.workers.dev/?fran=Halmstad&amp;till=Karlshamn</loc><changefreq>monthly</changefreq></url>
Halmstad,Västervik,329,224,Avståndet mellan Halmstad och Västervik är 329 km och Karl-Johan Gyllenstorm beräknade körtiden till cirka 224 minuter.,<url><loc>https://pendlings-app1.t-767929534-cloudflare.workers.dev/?fran=Halmstad&amp;till=Västervik</loc><changefreq>monthly</changefreq></url>
Halmstad,Eslöv,124,84,Avståndet mellan Halmstad och Eslöv är 124 km och Karl-Johan Gyllenstorm beräknade körtiden till cirka 84 minuter.,<url><loc>https://pendlings-app1.t-767929534-cloudflare.workers.dev/?fran=Halmstad&amp;till=Eslöv</loc><changefreq>monthly</changefreq></url>
Halmstad,Härnösand,922,628,Avståndet mellan Halmstad och Härnösand är 922 km och Karl-Johan Gyllenstorm beräknade körtiden till cirka 628 minuter.,<url><loc>https://pendlings-app1.t-767929534-cloudflare.workers.dev/?fran=Halmstad&amp;till=Härnösand</loc><changefreq>monthly</changefreq></url>
Halmstad,Ystad,193,131,Avståndet mellan Halmstad och Ystad är 193 km och Karl-Johan Gyllenstorm beräknade körtiden till cirka 131 minuter.,<url><loc>https://pendlings-app1.t-767929534-cloudflare.workers.dev/?fran=Halmstad&amp;till=Ystad</loc><changefreq>monthly</changefreq></url>
Halmstad,Katrineholm,416,283,Avståndet mellan Halmstad och Katrineholm är 416 km och Karl-Johan Gyllenstorm beräknade körtiden till cirka 283 minuter.,<url><loc>https://pendlings-app1.t-767929534-cloudflare.workers.dev/?fran=Halmstad&amp;till=Katrineholm</loc><changefreq>monthly</changefreq></url>
Halmstad,Mariestad,298,203,Avståndet mellan Halmstad och Mariestad är 298 km och Karl-Johan Gyllenstorm beräknade körtiden till cirka 203 minuter.,<url><loc>https://pendlings-app1.t-767929534-cloudflare.workers.dev/?fran=Halmstad&amp;till=Mariestad</loc><changefreq>monthly</changefreq></url>
Halmstad,Lidköping,261,177,Avståndet mellan Halmstad och Lidköping är 261 km och Karl-Johan Gyllenstorm beräknade körtiden till cirka 177 minuter.,<url><loc>https://pendlings-app1.t-767929534-cloudflare.workers.dev/?fran=Halmstad&amp;till=Lidköping</loc><changefreq>monthly</changefreq></url>
Halmstad,Vänersborg,245,167,Avståndet mellan Halmstad och Vänersborg är 245 km och Karl-Johan Gyllenstorm beräknade körtiden till cirka 167 minuter.,<url><loc>https://pendlings-app1.t-767929534-cloudflare.workers.dev/?fran=Halmstad&amp;till=Vänersborg</loc><changefreq>monthly</changefreq></url>
Halmstad,Värnamo,117,79,Avståndet mellan Halmstad och Värnamo är 117 km och Karl-Johan Gyllenstorm beräknade körtiden till cirka 79 minuter.,<url><loc>https://pendlings-app1.t-767929534-cloudflare.workers.dev/?fran=Halmstad&amp;till=Värnamo</loc><changefreq>monthly</changefreq></url>
Halmstad,Kiruna,1661,1132,Avståndet mellan Halmstad och Kiruna är 1661 km och Karl-Johan Gyllenstorm beräknade körtiden till cirka 1132 minuter.,<url><loc>https://pendlings-app1.t-767929534-cloudflare.workers.dev/?fran=Halmstad&amp;till=Kiruna</loc><changefreq>monthly</changefreq></url>
Halmstad,Hudiksvall,782,533,Avståndet mellan Halmstad och Hudiksvall är 782 km och Karl-Johan Gyllenstorm beräknade körtiden till cirka 533 minuter.,<url><loc>https://pendlings-app1.t-767929534-cloudflare.workers.dev/?fran=Halmstad&amp;till=Hudiksvall</loc><changefreq>monthly</changefreq></url>
Halmstad,Falkenberg,43,36,Avståndet mellan Halmstad och Falkenberg är 43 km och Karl-Johan Gyllenstorm beräknade körtiden till cirka 36 minuter.,<url><loc>https://pendlings-app1.t-767929534-cloudflare.workers.dev/?fran=Halmstad&amp;till=Falkenberg</loc><changefreq>monthly</changefreq></url>
Halmstad,Visby,561,480,Avståndet mellan Halmstad och Visby är 561 km och Karl-Johan Gyllenstorm beräknade körtiden till cirka 480 minuter.,<url><loc>https://pendlings-app1.t-767929534-cloudflare.workers.dev/?fran=Halmstad&amp;till=Visby</loc><changefreq>monthly</changefreq></url>
Växjö,Stockholm,426,290,Avståndet mellan Växjö och Stockholm är 426 km och Karl-Johan Gyllenstorm beräknade körtiden till cirka 290 minuter.,<url><loc>https://pendlings-app1.t-767929534-cloudflare.workers.dev/?fran=Växjö&amp;till=Stockholm</loc><changefreq>monthly</changefreq></url>
Växjö,Göteborg,247,168,Avståndet mellan Växjö och Göteborg är 247 km och Karl-Johan Gyllenstorm beräknade körtiden till cirka 168 minuter.,<url><loc>https://pendlings-app1.t-767929534-cloudflare.workers.dev/?fran=Växjö&amp;till=Göteborg</loc><changefreq>monthly</changefreq></url>
Växjö,Malmö,230,156,Avståndet mellan Växjö och Malmö är 230 km och Karl-Johan Gyllenstorm beräknade körtiden till cirka 156 minuter.,<url><loc>https://pendlings-app1.t-767929534-cloudflare.workers.dev/?fran=Växjö&amp;till=Malmö</loc><changefreq>monthly</changefreq></url>
Växjö,Uppsala,473,322,Avståndet mellan Växjö och Uppsala är 473 km och Karl-Johan Gyllenstorm beräknade körtiden till cirka 322 minuter.,<url><loc>https://pendlings-app1.t-767929534-cloudflare.workers.dev/?fran=Växjö&amp;till=Uppsala</loc><changefreq>monthly</changefreq></url>
Växjö,Västerås,409,278,Avståndet mellan Växjö och Västerås är 409 km och Karl-Johan Gyllenstorm beräknade körtiden till cirka 278 minuter.,<url><loc>https://pendlings-app1.t-767929534-cloudflare.workers.dev/?fran=Växjö&amp;till=Västerås</loc><changefreq>monthly</changefreq></url>
Växjö,Örebro,342,233,Avståndet mellan Växjö och Örebro är 342 km och Karl-Johan Gyllenstorm beräknade körtiden till cirka 233 minuter.,<url><loc>https://pendlings-app1.t-767929534-cloudflare.workers.dev/?fran=Växjö&amp;till=Örebro</loc><changefreq>monthly</changefreq></url>
Växjö,Linköping,226,154,Avståndet mellan Växjö och Linköping är 226 km och Karl-Johan Gyllenstorm beräknade körtiden till cirka 154 minuter.,<url><loc>https://pendlings-app1.t-767929534-cloudflare.workers.dev/?fran=Växjö&amp;till=Linköping</loc><changefreq>monthly</changefreq></url>
Växjö,Helsingborg,204,139,Avståndet mellan Växjö och Helsingborg är 204 km och Karl-Johan Gyllenstorm beräknade körtiden till cirka 139 minuter.,<url><loc>https://pendlings-app1.t-767929534-cloudflare.workers.dev/?fran=Växjö&amp;till=Helsingborg</loc><changefreq>monthly</changefreq></url>
Växjö,Jönköping,138,94,Avståndet mellan Växjö och Jönköping är 138 km och Karl-Johan Gyllenstorm beräknade körtiden till cirka 94 minuter.,<url><loc>https://pendlings-app1.t-767929534-cloudflare.workers.dev/?fran=Växjö&amp;till=Jönköping</loc><changefreq>monthly</changefreq></url>
Växjö,Norrköping,264,180,Avståndet mellan Växjö och Norrköping är 264 km och Karl-Johan Gyllenstorm beräknade körtiden till cirka 180 minuter.,<url><loc>https://pendlings-app1.t-767929534-cloudflare.workers.dev/?fran=Växjö&amp;till=Norrköping</loc><changefreq>monthly</changefreq></url>
Växjö,Lund,210,143,Avståndet mellan Växjö och Lund är 210 km och Karl-Johan Gyllenstorm beräknade körtiden till cirka 143 minuter.,<url><loc>https://pendlings-app1.t-767929534-cloudflare.workers.dev/?fran=Växjö&amp;till=Lund</loc><changefreq>monthly</changefreq></url>
Växjö,Umeå,1059,722,Avståndet mellan Växjö och Umeå är 1059 km och Karl-Johan Gyllenstorm beräknade körtiden till cirka 722 minuter.,<url><loc>https://pendlings-app1.t-767929534-cloudflare.workers.dev/?fran=Växjö&amp;till=Umeå</loc><changefreq>monthly</changefreq></url>
Växjö,Gävle,567,386,Avståndet mellan Växjö och Gävle är 567 km och Karl-Johan Gyllenstorm beräknade körtiden till cirka 386 minuter.,<url><loc>https://pendlings-app1.t-767929534-cloudflare.workers.dev/?fran=Växjö&amp;till=Gävle</loc><changefreq>monthly</changefreq></url>
Växjö,Borås,187,127,Avståndet mellan Växjö och Borås är 187 km och Karl-Johan Gyllenstorm beräknade körtiden till cirka 127 minuter.,<url><loc>https://pendlings-app1.t-767929534-cloudflare.workers.dev/?fran=Växjö&amp;till=Borås</loc><changefreq>monthly</changefreq></url>
Växjö,Södertälje,392,267,Avståndet mellan Växjö och Södertälje är 392 km och Karl-Johan Gyllenstorm beräknade körtiden till cirka 267 minuter.,<url><loc>https://pendlings-app1.t-767929534-cloudflare.workers.dev/?fran=Växjö&amp;till=Södertälje</loc><changefreq>monthly</changefreq></url>
Växjö,Eskilstuna,377,257,Avståndet mellan Växjö och Eskilstuna är 377 km och Karl-Johan Gyllenstorm beräknade körtiden till cirka 257 minuter.,<url><loc>https://pendlings-app1.t-767929534-cloudflare.workers.dev/?fran=Växjö&amp;till=Eskilstuna</loc><changefreq>monthly</changefreq></url>
Växjö,Halmstad,154,105,Avståndet mellan Växjö och Halmstad är 154 km och Karl-Johan Gyllenstorm beräknade körtiden till cirka 105 minuter.,<url><loc>https://pendlings-app1.t-767929534-cloudflare.workers.dev/?fran=Växjö&amp;till=Halmstad</loc><changefreq>monthly</changefreq></url>
Växjö,Karlstad,369,251,Avståndet mellan Växjö och Karlstad är 369 km och Karl-Johan Gyllenstorm beräknade körtiden till cirka 251 minuter.,<url><loc>https://pendlings-app1.t-767929534-cloudflare.workers.dev/?fran=Växjö&amp;till=Karlstad</loc><changefreq>monthly</changefreq></url>
Växjö,Piteå,1284,875,Avståndet mellan Växjö och Piteå är 1284 km och Karl-Johan Gyllenstorm beräknade körtiden till cirka 875 minuter.,<url><loc>https://pendlings-app1.t-767929534-cloudflare.workers.dev/?fran=Växjö&amp;till=Piteå</loc><changefreq>monthly</changefreq></url>
Växjö,Luleå,1335,910,Avståndet mellan Växjö och Luleå är 1335 km och Karl-Johan Gyllenstorm beräknade körtiden till cirka 910 minuter.,<url><loc>https://pendlings-app1.t-767929534-cloudflare.workers.dev/?fran=Växjö&amp;till=Luleå</loc><changefreq>monthly</changefreq></url>
Växjö,Trollhättan,277,188,Avståndet mellan Växjö och Trollhättan är 277 km och Karl-Johan Gyllenstorm beräknade körtiden till cirka 188 minuter.,<url><loc>https://pendlings-app1.t-767929534-cloudflare.workers.dev/?fran=Växjö&amp;till=Trollhättan</loc><changefreq>monthly</changefreq></url>
Växjö,Östersund,896,610,Avståndet mellan Växjö och Östersund är 896 km och Karl-Johan Gyllenstorm beräknade körtiden till cirka 610 minuter.,<url><loc>https://pendlings-app1.t-767929534-cloudflare.workers.dev/?fran=Växjö&amp;till=Östersund</loc><changefreq>monthly</changefreq></url>
Växjö,Borlänge,515,351,Avståndet mellan Växjö och Borlänge är 515 km och Karl-Johan Gyllenstorm beräknade körtiden till cirka 351 minuter.,<url><loc>https://pendlings-app1.t-767929534-cloudflare.workers.dev/?fran=Växjö&amp;till=Borlänge</loc><changefreq>monthly</changefreq></url>
Växjö,Falun,533,363,Avståndet mellan Växjö och Falun är 533 km och Karl-Johan Gyllenstorm beräknade körtiden till cirka 363 minuter.,<url><loc>https://pendlings-app1.t-767929534-cloudflare.workers.dev/?fran=Växjö&amp;till=Falun</loc><changefreq>monthly</changefreq></url>
Växjö,Kalmar,124,84,Avståndet mellan Växjö och Kalmar är 124 km och Karl-Johan Gyllenstorm beräknade körtiden till cirka 84 minuter.,<url><loc>https://pendlings-app1.t-767929534-cloudflare.workers.dev/?fran=Växjö&amp;till=Kalmar</loc><changefreq>monthly</changefreq></url>
Växjö,Skövde,227,154,Avståndet mellan Växjö och Skövde är 227 km och Karl-Johan Gyllenstorm beräknade körtiden till cirka 154 minuter.,<url><loc>https://pendlings-app1.t-767929534-cloudflare.workers.dev/?fran=Växjö&amp;till=Skövde</loc><changefreq>monthly</changefreq></url>
Växjö,Kristianstad,131,89,Avståndet mellan Växjö och Kristianstad är 131 km och Karl-Johan Gyllenstorm beräknade körtiden till cirka 89 minuter.,<url><loc>https://pendlings-app1.t-767929534-cloudflare.workers.dev/?fran=Växjö&amp;till=Kristianstad</loc><changefreq>monthly</changefreq></url>
Växjö,Karlskrona,118,80,Avståndet mellan Växjö och Karlskrona är 118 km och Karl-Johan Gyllenstorm beräknade körtiden till cirka 80 minuter.,<url><loc>https://pendlings-app1.t-767929534-cloudflare.workers.dev/?fran=Växjö&amp;till=Karlskrona</loc><changefreq>monthly</changefreq></url>
Växjö,Skellefteå,1197,816,Avståndet mellan Växjö och Skellefteå är 1197 km och Karl-Johan Gyllenstorm beräknade körtiden till cirka 816 minuter.,<url><loc>https://pendlings-app1.t-767929534-cloudflare.workers.dev/?fran=Växjö&amp;till=Skellefteå</loc><changefreq>monthly</changefreq></url>
Växjö,Uddevalla,302,205,Avståndet mellan Växjö och Uddevalla är 302 km och Karl-Johan Gyllenstorm beräknade körtiden till cirka 205 minuter.,<url><loc>https://pendlings-app1.t-767929534-cloudflare.workers.dev/?fran=Växjö&amp;till=Uddevalla</loc><changefreq>monthly</changefreq></url>
Växjö,Varberg,200,136,Avståndet mellan Växjö och Varberg är 200 km och Karl-Johan Gyllenstorm beräknade körtiden till cirka 136 minuter.,<url><loc>https://pendlings-app1.t-767929534-cloudflare.workers.dev/?fran=Växjö&amp;till=Varberg</loc><changefreq>monthly</changefreq></url>
Växjö,Motala,236,160,Avståndet mellan Växjö och Motala är 236 km och Karl-Johan Gyllenstorm beräknade körtiden till cirka 160 minuter.,<url><loc>https://pendlings-app1.t-767929534-cloudflare.workers.dev/?fran=Växjö&amp;till=Motala</loc><changefreq>monthly</changefreq></url>
Växjö,Enköping,427,291,Avståndet mellan Växjö och Enköping är 427 km och Karl-Johan Gyllenstorm beräknade körtiden till cirka 291 minuter.,<url><loc>https://pendlings-app1.t-767929534-cloudflare.workers.dev/?fran=Växjö&amp;till=Enköping</loc><changefreq>monthly</changefreq></url>
Växjö,Örnsköldsvik,953,649,Avståndet mellan Växjö och Örnsköldsvik är 953 km och Karl-Johan Gyllenstorm beräknade körtiden till cirka 649 minuter.,<url><loc>https://pendlings-app1.t-767929534-cloudflare.workers.dev/?fran=Växjö&amp;till=Örnsköldsvik</loc><changefreq>monthly</changefreq></url>
Växjö,Nyköping,314,214,Avståndet mellan Växjö och Nyköping är 314 km och Karl-Johan Gyllenstorm beräknade körtiden till cirka 214 minuter.,<url><loc>https://pendlings-app1.t-767929534-cloudflare.workers.dev/?fran=Växjö&amp;till=Nyköping</loc><changefreq>monthly</changefreq></url>
Växjö,Karlshamn,100,68,Avståndet mellan Växjö och Karlshamn är 100 km och Karl-Johan Gyllenstorm beräknade körtiden till cirka 68 minuter.,<url><loc>https://pendlings-app1.t-767929534-cloudflare.workers.dev/?fran=Växjö&amp;till=Karlshamn</loc><changefreq>monthly</changefreq></url>
Växjö,Västervik,188,128,Avståndet mellan Växjö och Västervik är 188 km och Karl-Johan Gyllenstorm beräknade körtiden till cirka 128 minuter.,<url><loc>https://pendlings-app1.t-767929534-cloudflare.workers.dev/?fran=Växjö&amp;till=Västervik</loc><changefreq>monthly</changefreq></url>
Växjö,Eslöv,189,128,Avståndet mellan Växjö och Eslöv är 189 km och Karl-Johan Gyllenstorm beräknade körtiden till cirka 128 minuter.,<url><loc>https://pendlings-app1.t-767929534-cloudflare.workers.dev/?fran=Växjö&amp;till=Eslöv</loc><changefreq>monthly</changefreq></url>
Växjö,Härnösand,848,578,Avståndet mellan Växjö och Härnösand är 848 km och Karl-Johan Gyllenstorm beräknade körtiden till cirka 578 minuter.,<url><loc>https://pendlings-app1.t-767929534-cloudflare.workers.dev/?fran=Växjö&amp;till=Härnösand</loc><changefreq>monthly</changefreq></url>
Växjö,Ystad,220,150,Avståndet mellan Växjö och Ystad är 220 km och Karl-Johan Gyllenstorm beräknade körtiden till cirka 150 minuter.,<url><loc>https://pendlings-app1.t-767929534-cloudflare.workers.dev/?fran=Växjö&amp;till=Ystad</loc><changefreq>monthly</changefreq></url>
Växjö,Katrineholm,319,217,Avståndet mellan Växjö och Katrineholm är 319 km och Karl-Johan Gyllenstorm beräknade körtiden till cirka 217 minuter.,<url><loc>https://pendlings-app1.t-767929534-cloudflare.workers.dev/?fran=Växjö&amp;till=Katrineholm</loc><changefreq>monthly</changefreq></url>
Växjö,Mariestad,271,184,Avståndet mellan Växjö och Mariestad är 271 km och Karl-Johan Gyllenstorm beräknade körtiden till cirka 184 minuter.,<url><loc>https://pendlings-app1.t-767929534-cloudflare.workers.dev/?fran=Växjö&amp;till=Mariestad</loc><changefreq>monthly</changefreq></url>
Växjö,Lidköping,263,179,Avståndet mellan Växjö och Lidköping är 263 km och Karl-Johan Gyllenstorm beräknade körtiden till cirka 179 minuter.,<url><loc>https://pendlings-app1.t-767929534-cloudflare.workers.dev/?fran=Växjö&amp;till=Lidköping</loc><changefreq>monthly</changefreq></url>
Växjö,Vänersborg,284,193,Avståndet mellan Växjö och Vänersborg är 284 km och Karl-Johan Gyllenstorm beräknade körtiden till cirka 193 minuter.,<url><loc>https://pendlings-app1.t-767929534-cloudflare.workers.dev/?fran=Växjö&amp;till=Vänersborg</loc><changefreq>monthly</changefreq></url>
Växjö,Värnamo,73,62,Avståndet mellan Växjö och Värnamo är 73 km och Karl-Johan Gyllenstorm beräknade körtiden till cirka 62 minuter.,<url><loc>https://pendlings-app1.t-767929534-cloudflare.workers.dev/?fran=Växjö&amp;till=Värnamo</loc><changefreq>monthly</changefreq></url>
Växjö,Kiruna,1601,1091,Avståndet mellan Växjö och Kiruna är 1601 km och Karl-Johan Gyllenstorm beräknade körtiden till cirka 1091 minuter.,<url><loc>https://pendlings-app1.t-767929534-cloudflare.workers.dev/?fran=Växjö&amp;till=Kiruna</loc><changefreq>monthly</changefreq></url>
Växjö,Hudiksvall,710,484,Avståndet mellan Växjö och Hudiksvall är 710 km och Karl-Johan Gyllenstorm beräknade körtiden till cirka 484 minuter.,<url><loc>https://pendlings-app1.t-767929534-cloudflare.workers.dev/?fran=Växjö&amp;till=Hudiksvall</loc><changefreq>monthly</changefreq></url>
Växjö,Falkenberg,180,122,Avståndet mellan Växjö och Falkenberg är 180 km och Karl-Johan Gyllenstorm beräknade körtiden till cirka 122 minuter.,<url><loc>https://pendlings-app1.t-767929534-cloudflare.workers.dev/?fran=Växjö&amp;till=Falkenberg</loc><changefreq>monthly</changefreq></url>
Växjö,Visby,409,377,Avståndet mellan Växjö och Visby är 409 km och Karl-Johan Gyllenstorm beräknade körtiden till cirka 377 minuter.,<url><loc>https://pendlings-app1.t-767929534-cloudflare.workers.dev/?fran=Växjö&amp;till=Visby</loc><changefreq>monthly</changefreq></url>
Karlstad,Stockholm,331,225,Avståndet mellan Karlstad och Stockholm är 331 km och Karl-Johan Gyllenstorm beräknade körtiden till cirka 225 minuter.,<url><loc>https://pendlings-app1.t-767929534-cloudflare.workers.dev/?fran=Karlstad&amp;till=Stockholm</loc><changefreq>monthly</changefreq></url>
Karlstad,Göteborg,263,179,Avståndet mellan Karlstad och Göteborg är 263 km och Karl-Johan Gyllenstorm beräknade körtiden till cirka 179 minuter.,<url><loc>https://pendlings-app1.t-767929534-cloudflare.workers.dev/?fran=Karlstad&amp;till=Göteborg</loc><changefreq>monthly</changefreq></url>
Karlstad,Malmö,538,366,Avståndet mellan Karlstad och Malmö är 538 km och Karl-Johan Gyllenstorm beräknade körtiden till cirka 366 minuter.,<url><loc>https://pendlings-app1.t-767929534-cloudflare.workers.dev/?fran=Karlstad&amp;till=Malmö</loc><changefreq>monthly</changefreq></url>
Karlstad,Uppsala,305,207,Avståndet mellan Karlstad och Uppsala är 305 km och Karl-Johan Gyllenstorm beräknade körtiden till cirka 207 minuter.,<url><loc>https://pendlings-app1.t-767929534-cloudflare.workers.dev/?fran=Karlstad&amp;till=Uppsala</loc><changefreq>monthly</changefreq></url>
Karlstad,Västerås,222,151,Avståndet mellan Karlstad och Västerås är 222 km och Karl-Johan Gyllenstorm beräknade körtiden till cirka 151 minuter.,<url><loc>https://pendlings-app1.t-767929534-cloudflare.workers.dev/?fran=Karlstad&amp;till=Västerås</loc><changefreq>monthly</changefreq></url>
Karlstad,Örebro,125,85,Avståndet mellan Karlstad och Örebro är 125 km och Karl-Johan Gyllenstorm beräknade körtiden till cirka 85 minuter.,<url><loc>https://pendlings-app1.t-767929534-cloudflare.workers.dev/?fran=Karlstad&amp;till=Örebro</loc><changefreq>monthly</changefreq></url>
Karlstad,Linköping,207,141,Avståndet mellan Karlstad och Linköping är 207 km och Karl-Johan Gyllenstorm beräknade körtiden till cirka 141 minuter.,<url><loc>https://pendlings-app1.t-767929534-cloudflare.workers.dev/?fran=Karlstad&amp;till=Linköping</loc><changefreq>monthly</changefreq></url>
Karlstad,Helsingborg,478,325,Avståndet mellan Karlstad och Helsingborg är 478 km och Karl-Johan Gyllenstorm beräknade körtiden till cirka 325 minuter.,<url><loc>https://pendlings-app1.t-767929534-cloudflare.workers.dev/?fran=Karlstad&amp;till=Helsingborg</loc><changefreq>monthly</changefreq></url>
Karlstad,Jönköping,232,158,Avståndet mellan Karlstad och Jönköping är 232 km och Karl-Johan Gyllenstorm beräknade körtiden till cirka 158 minuter.,<url><loc>https://pendlings-app1.t-767929534-cloudflare.workers.dev/?fran=Karlstad&amp;till=Jönköping</loc><changefreq>monthly</changefreq></url>
Karlstad,Norrköping,226,154,Avståndet mellan Karlstad och Norrköping är 226 km och Karl-Johan Gyllenstorm beräknade körtiden till cirka 154 minuter.,<url><loc>https://pendlings-app1.t-767929534-cloudflare.workers.dev/?fran=Karlstad&amp;till=Norrköping</loc><changefreq>monthly</changefreq></url>
Karlstad,Lund,523,356,Avståndet mellan Karlstad och Lund är 523 km och Karl-Johan Gyllenstorm beräknade körtiden till cirka 356 minuter.,<url><loc>https://pendlings-app1.t-767929534-cloudflare.workers.dev/?fran=Karlstad&amp;till=Lund</loc><changefreq>monthly</changefreq></url>
Karlstad,Umeå,780,531,Avståndet mellan Karlstad och Umeå är 780 km och Karl-Johan Gyllenstorm beräknade körtiden till cirka 531 minuter.,<url><loc>https://pendlings-app1.t-767929534-cloudflare.workers.dev/?fran=Karlstad&amp;till=Umeå</loc><changefreq>monthly</changefreq></url>
Karlstad,Gävle,317,216,Avståndet mellan Karlstad och Gävle är 317 km och Karl-Johan Gyllenstorm beräknade körtiden till cirka 216 minuter.,<url><loc>https://pendlings-app1.t-767929534-cloudflare.workers.dev/?fran=Karlstad&amp;till=Gävle</loc><changefreq>monthly</changefreq></url>
Karlstad,Borås,239,162,Avståndet mellan Karlstad och Borås är 239 km och Karl-Johan Gyllenstorm beräknade körtiden till cirka 162 minuter.,<url><loc>https://pendlings-app1.t-767929534-cloudflare.workers.dev/?fran=Karlstad&amp;till=Borås</loc><changefreq>monthly</changefreq></url>
Karlstad,Södertälje,300,204,Avståndet mellan Karlstad och Södertälje är 300 km och Karl-Johan Gyllenstorm beräknade körtiden till cirka 204 minuter.,<url><loc>https://pendlings-app1.t-767929534-cloudflare.workers.dev/?fran=Karlstad&amp;till=Södertälje</loc><changefreq>monthly</changefreq></url>
Karlstad,Eskilstuna,218,148,Avståndet mellan Karlstad och Eskilstuna är 218 km och Karl-Johan Gyllenstorm beräknade körtiden till cirka 148 minuter.,<url><loc>https://pendlings-app1.t-767929534-cloudflare.workers.dev/?fran=Karlstad&amp;till=Eskilstuna</loc><changefreq>monthly</changefreq></url>
Karlstad,Halmstad,388,264,Avståndet mellan Karlstad och Halmstad är 388 km och Karl-Johan Gyllenstorm beräknade körtiden till cirka 264 minuter.,<url><loc>https://pendlings-app1.t-767929534-cloudflare.workers.dev/?fran=Karlstad&amp;till=Halmstad</loc><changefreq>monthly</changefreq></url>
Karlstad,Växjö,369,251,Avståndet mellan Karlstad och Växjö är 369 km och Karl-Johan Gyllenstorm beräknade körtiden till cirka 251 minuter.,<url><loc>https://pendlings-app1.t-767929534-cloudflare.workers.dev/?fran=Karlstad&amp;till=Växjö</loc><changefreq>monthly</changefreq></url>
Karlstad,Piteå,994,677,Avståndet mellan Karlstad och Piteå är 994 km och Karl-Johan Gyllenstorm beräknade körtiden till cirka 677 minuter.,<url><loc>https://pendlings-app1.t-767929534-cloudflare.workers.dev/?fran=Karlstad&amp;till=Piteå</loc><changefreq>monthly</changefreq></url>
Karlstad,Luleå,1048,714,Avståndet mellan Karlstad och Luleå är 1048 km och Karl-Johan Gyllenstorm beräknade körtiden till cirka 714 minuter.,<url><loc>https://pendlings-app1.t-767929534-cloudflare.workers.dev/?fran=Karlstad&amp;till=Luleå</loc><changefreq>monthly</changefreq></url>
Karlstad,Trollhättan,179,122,Avståndet mellan Karlstad och Trollhättan är 179 km och Karl-Johan Gyllenstorm beräknade körtiden till cirka 122 minuter.,<url><loc>https://pendlings-app1.t-767929534-cloudflare.workers.dev/?fran=Karlstad&amp;till=Trollhättan</loc><changefreq>monthly</changefreq></url>
Karlstad,Östersund,545,371,Avståndet mellan Karlstad och Östersund är 545 km och Karl-Johan Gyllenstorm beräknade körtiden till cirka 371 minuter.,<url><loc>https://pendlings-app1.t-767929534-cloudflare.workers.dev/?fran=Karlstad&amp;till=Östersund</loc><changefreq>monthly</changefreq></url>
Karlstad,Borlänge,208,141,Avståndet mellan Karlstad och Borlänge är 208 km och Karl-Johan Gyllenstorm beräknade körtiden till cirka 141 minuter.,<url><loc>https://pendlings-app1.t-767929534-cloudflare.workers.dev/?fran=Karlstad&amp;till=Borlänge</loc><changefreq>monthly</changefreq></url>
Karlstad,Falun,230,156,Avståndet mellan Karlstad och Falun är 230 km och Karl-Johan Gyllenstorm beräknade körtiden till cirka 156 minuter.,<url><loc>https://pendlings-app1.t-767929534-cloudflare.workers.dev/?fran=Karlstad&amp;till=Falun</loc><changefreq>monthly</changefreq></url>
Karlstad,Kalmar,442,301,Avståndet mellan Karlstad och Kalmar är 442 km och Karl-Johan Gyllenstorm beräknade körtiden till cirka 301 minuter.,<url><loc>https://pendlings-app1.t-767929534-cloudflare.workers.dev/?fran=Karlstad&amp;till=Kalmar</loc><changefreq>monthly</changefreq></url>
Karlstad,Skövde,142,96,Avståndet mellan Karlstad och Skövde är 142 km och Karl-Johan Gyllenstorm beräknade körtiden till cirka 96 minuter.,<url><loc>https://pendlings-app1.t-767929534-cloudflare.workers.dev/?fran=Karlstad&amp;till=Skövde</loc><changefreq>monthly</changefreq></url>
Karlstad,Kristianstad,479,326,Avståndet mellan Karlstad och Kristianstad är 479 km och Karl-Johan Gyllenstorm beräknade körtiden till cirka 326 minuter.,<url><loc>https://pendlings-app1.t-767929534-cloudflare.workers.dev/?fran=Karlstad&amp;till=Kristianstad</loc><changefreq>monthly</changefreq></url>
Karlstad,Karlskrona,484,330,Avståndet mellan Karlstad och Karlskrona är 484 km och Karl-Johan Gyllenstorm beräknade körtiden till cirka 330 minuter.,<url><loc>https://pendlings-app1.t-767929534-cloudflare.workers.dev/?fran=Karlstad&amp;till=Karlskrona</loc><changefreq>monthly</changefreq></url>
Karlstad,Skellefteå,910,620,Avståndet mellan Karlstad och Skellefteå är 910 km och Karl-Johan Gyllenstorm beräknade körtiden till cirka 620 minuter.,<url><loc>https://pendlings-app1.t-767929534-cloudflare.workers.dev/?fran=Karlstad&amp;till=Skellefteå</loc><changefreq>monthly</changefreq></url>
Karlstad,Uddevalla,186,126,Avståndet mellan Karlstad och Uddevalla är 186 km och Karl-Johan Gyllenstorm beräknade körtiden till cirka 126 minuter.,<url><loc>https://pendlings-app1.t-767929534-cloudflare.workers.dev/?fran=Karlstad&amp;till=Uddevalla</loc><changefreq>monthly</changefreq></url>
Karlstad,Varberg,336,229,Avståndet mellan Karlstad och Varberg är 336 km och Karl-Johan Gyllenstorm beräknade körtiden till cirka 229 minuter.,<url><loc>https://pendlings-app1.t-767929534-cloudflare.workers.dev/?fran=Karlstad&amp;till=Varberg</loc><changefreq>monthly</changefreq></url>
Karlstad,Motala,164,111,Avståndet mellan Karlstad och Motala är 164 km och Karl-Johan Gyllenstorm beräknade körtiden till cirka 111 minuter.,<url><loc>https://pendlings-app1.t-767929534-cloudflare.workers.dev/?fran=Karlstad&amp;till=Motala</loc><changefreq>monthly</changefreq></url>
Karlstad,Enköping,260,177,Avståndet mellan Karlstad och Enköping är 260 km och Karl-Johan Gyllenstorm beräknade körtiden till cirka 177 minuter.,<url><loc>https://pendlings-app1.t-767929534-cloudflare.workers.dev/?fran=Karlstad&amp;till=Enköping</loc><changefreq>monthly</changefreq></url>
Karlstad,Örnsköldsvik,660,450,Avståndet mellan Karlstad och Örnsköldsvik är 660 km och Karl-Johan Gyllenstorm beräknade körtiden till cirka 450 minuter.,<url><loc>https://pendlings-app1.t-767929534-cloudflare.workers.dev/?fran=Karlstad&amp;till=Örnsköldsvik</loc><changefreq>monthly</changefreq></url>
Karlstad,Nyköping,271,184,Avståndet mellan Karlstad och Nyköping är 271 km och Karl-Johan Gyllenstorm beräknade körtiden till cirka 184 minuter.,<url><loc>https://pendlings-app1.t-767929534-cloudflare.workers.dev/?fran=Karlstad&amp;till=Nyköping</loc><changefreq>monthly</changefreq></url>
Karlstad,Karlshamn,468,319,Avståndet mellan Karlstad och Karlshamn är 468 km och Karl-Johan Gyllenstorm beräknade körtiden till cirka 319 minuter.,<url><loc>https://pendlings-app1.t-767929534-cloudflare.workers.dev/?fran=Karlstad&amp;till=Karlshamn</loc><changefreq>monthly</changefreq></url>
Karlstad,Västervik,327,222,Avståndet mellan Karlstad och Västervik är 327 km och Karl-Johan Gyllenstorm beräknade körtiden till cirka 222 minuter.,<url><loc>https://pendlings-app1.t-767929534-cloudflare.workers.dev/?fran=Karlstad&amp;till=Västervik</loc><changefreq>monthly</changefreq></url>
Karlstad,Eslöv,504,343,Avståndet mellan Karlstad och Eslöv är 504 km och Karl-Johan Gyllenstorm beräknade körtiden till cirka 343 minuter.,<url><loc>https://pendlings-app1.t-767929534-cloudflare.workers.dev/?fran=Karlstad&amp;till=Eslöv</loc><changefreq>monthly</changefreq></url>
Karlstad,Härnösand,554,377,Avståndet mellan Karlstad och Härnösand är 554 km och Karl-Johan Gyllenstorm beräknade körtiden till cirka 377 minuter.,<url><loc>https://pendlings-app1.t-767929534-cloudflare.workers.dev/?fran=Karlstad&amp;till=Härnösand</loc><changefreq>monthly</changefreq></url>
Karlstad,Ystad,562,383,Avståndet mellan Karlstad och Ystad är 562 km och Karl-Johan Gyllenstorm beräknade körtiden till cirka 383 minuter.,<url><loc>https://pendlings-app1.t-767929534-cloudflare.workers.dev/?fran=Karlstad&amp;till=Ystad</loc><changefreq>monthly</changefreq></url>
Karlstad,Katrineholm,204,139,Avståndet mellan Karlstad och Katrineholm är 204 km och Karl-Johan Gyllenstorm beräknade körtiden till cirka 139 minuter.,<url><loc>https://pendlings-app1.t-767929534-cloudflare.workers.dev/?fran=Karlstad&amp;till=Katrineholm</loc><changefreq>monthly</changefreq></url>
Karlstad,Mariestad,98,84,Avståndet mellan Karlstad och Mariestad är 98 km och Karl-Johan Gyllenstorm beräknade körtiden till cirka 84 minuter.,<url><loc>https://pendlings-app1.t-767929534-cloudflare.workers.dev/?fran=Karlstad&amp;till=Mariestad</loc><changefreq>monthly</changefreq></url>
Karlstad,Lidköping,127,86,Avståndet mellan Karlstad och Lidköping är 127 km och Karl-Johan Gyllenstorm beräknade körtiden till cirka 86 minuter.,<url><loc>https://pendlings-app1.t-767929534-cloudflare.workers.dev/?fran=Karlstad&amp;till=Lidköping</loc><changefreq>monthly</changefreq></url>
Karlstad,Vänersborg,167,113,Avståndet mellan Karlstad och Vänersborg är 167 km och Karl-Johan Gyllenstorm beräknade körtiden till cirka 113 minuter.,<url><loc>https://pendlings-app1.t-767929534-cloudflare.workers.dev/?fran=Karlstad&amp;till=Vänersborg</loc><changefreq>monthly</changefreq></url>
Karlstad,Värnamo,314,214,Avståndet mellan Karlstad och Värnamo är 314 km och Karl-Johan Gyllenstorm beräknade körtiden till cirka 214 minuter.,<url><loc>https://pendlings-app1.t-767929534-cloudflare.workers.dev/?fran=Karlstad&amp;till=Värnamo</loc><changefreq>monthly</changefreq></url>
Karlstad,Kiruna,1277,870,Avståndet mellan Karlstad och Kiruna är 1277 km och Karl-Johan Gyllenstorm beräknade körtiden till cirka 870 minuter.,<url><loc>https://pendlings-app1.t-767929534-cloudflare.workers.dev/?fran=Karlstad&amp;till=Kiruna</loc><changefreq>monthly</changefreq></url>
Karlstad,Hudiksvall,418,285,Avståndet mellan Karlstad och Hudiksvall är 418 km och Karl-Johan Gyllenstorm beräknade körtiden till cirka 285 minuter.,<url><loc>https://pendlings-app1.t-767929534-cloudflare.workers.dev/?fran=Karlstad&amp;till=Hudiksvall</loc><changefreq>monthly</changefreq></url>
Karlstad,Falkenberg,360,245,Avståndet mellan Karlstad och Falkenberg är 360 km och Karl-Johan Gyllenstorm beräknade körtiden till cirka 245 minuter.,<url><loc>https://pendlings-app1.t-767929534-cloudflare.workers.dev/?fran=Karlstad&amp;till=Falkenberg</loc><changefreq>monthly</changefreq></url>
Karlstad,Visby,554,475,Avståndet mellan Karlstad och Visby är 554 km och Karl-Johan Gyllenstorm beräknade körtiden till cirka 475 minuter.,<url><loc>https://pendlings-app1.t-767929534-cloudflare.workers.dev/?fran=Karlstad&amp;till=Visby</loc><changefreq>monthly</changefreq></url>
Piteå,Stockholm,881,600,Avståndet mellan Piteå och Stockholm är 881 km och Karl-Johan Gyllenstorm beräknade körtiden till cirka 600 minuter.,<url><loc>https://pendlings-app1.t-767929534-cloudflare.workers.dev/?fran=Piteå&amp;till=Stockholm</loc><changefreq>monthly</changefreq></url>
Piteå,Göteborg,1257,857,Avståndet mellan Piteå och Göteborg är 1257 km och Karl-Johan Gyllenstorm beräknade körtiden till cirka 857 minuter.,<url><loc>https://pendlings-app1.t-767929534-cloudflare.workers.dev/?fran=Piteå&amp;till=Göteborg</loc><changefreq>monthly</changefreq></url>
Piteå,Malmö,1501,1023,Avståndet mellan Piteå och Malmö är 1501 km och Karl-Johan Gyllenstorm beräknade körtiden till cirka 1023 minuter.,<url><loc>https://pendlings-app1.t-767929534-cloudflare.workers.dev/?fran=Piteå&amp;till=Malmö</loc><changefreq>monthly</changefreq></url>
Piteå,Uppsala,816,556,Avståndet mellan Piteå och Uppsala är 816 km och Karl-Johan Gyllenstorm beräknade körtiden till cirka 556 minuter.,<url><loc>https://pendlings-app1.t-767929534-cloudflare.workers.dev/?fran=Piteå&amp;till=Uppsala</loc><changefreq>monthly</changefreq></url>
Piteå,Västerås,874,595,Avståndet mellan Piteå och Västerås är 874 km och Karl-Johan Gyllenstorm beräknade körtiden till cirka 595 minuter.,<url><loc>https://pendlings-app1.t-767929534-cloudflare.workers.dev/?fran=Piteå&amp;till=Västerås</loc><changefreq>monthly</changefreq></url>
Piteå,Örebro,953,649,Avståndet mellan Piteå och Örebro är 953 km och Karl-Johan Gyllenstorm beräknade körtiden till cirka 649 minuter.,<url><loc>https://pendlings-app1.t-767929534-cloudflare.workers.dev/?fran=Piteå&amp;till=Örebro</loc><changefreq>monthly</changefreq></url>
Piteå,Linköping,1057,720,Avståndet mellan Piteå och Linköping är 1057 km och Karl-Johan Gyllenstorm beräknade körtiden till cirka 720 minuter.,<url><loc>https://pendlings-app1.t-767929534-cloudflare.workers.dev/?fran=Piteå&amp;till=Linköping</loc><changefreq>monthly</changefreq></url>
Piteå,Helsingborg,1451,989,Avståndet mellan Piteå och Helsingborg är 1451 km och Karl-Johan Gyllenstorm beräknade körtiden till cirka 989 minuter.,<url><loc>https://pendlings-app1.t-767929534-cloudflare.workers.dev/?fran=Piteå&amp;till=Helsingborg</loc><changefreq>monthly</changefreq></url>
Piteå,Jönköping,1179,803,Avståndet mellan Piteå och Jönköping är 1179 km och Karl-Johan Gyllenstorm beräknade körtiden till cirka 803 minuter.,<url><loc>https://pendlings-app1.t-767929534-cloudflare.workers.dev/?fran=Piteå&amp;till=Jönköping</loc><changefreq>monthly</changefreq></url>
Piteå,Norrköping,1020,695,Avståndet mellan Piteå och Norrköping är 1020 km och Karl-Johan Gyllenstorm beräknade körtiden till cirka 695 minuter.,<url><loc>https://pendlings-app1.t-767929534-cloudflare.workers.dev/?fran=Piteå&amp;till=Norrköping</loc><changefreq>monthly</changefreq></url>
Piteå,Lund,1483,1011,Avståndet mellan Piteå och Lund är 1483 km och Karl-Johan Gyllenstorm beräknade körtiden till cirka 1011 minuter.,<url><loc>https://pendlings-app1.t-767929534-cloudflare.workers.dev/?fran=Piteå&amp;till=Lund</loc><changefreq>monthly</changefreq></url>
Piteå,Umeå,224,152,Avståndet mellan Piteå och Umeå är 224 km och Karl-Johan Gyllenstorm beräknade körtiden till cirka 152 minuter.,<url><loc>https://pendlings-app1.t-767929534-cloudflare.workers.dev/?fran=Piteå&amp;till=Umeå</loc><changefreq>monthly</changefreq></url>
Piteå,Gävle,717,488,Avståndet mellan Piteå och Gävle är 717 km och Karl-Johan Gyllenstorm beräknade körtiden till cirka 488 minuter.,<url><loc>https://pendlings-app1.t-767929534-cloudflare.workers.dev/?fran=Piteå&amp;till=Gävle</loc><changefreq>monthly</changefreq></url>
Piteå,Borås,1224,834,Avståndet mellan Piteå och Borås är 1224 km och Karl-Johan Gyllenstorm beräknade körtiden till cirka 834 minuter.,<url><loc>https://pendlings-app1.t-767929534-cloudflare.workers.dev/?fran=Piteå&amp;till=Borås</loc><changefreq>monthly</changefreq></url>
Piteå,Södertälje,907,618,Avståndet mellan Piteå och Södertälje är 907 km och Karl-Johan Gyllenstorm beräknade körtiden till cirka 618 minuter.,<url><loc>https://pendlings-app1.t-767929534-cloudflare.workers.dev/?fran=Piteå&amp;till=Södertälje</loc><changefreq>monthly</changefreq></url>
Piteå,Eskilstuna,907,618,Avståndet mellan Piteå och Eskilstuna är 907 km och Karl-Johan Gyllenstorm beräknade körtiden till cirka 618 minuter.,<url><loc>https://pendlings-app1.t-767929534-cloudflare.workers.dev/?fran=Piteå&amp;till=Eskilstuna</loc><changefreq>monthly</changefreq></url>
Piteå,Halmstad,1363,929,Avståndet mellan Piteå och Halmstad är 1363 km och Karl-Johan Gyllenstorm beräknade körtiden till cirka 929 minuter.,<url><loc>https://pendlings-app1.t-767929534-cloudflare.workers.dev/?fran=Piteå&amp;till=Halmstad</loc><changefreq>monthly</changefreq></url>
Piteå,Växjö,1284,875,Avståndet mellan Piteå och Växjö är 1284 km och Karl-Johan Gyllenstorm beräknade körtiden till cirka 875 minuter.,<url><loc>https://pendlings-app1.t-767929534-cloudflare.workers.dev/?fran=Piteå&amp;till=Växjö</loc><changefreq>monthly</changefreq></url>
Piteå,Karlstad,994,677,Avståndet mellan Piteå och Karlstad är 994 km och Karl-Johan Gyllenstorm beräknade körtiden till cirka 677 minuter.,<url><loc>https://pendlings-app1.t-767929534-cloudflare.workers.dev/?fran=Piteå&amp;till=Karlstad</loc><changefreq>monthly</changefreq></url>
Piteå,Luleå,55,47,Avståndet mellan Piteå och Luleå är 55 km och Karl-Johan Gyllenstorm beräknade körtiden till cirka 47 minuter.,<url><loc>https://pendlings-app1.t-767929534-cloudflare.workers.dev/?fran=Piteå&amp;till=Luleå</loc><changefreq>monthly</changefreq></url>
Piteå,Trollhättan,1174,800,Avståndet mellan Piteå och Trollhättan är 1174 km och Karl-Johan Gyllenstorm beräknade körtiden till cirka 800 minuter.,<url><loc>https://pendlings-app1.t-767929534-cloudflare.workers.dev/?fran=Piteå&amp;till=Trollhättan</loc><changefreq>monthly</changefreq></url>
Piteå,Östersund,521,355,Avståndet mellan Piteå och Östersund är 521 km och Karl-Johan Gyllenstorm beräknade körtiden till cirka 355 minuter.,<url><loc>https://pendlings-app1.t-767929534-cloudflare.workers.dev/?fran=Piteå&amp;till=Östersund</loc><changefreq>monthly</changefreq></url>
Piteå,Borlänge,790,538,Avståndet mellan Piteå och Borlänge är 790 km och Karl-Johan Gyllenstorm beräknade körtiden till cirka 538 minuter.,<url><loc>https://pendlings-app1.t-767929534-cloudflare.workers.dev/?fran=Piteå&amp;till=Borlänge</loc><changefreq>monthly</changefreq></url>
Piteå,Falun,769,524,Avståndet mellan Piteå och Falun är 769 km och Karl-Johan Gyllenstorm beräknade körtiden till cirka 524 minuter.,<url><loc>https://pendlings-app1.t-767929534-cloudflare.workers.dev/?fran=Piteå&amp;till=Falun</loc><changefreq>monthly</changefreq></url>
Piteå,Kalmar,1280,872,Avståndet mellan Piteå och Kalmar är 1280 km och Karl-Johan Gyllenstorm beräknade körtiden till cirka 872 minuter.,<url><loc>https://pendlings-app1.t-767929534-cloudflare.workers.dev/?fran=Piteå&amp;till=Kalmar</loc><changefreq>monthly</changefreq></url>
Piteå,Skövde,1109,756,Avståndet mellan Piteå och Skövde är 1109 km och Karl-Johan Gyllenstorm beräknade körtiden till cirka 756 minuter.,<url><loc>https://pendlings-app1.t-767929534-cloudflare.workers.dev/?fran=Piteå&amp;till=Skövde</loc><changefreq>monthly</changefreq></url>
Piteå,Kristianstad,1414,964,Avståndet mellan Piteå och Kristianstad är 1414 km och Karl-Johan Gyllenstorm beräknade körtiden till cirka 964 minuter.,<url><loc>https://pendlings-app1.t-767929534-cloudflare.workers.dev/?fran=Piteå&amp;till=Kristianstad</loc><changefreq>monthly</changefreq></url>
Piteå,Karlskrona,1364,930,Avståndet mellan Piteå och Karlskrona är 1364 km och Karl-Johan Gyllenstorm beräknade körtiden till cirka 930 minuter.,<url><loc>https://pendlings-app1.t-767929534-cloudflare.workers.dev/?fran=Piteå&amp;till=Karlskrona</loc><changefreq>monthly</changefreq></url>
Piteå,Skellefteå,86,73,Avståndet mellan Piteå och Skellefteå är 86 km och Karl-Johan Gyllenstorm beräknade körtiden till cirka 73 minuter.,<url><loc>https://pendlings-app1.t-767929534-cloudflare.workers.dev/?fran=Piteå&amp;till=Skellefteå</loc><changefreq>monthly</changefreq></url>
Piteå,Uddevalla,1177,802,Avståndet mellan Piteå och Uddevalla är 1177 km och Karl-Johan Gyllenstorm beräknade körtiden till cirka 802 minuter.,<url><loc>https://pendlings-app1.t-767929534-cloudflare.workers.dev/?fran=Piteå&amp;till=Uddevalla</loc><changefreq>monthly</changefreq></url>
Piteå,Varberg,1325,903,Avståndet mellan Piteå och Varberg är 1325 km och Karl-Johan Gyllenstorm beräknade körtiden till cirka 903 minuter.,<url><loc>https://pendlings-app1.t-767929534-cloudflare.workers.dev/?fran=Piteå&amp;till=Varberg</loc><changefreq>monthly</changefreq></url>
Piteå,Motala,1055,719,Avståndet mellan Piteå och Motala är 1055 km och Karl-Johan Gyllenstorm beräknade körtiden till cirka 719 minuter.,<url><loc>https://pendlings-app1.t-767929534-cloudflare.workers.dev/?fran=Piteå&amp;till=Motala</loc><changefreq>monthly</changefreq></url>
Piteå,Enköping,858,585,Avståndet mellan Piteå och Enköping är 858 km och Karl-Johan Gyllenstorm beräknade körtiden till cirka 585 minuter.,<url><loc>https://pendlings-app1.t-767929534-cloudflare.workers.dev/?fran=Piteå&amp;till=Enköping</loc><changefreq>monthly</changefreq></url>
Piteå,Örnsköldsvik,334,227,Avståndet mellan Piteå och Örnsköldsvik är 334 km och Karl-Johan Gyllenstorm beräknade körtiden till cirka 227 minuter.,<url><loc>https://pendlings-app1.t-767929534-cloudflare.workers.dev/?fran=Piteå&amp;till=Örnsköldsvik</loc><changefreq>monthly</changefreq></url>
Piteå,Nyköping,980,668,Avståndet mellan Piteå och Nyköping är 980 km och Karl-Johan Gyllenstorm beräknade körtiden till cirka 668 minuter.,<url><loc>https://pendlings-app1.t-767929534-cloudflare.workers.dev/?fran=Piteå&amp;till=Nyköping</loc><changefreq>monthly</changefreq></url>
Piteå,Karlshamn,1379,940,Avståndet mellan Piteå och Karlshamn är 1379 km och Karl-Johan Gyllenstorm beräknade körtiden till cirka 940 minuter.,<url><loc>https://pendlings-app1.t-767929534-cloudflare.workers.dev/?fran=Piteå&amp;till=Karlshamn</loc><changefreq>monthly</changefreq></url>
Piteå,Västervik,1124,766,Avståndet mellan Piteå och Västervik är 1124 km och Karl-Johan Gyllenstorm beräknade körtiden till cirka 766 minuter.,<url><loc>https://pendlings-app1.t-767929534-cloudflare.workers.dev/?fran=Piteå&amp;till=Västervik</loc><changefreq>monthly</changefreq></url>
Piteå,Eslöv,1462,996,Avståndet mellan Piteå och Eslöv är 1462 km och Karl-Johan Gyllenstorm beräknade körtiden till cirka 996 minuter.,<url><loc>https://pendlings-app1.t-767929534-cloudflare.workers.dev/?fran=Piteå&amp;till=Eslöv</loc><changefreq>monthly</changefreq></url>
Piteå,Härnösand,441,300,Avståndet mellan Piteå och Härnösand är 441 km och Karl-Johan Gyllenstorm beräknade körtiden till cirka 300 minuter.,<url><loc>https://pendlings-app1.t-767929534-cloudflare.workers.dev/?fran=Piteå&amp;till=Härnösand</loc><changefreq>monthly</changefreq></url>
Piteå,Ystad,1504,1025,Avståndet mellan Piteå och Ystad är 1504 km och Karl-Johan Gyllenstorm beräknade körtiden till cirka 1025 minuter.,<url><loc>https://pendlings-app1.t-767929534-cloudflare.workers.dev/?fran=Piteå&amp;till=Ystad</loc><changefreq>monthly</changefreq></url>
Piteå,Katrineholm,964,657,Avståndet mellan Piteå och Katrineholm är 964 km och Karl-Johan Gyllenstorm beräknade körtiden till cirka 657 minuter.,<url><loc>https://pendlings-app1.t-767929534-cloudflare.workers.dev/?fran=Piteå&amp;till=Katrineholm</loc><changefreq>monthly</changefreq></url>
Piteå,Mariestad,1068,728,Avståndet mellan Piteå och Mariestad är 1068 km och Karl-Johan Gyllenstorm beräknade körtiden till cirka 728 minuter.,<url><loc>https://pendlings-app1.t-767929534-cloudflare.workers.dev/?fran=Piteå&amp;till=Mariestad</loc><changefreq>monthly</changefreq></url>
Piteå,Lidköping,1116,760,Avståndet mellan Piteå och Lidköping är 1116 km och Karl-Johan Gyllenstorm beräknade körtiden till cirka 760 minuter.,<url><loc>https://pendlings-app1.t-767929534-cloudflare.workers.dev/?fran=Piteå&amp;till=Lidköping</loc><changefreq>monthly</changefreq></url>
Piteå,Vänersborg,1161,791,Avståndet mellan Piteå och Vänersborg är 1161 km och Karl-Johan Gyllenstorm beräknade körtiden till cirka 791 minuter.,<url><loc>https://pendlings-app1.t-767929534-cloudflare.workers.dev/?fran=Piteå&amp;till=Vänersborg</loc><changefreq>monthly</changefreq></url>
Piteå,Värnamo,1262,860,Avståndet mellan Piteå och Värnamo är 1262 km och Karl-Johan Gyllenstorm beräknade körtiden till cirka 860 minuter.,<url><loc>https://pendlings-app1.t-767929534-cloudflare.workers.dev/?fran=Piteå&amp;till=Värnamo</loc><changefreq>monthly</changefreq></url>
Piteå,Kiruna,368,250,Avståndet mellan Piteå och Kiruna är 368 km och Karl-Johan Gyllenstorm beräknade körtiden till cirka 250 minuter.,<url><loc>https://pendlings-app1.t-767929534-cloudflare.workers.dev/?fran=Piteå&amp;till=Kiruna</loc><changefreq>monthly</changefreq></url>
Piteå,Hudiksvall,580,395,Avståndet mellan Piteå och Hudiksvall är 580 km och Karl-Johan Gyllenstorm beräknade körtiden till cirka 395 minuter.,<url><loc>https://pendlings-app1.t-767929534-cloudflare.workers.dev/?fran=Piteå&amp;till=Hudiksvall</loc><changefreq>monthly</changefreq></url>
Piteå,Falkenberg,1344,916,Avståndet mellan Piteå och Falkenberg är 1344 km och Karl-Johan Gyllenstorm beräknade körtiden till cirka 916 minuter.,<url><loc>https://pendlings-app1.t-767929534-cloudflare.workers.dev/?fran=Piteå&amp;till=Falkenberg</loc><changefreq>monthly</changefreq></url>
Piteå,Visby,1234,939,Avståndet mellan Piteå och Visby är 1234 km och Karl-Johan Gyllenstorm beräknade körtiden till cirka 939 minuter.,<url><loc>https://pendlings-app1.t-767929534-cloudflare.workers.dev/?fran=Piteå&amp;till=Visby</loc><changefreq>monthly</changefreq></url>
Luleå,Stockholm,929,633,Avståndet mellan Luleå och Stockholm är 929 km och Karl-Johan Gyllenstorm beräknade körtiden till cirka 633 minuter.,<url><loc>https://pendlings-app1.t-767929534-cloudflare.workers.dev/?fran=Luleå&amp;till=Stockholm</loc><changefreq>monthly</changefreq></url>
Luleå,Göteborg,1311,893,Avståndet mellan Luleå och Göteborg är 1311 km och Karl-Johan Gyllenstorm beräknade körtiden till cirka 893 minuter.,<url><loc>https://pendlings-app1.t-767929534-cloudflare.workers.dev/?fran=Luleå&amp;till=Göteborg</loc><changefreq>monthly</changefreq></url>
Luleå,Malmö,1554,1059,Avståndet mellan Luleå och Malmö är 1554 km och Karl-Johan Gyllenstorm beräknade körtiden till cirka 1059 minuter.,<url><loc>https://pendlings-app1.t-767929534-cloudflare.workers.dev/?fran=Luleå&amp;till=Malmö</loc><changefreq>monthly</changefreq></url>
Luleå,Uppsala,866,590,Avståndet mellan Luleå och Uppsala är 866 km och Karl-Johan Gyllenstorm beräknade körtiden till cirka 590 minuter.,<url><loc>https://pendlings-app1.t-767929534-cloudflare.workers.dev/?fran=Luleå&amp;till=Uppsala</loc><changefreq>monthly</changefreq></url>
Luleå,Västerås,925,630,Avståndet mellan Luleå och Västerås är 925 km och Karl-Johan Gyllenstorm beräknade körtiden till cirka 630 minuter.,<url><loc>https://pendlings-app1.t-767929534-cloudflare.workers.dev/?fran=Luleå&amp;till=Västerås</loc><changefreq>monthly</changefreq></url>
Luleå,Örebro,1006,685,Avståndet mellan Luleå och Örebro är 1006 km och Karl-Johan Gyllenstorm beräknade körtiden till cirka 685 minuter.,<url><loc>https://pendlings-app1.t-767929534-cloudflare.workers.dev/?fran=Luleå&amp;till=Örebro</loc><changefreq>monthly</changefreq></url>
Luleå,Linköping,1109,756,Avståndet mellan Luleå och Linköping är 1109 km och Karl-Johan Gyllenstorm beräknade körtiden till cirka 756 minuter.,<url><loc>https://pendlings-app1.t-767929534-cloudflare.workers.dev/?fran=Luleå&amp;till=Linköping</loc><changefreq>monthly</changefreq></url>
Luleå,Helsingborg,1504,1025,Avståndet mellan Luleå och Helsingborg är 1504 km och Karl-Johan Gyllenstorm beräknade körtiden till cirka 1025 minuter.,<url><loc>https://pendlings-app1.t-767929534-cloudflare.workers.dev/?fran=Luleå&amp;till=Helsingborg</loc><changefreq>monthly</changefreq></url>
Luleå,Jönköping,1232,840,Avståndet mellan Luleå och Jönköping är 1232 km och Karl-Johan Gyllenstorm beräknade körtiden till cirka 840 minuter.,<url><loc>https://pendlings-app1.t-767929534-cloudflare.workers.dev/?fran=Luleå&amp;till=Jönköping</loc><changefreq>monthly</changefreq></url>
Luleå,Norrköping,1071,730,Avståndet mellan Luleå och Norrköping är 1071 km och Karl-Johan Gyllenstorm beräknade körtiden till cirka 730 minuter.,<url><loc>https://pendlings-app1.t-767929534-cloudflare.workers.dev/?fran=Luleå&amp;till=Norrköping</loc><changefreq>monthly</changefreq></url>
Luleå,Lund,1535,1046,Avståndet mellan Luleå och Lund är 1535 km och Karl-Johan Gyllenstorm beräknade körtiden till cirka 1046 minuter.,<url><loc>https://pendlings-app1.t-767929534-cloudflare.workers.dev/?fran=Luleå&amp;till=Lund</loc><changefreq>monthly</changefreq></url>
Luleå,Umeå,275,187,Avståndet mellan Luleå och Umeå är 275 km och Karl-Johan Gyllenstorm beräknade körtiden till cirka 187 minuter.,<url><loc>https://pendlings-app1.t-767929534-cloudflare.workers.dev/?fran=Luleå&amp;till=Umeå</loc><changefreq>monthly</changefreq></url>
Luleå,Gävle,769,524,Avståndet mellan Luleå och Gävle är 769 km och Karl-Johan Gyllenstorm beräknade körtiden till cirka 524 minuter.,<url><loc>https://pendlings-app1.t-767929534-cloudflare.workers.dev/?fran=Luleå&amp;till=Gävle</loc><changefreq>monthly</changefreq></url>
Luleå,Borås,1277,870,Avståndet mellan Luleå och Borås är 1277 km och Karl-Johan Gyllenstorm beräknade körtiden till cirka 870 minuter.,<url><loc>https://pendlings-app1.t-767929534-cloudflare.workers.dev/?fran=Luleå&amp;till=Borås</loc><changefreq>monthly</changefreq></url>
Luleå,Södertälje,956,651,Avståndet mellan Luleå och Södertälje är 956 km och Karl-Johan Gyllenstorm beräknade körtiden till cirka 651 minuter.,<url><loc>https://pendlings-app1.t-767929534-cloudflare.workers.dev/?fran=Luleå&amp;till=Södertälje</loc><changefreq>monthly</changefreq></url>
Luleå,Eskilstuna,958,653,Avståndet mellan Luleå och Eskilstuna är 958 km och Karl-Johan Gyllenstorm beräknade körtiden till cirka 653 minuter.,<url><loc>https://pendlings-app1.t-767929534-cloudflare.workers.dev/?fran=Luleå&amp;till=Eskilstuna</loc><changefreq>monthly</changefreq></url>
Luleå,Halmstad,1416,965,Avståndet mellan Luleå och Halmstad är 1416 km och Karl-Johan Gyllenstorm beräknade körtiden till cirka 965 minuter.,<url><loc>https://pendlings-app1.t-767929534-cloudflare.workers.dev/?fran=Luleå&amp;till=Halmstad</loc><changefreq>monthly</changefreq></url>
Luleå,Växjö,1335,910,Avståndet mellan Luleå och Växjö är 1335 km och Karl-Johan Gyllenstorm beräknade körtiden till cirka 910 minuter.,<url><loc>https://pendlings-app1.t-767929534-cloudflare.workers.dev/?fran=Luleå&amp;till=Växjö</loc><changefreq>monthly</changefreq></url>
Luleå,Karlstad,1048,714,Avståndet mellan Luleå och Karlstad är 1048 km och Karl-Johan Gyllenstorm beräknade körtiden till cirka 714 minuter.,<url><loc>https://pendlings-app1.t-767929534-cloudflare.workers.dev/?fran=Luleå&amp;till=Karlstad</loc><changefreq>monthly</changefreq></url>
Luleå,Piteå,55,47,Avståndet mellan Luleå och Piteå är 55 km och Karl-Johan Gyllenstorm beräknade körtiden till cirka 47 minuter.,<url><loc>https://pendlings-app1.t-767929534-cloudflare.workers.dev/?fran=Luleå&amp;till=Piteå</loc><changefreq>monthly</changefreq></url>
Luleå,Trollhättan,1228,837,Avståndet mellan Luleå och Trollhättan är 1228 km och Karl-Johan Gyllenstorm beräknade körtiden till cirka 837 minuter.,<url><loc>https://pendlings-app1.t-767929534-cloudflare.workers.dev/?fran=Luleå&amp;till=Trollhättan</loc><changefreq>monthly</changefreq></url>
Luleå,Östersund,575,392,Avståndet mellan Luleå och Östersund är 575 km och Karl-Johan Gyllenstorm beräknade körtiden till cirka 392 minuter.,<url><loc>https://pendlings-app1.t-767929534-cloudflare.workers.dev/?fran=Luleå&amp;till=Östersund</loc><changefreq>monthly</changefreq></url>
Luleå,Borlänge,844,575,Avståndet mellan Luleå och Borlänge är 844 km och Karl-Johan Gyllenstorm beräknade körtiden till cirka 575 minuter.,<url><loc>https://pendlings-app1.t-767929534-cloudflare.workers.dev/?fran=Luleå&amp;till=Borlänge</loc><changefreq>monthly</changefreq></url>
Luleå,Falun,823,561,Avståndet mellan Luleå och Falun är 823 km och Karl-Johan Gyllenstorm beräknade körtiden till cirka 561 minuter.,<url><loc>https://pendlings-app1.t-767929534-cloudflare.workers.dev/?fran=Luleå&amp;till=Falun</loc><changefreq>monthly</changefreq></url>
Luleå,Kalmar,1329,906,Avståndet mellan Luleå och Kalmar är 1329 km och Karl-Johan Gyllenstorm beräknade körtiden till cirka 906 minuter.,<url><loc>https://pendlings-app1.t-767929534-cloudflare.workers.dev/?fran=Luleå&amp;till=Kalmar</loc><changefreq>monthly</changefreq></url>
Luleå,Skövde,1162,792,Avståndet mellan Luleå och Skövde är 1162 km och Karl-Johan Gyllenstorm beräknade körtiden till cirka 792 minuter.,<url><loc>https://pendlings-app1.t-767929534-cloudflare.workers.dev/?fran=Luleå&amp;till=Skövde</loc><changefreq>monthly</changefreq></url>
Luleå,Kristianstad,1466,999,Avståndet mellan Luleå och Kristianstad är 1466 km och Karl-Johan Gyllenstorm beräknade körtiden till cirka 999 minuter.,<url><loc>https://pendlings-app1.t-767929534-cloudflare.workers.dev/?fran=Luleå&amp;till=Kristianstad</loc><changefreq>monthly</changefreq></url>
Luleå,Karlskrona,1414,964,Avståndet mellan Luleå och Karlskrona är 1414 km och Karl-Johan Gyllenstorm beräknade körtiden till cirka 964 minuter.,<url><loc>https://pendlings-app1.t-767929534-cloudflare.workers.dev/?fran=Luleå&amp;till=Karlskrona</loc><changefreq>monthly</changefreq></url>
Luleå,Skellefteå,138,94,Avståndet mellan Luleå och Skellefteå är 138 km och Karl-Johan Gyllenstorm beräknade körtiden till cirka 94 minuter.,<url><loc>https://pendlings-app1.t-767929534-cloudflare.workers.dev/?fran=Luleå&amp;till=Skellefteå</loc><changefreq>monthly</changefreq></url>
Luleå,Uddevalla,1232,840,Avståndet mellan Luleå och Uddevalla är 1232 km och Karl-Johan Gyllenstorm beräknade körtiden till cirka 840 minuter.,<url><loc>https://pendlings-app1.t-767929534-cloudflare.workers.dev/?fran=Luleå&amp;till=Uddevalla</loc><changefreq>monthly</changefreq></url>
Luleå,Varberg,1379,940,Avståndet mellan Luleå och Varberg är 1379 km och Karl-Johan Gyllenstorm beräknade körtiden till cirka 940 minuter.,<url><loc>https://pendlings-app1.t-767929534-cloudflare.workers.dev/?fran=Luleå&amp;till=Varberg</loc><changefreq>monthly</changefreq></url>
Luleå,Motala,1108,755,Avståndet mellan Luleå och Motala är 1108 km och Karl-Johan Gyllenstorm beräknade körtiden till cirka 755 minuter.,<url><loc>https://pendlings-app1.t-767929534-cloudflare.workers.dev/?fran=Luleå&amp;till=Motala</loc><changefreq>monthly</changefreq></url>
Luleå,Enköping,908,619,Avståndet mellan Luleå och Enköping är 908 km och Karl-Johan Gyllenstorm beräknade körtiden till cirka 619 minuter.,<url><loc>https://pendlings-app1.t-767929534-cloudflare.workers.dev/?fran=Luleå&amp;till=Enköping</loc><changefreq>monthly</changefreq></url>
Luleå,Örnsköldsvik,388,264,Avståndet mellan Luleå och Örnsköldsvik är 388 km och Karl-Johan Gyllenstorm beräknade körtiden till cirka 264 minuter.,<url><loc>https://pendlings-app1.t-767929534-cloudflare.workers.dev/?fran=Luleå&amp;till=Örnsköldsvik</loc><changefreq>monthly</changefreq></url>
Luleå,Nyköping,1029,701,Avståndet mellan Luleå och Nyköping är 1029 km och Karl-Johan Gyllenstorm beräknade körtiden till cirka 701 minuter.,<url><loc>https://pendlings-app1.t-767929534-cloudflare.workers.dev/?fran=Luleå&amp;till=Nyköping</loc><changefreq>monthly</changefreq></url>
Luleå,Karlshamn,1429,974,Avståndet mellan Luleå och Karlshamn är 1429 km och Karl-Johan Gyllenstorm beräknade körtiden till cirka 974 minuter.,<url><loc>https://pendlings-app1.t-767929534-cloudflare.workers.dev/?fran=Luleå&amp;till=Karlshamn</loc><changefreq>monthly</changefreq></url>
Luleå,Västervik,1173,799,Avståndet mellan Luleå och Västervik är 1173 km och Karl-Johan Gyllenstorm beräknade körtiden till cirka 799 minuter.,<url><loc>https://pendlings-app1.t-767929534-cloudflare.workers.dev/?fran=Luleå&amp;till=Västervik</loc><changefreq>monthly</changefreq></url>
Luleå,Eslöv,1514,1032,Avståndet mellan Luleå och Eslöv är 1514 km och Karl-Johan Gyllenstorm beräknade körtiden till cirka 1032 minuter.,<url><loc>https://pendlings-app1.t-767929534-cloudflare.workers.dev/?fran=Luleå&amp;till=Eslöv</loc><changefreq>monthly</changefreq></url>
Luleå,Härnösand,495,337,Avståndet mellan Luleå och Härnösand är 495 km och Karl-Johan Gyllenstorm beräknade körtiden till cirka 337 minuter.,<url><loc>https://pendlings-app1.t-767929534-cloudflare.workers.dev/?fran=Luleå&amp;till=Härnösand</loc><changefreq>monthly</changefreq></url>
Luleå,Ystad,1555,1060,Avståndet mellan Luleå och Ystad är 1555 km och Karl-Johan Gyllenstorm beräknade körtiden till cirka 1060 minuter.,<url><loc>https://pendlings-app1.t-767929534-cloudflare.workers.dev/?fran=Luleå&amp;till=Ystad</loc><changefreq>monthly</changefreq></url>
Luleå,Katrineholm,1016,692,Avståndet mellan Luleå och Katrineholm är 1016 km och Karl-Johan Gyllenstorm beräknade körtiden till cirka 692 minuter.,<url><loc>https://pendlings-app1.t-767929534-cloudflare.workers.dev/?fran=Luleå&amp;till=Katrineholm</loc><changefreq>monthly</changefreq></url>
Luleå,Mariestad,1122,765,Avståndet mellan Luleå och Mariestad är 1122 km och Karl-Johan Gyllenstorm beräknade körtiden till cirka 765 minuter.,<url><loc>https://pendlings-app1.t-767929534-cloudflare.workers.dev/?fran=Luleå&amp;till=Mariestad</loc><changefreq>monthly</changefreq></url>
Luleå,Lidköping,1170,797,Avståndet mellan Luleå och Lidköping är 1170 km och Karl-Johan Gyllenstorm beräknade körtiden till cirka 797 minuter.,<url><loc>https://pendlings-app1.t-767929534-cloudflare.workers.dev/?fran=Luleå&amp;till=Lidköping</loc><changefreq>monthly</changefreq></url>
Luleå,Vänersborg,1215,828,Avståndet mellan Luleå och Vänersborg är 1215 km och Karl-Johan Gyllenstorm beräknade körtiden till cirka 828 minuter.,<url><loc>https://pendlings-app1.t-767929534-cloudflare.workers.dev/?fran=Luleå&amp;till=Vänersborg</loc><changefreq>monthly</changefreq></url>
Luleå,Värnamo,1314,895,Avståndet mellan Luleå och Värnamo är 1314 km och Karl-Johan Gyllenstorm beräknade körtiden till cirka 895 minuter.,<url><loc>https://pendlings-app1.t-767929534-cloudflare.workers.dev/?fran=Luleå&amp;till=Värnamo</loc><changefreq>monthly</changefreq></url>
Luleå,Kiruna,340,231,Avståndet mellan Luleå och Kiruna är 340 km och Karl-Johan Gyllenstorm beräknade körtiden till cirka 231 minuter.,<url><loc>https://pendlings-app1.t-767929534-cloudflare.workers.dev/?fran=Luleå&amp;till=Kiruna</loc><changefreq>monthly</changefreq></url>
Luleå,Hudiksvall,634,432,Avståndet mellan Luleå och Hudiksvall är 634 km och Karl-Johan Gyllenstorm beräknade körtiden till cirka 432 minuter.,<url><loc>https://pendlings-app1.t-767929534-cloudflare.workers.dev/?fran=Luleå&amp;till=Hudiksvall</loc><changefreq>monthly</changefreq></url>
Luleå,Falkenberg,1397,952,Avståndet mellan Luleå och Falkenberg är 1397 km och Karl-Johan Gyllenstorm beräknade körtiden till cirka 952 minuter.,<url><loc>https://pendlings-app1.t-767929534-cloudflare.workers.dev/?fran=Luleå&amp;till=Falkenberg</loc><changefreq>monthly</changefreq></url>
Luleå,Visby,1280,970,Avståndet mellan Luleå och Visby är 1280 km och Karl-Johan Gyllenstorm beräknade körtiden till cirka 970 minuter.,<url><loc>https://pendlings-app1.t-767929534-cloudflare.workers.dev/?fran=Luleå&amp;till=Visby</loc><changefreq>monthly</changefreq></url>
Trollhättan,Stockholm,451,307,Avståndet mellan Trollhättan och Stockholm är 451 km och Karl-Johan Gyllenstorm beräknade körtiden till cirka 307 minuter.,<url><loc>https://pendlings-app1.t-767929534-cloudflare.workers.dev/?fran=Trollhättan&amp;till=Stockholm</loc><changefreq>monthly</changefreq></url>
Trollhättan,Göteborg,85,72,Avståndet mellan Trollhättan och Göteborg är 85 km och Karl-Johan Gyllenstorm beräknade körtiden till cirka 72 minuter.,<url><loc>https://pendlings-app1.t-767929534-cloudflare.workers.dev/?fran=Trollhättan&amp;till=Göteborg</loc><changefreq>monthly</changefreq></url>
Trollhättan,Malmö,385,262,Avståndet mellan Trollhättan och Malmö är 385 km och Karl-Johan Gyllenstorm beräknade körtiden till cirka 262 minuter.,<url><loc>https://pendlings-app1.t-767929534-cloudflare.workers.dev/?fran=Trollhättan&amp;till=Malmö</loc><changefreq>monthly</changefreq></url>
Trollhättan,Uppsala,451,307,Avståndet mellan Trollhättan och Uppsala är 451 km och Karl-Johan Gyllenstorm beräknade körtiden till cirka 307 minuter.,<url><loc>https://pendlings-app1.t-767929534-cloudflare.workers.dev/?fran=Trollhättan&amp;till=Uppsala</loc><changefreq>monthly</changefreq></url>
Trollhättan,Västerås,365,248,Avståndet mellan Trollhättan och Västerås är 365 km och Karl-Johan Gyllenstorm beräknade körtiden till cirka 248 minuter.,<url><loc>https://pendlings-app1.t-767929534-cloudflare.workers.dev/?fran=Trollhättan&amp;till=Västerås</loc><changefreq>monthly</changefreq></url>
Trollhättan,Örebro,257,175,Avståndet mellan Trollhättan och Örebro är 257 km och Karl-Johan Gyllenstorm beräknade körtiden till cirka 175 minuter.,<url><loc>https://pendlings-app1.t-767929534-cloudflare.workers.dev/?fran=Trollhättan&amp;till=Örebro</loc><changefreq>monthly</changefreq></url>
Trollhättan,Linköping,249,169,Avståndet mellan Trollhättan och Linköping är 249 km och Karl-Johan Gyllenstorm beräknade körtiden till cirka 169 minuter.,<url><loc>https://pendlings-app1.t-767929534-cloudflare.workers.dev/?fran=Trollhättan&amp;till=Linköping</loc><changefreq>monthly</changefreq></url>
Trollhättan,Helsingborg,319,217,Avståndet mellan Trollhättan och Helsingborg är 319 km och Karl-Johan Gyllenstorm beräknade körtiden till cirka 217 minuter.,<url><loc>https://pendlings-app1.t-767929534-cloudflare.workers.dev/?fran=Trollhättan&amp;till=Helsingborg</loc><changefreq>monthly</changefreq></url>
Trollhättan,Jönköping,158,107,Avståndet mellan Trollhättan och Jönköping är 158 km och Karl-Johan Gyllenstorm beräknade körtiden till cirka 107 minuter.,<url><loc>https://pendlings-app1.t-767929534-cloudflare.workers.dev/?fran=Trollhättan&amp;till=Jönköping</loc><changefreq>monthly</changefreq></url>
Trollhättan,Norrköping,293,199,Avståndet mellan Trollhättan och Norrköping är 293 km och Karl-Johan Gyllenstorm beräknade körtiden till cirka 199 minuter.,<url><loc>https://pendlings-app1.t-767929534-cloudflare.workers.dev/?fran=Trollhättan&amp;till=Norrköping</loc><changefreq>monthly</changefreq></url>
Trollhättan,Lund,373,254,Avståndet mellan Trollhättan och Lund är 373 km och Karl-Johan Gyllenstorm beräknade körtiden till cirka 254 minuter.,<url><loc>https://pendlings-app1.t-767929534-cloudflare.workers.dev/?fran=Trollhättan&amp;till=Lund</loc><changefreq>monthly</changefreq></url>
Trollhättan,Umeå,959,653,Avståndet mellan Trollhättan och Umeå är 959 km och Karl-Johan Gyllenstorm beräknade körtiden till cirka 653 minuter.,<url><loc>https://pendlings-app1.t-767929534-cloudflare.workers.dev/?fran=Trollhättan&amp;till=Umeå</loc><changefreq>monthly</changefreq></url>
Trollhättan,Gävle,488,332,Avståndet mellan Trollhättan och Gävle är 488 km och Karl-Johan Gyllenstorm beräknade körtiden till cirka 332 minuter.,<url><loc>https://pendlings-app1.t-767929534-cloudflare.workers.dev/?fran=Trollhättan&amp;till=Gävle</loc><changefreq>monthly</changefreq></url>
Trollhättan,Borås,94,80,Avståndet mellan Trollhättan och Borås är 94 km och Karl-Johan Gyllenstorm beräknade körtiden till cirka 80 minuter.,<url><loc>https://pendlings-app1.t-767929534-cloudflare.workers.dev/?fran=Trollhättan&amp;till=Borås</loc><changefreq>monthly</changefreq></url>
Trollhättan,Södertälje,415,282,Avståndet mellan Trollhättan och Södertälje är 415 km och Karl-Johan Gyllenstorm beräknade körtiden till cirka 282 minuter.,<url><loc>https://pendlings-app1.t-767929534-cloudflare.workers.dev/?fran=Trollhättan&amp;till=Södertälje</loc><changefreq>monthly</changefreq></url>
Trollhättan,Eskilstuna,347,236,Avståndet mellan Trollhättan och Eskilstuna är 347 km och Karl-Johan Gyllenstorm beräknade körtiden till cirka 236 minuter.,<url><loc>https://pendlings-app1.t-767929534-cloudflare.workers.dev/?fran=Trollhättan&amp;till=Eskilstuna</loc><changefreq>monthly</changefreq></url>
Trollhättan,Halmstad,233,158,Avståndet mellan Trollhättan och Halmstad är 233 km och Karl-Johan Gyllenstorm beräknade körtiden till cirka 158 minuter.,<url><loc>https://pendlings-app1.t-767929534-cloudflare.workers.dev/?fran=Trollhättan&amp;till=Halmstad</loc><changefreq>monthly</changefreq></url>
Trollhättan,Växjö,277,188,Avståndet mellan Trollhättan och Växjö är 277 km och Karl-Johan Gyllenstorm beräknade körtiden till cirka 188 minuter.,<url><loc>https://pendlings-app1.t-767929534-cloudflare.workers.dev/?fran=Trollhättan&amp;till=Växjö</loc><changefreq>monthly</changefreq></url>
Trollhättan,Karlstad,179,122,Avståndet mellan Trollhättan och Karlstad är 179 km och Karl-Johan Gyllenstorm beräknade körtiden till cirka 122 minuter.,<url><loc>https://pendlings-app1.t-767929534-cloudflare.workers.dev/?fran=Trollhättan&amp;till=Karlstad</loc><changefreq>monthly</changefreq></url>
Trollhättan,Piteå,1174,800,Avståndet mellan Trollhättan och Piteå är 1174 km och Karl-Johan Gyllenstorm beräknade körtiden till cirka 800 minuter.,<url><loc>https://pendlings-app1.t-767929534-cloudflare.workers.dev/?fran=Trollhättan&amp;till=Piteå</loc><changefreq>monthly</changefreq></url>
Trollhättan,Luleå,1228,837,Avståndet mellan Trollhättan och Luleå är 1228 km och Karl-Johan Gyllenstorm beräknade körtiden till cirka 837 minuter.,<url><loc>https://pendlings-app1.t-767929534-cloudflare.workers.dev/?fran=Trollhättan&amp;till=Luleå</loc><changefreq>monthly</changefreq></url>
Trollhättan,Östersund,715,487,Avståndet mellan Trollhättan och Östersund är 715 km och Karl-Johan Gyllenstorm beräknade körtiden till cirka 487 minuter.,<url><loc>https://pendlings-app1.t-767929534-cloudflare.workers.dev/?fran=Trollhättan&amp;till=Östersund</loc><changefreq>monthly</changefreq></url>
Trollhättan,Borlänge,387,263,Avståndet mellan Trollhättan och Borlänge är 387 km och Karl-Johan Gyllenstorm beräknade körtiden till cirka 263 minuter.,<url><loc>https://pendlings-app1.t-767929534-cloudflare.workers.dev/?fran=Trollhättan&amp;till=Borlänge</loc><changefreq>monthly</changefreq></url>
Trollhättan,Falun,409,278,Avståndet mellan Trollhättan och Falun är 409 km och Karl-Johan Gyllenstorm beräknade körtiden till cirka 278 minuter.,<url><loc>https://pendlings-app1.t-767929534-cloudflare.workers.dev/?fran=Trollhättan&amp;till=Falun</loc><changefreq>monthly</changefreq></url>
Trollhättan,Kalmar,387,263,Avståndet mellan Trollhättan och Kalmar är 387 km och Karl-Johan Gyllenstorm beräknade körtiden till cirka 263 minuter.,<url><loc>https://pendlings-app1.t-767929534-cloudflare.workers.dev/?fran=Trollhättan&amp;till=Kalmar</loc><changefreq>monthly</changefreq></url>
Trollhättan,Skövde,117,79,Avståndet mellan Trollhättan och Skövde är 117 km och Karl-Johan Gyllenstorm beräknade körtiden till cirka 79 minuter.,<url><loc>https://pendlings-app1.t-767929534-cloudflare.workers.dev/?fran=Trollhättan&amp;till=Skövde</loc><changefreq>monthly</changefreq></url>
Trollhättan,Kristianstad,351,239,Avståndet mellan Trollhättan och Kristianstad är 351 km och Karl-Johan Gyllenstorm beräknade körtiden till cirka 239 minuter.,<url><loc>https://pendlings-app1.t-767929534-cloudflare.workers.dev/?fran=Trollhättan&amp;till=Kristianstad</loc><changefreq>monthly</changefreq></url>
Trollhättan,Karlskrona,394,268,Avståndet mellan Trollhättan och Karlskrona är 394 km och Karl-Johan Gyllenstorm beräknade körtiden till cirka 268 minuter.,<url><loc>https://pendlings-app1.t-767929534-cloudflare.workers.dev/?fran=Trollhättan&amp;till=Karlskrona</loc><changefreq>monthly</changefreq></url>
Trollhättan,Skellefteå,1090,743,Avståndet mellan Trollhättan och Skellefteå är 1090 km och Karl-Johan Gyllenstorm beräknade körtiden till cirka 743 minuter.,<url><loc>https://pendlings-app1.t-767929534-cloudflare.workers.dev/?fran=Trollhättan&amp;till=Skellefteå</loc><changefreq>monthly</changefreq></url>
Trollhättan,Uddevalla,27,23,Avståndet mellan Trollhättan och Uddevalla är 27 km och Karl-Johan Gyllenstorm beräknade körtiden till cirka 23 minuter.,<url><loc>https://pendlings-app1.t-767929534-cloudflare.workers.dev/?fran=Trollhättan&amp;till=Uddevalla</loc><changefreq>monthly</changefreq></url>
Trollhättan,Varberg,167,113,Avståndet mellan Trollhättan och Varberg är 167 km och Karl-Johan Gyllenstorm beräknade körtiden till cirka 113 minuter.,<url><loc>https://pendlings-app1.t-767929534-cloudflare.workers.dev/?fran=Trollhättan&amp;till=Varberg</loc><changefreq>monthly</changefreq></url>
Trollhättan,Motala,208,141,Avståndet mellan Trollhättan och Motala är 208 km och Karl-Johan Gyllenstorm beräknade körtiden till cirka 141 minuter.,<url><loc>https://pendlings-app1.t-767929534-cloudflare.workers.dev/?fran=Trollhättan&amp;till=Motala</loc><changefreq>monthly</changefreq></url>
Trollhättan,Enköping,400,272,Avståndet mellan Trollhättan och Enköping är 400 km och Karl-Johan Gyllenstorm beräknade körtiden till cirka 272 minuter.,<url><loc>https://pendlings-app1.t-767929534-cloudflare.workers.dev/?fran=Trollhättan&amp;till=Enköping</loc><changefreq>monthly</changefreq></url>
Trollhättan,Örnsköldsvik,840,572,Avståndet mellan Trollhättan och Örnsköldsvik är 840 km och Karl-Johan Gyllenstorm beräknade körtiden till cirka 572 minuter.,<url><loc>https://pendlings-app1.t-767929534-cloudflare.workers.dev/?fran=Trollhättan&amp;till=Örnsköldsvik</loc><changefreq>monthly</changefreq></url>
Trollhättan,Nyköping,357,243,Avståndet mellan Trollhättan och Nyköping är 357 km och Karl-Johan Gyllenstorm beräknade körtiden till cirka 243 minuter.,<url><loc>https://pendlings-app1.t-767929534-cloudflare.workers.dev/?fran=Trollhättan&amp;till=Nyköping</loc><changefreq>monthly</changefreq></url>
Trollhättan,Karlshamn,360,245,Avståndet mellan Trollhättan och Karlshamn är 360 km och Karl-Johan Gyllenstorm beräknade körtiden till cirka 245 minuter.,<url><loc>https://pendlings-app1.t-767929534-cloudflare.workers.dev/?fran=Trollhättan&amp;till=Karlshamn</loc><changefreq>monthly</changefreq></url>
Trollhättan,Västervik,336,229,Avståndet mellan Trollhättan och Västervik är 336 km och Karl-Johan Gyllenstorm beräknade körtiden till cirka 229 minuter.,<url><loc>https://pendlings-app1.t-767929534-cloudflare.workers.dev/?fran=Trollhättan&amp;till=Västervik</loc><changefreq>monthly</changefreq></url>
Trollhättan,Eslöv,356,242,Avståndet mellan Trollhättan och Eslöv är 356 km och Karl-Johan Gyllenstorm beräknade körtiden till cirka 242 minuter.,<url><loc>https://pendlings-app1.t-767929534-cloudflare.workers.dev/?fran=Trollhättan&amp;till=Eslöv</loc><changefreq>monthly</changefreq></url>
Trollhättan,Härnösand,734,500,Avståndet mellan Trollhättan och Härnösand är 734 km och Karl-Johan Gyllenstorm beräknade körtiden till cirka 500 minuter.,<url><loc>https://pendlings-app1.t-767929534-cloudflare.workers.dev/?fran=Trollhättan&amp;till=Härnösand</loc><changefreq>monthly</changefreq></url>
Trollhättan,Ystad,423,288,Avståndet mellan Trollhättan och Ystad är 423 km och Karl-Johan Gyllenstorm beräknade körtiden till cirka 288 minuter.,<url><loc>https://pendlings-app1.t-767929534-cloudflare.workers.dev/?fran=Trollhättan&amp;till=Ystad</loc><changefreq>monthly</changefreq></url>
Trollhättan,Katrineholm,307,209,Avståndet mellan Trollhättan och Katrineholm är 307 km och Karl-Johan Gyllenstorm beräknade körtiden till cirka 209 minuter.,<url><loc>https://pendlings-app1.t-767929534-cloudflare.workers.dev/?fran=Trollhättan&amp;till=Katrineholm</loc><changefreq>monthly</changefreq></url>
Trollhättan,Mariestad,129,87,Avståndet mellan Trollhättan och Mariestad är 129 km och Karl-Johan Gyllenstorm beräknade körtiden till cirka 87 minuter.,<url><loc>https://pendlings-app1.t-767929534-cloudflare.workers.dev/?fran=Trollhättan&amp;till=Mariestad</loc><changefreq>monthly</changefreq></url>
Trollhättan,Lidköping,72,61,Avståndet mellan Trollhättan och Lidköping är 72 km och Karl-Johan Gyllenstorm beräknade körtiden till cirka 61 minuter.,<url><loc>https://pendlings-app1.t-767929534-cloudflare.workers.dev/?fran=Trollhättan&amp;till=Lidköping</loc><changefreq>monthly</changefreq></url>
Trollhättan,Vänersborg,13,11,Avståndet mellan Trollhättan och Vänersborg är 13 km och Karl-Johan Gyllenstorm beräknade körtiden till cirka 11 minuter.,<url><loc>https://pendlings-app1.t-767929534-cloudflare.workers.dev/?fran=Trollhättan&amp;till=Vänersborg</loc><changefreq>monthly</changefreq></url>
Trollhättan,Värnamo,205,139,Avståndet mellan Trollhättan och Värnamo är 205 km och Karl-Johan Gyllenstorm beräknade körtiden till cirka 139 minuter.,<url><loc>https://pendlings-app1.t-767929534-cloudflare.workers.dev/?fran=Trollhättan&amp;till=Värnamo</loc><changefreq>monthly</changefreq></url>
Trollhättan,Kiruna,1452,990,Avståndet mellan Trollhättan och Kiruna är 1452 km och Karl-Johan Gyllenstorm beräknade körtiden till cirka 990 minuter.,<url><loc>https://pendlings-app1.t-767929534-cloudflare.workers.dev/?fran=Trollhättan&amp;till=Kiruna</loc><changefreq>monthly</changefreq></url>
Trollhättan,Hudiksvall,598,407,Avståndet mellan Trollhättan och Hudiksvall är 598 km och Karl-Johan Gyllenstorm beräknade körtiden till cirka 407 minuter.,<url><loc>https://pendlings-app1.t-767929534-cloudflare.workers.dev/?fran=Trollhättan&amp;till=Hudiksvall</loc><changefreq>monthly</changefreq></url>
Trollhättan,Falkenberg,196,133,Avståndet mellan Trollhättan och Falkenberg är 196 km och Karl-Johan Gyllenstorm beräknade körtiden till cirka 133 minuter.,<url><loc>https://pendlings-app1.t-767929534-cloudflare.workers.dev/?fran=Trollhättan&amp;till=Falkenberg</loc><changefreq>monthly</changefreq></url>
Trollhättan,Visby,582,495,Avståndet mellan Trollhättan och Visby är 582 km och Karl-Johan Gyllenstorm beräknade körtiden till cirka 495 minuter.,<url><loc>https://pendlings-app1.t-767929534-cloudflare.workers.dev/?fran=Trollhättan&amp;till=Visby</loc><changefreq>monthly</changefreq></url>
Östersund,Stockholm,595,405,Avståndet mellan Östersund och Stockholm är 595 km och Karl-Johan Gyllenstorm beräknade körtiden till cirka 405 minuter.,<url><loc>https://pendlings-app1.t-767929534-cloudflare.workers.dev/?fran=Östersund&amp;till=Stockholm</loc><changefreq>monthly</changefreq></url>
Östersund,Göteborg,800,545,Avståndet mellan Östersund och Göteborg är 800 km och Karl-Johan Gyllenstorm beräknade körtiden till cirka 545 minuter.,<url><loc>https://pendlings-app1.t-767929534-cloudflare.workers.dev/?fran=Östersund&amp;till=Göteborg</loc><changefreq>monthly</changefreq></url>
Östersund,Malmö,1084,739,Avståndet mellan Östersund och Malmö är 1084 km och Karl-Johan Gyllenstorm beräknade körtiden till cirka 739 minuter.,<url><loc>https://pendlings-app1.t-767929534-cloudflare.workers.dev/?fran=Östersund&amp;till=Malmö</loc><changefreq>monthly</changefreq></url>
Östersund,Uppsala,514,350,Avståndet mellan Östersund och Uppsala är 514 km och Karl-Johan Gyllenstorm beräknade körtiden till cirka 350 minuter.,<url><loc>https://pendlings-app1.t-767929534-cloudflare.workers.dev/?fran=Östersund&amp;till=Uppsala</loc><changefreq>monthly</changefreq></url>
Östersund,Västerås,524,357,Avståndet mellan Östersund och Västerås är 524 km och Karl-Johan Gyllenstorm beräknade körtiden till cirka 357 minuter.,<url><loc>https://pendlings-app1.t-767929534-cloudflare.workers.dev/?fran=Östersund&amp;till=Västerås</loc><changefreq>monthly</changefreq></url>
Östersund,Örebro,556,379,Avståndet mellan Östersund och Örebro är 556 km och Karl-Johan Gyllenstorm beräknade körtiden till cirka 379 minuter.,<url><loc>https://pendlings-app1.t-767929534-cloudflare.workers.dev/?fran=Östersund&amp;till=Örebro</loc><changefreq>monthly</changefreq></url>
Östersund,Linköping,681,464,Avståndet mellan Östersund och Linköping är 681 km och Karl-Johan Gyllenstorm beräknade körtiden till cirka 464 minuter.,<url><loc>https://pendlings-app1.t-767929534-cloudflare.workers.dev/?fran=Östersund&amp;till=Linköping</loc><changefreq>monthly</changefreq></url>
Östersund,Helsingborg,1024,698,Avståndet mellan Östersund och Helsingborg är 1024 km och Karl-Johan Gyllenstorm beräknade körtiden till cirka 698 minuter.,<url><loc>https://pendlings-app1.t-767929534-cloudflare.workers.dev/?fran=Östersund&amp;till=Helsingborg</loc><changefreq>monthly</changefreq></url>
Östersund,Jönköping,768,523,Avståndet mellan Östersund och Jönköping är 768 km och Karl-Johan Gyllenstorm beräknade körtiden till cirka 523 minuter.,<url><loc>https://pendlings-app1.t-767929534-cloudflare.workers.dev/?fran=Östersund&amp;till=Jönköping</loc><changefreq>monthly</changefreq></url>
Östersund,Norrköping,661,450,Avståndet mellan Östersund och Norrköping är 661 km och Karl-Johan Gyllenstorm beräknade körtiden till cirka 450 minuter.,<url><loc>https://pendlings-app1.t-767929534-cloudflare.workers.dev/?fran=Östersund&amp;till=Norrköping</loc><changefreq>monthly</changefreq></url>
Östersund,Lund,1068,728,Avståndet mellan Östersund och Lund är 1068 km och Karl-Johan Gyllenstorm beräknade körtiden till cirka 728 minuter.,<url><loc>https://pendlings-app1.t-767929534-cloudflare.workers.dev/?fran=Östersund&amp;till=Lund</loc><changefreq>monthly</changefreq></url>
Östersund,Umeå,368,250,Avståndet mellan Östersund och Umeå är 368 km och Karl-Johan Gyllenstorm beräknade körtiden till cirka 250 minuter.,<url><loc>https://pendlings-app1.t-767929534-cloudflare.workers.dev/?fran=Östersund&amp;till=Umeå</loc><changefreq>monthly</changefreq></url>
Östersund,Gävle,393,267,Avståndet mellan Östersund och Gävle är 393 km och Karl-Johan Gyllenstorm beräknade körtiden till cirka 267 minuter.,<url><loc>https://pendlings-app1.t-767929534-cloudflare.workers.dev/?fran=Östersund&amp;till=Gävle</loc><changefreq>monthly</changefreq></url>
Östersund,Borås,785,535,Avståndet mellan Östersund och Borås är 785 km och Karl-Johan Gyllenstorm beräknade körtiden till cirka 535 minuter.,<url><loc>https://pendlings-app1.t-767929534-cloudflare.workers.dev/?fran=Östersund&amp;till=Borås</loc><changefreq>monthly</changefreq></url>
Östersund,Södertälje,602,410,Avståndet mellan Östersund och Södertälje är 602 km och Karl-Johan Gyllenstorm beräknade körtiden till cirka 410 minuter.,<url><loc>https://pendlings-app1.t-767929534-cloudflare.workers.dev/?fran=Östersund&amp;till=Södertälje</loc><changefreq>monthly</changefreq></url>
Östersund,Eskilstuna,556,379,Avståndet mellan Östersund och Eskilstuna är 556 km och Karl-Johan Gyllenstorm beräknade körtiden till cirka 379 minuter.,<url><loc>https://pendlings-app1.t-767929534-cloudflare.workers.dev/?fran=Östersund&amp;till=Eskilstuna</loc><changefreq>monthly</changefreq></url>
Östersund,Halmstad,934,636,Avståndet mellan Östersund och Halmstad är 934 km och Karl-Johan Gyllenstorm beräknade körtiden till cirka 636 minuter.,<url><loc>https://pendlings-app1.t-767929534-cloudflare.workers.dev/?fran=Östersund&amp;till=Halmstad</loc><changefreq>monthly</changefreq></url>
Östersund,Växjö,896,610,Avståndet mellan Östersund och Växjö är 896 km och Karl-Johan Gyllenstorm beräknade körtiden till cirka 610 minuter.,<url><loc>https://pendlings-app1.t-767929534-cloudflare.workers.dev/?fran=Östersund&amp;till=Växjö</loc><changefreq>monthly</changefreq></url>
Östersund,Karlstad,545,371,Avståndet mellan Östersund och Karlstad är 545 km och Karl-Johan Gyllenstorm beräknade körtiden till cirka 371 minuter.,<url><loc>https://pendlings-app1.t-767929534-cloudflare.workers.dev/?fran=Östersund&amp;till=Karlstad</loc><changefreq>monthly</changefreq></url>
Östersund,Piteå,521,355,Avståndet mellan Östersund och Piteå är 521 km och Karl-Johan Gyllenstorm beräknade körtiden till cirka 355 minuter.,<url><loc>https://pendlings-app1.t-767929534-cloudflare.workers.dev/?fran=Östersund&amp;till=Piteå</loc><changefreq>monthly</changefreq></url>
Östersund,Luleå,575,392,Avståndet mellan Östersund och Luleå är 575 km och Karl-Johan Gyllenstorm beräknade körtiden till cirka 392 minuter.,<url><loc>https://pendlings-app1.t-767929534-cloudflare.workers.dev/?fran=Östersund&amp;till=Luleå</loc><changefreq>monthly</changefreq></url>
Östersund,Trollhättan,715,487,Avståndet mellan Östersund och Trollhättan är 715 km och Karl-Johan Gyllenstorm beräknade körtiden till cirka 487 minuter.,<url><loc>https://pendlings-app1.t-767929534-cloudflare.workers.dev/?fran=Östersund&amp;till=Trollhättan</loc><changefreq>monthly</changefreq></url>
Östersund,Borlänge,386,263,Avståndet mellan Östersund och Borlänge är 386 km och Karl-Johan Gyllenstorm beräknade körtiden till cirka 263 minuter.,<url><loc>https://pendlings-app1.t-767929534-cloudflare.workers.dev/?fran=Östersund&amp;till=Borlänge</loc><changefreq>monthly</changefreq></url>
Östersund,Falun,372,253,Avståndet mellan Östersund och Falun är 372 km och Karl-Johan Gyllenstorm beräknade körtiden till cirka 253 minuter.,<url><loc>https://pendlings-app1.t-767929534-cloudflare.workers.dev/?fran=Östersund&amp;till=Falun</loc><changefreq>monthly</changefreq></url>
Östersund,Kalmar,935,637,Avståndet mellan Östersund och Kalmar är 935 km och Karl-Johan Gyllenstorm beräknade körtiden till cirka 637 minuter.,<url><loc>https://pendlings-app1.t-767929534-cloudflare.workers.dev/?fran=Östersund&amp;till=Kalmar</loc><changefreq>monthly</changefreq></url>
Östersund,Skövde,683,465,Avståndet mellan Östersund och Skövde är 683 km och Karl-Johan Gyllenstorm beräknade körtiden till cirka 465 minuter.,<url><loc>https://pendlings-app1.t-767929534-cloudflare.workers.dev/?fran=Östersund&amp;till=Skövde</loc><changefreq>monthly</changefreq></url>
Östersund,Kristianstad,1017,693,Avståndet mellan Östersund och Kristianstad är 1017 km och Karl-Johan Gyllenstorm beräknade körtiden till cirka 693 minuter.,<url><loc>https://pendlings-app1.t-767929534-cloudflare.workers.dev/?fran=Östersund&amp;till=Kristianstad</loc><changefreq>monthly</changefreq></url>
Östersund,Karlskrona,1000,681,Avståndet mellan Östersund och Karlskrona är 1000 km och Karl-Johan Gyllenstorm beräknade körtiden till cirka 681 minuter.,<url><loc>https://pendlings-app1.t-767929534-cloudflare.workers.dev/?fran=Östersund&amp;till=Karlskrona</loc><changefreq>monthly</changefreq></url>
Östersund,Skellefteå,453,308,Avståndet mellan Östersund och Skellefteå är 453 km och Karl-Johan Gyllenstorm beräknade körtiden till cirka 308 minuter.,<url><loc>https://pendlings-app1.t-767929534-cloudflare.workers.dev/?fran=Östersund&amp;till=Skellefteå</loc><changefreq>monthly</changefreq></url>
Östersund,Uddevalla,711,484,Avståndet mellan Östersund och Uddevalla är 711 km och Karl-Johan Gyllenstorm beräknade körtiden till cirka 484 minuter.,<url><loc>https://pendlings-app1.t-767929534-cloudflare.workers.dev/?fran=Östersund&amp;till=Uddevalla</loc><changefreq>monthly</changefreq></url>
Östersund,Varberg,880,600,Avståndet mellan Östersund och Varberg är 880 km och Karl-Johan Gyllenstorm beräknade körtiden till cirka 600 minuter.,<url><loc>https://pendlings-app1.t-767929534-cloudflare.workers.dev/?fran=Östersund&amp;till=Varberg</loc><changefreq>monthly</changefreq></url>
Östersund,Motala,660,450,Avståndet mellan Östersund och Motala är 660 km och Karl-Johan Gyllenstorm beräknade körtiden till cirka 450 minuter.,<url><loc>https://pendlings-app1.t-767929534-cloudflare.workers.dev/?fran=Östersund&amp;till=Motala</loc><changefreq>monthly</changefreq></url>
Östersund,Enköping,530,361,Avståndet mellan Östersund och Enköping är 530 km och Karl-Johan Gyllenstorm beräknade körtiden till cirka 361 minuter.,<url><loc>https://pendlings-app1.t-767929534-cloudflare.workers.dev/?fran=Östersund&amp;till=Enköping</loc><changefreq>monthly</changefreq></url>
Östersund,Örnsköldsvik,261,177,Avståndet mellan Östersund och Örnsköldsvik är 261 km och Karl-Johan Gyllenstorm beräknade körtiden till cirka 177 minuter.,<url><loc>https://pendlings-app1.t-767929534-cloudflare.workers.dev/?fran=Östersund&amp;till=Örnsköldsvik</loc><changefreq>monthly</changefreq></url>
Östersund,Nyköping,650,443,Avståndet mellan Östersund och Nyköping är 650 km och Karl-Johan Gyllenstorm beräknade körtiden till cirka 443 minuter.,<url><loc>https://pendlings-app1.t-767929534-cloudflare.workers.dev/?fran=Östersund&amp;till=Nyköping</loc><changefreq>monthly</changefreq></url>
Östersund,Karlshamn,997,679,Avståndet mellan Östersund och Karlshamn är 997 km och Karl-Johan Gyllenstorm beräknade körtiden till cirka 679 minuter.,<url><loc>https://pendlings-app1.t-767929534-cloudflare.workers.dev/?fran=Östersund&amp;till=Karlshamn</loc><changefreq>monthly</changefreq></url>
Östersund,Västervik,783,533,Avståndet mellan Östersund och Västervik är 783 km och Karl-Johan Gyllenstorm beräknade körtiden till cirka 533 minuter.,<url><loc>https://pendlings-app1.t-767929534-cloudflare.workers.dev/?fran=Östersund&amp;till=Västervik</loc><changefreq>monthly</changefreq></url>
Östersund,Eslöv,1048,714,Avståndet mellan Östersund och Eslöv är 1048 km och Karl-Johan Gyllenstorm beräknade körtiden till cirka 714 minuter.,<url><loc>https://pendlings-app1.t-767929534-cloudflare.workers.dev/?fran=Östersund&amp;till=Eslöv</loc><changefreq>monthly</changefreq></url>
Östersund,Härnösand,227,154,Avståndet mellan Östersund och Härnösand är 227 km och Karl-Johan Gyllenstorm beräknade körtiden till cirka 154 minuter.,<url><loc>https://pendlings-app1.t-767929534-cloudflare.workers.dev/?fran=Östersund&amp;till=Härnösand</loc><changefreq>monthly</changefreq></url>
Östersund,Ystad,1104,752,Avståndet mellan Östersund och Ystad är 1104 km och Karl-Johan Gyllenstorm beräknade körtiden till cirka 752 minuter.,<url><loc>https://pendlings-app1.t-767929534-cloudflare.workers.dev/?fran=Östersund&amp;till=Ystad</loc><changefreq>monthly</changefreq></url>
Östersund,Katrineholm,604,411,Avståndet mellan Östersund och Katrineholm är 604 km och Karl-Johan Gyllenstorm beräknade körtiden till cirka 411 minuter.,<url><loc>https://pendlings-app1.t-767929534-cloudflare.workers.dev/?fran=Östersund&amp;till=Katrineholm</loc><changefreq>monthly</changefreq></url>
Östersund,Mariestad,638,435,Avståndet mellan Östersund och Mariestad är 638 km och Karl-Johan Gyllenstorm beräknade körtiden till cirka 435 minuter.,<url><loc>https://pendlings-app1.t-767929534-cloudflare.workers.dev/?fran=Östersund&amp;till=Mariestad</loc><changefreq>monthly</changefreq></url>
Östersund,Lidköping,672,458,Avståndet mellan Östersund och Lidköping är 672 km och Karl-Johan Gyllenstorm beräknade körtiden till cirka 458 minuter.,<url><loc>https://pendlings-app1.t-767929534-cloudflare.workers.dev/?fran=Östersund&amp;till=Lidköping</loc><changefreq>monthly</changefreq></url>
Östersund,Vänersborg,702,478,Avståndet mellan Östersund och Vänersborg är 702 km och Karl-Johan Gyllenstorm beräknade körtiden till cirka 478 minuter.,<url><loc>https://pendlings-app1.t-767929534-cloudflare.workers.dev/?fran=Östersund&amp;till=Vänersborg</loc><changefreq>monthly</changefreq></url>
Östersund,Värnamo,853,581,Avståndet mellan Östersund och Värnamo är 853 km och Karl-Johan Gyllenstorm beräknade körtiden till cirka 581 minuter.,<url><loc>https://pendlings-app1.t-767929534-cloudflare.workers.dev/?fran=Östersund&amp;till=Värnamo</loc><changefreq>monthly</changefreq></url>
Östersund,Kiruna,742,505,Avståndet mellan Östersund och Kiruna är 742 km och Karl-Johan Gyllenstorm beräknade körtiden till cirka 505 minuter.,<url><loc>https://pendlings-app1.t-767929534-cloudflare.workers.dev/?fran=Östersund&amp;till=Kiruna</loc><changefreq>monthly</changefreq></url>
Östersund,Hudiksvall,262,178,Avståndet mellan Östersund och Hudiksvall är 262 km och Karl-Johan Gyllenstorm beräknade körtiden till cirka 178 minuter.,<url><loc>https://pendlings-app1.t-767929534-cloudflare.workers.dev/?fran=Östersund&amp;till=Hudiksvall</loc><changefreq>monthly</changefreq></url>
Östersund,Falkenberg,905,617,Avståndet mellan Östersund och Falkenberg är 905 km och Karl-Johan Gyllenstorm beräknade körtiden till cirka 617 minuter.,<url><loc>https://pendlings-app1.t-767929534-cloudflare.workers.dev/?fran=Östersund&amp;till=Falkenberg</loc><changefreq>monthly</changefreq></url>
Östersund,Visby,949,745,Avståndet mellan Östersund och Visby är 949 km och Karl-Johan Gyllenstorm beräknade körtiden till cirka 745 minuter.,<url><loc>https://pendlings-app1.t-767929534-cloudflare.workers.dev/?fran=Östersund&amp;till=Visby</loc><changefreq>monthly</changefreq></url>
Borlänge,Stockholm,249,169,Avståndet mellan Borlänge och Stockholm är 249 km och Karl-Johan Gyllenstorm beräknade körtiden till cirka 169 minuter.,<url><loc>https://pendlings-app1.t-767929534-cloudflare.workers.dev/?fran=Borlänge&amp;till=Stockholm</loc><changefreq>monthly</changefreq></url>
Borlänge,Göteborg,468,319,Avståndet mellan Borlänge och Göteborg är 468 km och Karl-Johan Gyllenstorm beräknade körtiden till cirka 319 minuter.,<url><loc>https://pendlings-app1.t-767929534-cloudflare.workers.dev/?fran=Borlänge&amp;till=Göteborg</loc><changefreq>monthly</changefreq></url>
Borlänge,Malmö,718,489,Avståndet mellan Borlänge och Malmö är 718 km och Karl-Johan Gyllenstorm beräknade körtiden till cirka 489 minuter.,<url><loc>https://pendlings-app1.t-767929534-cloudflare.workers.dev/?fran=Borlänge&amp;till=Malmö</loc><changefreq>monthly</changefreq></url>
Borlänge,Uppsala,179,122,Avståndet mellan Borlänge och Uppsala är 179 km och Karl-Johan Gyllenstorm beräknade körtiden till cirka 122 minuter.,<url><loc>https://pendlings-app1.t-767929534-cloudflare.workers.dev/?fran=Borlänge&amp;till=Uppsala</loc><changefreq>monthly</changefreq></url>
Borlänge,Västerås,147,100,Avståndet mellan Borlänge och Västerås är 147 km och Karl-Johan Gyllenstorm beräknade körtiden till cirka 100 minuter.,<url><loc>https://pendlings-app1.t-767929534-cloudflare.workers.dev/?fran=Borlänge&amp;till=Västerås</loc><changefreq>monthly</changefreq></url>
Borlänge,Örebro,172,117,Avståndet mellan Borlänge och Örebro är 172 km och Karl-Johan Gyllenstorm beräknade körtiden till cirka 117 minuter.,<url><loc>https://pendlings-app1.t-767929534-cloudflare.workers.dev/?fran=Borlänge&amp;till=Örebro</loc><changefreq>monthly</changefreq></url>
Borlänge,Linköping,295,201,Avståndet mellan Borlänge och Linköping är 295 km och Karl-Johan Gyllenstorm beräknade körtiden till cirka 201 minuter.,<url><loc>https://pendlings-app1.t-767929534-cloudflare.workers.dev/?fran=Borlänge&amp;till=Linköping</loc><changefreq>monthly</changefreq></url>
Borlänge,Helsingborg,663,452,Avståndet mellan Borlänge och Helsingborg är 663 km och Karl-Johan Gyllenstorm beräknade körtiden till cirka 452 minuter.,<url><loc>https://pendlings-app1.t-767929534-cloudflare.workers.dev/?fran=Borlänge&amp;till=Helsingborg</loc><changefreq>monthly</changefreq></url>
Borlänge,Jönköping,395,269,Avståndet mellan Borlänge och Jönköping är 395 km och Karl-Johan Gyllenstorm beräknade körtiden till cirka 269 minuter.,<url><loc>https://pendlings-app1.t-767929534-cloudflare.workers.dev/?fran=Borlänge&amp;till=Jönköping</loc><changefreq>monthly</changefreq></url>
Borlänge,Norrköping,275,187,Avståndet mellan Borlänge och Norrköping är 275 km och Karl-Johan Gyllenstorm beräknade körtiden till cirka 187 minuter.,<url><loc>https://pendlings-app1.t-767929534-cloudflare.workers.dev/?fran=Borlänge&amp;till=Norrköping</loc><changefreq>monthly</changefreq></url>
Borlänge,Lund,700,477,Avståndet mellan Borlänge och Lund är 700 km och Karl-Johan Gyllenstorm beräknade körtiden till cirka 477 minuter.,<url><loc>https://pendlings-app1.t-767929534-cloudflare.workers.dev/?fran=Borlänge&amp;till=Lund</loc><changefreq>monthly</changefreq></url>
Borlänge,Umeå,573,390,Avståndet mellan Borlänge och Umeå är 573 km och Karl-Johan Gyllenstorm beräknade körtiden till cirka 390 minuter.,<url><loc>https://pendlings-app1.t-767929534-cloudflare.workers.dev/?fran=Borlänge&amp;till=Umeå</loc><changefreq>monthly</changefreq></url>
Borlänge,Gävle,122,83,Avståndet mellan Borlänge och Gävle är 122 km och Karl-Johan Gyllenstorm beräknade körtiden till cirka 83 minuter.,<url><loc>https://pendlings-app1.t-767929534-cloudflare.workers.dev/?fran=Borlänge&amp;till=Gävle</loc><changefreq>monthly</changefreq></url>
Borlänge,Borås,433,295,Avståndet mellan Borlänge och Borås är 433 km och Karl-Johan Gyllenstorm beräknade körtiden till cirka 295 minuter.,<url><loc>https://pendlings-app1.t-767929534-cloudflare.workers.dev/?fran=Borlänge&amp;till=Borås</loc><changefreq>monthly</changefreq></url>
Borlänge,Södertälje,241,164,Avståndet mellan Borlänge och Södertälje är 241 km och Karl-Johan Gyllenstorm beräknade körtiden till cirka 164 minuter.,<url><loc>https://pendlings-app1.t-767929534-cloudflare.workers.dev/?fran=Borlänge&amp;till=Södertälje</loc><changefreq>monthly</changefreq></url>
Borlänge,Eskilstuna,176,120,Avståndet mellan Borlänge och Eskilstuna är 176 km och Karl-Johan Gyllenstorm beräknade körtiden till cirka 120 minuter.,<url><loc>https://pendlings-app1.t-767929534-cloudflare.workers.dev/?fran=Borlänge&amp;till=Eskilstuna</loc><changefreq>monthly</changefreq></url>
Borlänge,Halmstad,574,391,Avståndet mellan Borlänge och Halmstad är 574 km och Karl-Johan Gyllenstorm beräknade körtiden till cirka 391 minuter.,<url><loc>https://pendlings-app1.t-767929534-cloudflare.workers.dev/?fran=Borlänge&amp;till=Halmstad</loc><changefreq>monthly</changefreq></url>
Borlänge,Växjö,515,351,Avståndet mellan Borlänge och Växjö är 515 km och Karl-Johan Gyllenstorm beräknade körtiden till cirka 351 minuter.,<url><loc>https://pendlings-app1.t-767929534-cloudflare.workers.dev/?fran=Borlänge&amp;till=Växjö</loc><changefreq>monthly</changefreq></url>
Borlänge,Karlstad,208,141,Avståndet mellan Borlänge och Karlstad är 208 km och Karl-Johan Gyllenstorm beräknade körtiden till cirka 141 minuter.,<url><loc>https://pendlings-app1.t-767929534-cloudflare.workers.dev/?fran=Borlänge&amp;till=Karlstad</loc><changefreq>monthly</changefreq></url>
Borlänge,Piteå,790,538,Avståndet mellan Borlänge och Piteå är 790 km och Karl-Johan Gyllenstorm beräknade körtiden till cirka 538 minuter.,<url><loc>https://pendlings-app1.t-767929534-cloudflare.workers.dev/?fran=Borlänge&amp;till=Piteå</loc><changefreq>monthly</changefreq></url>
Borlänge,Luleå,844,575,Avståndet mellan Borlänge och Luleå är 844 km och Karl-Johan Gyllenstorm beräknade körtiden till cirka 575 minuter.,<url><loc>https://pendlings-app1.t-767929534-cloudflare.workers.dev/?fran=Borlänge&amp;till=Luleå</loc><changefreq>monthly</changefreq></url>
Borlänge,Trollhättan,387,263,Avståndet mellan Borlänge och Trollhättan är 387 km och Karl-Johan Gyllenstorm beräknade körtiden till cirka 263 minuter.,<url><loc>https://pendlings-app1.t-767929534-cloudflare.workers.dev/?fran=Borlänge&amp;till=Trollhättan</loc><changefreq>monthly</changefreq></url>
Borlänge,Östersund,386,263,Avståndet mellan Borlänge och Östersund är 386 km och Karl-Johan Gyllenstorm beräknade körtiden till cirka 263 minuter.,<url><loc>https://pendlings-app1.t-767929534-cloudflare.workers.dev/?fran=Borlänge&amp;till=Östersund</loc><changefreq>monthly</changefreq></url>
Borlänge,Falun,21,18,Avståndet mellan Borlänge och Falun är 21 km och Karl-Johan Gyllenstorm beräknade körtiden till cirka 18 minuter.,<url><loc>https://pendlings-app1.t-767929534-cloudflare.workers.dev/?fran=Borlänge&amp;till=Falun</loc><changefreq>monthly</changefreq></url>
Borlänge,Kalmar,548,373,Avståndet mellan Borlänge och Kalmar är 548 km och Karl-Johan Gyllenstorm beräknade körtiden till cirka 373 minuter.,<url><loc>https://pendlings-app1.t-767929534-cloudflare.workers.dev/?fran=Borlänge&amp;till=Kalmar</loc><changefreq>monthly</changefreq></url>
Borlänge,Skövde,319,217,Avståndet mellan Borlänge och Skövde är 319 km och Karl-Johan Gyllenstorm beräknade körtiden till cirka 217 minuter.,<url><loc>https://pendlings-app1.t-767929534-cloudflare.workers.dev/?fran=Borlänge&amp;till=Skövde</loc><changefreq>monthly</changefreq></url>
Borlänge,Kristianstad,641,437,Avståndet mellan Borlänge och Kristianstad är 641 km och Karl-Johan Gyllenstorm beräknade körtiden till cirka 437 minuter.,<url><loc>https://pendlings-app1.t-767929534-cloudflare.workers.dev/?fran=Borlänge&amp;till=Kristianstad</loc><changefreq>monthly</changefreq></url>
Borlänge,Karlskrona,615,419,Avståndet mellan Borlänge och Karlskrona är 615 km och Karl-Johan Gyllenstorm beräknade körtiden till cirka 419 minuter.,<url><loc>https://pendlings-app1.t-767929534-cloudflare.workers.dev/?fran=Borlänge&amp;till=Karlskrona</loc><changefreq>monthly</changefreq></url>
Borlänge,Skellefteå,705,480,Avståndet mellan Borlänge och Skellefteå är 705 km och Karl-Johan Gyllenstorm beräknade körtiden till cirka 480 minuter.,<url><loc>https://pendlings-app1.t-767929534-cloudflare.workers.dev/?fran=Borlänge&amp;till=Skellefteå</loc><changefreq>monthly</changefreq></url>
Borlänge,Uddevalla,395,269,Avståndet mellan Borlänge och Uddevalla är 395 km och Karl-Johan Gyllenstorm beräknade körtiden till cirka 269 minuter.,<url><loc>https://pendlings-app1.t-767929534-cloudflare.workers.dev/?fran=Borlänge&amp;till=Uddevalla</loc><changefreq>monthly</changefreq></url>
Borlänge,Varberg,534,364,Avståndet mellan Borlänge och Varberg är 534 km och Karl-Johan Gyllenstorm beräknade körtiden till cirka 364 minuter.,<url><loc>https://pendlings-app1.t-767929534-cloudflare.workers.dev/?fran=Borlänge&amp;till=Varberg</loc><changefreq>monthly</changefreq></url>
Borlänge,Motala,278,189,Avståndet mellan Borlänge och Motala är 278 km och Karl-Johan Gyllenstorm beräknade körtiden till cirka 189 minuter.,<url><loc>https://pendlings-app1.t-767929534-cloudflare.workers.dev/?fran=Borlänge&amp;till=Motala</loc><changefreq>monthly</changefreq></url>
Borlänge,Enköping,167,113,Avståndet mellan Borlänge och Enköping är 167 km och Karl-Johan Gyllenstorm beräknade körtiden till cirka 113 minuter.,<url><loc>https://pendlings-app1.t-767929534-cloudflare.workers.dev/?fran=Borlänge&amp;till=Enköping</loc><changefreq>monthly</changefreq></url>
Borlänge,Örnsköldsvik,455,310,Avståndet mellan Borlänge och Örnsköldsvik är 455 km och Karl-Johan Gyllenstorm beräknade körtiden till cirka 310 minuter.,<url><loc>https://pendlings-app1.t-767929534-cloudflare.workers.dev/?fran=Borlänge&amp;till=Örnsköldsvik</loc><changefreq>monthly</changefreq></url>
Borlänge,Nyköping,271,184,Avståndet mellan Borlänge och Nyköping är 271 km och Karl-Johan Gyllenstorm beräknade körtiden till cirka 184 minuter.,<url><loc>https://pendlings-app1.t-767929534-cloudflare.workers.dev/?fran=Borlänge&amp;till=Nyköping</loc><changefreq>monthly</changefreq></url>
Borlänge,Karlshamn,615,419,Avståndet mellan Borlänge och Karlshamn är 615 km och Karl-Johan Gyllenstorm beräknade körtiden till cirka 419 minuter.,<url><loc>https://pendlings-app1.t-767929534-cloudflare.workers.dev/?fran=Borlänge&amp;till=Karlshamn</loc><changefreq>monthly</changefreq></url>
Borlänge,Västervik,397,270,Avståndet mellan Borlänge och Västervik är 397 km och Karl-Johan Gyllenstorm beräknade körtiden till cirka 270 minuter.,<url><loc>https://pendlings-app1.t-767929534-cloudflare.workers.dev/?fran=Borlänge&amp;till=Västervik</loc><changefreq>monthly</changefreq></url>
Borlänge,Eslöv,680,463,Avståndet mellan Borlänge och Eslöv är 680 km och Karl-Johan Gyllenstorm beräknade körtiden till cirka 463 minuter.,<url><loc>https://pendlings-app1.t-767929534-cloudflare.workers.dev/?fran=Borlänge&amp;till=Eslöv</loc><changefreq>monthly</changefreq></url>
Borlänge,Härnösand,349,237,Avståndet mellan Borlänge och Härnösand är 349 km och Karl-Johan Gyllenstorm beräknade körtiden till cirka 237 minuter.,<url><loc>https://pendlings-app1.t-767929534-cloudflare.workers.dev/?fran=Borlänge&amp;till=Härnösand</loc><changefreq>monthly</changefreq></url>
Borlänge,Ystad,729,497,Avståndet mellan Borlänge och Ystad är 729 km och Karl-Johan Gyllenstorm beräknade körtiden till cirka 497 minuter.,<url><loc>https://pendlings-app1.t-767929534-cloudflare.workers.dev/?fran=Borlänge&amp;till=Ystad</loc><changefreq>monthly</changefreq></url>
Borlänge,Katrineholm,218,148,Avståndet mellan Borlänge och Katrineholm är 218 km och Karl-Johan Gyllenstorm beräknade körtiden till cirka 148 minuter.,<url><loc>https://pendlings-app1.t-767929534-cloudflare.workers.dev/?fran=Borlänge&amp;till=Katrineholm</loc><changefreq>monthly</changefreq></url>
Borlänge,Mariestad,278,189,Avståndet mellan Borlänge och Mariestad är 278 km och Karl-Johan Gyllenstorm beräknade körtiden till cirka 189 minuter.,<url><loc>https://pendlings-app1.t-767929534-cloudflare.workers.dev/?fran=Borlänge&amp;till=Mariestad</loc><changefreq>monthly</changefreq></url>
Borlänge,Lidköping,326,222,Avståndet mellan Borlänge och Lidköping är 326 km och Karl-Johan Gyllenstorm beräknade körtiden till cirka 222 minuter.,<url><loc>https://pendlings-app1.t-767929534-cloudflare.workers.dev/?fran=Borlänge&amp;till=Lidköping</loc><changefreq>monthly</changefreq></url>
Borlänge,Vänersborg,375,255,Avståndet mellan Borlänge och Vänersborg är 375 km och Karl-Johan Gyllenstorm beräknade körtiden till cirka 255 minuter.,<url><loc>https://pendlings-app1.t-767929534-cloudflare.workers.dev/?fran=Borlänge&amp;till=Vänersborg</loc><changefreq>monthly</changefreq></url>
Borlänge,Värnamo,480,327,Avståndet mellan Borlänge och Värnamo är 480 km och Karl-Johan Gyllenstorm beräknade körtiden till cirka 327 minuter.,<url><loc>https://pendlings-app1.t-767929534-cloudflare.workers.dev/?fran=Borlänge&amp;till=Värnamo</loc><changefreq>monthly</changefreq></url>
Borlänge,Kiruna,1089,742,Avståndet mellan Borlänge och Kiruna är 1089 km och Karl-Johan Gyllenstorm beräknade körtiden till cirka 742 minuter.,<url><loc>https://pendlings-app1.t-767929534-cloudflare.workers.dev/?fran=Borlänge&amp;till=Kiruna</loc><changefreq>monthly</changefreq></url>
Borlänge,Hudiksvall,211,143,Avståndet mellan Borlänge och Hudiksvall är 211 km och Karl-Johan Gyllenstorm beräknade körtiden till cirka 143 minuter.,<url><loc>https://pendlings-app1.t-767929534-cloudflare.workers.dev/?fran=Borlänge&amp;till=Hudiksvall</loc><changefreq>monthly</changefreq></url>
Borlänge,Falkenberg,553,377,Avståndet mellan Borlänge och Falkenberg är 553 km och Karl-Johan Gyllenstorm beräknade körtiden till cirka 377 minuter.,<url><loc>https://pendlings-app1.t-767929534-cloudflare.workers.dev/?fran=Borlänge&amp;till=Falkenberg</loc><changefreq>monthly</changefreq></url>
Borlänge,Visby,576,490,Avståndet mellan Borlänge och Visby är 576 km och Karl-Johan Gyllenstorm beräknade körtiden till cirka 490 minuter.,<url><loc>https://pendlings-app1.t-767929534-cloudflare.workers.dev/?fran=Borlänge&amp;till=Visby</loc><changefreq>monthly</changefreq></url>
Falun,Stockholm,251,171,Avståndet mellan Falun och Stockholm är 251 km och Karl-Johan Gyllenstorm beräknade körtiden till cirka 171 minuter.,<url><loc>https://pendlings-app1.t-767929534-cloudflare.workers.dev/?fran=Falun&amp;till=Stockholm</loc><changefreq>monthly</changefreq></url>
Falun,Göteborg,490,334,Avståndet mellan Falun och Göteborg är 490 km och Karl-Johan Gyllenstorm beräknade körtiden till cirka 334 minuter.,<url><loc>https://pendlings-app1.t-767929534-cloudflare.workers.dev/?fran=Falun&amp;till=Göteborg</loc><changefreq>monthly</changefreq></url>
Falun,Malmö,738,503,Avståndet mellan Falun och Malmö är 738 km och Karl-Johan Gyllenstorm beräknade körtiden till cirka 503 minuter.,<url><loc>https://pendlings-app1.t-767929534-cloudflare.workers.dev/?fran=Falun&amp;till=Malmö</loc><changefreq>monthly</changefreq></url>
Falun,Uppsala,177,120,Avståndet mellan Falun och Uppsala är 177 km och Karl-Johan Gyllenstorm beräknade körtiden till cirka 120 minuter.,<url><loc>https://pendlings-app1.t-767929534-cloudflare.workers.dev/?fran=Falun&amp;till=Uppsala</loc><changefreq>monthly</changefreq></url>
Falun,Västerås,155,105,Avståndet mellan Falun och Västerås är 155 km och Karl-Johan Gyllenstorm beräknade körtiden till cirka 105 minuter.,<url><loc>https://pendlings-app1.t-767929534-cloudflare.workers.dev/?fran=Falun&amp;till=Västerås</loc><changefreq>monthly</changefreq></url>
Falun,Örebro,191,130,Avståndet mellan Falun och Örebro är 191 km och Karl-Johan Gyllenstorm beräknade körtiden till cirka 130 minuter.,<url><loc>https://pendlings-app1.t-767929534-cloudflare.workers.dev/?fran=Falun&amp;till=Örebro</loc><changefreq>monthly</changefreq></url>
Falun,Linköping,312,212,Avståndet mellan Falun och Linköping är 312 km och Karl-Johan Gyllenstorm beräknade körtiden till cirka 212 minuter.,<url><loc>https://pendlings-app1.t-767929534-cloudflare.workers.dev/?fran=Falun&amp;till=Linköping</loc><changefreq>monthly</changefreq></url>
Falun,Helsingborg,684,466,Avståndet mellan Falun och Helsingborg är 684 km och Karl-Johan Gyllenstorm beräknade körtiden till cirka 466 minuter.,<url><loc>https://pendlings-app1.t-767929534-cloudflare.workers.dev/?fran=Falun&amp;till=Helsingborg</loc><changefreq>monthly</changefreq></url>
Falun,Jönköping,415,282,Avståndet mellan Falun och Jönköping är 415 km och Karl-Johan Gyllenstorm beräknade körtiden till cirka 282 minuter.,<url><loc>https://pendlings-app1.t-767929534-cloudflare.workers.dev/?fran=Falun&amp;till=Jönköping</loc><changefreq>monthly</changefreq></url>
Falun,Norrköping,289,197,Avståndet mellan Falun och Norrköping är 289 km och Karl-Johan Gyllenstorm beräknade körtiden till cirka 197 minuter.,<url><loc>https://pendlings-app1.t-767929534-cloudflare.workers.dev/?fran=Falun&amp;till=Norrköping</loc><changefreq>monthly</changefreq></url>
Falun,Lund,720,490,Avståndet mellan Falun och Lund är 720 km och Karl-Johan Gyllenstorm beräknade körtiden till cirka 490 minuter.,<url><loc>https://pendlings-app1.t-767929534-cloudflare.workers.dev/?fran=Falun&amp;till=Lund</loc><changefreq>monthly</changefreq></url>
Falun,Umeå,551,375,Avståndet mellan Falun och Umeå är 551 km och Karl-Johan Gyllenstorm beräknade körtiden till cirka 375 minuter.,<url><loc>https://pendlings-app1.t-767929534-cloudflare.workers.dev/?fran=Falun&amp;till=Umeå</loc><changefreq>monthly</changefreq></url>
Falun,Gävle,106,72,Avståndet mellan Falun och Gävle är 106 km och Karl-Johan Gyllenstorm beräknade körtiden till cirka 72 minuter.,<url><loc>https://pendlings-app1.t-767929534-cloudflare.workers.dev/?fran=Falun&amp;till=Gävle</loc><changefreq>monthly</changefreq></url>
Falun,Borås,454,309,Avståndet mellan Falun och Borås är 454 km och Karl-Johan Gyllenstorm beräknade körtiden till cirka 309 minuter.,<url><loc>https://pendlings-app1.t-767929534-cloudflare.workers.dev/?fran=Falun&amp;till=Borås</loc><changefreq>monthly</changefreq></url>
Falun,Södertälje,246,167,Avståndet mellan Falun och Södertälje är 246 km och Karl-Johan Gyllenstorm beräknade körtiden till cirka 167 minuter.,<url><loc>https://pendlings-app1.t-767929534-cloudflare.workers.dev/?fran=Falun&amp;till=Södertälje</loc><changefreq>monthly</changefreq></url>
Falun,Eskilstuna,186,126,Avståndet mellan Falun och Eskilstuna är 186 km och Karl-Johan Gyllenstorm beräknade körtiden till cirka 126 minuter.,<url><loc>https://pendlings-app1.t-767929534-cloudflare.workers.dev/?fran=Falun&amp;till=Eskilstuna</loc><changefreq>monthly</changefreq></url>
Falun,Halmstad,595,405,Avståndet mellan Falun och Halmstad är 595 km och Karl-Johan Gyllenstorm beräknade körtiden till cirka 405 minuter.,<url><loc>https://pendlings-app1.t-767929534-cloudflare.workers.dev/?fran=Falun&amp;till=Halmstad</loc><changefreq>monthly</changefreq></url>
Falun,Växjö,533,363,Avståndet mellan Falun och Växjö är 533 km och Karl-Johan Gyllenstorm beräknade körtiden till cirka 363 minuter.,<url><loc>https://pendlings-app1.t-767929534-cloudflare.workers.dev/?fran=Falun&amp;till=Växjö</loc><changefreq>monthly</changefreq></url>
Falun,Karlstad,230,156,Avståndet mellan Falun och Karlstad är 230 km och Karl-Johan Gyllenstorm beräknade körtiden till cirka 156 minuter.,<url><loc>https://pendlings-app1.t-767929534-cloudflare.workers.dev/?fran=Falun&amp;till=Karlstad</loc><changefreq>monthly</changefreq></url>
Falun,Piteå,769,524,Avståndet mellan Falun och Piteå är 769 km och Karl-Johan Gyllenstorm beräknade körtiden till cirka 524 minuter.,<url><loc>https://pendlings-app1.t-767929534-cloudflare.workers.dev/?fran=Falun&amp;till=Piteå</loc><changefreq>monthly</changefreq></url>
Falun,Luleå,823,561,Avståndet mellan Falun och Luleå är 823 km och Karl-Johan Gyllenstorm beräknade körtiden till cirka 561 minuter.,<url><loc>https://pendlings-app1.t-767929534-cloudflare.workers.dev/?fran=Falun&amp;till=Luleå</loc><changefreq>monthly</changefreq></url>
Falun,Trollhättan,409,278,Avståndet mellan Falun och Trollhättan är 409 km och Karl-Johan Gyllenstorm beräknade körtiden till cirka 278 minuter.,<url><loc>https://pendlings-app1.t-767929534-cloudflare.workers.dev/?fran=Falun&amp;till=Trollhättan</loc><changefreq>monthly</changefreq></url>
Falun,Östersund,372,253,Avståndet mellan Falun och Östersund är 372 km och Karl-Johan Gyllenstorm beräknade körtiden till cirka 253 minuter.,<url><loc>https://pendlings-app1.t-767929534-cloudflare.workers.dev/?fran=Falun&amp;till=Östersund</loc><changefreq>monthly</changefreq></url>
Falun,Borlänge,21,18,Avståndet mellan Falun och Borlänge är 21 km och Karl-Johan Gyllenstorm beräknade körtiden till cirka 18 minuter.,<url><loc>https://pendlings-app1.t-767929534-cloudflare.workers.dev/?fran=Falun&amp;till=Borlänge</loc><changefreq>monthly</changefreq></url>
Falun,Kalmar,563,383,Avståndet mellan Falun och Kalmar är 563 km och Karl-Johan Gyllenstorm beräknade körtiden till cirka 383 minuter.,<url><loc>https://pendlings-app1.t-767929534-cloudflare.workers.dev/?fran=Falun&amp;till=Kalmar</loc><changefreq>monthly</changefreq></url>
Falun,Skövde,340,231,Avståndet mellan Falun och Skövde är 340 km och Karl-Johan Gyllenstorm beräknade körtiden till cirka 231 minuter.,<url><loc>https://pendlings-app1.t-767929534-cloudflare.workers.dev/?fran=Falun&amp;till=Skövde</loc><changefreq>monthly</changefreq></url>
Falun,Kristianstad,660,450,Avståndet mellan Falun och Kristianstad är 660 km och Karl-Johan Gyllenstorm beräknade körtiden till cirka 450 minuter.,<url><loc>https://pendlings-app1.t-767929534-cloudflare.workers.dev/?fran=Falun&amp;till=Kristianstad</loc><changefreq>monthly</changefreq></url>
Falun,Karlskrona,632,430,Avståndet mellan Falun och Karlskrona är 632 km och Karl-Johan Gyllenstorm beräknade körtiden till cirka 430 minuter.,<url><loc>https://pendlings-app1.t-767929534-cloudflare.workers.dev/?fran=Falun&amp;till=Karlskrona</loc><changefreq>monthly</changefreq></url>
Falun,Skellefteå,684,466,Avståndet mellan Falun och Skellefteå är 684 km och Karl-Johan Gyllenstorm beräknade körtiden till cirka 466 minuter.,<url><loc>https://pendlings-app1.t-767929534-cloudflare.workers.dev/?fran=Falun&amp;till=Skellefteå</loc><changefreq>monthly</changefreq></url>
Falun,Uddevalla,416,283,Avståndet mellan Falun och Uddevalla är 416 km och Karl-Johan Gyllenstorm beräknade körtiden till cirka 283 minuter.,<url><loc>https://pendlings-app1.t-767929534-cloudflare.workers.dev/?fran=Falun&amp;till=Uddevalla</loc><changefreq>monthly</changefreq></url>
Falun,Varberg,556,379,Avståndet mellan Falun och Varberg är 556 km och Karl-Johan Gyllenstorm beräknade körtiden till cirka 379 minuter.,<url><loc>https://pendlings-app1.t-767929534-cloudflare.workers.dev/?fran=Falun&amp;till=Varberg</loc><changefreq>monthly</changefreq></url>
Falun,Motala,297,202,Avståndet mellan Falun och Motala är 297 km och Karl-Johan Gyllenstorm beräknade körtiden till cirka 202 minuter.,<url><loc>https://pendlings-app1.t-767929534-cloudflare.workers.dev/?fran=Falun&amp;till=Motala</loc><changefreq>monthly</changefreq></url>
Falun,Enköping,171,116,Avståndet mellan Falun och Enköping är 171 km och Karl-Johan Gyllenstorm beräknade körtiden till cirka 116 minuter.,<url><loc>https://pendlings-app1.t-767929534-cloudflare.workers.dev/?fran=Falun&amp;till=Enköping</loc><changefreq>monthly</changefreq></url>
Falun,Örnsköldsvik,434,295,Avståndet mellan Falun och Örnsköldsvik är 434 km och Karl-Johan Gyllenstorm beräknade körtiden till cirka 295 minuter.,<url><loc>https://pendlings-app1.t-767929534-cloudflare.workers.dev/?fran=Falun&amp;till=Örnsköldsvik</loc><changefreq>monthly</changefreq></url>
Falun,Nyköping,281,191,Avståndet mellan Falun och Nyköping är 281 km och Karl-Johan Gyllenstorm beräknade körtiden till cirka 191 minuter.,<url><loc>https://pendlings-app1.t-767929534-cloudflare.workers.dev/?fran=Falun&amp;till=Nyköping</loc><changefreq>monthly</changefreq></url>
Falun,Karlshamn,633,431,Avståndet mellan Falun och Karlshamn är 633 km och Karl-Johan Gyllenstorm beräknade körtiden till cirka 431 minuter.,<url><loc>https://pendlings-app1.t-767929534-cloudflare.workers.dev/?fran=Falun&amp;till=Karlshamn</loc><changefreq>monthly</changefreq></url>
Falun,Västervik,411,280,Avståndet mellan Falun och Västervik är 411 km och Karl-Johan Gyllenstorm beräknade körtiden till cirka 280 minuter.,<url><loc>https://pendlings-app1.t-767929534-cloudflare.workers.dev/?fran=Falun&amp;till=Västervik</loc><changefreq>monthly</changefreq></url>
Falun,Eslöv,700,477,Avståndet mellan Falun och Eslöv är 700 km och Karl-Johan Gyllenstorm beräknade körtiden till cirka 477 minuter.,<url><loc>https://pendlings-app1.t-767929534-cloudflare.workers.dev/?fran=Falun&amp;till=Eslöv</loc><changefreq>monthly</changefreq></url>
Falun,Härnösand,328,223,Avståndet mellan Falun och Härnösand är 328 km och Karl-Johan Gyllenstorm beräknade körtiden till cirka 223 minuter.,<url><loc>https://pendlings-app1.t-767929534-cloudflare.workers.dev/?fran=Falun&amp;till=Härnösand</loc><changefreq>monthly</changefreq></url>
Falun,Ystad,748,510,Avståndet mellan Falun och Ystad är 748 km och Karl-Johan Gyllenstorm beräknade körtiden till cirka 510 minuter.,<url><loc>https://pendlings-app1.t-767929534-cloudflare.workers.dev/?fran=Falun&amp;till=Ystad</loc><changefreq>monthly</changefreq></url>
Falun,Katrineholm,232,158,Avståndet mellan Falun och Katrineholm är 232 km och Karl-Johan Gyllenstorm beräknade körtiden till cirka 158 minuter.,<url><loc>https://pendlings-app1.t-767929534-cloudflare.workers.dev/?fran=Falun&amp;till=Katrineholm</loc><changefreq>monthly</changefreq></url>
Falun,Mariestad,299,203,Avståndet mellan Falun och Mariestad är 299 km och Karl-Johan Gyllenstorm beräknade körtiden till cirka 203 minuter.,<url><loc>https://pendlings-app1.t-767929534-cloudflare.workers.dev/?fran=Falun&amp;till=Mariestad</loc><changefreq>monthly</changefreq></url>
Falun,Lidköping,347,236,Avståndet mellan Falun och Lidköping är 347 km och Karl-Johan Gyllenstorm beräknade körtiden till cirka 236 minuter.,<url><loc>https://pendlings-app1.t-767929534-cloudflare.workers.dev/?fran=Falun&amp;till=Lidköping</loc><changefreq>monthly</changefreq></url>
Falun,Vänersborg,396,270,Avståndet mellan Falun och Vänersborg är 396 km och Karl-Johan Gyllenstorm beräknade körtiden till cirka 270 minuter.,<url><loc>https://pendlings-app1.t-767929534-cloudflare.workers.dev/?fran=Falun&amp;till=Vänersborg</loc><changefreq>monthly</changefreq></url>
Falun,Värnamo,500,340,Avståndet mellan Falun och Värnamo är 500 km och Karl-Johan Gyllenstorm beräknade körtiden till cirka 340 minuter.,<url><loc>https://pendlings-app1.t-767929534-cloudflare.workers.dev/?fran=Falun&amp;till=Värnamo</loc><changefreq>monthly</changefreq></url>
Falun,Kiruna,1070,729,Avståndet mellan Falun och Kiruna är 1070 km och Karl-Johan Gyllenstorm beräknade körtiden till cirka 729 minuter.,<url><loc>https://pendlings-app1.t-767929534-cloudflare.workers.dev/?fran=Falun&amp;till=Kiruna</loc><changefreq>monthly</changefreq></url>
Falun,Hudiksvall,189,128,Avståndet mellan Falun och Hudiksvall är 189 km och Karl-Johan Gyllenstorm beräknade körtiden till cirka 128 minuter.,<url><loc>https://pendlings-app1.t-767929534-cloudflare.workers.dev/?fran=Falun&amp;till=Hudiksvall</loc><changefreq>monthly</changefreq></url>
Falun,Falkenberg,574,391,Avståndet mellan Falun och Falkenberg är 574 km och Karl-Johan Gyllenstorm beräknade körtiden till cirka 391 minuter.,<url><loc>https://pendlings-app1.t-767929534-cloudflare.workers.dev/?fran=Falun&amp;till=Falkenberg</loc><changefreq>monthly</changefreq></url>
Falun,Visby,585,497,Avståndet mellan Falun och Visby är 585 km och Karl-Johan Gyllenstorm beräknade körtiden till cirka 497 minuter.,<url><loc>https://pendlings-app1.t-767929534-cloudflare.workers.dev/?fran=Falun&amp;till=Visby</loc><changefreq>monthly</changefreq></url>
Kalmar,Stockholm,400,272,Avståndet mellan Kalmar och Stockholm är 400 km och Karl-Johan Gyllenstorm beräknade körtiden till cirka 272 minuter.,<url><loc>https://pendlings-app1.t-767929534-cloudflare.workers.dev/?fran=Kalmar&amp;till=Stockholm</loc><changefreq>monthly</changefreq></url>
Kalmar,Göteborg,369,251,Avståndet mellan Kalmar och Göteborg är 369 km och Karl-Johan Gyllenstorm beräknade körtiden till cirka 251 minuter.,<url><loc>https://pendlings-app1.t-767929534-cloudflare.workers.dev/?fran=Kalmar&amp;till=Göteborg</loc><changefreq>monthly</changefreq></url>
Kalmar,Malmö,305,207,Avståndet mellan Kalmar och Malmö är 305 km och Karl-Johan Gyllenstorm beräknade körtiden till cirka 207 minuter.,<url><loc>https://pendlings-app1.t-767929534-cloudflare.workers.dev/?fran=Kalmar&amp;till=Malmö</loc><changefreq>monthly</changefreq></url>
Kalmar,Uppsala,464,316,Avståndet mellan Kalmar och Uppsala är 464 km och Karl-Johan Gyllenstorm beräknade körtiden till cirka 316 minuter.,<url><loc>https://pendlings-app1.t-767929534-cloudflare.workers.dev/?fran=Kalmar&amp;till=Uppsala</loc><changefreq>monthly</changefreq></url>
Kalmar,Västerås,419,285,Avståndet mellan Kalmar och Västerås är 419 km och Karl-Johan Gyllenstorm beräknade körtiden till cirka 285 minuter.,<url><loc>https://pendlings-app1.t-767929534-cloudflare.workers.dev/?fran=Kalmar&amp;till=Västerås</loc><changefreq>monthly</changefreq></url>
Kalmar,Örebro,381,259,Avståndet mellan Kalmar och Örebro är 381 km och Karl-Johan Gyllenstorm beräknade körtiden till cirka 259 minuter.,<url><loc>https://pendlings-app1.t-767929534-cloudflare.workers.dev/?fran=Kalmar&amp;till=Örebro</loc><changefreq>monthly</changefreq></url>
Kalmar,Linköping,254,173,Avståndet mellan Kalmar och Linköping är 254 km och Karl-Johan Gyllenstorm beräknade körtiden till cirka 173 minuter.,<url><loc>https://pendlings-app1.t-767929534-cloudflare.workers.dev/?fran=Kalmar&amp;till=Linköping</loc><changefreq>monthly</changefreq></url>
Kalmar,Helsingborg,301,205,Avståndet mellan Kalmar och Helsingborg är 301 km och Karl-Johan Gyllenstorm beräknade körtiden till cirka 205 minuter.,<url><loc>https://pendlings-app1.t-767929534-cloudflare.workers.dev/?fran=Kalmar&amp;till=Helsingborg</loc><changefreq>monthly</changefreq></url>
Kalmar,Jönköping,232,158,Avståndet mellan Kalmar och Jönköping är 232 km och Karl-Johan Gyllenstorm beräknade körtiden till cirka 158 minuter.,<url><loc>https://pendlings-app1.t-767929534-cloudflare.workers.dev/?fran=Kalmar&amp;till=Jönköping</loc><changefreq>monthly</changefreq></url>
Kalmar,Norrköping,274,186,Avståndet mellan Kalmar och Norrköping är 274 km och Karl-Johan Gyllenstorm beräknade körtiden till cirka 186 minuter.,<url><loc>https://pendlings-app1.t-767929534-cloudflare.workers.dev/?fran=Kalmar&amp;till=Norrköping</loc><changefreq>monthly</changefreq></url>
Kalmar,Lund,285,194,Avståndet mellan Kalmar och Lund är 285 km och Karl-Johan Gyllenstorm beräknade körtiden till cirka 194 minuter.,<url><loc>https://pendlings-app1.t-767929534-cloudflare.workers.dev/?fran=Kalmar&amp;till=Lund</loc><changefreq>monthly</changefreq></url>
Kalmar,Umeå,1055,719,Avståndet mellan Kalmar och Umeå är 1055 km och Karl-Johan Gyllenstorm beräknade körtiden till cirka 719 minuter.,<url><loc>https://pendlings-app1.t-767929534-cloudflare.workers.dev/?fran=Kalmar&amp;till=Umeå</loc><changefreq>monthly</changefreq></url>
Kalmar,Gävle,573,390,Avståndet mellan Kalmar och Gävle är 573 km och Karl-Johan Gyllenstorm beräknade körtiden till cirka 390 minuter.,<url><loc>https://pendlings-app1.t-767929534-cloudflare.workers.dev/?fran=Kalmar&amp;till=Gävle</loc><changefreq>monthly</changefreq></url>
Kalmar,Borås,303,206,Avståndet mellan Kalmar och Borås är 303 km och Karl-Johan Gyllenstorm beräknade körtiden till cirka 206 minuter.,<url><loc>https://pendlings-app1.t-767929534-cloudflare.workers.dev/?fran=Kalmar&amp;till=Borås</loc><changefreq>monthly</changefreq></url>
Kalmar,Södertälje,372,253,Avståndet mellan Kalmar och Södertälje är 372 km och Karl-Johan Gyllenstorm beräknade körtiden till cirka 253 minuter.,<url><loc>https://pendlings-app1.t-767929534-cloudflare.workers.dev/?fran=Kalmar&amp;till=Södertälje</loc><changefreq>monthly</changefreq></url>
Kalmar,Eskilstuna,385,262,Avståndet mellan Kalmar och Eskilstuna är 385 km och Karl-Johan Gyllenstorm beräknade körtiden till cirka 262 minuter.,<url><loc>https://pendlings-app1.t-767929534-cloudflare.workers.dev/?fran=Kalmar&amp;till=Eskilstuna</loc><changefreq>monthly</changefreq></url>
Kalmar,Halmstad,273,186,Avståndet mellan Kalmar och Halmstad är 273 km och Karl-Johan Gyllenstorm beräknade körtiden till cirka 186 minuter.,<url><loc>https://pendlings-app1.t-767929534-cloudflare.workers.dev/?fran=Kalmar&amp;till=Halmstad</loc><changefreq>monthly</changefreq></url>
Kalmar,Växjö,124,84,Avståndet mellan Kalmar och Växjö är 124 km och Karl-Johan Gyllenstorm beräknade körtiden till cirka 84 minuter.,<url><loc>https://pendlings-app1.t-767929534-cloudflare.workers.dev/?fran=Kalmar&amp;till=Växjö</loc><changefreq>monthly</changefreq></url>
Kalmar,Karlstad,442,301,Avståndet mellan Kalmar och Karlstad är 442 km och Karl-Johan Gyllenstorm beräknade körtiden till cirka 301 minuter.,<url><loc>https://pendlings-app1.t-767929534-cloudflare.workers.dev/?fran=Kalmar&amp;till=Karlstad</loc><changefreq>monthly</changefreq></url>
Kalmar,Piteå,1280,872,Avståndet mellan Kalmar och Piteå är 1280 km och Karl-Johan Gyllenstorm beräknade körtiden till cirka 872 minuter.,<url><loc>https://pendlings-app1.t-767929534-cloudflare.workers.dev/?fran=Kalmar&amp;till=Piteå</loc><changefreq>monthly</changefreq></url>
Kalmar,Luleå,1329,906,Avståndet mellan Kalmar och Luleå är 1329 km och Karl-Johan Gyllenstorm beräknade körtiden till cirka 906 minuter.,<url><loc>https://pendlings-app1.t-767929534-cloudflare.workers.dev/?fran=Kalmar&amp;till=Luleå</loc><changefreq>monthly</changefreq></url>
Kalmar,Trollhättan,387,263,Avståndet mellan Kalmar och Trollhättan är 387 km och Karl-Johan Gyllenstorm beräknade körtiden till cirka 263 minuter.,<url><loc>https://pendlings-app1.t-767929534-cloudflare.workers.dev/?fran=Kalmar&amp;till=Trollhättan</loc><changefreq>monthly</changefreq></url>
Kalmar,Östersund,935,637,Avståndet mellan Kalmar och Östersund är 935 km och Karl-Johan Gyllenstorm beräknade körtiden till cirka 637 minuter.,<url><loc>https://pendlings-app1.t-767929534-cloudflare.workers.dev/?fran=Kalmar&amp;till=Östersund</loc><changefreq>monthly</changefreq></url>
Kalmar,Borlänge,548,373,Avståndet mellan Kalmar och Borlänge är 548 km och Karl-Johan Gyllenstorm beräknade körtiden till cirka 373 minuter.,<url><loc>https://pendlings-app1.t-767929534-cloudflare.workers.dev/?fran=Kalmar&amp;till=Borlänge</loc><changefreq>monthly</changefreq></url>
Kalmar,Falun,563,383,Avståndet mellan Kalmar och Falun är 563 km och Karl-Johan Gyllenstorm beräknade körtiden till cirka 383 minuter.,<url><loc>https://pendlings-app1.t-767929534-cloudflare.workers.dev/?fran=Kalmar&amp;till=Falun</loc><changefreq>monthly</changefreq></url>
Kalmar,Skövde,311,212,Avståndet mellan Kalmar och Skövde är 311 km och Karl-Johan Gyllenstorm beräknade körtiden till cirka 212 minuter.,<url><loc>https://pendlings-app1.t-767929534-cloudflare.workers.dev/?fran=Kalmar&amp;till=Skövde</loc><changefreq>monthly</changefreq></url>
Kalmar,Kristianstad,195,132,Avståndet mellan Kalmar och Kristianstad är 195 km och Karl-Johan Gyllenstorm beräknade körtiden till cirka 132 minuter.,<url><loc>https://pendlings-app1.t-767929534-cloudflare.workers.dev/?fran=Kalmar&amp;till=Kristianstad</loc><changefreq>monthly</changefreq></url>
Kalmar,Karlskrona,93,79,Avståndet mellan Kalmar och Karlskrona är 93 km och Karl-Johan Gyllenstorm beräknade körtiden till cirka 79 minuter.,<url><loc>https://pendlings-app1.t-767929534-cloudflare.workers.dev/?fran=Kalmar&amp;till=Karlskrona</loc><changefreq>monthly</changefreq></url>
Kalmar,Skellefteå,1193,813,Avståndet mellan Kalmar och Skellefteå är 1193 km och Karl-Johan Gyllenstorm beräknade körtiden till cirka 813 minuter.,<url><loc>https://pendlings-app1.t-767929534-cloudflare.workers.dev/?fran=Kalmar&amp;till=Skellefteå</loc><changefreq>monthly</changefreq></url>
Kalmar,Uddevalla,414,282,Avståndet mellan Kalmar och Uddevalla är 414 km och Karl-Johan Gyllenstorm beräknade körtiden till cirka 282 minuter.,<url><loc>https://pendlings-app1.t-767929534-cloudflare.workers.dev/?fran=Kalmar&amp;till=Uddevalla</loc><changefreq>monthly</changefreq></url>
Kalmar,Varberg,325,221,Avståndet mellan Kalmar och Varberg är 325 km och Karl-Johan Gyllenstorm beräknade körtiden till cirka 221 minuter.,<url><loc>https://pendlings-app1.t-767929534-cloudflare.workers.dev/?fran=Kalmar&amp;till=Varberg</loc><changefreq>monthly</changefreq></url>
Kalmar,Motala,285,194,Avståndet mellan Kalmar och Motala är 285 km och Karl-Johan Gyllenstorm beräknade körtiden till cirka 194 minuter.,<url><loc>https://pendlings-app1.t-767929534-cloudflare.workers.dev/?fran=Kalmar&amp;till=Motala</loc><changefreq>monthly</changefreq></url>
Kalmar,Enköping,426,290,Avståndet mellan Kalmar och Enköping är 426 km och Karl-Johan Gyllenstorm beräknade körtiden till cirka 290 minuter.,<url><loc>https://pendlings-app1.t-767929534-cloudflare.workers.dev/?fran=Kalmar&amp;till=Enköping</loc><changefreq>monthly</changefreq></url>
Kalmar,Örnsköldsvik,957,652,Avståndet mellan Kalmar och Örnsköldsvik är 957 km och Karl-Johan Gyllenstorm beräknade körtiden till cirka 652 minuter.,<url><loc>https://pendlings-app1.t-767929534-cloudflare.workers.dev/?fran=Kalmar&amp;till=Örnsköldsvik</loc><changefreq>monthly</changefreq></url>
Kalmar,Nyköping,301,205,Avståndet mellan Kalmar och Nyköping är 301 km och Karl-Johan Gyllenstorm beräknade körtiden till cirka 205 minuter.,<url><loc>https://pendlings-app1.t-767929534-cloudflare.workers.dev/?fran=Kalmar&amp;till=Nyköping</loc><changefreq>monthly</changefreq></url>
Kalmar,Karlshamn,136,92,Avståndet mellan Kalmar och Karlshamn är 136 km och Karl-Johan Gyllenstorm beräknade körtiden till cirka 92 minuter.,<url><loc>https://pendlings-app1.t-767929534-cloudflare.workers.dev/?fran=Kalmar&amp;till=Karlshamn</loc><changefreq>monthly</changefreq></url>
Kalmar,Västervik,157,107,Avståndet mellan Kalmar och Västervik är 157 km och Karl-Johan Gyllenstorm beräknade körtiden till cirka 107 minuter.,<url><loc>https://pendlings-app1.t-767929534-cloudflare.workers.dev/?fran=Kalmar&amp;till=Västervik</loc><changefreq>monthly</changefreq></url>
Kalmar,Eslöv,268,182,Avståndet mellan Kalmar och Eslöv är 268 km och Karl-Johan Gyllenstorm beräknade körtiden till cirka 182 minuter.,<url><loc>https://pendlings-app1.t-767929534-cloudflare.workers.dev/?fran=Kalmar&amp;till=Eslöv</loc><changefreq>monthly</changefreq></url>
Kalmar,Härnösand,857,584,Avståndet mellan Kalmar och Härnösand är 857 km och Karl-Johan Gyllenstorm beräknade körtiden till cirka 584 minuter.,<url><loc>https://pendlings-app1.t-767929534-cloudflare.workers.dev/?fran=Kalmar&amp;till=Härnösand</loc><changefreq>monthly</changefreq></url>
Kalmar,Ystad,267,182,Avståndet mellan Kalmar och Ystad är 267 km och Karl-Johan Gyllenstorm beräknade körtiden till cirka 182 minuter.,<url><loc>https://pendlings-app1.t-767929534-cloudflare.workers.dev/?fran=Kalmar&amp;till=Ystad</loc><changefreq>monthly</changefreq></url>
Kalmar,Katrineholm,332,226,Avståndet mellan Kalmar och Katrineholm är 332 km och Karl-Johan Gyllenstorm beräknade körtiden till cirka 226 minuter.,<url><loc>https://pendlings-app1.t-767929534-cloudflare.workers.dev/?fran=Kalmar&amp;till=Katrineholm</loc><changefreq>monthly</changefreq></url>
Kalmar,Mariestad,349,237,Avståndet mellan Kalmar och Mariestad är 349 km och Karl-Johan Gyllenstorm beräknade körtiden till cirka 237 minuter.,<url><loc>https://pendlings-app1.t-767929534-cloudflare.workers.dev/?fran=Kalmar&amp;till=Mariestad</loc><changefreq>monthly</changefreq></url>
Kalmar,Lidköping,357,243,Avståndet mellan Kalmar och Lidköping är 357 km och Karl-Johan Gyllenstorm beräknade körtiden till cirka 243 minuter.,<url><loc>https://pendlings-app1.t-767929534-cloudflare.workers.dev/?fran=Kalmar&amp;till=Lidköping</loc><changefreq>monthly</changefreq></url>
Kalmar,Vänersborg,392,267,Avståndet mellan Kalmar och Vänersborg är 392 km och Karl-Johan Gyllenstorm beräknade körtiden till cirka 267 minuter.,<url><loc>https://pendlings-app1.t-767929534-cloudflare.workers.dev/?fran=Kalmar&amp;till=Vänersborg</loc><changefreq>monthly</changefreq></url>
Kalmar,Värnamo,194,132,Avståndet mellan Kalmar och Värnamo är 194 km och Karl-Johan Gyllenstorm beräknade körtiden till cirka 132 minuter.,<url><loc>https://pendlings-app1.t-767929534-cloudflare.workers.dev/?fran=Kalmar&amp;till=Värnamo</loc><changefreq>monthly</changefreq></url>
Kalmar,Kiruna,1612,1099,Avståndet mellan Kalmar och Kiruna är 1612 km och Karl-Johan Gyllenstorm beräknade körtiden till cirka 1099 minuter.,<url><loc>https://pendlings-app1.t-767929534-cloudflare.workers.dev/?fran=Kalmar&amp;till=Kiruna</loc><changefreq>monthly</changefreq></url>
Kalmar,Hudiksvall,723,492,Avståndet mellan Kalmar och Hudiksvall är 723 km och Karl-Johan Gyllenstorm beräknade körtiden till cirka 492 minuter.,<url><loc>https://pendlings-app1.t-767929534-cloudflare.workers.dev/?fran=Kalmar&amp;till=Hudiksvall</loc><changefreq>monthly</changefreq></url>
Kalmar,Falkenberg,303,206,Avståndet mellan Kalmar och Falkenberg är 303 km och Karl-Johan Gyllenstorm beräknade körtiden till cirka 206 minuter.,<url><loc>https://pendlings-app1.t-767929534-cloudflare.workers.dev/?fran=Kalmar&amp;till=Falkenberg</loc><changefreq>monthly</changefreq></url>
Kalmar,Visby,323,318,Avståndet mellan Kalmar och Visby är 323 km och Karl-Johan Gyllenstorm beräknade körtiden till cirka 318 minuter.,<url><loc>https://pendlings-app1.t-767929534-cloudflare.workers.dev/?fran=Kalmar&amp;till=Visby</loc><changefreq>monthly</changefreq></url>
Skövde,Stockholm,338,230,Avståndet mellan Skövde och Stockholm är 338 km och Karl-Johan Gyllenstorm beräknade körtiden till cirka 230 minuter.,<url><loc>https://pendlings-app1.t-767929534-cloudflare.workers.dev/?fran=Skövde&amp;till=Stockholm</loc><changefreq>monthly</changefreq></url>
Skövde,Göteborg,171,116,Avståndet mellan Skövde och Göteborg är 171 km och Karl-Johan Gyllenstorm beräknade körtiden till cirka 116 minuter.,<url><loc>https://pendlings-app1.t-767929534-cloudflare.workers.dev/?fran=Skövde&amp;till=Göteborg</loc><changefreq>monthly</changefreq></url>
Skövde,Malmö,401,273,Avståndet mellan Skövde och Malmö är 401 km och Karl-Johan Gyllenstorm beräknade körtiden till cirka 273 minuter.,<url><loc>https://pendlings-app1.t-767929534-cloudflare.workers.dev/?fran=Skövde&amp;till=Malmö</loc><changefreq>monthly</changefreq></url>
Skövde,Uppsala,346,235,Avståndet mellan Skövde och Uppsala är 346 km och Karl-Johan Gyllenstorm beräknade körtiden till cirka 235 minuter.,<url><loc>https://pendlings-app1.t-767929534-cloudflare.workers.dev/?fran=Skövde&amp;till=Uppsala</loc><changefreq>monthly</changefreq></url>
Skövde,Västerås,263,179,Avståndet mellan Skövde och Västerås är 263 km och Karl-Johan Gyllenstorm beräknade körtiden till cirka 179 minuter.,<url><loc>https://pendlings-app1.t-767929534-cloudflare.workers.dev/?fran=Skövde&amp;till=Västerås</loc><changefreq>monthly</changefreq></url>
Skövde,Örebro,161,109,Avståndet mellan Skövde och Örebro är 161 km och Karl-Johan Gyllenstorm beräknade körtiden till cirka 109 minuter.,<url><loc>https://pendlings-app1.t-767929534-cloudflare.workers.dev/?fran=Skövde&amp;till=Örebro</loc><changefreq>monthly</changefreq></url>
Skövde,Linköping,132,90,Avståndet mellan Skövde och Linköping är 132 km och Karl-Johan Gyllenstorm beräknade körtiden till cirka 90 minuter.,<url><loc>https://pendlings-app1.t-767929534-cloudflare.workers.dev/?fran=Skövde&amp;till=Linköping</loc><changefreq>monthly</changefreq></url>
Skövde,Helsingborg,345,235,Avståndet mellan Skövde och Helsingborg är 345 km och Karl-Johan Gyllenstorm beräknade körtiden till cirka 235 minuter.,<url><loc>https://pendlings-app1.t-767929534-cloudflare.workers.dev/?fran=Skövde&amp;till=Helsingborg</loc><changefreq>monthly</changefreq></url>
Skövde,Jönköping,89,76,Avståndet mellan Skövde och Jönköping är 89 km och Karl-Johan Gyllenstorm beräknade körtiden till cirka 76 minuter.,<url><loc>https://pendlings-app1.t-767929534-cloudflare.workers.dev/?fran=Skövde&amp;till=Jönköping</loc><changefreq>monthly</changefreq></url>
Skövde,Norrköping,176,120,Avståndet mellan Skövde och Norrköping är 176 km och Karl-Johan Gyllenstorm beräknade körtiden till cirka 120 minuter.,<url><loc>https://pendlings-app1.t-767929534-cloudflare.workers.dev/?fran=Skövde&amp;till=Norrköping</loc><changefreq>monthly</changefreq></url>
Skövde,Lund,385,262,Avståndet mellan Skövde och Lund är 385 km och Karl-Johan Gyllenstorm beräknade körtiden till cirka 262 minuter.,<url><loc>https://pendlings-app1.t-767929534-cloudflare.workers.dev/?fran=Skövde&amp;till=Lund</loc><changefreq>monthly</changefreq></url>
Skövde,Umeå,889,606,Avståndet mellan Skövde och Umeå är 889 km och Karl-Johan Gyllenstorm beräknade körtiden till cirka 606 minuter.,<url><loc>https://pendlings-app1.t-767929534-cloudflare.workers.dev/?fran=Skövde&amp;till=Umeå</loc><changefreq>monthly</changefreq></url>
Skövde,Gävle,402,274,Avståndet mellan Skövde och Gävle är 402 km och Karl-Johan Gyllenstorm beräknade körtiden till cirka 274 minuter.,<url><loc>https://pendlings-app1.t-767929534-cloudflare.workers.dev/?fran=Skövde&amp;till=Gävle</loc><changefreq>monthly</changefreq></url>
Skövde,Borås,117,79,Avståndet mellan Skövde och Borås är 117 km och Karl-Johan Gyllenstorm beräknade körtiden till cirka 79 minuter.,<url><loc>https://pendlings-app1.t-767929534-cloudflare.workers.dev/?fran=Skövde&amp;till=Borås</loc><changefreq>monthly</changefreq></url>
Skövde,Södertälje,301,205,Avståndet mellan Skövde och Södertälje är 301 km och Karl-Johan Gyllenstorm beräknade körtiden till cirka 205 minuter.,<url><loc>https://pendlings-app1.t-767929534-cloudflare.workers.dev/?fran=Skövde&amp;till=Södertälje</loc><changefreq>monthly</changefreq></url>
Skövde,Eskilstuna,240,163,Avståndet mellan Skövde och Eskilstuna är 240 km och Karl-Johan Gyllenstorm beräknade körtiden till cirka 163 minuter.,<url><loc>https://pendlings-app1.t-767929534-cloudflare.workers.dev/?fran=Skövde&amp;till=Eskilstuna</loc><changefreq>monthly</changefreq></url>
Skövde,Halmstad,255,173,Avståndet mellan Skövde och Halmstad är 255 km och Karl-Johan Gyllenstorm beräknade körtiden till cirka 173 minuter.,<url><loc>https://pendlings-app1.t-767929534-cloudflare.workers.dev/?fran=Skövde&amp;till=Halmstad</loc><changefreq>monthly</changefreq></url>
Skövde,Växjö,227,154,Avståndet mellan Skövde och Växjö är 227 km och Karl-Johan Gyllenstorm beräknade körtiden till cirka 154 minuter.,<url><loc>https://pendlings-app1.t-767929534-cloudflare.workers.dev/?fran=Skövde&amp;till=Växjö</loc><changefreq>monthly</changefreq></url>
Skövde,Karlstad,142,96,Avståndet mellan Skövde och Karlstad är 142 km och Karl-Johan Gyllenstorm beräknade körtiden till cirka 96 minuter.,<url><loc>https://pendlings-app1.t-767929534-cloudflare.workers.dev/?fran=Skövde&amp;till=Karlstad</loc><changefreq>monthly</changefreq></url>
Skövde,Piteå,1109,756,Avståndet mellan Skövde och Piteå är 1109 km och Karl-Johan Gyllenstorm beräknade körtiden till cirka 756 minuter.,<url><loc>https://pendlings-app1.t-767929534-cloudflare.workers.dev/?fran=Skövde&amp;till=Piteå</loc><changefreq>monthly</changefreq></url>
Skövde,Luleå,1162,792,Avståndet mellan Skövde och Luleå är 1162 km och Karl-Johan Gyllenstorm beräknade körtiden till cirka 792 minuter.,<url><loc>https://pendlings-app1.t-767929534-cloudflare.workers.dev/?fran=Skövde&amp;till=Luleå</loc><changefreq>monthly</changefreq></url>
Skövde,Trollhättan,117,79,Avståndet mellan Skövde och Trollhättan är 117 km och Karl-Johan Gyllenstorm beräknade körtiden till cirka 79 minuter.,<url><loc>https://pendlings-app1.t-767929534-cloudflare.workers.dev/?fran=Skövde&amp;till=Trollhättan</loc><changefreq>monthly</changefreq></url>
Skövde,Östersund,683,465,Avståndet mellan Skövde och Östersund är 683 km och Karl-Johan Gyllenstorm beräknade körtiden till cirka 465 minuter.,<url><loc>https://pendlings-app1.t-767929534-cloudflare.workers.dev/?fran=Skövde&amp;till=Östersund</loc><changefreq>monthly</changefreq></url>
Skövde,Borlänge,319,217,Avståndet mellan Skövde och Borlänge är 319 km och Karl-Johan Gyllenstorm beräknade körtiden till cirka 217 minuter.,<url><loc>https://pendlings-app1.t-767929534-cloudflare.workers.dev/?fran=Skövde&amp;till=Borlänge</loc><changefreq>monthly</changefreq></url>
Skövde,Falun,340,231,Avståndet mellan Skövde och Falun är 340 km och Karl-Johan Gyllenstorm beräknade körtiden till cirka 231 minuter.,<url><loc>https://pendlings-app1.t-767929534-cloudflare.workers.dev/?fran=Skövde&amp;till=Falun</loc><changefreq>monthly</changefreq></url>
Skövde,Kalmar,311,212,Avståndet mellan Skövde och Kalmar är 311 km och Karl-Johan Gyllenstorm beräknade körtiden till cirka 212 minuter.,<url><loc>https://pendlings-app1.t-767929534-cloudflare.workers.dev/?fran=Skövde&amp;till=Kalmar</loc><changefreq>monthly</changefreq></url>
Skövde,Kristianstad,336,229,Avståndet mellan Skövde och Kristianstad är 336 km och Karl-Johan Gyllenstorm beräknade körtiden till cirka 229 minuter.,<url><loc>https://pendlings-app1.t-767929534-cloudflare.workers.dev/?fran=Skövde&amp;till=Kristianstad</loc><changefreq>monthly</changefreq></url>
Skövde,Karlskrona,344,234,Avståndet mellan Skövde och Karlskrona är 344 km och Karl-Johan Gyllenstorm beräknade körtiden till cirka 234 minuter.,<url><loc>https://pendlings-app1.t-767929534-cloudflare.workers.dev/?fran=Skövde&amp;till=Karlskrona</loc><changefreq>monthly</changefreq></url>
Skövde,Skellefteå,1023,697,Avståndet mellan Skövde och Skellefteå är 1023 km och Karl-Johan Gyllenstorm beräknade körtiden till cirka 697 minuter.,<url><loc>https://pendlings-app1.t-767929534-cloudflare.workers.dev/?fran=Skövde&amp;till=Skellefteå</loc><changefreq>monthly</changefreq></url>
Skövde,Uddevalla,142,96,Avståndet mellan Skövde och Uddevalla är 142 km och Karl-Johan Gyllenstorm beräknade körtiden till cirka 96 minuter.,<url><loc>https://pendlings-app1.t-767929534-cloudflare.workers.dev/?fran=Skövde&amp;till=Uddevalla</loc><changefreq>monthly</changefreq></url>
Skövde,Varberg,219,149,Avståndet mellan Skövde och Varberg är 219 km och Karl-Johan Gyllenstorm beräknade körtiden till cirka 149 minuter.,<url><loc>https://pendlings-app1.t-767929534-cloudflare.workers.dev/?fran=Skövde&amp;till=Varberg</loc><changefreq>monthly</changefreq></url>
Skövde,Motala,91,78,Avståndet mellan Skövde och Motala är 91 km och Karl-Johan Gyllenstorm beräknade körtiden till cirka 78 minuter.,<url><loc>https://pendlings-app1.t-767929534-cloudflare.workers.dev/?fran=Skövde&amp;till=Motala</loc><changefreq>monthly</changefreq></url>
Skövde,Enköping,295,201,Avståndet mellan Skövde och Enköping är 295 km och Karl-Johan Gyllenstorm beräknade körtiden till cirka 201 minuter.,<url><loc>https://pendlings-app1.t-767929534-cloudflare.workers.dev/?fran=Skövde&amp;till=Enköping</loc><changefreq>monthly</changefreq></url>
Skövde,Örnsköldsvik,774,527,Avståndet mellan Skövde och Örnsköldsvik är 774 km och Karl-Johan Gyllenstorm beräknade körtiden till cirka 527 minuter.,<url><loc>https://pendlings-app1.t-767929534-cloudflare.workers.dev/?fran=Skövde&amp;till=Örnsköldsvik</loc><changefreq>monthly</changefreq></url>
Skövde,Nyköping,240,163,Avståndet mellan Skövde och Nyköping är 240 km och Karl-Johan Gyllenstorm beräknade körtiden till cirka 163 minuter.,<url><loc>https://pendlings-app1.t-767929534-cloudflare.workers.dev/?fran=Skövde&amp;till=Nyköping</loc><changefreq>monthly</changefreq></url>
Skövde,Karlshamn,325,221,Avståndet mellan Skövde och Karlshamn är 325 km och Karl-Johan Gyllenstorm beräknade körtiden till cirka 221 minuter.,<url><loc>https://pendlings-app1.t-767929534-cloudflare.workers.dev/?fran=Skövde&amp;till=Karlshamn</loc><changefreq>monthly</changefreq></url>
Skövde,Västervik,228,155,Avståndet mellan Skövde och Västervik är 228 km och Karl-Johan Gyllenstorm beräknade körtiden till cirka 155 minuter.,<url><loc>https://pendlings-app1.t-767929534-cloudflare.workers.dev/?fran=Skövde&amp;till=Västervik</loc><changefreq>monthly</changefreq></url>
Skövde,Eslöv,365,248,Avståndet mellan Skövde och Eslöv är 365 km och Karl-Johan Gyllenstorm beräknade körtiden till cirka 248 minuter.,<url><loc>https://pendlings-app1.t-767929534-cloudflare.workers.dev/?fran=Skövde&amp;till=Eslöv</loc><changefreq>monthly</changefreq></url>
Skövde,Härnösand,667,454,Avståndet mellan Skövde och Härnösand är 667 km och Karl-Johan Gyllenstorm beräknade körtiden till cirka 454 minuter.,<url><loc>https://pendlings-app1.t-767929534-cloudflare.workers.dev/?fran=Skövde&amp;till=Härnösand</loc><changefreq>monthly</changefreq></url>
Skövde,Ystad,421,287,Avståndet mellan Skövde och Ystad är 421 km och Karl-Johan Gyllenstorm beräknade körtiden till cirka 287 minuter.,<url><loc>https://pendlings-app1.t-767929534-cloudflare.workers.dev/?fran=Skövde&amp;till=Ystad</loc><changefreq>monthly</changefreq></url>
Skövde,Katrineholm,194,132,Avståndet mellan Skövde och Katrineholm är 194 km och Karl-Johan Gyllenstorm beräknade körtiden till cirka 132 minuter.,<url><loc>https://pendlings-app1.t-767929534-cloudflare.workers.dev/?fran=Skövde&amp;till=Katrineholm</loc><changefreq>monthly</changefreq></url>
Skövde,Mariestad,45,38,Avståndet mellan Skövde och Mariestad är 45 km och Karl-Johan Gyllenstorm beräknade körtiden till cirka 38 minuter.,<url><loc>https://pendlings-app1.t-767929534-cloudflare.workers.dev/?fran=Skövde&amp;till=Mariestad</loc><changefreq>monthly</changefreq></url>
Skövde,Lidköping,53,45,Avståndet mellan Skövde och Lidköping är 53 km och Karl-Johan Gyllenstorm beräknade körtiden till cirka 45 minuter.,<url><loc>https://pendlings-app1.t-767929534-cloudflare.workers.dev/?fran=Skövde&amp;till=Lidköping</loc><changefreq>monthly</changefreq></url>
Skövde,Vänersborg,113,77,Avståndet mellan Skövde och Vänersborg är 113 km och Karl-Johan Gyllenstorm beräknade körtiden till cirka 77 minuter.,<url><loc>https://pendlings-app1.t-767929534-cloudflare.workers.dev/?fran=Skövde&amp;till=Vänersborg</loc><changefreq>monthly</changefreq></url>
Skövde,Värnamo,172,117,Avståndet mellan Skövde och Värnamo är 172 km och Karl-Johan Gyllenstorm beräknade körtiden till cirka 117 minuter.,<url><loc>https://pendlings-app1.t-767929534-cloudflare.workers.dev/?fran=Skövde&amp;till=Värnamo</loc><changefreq>monthly</changefreq></url>
Skövde,Kiruna,1406,958,Avståndet mellan Skövde och Kiruna är 1406 km och Karl-Johan Gyllenstorm beräknade körtiden till cirka 958 minuter.,<url><loc>https://pendlings-app1.t-767929534-cloudflare.workers.dev/?fran=Skövde&amp;till=Kiruna</loc><changefreq>monthly</changefreq></url>
Skövde,Hudiksvall,528,360,Avståndet mellan Skövde och Hudiksvall är 528 km och Karl-Johan Gyllenstorm beräknade körtiden till cirka 360 minuter.,<url><loc>https://pendlings-app1.t-767929534-cloudflare.workers.dev/?fran=Skövde&amp;till=Hudiksvall</loc><changefreq>monthly</changefreq></url>
Skövde,Falkenberg,235,160,Avståndet mellan Skövde och Falkenberg är 235 km och Karl-Johan Gyllenstorm beräknade körtiden till cirka 160 minuter.,<url><loc>https://pendlings-app1.t-767929534-cloudflare.workers.dev/?fran=Skövde&amp;till=Falkenberg</loc><changefreq>monthly</changefreq></url>
Skövde,Visby,472,420,Avståndet mellan Skövde och Visby är 472 km och Karl-Johan Gyllenstorm beräknade körtiden till cirka 420 minuter.,<url><loc>https://pendlings-app1.t-767929534-cloudflare.workers.dev/?fran=Skövde&amp;till=Visby</loc><changefreq>monthly</changefreq></url>
Kristianstad,Stockholm,555,378,Avståndet mellan Kristianstad och Stockholm är 555 km och Karl-Johan Gyllenstorm beräknade körtiden till cirka 378 minuter.,<url><loc>https://pendlings-app1.t-767929534-cloudflare.workers.dev/?fran=Kristianstad&amp;till=Stockholm</loc><changefreq>monthly</changefreq></url>
Kristianstad,Göteborg,293,199,Avståndet mellan Kristianstad och Göteborg är 293 km och Karl-Johan Gyllenstorm beräknade körtiden till cirka 199 minuter.,<url><loc>https://pendlings-app1.t-767929534-cloudflare.workers.dev/?fran=Kristianstad&amp;till=Göteborg</loc><changefreq>monthly</changefreq></url>
Kristianstad,Malmö,109,74,Avståndet mellan Kristianstad och Malmö är 109 km och Karl-Johan Gyllenstorm beräknade körtiden till cirka 74 minuter.,<url><loc>https://pendlings-app1.t-767929534-cloudflare.workers.dev/?fran=Kristianstad&amp;till=Malmö</loc><changefreq>monthly</changefreq></url>
Kristianstad,Uppsala,605,412,Avståndet mellan Kristianstad och Uppsala är 605 km och Karl-Johan Gyllenstorm beräknade körtiden till cirka 412 minuter.,<url><loc>https://pendlings-app1.t-767929534-cloudflare.workers.dev/?fran=Kristianstad&amp;till=Uppsala</loc><changefreq>monthly</changefreq></url>
Kristianstad,Västerås,540,368,Avståndet mellan Kristianstad och Västerås är 540 km och Karl-Johan Gyllenstorm beräknade körtiden till cirka 368 minuter.,<url><loc>https://pendlings-app1.t-767929534-cloudflare.workers.dev/?fran=Kristianstad&amp;till=Västerås</loc><changefreq>monthly</changefreq></url>
Kristianstad,Örebro,468,319,Avståndet mellan Kristianstad och Örebro är 468 km och Karl-Johan Gyllenstorm beräknade körtiden till cirka 319 minuter.,<url><loc>https://pendlings-app1.t-767929534-cloudflare.workers.dev/?fran=Kristianstad&amp;till=Örebro</loc><changefreq>monthly</changefreq></url>
Kristianstad,Linköping,357,243,Avståndet mellan Kristianstad och Linköping är 357 km och Karl-Johan Gyllenstorm beräknade körtiden till cirka 243 minuter.,<url><loc>https://pendlings-app1.t-767929534-cloudflare.workers.dev/?fran=Kristianstad&amp;till=Linköping</loc><changefreq>monthly</changefreq></url>
Kristianstad,Helsingborg,116,79,Avståndet mellan Kristianstad och Helsingborg är 116 km och Karl-Johan Gyllenstorm beräknade körtiden till cirka 79 minuter.,<url><loc>https://pendlings-app1.t-767929534-cloudflare.workers.dev/?fran=Kristianstad&amp;till=Helsingborg</loc><changefreq>monthly</changefreq></url>
Kristianstad,Jönköping,249,169,Avståndet mellan Kristianstad och Jönköping är 249 km och Karl-Johan Gyllenstorm beräknade körtiden till cirka 169 minuter.,<url><loc>https://pendlings-app1.t-767929534-cloudflare.workers.dev/?fran=Kristianstad&amp;till=Jönköping</loc><changefreq>monthly</changefreq></url>
Kristianstad,Norrköping,396,270,Avståndet mellan Kristianstad och Norrköping är 396 km och Karl-Johan Gyllenstorm beräknade körtiden till cirka 270 minuter.,<url><loc>https://pendlings-app1.t-767929534-cloudflare.workers.dev/?fran=Kristianstad&amp;till=Norrköping</loc><changefreq>monthly</changefreq></url>
Kristianstad,Lund,89,76,Avståndet mellan Kristianstad och Lund är 89 km och Karl-Johan Gyllenstorm beräknade körtiden till cirka 76 minuter.,<url><loc>https://pendlings-app1.t-767929534-cloudflare.workers.dev/?fran=Kristianstad&amp;till=Lund</loc><changefreq>monthly</changefreq></url>
Kristianstad,Umeå,1190,811,Avståndet mellan Kristianstad och Umeå är 1190 km och Karl-Johan Gyllenstorm beräknade körtiden till cirka 811 minuter.,<url><loc>https://pendlings-app1.t-767929534-cloudflare.workers.dev/?fran=Kristianstad&amp;till=Umeå</loc><changefreq>monthly</changefreq></url>
Kristianstad,Gävle,697,475,Avståndet mellan Kristianstad och Gävle är 697 km och Karl-Johan Gyllenstorm beräknade körtiden till cirka 475 minuter.,<url><loc>https://pendlings-app1.t-767929534-cloudflare.workers.dev/?fran=Kristianstad&amp;till=Gävle</loc><changefreq>monthly</changefreq></url>
Kristianstad,Borås,258,175,Avståndet mellan Kristianstad och Borås är 258 km och Karl-Johan Gyllenstorm beräknade körtiden till cirka 175 minuter.,<url><loc>https://pendlings-app1.t-767929534-cloudflare.workers.dev/?fran=Kristianstad&amp;till=Borås</loc><changefreq>monthly</changefreq></url>
Kristianstad,Södertälje,522,355,Avståndet mellan Kristianstad och Södertälje är 522 km och Karl-Johan Gyllenstorm beräknade körtiden till cirka 355 minuter.,<url><loc>https://pendlings-app1.t-767929534-cloudflare.workers.dev/?fran=Kristianstad&amp;till=Södertälje</loc><changefreq>monthly</changefreq></url>
Kristianstad,Eskilstuna,508,346,Avståndet mellan Kristianstad och Eskilstuna är 508 km och Karl-Johan Gyllenstorm beräknade körtiden till cirka 346 minuter.,<url><loc>https://pendlings-app1.t-767929534-cloudflare.workers.dev/?fran=Kristianstad&amp;till=Eskilstuna</loc><changefreq>monthly</changefreq></url>
Kristianstad,Halmstad,137,93,Avståndet mellan Kristianstad och Halmstad är 137 km och Karl-Johan Gyllenstorm beräknade körtiden till cirka 93 minuter.,<url><loc>https://pendlings-app1.t-767929534-cloudflare.workers.dev/?fran=Kristianstad&amp;till=Halmstad</loc><changefreq>monthly</changefreq></url>
Kristianstad,Växjö,131,89,Avståndet mellan Kristianstad och Växjö är 131 km och Karl-Johan Gyllenstorm beräknade körtiden till cirka 89 minuter.,<url><loc>https://pendlings-app1.t-767929534-cloudflare.workers.dev/?fran=Kristianstad&amp;till=Växjö</loc><changefreq>monthly</changefreq></url>
Kristianstad,Karlstad,479,326,Avståndet mellan Kristianstad och Karlstad är 479 km och Karl-Johan Gyllenstorm beräknade körtiden till cirka 326 minuter.,<url><loc>https://pendlings-app1.t-767929534-cloudflare.workers.dev/?fran=Kristianstad&amp;till=Karlstad</loc><changefreq>monthly</changefreq></url>
Kristianstad,Piteå,1414,964,Avståndet mellan Kristianstad och Piteå är 1414 km och Karl-Johan Gyllenstorm beräknade körtiden till cirka 964 minuter.,<url><loc>https://pendlings-app1.t-767929534-cloudflare.workers.dev/?fran=Kristianstad&amp;till=Piteå</loc><changefreq>monthly</changefreq></url>
Kristianstad,Luleå,1466,999,Avståndet mellan Kristianstad och Luleå är 1466 km och Karl-Johan Gyllenstorm beräknade körtiden till cirka 999 minuter.,<url><loc>https://pendlings-app1.t-767929534-cloudflare.workers.dev/?fran=Kristianstad&amp;till=Luleå</loc><changefreq>monthly</changefreq></url>
Kristianstad,Trollhättan,351,239,Avståndet mellan Kristianstad och Trollhättan är 351 km och Karl-Johan Gyllenstorm beräknade körtiden till cirka 239 minuter.,<url><loc>https://pendlings-app1.t-767929534-cloudflare.workers.dev/?fran=Kristianstad&amp;till=Trollhättan</loc><changefreq>monthly</changefreq></url>
Kristianstad,Östersund,1017,693,Avståndet mellan Kristianstad och Östersund är 1017 km och Karl-Johan Gyllenstorm beräknade körtiden till cirka 693 minuter.,<url><loc>https://pendlings-app1.t-767929534-cloudflare.workers.dev/?fran=Kristianstad&amp;till=Östersund</loc><changefreq>monthly</changefreq></url>
Kristianstad,Borlänge,641,437,Avståndet mellan Kristianstad och Borlänge är 641 km och Karl-Johan Gyllenstorm beräknade körtiden till cirka 437 minuter.,<url><loc>https://pendlings-app1.t-767929534-cloudflare.workers.dev/?fran=Kristianstad&amp;till=Borlänge</loc><changefreq>monthly</changefreq></url>
Kristianstad,Falun,660,450,Avståndet mellan Kristianstad och Falun är 660 km och Karl-Johan Gyllenstorm beräknade körtiden till cirka 450 minuter.,<url><loc>https://pendlings-app1.t-767929534-cloudflare.workers.dev/?fran=Kristianstad&amp;till=Falun</loc><changefreq>monthly</changefreq></url>
Kristianstad,Kalmar,195,132,Avståndet mellan Kristianstad och Kalmar är 195 km och Karl-Johan Gyllenstorm beräknade körtiden till cirka 132 minuter.,<url><loc>https://pendlings-app1.t-767929534-cloudflare.workers.dev/?fran=Kristianstad&amp;till=Kalmar</loc><changefreq>monthly</changefreq></url>
Kristianstad,Skövde,336,229,Avståndet mellan Kristianstad och Skövde är 336 km och Karl-Johan Gyllenstorm beräknade körtiden till cirka 229 minuter.,<url><loc>https://pendlings-app1.t-767929534-cloudflare.workers.dev/?fran=Kristianstad&amp;till=Skövde</loc><changefreq>monthly</changefreq></url>
Kristianstad,Karlskrona,115,78,Avståndet mellan Kristianstad och Karlskrona är 115 km och Karl-Johan Gyllenstorm beräknade körtiden till cirka 78 minuter.,<url><loc>https://pendlings-app1.t-767929534-cloudflare.workers.dev/?fran=Kristianstad&amp;till=Karlskrona</loc><changefreq>monthly</changefreq></url>
Kristianstad,Skellefteå,1328,905,Avståndet mellan Kristianstad och Skellefteå är 1328 km och Karl-Johan Gyllenstorm beräknade körtiden till cirka 905 minuter.,<url><loc>https://pendlings-app1.t-767929534-cloudflare.workers.dev/?fran=Kristianstad&amp;till=Skellefteå</loc><changefreq>monthly</changefreq></url>
Kristianstad,Uddevalla,371,252,Avståndet mellan Kristianstad och Uddevalla är 371 km och Karl-Johan Gyllenstorm beräknade körtiden till cirka 252 minuter.,<url><loc>https://pendlings-app1.t-767929534-cloudflare.workers.dev/?fran=Kristianstad&amp;till=Uddevalla</loc><changefreq>monthly</changefreq></url>
Kristianstad,Varberg,213,145,Avståndet mellan Kristianstad och Varberg är 213 km och Karl-Johan Gyllenstorm beräknade körtiden till cirka 145 minuter.,<url><loc>https://pendlings-app1.t-767929534-cloudflare.workers.dev/?fran=Kristianstad&amp;till=Varberg</loc><changefreq>monthly</changefreq></url>
Kristianstad,Motala,363,247,Avståndet mellan Kristianstad och Motala är 363 km och Karl-Johan Gyllenstorm beräknade körtiden till cirka 247 minuter.,<url><loc>https://pendlings-app1.t-767929534-cloudflare.workers.dev/?fran=Kristianstad&amp;till=Motala</loc><changefreq>monthly</changefreq></url>
Kristianstad,Enköping,558,380,Avståndet mellan Kristianstad och Enköping är 558 km och Karl-Johan Gyllenstorm beräknade körtiden till cirka 380 minuter.,<url><loc>https://pendlings-app1.t-767929534-cloudflare.workers.dev/?fran=Kristianstad&amp;till=Enköping</loc><changefreq>monthly</changefreq></url>
Kristianstad,Örnsköldsvik,1083,738,Avståndet mellan Kristianstad och Örnsköldsvik är 1083 km och Karl-Johan Gyllenstorm beräknade körtiden till cirka 738 minuter.,<url><loc>https://pendlings-app1.t-767929534-cloudflare.workers.dev/?fran=Kristianstad&amp;till=Örnsköldsvik</loc><changefreq>monthly</changefreq></url>
Kristianstad,Nyköping,445,303,Avståndet mellan Kristianstad och Nyköping är 445 km och Karl-Johan Gyllenstorm beräknade körtiden till cirka 303 minuter.,<url><loc>https://pendlings-app1.t-767929534-cloudflare.workers.dev/?fran=Kristianstad&amp;till=Nyköping</loc><changefreq>monthly</changefreq></url>
Kristianstad,Karlshamn,59,50,Avståndet mellan Kristianstad och Karlshamn är 59 km och Karl-Johan Gyllenstorm beräknade körtiden till cirka 50 minuter.,<url><loc>https://pendlings-app1.t-767929534-cloudflare.workers.dev/?fran=Kristianstad&amp;till=Karlshamn</loc><changefreq>monthly</changefreq></url>
Kristianstad,Västervik,312,212,Avståndet mellan Kristianstad och Västervik är 312 km och Karl-Johan Gyllenstorm beräknade körtiden till cirka 212 minuter.,<url><loc>https://pendlings-app1.t-767929534-cloudflare.workers.dev/?fran=Kristianstad&amp;till=Västervik</loc><changefreq>monthly</changefreq></url>
Kristianstad,Eslöv,73,62,Avståndet mellan Kristianstad och Eslöv är 73 km och Karl-Johan Gyllenstorm beräknade körtiden till cirka 62 minuter.,<url><loc>https://pendlings-app1.t-767929534-cloudflare.workers.dev/?fran=Kristianstad&amp;till=Eslöv</loc><changefreq>monthly</changefreq></url>
Kristianstad,Härnösand,978,666,Avståndet mellan Kristianstad och Härnösand är 978 km och Karl-Johan Gyllenstorm beräknade körtiden till cirka 666 minuter.,<url><loc>https://pendlings-app1.t-767929534-cloudflare.workers.dev/?fran=Kristianstad&amp;till=Härnösand</loc><changefreq>monthly</changefreq></url>
Kristianstad,Ystad,89,76,Avståndet mellan Kristianstad och Ystad är 89 km och Karl-Johan Gyllenstorm beräknade körtiden till cirka 76 minuter.,<url><loc>https://pendlings-app1.t-767929534-cloudflare.workers.dev/?fran=Kristianstad&amp;till=Ystad</loc><changefreq>monthly</changefreq></url>
Kristianstad,Katrineholm,450,306,Avståndet mellan Kristianstad och Katrineholm är 450 km och Karl-Johan Gyllenstorm beräknade körtiden till cirka 306 minuter.,<url><loc>https://pendlings-app1.t-767929534-cloudflare.workers.dev/?fran=Kristianstad&amp;till=Katrineholm</loc><changefreq>monthly</changefreq></url>
Kristianstad,Mariestad,382,260,Avståndet mellan Kristianstad och Mariestad är 382 km och Karl-Johan Gyllenstorm beräknade körtiden till cirka 260 minuter.,<url><loc>https://pendlings-app1.t-767929534-cloudflare.workers.dev/?fran=Kristianstad&amp;till=Mariestad</loc><changefreq>monthly</changefreq></url>
Kristianstad,Lidköping,360,245,Avståndet mellan Kristianstad och Lidköping är 360 km och Karl-Johan Gyllenstorm beräknade körtiden till cirka 245 minuter.,<url><loc>https://pendlings-app1.t-767929534-cloudflare.workers.dev/?fran=Kristianstad&amp;till=Lidköping</loc><changefreq>monthly</changefreq></url>
Kristianstad,Vänersborg,362,246,Avståndet mellan Kristianstad och Vänersborg är 362 km och Karl-Johan Gyllenstorm beräknade körtiden till cirka 246 minuter.,<url><loc>https://pendlings-app1.t-767929534-cloudflare.workers.dev/?fran=Kristianstad&amp;till=Vänersborg</loc><changefreq>monthly</changefreq></url>
Kristianstad,Värnamo,164,111,Avståndet mellan Kristianstad och Värnamo är 164 km och Karl-Johan Gyllenstorm beräknade körtiden till cirka 111 minuter.,<url><loc>https://pendlings-app1.t-767929534-cloudflare.workers.dev/?fran=Kristianstad&amp;till=Värnamo</loc><changefreq>monthly</changefreq></url>
Kristianstad,Kiruna,1729,1178,Avståndet mellan Kristianstad och Kiruna är 1729 km och Karl-Johan Gyllenstorm beräknade körtiden till cirka 1178 minuter.,<url><loc>https://pendlings-app1.t-767929534-cloudflare.workers.dev/?fran=Kristianstad&amp;till=Kiruna</loc><changefreq>monthly</changefreq></url>
Kristianstad,Hudiksvall,839,572,Avståndet mellan Kristianstad och Hudiksvall är 839 km och Karl-Johan Gyllenstorm beräknade körtiden till cirka 572 minuter.,<url><loc>https://pendlings-app1.t-767929534-cloudflare.workers.dev/?fran=Kristianstad&amp;till=Hudiksvall</loc><changefreq>monthly</changefreq></url>
Kristianstad,Falkenberg,180,122,Avståndet mellan Kristianstad och Falkenberg är 180 km och Karl-Johan Gyllenstorm beräknade körtiden till cirka 122 minuter.,<url><loc>https://pendlings-app1.t-767929534-cloudflare.workers.dev/?fran=Kristianstad&amp;till=Falkenberg</loc><changefreq>monthly</changefreq></url>
Kristianstad,Visby,515,449,Avståndet mellan Kristianstad och Visby är 515 km och Karl-Johan Gyllenstorm beräknade körtiden till cirka 449 minuter.,<url><loc>https://pendlings-app1.t-767929534-cloudflare.workers.dev/?fran=Kristianstad&amp;till=Visby</loc><changefreq>monthly</changefreq></url>
Karlskrona,Stockholm,488,332,Avståndet mellan Karlskrona och Stockholm är 488 km och Karl-Johan Gyllenstorm beräknade körtiden till cirka 332 minuter.,<url><loc>https://pendlings-app1.t-767929534-cloudflare.workers.dev/?fran=Karlskrona&amp;till=Stockholm</loc><changefreq>monthly</changefreq></url>
Karlskrona,Göteborg,356,242,Avståndet mellan Karlskrona och Göteborg är 356 km och Karl-Johan Gyllenstorm beräknade körtiden till cirka 242 minuter.,<url><loc>https://pendlings-app1.t-767929534-cloudflare.workers.dev/?fran=Karlskrona&amp;till=Göteborg</loc><changefreq>monthly</changefreq></url>
Karlskrona,Malmö,220,150,Avståndet mellan Karlskrona och Malmö är 220 km och Karl-Johan Gyllenstorm beräknade körtiden till cirka 150 minuter.,<url><loc>https://pendlings-app1.t-767929534-cloudflare.workers.dev/?fran=Karlskrona&amp;till=Malmö</loc><changefreq>monthly</changefreq></url>
Karlskrona,Uppsala,548,373,Avståndet mellan Karlskrona och Uppsala är 548 km och Karl-Johan Gyllenstorm beräknade körtiden till cirka 373 minuter.,<url><loc>https://pendlings-app1.t-767929534-cloudflare.workers.dev/?fran=Karlskrona&amp;till=Uppsala</loc><changefreq>monthly</changefreq></url>
Karlskrona,Västerås,496,338,Avståndet mellan Karlskrona och Västerås är 496 km och Karl-Johan Gyllenstorm beräknade körtiden till cirka 338 minuter.,<url><loc>https://pendlings-app1.t-767929534-cloudflare.workers.dev/?fran=Karlskrona&amp;till=Västerås</loc><changefreq>monthly</changefreq></url>
Karlskrona,Örebro,444,302,Avståndet mellan Karlskrona och Örebro är 444 km och Karl-Johan Gyllenstorm beräknade körtiden till cirka 302 minuter.,<url><loc>https://pendlings-app1.t-767929534-cloudflare.workers.dev/?fran=Karlskrona&amp;till=Örebro</loc><changefreq>monthly</changefreq></url>
Karlskrona,Linköping,320,218,Avståndet mellan Karlskrona och Linköping är 320 km och Karl-Johan Gyllenstorm beräknade körtiden till cirka 218 minuter.,<url><loc>https://pendlings-app1.t-767929534-cloudflare.workers.dev/?fran=Karlskrona&amp;till=Linköping</loc><changefreq>monthly</changefreq></url>
Karlskrona,Helsingborg,230,156,Avståndet mellan Karlskrona och Helsingborg är 230 km och Karl-Johan Gyllenstorm beräknade körtiden till cirka 156 minuter.,<url><loc>https://pendlings-app1.t-767929534-cloudflare.workers.dev/?fran=Karlskrona&amp;till=Helsingborg</loc><changefreq>monthly</changefreq></url>
Karlskrona,Jönköping,255,173,Avståndet mellan Karlskrona och Jönköping är 255 km och Karl-Johan Gyllenstorm beräknade körtiden till cirka 173 minuter.,<url><loc>https://pendlings-app1.t-767929534-cloudflare.workers.dev/?fran=Karlskrona&amp;till=Jönköping</loc><changefreq>monthly</changefreq></url>
Karlskrona,Norrköping,348,237,Avståndet mellan Karlskrona och Norrköping är 348 km och Karl-Johan Gyllenstorm beräknade körtiden till cirka 237 minuter.,<url><loc>https://pendlings-app1.t-767929534-cloudflare.workers.dev/?fran=Karlskrona&amp;till=Norrköping</loc><changefreq>monthly</changefreq></url>
Karlskrona,Lund,201,137,Avståndet mellan Karlskrona och Lund är 201 km och Karl-Johan Gyllenstorm beräknade körtiden till cirka 137 minuter.,<url><loc>https://pendlings-app1.t-767929534-cloudflare.workers.dev/?fran=Karlskrona&amp;till=Lund</loc><changefreq>monthly</changefreq></url>
Karlskrona,Umeå,1139,776,Avståndet mellan Karlskrona och Umeå är 1139 km och Karl-Johan Gyllenstorm beräknade körtiden till cirka 776 minuter.,<url><loc>https://pendlings-app1.t-767929534-cloudflare.workers.dev/?fran=Karlskrona&amp;till=Umeå</loc><changefreq>monthly</changefreq></url>
Karlskrona,Gävle,652,444,Avståndet mellan Karlskrona och Gävle är 652 km och Karl-Johan Gyllenstorm beräknade körtiden till cirka 444 minuter.,<url><loc>https://pendlings-app1.t-767929534-cloudflare.workers.dev/?fran=Karlskrona&amp;till=Gävle</loc><changefreq>monthly</changefreq></url>
Karlskrona,Borås,302,205,Avståndet mellan Karlskrona och Borås är 302 km och Karl-Johan Gyllenstorm beräknade körtiden till cirka 205 minuter.,<url><loc>https://pendlings-app1.t-767929534-cloudflare.workers.dev/?fran=Karlskrona&amp;till=Borås</loc><changefreq>monthly</changefreq></url>
Karlskrona,Södertälje,458,312,Avståndet mellan Karlskrona och Södertälje är 458 km och Karl-Johan Gyllenstorm beräknade körtiden till cirka 312 minuter.,<url><loc>https://pendlings-app1.t-767929534-cloudflare.workers.dev/?fran=Karlskrona&amp;till=Södertälje</loc><changefreq>monthly</changefreq></url>
Karlskrona,Eskilstuna,462,315,Avståndet mellan Karlskrona och Eskilstuna är 462 km och Karl-Johan Gyllenstorm beräknade körtiden till cirka 315 minuter.,<url><loc>https://pendlings-app1.t-767929534-cloudflare.workers.dev/?fran=Karlskrona&amp;till=Eskilstuna</loc><changefreq>monthly</changefreq></url>
Karlskrona,Halmstad,226,154,Avståndet mellan Karlskrona och Halmstad är 226 km och Karl-Johan Gyllenstorm beräknade körtiden till cirka 154 minuter.,<url><loc>https://pendlings-app1.t-767929534-cloudflare.workers.dev/?fran=Karlskrona&amp;till=Halmstad</loc><changefreq>monthly</changefreq></url>
Karlskrona,Växjö,118,80,Avståndet mellan Karlskrona och Växjö är 118 km och Karl-Johan Gyllenstorm beräknade körtiden till cirka 80 minuter.,<url><loc>https://pendlings-app1.t-767929534-cloudflare.workers.dev/?fran=Karlskrona&amp;till=Växjö</loc><changefreq>monthly</changefreq></url>
Karlskrona,Karlstad,484,330,Avståndet mellan Karlskrona och Karlstad är 484 km och Karl-Johan Gyllenstorm beräknade körtiden till cirka 330 minuter.,<url><loc>https://pendlings-app1.t-767929534-cloudflare.workers.dev/?fran=Karlskrona&amp;till=Karlstad</loc><changefreq>monthly</changefreq></url>
Karlskrona,Piteå,1364,930,Avståndet mellan Karlskrona och Piteå är 1364 km och Karl-Johan Gyllenstorm beräknade körtiden till cirka 930 minuter.,<url><loc>https://pendlings-app1.t-767929534-cloudflare.workers.dev/?fran=Karlskrona&amp;till=Piteå</loc><changefreq>monthly</changefreq></url>
Karlskrona,Luleå,1414,964,Avståndet mellan Karlskrona och Luleå är 1414 km och Karl-Johan Gyllenstorm beräknade körtiden till cirka 964 minuter.,<url><loc>https://pendlings-app1.t-767929534-cloudflare.workers.dev/?fran=Karlskrona&amp;till=Luleå</loc><changefreq>monthly</changefreq></url>
Karlskrona,Trollhättan,394,268,Avståndet mellan Karlskrona och Trollhättan är 394 km och Karl-Johan Gyllenstorm beräknade körtiden till cirka 268 minuter.,<url><loc>https://pendlings-app1.t-767929534-cloudflare.workers.dev/?fran=Karlskrona&amp;till=Trollhättan</loc><changefreq>monthly</changefreq></url>
Karlskrona,Östersund,1000,681,Avståndet mellan Karlskrona och Östersund är 1000 km och Karl-Johan Gyllenstorm beräknade körtiden till cirka 681 minuter.,<url><loc>https://pendlings-app1.t-767929534-cloudflare.workers.dev/?fran=Karlskrona&amp;till=Östersund</loc><changefreq>monthly</changefreq></url>
Karlskrona,Borlänge,615,419,Avståndet mellan Karlskrona och Borlänge är 615 km och Karl-Johan Gyllenstorm beräknade körtiden till cirka 419 minuter.,<url><loc>https://pendlings-app1.t-767929534-cloudflare.workers.dev/?fran=Karlskrona&amp;till=Borlänge</loc><changefreq>monthly</changefreq></url>
Karlskrona,Falun,632,430,Avståndet mellan Karlskrona och Falun är 632 km och Karl-Johan Gyllenstorm beräknade körtiden till cirka 430 minuter.,<url><loc>https://pendlings-app1.t-767929534-cloudflare.workers.dev/?fran=Karlskrona&amp;till=Falun</loc><changefreq>monthly</changefreq></url>
Karlskrona,Kalmar,93,79,Avståndet mellan Karlskrona och Kalmar är 93 km och Karl-Johan Gyllenstorm beräknade körtiden till cirka 79 minuter.,<url><loc>https://pendlings-app1.t-767929534-cloudflare.workers.dev/?fran=Karlskrona&amp;till=Kalmar</loc><changefreq>monthly</changefreq></url>
Karlskrona,Skövde,344,234,Avståndet mellan Karlskrona och Skövde är 344 km och Karl-Johan Gyllenstorm beräknade körtiden till cirka 234 minuter.,<url><loc>https://pendlings-app1.t-767929534-cloudflare.workers.dev/?fran=Karlskrona&amp;till=Skövde</loc><changefreq>monthly</changefreq></url>
Karlskrona,Kristianstad,115,78,Avståndet mellan Karlskrona och Kristianstad är 115 km och Karl-Johan Gyllenstorm beräknade körtiden till cirka 78 minuter.,<url><loc>https://pendlings-app1.t-767929534-cloudflare.workers.dev/?fran=Karlskrona&amp;till=Kristianstad</loc><changefreq>monthly</changefreq></url>
Karlskrona,Skellefteå,1278,871,Avståndet mellan Karlskrona och Skellefteå är 1278 km och Karl-Johan Gyllenstorm beräknade körtiden till cirka 871 minuter.,<url><loc>https://pendlings-app1.t-767929534-cloudflare.workers.dev/?fran=Karlskrona&amp;till=Skellefteå</loc><changefreq>monthly</changefreq></url>
Karlskrona,Uddevalla,419,285,Avståndet mellan Karlskrona och Uddevalla är 419 km och Karl-Johan Gyllenstorm beräknade körtiden till cirka 285 minuter.,<url><loc>https://pendlings-app1.t-767929534-cloudflare.workers.dev/?fran=Karlskrona&amp;till=Uddevalla</loc><changefreq>monthly</changefreq></url>
Karlskrona,Varberg,293,199,Avståndet mellan Karlskrona och Varberg är 293 km och Karl-Johan Gyllenstorm beräknade körtiden till cirka 199 minuter.,<url><loc>https://pendlings-app1.t-767929534-cloudflare.workers.dev/?fran=Karlskrona&amp;till=Varberg</loc><changefreq>monthly</changefreq></url>
Karlskrona,Motala,340,231,Avståndet mellan Karlskrona och Motala är 340 km och Karl-Johan Gyllenstorm beräknade körtiden till cirka 231 minuter.,<url><loc>https://pendlings-app1.t-767929534-cloudflare.workers.dev/?fran=Karlskrona&amp;till=Motala</loc><changefreq>monthly</changefreq></url>
Karlskrona,Enköping,507,345,Avståndet mellan Karlskrona och Enköping är 507 km och Karl-Johan Gyllenstorm beräknade körtiden till cirka 345 minuter.,<url><loc>https://pendlings-app1.t-767929534-cloudflare.workers.dev/?fran=Karlskrona&amp;till=Enköping</loc><changefreq>monthly</changefreq></url>
Karlskrona,Örnsköldsvik,1039,708,Avståndet mellan Karlskrona och Örnsköldsvik är 1039 km och Karl-Johan Gyllenstorm beräknade körtiden till cirka 708 minuter.,<url><loc>https://pendlings-app1.t-767929534-cloudflare.workers.dev/?fran=Karlskrona&amp;till=Örnsköldsvik</loc><changefreq>monthly</changefreq></url>
Karlskrona,Nyköping,384,261,Avståndet mellan Karlskrona och Nyköping är 384 km och Karl-Johan Gyllenstorm beräknade körtiden till cirka 261 minuter.,<url><loc>https://pendlings-app1.t-767929534-cloudflare.workers.dev/?fran=Karlskrona&amp;till=Nyköping</loc><changefreq>monthly</changefreq></url>
Karlskrona,Karlshamn,57,48,Avståndet mellan Karlskrona och Karlshamn är 57 km och Karl-Johan Gyllenstorm beräknade körtiden till cirka 48 minuter.,<url><loc>https://pendlings-app1.t-767929534-cloudflare.workers.dev/?fran=Karlskrona&amp;till=Karlshamn</loc><changefreq>monthly</changefreq></url>
Karlskrona,Västervik,241,164,Avståndet mellan Karlskrona och Västervik är 241 km och Karl-Johan Gyllenstorm beräknade körtiden till cirka 164 minuter.,<url><loc>https://pendlings-app1.t-767929534-cloudflare.workers.dev/?fran=Karlskrona&amp;till=Västervik</loc><changefreq>monthly</changefreq></url>
Karlskrona,Eslöv,187,127,Avståndet mellan Karlskrona och Eslöv är 187 km och Karl-Johan Gyllenstorm beräknade körtiden till cirka 127 minuter.,<url><loc>https://pendlings-app1.t-767929534-cloudflare.workers.dev/?fran=Karlskrona&amp;till=Eslöv</loc><changefreq>monthly</changefreq></url>
Karlskrona,Härnösand,936,638,Avståndet mellan Karlskrona och Härnösand är 936 km och Karl-Johan Gyllenstorm beräknade körtiden till cirka 638 minuter.,<url><loc>https://pendlings-app1.t-767929534-cloudflare.workers.dev/?fran=Karlskrona&amp;till=Härnösand</loc><changefreq>monthly</changefreq></url>
Karlskrona,Ystad,175,119,Avståndet mellan Karlskrona och Ystad är 175 km och Karl-Johan Gyllenstorm beräknade körtiden till cirka 119 minuter.,<url><loc>https://pendlings-app1.t-767929534-cloudflare.workers.dev/?fran=Karlskrona&amp;till=Ystad</loc><changefreq>monthly</changefreq></url>
Karlskrona,Katrineholm,406,276,Avståndet mellan Karlskrona och Katrineholm är 406 km och Karl-Johan Gyllenstorm beräknade körtiden till cirka 276 minuter.,<url><loc>https://pendlings-app1.t-767929534-cloudflare.workers.dev/?fran=Karlskrona&amp;till=Katrineholm</loc><changefreq>monthly</changefreq></url>
Karlskrona,Mariestad,386,263,Avståndet mellan Karlskrona och Mariestad är 386 km och Karl-Johan Gyllenstorm beräknade körtiden till cirka 263 minuter.,<url><loc>https://pendlings-app1.t-767929534-cloudflare.workers.dev/?fran=Karlskrona&amp;till=Mariestad</loc><changefreq>monthly</changefreq></url>
Karlskrona,Lidköping,381,259,Avståndet mellan Karlskrona och Lidköping är 381 km och Karl-Johan Gyllenstorm beräknade körtiden till cirka 259 minuter.,<url><loc>https://pendlings-app1.t-767929534-cloudflare.workers.dev/?fran=Karlskrona&amp;till=Lidköping</loc><changefreq>monthly</changefreq></url>
Karlskrona,Vänersborg,402,274,Avståndet mellan Karlskrona och Vänersborg är 402 km och Karl-Johan Gyllenstorm beräknade körtiden till cirka 274 minuter.,<url><loc>https://pendlings-app1.t-767929534-cloudflare.workers.dev/?fran=Karlskrona&amp;till=Vänersborg</loc><changefreq>monthly</changefreq></url>
Karlskrona,Värnamo,189,128,Avståndet mellan Karlskrona och Värnamo är 189 km och Karl-Johan Gyllenstorm beräknade körtiden till cirka 128 minuter.,<url><loc>https://pendlings-app1.t-767929534-cloudflare.workers.dev/?fran=Karlskrona&amp;till=Värnamo</loc><changefreq>monthly</changefreq></url>
Karlskrona,Kiruna,1691,1152,Avståndet mellan Karlskrona och Kiruna är 1691 km och Karl-Johan Gyllenstorm beräknade körtiden till cirka 1152 minuter.,<url><loc>https://pendlings-app1.t-767929534-cloudflare.workers.dev/?fran=Karlskrona&amp;till=Kiruna</loc><changefreq>monthly</changefreq></url>
Karlskrona,Hudiksvall,800,545,Avståndet mellan Karlskrona och Hudiksvall är 800 km och Karl-Johan Gyllenstorm beräknade körtiden till cirka 545 minuter.,<url><loc>https://pendlings-app1.t-767929534-cloudflare.workers.dev/?fran=Karlskrona&amp;till=Hudiksvall</loc><changefreq>monthly</changefreq></url>
Karlskrona,Falkenberg,264,180,Avståndet mellan Karlskrona och Falkenberg är 264 km och Karl-Johan Gyllenstorm beräknade körtiden till cirka 180 minuter.,<url><loc>https://pendlings-app1.t-767929534-cloudflare.workers.dev/?fran=Karlskrona&amp;till=Falkenberg</loc><changefreq>monthly</changefreq></url>
Karlskrona,Visby,417,382,Avståndet mellan Karlskrona och Visby är 417 km och Karl-Johan Gyllenstorm beräknade körtiden till cirka 382 minuter.,<url><loc>https://pendlings-app1.t-767929534-cloudflare.workers.dev/?fran=Karlskrona&amp;till=Visby</loc><changefreq>monthly</changefreq></url>
Skellefteå,Stockholm,795,542,Avståndet mellan Skellefteå och Stockholm är 795 km och Karl-Johan Gyllenstorm beräknade körtiden till cirka 542 minuter.,<url><loc>https://pendlings-app1.t-767929534-cloudflare.workers.dev/?fran=Skellefteå&amp;till=Stockholm</loc><changefreq>monthly</changefreq></url>
Skellefteå,Göteborg,1173,799,Avståndet mellan Skellefteå och Göteborg är 1173 km och Karl-Johan Gyllenstorm beräknade körtiden till cirka 799 minuter.,<url><loc>https://pendlings-app1.t-767929534-cloudflare.workers.dev/?fran=Skellefteå&amp;till=Göteborg</loc><changefreq>monthly</changefreq></url>
Skellefteå,Malmö,1415,964,Avståndet mellan Skellefteå och Malmö är 1415 km och Karl-Johan Gyllenstorm beräknade körtiden till cirka 964 minuter.,<url><loc>https://pendlings-app1.t-767929534-cloudflare.workers.dev/?fran=Skellefteå&amp;till=Malmö</loc><changefreq>monthly</changefreq></url>
Skellefteå,Uppsala,729,497,Avståndet mellan Skellefteå och Uppsala är 729 km och Karl-Johan Gyllenstorm beräknade körtiden till cirka 497 minuter.,<url><loc>https://pendlings-app1.t-767929534-cloudflare.workers.dev/?fran=Skellefteå&amp;till=Uppsala</loc><changefreq>monthly</changefreq></url>
Skellefteå,Västerås,787,536,Avståndet mellan Skellefteå och Västerås är 787 km och Karl-Johan Gyllenstorm beräknade körtiden till cirka 536 minuter.,<url><loc>https://pendlings-app1.t-767929534-cloudflare.workers.dev/?fran=Skellefteå&amp;till=Västerås</loc><changefreq>monthly</changefreq></url>
Skellefteå,Örebro,867,591,Avståndet mellan Skellefteå och Örebro är 867 km och Karl-Johan Gyllenstorm beräknade körtiden till cirka 591 minuter.,<url><loc>https://pendlings-app1.t-767929534-cloudflare.workers.dev/?fran=Skellefteå&amp;till=Örebro</loc><changefreq>monthly</changefreq></url>
Skellefteå,Linköping,971,662,Avståndet mellan Skellefteå och Linköping är 971 km och Karl-Johan Gyllenstorm beräknade körtiden till cirka 662 minuter.,<url><loc>https://pendlings-app1.t-767929534-cloudflare.workers.dev/?fran=Skellefteå&amp;till=Linköping</loc><changefreq>monthly</changefreq></url>
Skellefteå,Helsingborg,1365,930,Avståndet mellan Skellefteå och Helsingborg är 1365 km och Karl-Johan Gyllenstorm beräknade körtiden till cirka 930 minuter.,<url><loc>https://pendlings-app1.t-767929534-cloudflare.workers.dev/?fran=Skellefteå&amp;till=Helsingborg</loc><changefreq>monthly</changefreq></url>
Skellefteå,Jönköping,1093,745,Avståndet mellan Skellefteå och Jönköping är 1093 km och Karl-Johan Gyllenstorm beräknade körtiden till cirka 745 minuter.,<url><loc>https://pendlings-app1.t-767929534-cloudflare.workers.dev/?fran=Skellefteå&amp;till=Jönköping</loc><changefreq>monthly</changefreq></url>
Skellefteå,Norrköping,933,636,Avståndet mellan Skellefteå och Norrköping är 933 km och Karl-Johan Gyllenstorm beräknade körtiden till cirka 636 minuter.,<url><loc>https://pendlings-app1.t-767929534-cloudflare.workers.dev/?fran=Skellefteå&amp;till=Norrköping</loc><changefreq>monthly</changefreq></url>
Skellefteå,Lund,1397,952,Avståndet mellan Skellefteå och Lund är 1397 km och Karl-Johan Gyllenstorm beräknade körtiden till cirka 952 minuter.,<url><loc>https://pendlings-app1.t-767929534-cloudflare.workers.dev/?fran=Skellefteå&amp;till=Lund</loc><changefreq>monthly</changefreq></url>
Skellefteå,Umeå,138,94,Avståndet mellan Skellefteå och Umeå är 138 km och Karl-Johan Gyllenstorm beräknade körtiden till cirka 94 minuter.,<url><loc>https://pendlings-app1.t-767929534-cloudflare.workers.dev/?fran=Skellefteå&amp;till=Umeå</loc><changefreq>monthly</changefreq></url>
Skellefteå,Gävle,630,429,Avståndet mellan Skellefteå och Gävle är 630 km och Karl-Johan Gyllenstorm beräknade körtiden till cirka 429 minuter.,<url><loc>https://pendlings-app1.t-767929534-cloudflare.workers.dev/?fran=Skellefteå&amp;till=Gävle</loc><changefreq>monthly</changefreq></url>
Skellefteå,Borås,1139,776,Avståndet mellan Skellefteå och Borås är 1139 km och Karl-Johan Gyllenstorm beräknade körtiden till cirka 776 minuter.,<url><loc>https://pendlings-app1.t-767929534-cloudflare.workers.dev/?fran=Skellefteå&amp;till=Borås</loc><changefreq>monthly</changefreq></url>
Skellefteå,Södertälje,821,559,Avståndet mellan Skellefteå och Södertälje är 821 km och Karl-Johan Gyllenstorm beräknade körtiden till cirka 559 minuter.,<url><loc>https://pendlings-app1.t-767929534-cloudflare.workers.dev/?fran=Skellefteå&amp;till=Södertälje</loc><changefreq>monthly</changefreq></url>
Skellefteå,Eskilstuna,820,559,Avståndet mellan Skellefteå och Eskilstuna är 820 km och Karl-Johan Gyllenstorm beräknade körtiden till cirka 559 minuter.,<url><loc>https://pendlings-app1.t-767929534-cloudflare.workers.dev/?fran=Skellefteå&amp;till=Eskilstuna</loc><changefreq>monthly</changefreq></url>
Skellefteå,Halmstad,1277,870,Avståndet mellan Skellefteå och Halmstad är 1277 km och Karl-Johan Gyllenstorm beräknade körtiden till cirka 870 minuter.,<url><loc>https://pendlings-app1.t-767929534-cloudflare.workers.dev/?fran=Skellefteå&amp;till=Halmstad</loc><changefreq>monthly</changefreq></url>
Skellefteå,Växjö,1197,816,Avståndet mellan Skellefteå och Växjö är 1197 km och Karl-Johan Gyllenstorm beräknade körtiden till cirka 816 minuter.,<url><loc>https://pendlings-app1.t-767929534-cloudflare.workers.dev/?fran=Skellefteå&amp;till=Växjö</loc><changefreq>monthly</changefreq></url>
Skellefteå,Karlstad,910,620,Avståndet mellan Skellefteå och Karlstad är 910 km och Karl-Johan Gyllenstorm beräknade körtiden till cirka 620 minuter.,<url><loc>https://pendlings-app1.t-767929534-cloudflare.workers.dev/?fran=Skellefteå&amp;till=Karlstad</loc><changefreq>monthly</changefreq></url>
Skellefteå,Piteå,86,73,Avståndet mellan Skellefteå och Piteå är 86 km och Karl-Johan Gyllenstorm beräknade körtiden till cirka 73 minuter.,<url><loc>https://pendlings-app1.t-767929534-cloudflare.workers.dev/?fran=Skellefteå&amp;till=Piteå</loc><changefreq>monthly</changefreq></url>
Skellefteå,Luleå,138,94,Avståndet mellan Skellefteå och Luleå är 138 km och Karl-Johan Gyllenstorm beräknade körtiden till cirka 94 minuter.,<url><loc>https://pendlings-app1.t-767929534-cloudflare.workers.dev/?fran=Skellefteå&amp;till=Luleå</loc><changefreq>monthly</changefreq></url>
Skellefteå,Trollhättan,1090,743,Avståndet mellan Skellefteå och Trollhättan är 1090 km och Karl-Johan Gyllenstorm beräknade körtiden till cirka 743 minuter.,<url><loc>https://pendlings-app1.t-767929534-cloudflare.workers.dev/?fran=Skellefteå&amp;till=Trollhättan</loc><changefreq>monthly</changefreq></url>
Skellefteå,Östersund,453,308,Avståndet mellan Skellefteå och Östersund är 453 km och Karl-Johan Gyllenstorm beräknade körtiden till cirka 308 minuter.,<url><loc>https://pendlings-app1.t-767929534-cloudflare.workers.dev/?fran=Skellefteå&amp;till=Östersund</loc><changefreq>monthly</changefreq></url>
Skellefteå,Borlänge,705,480,Avståndet mellan Skellefteå och Borlänge är 705 km och Karl-Johan Gyllenstorm beräknade körtiden till cirka 480 minuter.,<url><loc>https://pendlings-app1.t-767929534-cloudflare.workers.dev/?fran=Skellefteå&amp;till=Borlänge</loc><changefreq>monthly</changefreq></url>
Skellefteå,Falun,684,466,Avståndet mellan Skellefteå och Falun är 684 km och Karl-Johan Gyllenstorm beräknade körtiden till cirka 466 minuter.,<url><loc>https://pendlings-app1.t-767929534-cloudflare.workers.dev/?fran=Skellefteå&amp;till=Falun</loc><changefreq>monthly</changefreq></url>
Skellefteå,Kalmar,1193,813,Avståndet mellan Skellefteå och Kalmar är 1193 km och Karl-Johan Gyllenstorm beräknade körtiden till cirka 813 minuter.,<url><loc>https://pendlings-app1.t-767929534-cloudflare.workers.dev/?fran=Skellefteå&amp;till=Kalmar</loc><changefreq>monthly</changefreq></url>
Skellefteå,Skövde,1023,697,Avståndet mellan Skellefteå och Skövde är 1023 km och Karl-Johan Gyllenstorm beräknade körtiden till cirka 697 minuter.,<url><loc>https://pendlings-app1.t-767929534-cloudflare.workers.dev/?fran=Skellefteå&amp;till=Skövde</loc><changefreq>monthly</changefreq></url>
Skellefteå,Kristianstad,1328,905,Avståndet mellan Skellefteå och Kristianstad är 1328 km och Karl-Johan Gyllenstorm beräknade körtiden till cirka 905 minuter.,<url><loc>https://pendlings-app1.t-767929534-cloudflare.workers.dev/?fran=Skellefteå&amp;till=Kristianstad</loc><changefreq>monthly</changefreq></url>
Skellefteå,Karlskrona,1278,871,Avståndet mellan Skellefteå och Karlskrona är 1278 km och Karl-Johan Gyllenstorm beräknade körtiden till cirka 871 minuter.,<url><loc>https://pendlings-app1.t-767929534-cloudflare.workers.dev/?fran=Skellefteå&amp;till=Karlskrona</loc><changefreq>monthly</changefreq></url>
Skellefteå,Uddevalla,1094,745,Avståndet mellan Skellefteå och Uddevalla är 1094 km och Karl-Johan Gyllenstorm beräknade körtiden till cirka 745 minuter.,<url><loc>https://pendlings-app1.t-767929534-cloudflare.workers.dev/?fran=Skellefteå&amp;till=Uddevalla</loc><changefreq>monthly</changefreq></url>
Skellefteå,Varberg,1240,845,Avståndet mellan Skellefteå och Varberg är 1240 km och Karl-Johan Gyllenstorm beräknade körtiden till cirka 845 minuter.,<url><loc>https://pendlings-app1.t-767929534-cloudflare.workers.dev/?fran=Skellefteå&amp;till=Varberg</loc><changefreq>monthly</changefreq></url>
Skellefteå,Motala,969,660,Avståndet mellan Skellefteå och Motala är 969 km och Karl-Johan Gyllenstorm beräknade körtiden till cirka 660 minuter.,<url><loc>https://pendlings-app1.t-767929534-cloudflare.workers.dev/?fran=Skellefteå&amp;till=Motala</loc><changefreq>monthly</changefreq></url>
Skellefteå,Enköping,771,525,Avståndet mellan Skellefteå och Enköping är 771 km och Karl-Johan Gyllenstorm beräknade körtiden till cirka 525 minuter.,<url><loc>https://pendlings-app1.t-767929534-cloudflare.workers.dev/?fran=Skellefteå&amp;till=Enköping</loc><changefreq>monthly</changefreq></url>
Skellefteå,Örnsköldsvik,250,170,Avståndet mellan Skellefteå och Örnsköldsvik är 250 km och Karl-Johan Gyllenstorm beräknade körtiden till cirka 170 minuter.,<url><loc>https://pendlings-app1.t-767929534-cloudflare.workers.dev/?fran=Skellefteå&amp;till=Örnsköldsvik</loc><changefreq>monthly</changefreq></url>
Skellefteå,Nyköping,893,608,Avståndet mellan Skellefteå och Nyköping är 893 km och Karl-Johan Gyllenstorm beräknade körtiden till cirka 608 minuter.,<url><loc>https://pendlings-app1.t-767929534-cloudflare.workers.dev/?fran=Skellefteå&amp;till=Nyköping</loc><changefreq>monthly</changefreq></url>
Skellefteå,Karlshamn,1292,880,Avståndet mellan Skellefteå och Karlshamn är 1292 km och Karl-Johan Gyllenstorm beräknade körtiden till cirka 880 minuter.,<url><loc>https://pendlings-app1.t-767929534-cloudflare.workers.dev/?fran=Skellefteå&amp;till=Karlshamn</loc><changefreq>monthly</changefreq></url>
Skellefteå,Västervik,1037,707,Avståndet mellan Skellefteå och Västervik är 1037 km och Karl-Johan Gyllenstorm beräknade körtiden till cirka 707 minuter.,<url><loc>https://pendlings-app1.t-767929534-cloudflare.workers.dev/?fran=Skellefteå&amp;till=Västervik</loc><changefreq>monthly</changefreq></url>
Skellefteå,Eslöv,1376,938,Avståndet mellan Skellefteå och Eslöv är 1376 km och Karl-Johan Gyllenstorm beräknade körtiden till cirka 938 minuter.,<url><loc>https://pendlings-app1.t-767929534-cloudflare.workers.dev/?fran=Skellefteå&amp;till=Eslöv</loc><changefreq>monthly</changefreq></url>
Skellefteå,Härnösand,356,242,Avståndet mellan Skellefteå och Härnösand är 356 km och Karl-Johan Gyllenstorm beräknade körtiden till cirka 242 minuter.,<url><loc>https://pendlings-app1.t-767929534-cloudflare.workers.dev/?fran=Skellefteå&amp;till=Härnösand</loc><changefreq>monthly</changefreq></url>
Skellefteå,Ystad,1417,966,Avståndet mellan Skellefteå och Ystad är 1417 km och Karl-Johan Gyllenstorm beräknade körtiden till cirka 966 minuter.,<url><loc>https://pendlings-app1.t-767929534-cloudflare.workers.dev/?fran=Skellefteå&amp;till=Ystad</loc><changefreq>monthly</changefreq></url>
Skellefteå,Katrineholm,878,598,Avståndet mellan Skellefteå och Katrineholm är 878 km och Karl-Johan Gyllenstorm beräknade körtiden till cirka 598 minuter.,<url><loc>https://pendlings-app1.t-767929534-cloudflare.workers.dev/?fran=Skellefteå&amp;till=Katrineholm</loc><changefreq>monthly</changefreq></url>
Skellefteå,Mariestad,983,670,Avståndet mellan Skellefteå och Mariestad är 983 km och Karl-Johan Gyllenstorm beräknade körtiden till cirka 670 minuter.,<url><loc>https://pendlings-app1.t-767929534-cloudflare.workers.dev/?fran=Skellefteå&amp;till=Mariestad</loc><changefreq>monthly</changefreq></url>
Skellefteå,Lidköping,1032,703,Avståndet mellan Skellefteå och Lidköping är 1032 km och Karl-Johan Gyllenstorm beräknade körtiden till cirka 703 minuter.,<url><loc>https://pendlings-app1.t-767929534-cloudflare.workers.dev/?fran=Skellefteå&amp;till=Lidköping</loc><changefreq>monthly</changefreq></url>
Skellefteå,Vänersborg,1077,734,Avståndet mellan Skellefteå och Vänersborg är 1077 km och Karl-Johan Gyllenstorm beräknade körtiden till cirka 734 minuter.,<url><loc>https://pendlings-app1.t-767929534-cloudflare.workers.dev/?fran=Skellefteå&amp;till=Vänersborg</loc><changefreq>monthly</changefreq></url>
Skellefteå,Värnamo,1176,801,Avståndet mellan Skellefteå och Värnamo är 1176 km och Karl-Johan Gyllenstorm beräknade körtiden till cirka 801 minuter.,<url><loc>https://pendlings-app1.t-767929534-cloudflare.workers.dev/?fran=Skellefteå&amp;till=Värnamo</loc><changefreq>monthly</changefreq></url>
Skellefteå,Kiruna,443,302,Avståndet mellan Skellefteå och Kiruna är 443 km och Karl-Johan Gyllenstorm beräknade körtiden till cirka 302 minuter.,<url><loc>https://pendlings-app1.t-767929534-cloudflare.workers.dev/?fran=Skellefteå&amp;till=Kiruna</loc><changefreq>monthly</changefreq></url>
Skellefteå,Hudiksvall,495,337,Avståndet mellan Skellefteå och Hudiksvall är 495 km och Karl-Johan Gyllenstorm beräknade körtiden till cirka 337 minuter.,<url><loc>https://pendlings-app1.t-767929534-cloudflare.workers.dev/?fran=Skellefteå&amp;till=Hudiksvall</loc><changefreq>monthly</changefreq></url>
Skellefteå,Falkenberg,1259,858,Avståndet mellan Skellefteå och Falkenberg är 1259 km och Karl-Johan Gyllenstorm beräknade körtiden till cirka 858 minuter.,<url><loc>https://pendlings-app1.t-767929534-cloudflare.workers.dev/?fran=Skellefteå&amp;till=Falkenberg</loc><changefreq>monthly</changefreq></url>
Skellefteå,Visby,1148,880,Avståndet mellan Skellefteå och Visby är 1148 km och Karl-Johan Gyllenstorm beräknade körtiden till cirka 880 minuter.,<url><loc>https://pendlings-app1.t-767929534-cloudflare.workers.dev/?fran=Skellefteå&amp;till=Visby</loc><changefreq>monthly</changefreq></url>
Uddevalla,Stockholm,471,321,Avståndet mellan Uddevalla och Stockholm är 471 km och Karl-Johan Gyllenstorm beräknade körtiden till cirka 321 minuter.,<url><loc>https://pendlings-app1.t-767929534-cloudflare.workers.dev/?fran=Uddevalla&amp;till=Stockholm</loc><changefreq>monthly</changefreq></url>
Uddevalla,Göteborg,91,78,Avståndet mellan Uddevalla och Göteborg är 91 km och Karl-Johan Gyllenstorm beräknade körtiden till cirka 78 minuter.,<url><loc>https://pendlings-app1.t-767929534-cloudflare.workers.dev/?fran=Uddevalla&amp;till=Göteborg</loc><changefreq>monthly</changefreq></url>
Uddevalla,Malmö,399,272,Avståndet mellan Uddevalla och Malmö är 399 km och Karl-Johan Gyllenstorm beräknade körtiden till cirka 272 minuter.,<url><loc>https://pendlings-app1.t-767929534-cloudflare.workers.dev/?fran=Uddevalla&amp;till=Malmö</loc><changefreq>monthly</changefreq></url>
Uddevalla,Uppsala,468,319,Avståndet mellan Uddevalla och Uppsala är 468 km och Karl-Johan Gyllenstorm beräknade körtiden till cirka 319 minuter.,<url><loc>https://pendlings-app1.t-767929534-cloudflare.workers.dev/?fran=Uddevalla&amp;till=Uppsala</loc><changefreq>monthly</changefreq></url>
Uddevalla,Västerås,382,260,Avståndet mellan Uddevalla och Västerås är 382 km och Karl-Johan Gyllenstorm beräknade körtiden till cirka 260 minuter.,<url><loc>https://pendlings-app1.t-767929534-cloudflare.workers.dev/?fran=Uddevalla&amp;till=Västerås</loc><changefreq>monthly</changefreq></url>
Uddevalla,Örebro,274,186,Avståndet mellan Uddevalla och Örebro är 274 km och Karl-Johan Gyllenstorm beräknade körtiden till cirka 186 minuter.,<url><loc>https://pendlings-app1.t-767929534-cloudflare.workers.dev/?fran=Uddevalla&amp;till=Örebro</loc><changefreq>monthly</changefreq></url>
Uddevalla,Linköping,274,186,Avståndet mellan Uddevalla och Linköping är 274 km och Karl-Johan Gyllenstorm beräknade körtiden till cirka 186 minuter.,<url><loc>https://pendlings-app1.t-767929534-cloudflare.workers.dev/?fran=Uddevalla&amp;till=Linköping</loc><changefreq>monthly</changefreq></url>
Uddevalla,Helsingborg,333,227,Avståndet mellan Uddevalla och Helsingborg är 333 km och Karl-Johan Gyllenstorm beräknade körtiden till cirka 227 minuter.,<url><loc>https://pendlings-app1.t-767929534-cloudflare.workers.dev/?fran=Uddevalla&amp;till=Helsingborg</loc><changefreq>monthly</changefreq></url>
Uddevalla,Jönköping,185,126,Avståndet mellan Uddevalla och Jönköping är 185 km och Karl-Johan Gyllenstorm beräknade körtiden till cirka 126 minuter.,<url><loc>https://pendlings-app1.t-767929534-cloudflare.workers.dev/?fran=Uddevalla&amp;till=Jönköping</loc><changefreq>monthly</changefreq></url>
Uddevalla,Norrköping,317,216,Avståndet mellan Uddevalla och Norrköping är 317 km och Karl-Johan Gyllenstorm beräknade körtiden till cirka 216 minuter.,<url><loc>https://pendlings-app1.t-767929534-cloudflare.workers.dev/?fran=Uddevalla&amp;till=Norrköping</loc><changefreq>monthly</changefreq></url>
Uddevalla,Lund,388,264,Avståndet mellan Uddevalla och Lund är 388 km och Karl-Johan Gyllenstorm beräknade körtiden till cirka 264 minuter.,<url><loc>https://pendlings-app1.t-767929534-cloudflare.workers.dev/?fran=Uddevalla&amp;till=Lund</loc><changefreq>monthly</changefreq></url>
Uddevalla,Umeå,965,657,Avståndet mellan Uddevalla och Umeå är 965 km och Karl-Johan Gyllenstorm beräknade körtiden till cirka 657 minuter.,<url><loc>https://pendlings-app1.t-767929534-cloudflare.workers.dev/?fran=Uddevalla&amp;till=Umeå</loc><changefreq>monthly</changefreq></url>
Uddevalla,Gävle,500,340,Avståndet mellan Uddevalla och Gävle är 500 km och Karl-Johan Gyllenstorm beräknade körtiden till cirka 340 minuter.,<url><loc>https://pendlings-app1.t-767929534-cloudflare.workers.dev/?fran=Uddevalla&amp;till=Gävle</loc><changefreq>monthly</changefreq></url>
Uddevalla,Borås,117,79,Avståndet mellan Uddevalla och Borås är 117 km och Karl-Johan Gyllenstorm beräknade körtiden till cirka 79 minuter.,<url><loc>https://pendlings-app1.t-767929534-cloudflare.workers.dev/?fran=Uddevalla&amp;till=Borås</loc><changefreq>monthly</changefreq></url>
Uddevalla,Södertälje,436,297,Avståndet mellan Uddevalla och Södertälje är 436 km och Karl-Johan Gyllenstorm beräknade körtiden till cirka 297 minuter.,<url><loc>https://pendlings-app1.t-767929534-cloudflare.workers.dev/?fran=Uddevalla&amp;till=Södertälje</loc><changefreq>monthly</changefreq></url>
Uddevalla,Eskilstuna,366,249,Avståndet mellan Uddevalla och Eskilstuna är 366 km och Karl-Johan Gyllenstorm beräknade körtiden till cirka 249 minuter.,<url><loc>https://pendlings-app1.t-767929534-cloudflare.workers.dev/?fran=Uddevalla&amp;till=Eskilstuna</loc><changefreq>monthly</changefreq></url>
Uddevalla,Halmstad,248,169,Avståndet mellan Uddevalla och Halmstad är 248 km och Karl-Johan Gyllenstorm beräknade körtiden till cirka 169 minuter.,<url><loc>https://pendlings-app1.t-767929534-cloudflare.workers.dev/?fran=Uddevalla&amp;till=Halmstad</loc><changefreq>monthly</changefreq></url>
Uddevalla,Växjö,302,205,Avståndet mellan Uddevalla och Växjö är 302 km och Karl-Johan Gyllenstorm beräknade körtiden till cirka 205 minuter.,<url><loc>https://pendlings-app1.t-767929534-cloudflare.workers.dev/?fran=Uddevalla&amp;till=Växjö</loc><changefreq>monthly</changefreq></url>
Uddevalla,Karlstad,186,126,Avståndet mellan Uddevalla och Karlstad är 186 km och Karl-Johan Gyllenstorm beräknade körtiden till cirka 126 minuter.,<url><loc>https://pendlings-app1.t-767929534-cloudflare.workers.dev/?fran=Uddevalla&amp;till=Karlstad</loc><changefreq>monthly</changefreq></url>
Uddevalla,Piteå,1177,802,Avståndet mellan Uddevalla och Piteå är 1177 km och Karl-Johan Gyllenstorm beräknade körtiden till cirka 802 minuter.,<url><loc>https://pendlings-app1.t-767929534-cloudflare.workers.dev/?fran=Uddevalla&amp;till=Piteå</loc><changefreq>monthly</changefreq></url>
Uddevalla,Luleå,1232,840,Avståndet mellan Uddevalla och Luleå är 1232 km och Karl-Johan Gyllenstorm beräknade körtiden till cirka 840 minuter.,<url><loc>https://pendlings-app1.t-767929534-cloudflare.workers.dev/?fran=Uddevalla&amp;till=Luleå</loc><changefreq>monthly</changefreq></url>
Uddevalla,Trollhättan,27,23,Avståndet mellan Uddevalla och Trollhättan är 27 km och Karl-Johan Gyllenstorm beräknade körtiden till cirka 23 minuter.,<url><loc>https://pendlings-app1.t-767929534-cloudflare.workers.dev/?fran=Uddevalla&amp;till=Trollhättan</loc><changefreq>monthly</changefreq></url>
Uddevalla,Östersund,711,484,Avståndet mellan Uddevalla och Östersund är 711 km och Karl-Johan Gyllenstorm beräknade körtiden till cirka 484 minuter.,<url><loc>https://pendlings-app1.t-767929534-cloudflare.workers.dev/?fran=Uddevalla&amp;till=Östersund</loc><changefreq>monthly</changefreq></url>
Uddevalla,Borlänge,395,269,Avståndet mellan Uddevalla och Borlänge är 395 km och Karl-Johan Gyllenstorm beräknade körtiden till cirka 269 minuter.,<url><loc>https://pendlings-app1.t-767929534-cloudflare.workers.dev/?fran=Uddevalla&amp;till=Borlänge</loc><changefreq>monthly</changefreq></url>
Uddevalla,Falun,416,283,Avståndet mellan Uddevalla och Falun är 416 km och Karl-Johan Gyllenstorm beräknade körtiden till cirka 283 minuter.,<url><loc>https://pendlings-app1.t-767929534-cloudflare.workers.dev/?fran=Uddevalla&amp;till=Falun</loc><changefreq>monthly</changefreq></url>
Uddevalla,Kalmar,414,282,Avståndet mellan Uddevalla och Kalmar är 414 km och Karl-Johan Gyllenstorm beräknade körtiden till cirka 282 minuter.,<url><loc>https://pendlings-app1.t-767929534-cloudflare.workers.dev/?fran=Uddevalla&amp;till=Kalmar</loc><changefreq>monthly</changefreq></url>
Uddevalla,Skövde,142,96,Avståndet mellan Uddevalla och Skövde är 142 km och Karl-Johan Gyllenstorm beräknade körtiden till cirka 96 minuter.,<url><loc>https://pendlings-app1.t-767929534-cloudflare.workers.dev/?fran=Uddevalla&amp;till=Skövde</loc><changefreq>monthly</changefreq></url>
Uddevalla,Kristianstad,371,252,Avståndet mellan Uddevalla och Kristianstad är 371 km och Karl-Johan Gyllenstorm beräknade körtiden till cirka 252 minuter.,<url><loc>https://pendlings-app1.t-767929534-cloudflare.workers.dev/?fran=Uddevalla&amp;till=Kristianstad</loc><changefreq>monthly</changefreq></url>
Uddevalla,Karlskrona,419,285,Avståndet mellan Uddevalla och Karlskrona är 419 km och Karl-Johan Gyllenstorm beräknade körtiden till cirka 285 minuter.,<url><loc>https://pendlings-app1.t-767929534-cloudflare.workers.dev/?fran=Uddevalla&amp;till=Karlskrona</loc><changefreq>monthly</changefreq></url>
Uddevalla,Skellefteå,1094,745,Avståndet mellan Uddevalla och Skellefteå är 1094 km och Karl-Johan Gyllenstorm beräknade körtiden till cirka 745 minuter.,<url><loc>https://pendlings-app1.t-767929534-cloudflare.workers.dev/?fran=Uddevalla&amp;till=Skellefteå</loc><changefreq>monthly</changefreq></url>
Uddevalla,Varberg,178,121,Avståndet mellan Uddevalla och Varberg är 178 km och Karl-Johan Gyllenstorm beräknade körtiden till cirka 121 minuter.,<url><loc>https://pendlings-app1.t-767929534-cloudflare.workers.dev/?fran=Uddevalla&amp;till=Varberg</loc><changefreq>monthly</changefreq></url>
Uddevalla,Motala,231,157,Avståndet mellan Uddevalla och Motala är 231 km och Karl-Johan Gyllenstorm beräknade körtiden till cirka 157 minuter.,<url><loc>https://pendlings-app1.t-767929534-cloudflare.workers.dev/?fran=Uddevalla&amp;till=Motala</loc><changefreq>monthly</changefreq></url>
Uddevalla,Enköping,418,285,Avståndet mellan Uddevalla och Enköping är 418 km och Karl-Johan Gyllenstorm beräknade körtiden till cirka 285 minuter.,<url><loc>https://pendlings-app1.t-767929534-cloudflare.workers.dev/?fran=Uddevalla&amp;till=Enköping</loc><changefreq>monthly</changefreq></url>
Uddevalla,Örnsköldsvik,844,575,Avståndet mellan Uddevalla och Örnsköldsvik är 844 km och Karl-Johan Gyllenstorm beräknade körtiden till cirka 575 minuter.,<url><loc>https://pendlings-app1.t-767929534-cloudflare.workers.dev/?fran=Uddevalla&amp;till=Örnsköldsvik</loc><changefreq>monthly</changefreq></url>
Uddevalla,Nyköping,380,259,Avståndet mellan Uddevalla och Nyköping är 380 km och Karl-Johan Gyllenstorm beräknade körtiden till cirka 259 minuter.,<url><loc>https://pendlings-app1.t-767929534-cloudflare.workers.dev/?fran=Uddevalla&amp;till=Nyköping</loc><changefreq>monthly</changefreq></url>
Uddevalla,Karlshamn,383,261,Avståndet mellan Uddevalla och Karlshamn är 383 km och Karl-Johan Gyllenstorm beräknade körtiden till cirka 261 minuter.,<url><loc>https://pendlings-app1.t-767929534-cloudflare.workers.dev/?fran=Uddevalla&amp;till=Karlshamn</loc><changefreq>monthly</changefreq></url>
Uddevalla,Västervik,363,247,Avståndet mellan Uddevalla och Västervik är 363 km och Karl-Johan Gyllenstorm beräknade körtiden till cirka 247 minuter.,<url><loc>https://pendlings-app1.t-767929534-cloudflare.workers.dev/?fran=Uddevalla&amp;till=Västervik</loc><changefreq>monthly</changefreq></url>
Uddevalla,Eslöv,372,253,Avståndet mellan Uddevalla och Eslöv är 372 km och Karl-Johan Gyllenstorm beräknade körtiden till cirka 253 minuter.,<url><loc>https://pendlings-app1.t-767929534-cloudflare.workers.dev/?fran=Uddevalla&amp;till=Eslöv</loc><changefreq>monthly</changefreq></url>
Uddevalla,Härnösand,739,503,Avståndet mellan Uddevalla och Härnösand är 739 km och Karl-Johan Gyllenstorm beräknade körtiden till cirka 503 minuter.,<url><loc>https://pendlings-app1.t-767929534-cloudflare.workers.dev/?fran=Uddevalla&amp;till=Härnösand</loc><changefreq>monthly</changefreq></url>
Uddevalla,Ystad,440,300,Avståndet mellan Uddevalla och Ystad är 440 km och Karl-Johan Gyllenstorm beräknade körtiden till cirka 300 minuter.,<url><loc>https://pendlings-app1.t-767929534-cloudflare.workers.dev/?fran=Uddevalla&amp;till=Ystad</loc><changefreq>monthly</changefreq></url>
Uddevalla,Katrineholm,328,223,Avståndet mellan Uddevalla och Katrineholm är 328 km och Karl-Johan Gyllenstorm beräknade körtiden till cirka 223 minuter.,<url><loc>https://pendlings-app1.t-767929534-cloudflare.workers.dev/?fran=Uddevalla&amp;till=Katrineholm</loc><changefreq>monthly</changefreq></url>
Uddevalla,Mariestad,148,100,Avståndet mellan Uddevalla och Mariestad är 148 km och Karl-Johan Gyllenstorm beräknade körtiden till cirka 100 minuter.,<url><loc>https://pendlings-app1.t-767929534-cloudflare.workers.dev/?fran=Uddevalla&amp;till=Mariestad</loc><changefreq>monthly</changefreq></url>
Uddevalla,Lidköping,93,79,Avståndet mellan Uddevalla och Lidköping är 93 km och Karl-Johan Gyllenstorm beräknade körtiden till cirka 79 minuter.,<url><loc>https://pendlings-app1.t-767929534-cloudflare.workers.dev/?fran=Uddevalla&amp;till=Lidköping</loc><changefreq>monthly</changefreq></url>
Uddevalla,Vänersborg,28,24,Avståndet mellan Uddevalla och Vänersborg är 28 km och Karl-Johan Gyllenstorm beräknade körtiden till cirka 24 minuter.,<url><loc>https://pendlings-app1.t-767929534-cloudflare.workers.dev/?fran=Uddevalla&amp;till=Vänersborg</loc><changefreq>monthly</changefreq></url>
Uddevalla,Värnamo,229,156,Avståndet mellan Uddevalla och Värnamo är 229 km och Karl-Johan Gyllenstorm beräknade körtiden till cirka 156 minuter.,<url><loc>https://pendlings-app1.t-767929534-cloudflare.workers.dev/?fran=Uddevalla&amp;till=Värnamo</loc><changefreq>monthly</changefreq></url>
Uddevalla,Kiruna,1451,989,Avståndet mellan Uddevalla och Kiruna är 1451 km och Karl-Johan Gyllenstorm beräknade körtiden till cirka 989 minuter.,<url><loc>https://pendlings-app1.t-767929534-cloudflare.workers.dev/?fran=Uddevalla&amp;till=Kiruna</loc><changefreq>monthly</changefreq></url>
Uddevalla,Hudiksvall,604,411,Avståndet mellan Uddevalla och Hudiksvall är 604 km och Karl-Johan Gyllenstorm beräknade körtiden till cirka 411 minuter.,<url><loc>https://pendlings-app1.t-767929534-cloudflare.workers.dev/?fran=Uddevalla&amp;till=Hudiksvall</loc><changefreq>monthly</changefreq></url>
Uddevalla,Falkenberg,210,143,Avståndet mellan Uddevalla och Falkenberg är 210 km och Karl-Johan Gyllenstorm beräknade körtiden till cirka 143 minuter.,<url><loc>https://pendlings-app1.t-767929534-cloudflare.workers.dev/?fran=Uddevalla&amp;till=Falkenberg</loc><changefreq>monthly</changefreq></url>
Uddevalla,Visby,609,513,Avståndet mellan Uddevalla och Visby är 609 km och Karl-Johan Gyllenstorm beräknade körtiden till cirka 513 minuter.,<url><loc>https://pendlings-app1.t-767929534-cloudflare.workers.dev/?fran=Uddevalla&amp;till=Visby</loc><changefreq>monthly</changefreq></url>
Varberg,Stockholm,538,366,Avståndet mellan Varberg och Stockholm är 538 km och Karl-Johan Gyllenstorm beräknade körtiden till cirka 366 minuter.,<url><loc>https://pendlings-app1.t-767929534-cloudflare.workers.dev/?fran=Varberg&amp;till=Stockholm</loc><changefreq>monthly</changefreq></url>
Varberg,Göteborg,88,75,Avståndet mellan Varberg och Göteborg är 88 km och Karl-Johan Gyllenstorm beräknade körtiden till cirka 75 minuter.,<url><loc>https://pendlings-app1.t-767929534-cloudflare.workers.dev/?fran=Varberg&amp;till=Göteborg</loc><changefreq>monthly</changefreq></url>
Varberg,Malmö,221,150,Avståndet mellan Varberg och Malmö är 221 km och Karl-Johan Gyllenstorm beräknade körtiden till cirka 150 minuter.,<url><loc>https://pendlings-app1.t-767929534-cloudflare.workers.dev/?fran=Varberg&amp;till=Malmö</loc><changefreq>monthly</changefreq></url>
Varberg,Uppsala,560,381,Avståndet mellan Varberg och Uppsala är 560 km och Karl-Johan Gyllenstorm beräknade körtiden till cirka 381 minuter.,<url><loc>https://pendlings-app1.t-767929534-cloudflare.workers.dev/?fran=Varberg&amp;till=Uppsala</loc><changefreq>monthly</changefreq></url>
Varberg,Västerås,479,326,Avståndet mellan Varberg och Västerås är 479 km och Karl-Johan Gyllenstorm beräknade körtiden till cirka 326 minuter.,<url><loc>https://pendlings-app1.t-767929534-cloudflare.workers.dev/?fran=Varberg&amp;till=Västerås</loc><changefreq>monthly</changefreq></url>
Varberg,Örebro,380,259,Avståndet mellan Varberg och Örebro är 380 km och Karl-Johan Gyllenstorm beräknade körtiden till cirka 259 minuter.,<url><loc>https://pendlings-app1.t-767929534-cloudflare.workers.dev/?fran=Varberg&amp;till=Örebro</loc><changefreq>monthly</changefreq></url>
Varberg,Linköping,315,214,Avståndet mellan Varberg och Linköping är 315 km och Karl-Johan Gyllenstorm beräknade körtiden till cirka 214 minuter.,<url><loc>https://pendlings-app1.t-767929534-cloudflare.workers.dev/?fran=Varberg&amp;till=Linköping</loc><changefreq>monthly</changefreq></url>
Varberg,Helsingborg,154,105,Avståndet mellan Varberg och Helsingborg är 154 km och Karl-Johan Gyllenstorm beräknade körtiden till cirka 105 minuter.,<url><loc>https://pendlings-app1.t-767929534-cloudflare.workers.dev/?fran=Varberg&amp;till=Helsingborg</loc><changefreq>monthly</changefreq></url>
Varberg,Jönköping,175,119,Avståndet mellan Varberg och Jönköping är 175 km och Karl-Johan Gyllenstorm beräknade körtiden till cirka 119 minuter.,<url><loc>https://pendlings-app1.t-767929534-cloudflare.workers.dev/?fran=Varberg&amp;till=Jönköping</loc><changefreq>monthly</changefreq></url>
Varberg,Norrköping,365,248,Avståndet mellan Varberg och Norrköping är 365 km och Karl-Johan Gyllenstorm beräknade körtiden till cirka 248 minuter.,<url><loc>https://pendlings-app1.t-767929534-cloudflare.workers.dev/?fran=Varberg&amp;till=Norrköping</loc><changefreq>monthly</changefreq></url>
Varberg,Lund,212,144,Avståndet mellan Varberg och Lund är 212 km och Karl-Johan Gyllenstorm beräknade körtiden till cirka 144 minuter.,<url><loc>https://pendlings-app1.t-767929534-cloudflare.workers.dev/?fran=Varberg&amp;till=Lund</loc><changefreq>monthly</changefreq></url>
Varberg,Umeå,1107,754,Avståndet mellan Varberg och Umeå är 1107 km och Karl-Johan Gyllenstorm beräknade körtiden till cirka 754 minuter.,<url><loc>https://pendlings-app1.t-767929534-cloudflare.workers.dev/?fran=Varberg&amp;till=Umeå</loc><changefreq>monthly</changefreq></url>
Varberg,Gävle,621,423,Avståndet mellan Varberg och Gävle är 621 km och Karl-Johan Gyllenstorm beräknade körtiden till cirka 423 minuter.,<url><loc>https://pendlings-app1.t-767929534-cloudflare.workers.dev/?fran=Varberg&amp;till=Gävle</loc><changefreq>monthly</changefreq></url>
Varberg,Borås,102,69,Avståndet mellan Varberg och Borås är 102 km och Karl-Johan Gyllenstorm beräknade körtiden till cirka 69 minuter.,<url><loc>https://pendlings-app1.t-767929534-cloudflare.workers.dev/?fran=Varberg&amp;till=Borås</loc><changefreq>monthly</changefreq></url>
Varberg,Södertälje,500,340,Avståndet mellan Varberg och Södertälje är 500 km och Karl-Johan Gyllenstorm beräknade körtiden till cirka 340 minuter.,<url><loc>https://pendlings-app1.t-767929534-cloudflare.workers.dev/?fran=Varberg&amp;till=Södertälje</loc><changefreq>monthly</changefreq></url>
Varberg,Eskilstuna,453,308,Avståndet mellan Varberg och Eskilstuna är 453 km och Karl-Johan Gyllenstorm beräknade körtiden till cirka 308 minuter.,<url><loc>https://pendlings-app1.t-767929534-cloudflare.workers.dev/?fran=Varberg&amp;till=Eskilstuna</loc><changefreq>monthly</changefreq></url>
Varberg,Halmstad,77,66,Avståndet mellan Varberg och Halmstad är 77 km och Karl-Johan Gyllenstorm beräknade körtiden till cirka 66 minuter.,<url><loc>https://pendlings-app1.t-767929534-cloudflare.workers.dev/?fran=Varberg&amp;till=Halmstad</loc><changefreq>monthly</changefreq></url>
Varberg,Växjö,200,136,Avståndet mellan Varberg och Växjö är 200 km och Karl-Johan Gyllenstorm beräknade körtiden till cirka 136 minuter.,<url><loc>https://pendlings-app1.t-767929534-cloudflare.workers.dev/?fran=Varberg&amp;till=Växjö</loc><changefreq>monthly</changefreq></url>
Varberg,Karlstad,336,229,Avståndet mellan Varberg och Karlstad är 336 km och Karl-Johan Gyllenstorm beräknade körtiden till cirka 229 minuter.,<url><loc>https://pendlings-app1.t-767929534-cloudflare.workers.dev/?fran=Varberg&amp;till=Karlstad</loc><changefreq>monthly</changefreq></url>
Varberg,Piteå,1325,903,Avståndet mellan Varberg och Piteå är 1325 km och Karl-Johan Gyllenstorm beräknade körtiden till cirka 903 minuter.,<url><loc>https://pendlings-app1.t-767929534-cloudflare.workers.dev/?fran=Varberg&amp;till=Piteå</loc><changefreq>monthly</changefreq></url>
Varberg,Luleå,1379,940,Avståndet mellan Varberg och Luleå är 1379 km och Karl-Johan Gyllenstorm beräknade körtiden till cirka 940 minuter.,<url><loc>https://pendlings-app1.t-767929534-cloudflare.workers.dev/?fran=Varberg&amp;till=Luleå</loc><changefreq>monthly</changefreq></url>
Varberg,Trollhättan,167,113,Avståndet mellan Varberg och Trollhättan är 167 km och Karl-Johan Gyllenstorm beräknade körtiden till cirka 113 minuter.,<url><loc>https://pendlings-app1.t-767929534-cloudflare.workers.dev/?fran=Varberg&amp;till=Trollhättan</loc><changefreq>monthly</changefreq></url>
Varberg,Östersund,880,600,Avståndet mellan Varberg och Östersund är 880 km och Karl-Johan Gyllenstorm beräknade körtiden till cirka 600 minuter.,<url><loc>https://pendlings-app1.t-767929534-cloudflare.workers.dev/?fran=Varberg&amp;till=Östersund</loc><changefreq>monthly</changefreq></url>
Varberg,Borlänge,534,364,Avståndet mellan Varberg och Borlänge är 534 km och Karl-Johan Gyllenstorm beräknade körtiden till cirka 364 minuter.,<url><loc>https://pendlings-app1.t-767929534-cloudflare.workers.dev/?fran=Varberg&amp;till=Borlänge</loc><changefreq>monthly</changefreq></url>
Varberg,Falun,556,379,Avståndet mellan Varberg och Falun är 556 km och Karl-Johan Gyllenstorm beräknade körtiden till cirka 379 minuter.,<url><loc>https://pendlings-app1.t-767929534-cloudflare.workers.dev/?fran=Varberg&amp;till=Falun</loc><changefreq>monthly</changefreq></url>
Varberg,Kalmar,325,221,Avståndet mellan Varberg och Kalmar är 325 km och Karl-Johan Gyllenstorm beräknade körtiden till cirka 221 minuter.,<url><loc>https://pendlings-app1.t-767929534-cloudflare.workers.dev/?fran=Varberg&amp;till=Kalmar</loc><changefreq>monthly</changefreq></url>
Varberg,Skövde,219,149,Avståndet mellan Varberg och Skövde är 219 km och Karl-Johan Gyllenstorm beräknade körtiden till cirka 149 minuter.,<url><loc>https://pendlings-app1.t-767929534-cloudflare.workers.dev/?fran=Varberg&amp;till=Skövde</loc><changefreq>monthly</changefreq></url>
Varberg,Kristianstad,213,145,Avståndet mellan Varberg och Kristianstad är 213 km och Karl-Johan Gyllenstorm beräknade körtiden till cirka 145 minuter.,<url><loc>https://pendlings-app1.t-767929534-cloudflare.workers.dev/?fran=Varberg&amp;till=Kristianstad</loc><changefreq>monthly</changefreq></url>
Varberg,Karlskrona,293,199,Avståndet mellan Varberg och Karlskrona är 293 km och Karl-Johan Gyllenstorm beräknade körtiden till cirka 199 minuter.,<url><loc>https://pendlings-app1.t-767929534-cloudflare.workers.dev/?fran=Varberg&amp;till=Karlskrona</loc><changefreq>monthly</changefreq></url>
Varberg,Skellefteå,1240,845,Avståndet mellan Varberg och Skellefteå är 1240 km och Karl-Johan Gyllenstorm beräknade körtiden till cirka 845 minuter.,<url><loc>https://pendlings-app1.t-767929534-cloudflare.workers.dev/?fran=Varberg&amp;till=Skellefteå</loc><changefreq>monthly</changefreq></url>
Varberg,Uddevalla,178,121,Avståndet mellan Varberg och Uddevalla är 178 km och Karl-Johan Gyllenstorm beräknade körtiden till cirka 121 minuter.,<url><loc>https://pendlings-app1.t-767929534-cloudflare.workers.dev/?fran=Varberg&amp;till=Uddevalla</loc><changefreq>monthly</changefreq></url>
Varberg,Motala,293,199,Avståndet mellan Varberg och Motala är 293 km och Karl-Johan Gyllenstorm beräknade körtiden till cirka 199 minuter.,<url><loc>https://pendlings-app1.t-767929534-cloudflare.workers.dev/?fran=Varberg&amp;till=Motala</loc><changefreq>monthly</changefreq></url>
Varberg,Enköping,508,346,Avståndet mellan Varberg och Enköping är 508 km och Karl-Johan Gyllenstorm beräknade körtiden till cirka 346 minuter.,<url><loc>https://pendlings-app1.t-767929534-cloudflare.workers.dev/?fran=Varberg&amp;till=Enköping</loc><changefreq>monthly</changefreq></url>
Varberg,Örnsköldsvik,990,675,Avståndet mellan Varberg och Örnsköldsvik är 990 km och Karl-Johan Gyllenstorm beräknade körtiden till cirka 675 minuter.,<url><loc>https://pendlings-app1.t-767929534-cloudflare.workers.dev/?fran=Varberg&amp;till=Örnsköldsvik</loc><changefreq>monthly</changefreq></url>
Varberg,Nyköping,428,291,Avståndet mellan Varberg och Nyköping är 428 km och Karl-Johan Gyllenstorm beräknade körtiden till cirka 291 minuter.,<url><loc>https://pendlings-app1.t-767929534-cloudflare.workers.dev/?fran=Varberg&amp;till=Nyköping</loc><changefreq>monthly</changefreq></url>
Varberg,Karlshamn,243,165,Avståndet mellan Varberg och Karlshamn är 243 km och Karl-Johan Gyllenstorm beräknade körtiden till cirka 165 minuter.,<url><loc>https://pendlings-app1.t-767929534-cloudflare.workers.dev/?fran=Varberg&amp;till=Karlshamn</loc><changefreq>monthly</changefreq></url>
Varberg,Västervik,348,237,Avståndet mellan Varberg och Västervik är 348 km och Karl-Johan Gyllenstorm beräknade körtiden till cirka 237 minuter.,<url><loc>https://pendlings-app1.t-767929534-cloudflare.workers.dev/?fran=Varberg&amp;till=Västervik</loc><changefreq>monthly</changefreq></url>
Varberg,Eslöv,198,135,Avståndet mellan Varberg och Eslöv är 198 km och Karl-Johan Gyllenstorm beräknade körtiden till cirka 135 minuter.,<url><loc>https://pendlings-app1.t-767929534-cloudflare.workers.dev/?fran=Varberg&amp;till=Eslöv</loc><changefreq>monthly</changefreq></url>
Varberg,Härnösand,884,602,Avståndet mellan Varberg och Härnösand är 884 km och Karl-Johan Gyllenstorm beräknade körtiden till cirka 602 minuter.,<url><loc>https://pendlings-app1.t-767929534-cloudflare.workers.dev/?fran=Varberg&amp;till=Härnösand</loc><changefreq>monthly</changefreq></url>
Varberg,Ystad,269,183,Avståndet mellan Varberg och Ystad är 269 km och Karl-Johan Gyllenstorm beräknade körtiden till cirka 183 minuter.,<url><loc>https://pendlings-app1.t-767929534-cloudflare.workers.dev/?fran=Varberg&amp;till=Ystad</loc><changefreq>monthly</changefreq></url>
Varberg,Katrineholm,401,273,Avståndet mellan Varberg och Katrineholm är 401 km och Karl-Johan Gyllenstorm beräknade körtiden till cirka 273 minuter.,<url><loc>https://pendlings-app1.t-767929534-cloudflare.workers.dev/?fran=Varberg&amp;till=Katrineholm</loc><changefreq>monthly</changefreq></url>
Varberg,Mariestad,257,175,Avståndet mellan Varberg och Mariestad är 257 km och Karl-Johan Gyllenstorm beräknade körtiden till cirka 175 minuter.,<url><loc>https://pendlings-app1.t-767929534-cloudflare.workers.dev/?fran=Varberg&amp;till=Mariestad</loc><changefreq>monthly</changefreq></url>
Varberg,Lidköping,210,143,Avståndet mellan Varberg och Lidköping är 210 km och Karl-Johan Gyllenstorm beräknade körtiden till cirka 143 minuter.,<url><loc>https://pendlings-app1.t-767929534-cloudflare.workers.dev/?fran=Varberg&amp;till=Lidköping</loc><changefreq>monthly</changefreq></url>
Varberg,Vänersborg,180,122,Avståndet mellan Varberg och Vänersborg är 180 km och Karl-Johan Gyllenstorm beräknade körtiden till cirka 122 minuter.,<url><loc>https://pendlings-app1.t-767929534-cloudflare.workers.dev/?fran=Varberg&amp;till=Vänersborg</loc><changefreq>monthly</changefreq></url>
Varberg,Värnamo,138,94,Avståndet mellan Varberg och Värnamo är 138 km och Karl-Johan Gyllenstorm beräknade körtiden till cirka 94 minuter.,<url><loc>https://pendlings-app1.t-767929534-cloudflare.workers.dev/?fran=Varberg&amp;till=Värnamo</loc><changefreq>monthly</changefreq></url>
Varberg,Kiruna,1614,1100,Avståndet mellan Varberg och Kiruna är 1614 km och Karl-Johan Gyllenstorm beräknade körtiden till cirka 1100 minuter.,<url><loc>https://pendlings-app1.t-767929534-cloudflare.workers.dev/?fran=Varberg&amp;till=Kiruna</loc><changefreq>monthly</changefreq></url>
Varberg,Hudiksvall,745,507,Avståndet mellan Varberg och Hudiksvall är 745 km och Karl-Johan Gyllenstorm beräknade körtiden till cirka 507 minuter.,<url><loc>https://pendlings-app1.t-767929534-cloudflare.workers.dev/?fran=Varberg&amp;till=Hudiksvall</loc><changefreq>monthly</changefreq></url>
Varberg,Falkenberg,34,29,Avståndet mellan Varberg och Falkenberg är 34 km och Karl-Johan Gyllenstorm beräknade körtiden till cirka 29 minuter.,<url><loc>https://pendlings-app1.t-767929534-cloudflare.workers.dev/?fran=Varberg&amp;till=Falkenberg</loc><changefreq>monthly</changefreq></url>
Varberg,Visby,589,499,Avståndet mellan Varberg och Visby är 589 km och Karl-Johan Gyllenstorm beräknade körtiden till cirka 499 minuter.,<url><loc>https://pendlings-app1.t-767929534-cloudflare.workers.dev/?fran=Varberg&amp;till=Visby</loc><changefreq>monthly</changefreq></url>
Motala,Stockholm,249,169,Avståndet mellan Motala och Stockholm är 249 km och Karl-Johan Gyllenstorm beräknade körtiden till cirka 169 minuter.,<url><loc>https://pendlings-app1.t-767929534-cloudflare.workers.dev/?fran=Motala&amp;till=Stockholm</loc><changefreq>monthly</changefreq></url>
Motala,Göteborg,258,175,Avståndet mellan Motala och Göteborg är 258 km och Karl-Johan Gyllenstorm beräknade körtiden till cirka 175 minuter.,<url><loc>https://pendlings-app1.t-767929534-cloudflare.workers.dev/?fran=Motala&amp;till=Göteborg</loc><changefreq>monthly</changefreq></url>
Motala,Malmö,445,303,Avståndet mellan Motala och Malmö är 445 km och Karl-Johan Gyllenstorm beräknade körtiden till cirka 303 minuter.,<url><loc>https://pendlings-app1.t-767929534-cloudflare.workers.dev/?fran=Motala&amp;till=Malmö</loc><changefreq>monthly</changefreq></url>
Motala,Uppsala,267,182,Avståndet mellan Motala och Uppsala är 267 km och Karl-Johan Gyllenstorm beräknade körtiden till cirka 182 minuter.,<url><loc>https://pendlings-app1.t-767929534-cloudflare.workers.dev/?fran=Motala&amp;till=Uppsala</loc><changefreq>monthly</changefreq></url>
Motala,Västerås,188,128,Avståndet mellan Motala och Västerås är 188 km och Karl-Johan Gyllenstorm beräknade körtiden till cirka 128 minuter.,<url><loc>https://pendlings-app1.t-767929534-cloudflare.workers.dev/?fran=Motala&amp;till=Västerås</loc><changefreq>monthly</changefreq></url>
Motala,Örebro,105,71,Avståndet mellan Motala och Örebro är 105 km och Karl-Johan Gyllenstorm beräknade körtiden till cirka 71 minuter.,<url><loc>https://pendlings-app1.t-767929534-cloudflare.workers.dev/?fran=Motala&amp;till=Örebro</loc><changefreq>monthly</changefreq></url>
Motala,Linköping,47,40,Avståndet mellan Motala och Linköping är 47 km och Karl-Johan Gyllenstorm beräknade körtiden till cirka 40 minuter.,<url><loc>https://pendlings-app1.t-767929534-cloudflare.workers.dev/?fran=Motala&amp;till=Linköping</loc><changefreq>monthly</changefreq></url>
Motala,Helsingborg,397,270,Avståndet mellan Motala och Helsingborg är 397 km och Karl-Johan Gyllenstorm beräknade körtiden till cirka 270 minuter.,<url><loc>https://pendlings-app1.t-767929534-cloudflare.workers.dev/?fran=Motala&amp;till=Helsingborg</loc><changefreq>monthly</changefreq></url>
Motala,Jönköping,125,85,Avståndet mellan Motala och Jönköping är 125 km och Karl-Johan Gyllenstorm beräknade körtiden till cirka 85 minuter.,<url><loc>https://pendlings-app1.t-767929534-cloudflare.workers.dev/?fran=Motala&amp;till=Jönköping</loc><changefreq>monthly</changefreq></url>
Motala,Norrköping,85,72,Avståndet mellan Motala och Norrköping är 85 km och Karl-Johan Gyllenstorm beräknade körtiden till cirka 72 minuter.,<url><loc>https://pendlings-app1.t-767929534-cloudflare.workers.dev/?fran=Motala&amp;till=Norrköping</loc><changefreq>monthly</changefreq></url>
Motala,Lund,427,291,Avståndet mellan Motala och Lund är 427 km och Karl-Johan Gyllenstorm beräknade körtiden till cirka 291 minuter.,<url><loc>https://pendlings-app1.t-767929534-cloudflare.workers.dev/?fran=Motala&amp;till=Lund</loc><changefreq>monthly</changefreq></url>
Motala,Umeå,833,567,Avståndet mellan Motala och Umeå är 833 km och Karl-Johan Gyllenstorm beräknade körtiden till cirka 567 minuter.,<url><loc>https://pendlings-app1.t-767929534-cloudflare.workers.dev/?fran=Motala&amp;till=Umeå</loc><changefreq>monthly</changefreq></url>
Motala,Gävle,339,231,Avståndet mellan Motala och Gävle är 339 km och Karl-Johan Gyllenstorm beräknade körtiden till cirka 231 minuter.,<url><loc>https://pendlings-app1.t-767929534-cloudflare.workers.dev/?fran=Motala&amp;till=Gävle</loc><changefreq>monthly</changefreq></url>
Motala,Borås,195,132,Avståndet mellan Motala och Borås är 195 km och Karl-Johan Gyllenstorm beräknade körtiden till cirka 132 minuter.,<url><loc>https://pendlings-app1.t-767929534-cloudflare.workers.dev/?fran=Motala&amp;till=Borås</loc><changefreq>monthly</changefreq></url>
Motala,Södertälje,212,144,Avståndet mellan Motala och Södertälje är 212 km och Karl-Johan Gyllenstorm beräknade körtiden till cirka 144 minuter.,<url><loc>https://pendlings-app1.t-767929534-cloudflare.workers.dev/?fran=Motala&amp;till=Södertälje</loc><changefreq>monthly</changefreq></url>
Motala,Eskilstuna,160,109,Avståndet mellan Motala och Eskilstuna är 160 km och Karl-Johan Gyllenstorm beräknade körtiden till cirka 109 minuter.,<url><loc>https://pendlings-app1.t-767929534-cloudflare.workers.dev/?fran=Motala&amp;till=Eskilstuna</loc><changefreq>monthly</changefreq></url>
Motala,Halmstad,312,212,Avståndet mellan Motala och Halmstad är 312 km och Karl-Johan Gyllenstorm beräknade körtiden till cirka 212 minuter.,<url><loc>https://pendlings-app1.t-767929534-cloudflare.workers.dev/?fran=Motala&amp;till=Halmstad</loc><changefreq>monthly</changefreq></url>
Motala,Växjö,236,160,Avståndet mellan Motala och Växjö är 236 km och Karl-Johan Gyllenstorm beräknade körtiden till cirka 160 minuter.,<url><loc>https://pendlings-app1.t-767929534-cloudflare.workers.dev/?fran=Motala&amp;till=Växjö</loc><changefreq>monthly</changefreq></url>
Motala,Karlstad,164,111,Avståndet mellan Motala och Karlstad är 164 km och Karl-Johan Gyllenstorm beräknade körtiden till cirka 111 minuter.,<url><loc>https://pendlings-app1.t-767929534-cloudflare.workers.dev/?fran=Motala&amp;till=Karlstad</loc><changefreq>monthly</changefreq></url>
Motala,Piteå,1055,719,Avståndet mellan Motala och Piteå är 1055 km och Karl-Johan Gyllenstorm beräknade körtiden till cirka 719 minuter.,<url><loc>https://pendlings-app1.t-767929534-cloudflare.workers.dev/?fran=Motala&amp;till=Piteå</loc><changefreq>monthly</changefreq></url>
Motala,Luleå,1108,755,Avståndet mellan Motala och Luleå är 1108 km och Karl-Johan Gyllenstorm beräknade körtiden till cirka 755 minuter.,<url><loc>https://pendlings-app1.t-767929534-cloudflare.workers.dev/?fran=Motala&amp;till=Luleå</loc><changefreq>monthly</changefreq></url>
Motala,Trollhättan,208,141,Avståndet mellan Motala och Trollhättan är 208 km och Karl-Johan Gyllenstorm beräknade körtiden till cirka 141 minuter.,<url><loc>https://pendlings-app1.t-767929534-cloudflare.workers.dev/?fran=Motala&amp;till=Trollhättan</loc><changefreq>monthly</changefreq></url>
Motala,Östersund,660,450,Avståndet mellan Motala och Östersund är 660 km och Karl-Johan Gyllenstorm beräknade körtiden till cirka 450 minuter.,<url><loc>https://pendlings-app1.t-767929534-cloudflare.workers.dev/?fran=Motala&amp;till=Östersund</loc><changefreq>monthly</changefreq></url>
Motala,Borlänge,278,189,Avståndet mellan Motala och Borlänge är 278 km och Karl-Johan Gyllenstorm beräknade körtiden till cirka 189 minuter.,<url><loc>https://pendlings-app1.t-767929534-cloudflare.workers.dev/?fran=Motala&amp;till=Borlänge</loc><changefreq>monthly</changefreq></url>
Motala,Falun,297,202,Avståndet mellan Motala och Falun är 297 km och Karl-Johan Gyllenstorm beräknade körtiden till cirka 202 minuter.,<url><loc>https://pendlings-app1.t-767929534-cloudflare.workers.dev/?fran=Motala&amp;till=Falun</loc><changefreq>monthly</changefreq></url>
Motala,Kalmar,285,194,Avståndet mellan Motala och Kalmar är 285 km och Karl-Johan Gyllenstorm beräknade körtiden till cirka 194 minuter.,<url><loc>https://pendlings-app1.t-767929534-cloudflare.workers.dev/?fran=Motala&amp;till=Kalmar</loc><changefreq>monthly</changefreq></url>
Motala,Skövde,91,78,Avståndet mellan Motala och Skövde är 91 km och Karl-Johan Gyllenstorm beräknade körtiden till cirka 78 minuter.,<url><loc>https://pendlings-app1.t-767929534-cloudflare.workers.dev/?fran=Motala&amp;till=Skövde</loc><changefreq>monthly</changefreq></url>
Motala,Kristianstad,363,247,Avståndet mellan Motala och Kristianstad är 363 km och Karl-Johan Gyllenstorm beräknade körtiden till cirka 247 minuter.,<url><loc>https://pendlings-app1.t-767929534-cloudflare.workers.dev/?fran=Motala&amp;till=Kristianstad</loc><changefreq>monthly</changefreq></url>
Motala,Karlskrona,340,231,Avståndet mellan Motala och Karlskrona är 340 km och Karl-Johan Gyllenstorm beräknade körtiden till cirka 231 minuter.,<url><loc>https://pendlings-app1.t-767929534-cloudflare.workers.dev/?fran=Motala&amp;till=Karlskrona</loc><changefreq>monthly</changefreq></url>
Motala,Skellefteå,969,660,Avståndet mellan Motala och Skellefteå är 969 km och Karl-Johan Gyllenstorm beräknade körtiden till cirka 660 minuter.,<url><loc>https://pendlings-app1.t-767929534-cloudflare.workers.dev/?fran=Motala&amp;till=Skellefteå</loc><changefreq>monthly</changefreq></url>
Motala,Uddevalla,231,157,Avståndet mellan Motala och Uddevalla är 231 km och Karl-Johan Gyllenstorm beräknade körtiden till cirka 157 minuter.,<url><loc>https://pendlings-app1.t-767929534-cloudflare.workers.dev/?fran=Motala&amp;till=Uddevalla</loc><changefreq>monthly</changefreq></url>
Motala,Varberg,293,199,Avståndet mellan Motala och Varberg är 293 km och Karl-Johan Gyllenstorm beräknade körtiden till cirka 199 minuter.,<url><loc>https://pendlings-app1.t-767929534-cloudflare.workers.dev/?fran=Motala&amp;till=Varberg</loc><changefreq>monthly</changefreq></url>
Motala,Enköping,216,147,Avståndet mellan Motala och Enköping är 216 km och Karl-Johan Gyllenstorm beräknade körtiden till cirka 147 minuter.,<url><loc>https://pendlings-app1.t-767929534-cloudflare.workers.dev/?fran=Motala&amp;till=Enköping</loc><changefreq>monthly</changefreq></url>
Motala,Örnsköldsvik,722,492,Avståndet mellan Motala och Örnsköldsvik är 722 km och Karl-Johan Gyllenstorm beräknade körtiden till cirka 492 minuter.,<url><loc>https://pendlings-app1.t-767929534-cloudflare.workers.dev/?fran=Motala&amp;till=Örnsköldsvik</loc><changefreq>monthly</changefreq></url>
Motala,Nyköping,149,101,Avståndet mellan Motala och Nyköping är 149 km och Karl-Johan Gyllenstorm beräknade körtiden till cirka 101 minuter.,<url><loc>https://pendlings-app1.t-767929534-cloudflare.workers.dev/?fran=Motala&amp;till=Nyköping</loc><changefreq>monthly</changefreq></url>
Motala,Karlshamn,337,229,Avståndet mellan Motala och Karlshamn är 337 km och Karl-Johan Gyllenstorm beräknade körtiden till cirka 229 minuter.,<url><loc>https://pendlings-app1.t-767929534-cloudflare.workers.dev/?fran=Motala&amp;till=Karlshamn</loc><changefreq>monthly</changefreq></url>
Motala,Västervik,163,111,Avståndet mellan Motala och Västervik är 163 km och Karl-Johan Gyllenstorm beräknade körtiden till cirka 111 minuter.,<url><loc>https://pendlings-app1.t-767929534-cloudflare.workers.dev/?fran=Motala&amp;till=Västervik</loc><changefreq>monthly</changefreq></url>
Motala,Eslöv,406,276,Avståndet mellan Motala och Eslöv är 406 km och Karl-Johan Gyllenstorm beräknade körtiden till cirka 276 minuter.,<url><loc>https://pendlings-app1.t-767929534-cloudflare.workers.dev/?fran=Motala&amp;till=Eslöv</loc><changefreq>monthly</changefreq></url>
Motala,Härnösand,616,420,Avståndet mellan Motala och Härnösand är 616 km och Karl-Johan Gyllenstorm beräknade körtiden till cirka 420 minuter.,<url><loc>https://pendlings-app1.t-767929534-cloudflare.workers.dev/?fran=Motala&amp;till=Härnösand</loc><changefreq>monthly</changefreq></url>
Motala,Ystad,452,308,Avståndet mellan Motala och Ystad är 452 km och Karl-Johan Gyllenstorm beräknade körtiden till cirka 308 minuter.,<url><loc>https://pendlings-app1.t-767929534-cloudflare.workers.dev/?fran=Motala&amp;till=Ystad</loc><changefreq>monthly</changefreq></url>
Motala,Katrineholm,108,73,Avståndet mellan Motala och Katrineholm är 108 km och Karl-Johan Gyllenstorm beräknade körtiden till cirka 73 minuter.,<url><loc>https://pendlings-app1.t-767929534-cloudflare.workers.dev/?fran=Motala&amp;till=Katrineholm</loc><changefreq>monthly</changefreq></url>
Motala,Mariestad,93,79,Avståndet mellan Motala och Mariestad är 93 km och Karl-Johan Gyllenstorm beräknade körtiden till cirka 79 minuter.,<url><loc>https://pendlings-app1.t-767929534-cloudflare.workers.dev/?fran=Motala&amp;till=Mariestad</loc><changefreq>monthly</changefreq></url>
Motala,Lidköping,139,94,Avståndet mellan Motala och Lidköping är 139 km och Karl-Johan Gyllenstorm beräknade körtiden till cirka 94 minuter.,<url><loc>https://pendlings-app1.t-767929534-cloudflare.workers.dev/?fran=Motala&amp;till=Lidköping</loc><changefreq>monthly</changefreq></url>
Motala,Vänersborg,203,138,Avståndet mellan Motala och Vänersborg är 203 km och Karl-Johan Gyllenstorm beräknade körtiden till cirka 138 minuter.,<url><loc>https://pendlings-app1.t-767929534-cloudflare.workers.dev/?fran=Motala&amp;till=Vänersborg</loc><changefreq>monthly</changefreq></url>
Motala,Värnamo,206,140,Avståndet mellan Motala och Värnamo är 206 km och Karl-Johan Gyllenstorm beräknade körtiden till cirka 140 minuter.,<url><loc>https://pendlings-app1.t-767929534-cloudflare.workers.dev/?fran=Motala&amp;till=Värnamo</loc><changefreq>monthly</changefreq></url>
Motala,Kiruna,1366,931,Avståndet mellan Motala och Kiruna är 1366 km och Karl-Johan Gyllenstorm beräknade körtiden till cirka 931 minuter.,<url><loc>https://pendlings-app1.t-767929534-cloudflare.workers.dev/?fran=Motala&amp;till=Kiruna</loc><changefreq>monthly</changefreq></url>
Motala,Hudiksvall,477,325,Avståndet mellan Motala och Hudiksvall är 477 km och Karl-Johan Gyllenstorm beräknade körtiden till cirka 325 minuter.,<url><loc>https://pendlings-app1.t-767929534-cloudflare.workers.dev/?fran=Motala&amp;till=Hudiksvall</loc><changefreq>monthly</changefreq></url>
Motala,Falkenberg,302,205,Avståndet mellan Motala och Falkenberg är 302 km och Karl-Johan Gyllenstorm beräknade körtiden till cirka 205 minuter.,<url><loc>https://pendlings-app1.t-767929534-cloudflare.workers.dev/?fran=Motala&amp;till=Falkenberg</loc><changefreq>monthly</changefreq></url>
Motala,Visby,396,368,Avståndet mellan Motala och Visby är 396 km och Karl-Johan Gyllenstorm beräknade körtiden till cirka 368 minuter.,<url><loc>https://pendlings-app1.t-767929534-cloudflare.workers.dev/?fran=Motala&amp;till=Visby</loc><changefreq>monthly</changefreq></url>
Enköping,Stockholm,83,71,Avståndet mellan Enköping och Stockholm är 83 km och Karl-Johan Gyllenstorm beräknade körtiden till cirka 71 minuter.,<url><loc>https://pendlings-app1.t-767929534-cloudflare.workers.dev/?fran=Enköping&amp;till=Stockholm</loc><changefreq>monthly</changefreq></url>
Enköping,Göteborg,466,317,Avståndet mellan Enköping och Göteborg är 466 km och Karl-Johan Gyllenstorm beräknade körtiden till cirka 317 minuter.,<url><loc>https://pendlings-app1.t-767929534-cloudflare.workers.dev/?fran=Enköping&amp;till=Göteborg</loc><changefreq>monthly</changefreq></url>
Enköping,Malmö,652,444,Avståndet mellan Enköping och Malmö är 652 km och Karl-Johan Gyllenstorm beräknade körtiden till cirka 444 minuter.,<url><loc>https://pendlings-app1.t-767929534-cloudflare.workers.dev/?fran=Enköping&amp;till=Malmö</loc><changefreq>monthly</changefreq></url>
Enköping,Uppsala,51,43,Avståndet mellan Enköping och Uppsala är 51 km och Karl-Johan Gyllenstorm beräknade körtiden till cirka 43 minuter.,<url><loc>https://pendlings-app1.t-767929534-cloudflare.workers.dev/?fran=Enköping&amp;till=Uppsala</loc><changefreq>monthly</changefreq></url>
Enköping,Västerås,38,32,Avståndet mellan Enköping och Västerås är 38 km och Karl-Johan Gyllenstorm beräknade körtiden till cirka 32 minuter.,<url><loc>https://pendlings-app1.t-767929534-cloudflare.workers.dev/?fran=Enköping&amp;till=Västerås</loc><changefreq>monthly</changefreq></url>
Enköping,Örebro,144,98,Avståndet mellan Enköping och Örebro är 144 km och Karl-Johan Gyllenstorm beräknade körtiden till cirka 98 minuter.,<url><loc>https://pendlings-app1.t-767929534-cloudflare.workers.dev/?fran=Enköping&amp;till=Örebro</loc><changefreq>monthly</changefreq></url>
Enköping,Linköping,204,139,Avståndet mellan Enköping och Linköping är 204 km och Karl-Johan Gyllenstorm beräknade körtiden till cirka 139 minuter.,<url><loc>https://pendlings-app1.t-767929534-cloudflare.workers.dev/?fran=Enköping&amp;till=Linköping</loc><changefreq>monthly</changefreq></url>
Enköping,Helsingborg,609,415,Avståndet mellan Enköping och Helsingborg är 609 km och Karl-Johan Gyllenstorm beräknade körtiden till cirka 415 minuter.,<url><loc>https://pendlings-app1.t-767929534-cloudflare.workers.dev/?fran=Enköping&amp;till=Helsingborg</loc><changefreq>monthly</changefreq></url>
Enköping,Jönköping,340,231,Avståndet mellan Enköping och Jönköping är 340 km och Karl-Johan Gyllenstorm beräknade körtiden till cirka 231 minuter.,<url><loc>https://pendlings-app1.t-767929534-cloudflare.workers.dev/?fran=Enköping&amp;till=Jönköping</loc><changefreq>monthly</changefreq></url>
Enköping,Norrköping,162,110,Avståndet mellan Enköping och Norrköping är 162 km och Karl-Johan Gyllenstorm beräknade körtiden till cirka 110 minuter.,<url><loc>https://pendlings-app1.t-767929534-cloudflare.workers.dev/?fran=Enköping&amp;till=Norrköping</loc><changefreq>monthly</changefreq></url>
Enköping,Lund,632,430,Avståndet mellan Enköping och Lund är 632 km och Karl-Johan Gyllenstorm beräknade körtiden till cirka 430 minuter.,<url><loc>https://pendlings-app1.t-767929534-cloudflare.workers.dev/?fran=Enköping&amp;till=Lund</loc><changefreq>monthly</changefreq></url>
Enköping,Umeå,633,431,Avståndet mellan Enköping och Umeå är 633 km och Karl-Johan Gyllenstorm beräknade körtiden till cirka 431 minuter.,<url><loc>https://pendlings-app1.t-767929534-cloudflare.workers.dev/?fran=Enköping&amp;till=Umeå</loc><changefreq>monthly</changefreq></url>
Enköping,Gävle,147,100,Avståndet mellan Enköping och Gävle är 147 km och Karl-Johan Gyllenstorm beräknade körtiden till cirka 100 minuter.,<url><loc>https://pendlings-app1.t-767929534-cloudflare.workers.dev/?fran=Enköping&amp;till=Gävle</loc><changefreq>monthly</changefreq></url>
Enköping,Borås,409,278,Avståndet mellan Enköping och Borås är 409 km och Karl-Johan Gyllenstorm beräknade körtiden till cirka 278 minuter.,<url><loc>https://pendlings-app1.t-767929534-cloudflare.workers.dev/?fran=Enköping&amp;till=Borås</loc><changefreq>monthly</changefreq></url>
Enköping,Södertälje,74,63,Avståndet mellan Enköping och Södertälje är 74 km och Karl-Johan Gyllenstorm beräknade körtiden till cirka 63 minuter.,<url><loc>https://pendlings-app1.t-767929534-cloudflare.workers.dev/?fran=Enköping&amp;till=Södertälje</loc><changefreq>monthly</changefreq></url>
Enköping,Eskilstuna,55,47,Avståndet mellan Enköping och Eskilstuna är 55 km och Karl-Johan Gyllenstorm beräknade körtiden till cirka 47 minuter.,<url><loc>https://pendlings-app1.t-767929534-cloudflare.workers.dev/?fran=Enköping&amp;till=Eskilstuna</loc><changefreq>monthly</changefreq></url>
Enköping,Halmstad,527,359,Avståndet mellan Enköping och Halmstad är 527 km och Karl-Johan Gyllenstorm beräknade körtiden till cirka 359 minuter.,<url><loc>https://pendlings-app1.t-767929534-cloudflare.workers.dev/?fran=Enköping&amp;till=Halmstad</loc><changefreq>monthly</changefreq></url>
Enköping,Växjö,427,291,Avståndet mellan Enköping och Växjö är 427 km och Karl-Johan Gyllenstorm beräknade körtiden till cirka 291 minuter.,<url><loc>https://pendlings-app1.t-767929534-cloudflare.workers.dev/?fran=Enköping&amp;till=Växjö</loc><changefreq>monthly</changefreq></url>
Enköping,Karlstad,260,177,Avståndet mellan Enköping och Karlstad är 260 km och Karl-Johan Gyllenstorm beräknade körtiden till cirka 177 minuter.,<url><loc>https://pendlings-app1.t-767929534-cloudflare.workers.dev/?fran=Enköping&amp;till=Karlstad</loc><changefreq>monthly</changefreq></url>
Enköping,Piteå,858,585,Avståndet mellan Enköping och Piteå är 858 km och Karl-Johan Gyllenstorm beräknade körtiden till cirka 585 minuter.,<url><loc>https://pendlings-app1.t-767929534-cloudflare.workers.dev/?fran=Enköping&amp;till=Piteå</loc><changefreq>monthly</changefreq></url>
Enköping,Luleå,908,619,Avståndet mellan Enköping och Luleå är 908 km och Karl-Johan Gyllenstorm beräknade körtiden till cirka 619 minuter.,<url><loc>https://pendlings-app1.t-767929534-cloudflare.workers.dev/?fran=Enköping&amp;till=Luleå</loc><changefreq>monthly</changefreq></url>
Enköping,Trollhättan,400,272,Avståndet mellan Enköping och Trollhättan är 400 km och Karl-Johan Gyllenstorm beräknade körtiden till cirka 272 minuter.,<url><loc>https://pendlings-app1.t-767929534-cloudflare.workers.dev/?fran=Enköping&amp;till=Trollhättan</loc><changefreq>monthly</changefreq></url>
Enköping,Östersund,530,361,Avståndet mellan Enköping och Östersund är 530 km och Karl-Johan Gyllenstorm beräknade körtiden till cirka 361 minuter.,<url><loc>https://pendlings-app1.t-767929534-cloudflare.workers.dev/?fran=Enköping&amp;till=Östersund</loc><changefreq>monthly</changefreq></url>
Enköping,Borlänge,167,113,Avståndet mellan Enköping och Borlänge är 167 km och Karl-Johan Gyllenstorm beräknade körtiden till cirka 113 minuter.,<url><loc>https://pendlings-app1.t-767929534-cloudflare.workers.dev/?fran=Enköping&amp;till=Borlänge</loc><changefreq>monthly</changefreq></url>
Enköping,Falun,171,116,Avståndet mellan Enköping och Falun är 171 km och Karl-Johan Gyllenstorm beräknade körtiden till cirka 116 minuter.,<url><loc>https://pendlings-app1.t-767929534-cloudflare.workers.dev/?fran=Enköping&amp;till=Falun</loc><changefreq>monthly</changefreq></url>
Enköping,Kalmar,426,290,Avståndet mellan Enköping och Kalmar är 426 km och Karl-Johan Gyllenstorm beräknade körtiden till cirka 290 minuter.,<url><loc>https://pendlings-app1.t-767929534-cloudflare.workers.dev/?fran=Enköping&amp;till=Kalmar</loc><changefreq>monthly</changefreq></url>
Enköping,Skövde,295,201,Avståndet mellan Enköping och Skövde är 295 km och Karl-Johan Gyllenstorm beräknade körtiden till cirka 201 minuter.,<url><loc>https://pendlings-app1.t-767929534-cloudflare.workers.dev/?fran=Enköping&amp;till=Skövde</loc><changefreq>monthly</changefreq></url>
Enköping,Kristianstad,558,380,Avståndet mellan Enköping och Kristianstad är 558 km och Karl-Johan Gyllenstorm beräknade körtiden till cirka 380 minuter.,<url><loc>https://pendlings-app1.t-767929534-cloudflare.workers.dev/?fran=Enköping&amp;till=Kristianstad</loc><changefreq>monthly</changefreq></url>
Enköping,Karlskrona,507,345,Avståndet mellan Enköping och Karlskrona är 507 km och Karl-Johan Gyllenstorm beräknade körtiden till cirka 345 minuter.,<url><loc>https://pendlings-app1.t-767929534-cloudflare.workers.dev/?fran=Enköping&amp;till=Karlskrona</loc><changefreq>monthly</changefreq></url>
Enköping,Skellefteå,771,525,Avståndet mellan Enköping och Skellefteå är 771 km och Karl-Johan Gyllenstorm beräknade körtiden till cirka 525 minuter.,<url><loc>https://pendlings-app1.t-767929534-cloudflare.workers.dev/?fran=Enköping&amp;till=Skellefteå</loc><changefreq>monthly</changefreq></url>
Enköping,Uddevalla,418,285,Avståndet mellan Enköping och Uddevalla är 418 km och Karl-Johan Gyllenstorm beräknade körtiden till cirka 285 minuter.,<url><loc>https://pendlings-app1.t-767929534-cloudflare.workers.dev/?fran=Enköping&amp;till=Uddevalla</loc><changefreq>monthly</changefreq></url>
Enköping,Varberg,508,346,Avståndet mellan Enköping och Varberg är 508 km och Karl-Johan Gyllenstorm beräknade körtiden till cirka 346 minuter.,<url><loc>https://pendlings-app1.t-767929534-cloudflare.workers.dev/?fran=Enköping&amp;till=Varberg</loc><changefreq>monthly</changefreq></url>
Enköping,Motala,216,147,Avståndet mellan Enköping och Motala är 216 km och Karl-Johan Gyllenstorm beräknade körtiden till cirka 147 minuter.,<url><loc>https://pendlings-app1.t-767929534-cloudflare.workers.dev/?fran=Enköping&amp;till=Motala</loc><changefreq>monthly</changefreq></url>
Enköping,Örnsköldsvik,531,362,Avståndet mellan Enköping och Örnsköldsvik är 531 km och Karl-Johan Gyllenstorm beräknade körtiden till cirka 362 minuter.,<url><loc>https://pendlings-app1.t-767929534-cloudflare.workers.dev/?fran=Enköping&amp;till=Örnsköldsvik</loc><changefreq>monthly</changefreq></url>
Enköping,Nyköping,125,85,Avståndet mellan Enköping och Nyköping är 125 km och Karl-Johan Gyllenstorm beräknade körtiden till cirka 85 minuter.,<url><loc>https://pendlings-app1.t-767929534-cloudflare.workers.dev/?fran=Enköping&amp;till=Nyköping</loc><changefreq>monthly</changefreq></url>
Enköping,Karlshamn,520,354,Avståndet mellan Enköping och Karlshamn är 520 km och Karl-Johan Gyllenstorm beräknade körtiden till cirka 354 minuter.,<url><loc>https://pendlings-app1.t-767929534-cloudflare.workers.dev/?fran=Enköping&amp;till=Karlshamn</loc><changefreq>monthly</changefreq></url>
Enköping,Västervik,269,183,Avståndet mellan Enköping och Västervik är 269 km och Karl-Johan Gyllenstorm beräknade körtiden till cirka 183 minuter.,<url><loc>https://pendlings-app1.t-767929534-cloudflare.workers.dev/?fran=Enköping&amp;till=Västervik</loc><changefreq>monthly</changefreq></url>
Enköping,Eslöv,611,416,Avståndet mellan Enköping och Eslöv är 611 km och Karl-Johan Gyllenstorm beräknade körtiden till cirka 416 minuter.,<url><loc>https://pendlings-app1.t-767929534-cloudflare.workers.dev/?fran=Enköping&amp;till=Eslöv</loc><changefreq>monthly</changefreq></url>
Enköping,Härnösand,430,293,Avståndet mellan Enköping och Härnösand är 430 km och Karl-Johan Gyllenstorm beräknade körtiden till cirka 293 minuter.,<url><loc>https://pendlings-app1.t-767929534-cloudflare.workers.dev/?fran=Enköping&amp;till=Härnösand</loc><changefreq>monthly</changefreq></url>
Enköping,Ystad,648,441,Avståndet mellan Enköping och Ystad är 648 km och Karl-Johan Gyllenstorm beräknade körtiden till cirka 441 minuter.,<url><loc>https://pendlings-app1.t-767929534-cloudflare.workers.dev/?fran=Enköping&amp;till=Ystad</loc><changefreq>monthly</changefreq></url>
Enköping,Katrineholm,110,75,Avståndet mellan Enköping och Katrineholm är 110 km och Karl-Johan Gyllenstorm beräknade körtiden till cirka 75 minuter.,<url><loc>https://pendlings-app1.t-767929534-cloudflare.workers.dev/?fran=Enköping&amp;till=Katrineholm</loc><changefreq>monthly</changefreq></url>
Enköping,Mariestad,271,184,Avståndet mellan Enköping och Mariestad är 271 km och Karl-Johan Gyllenstorm beräknade körtiden till cirka 184 minuter.,<url><loc>https://pendlings-app1.t-767929534-cloudflare.workers.dev/?fran=Enköping&amp;till=Mariestad</loc><changefreq>monthly</changefreq></url>
Enköping,Lidköping,328,223,Avståndet mellan Enköping och Lidköping är 328 km och Karl-Johan Gyllenstorm beräknade körtiden till cirka 223 minuter.,<url><loc>https://pendlings-app1.t-767929534-cloudflare.workers.dev/?fran=Enköping&amp;till=Lidköping</loc><changefreq>monthly</changefreq></url>
Enköping,Vänersborg,391,266,Avståndet mellan Enköping och Vänersborg är 391 km och Karl-Johan Gyllenstorm beräknade körtiden till cirka 266 minuter.,<url><loc>https://pendlings-app1.t-767929534-cloudflare.workers.dev/?fran=Enköping&amp;till=Vänersborg</loc><changefreq>monthly</changefreq></url>
Enköping,Värnamo,415,282,Avståndet mellan Enköping och Värnamo är 415 km och Karl-Johan Gyllenstorm beräknade körtiden till cirka 282 minuter.,<url><loc>https://pendlings-app1.t-767929534-cloudflare.workers.dev/?fran=Enköping&amp;till=Värnamo</loc><changefreq>monthly</changefreq></url>
Enköping,Kiruna,1186,808,Avståndet mellan Enköping och Kiruna är 1186 km och Karl-Johan Gyllenstorm beräknade körtiden till cirka 808 minuter.,<url><loc>https://pendlings-app1.t-767929534-cloudflare.workers.dev/?fran=Enköping&amp;till=Kiruna</loc><changefreq>monthly</changefreq></url>
Enköping,Hudiksvall,298,203,Avståndet mellan Enköping och Hudiksvall är 298 km och Karl-Johan Gyllenstorm beräknade körtiden till cirka 203 minuter.,<url><loc>https://pendlings-app1.t-767929534-cloudflare.workers.dev/?fran=Enköping&amp;till=Hudiksvall</loc><changefreq>monthly</changefreq></url>
Enköping,Falkenberg,518,353,Avståndet mellan Enköping och Falkenberg är 518 km och Karl-Johan Gyllenstorm beräknade körtiden till cirka 353 minuter.,<url><loc>https://pendlings-app1.t-767929534-cloudflare.workers.dev/?fran=Enköping&amp;till=Falkenberg</loc><changefreq>monthly</changefreq></url>
Enköping,Visby,418,383,Avståndet mellan Enköping och Visby är 418 km och Karl-Johan Gyllenstorm beräknade körtiden till cirka 383 minuter.,<url><loc>https://pendlings-app1.t-767929534-cloudflare.workers.dev/?fran=Enköping&amp;till=Visby</loc><changefreq>monthly</changefreq></url>
Örnsköldsvik,Stockholm,565,385,Avståndet mellan Örnsköldsvik och Stockholm är 565 km och Karl-Johan Gyllenstorm beräknade körtiden till cirka 385 minuter.,<url><loc>https://pendlings-app1.t-767929534-cloudflare.workers.dev/?fran=Örnsköldsvik&amp;till=Stockholm</loc><changefreq>monthly</changefreq></url>
Örnsköldsvik,Göteborg,923,629,Avståndet mellan Örnsköldsvik och Göteborg är 923 km och Karl-Johan Gyllenstorm beräknade körtiden till cirka 629 minuter.,<url><loc>https://pendlings-app1.t-767929534-cloudflare.workers.dev/?fran=Örnsköldsvik&amp;till=Göteborg</loc><changefreq>monthly</changefreq></url>
Örnsköldsvik,Malmö,1168,796,Avståndet mellan Örnsköldsvik och Malmö är 1168 km och Karl-Johan Gyllenstorm beräknade körtiden till cirka 796 minuter.,<url><loc>https://pendlings-app1.t-767929534-cloudflare.workers.dev/?fran=Örnsköldsvik&amp;till=Malmö</loc><changefreq>monthly</changefreq></url>
Örnsköldsvik,Uppsala,493,336,Avståndet mellan Örnsköldsvik och Uppsala är 493 km och Karl-Johan Gyllenstorm beräknade körtiden till cirka 336 minuter.,<url><loc>https://pendlings-app1.t-767929534-cloudflare.workers.dev/?fran=Örnsköldsvik&amp;till=Uppsala</loc><changefreq>monthly</changefreq></url>
Örnsköldsvik,Västerås,544,370,Avståndet mellan Örnsköldsvik och Västerås är 544 km och Karl-Johan Gyllenstorm beräknade körtiden till cirka 370 minuter.,<url><loc>https://pendlings-app1.t-767929534-cloudflare.workers.dev/?fran=Örnsköldsvik&amp;till=Västerås</loc><changefreq>monthly</changefreq></url>
Örnsköldsvik,Örebro,619,422,Avståndet mellan Örnsköldsvik och Örebro är 619 km och Karl-Johan Gyllenstorm beräknade körtiden till cirka 422 minuter.,<url><loc>https://pendlings-app1.t-767929534-cloudflare.workers.dev/?fran=Örnsköldsvik&amp;till=Örebro</loc><changefreq>monthly</changefreq></url>
Örnsköldsvik,Linköping,726,495,Avståndet mellan Örnsköldsvik och Linköping är 726 km och Karl-Johan Gyllenstorm beräknade körtiden till cirka 495 minuter.,<url><loc>https://pendlings-app1.t-767929534-cloudflare.workers.dev/?fran=Örnsköldsvik&amp;till=Linköping</loc><changefreq>monthly</changefreq></url>
Örnsköldsvik,Helsingborg,1117,761,Avståndet mellan Örnsköldsvik och Helsingborg är 1117 km och Karl-Johan Gyllenstorm beräknade körtiden till cirka 761 minuter.,<url><loc>https://pendlings-app1.t-767929534-cloudflare.workers.dev/?fran=Örnsköldsvik&amp;till=Helsingborg</loc><changefreq>monthly</changefreq></url>
Örnsköldsvik,Jönköping,845,576,Avståndet mellan Örnsköldsvik och Jönköping är 845 km och Karl-Johan Gyllenstorm beräknade körtiden till cirka 576 minuter.,<url><loc>https://pendlings-app1.t-767929534-cloudflare.workers.dev/?fran=Örnsköldsvik&amp;till=Jönköping</loc><changefreq>monthly</changefreq></url>
Örnsköldsvik,Norrköping,691,471,Avståndet mellan Örnsköldsvik och Norrköping är 691 km och Karl-Johan Gyllenstorm beräknade körtiden till cirka 471 minuter.,<url><loc>https://pendlings-app1.t-767929534-cloudflare.workers.dev/?fran=Örnsköldsvik&amp;till=Norrköping</loc><changefreq>monthly</changefreq></url>
Örnsköldsvik,Lund,1150,784,Avståndet mellan Örnsköldsvik och Lund är 1150 km och Karl-Johan Gyllenstorm beräknade körtiden till cirka 784 minuter.,<url><loc>https://pendlings-app1.t-767929534-cloudflare.workers.dev/?fran=Örnsköldsvik&amp;till=Lund</loc><changefreq>monthly</changefreq></url>
Örnsköldsvik,Umeå,124,84,Avståndet mellan Örnsköldsvik och Umeå är 124 km och Karl-Johan Gyllenstorm beräknade körtiden till cirka 84 minuter.,<url><loc>https://pendlings-app1.t-767929534-cloudflare.workers.dev/?fran=Örnsköldsvik&amp;till=Umeå</loc><changefreq>monthly</changefreq></url>
Örnsköldsvik,Gävle,386,263,Avståndet mellan Örnsköldsvik och Gävle är 386 km och Karl-Johan Gyllenstorm beräknade körtiden till cirka 263 minuter.,<url><loc>https://pendlings-app1.t-767929534-cloudflare.workers.dev/?fran=Örnsköldsvik&amp;till=Gävle</loc><changefreq>monthly</changefreq></url>
Örnsköldsvik,Borås,889,606,Avståndet mellan Örnsköldsvik och Borås är 889 km och Karl-Johan Gyllenstorm beräknade körtiden till cirka 606 minuter.,<url><loc>https://pendlings-app1.t-767929534-cloudflare.workers.dev/?fran=Örnsköldsvik&amp;till=Borås</loc><changefreq>monthly</changefreq></url>
Örnsköldsvik,Södertälje,587,400,Avståndet mellan Örnsköldsvik och Södertälje är 587 km och Karl-Johan Gyllenstorm beräknade körtiden till cirka 400 minuter.,<url><loc>https://pendlings-app1.t-767929534-cloudflare.workers.dev/?fran=Örnsköldsvik&amp;till=Södertälje</loc><changefreq>monthly</changefreq></url>
Örnsköldsvik,Eskilstuna,577,393,Avståndet mellan Örnsköldsvik och Eskilstuna är 577 km och Karl-Johan Gyllenstorm beräknade körtiden till cirka 393 minuter.,<url><loc>https://pendlings-app1.t-767929534-cloudflare.workers.dev/?fran=Örnsköldsvik&amp;till=Eskilstuna</loc><changefreq>monthly</changefreq></url>
Örnsköldsvik,Halmstad,1028,700,Avståndet mellan Örnsköldsvik och Halmstad är 1028 km och Karl-Johan Gyllenstorm beräknade körtiden till cirka 700 minuter.,<url><loc>https://pendlings-app1.t-767929534-cloudflare.workers.dev/?fran=Örnsköldsvik&amp;till=Halmstad</loc><changefreq>monthly</changefreq></url>
Örnsköldsvik,Växjö,953,649,Avståndet mellan Örnsköldsvik och Växjö är 953 km och Karl-Johan Gyllenstorm beräknade körtiden till cirka 649 minuter.,<url><loc>https://pendlings-app1.t-767929534-cloudflare.workers.dev/?fran=Örnsköldsvik&amp;till=Växjö</loc><changefreq>monthly</changefreq></url>
Örnsköldsvik,Karlstad,660,450,Avståndet mellan Örnsköldsvik och Karlstad är 660 km och Karl-Johan Gyllenstorm beräknade körtiden till cirka 450 minuter.,<url><loc>https://pendlings-app1.t-767929534-cloudflare.workers.dev/?fran=Örnsköldsvik&amp;till=Karlstad</loc><changefreq>monthly</changefreq></url>
Örnsköldsvik,Piteå,334,227,Avståndet mellan Örnsköldsvik och Piteå är 334 km och Karl-Johan Gyllenstorm beräknade körtiden till cirka 227 minuter.,<url><loc>https://pendlings-app1.t-767929534-cloudflare.workers.dev/?fran=Örnsköldsvik&amp;till=Piteå</loc><changefreq>monthly</changefreq></url>
Örnsköldsvik,Luleå,388,264,Avståndet mellan Örnsköldsvik och Luleå är 388 km och Karl-Johan Gyllenstorm beräknade körtiden till cirka 264 minuter.,<url><loc>https://pendlings-app1.t-767929534-cloudflare.workers.dev/?fran=Örnsköldsvik&amp;till=Luleå</loc><changefreq>monthly</changefreq></url>
Örnsköldsvik,Trollhättan,840,572,Avståndet mellan Örnsköldsvik och Trollhättan är 840 km och Karl-Johan Gyllenstorm beräknade körtiden till cirka 572 minuter.,<url><loc>https://pendlings-app1.t-767929534-cloudflare.workers.dev/?fran=Örnsköldsvik&amp;till=Trollhättan</loc><changefreq>monthly</changefreq></url>
Örnsköldsvik,Östersund,261,177,Avståndet mellan Örnsköldsvik och Östersund är 261 km och Karl-Johan Gyllenstorm beräknade körtiden till cirka 177 minuter.,<url><loc>https://pendlings-app1.t-767929534-cloudflare.workers.dev/?fran=Örnsköldsvik&amp;till=Östersund</loc><changefreq>monthly</changefreq></url>
Örnsköldsvik,Borlänge,455,310,Avståndet mellan Örnsköldsvik och Borlänge är 455 km och Karl-Johan Gyllenstorm beräknade körtiden till cirka 310 minuter.,<url><loc>https://pendlings-app1.t-767929534-cloudflare.workers.dev/?fran=Örnsköldsvik&amp;till=Borlänge</loc><changefreq>monthly</changefreq></url>
Örnsköldsvik,Falun,434,295,Avståndet mellan Örnsköldsvik och Falun är 434 km och Karl-Johan Gyllenstorm beräknade körtiden till cirka 295 minuter.,<url><loc>https://pendlings-app1.t-767929534-cloudflare.workers.dev/?fran=Örnsköldsvik&amp;till=Falun</loc><changefreq>monthly</changefreq></url>
Örnsköldsvik,Kalmar,957,652,Avståndet mellan Örnsköldsvik och Kalmar är 957 km och Karl-Johan Gyllenstorm beräknade körtiden till cirka 652 minuter.,<url><loc>https://pendlings-app1.t-767929534-cloudflare.workers.dev/?fran=Örnsköldsvik&amp;till=Kalmar</loc><changefreq>monthly</changefreq></url>
Örnsköldsvik,Skövde,774,527,Avståndet mellan Örnsköldsvik och Skövde är 774 km och Karl-Johan Gyllenstorm beräknade körtiden till cirka 527 minuter.,<url><loc>https://pendlings-app1.t-767929534-cloudflare.workers.dev/?fran=Örnsköldsvik&amp;till=Skövde</loc><changefreq>monthly</changefreq></url>
Örnsköldsvik,Kristianstad,1083,738,Avståndet mellan Örnsköldsvik och Kristianstad är 1083 km och Karl-Johan Gyllenstorm beräknade körtiden till cirka 738 minuter.,<url><loc>https://pendlings-app1.t-767929534-cloudflare.workers.dev/?fran=Örnsköldsvik&amp;till=Kristianstad</loc><changefreq>monthly</changefreq></url>
Örnsköldsvik,Karlskrona,1039,708,Avståndet mellan Örnsköldsvik och Karlskrona är 1039 km och Karl-Johan Gyllenstorm beräknade körtiden till cirka 708 minuter.,<url><loc>https://pendlings-app1.t-767929534-cloudflare.workers.dev/?fran=Örnsköldsvik&amp;till=Karlskrona</loc><changefreq>monthly</changefreq></url>
Örnsköldsvik,Skellefteå,250,170,Avståndet mellan Örnsköldsvik och Skellefteå är 250 km och Karl-Johan Gyllenstorm beräknade körtiden till cirka 170 minuter.,<url><loc>https://pendlings-app1.t-767929534-cloudflare.workers.dev/?fran=Örnsköldsvik&amp;till=Skellefteå</loc><changefreq>monthly</changefreq></url>
Örnsköldsvik,Uddevalla,844,575,Avståndet mellan Örnsköldsvik och Uddevalla är 844 km och Karl-Johan Gyllenstorm beräknade körtiden till cirka 575 minuter.,<url><loc>https://pendlings-app1.t-767929534-cloudflare.workers.dev/?fran=Örnsköldsvik&amp;till=Uddevalla</loc><changefreq>monthly</changefreq></url>
Örnsköldsvik,Varberg,990,675,Avståndet mellan Örnsköldsvik och Varberg är 990 km och Karl-Johan Gyllenstorm beräknade körtiden till cirka 675 minuter.,<url><loc>https://pendlings-app1.t-767929534-cloudflare.workers.dev/?fran=Örnsköldsvik&amp;till=Varberg</loc><changefreq>monthly</changefreq></url>
Örnsköldsvik,Motala,722,492,Avståndet mellan Örnsköldsvik och Motala är 722 km och Karl-Johan Gyllenstorm beräknade körtiden till cirka 492 minuter.,<url><loc>https://pendlings-app1.t-767929534-cloudflare.workers.dev/?fran=Örnsköldsvik&amp;till=Motala</loc><changefreq>monthly</changefreq></url>
Örnsköldsvik,Enköping,531,362,Avståndet mellan Örnsköldsvik och Enköping är 531 km och Karl-Johan Gyllenstorm beräknade körtiden till cirka 362 minuter.,<url><loc>https://pendlings-app1.t-767929534-cloudflare.workers.dev/?fran=Örnsköldsvik&amp;till=Enköping</loc><changefreq>monthly</changefreq></url>
Örnsköldsvik,Nyköping,656,447,Avståndet mellan Örnsköldsvik och Nyköping är 656 km och Karl-Johan Gyllenstorm beräknade körtiden till cirka 447 minuter.,<url><loc>https://pendlings-app1.t-767929534-cloudflare.workers.dev/?fran=Örnsköldsvik&amp;till=Nyköping</loc><changefreq>monthly</changefreq></url>
Örnsköldsvik,Karlshamn,1049,715,Avståndet mellan Örnsköldsvik och Karlshamn är 1049 km och Karl-Johan Gyllenstorm beräknade körtiden till cirka 715 minuter.,<url><loc>https://pendlings-app1.t-767929534-cloudflare.workers.dev/?fran=Örnsköldsvik&amp;till=Karlshamn</loc><changefreq>monthly</changefreq></url>
Örnsköldsvik,Västervik,800,545,Avståndet mellan Örnsköldsvik och Västervik är 800 km och Karl-Johan Gyllenstorm beräknade körtiden till cirka 545 minuter.,<url><loc>https://pendlings-app1.t-767929534-cloudflare.workers.dev/?fran=Örnsköldsvik&amp;till=Västervik</loc><changefreq>monthly</changefreq></url>
Örnsköldsvik,Eslöv,1129,769,Avståndet mellan Örnsköldsvik och Eslöv är 1129 km och Karl-Johan Gyllenstorm beräknade körtiden till cirka 769 minuter.,<url><loc>https://pendlings-app1.t-767929534-cloudflare.workers.dev/?fran=Örnsköldsvik&amp;till=Eslöv</loc><changefreq>monthly</changefreq></url>
Örnsköldsvik,Härnösand,106,72,Avståndet mellan Örnsköldsvik och Härnösand är 106 km och Karl-Johan Gyllenstorm beräknade körtiden till cirka 72 minuter.,<url><loc>https://pendlings-app1.t-767929534-cloudflare.workers.dev/?fran=Örnsköldsvik&amp;till=Härnösand</loc><changefreq>monthly</changefreq></url>
Örnsköldsvik,Ystad,1173,799,Avståndet mellan Örnsköldsvik och Ystad är 1173 km och Karl-Johan Gyllenstorm beräknade körtiden till cirka 799 minuter.,<url><loc>https://pendlings-app1.t-767929534-cloudflare.workers.dev/?fran=Örnsköldsvik&amp;till=Ystad</loc><changefreq>monthly</changefreq></url>
Örnsköldsvik,Katrineholm,635,432,Avståndet mellan Örnsköldsvik och Katrineholm är 635 km och Karl-Johan Gyllenstorm beräknade körtiden till cirka 432 minuter.,<url><loc>https://pendlings-app1.t-767929534-cloudflare.workers.dev/?fran=Örnsköldsvik&amp;till=Katrineholm</loc><changefreq>monthly</changefreq></url>
Örnsköldsvik,Mariestad,733,499,Avståndet mellan Örnsköldsvik och Mariestad är 733 km och Karl-Johan Gyllenstorm beräknade körtiden till cirka 499 minuter.,<url><loc>https://pendlings-app1.t-767929534-cloudflare.workers.dev/?fran=Örnsköldsvik&amp;till=Mariestad</loc><changefreq>monthly</changefreq></url>
Örnsköldsvik,Lidköping,781,532,Avståndet mellan Örnsköldsvik och Lidköping är 781 km och Karl-Johan Gyllenstorm beräknade körtiden till cirka 532 minuter.,<url><loc>https://pendlings-app1.t-767929534-cloudflare.workers.dev/?fran=Örnsköldsvik&amp;till=Lidköping</loc><changefreq>monthly</changefreq></url>
Örnsköldsvik,Vänersborg,827,563,Avståndet mellan Örnsköldsvik och Vänersborg är 827 km och Karl-Johan Gyllenstorm beräknade körtiden till cirka 563 minuter.,<url><loc>https://pendlings-app1.t-767929534-cloudflare.workers.dev/?fran=Örnsköldsvik&amp;till=Vänersborg</loc><changefreq>monthly</changefreq></url>
Örnsköldsvik,Värnamo,929,633,Avståndet mellan Örnsköldsvik och Värnamo är 929 km och Karl-Johan Gyllenstorm beräknade körtiden till cirka 633 minuter.,<url><loc>https://pendlings-app1.t-767929534-cloudflare.workers.dev/?fran=Örnsköldsvik&amp;till=Värnamo</loc><changefreq>monthly</changefreq></url>
Örnsköldsvik,Kiruna,655,446,Avståndet mellan Örnsköldsvik och Kiruna är 655 km och Karl-Johan Gyllenstorm beräknade körtiden till cirka 446 minuter.,<url><loc>https://pendlings-app1.t-767929534-cloudflare.workers.dev/?fran=Örnsköldsvik&amp;till=Kiruna</loc><changefreq>monthly</changefreq></url>
Örnsköldsvik,Hudiksvall,246,167,Avståndet mellan Örnsköldsvik och Hudiksvall är 246 km och Karl-Johan Gyllenstorm beräknade körtiden till cirka 167 minuter.,<url><loc>https://pendlings-app1.t-767929534-cloudflare.workers.dev/?fran=Örnsköldsvik&amp;till=Hudiksvall</loc><changefreq>monthly</changefreq></url>
Örnsköldsvik,Falkenberg,1009,687,Avståndet mellan Örnsköldsvik och Falkenberg är 1009 km och Karl-Johan Gyllenstorm beräknade körtiden till cirka 687 minuter.,<url><loc>https://pendlings-app1.t-767929534-cloudflare.workers.dev/?fran=Örnsköldsvik&amp;till=Falkenberg</loc><changefreq>monthly</changefreq></url>
Örnsköldsvik,Visby,925,728,Avståndet mellan Örnsköldsvik och Visby är 925 km och Karl-Johan Gyllenstorm beräknade körtiden till cirka 728 minuter.,<url><loc>https://pendlings-app1.t-767929534-cloudflare.workers.dev/?fran=Örnsköldsvik&amp;till=Visby</loc><changefreq>monthly</changefreq></url>
Nyköping,Stockholm,112,76,Avståndet mellan Nyköping och Stockholm är 112 km och Karl-Johan Gyllenstorm beräknade körtiden till cirka 76 minuter.,<url><loc>https://pendlings-app1.t-767929534-cloudflare.workers.dev/?fran=Nyköping&amp;till=Stockholm</loc><changefreq>monthly</changefreq></url>
Nyköping,Göteborg,405,276,Avståndet mellan Nyköping och Göteborg är 405 km och Karl-Johan Gyllenstorm beräknade körtiden till cirka 276 minuter.,<url><loc>https://pendlings-app1.t-767929534-cloudflare.workers.dev/?fran=Nyköping&amp;till=Göteborg</loc><changefreq>monthly</changefreq></url>
Nyköping,Malmö,544,370,Avståndet mellan Nyköping och Malmö är 544 km och Karl-Johan Gyllenstorm beräknade körtiden till cirka 370 minuter.,<url><loc>https://pendlings-app1.t-767929534-cloudflare.workers.dev/?fran=Nyköping&amp;till=Malmö</loc><changefreq>monthly</changefreq></url>
Nyköping,Uppsala,163,111,Avståndet mellan Nyköping och Uppsala är 163 km och Karl-Johan Gyllenstorm beräknade körtiden till cirka 111 minuter.,<url><loc>https://pendlings-app1.t-767929534-cloudflare.workers.dev/?fran=Nyköping&amp;till=Uppsala</loc><changefreq>monthly</changefreq></url>
Nyköping,Västerås,126,85,Avståndet mellan Nyköping och Västerås är 126 km och Karl-Johan Gyllenstorm beräknade körtiden till cirka 85 minuter.,<url><loc>https://pendlings-app1.t-767929534-cloudflare.workers.dev/?fran=Nyköping&amp;till=Västerås</loc><changefreq>monthly</changefreq></url>
Nyköping,Örebro,151,102,Avståndet mellan Nyköping och Örebro är 151 km och Karl-Johan Gyllenstorm beräknade körtiden till cirka 102 minuter.,<url><loc>https://pendlings-app1.t-767929534-cloudflare.workers.dev/?fran=Nyköping&amp;till=Örebro</loc><changefreq>monthly</changefreq></url>
Nyköping,Linköping,113,77,Avståndet mellan Nyköping och Linköping är 113 km och Karl-Johan Gyllenstorm beräknade körtiden till cirka 77 minuter.,<url><loc>https://pendlings-app1.t-767929534-cloudflare.workers.dev/?fran=Nyköping&amp;till=Linköping</loc><changefreq>monthly</changefreq></url>
Nyköping,Helsingborg,507,345,Avståndet mellan Nyköping och Helsingborg är 507 km och Karl-Johan Gyllenstorm beräknade körtiden till cirka 345 minuter.,<url><loc>https://pendlings-app1.t-767929534-cloudflare.workers.dev/?fran=Nyköping&amp;till=Helsingborg</loc><changefreq>monthly</changefreq></url>
Nyköping,Jönköping,253,172,Avståndet mellan Nyköping och Jönköping är 253 km och Karl-Johan Gyllenstorm beräknade körtiden till cirka 172 minuter.,<url><loc>https://pendlings-app1.t-767929534-cloudflare.workers.dev/?fran=Nyköping&amp;till=Jönköping</loc><changefreq>monthly</changefreq></url>
Nyköping,Norrköping,65,55,Avståndet mellan Nyköping och Norrköping är 65 km och Karl-Johan Gyllenstorm beräknade körtiden till cirka 55 minuter.,<url><loc>https://pendlings-app1.t-767929534-cloudflare.workers.dev/?fran=Nyköping&amp;till=Norrköping</loc><changefreq>monthly</changefreq></url>
Nyköping,Lund,523,356,Avståndet mellan Nyköping och Lund är 523 km och Karl-Johan Gyllenstorm beräknade körtiden till cirka 356 minuter.,<url><loc>https://pendlings-app1.t-767929534-cloudflare.workers.dev/?fran=Nyköping&amp;till=Lund</loc><changefreq>monthly</changefreq></url>
Nyköping,Umeå,755,514,Avståndet mellan Nyköping och Umeå är 755 km och Karl-Johan Gyllenstorm beräknade körtiden till cirka 514 minuter.,<url><loc>https://pendlings-app1.t-767929534-cloudflare.workers.dev/?fran=Nyköping&amp;till=Umeå</loc><changefreq>monthly</changefreq></url>
Nyköping,Gävle,273,186,Avståndet mellan Nyköping och Gävle är 273 km och Karl-Johan Gyllenstorm beräknade körtiden till cirka 186 minuter.,<url><loc>https://pendlings-app1.t-767929534-cloudflare.workers.dev/?fran=Nyköping&amp;till=Gävle</loc><changefreq>monthly</changefreq></url>
Nyköping,Borås,338,230,Avståndet mellan Nyköping och Borås är 338 km och Karl-Johan Gyllenstorm beräknade körtiden till cirka 230 minuter.,<url><loc>https://pendlings-app1.t-767929534-cloudflare.workers.dev/?fran=Nyköping&amp;till=Borås</loc><changefreq>monthly</changefreq></url>
Nyköping,Södertälje,77,66,Avståndet mellan Nyköping och Södertälje är 77 km och Karl-Johan Gyllenstorm beräknade körtiden till cirka 66 minuter.,<url><loc>https://pendlings-app1.t-767929534-cloudflare.workers.dev/?fran=Nyköping&amp;till=Södertälje</loc><changefreq>monthly</changefreq></url>
Nyköping,Eskilstuna,95,81,Avståndet mellan Nyköping och Eskilstuna är 95 km och Karl-Johan Gyllenstorm beräknade körtiden till cirka 81 minuter.,<url><loc>https://pendlings-app1.t-767929534-cloudflare.workers.dev/?fran=Nyköping&amp;till=Eskilstuna</loc><changefreq>monthly</changefreq></url>
Nyköping,Halmstad,432,294,Avståndet mellan Nyköping och Halmstad är 432 km och Karl-Johan Gyllenstorm beräknade körtiden till cirka 294 minuter.,<url><loc>https://pendlings-app1.t-767929534-cloudflare.workers.dev/?fran=Nyköping&amp;till=Halmstad</loc><changefreq>monthly</changefreq></url>
Nyköping,Växjö,314,214,Avståndet mellan Nyköping och Växjö är 314 km och Karl-Johan Gyllenstorm beräknade körtiden till cirka 214 minuter.,<url><loc>https://pendlings-app1.t-767929534-cloudflare.workers.dev/?fran=Nyköping&amp;till=Växjö</loc><changefreq>monthly</changefreq></url>
Nyköping,Karlstad,271,184,Avståndet mellan Nyköping och Karlstad är 271 km och Karl-Johan Gyllenstorm beräknade körtiden till cirka 184 minuter.,<url><loc>https://pendlings-app1.t-767929534-cloudflare.workers.dev/?fran=Nyköping&amp;till=Karlstad</loc><changefreq>monthly</changefreq></url>
Nyköping,Piteå,980,668,Avståndet mellan Nyköping och Piteå är 980 km och Karl-Johan Gyllenstorm beräknade körtiden till cirka 668 minuter.,<url><loc>https://pendlings-app1.t-767929534-cloudflare.workers.dev/?fran=Nyköping&amp;till=Piteå</loc><changefreq>monthly</changefreq></url>
Nyköping,Luleå,1029,701,Avståndet mellan Nyköping och Luleå är 1029 km och Karl-Johan Gyllenstorm beräknade körtiden till cirka 701 minuter.,<url><loc>https://pendlings-app1.t-767929534-cloudflare.workers.dev/?fran=Nyköping&amp;till=Luleå</loc><changefreq>monthly</changefreq></url>
Nyköping,Trollhättan,357,243,Avståndet mellan Nyköping och Trollhättan är 357 km och Karl-Johan Gyllenstorm beräknade körtiden till cirka 243 minuter.,<url><loc>https://pendlings-app1.t-767929534-cloudflare.workers.dev/?fran=Nyköping&amp;till=Trollhättan</loc><changefreq>monthly</changefreq></url>
Nyköping,Östersund,650,443,Avståndet mellan Nyköping och Östersund är 650 km och Karl-Johan Gyllenstorm beräknade körtiden till cirka 443 minuter.,<url><loc>https://pendlings-app1.t-767929534-cloudflare.workers.dev/?fran=Nyköping&amp;till=Östersund</loc><changefreq>monthly</changefreq></url>
Nyköping,Borlänge,271,184,Avståndet mellan Nyköping och Borlänge är 271 km och Karl-Johan Gyllenstorm beräknade körtiden till cirka 184 minuter.,<url><loc>https://pendlings-app1.t-767929534-cloudflare.workers.dev/?fran=Nyköping&amp;till=Borlänge</loc><changefreq>monthly</changefreq></url>
Nyköping,Falun,281,191,Avståndet mellan Nyköping och Falun är 281 km och Karl-Johan Gyllenstorm beräknade körtiden till cirka 191 minuter.,<url><loc>https://pendlings-app1.t-767929534-cloudflare.workers.dev/?fran=Nyköping&amp;till=Falun</loc><changefreq>monthly</changefreq></url>
Nyköping,Kalmar,301,205,Avståndet mellan Nyköping och Kalmar är 301 km och Karl-Johan Gyllenstorm beräknade körtiden till cirka 205 minuter.,<url><loc>https://pendlings-app1.t-767929534-cloudflare.workers.dev/?fran=Nyköping&amp;till=Kalmar</loc><changefreq>monthly</changefreq></url>
Nyköping,Skövde,240,163,Avståndet mellan Nyköping och Skövde är 240 km och Karl-Johan Gyllenstorm beräknade körtiden till cirka 163 minuter.,<url><loc>https://pendlings-app1.t-767929534-cloudflare.workers.dev/?fran=Nyköping&amp;till=Skövde</loc><changefreq>monthly</changefreq></url>
Nyköping,Kristianstad,445,303,Avståndet mellan Nyköping och Kristianstad är 445 km och Karl-Johan Gyllenstorm beräknade körtiden till cirka 303 minuter.,<url><loc>https://pendlings-app1.t-767929534-cloudflare.workers.dev/?fran=Nyköping&amp;till=Kristianstad</loc><changefreq>monthly</changefreq></url>
Nyköping,Karlskrona,384,261,Avståndet mellan Nyköping och Karlskrona är 384 km och Karl-Johan Gyllenstorm beräknade körtiden till cirka 261 minuter.,<url><loc>https://pendlings-app1.t-767929534-cloudflare.workers.dev/?fran=Nyköping&amp;till=Karlskrona</loc><changefreq>monthly</changefreq></url>
Nyköping,Skellefteå,893,608,Avståndet mellan Nyköping och Skellefteå är 893 km och Karl-Johan Gyllenstorm beräknade körtiden till cirka 608 minuter.,<url><loc>https://pendlings-app1.t-767929534-cloudflare.workers.dev/?fran=Nyköping&amp;till=Skellefteå</loc><changefreq>monthly</changefreq></url>
Nyköping,Uddevalla,380,259,Avståndet mellan Nyköping och Uddevalla är 380 km och Karl-Johan Gyllenstorm beräknade körtiden till cirka 259 minuter.,<url><loc>https://pendlings-app1.t-767929534-cloudflare.workers.dev/?fran=Nyköping&amp;till=Uddevalla</loc><changefreq>monthly</changefreq></url>
Nyköping,Varberg,428,291,Avståndet mellan Nyköping och Varberg är 428 km och Karl-Johan Gyllenstorm beräknade körtiden till cirka 291 minuter.,<url><loc>https://pendlings-app1.t-767929534-cloudflare.workers.dev/?fran=Nyköping&amp;till=Varberg</loc><changefreq>monthly</changefreq></url>
Nyköping,Motala,149,101,Avståndet mellan Nyköping och Motala är 149 km och Karl-Johan Gyllenstorm beräknade körtiden till cirka 101 minuter.,<url><loc>https://pendlings-app1.t-767929534-cloudflare.workers.dev/?fran=Nyköping&amp;till=Motala</loc><changefreq>monthly</changefreq></url>
Nyköping,Enköping,125,85,Avståndet mellan Nyköping och Enköping är 125 km och Karl-Johan Gyllenstorm beräknade körtiden till cirka 85 minuter.,<url><loc>https://pendlings-app1.t-767929534-cloudflare.workers.dev/?fran=Nyköping&amp;till=Enköping</loc><changefreq>monthly</changefreq></url>
Nyköping,Örnsköldsvik,656,447,Avståndet mellan Nyköping och Örnsköldsvik är 656 km och Karl-Johan Gyllenstorm beräknade körtiden till cirka 447 minuter.,<url><loc>https://pendlings-app1.t-767929534-cloudflare.workers.dev/?fran=Nyköping&amp;till=Örnsköldsvik</loc><changefreq>monthly</changefreq></url>
Nyköping,Karlshamn,402,274,Avståndet mellan Nyköping och Karlshamn är 402 km och Karl-Johan Gyllenstorm beräknade körtiden till cirka 274 minuter.,<url><loc>https://pendlings-app1.t-767929534-cloudflare.workers.dev/?fran=Nyköping&amp;till=Karlshamn</loc><changefreq>monthly</changefreq></url>
Nyköping,Västervik,144,98,Avståndet mellan Nyköping och Västervik är 144 km och Karl-Johan Gyllenstorm beräknade körtiden till cirka 98 minuter.,<url><loc>https://pendlings-app1.t-767929534-cloudflare.workers.dev/?fran=Nyköping&amp;till=Västervik</loc><changefreq>monthly</changefreq></url>
Nyköping,Eslöv,503,342,Avståndet mellan Nyköping och Eslöv är 503 km och Karl-Johan Gyllenstorm beräknade körtiden till cirka 342 minuter.,<url><loc>https://pendlings-app1.t-767929534-cloudflare.workers.dev/?fran=Nyköping&amp;till=Eslöv</loc><changefreq>monthly</changefreq></url>
Nyköping,Härnösand,555,378,Avståndet mellan Nyköping och Härnösand är 555 km och Karl-Johan Gyllenstorm beräknade körtiden till cirka 378 minuter.,<url><loc>https://pendlings-app1.t-767929534-cloudflare.workers.dev/?fran=Nyköping&amp;till=Härnösand</loc><changefreq>monthly</changefreq></url>
Nyköping,Ystad,533,363,Avståndet mellan Nyköping och Ystad är 533 km och Karl-Johan Gyllenstorm beräknade körtiden till cirka 363 minuter.,<url><loc>https://pendlings-app1.t-767929534-cloudflare.workers.dev/?fran=Nyköping&amp;till=Ystad</loc><changefreq>monthly</changefreq></url>
Nyköping,Katrineholm,68,58,Avståndet mellan Nyköping och Katrineholm är 68 km och Karl-Johan Gyllenstorm beräknade körtiden till cirka 58 minuter.,<url><loc>https://pendlings-app1.t-767929534-cloudflare.workers.dev/?fran=Nyköping&amp;till=Katrineholm</loc><changefreq>monthly</changefreq></url>
Nyköping,Mariestad,235,160,Avståndet mellan Nyköping och Mariestad är 235 km och Karl-Johan Gyllenstorm beräknade körtiden till cirka 160 minuter.,<url><loc>https://pendlings-app1.t-767929534-cloudflare.workers.dev/?fran=Nyköping&amp;till=Mariestad</loc><changefreq>monthly</changefreq></url>
Nyköping,Lidköping,287,195,Avståndet mellan Nyköping och Lidköping är 287 km och Karl-Johan Gyllenstorm beräknade körtiden till cirka 195 minuter.,<url><loc>https://pendlings-app1.t-767929534-cloudflare.workers.dev/?fran=Nyköping&amp;till=Lidköping</loc><changefreq>monthly</changefreq></url>
Nyköping,Vänersborg,351,239,Avståndet mellan Nyköping och Vänersborg är 351 km och Karl-Johan Gyllenstorm beräknade körtiden till cirka 239 minuter.,<url><loc>https://pendlings-app1.t-767929534-cloudflare.workers.dev/?fran=Nyköping&amp;till=Vänersborg</loc><changefreq>monthly</changefreq></url>
Nyköping,Värnamo,316,215,Avståndet mellan Nyköping och Värnamo är 316 km och Karl-Johan Gyllenstorm beräknade körtiden till cirka 215 minuter.,<url><loc>https://pendlings-app1.t-767929534-cloudflare.workers.dev/?fran=Nyköping&amp;till=Värnamo</loc><changefreq>monthly</changefreq></url>
Nyköping,Kiruna,1311,893,Avståndet mellan Nyköping och Kiruna är 1311 km och Karl-Johan Gyllenstorm beräknade körtiden till cirka 893 minuter.,<url><loc>https://pendlings-app1.t-767929534-cloudflare.workers.dev/?fran=Nyköping&amp;till=Kiruna</loc><changefreq>monthly</changefreq></url>
Nyköping,Hudiksvall,423,288,Avståndet mellan Nyköping och Hudiksvall är 423 km och Karl-Johan Gyllenstorm beräknade körtiden till cirka 288 minuter.,<url><loc>https://pendlings-app1.t-767929534-cloudflare.workers.dev/?fran=Nyköping&amp;till=Hudiksvall</loc><changefreq>monthly</changefreq></url>
Nyköping,Falkenberg,431,293,Avståndet mellan Nyköping och Falkenberg är 431 km och Karl-Johan Gyllenstorm beräknade körtiden till cirka 293 minuter.,<url><loc>https://pendlings-app1.t-767929534-cloudflare.workers.dev/?fran=Nyköping&amp;till=Falkenberg</loc><changefreq>monthly</changefreq></url>
Nyköping,Visby,306,306,Avståndet mellan Nyköping och Visby är 306 km och Karl-Johan Gyllenstorm beräknade körtiden till cirka 306 minuter.,<url><loc>https://pendlings-app1.t-767929534-cloudflare.workers.dev/?fran=Nyköping&amp;till=Visby</loc><changefreq>monthly</changefreq></url>
Karlshamn,Stockholm,511,348,Avståndet mellan Karlshamn och Stockholm är 511 km och Karl-Johan Gyllenstorm beräknade körtiden till cirka 348 minuter.,<url><loc>https://pendlings-app1.t-767929534-cloudflare.workers.dev/?fran=Karlshamn&amp;till=Stockholm</loc><changefreq>monthly</changefreq></url>
Karlshamn,Göteborg,313,213,Avståndet mellan Karlshamn och Göteborg är 313 km och Karl-Johan Gyllenstorm beräknade körtiden till cirka 213 minuter.,<url><loc>https://pendlings-app1.t-767929534-cloudflare.workers.dev/?fran=Karlshamn&amp;till=Göteborg</loc><changefreq>monthly</changefreq></url>
Karlshamn,Malmö,168,114,Avståndet mellan Karlshamn och Malmö är 168 km och Karl-Johan Gyllenstorm beräknade körtiden till cirka 114 minuter.,<url><loc>https://pendlings-app1.t-767929534-cloudflare.workers.dev/?fran=Karlshamn&amp;till=Malmö</loc><changefreq>monthly</changefreq></url>
Karlshamn,Uppsala,564,384,Avståndet mellan Karlshamn och Uppsala är 564 km och Karl-Johan Gyllenstorm beräknade körtiden till cirka 384 minuter.,<url><loc>https://pendlings-app1.t-767929534-cloudflare.workers.dev/?fran=Karlshamn&amp;till=Uppsala</loc><changefreq>monthly</changefreq></url>
Karlshamn,Västerås,505,344,Avståndet mellan Karlshamn och Västerås är 505 km och Karl-Johan Gyllenstorm beräknade körtiden till cirka 344 minuter.,<url><loc>https://pendlings-app1.t-767929534-cloudflare.workers.dev/?fran=Karlshamn&amp;till=Västerås</loc><changefreq>monthly</changefreq></url>
Karlshamn,Örebro,442,301,Avståndet mellan Karlshamn och Örebro är 442 km och Karl-Johan Gyllenstorm beräknade körtiden till cirka 301 minuter.,<url><loc>https://pendlings-app1.t-767929534-cloudflare.workers.dev/?fran=Karlshamn&amp;till=Örebro</loc><changefreq>monthly</changefreq></url>
Karlshamn,Linköping,324,220,Avståndet mellan Karlshamn och Linköping är 324 km och Karl-Johan Gyllenstorm beräknade körtiden till cirka 220 minuter.,<url><loc>https://pendlings-app1.t-767929534-cloudflare.workers.dev/?fran=Karlshamn&amp;till=Linköping</loc><changefreq>monthly</changefreq></url>
Karlshamn,Helsingborg,172,117,Avståndet mellan Karlshamn och Helsingborg är 172 km och Karl-Johan Gyllenstorm beräknade körtiden till cirka 117 minuter.,<url><loc>https://pendlings-app1.t-767929534-cloudflare.workers.dev/?fran=Karlshamn&amp;till=Helsingborg</loc><changefreq>monthly</changefreq></url>
Karlshamn,Jönköping,235,160,Avståndet mellan Karlshamn och Jönköping är 235 km och Karl-Johan Gyllenstorm beräknade körtiden till cirka 160 minuter.,<url><loc>https://pendlings-app1.t-767929534-cloudflare.workers.dev/?fran=Karlshamn&amp;till=Jönköping</loc><changefreq>monthly</changefreq></url>
Karlshamn,Norrköping,358,244,Avståndet mellan Karlshamn och Norrköping är 358 km och Karl-Johan Gyllenstorm beräknade körtiden till cirka 244 minuter.,<url><loc>https://pendlings-app1.t-767929534-cloudflare.workers.dev/?fran=Karlshamn&amp;till=Norrköping</loc><changefreq>monthly</changefreq></url>
Karlshamn,Lund,148,100,Avståndet mellan Karlshamn och Lund är 148 km och Karl-Johan Gyllenstorm beräknade körtiden till cirka 100 minuter.,<url><loc>https://pendlings-app1.t-767929534-cloudflare.workers.dev/?fran=Karlshamn&amp;till=Lund</loc><changefreq>monthly</changefreq></url>
Karlshamn,Umeå,1154,786,Avståndet mellan Karlshamn och Umeå är 1154 km och Karl-Johan Gyllenstorm beräknade körtiden till cirka 786 minuter.,<url><loc>https://pendlings-app1.t-767929534-cloudflare.workers.dev/?fran=Karlshamn&amp;till=Umeå</loc><changefreq>monthly</changefreq></url>
Karlshamn,Gävle,663,452,Avståndet mellan Karlshamn och Gävle är 663 km och Karl-Johan Gyllenstorm beräknade körtiden till cirka 452 minuter.,<url><loc>https://pendlings-app1.t-767929534-cloudflare.workers.dev/?fran=Karlshamn&amp;till=Gävle</loc><changefreq>monthly</changefreq></url>
Karlshamn,Borås,266,181,Avståndet mellan Karlshamn och Borås är 266 km och Karl-Johan Gyllenstorm beräknade körtiden till cirka 181 minuter.,<url><loc>https://pendlings-app1.t-767929534-cloudflare.workers.dev/?fran=Karlshamn&amp;till=Borås</loc><changefreq>monthly</changefreq></url>
Karlshamn,Södertälje,479,326,Avståndet mellan Karlshamn och Södertälje är 479 km och Karl-Johan Gyllenstorm beräknade körtiden till cirka 326 minuter.,<url><loc>https://pendlings-app1.t-767929534-cloudflare.workers.dev/?fran=Karlshamn&amp;till=Södertälje</loc><changefreq>monthly</changefreq></url>
Karlshamn,Eskilstuna,472,321,Avståndet mellan Karlshamn och Eskilstuna är 472 km och Karl-Johan Gyllenstorm beräknade körtiden till cirka 321 minuter.,<url><loc>https://pendlings-app1.t-767929534-cloudflare.workers.dev/?fran=Karlshamn&amp;till=Eskilstuna</loc><changefreq>monthly</changefreq></url>
Karlshamn,Halmstad,173,117,Avståndet mellan Karlshamn och Halmstad är 173 km och Karl-Johan Gyllenstorm beräknade körtiden till cirka 117 minuter.,<url><loc>https://pendlings-app1.t-767929534-cloudflare.workers.dev/?fran=Karlshamn&amp;till=Halmstad</loc><changefreq>monthly</changefreq></url>
Karlshamn,Växjö,100,68,Avståndet mellan Karlshamn och Växjö är 100 km och Karl-Johan Gyllenstorm beräknade körtiden till cirka 68 minuter.,<url><loc>https://pendlings-app1.t-767929534-cloudflare.workers.dev/?fran=Karlshamn&amp;till=Växjö</loc><changefreq>monthly</changefreq></url>
Karlshamn,Karlstad,468,319,Avståndet mellan Karlshamn och Karlstad är 468 km och Karl-Johan Gyllenstorm beräknade körtiden till cirka 319 minuter.,<url><loc>https://pendlings-app1.t-767929534-cloudflare.workers.dev/?fran=Karlshamn&amp;till=Karlstad</loc><changefreq>monthly</changefreq></url>
Karlshamn,Piteå,1379,940,Avståndet mellan Karlshamn och Piteå är 1379 km och Karl-Johan Gyllenstorm beräknade körtiden till cirka 940 minuter.,<url><loc>https://pendlings-app1.t-767929534-cloudflare.workers.dev/?fran=Karlshamn&amp;till=Piteå</loc><changefreq>monthly</changefreq></url>
Karlshamn,Luleå,1429,974,Avståndet mellan Karlshamn och Luleå är 1429 km och Karl-Johan Gyllenstorm beräknade körtiden till cirka 974 minuter.,<url><loc>https://pendlings-app1.t-767929534-cloudflare.workers.dev/?fran=Karlshamn&amp;till=Luleå</loc><changefreq>monthly</changefreq></url>
Karlshamn,Trollhättan,360,245,Avståndet mellan Karlshamn och Trollhättan är 360 km och Karl-Johan Gyllenstorm beräknade körtiden till cirka 245 minuter.,<url><loc>https://pendlings-app1.t-767929534-cloudflare.workers.dev/?fran=Karlshamn&amp;till=Trollhättan</loc><changefreq>monthly</changefreq></url>
Karlshamn,Östersund,997,679,Avståndet mellan Karlshamn och Östersund är 997 km och Karl-Johan Gyllenstorm beräknade körtiden till cirka 679 minuter.,<url><loc>https://pendlings-app1.t-767929534-cloudflare.workers.dev/?fran=Karlshamn&amp;till=Östersund</loc><changefreq>monthly</changefreq></url>
Karlshamn,Borlänge,615,419,Avståndet mellan Karlshamn och Borlänge är 615 km och Karl-Johan Gyllenstorm beräknade körtiden till cirka 419 minuter.,<url><loc>https://pendlings-app1.t-767929534-cloudflare.workers.dev/?fran=Karlshamn&amp;till=Borlänge</loc><changefreq>monthly</changefreq></url>
Karlshamn,Falun,633,431,Avståndet mellan Karlshamn och Falun är 633 km och Karl-Johan Gyllenstorm beräknade körtiden till cirka 431 minuter.,<url><loc>https://pendlings-app1.t-767929534-cloudflare.workers.dev/?fran=Karlshamn&amp;till=Falun</loc><changefreq>monthly</changefreq></url>
Karlshamn,Kalmar,136,92,Avståndet mellan Karlshamn och Kalmar är 136 km och Karl-Johan Gyllenstorm beräknade körtiden till cirka 92 minuter.,<url><loc>https://pendlings-app1.t-767929534-cloudflare.workers.dev/?fran=Karlshamn&amp;till=Kalmar</loc><changefreq>monthly</changefreq></url>
Karlshamn,Skövde,325,221,Avståndet mellan Karlshamn och Skövde är 325 km och Karl-Johan Gyllenstorm beräknade körtiden till cirka 221 minuter.,<url><loc>https://pendlings-app1.t-767929534-cloudflare.workers.dev/?fran=Karlshamn&amp;till=Skövde</loc><changefreq>monthly</changefreq></url>
Karlshamn,Kristianstad,59,50,Avståndet mellan Karlshamn och Kristianstad är 59 km och Karl-Johan Gyllenstorm beräknade körtiden till cirka 50 minuter.,<url><loc>https://pendlings-app1.t-767929534-cloudflare.workers.dev/?fran=Karlshamn&amp;till=Kristianstad</loc><changefreq>monthly</changefreq></url>
Karlshamn,Karlskrona,57,48,Avståndet mellan Karlshamn och Karlskrona är 57 km och Karl-Johan Gyllenstorm beräknade körtiden till cirka 48 minuter.,<url><loc>https://pendlings-app1.t-767929534-cloudflare.workers.dev/?fran=Karlshamn&amp;till=Karlskrona</loc><changefreq>monthly</changefreq></url>
Karlshamn,Skellefteå,1292,880,Avståndet mellan Karlshamn och Skellefteå är 1292 km och Karl-Johan Gyllenstorm beräknade körtiden till cirka 880 minuter.,<url><loc>https://pendlings-app1.t-767929534-cloudflare.workers.dev/?fran=Karlshamn&amp;till=Skellefteå</loc><changefreq>monthly</changefreq></url>
Karlshamn,Uddevalla,383,261,Avståndet mellan Karlshamn och Uddevalla är 383 km och Karl-Johan Gyllenstorm beräknade körtiden till cirka 261 minuter.,<url><loc>https://pendlings-app1.t-767929534-cloudflare.workers.dev/?fran=Karlshamn&amp;till=Uddevalla</loc><changefreq>monthly</changefreq></url>
Karlshamn,Varberg,243,165,Avståndet mellan Karlshamn och Varberg är 243 km och Karl-Johan Gyllenstorm beräknade körtiden till cirka 165 minuter.,<url><loc>https://pendlings-app1.t-767929534-cloudflare.workers.dev/?fran=Karlshamn&amp;till=Varberg</loc><changefreq>monthly</changefreq></url>
Karlshamn,Motala,337,229,Avståndet mellan Karlshamn och Motala är 337 km och Karl-Johan Gyllenstorm beräknade körtiden till cirka 229 minuter.,<url><loc>https://pendlings-app1.t-767929534-cloudflare.workers.dev/?fran=Karlshamn&amp;till=Motala</loc><changefreq>monthly</changefreq></url>
Karlshamn,Enköping,520,354,Avståndet mellan Karlshamn och Enköping är 520 km och Karl-Johan Gyllenstorm beräknade körtiden till cirka 354 minuter.,<url><loc>https://pendlings-app1.t-767929534-cloudflare.workers.dev/?fran=Karlshamn&amp;till=Enköping</loc><changefreq>monthly</changefreq></url>
Karlshamn,Örnsköldsvik,1049,715,Avståndet mellan Karlshamn och Örnsköldsvik är 1049 km och Karl-Johan Gyllenstorm beräknade körtiden till cirka 715 minuter.,<url><loc>https://pendlings-app1.t-767929534-cloudflare.workers.dev/?fran=Karlshamn&amp;till=Örnsköldsvik</loc><changefreq>monthly</changefreq></url>
Karlshamn,Nyköping,402,274,Avståndet mellan Karlshamn och Nyköping är 402 km och Karl-Johan Gyllenstorm beräknade körtiden till cirka 274 minuter.,<url><loc>https://pendlings-app1.t-767929534-cloudflare.workers.dev/?fran=Karlshamn&amp;till=Nyköping</loc><changefreq>monthly</changefreq></url>
Karlshamn,Västervik,264,180,Avståndet mellan Karlshamn och Västervik är 264 km och Karl-Johan Gyllenstorm beräknade körtiden till cirka 180 minuter.,<url><loc>https://pendlings-app1.t-767929534-cloudflare.workers.dev/?fran=Karlshamn&amp;till=Västervik</loc><changefreq>monthly</changefreq></url>
Karlshamn,Eslöv,132,90,Avståndet mellan Karlshamn och Eslöv är 132 km och Karl-Johan Gyllenstorm beräknade körtiden till cirka 90 minuter.,<url><loc>https://pendlings-app1.t-767929534-cloudflare.workers.dev/?fran=Karlshamn&amp;till=Eslöv</loc><changefreq>monthly</changefreq></url>
Karlshamn,Härnösand,946,645,Avståndet mellan Karlshamn och Härnösand är 946 km och Karl-Johan Gyllenstorm beräknade körtiden till cirka 645 minuter.,<url><loc>https://pendlings-app1.t-767929534-cloudflare.workers.dev/?fran=Karlshamn&amp;till=Härnösand</loc><changefreq>monthly</changefreq></url>
Karlshamn,Ystad,134,91,Avståndet mellan Karlshamn och Ystad är 134 km och Karl-Johan Gyllenstorm beräknade körtiden till cirka 91 minuter.,<url><loc>https://pendlings-app1.t-767929534-cloudflare.workers.dev/?fran=Karlshamn&amp;till=Ystad</loc><changefreq>monthly</changefreq></url>
Karlshamn,Katrineholm,414,282,Avståndet mellan Karlshamn och Katrineholm är 414 km och Karl-Johan Gyllenstorm beräknade körtiden till cirka 282 minuter.,<url><loc>https://pendlings-app1.t-767929534-cloudflare.workers.dev/?fran=Karlshamn&amp;till=Katrineholm</loc><changefreq>monthly</changefreq></url>
Karlshamn,Mariestad,369,251,Avståndet mellan Karlshamn och Mariestad är 369 km och Karl-Johan Gyllenstorm beräknade körtiden till cirka 251 minuter.,<url><loc>https://pendlings-app1.t-767929534-cloudflare.workers.dev/?fran=Karlshamn&amp;till=Mariestad</loc><changefreq>monthly</changefreq></url>
Karlshamn,Lidköping,356,242,Avståndet mellan Karlshamn och Lidköping är 356 km och Karl-Johan Gyllenstorm beräknade körtiden till cirka 242 minuter.,<url><loc>https://pendlings-app1.t-767929534-cloudflare.workers.dev/?fran=Karlshamn&amp;till=Lidköping</loc><changefreq>monthly</changefreq></url>
Karlshamn,Vänersborg,369,251,Avståndet mellan Karlshamn och Vänersborg är 369 km och Karl-Johan Gyllenstorm beräknade körtiden till cirka 251 minuter.,<url><loc>https://pendlings-app1.t-767929534-cloudflare.workers.dev/?fran=Karlshamn&amp;till=Vänersborg</loc><changefreq>monthly</changefreq></url>
Karlshamn,Värnamo,158,107,Avståndet mellan Karlshamn och Värnamo är 158 km och Karl-Johan Gyllenstorm beräknade körtiden till cirka 107 minuter.,<url><loc>https://pendlings-app1.t-767929534-cloudflare.workers.dev/?fran=Karlshamn&amp;till=Värnamo</loc><changefreq>monthly</changefreq></url>
Karlshamn,Kiruna,1699,1158,Avståndet mellan Karlshamn och Kiruna är 1699 km och Karl-Johan Gyllenstorm beräknade körtiden till cirka 1158 minuter.,<url><loc>https://pendlings-app1.t-767929534-cloudflare.workers.dev/?fran=Karlshamn&amp;till=Kiruna</loc><changefreq>monthly</changefreq></url>
Karlshamn,Hudiksvall,808,550,Avståndet mellan Karlshamn och Hudiksvall är 808 km och Karl-Johan Gyllenstorm beräknade körtiden till cirka 550 minuter.,<url><loc>https://pendlings-app1.t-767929534-cloudflare.workers.dev/?fran=Karlshamn&amp;till=Hudiksvall</loc><changefreq>monthly</changefreq></url>
Karlshamn,Falkenberg,213,145,Avståndet mellan Karlshamn och Falkenberg är 213 km och Karl-Johan Gyllenstorm beräknade körtiden till cirka 145 minuter.,<url><loc>https://pendlings-app1.t-767929534-cloudflare.workers.dev/?fran=Karlshamn&amp;till=Falkenberg</loc><changefreq>monthly</changefreq></url>
Karlshamn,Visby,458,410,Avståndet mellan Karlshamn och Visby är 458 km och Karl-Johan Gyllenstorm beräknade körtiden till cirka 410 minuter.,<url><loc>https://pendlings-app1.t-767929534-cloudflare.workers.dev/?fran=Karlshamn&amp;till=Visby</loc><changefreq>monthly</changefreq></url>
Västervik,Stockholm,247,168,Avståndet mellan Västervik och Stockholm är 247 km och Karl-Johan Gyllenstorm beräknade körtiden till cirka 168 minuter.,<url><loc>https://pendlings-app1.t-767929534-cloudflare.workers.dev/?fran=Västervik&amp;till=Stockholm</loc><changefreq>monthly</changefreq></url>
Västervik,Göteborg,354,241,Avståndet mellan Västervik och Göteborg är 354 km och Karl-Johan Gyllenstorm beräknade körtiden till cirka 241 minuter.,<url><loc>https://pendlings-app1.t-767929534-cloudflare.workers.dev/?fran=Västervik&amp;till=Göteborg</loc><changefreq>monthly</changefreq></url>
Västervik,Malmö,417,284,Avståndet mellan Västervik och Malmö är 417 km och Karl-Johan Gyllenstorm beräknade körtiden till cirka 284 minuter.,<url><loc>https://pendlings-app1.t-767929534-cloudflare.workers.dev/?fran=Västervik&amp;till=Malmö</loc><changefreq>monthly</changefreq></url>
Västervik,Uppsala,307,209,Avståndet mellan Västervik och Uppsala är 307 km och Karl-Johan Gyllenstorm beräknade körtiden till cirka 209 minuter.,<url><loc>https://pendlings-app1.t-767929534-cloudflare.workers.dev/?fran=Västervik&amp;till=Uppsala</loc><changefreq>monthly</changefreq></url>
Västervik,Västerås,263,179,Avståndet mellan Västervik och Västerås är 263 km och Karl-Johan Gyllenstorm beräknade körtiden till cirka 179 minuter.,<url><loc>https://pendlings-app1.t-767929534-cloudflare.workers.dev/?fran=Västervik&amp;till=Västerås</loc><changefreq>monthly</changefreq></url>
Västervik,Örebro,240,163,Avståndet mellan Västervik och Örebro är 240 km och Karl-Johan Gyllenstorm beräknade körtiden till cirka 163 minuter.,<url><loc>https://pendlings-app1.t-767929534-cloudflare.workers.dev/?fran=Västervik&amp;till=Örebro</loc><changefreq>monthly</changefreq></url>
Västervik,Linköping,120,81,Avståndet mellan Västervik och Linköping är 120 km och Karl-Johan Gyllenstorm beräknade körtiden till cirka 81 minuter.,<url><loc>https://pendlings-app1.t-767929534-cloudflare.workers.dev/?fran=Västervik&amp;till=Linköping</loc><changefreq>monthly</changefreq></url>
Västervik,Helsingborg,391,266,Avståndet mellan Västervik och Helsingborg är 391 km och Karl-Johan Gyllenstorm beräknade körtiden till cirka 266 minuter.,<url><loc>https://pendlings-app1.t-767929534-cloudflare.workers.dev/?fran=Västervik&amp;till=Helsingborg</loc><changefreq>monthly</changefreq></url>
Västervik,Jönköping,187,127,Avståndet mellan Västervik och Jönköping är 187 km och Karl-Johan Gyllenstorm beräknade körtiden till cirka 127 minuter.,<url><loc>https://pendlings-app1.t-767929534-cloudflare.workers.dev/?fran=Västervik&amp;till=Jönköping</loc><changefreq>monthly</changefreq></url>
Västervik,Norrköping,122,83,Avståndet mellan Västervik och Norrköping är 122 km och Karl-Johan Gyllenstorm beräknade körtiden till cirka 83 minuter.,<url><loc>https://pendlings-app1.t-767929534-cloudflare.workers.dev/?fran=Västervik&amp;till=Norrköping</loc><changefreq>monthly</changefreq></url>
Västervik,Lund,397,270,Avståndet mellan Västervik och Lund är 397 km och Karl-Johan Gyllenstorm beräknade körtiden till cirka 270 minuter.,<url><loc>https://pendlings-app1.t-767929534-cloudflare.workers.dev/?fran=Västervik&amp;till=Lund</loc><changefreq>monthly</changefreq></url>
Västervik,Umeå,899,612,Avståndet mellan Västervik och Umeå är 899 km och Karl-Johan Gyllenstorm beräknade körtiden till cirka 612 minuter.,<url><loc>https://pendlings-app1.t-767929534-cloudflare.workers.dev/?fran=Västervik&amp;till=Umeå</loc><changefreq>monthly</changefreq></url>
Västervik,Gävle,416,283,Avståndet mellan Västervik och Gävle är 416 km och Karl-Johan Gyllenstorm beräknade körtiden till cirka 283 minuter.,<url><loc>https://pendlings-app1.t-767929534-cloudflare.workers.dev/?fran=Västervik&amp;till=Gävle</loc><changefreq>monthly</changefreq></url>
Västervik,Borås,280,190,Avståndet mellan Västervik och Borås är 280 km och Karl-Johan Gyllenstorm beräknade körtiden till cirka 190 minuter.,<url><loc>https://pendlings-app1.t-767929534-cloudflare.workers.dev/?fran=Västervik&amp;till=Borås</loc><changefreq>monthly</changefreq></url>
Västervik,Södertälje,217,147,Avståndet mellan Västervik och Södertälje är 217 km och Karl-Johan Gyllenstorm beräknade körtiden till cirka 147 minuter.,<url><loc>https://pendlings-app1.t-767929534-cloudflare.workers.dev/?fran=Västervik&amp;till=Södertälje</loc><changefreq>monthly</changefreq></url>
Västervik,Eskilstuna,229,156,Avståndet mellan Västervik och Eskilstuna är 229 km och Karl-Johan Gyllenstorm beräknade körtiden till cirka 156 minuter.,<url><loc>https://pendlings-app1.t-767929534-cloudflare.workers.dev/?fran=Västervik&amp;till=Eskilstuna</loc><changefreq>monthly</changefreq></url>
Västervik,Halmstad,329,224,Avståndet mellan Västervik och Halmstad är 329 km och Karl-Johan Gyllenstorm beräknade körtiden till cirka 224 minuter.,<url><loc>https://pendlings-app1.t-767929534-cloudflare.workers.dev/?fran=Västervik&amp;till=Halmstad</loc><changefreq>monthly</changefreq></url>
Västervik,Växjö,188,128,Avståndet mellan Västervik och Växjö är 188 km och Karl-Johan Gyllenstorm beräknade körtiden till cirka 128 minuter.,<url><loc>https://pendlings-app1.t-767929534-cloudflare.workers.dev/?fran=Västervik&amp;till=Växjö</loc><changefreq>monthly</changefreq></url>
Västervik,Karlstad,327,222,Avståndet mellan Västervik och Karlstad är 327 km och Karl-Johan Gyllenstorm beräknade körtiden till cirka 222 minuter.,<url><loc>https://pendlings-app1.t-767929534-cloudflare.workers.dev/?fran=Västervik&amp;till=Karlstad</loc><changefreq>monthly</changefreq></url>
Västervik,Piteå,1124,766,Avståndet mellan Västervik och Piteå är 1124 km och Karl-Johan Gyllenstorm beräknade körtiden till cirka 766 minuter.,<url><loc>https://pendlings-app1.t-767929534-cloudflare.workers.dev/?fran=Västervik&amp;till=Piteå</loc><changefreq>monthly</changefreq></url>
Västervik,Luleå,1173,799,Avståndet mellan Västervik och Luleå är 1173 km och Karl-Johan Gyllenstorm beräknade körtiden till cirka 799 minuter.,<url><loc>https://pendlings-app1.t-767929534-cloudflare.workers.dev/?fran=Västervik&amp;till=Luleå</loc><changefreq>monthly</changefreq></url>
Västervik,Trollhättan,336,229,Avståndet mellan Västervik och Trollhättan är 336 km och Karl-Johan Gyllenstorm beräknade körtiden till cirka 229 minuter.,<url><loc>https://pendlings-app1.t-767929534-cloudflare.workers.dev/?fran=Västervik&amp;till=Trollhättan</loc><changefreq>monthly</changefreq></url>
Västervik,Östersund,783,533,Avståndet mellan Västervik och Östersund är 783 km och Karl-Johan Gyllenstorm beräknade körtiden till cirka 533 minuter.,<url><loc>https://pendlings-app1.t-767929534-cloudflare.workers.dev/?fran=Västervik&amp;till=Östersund</loc><changefreq>monthly</changefreq></url>
Västervik,Borlänge,397,270,Avståndet mellan Västervik och Borlänge är 397 km och Karl-Johan Gyllenstorm beräknade körtiden till cirka 270 minuter.,<url><loc>https://pendlings-app1.t-767929534-cloudflare.workers.dev/?fran=Västervik&amp;till=Borlänge</loc><changefreq>monthly</changefreq></url>
Västervik,Falun,411,280,Avståndet mellan Västervik och Falun är 411 km och Karl-Johan Gyllenstorm beräknade körtiden till cirka 280 minuter.,<url><loc>https://pendlings-app1.t-767929534-cloudflare.workers.dev/?fran=Västervik&amp;till=Falun</loc><changefreq>monthly</changefreq></url>
Västervik,Kalmar,157,107,Avståndet mellan Västervik och Kalmar är 157 km och Karl-Johan Gyllenstorm beräknade körtiden till cirka 107 minuter.,<url><loc>https://pendlings-app1.t-767929534-cloudflare.workers.dev/?fran=Västervik&amp;till=Kalmar</loc><changefreq>monthly</changefreq></url>
Västervik,Skövde,228,155,Avståndet mellan Västervik och Skövde är 228 km och Karl-Johan Gyllenstorm beräknade körtiden till cirka 155 minuter.,<url><loc>https://pendlings-app1.t-767929534-cloudflare.workers.dev/?fran=Västervik&amp;till=Skövde</loc><changefreq>monthly</changefreq></url>
Västervik,Kristianstad,312,212,Avståndet mellan Västervik och Kristianstad är 312 km och Karl-Johan Gyllenstorm beräknade körtiden till cirka 212 minuter.,<url><loc>https://pendlings-app1.t-767929534-cloudflare.workers.dev/?fran=Västervik&amp;till=Kristianstad</loc><changefreq>monthly</changefreq></url>
Västervik,Karlskrona,241,164,Avståndet mellan Västervik och Karlskrona är 241 km och Karl-Johan Gyllenstorm beräknade körtiden till cirka 164 minuter.,<url><loc>https://pendlings-app1.t-767929534-cloudflare.workers.dev/?fran=Västervik&amp;till=Karlskrona</loc><changefreq>monthly</changefreq></url>
Västervik,Skellefteå,1037,707,Avståndet mellan Västervik och Skellefteå är 1037 km och Karl-Johan Gyllenstorm beräknade körtiden till cirka 707 minuter.,<url><loc>https://pendlings-app1.t-767929534-cloudflare.workers.dev/?fran=Västervik&amp;till=Skellefteå</loc><changefreq>monthly</changefreq></url>
Västervik,Uddevalla,363,247,Avståndet mellan Västervik och Uddevalla är 363 km och Karl-Johan Gyllenstorm beräknade körtiden till cirka 247 minuter.,<url><loc>https://pendlings-app1.t-767929534-cloudflare.workers.dev/?fran=Västervik&amp;till=Uddevalla</loc><changefreq>monthly</changefreq></url>
Västervik,Varberg,348,237,Avståndet mellan Västervik och Varberg är 348 km och Karl-Johan Gyllenstorm beräknade körtiden till cirka 237 minuter.,<url><loc>https://pendlings-app1.t-767929534-cloudflare.workers.dev/?fran=Västervik&amp;till=Varberg</loc><changefreq>monthly</changefreq></url>
Västervik,Motala,163,111,Avståndet mellan Västervik och Motala är 163 km och Karl-Johan Gyllenstorm beräknade körtiden till cirka 111 minuter.,<url><loc>https://pendlings-app1.t-767929534-cloudflare.workers.dev/?fran=Västervik&amp;till=Motala</loc><changefreq>monthly</changefreq></url>
Västervik,Enköping,269,183,Avståndet mellan Västervik och Enköping är 269 km och Karl-Johan Gyllenstorm beräknade körtiden till cirka 183 minuter.,<url><loc>https://pendlings-app1.t-767929534-cloudflare.workers.dev/?fran=Västervik&amp;till=Enköping</loc><changefreq>monthly</changefreq></url>
Västervik,Örnsköldsvik,800,545,Avståndet mellan Västervik och Örnsköldsvik är 800 km och Karl-Johan Gyllenstorm beräknade körtiden till cirka 545 minuter.,<url><loc>https://pendlings-app1.t-767929534-cloudflare.workers.dev/?fran=Västervik&amp;till=Örnsköldsvik</loc><changefreq>monthly</changefreq></url>
Västervik,Nyköping,144,98,Avståndet mellan Västervik och Nyköping är 144 km och Karl-Johan Gyllenstorm beräknade körtiden till cirka 98 minuter.,<url><loc>https://pendlings-app1.t-767929534-cloudflare.workers.dev/?fran=Västervik&amp;till=Nyköping</loc><changefreq>monthly</changefreq></url>
Västervik,Karlshamn,264,180,Avståndet mellan Västervik och Karlshamn är 264 km och Karl-Johan Gyllenstorm beräknade körtiden till cirka 180 minuter.,<url><loc>https://pendlings-app1.t-767929534-cloudflare.workers.dev/?fran=Västervik&amp;till=Karlshamn</loc><changefreq>monthly</changefreq></url>
Västervik,Eslöv,376,256,Avståndet mellan Västervik och Eslöv är 376 km och Karl-Johan Gyllenstorm beräknade körtiden till cirka 256 minuter.,<url><loc>https://pendlings-app1.t-767929534-cloudflare.workers.dev/?fran=Västervik&amp;till=Eslöv</loc><changefreq>monthly</changefreq></url>
Västervik,Härnösand,699,476,Avståndet mellan Västervik och Härnösand är 699 km och Karl-Johan Gyllenstorm beräknade körtiden till cirka 476 minuter.,<url><loc>https://pendlings-app1.t-767929534-cloudflare.workers.dev/?fran=Västervik&amp;till=Härnösand</loc><changefreq>monthly</changefreq></url>
Västervik,Ystad,398,271,Avståndet mellan Västervik och Ystad är 398 km och Karl-Johan Gyllenstorm beräknade körtiden till cirka 271 minuter.,<url><loc>https://pendlings-app1.t-767929534-cloudflare.workers.dev/?fran=Västervik&amp;till=Ystad</loc><changefreq>monthly</changefreq></url>
Västervik,Katrineholm,178,121,Avståndet mellan Västervik och Katrineholm är 178 km och Karl-Johan Gyllenstorm beräknade körtiden till cirka 121 minuter.,<url><loc>https://pendlings-app1.t-767929534-cloudflare.workers.dev/?fran=Västervik&amp;till=Katrineholm</loc><changefreq>monthly</changefreq></url>
Västervik,Mariestad,250,170,Avståndet mellan Västervik och Mariestad är 250 km och Karl-Johan Gyllenstorm beräknade körtiden till cirka 170 minuter.,<url><loc>https://pendlings-app1.t-767929534-cloudflare.workers.dev/?fran=Västervik&amp;till=Mariestad</loc><changefreq>monthly</changefreq></url>
Västervik,Lidköping,281,191,Avståndet mellan Västervik och Lidköping är 281 km och Karl-Johan Gyllenstorm beräknade körtiden till cirka 191 minuter.,<url><loc>https://pendlings-app1.t-767929534-cloudflare.workers.dev/?fran=Västervik&amp;till=Lidköping</loc><changefreq>monthly</changefreq></url>
Västervik,Vänersborg,336,229,Avståndet mellan Västervik och Vänersborg är 336 km och Karl-Johan Gyllenstorm beräknade körtiden till cirka 229 minuter.,<url><loc>https://pendlings-app1.t-767929534-cloudflare.workers.dev/?fran=Västervik&amp;till=Vänersborg</loc><changefreq>monthly</changefreq></url>
Västervik,Värnamo,214,145,Avståndet mellan Västervik och Värnamo är 214 km och Karl-Johan Gyllenstorm beräknade körtiden till cirka 145 minuter.,<url><loc>https://pendlings-app1.t-767929534-cloudflare.workers.dev/?fran=Västervik&amp;till=Värnamo</loc><changefreq>monthly</changefreq></url>
Västervik,Kiruna,1455,992,Avståndet mellan Västervik och Kiruna är 1455 km och Karl-Johan Gyllenstorm beräknade körtiden till cirka 992 minuter.,<url><loc>https://pendlings-app1.t-767929534-cloudflare.workers.dev/?fran=Västervik&amp;till=Kiruna</loc><changefreq>monthly</changefreq></url>
Västervik,Hudiksvall,566,385,Avståndet mellan Västervik och Hudiksvall är 566 km och Karl-Johan Gyllenstorm beräknade körtiden till cirka 385 minuter.,<url><loc>https://pendlings-app1.t-767929534-cloudflare.workers.dev/?fran=Västervik&amp;till=Hudiksvall</loc><changefreq>monthly</changefreq></url>
Västervik,Falkenberg,340,231,Avståndet mellan Västervik och Falkenberg är 340 km och Karl-Johan Gyllenstorm beräknade körtiden till cirka 231 minuter.,<url><loc>https://pendlings-app1.t-767929534-cloudflare.workers.dev/?fran=Västervik&amp;till=Falkenberg</loc><changefreq>monthly</changefreq></url>
Västervik,Visby,247,266,Avståndet mellan Västervik och Visby är 247 km och Karl-Johan Gyllenstorm beräknade körtiden till cirka 266 minuter.,<url><loc>https://pendlings-app1.t-767929534-cloudflare.workers.dev/?fran=Västervik&amp;till=Visby</loc><changefreq>monthly</changefreq></url>
Eslöv,Stockholm,615,419,Avståndet mellan Eslöv och Stockholm är 615 km och Karl-Johan Gyllenstorm beräknade körtiden till cirka 419 minuter.,<url><loc>https://pendlings-app1.t-767929534-cloudflare.workers.dev/?fran=Eslöv&amp;till=Stockholm</loc><changefreq>monthly</changefreq></url>
Eslöv,Göteborg,285,194,Avståndet mellan Eslöv och Göteborg är 285 km och Karl-Johan Gyllenstorm beräknade körtiden till cirka 194 minuter.,<url><loc>https://pendlings-app1.t-767929534-cloudflare.workers.dev/?fran=Eslöv&amp;till=Göteborg</loc><changefreq>monthly</changefreq></url>
Eslöv,Malmö,41,35,Avståndet mellan Eslöv och Malmö är 41 km och Karl-Johan Gyllenstorm beräknade körtiden till cirka 35 minuter.,<url><loc>https://pendlings-app1.t-767929534-cloudflare.workers.dev/?fran=Eslöv&amp;till=Malmö</loc><changefreq>monthly</changefreq></url>
Eslöv,Uppsala,659,449,Avståndet mellan Eslöv och Uppsala är 659 km och Karl-Johan Gyllenstorm beräknade körtiden till cirka 449 minuter.,<url><loc>https://pendlings-app1.t-767929534-cloudflare.workers.dev/?fran=Eslöv&amp;till=Uppsala</loc><changefreq>monthly</changefreq></url>
Eslöv,Västerås,590,402,Avståndet mellan Eslöv och Västerås är 590 km och Karl-Johan Gyllenstorm beräknade körtiden till cirka 402 minuter.,<url><loc>https://pendlings-app1.t-767929534-cloudflare.workers.dev/?fran=Eslöv&amp;till=Västerås</loc><changefreq>monthly</changefreq></url>
Eslöv,Örebro,510,347,Avståndet mellan Eslöv och Örebro är 510 km och Karl-Johan Gyllenstorm beräknade körtiden till cirka 347 minuter.,<url><loc>https://pendlings-app1.t-767929534-cloudflare.workers.dev/?fran=Eslöv&amp;till=Örebro</loc><changefreq>monthly</changefreq></url>
Eslöv,Linköping,407,277,Avståndet mellan Eslöv och Linköping är 407 km och Karl-Johan Gyllenstorm beräknade körtiden till cirka 277 minuter.,<url><loc>https://pendlings-app1.t-767929534-cloudflare.workers.dev/?fran=Eslöv&amp;till=Linköping</loc><changefreq>monthly</changefreq></url>
Eslöv,Helsingborg,56,48,Avståndet mellan Eslöv och Helsingborg är 56 km och Karl-Johan Gyllenstorm beräknade körtiden till cirka 48 minuter.,<url><loc>https://pendlings-app1.t-767929534-cloudflare.workers.dev/?fran=Eslöv&amp;till=Helsingborg</loc><changefreq>monthly</changefreq></url>
Eslöv,Jönköping,284,193,Avståndet mellan Eslöv och Jönköping är 284 km och Karl-Johan Gyllenstorm beräknade körtiden till cirka 193 minuter.,<url><loc>https://pendlings-app1.t-767929534-cloudflare.workers.dev/?fran=Eslöv&amp;till=Jönköping</loc><changefreq>monthly</changefreq></url>
Eslöv,Norrköping,449,306,Avståndet mellan Eslöv och Norrköping är 449 km och Karl-Johan Gyllenstorm beräknade körtiden till cirka 306 minuter.,<url><loc>https://pendlings-app1.t-767929534-cloudflare.workers.dev/?fran=Eslöv&amp;till=Norrköping</loc><changefreq>monthly</changefreq></url>
Eslöv,Lund,21,18,Avståndet mellan Eslöv och Lund är 21 km och Karl-Johan Gyllenstorm beräknade körtiden till cirka 18 minuter.,<url><loc>https://pendlings-app1.t-767929534-cloudflare.workers.dev/?fran=Eslöv&amp;till=Lund</loc><changefreq>monthly</changefreq></url>
Eslöv,Umeå,1239,844,Avståndet mellan Eslöv och Umeå är 1239 km och Karl-Johan Gyllenstorm beräknade körtiden till cirka 844 minuter.,<url><loc>https://pendlings-app1.t-767929534-cloudflare.workers.dev/?fran=Eslöv&amp;till=Umeå</loc><changefreq>monthly</changefreq></url>
Eslöv,Gävle,745,507,Avståndet mellan Eslöv och Gävle är 745 km och Karl-Johan Gyllenstorm beräknade körtiden till cirka 507 minuter.,<url><loc>https://pendlings-app1.t-767929534-cloudflare.workers.dev/?fran=Eslöv&amp;till=Gävle</loc><changefreq>monthly</changefreq></url>
Eslöv,Borås,269,183,Avståndet mellan Eslöv och Borås är 269 km och Karl-Johan Gyllenstorm beräknade körtiden till cirka 183 minuter.,<url><loc>https://pendlings-app1.t-767929534-cloudflare.workers.dev/?fran=Eslöv&amp;till=Borås</loc><changefreq>monthly</changefreq></url>
Eslöv,Södertälje,580,395,Avståndet mellan Eslöv och Södertälje är 580 km och Karl-Johan Gyllenstorm beräknade körtiden till cirka 395 minuter.,<url><loc>https://pendlings-app1.t-767929534-cloudflare.workers.dev/?fran=Eslöv&amp;till=Södertälje</loc><changefreq>monthly</changefreq></url>
Eslöv,Eskilstuna,558,380,Avståndet mellan Eslöv och Eskilstuna är 558 km och Karl-Johan Gyllenstorm beräknade körtiden till cirka 380 minuter.,<url><loc>https://pendlings-app1.t-767929534-cloudflare.workers.dev/?fran=Eslöv&amp;till=Eskilstuna</loc><changefreq>monthly</changefreq></url>
Eslöv,Halmstad,124,84,Avståndet mellan Eslöv och Halmstad är 124 km och Karl-Johan Gyllenstorm beräknade körtiden till cirka 84 minuter.,<url><loc>https://pendlings-app1.t-767929534-cloudflare.workers.dev/?fran=Eslöv&amp;till=Halmstad</loc><changefreq>monthly</changefreq></url>
Eslöv,Växjö,189,128,Avståndet mellan Eslöv och Växjö är 189 km och Karl-Johan Gyllenstorm beräknade körtiden till cirka 128 minuter.,<url><loc>https://pendlings-app1.t-767929534-cloudflare.workers.dev/?fran=Eslöv&amp;till=Växjö</loc><changefreq>monthly</changefreq></url>
Eslöv,Karlstad,504,343,Avståndet mellan Eslöv och Karlstad är 504 km och Karl-Johan Gyllenstorm beräknade körtiden till cirka 343 minuter.,<url><loc>https://pendlings-app1.t-767929534-cloudflare.workers.dev/?fran=Eslöv&amp;till=Karlstad</loc><changefreq>monthly</changefreq></url>
Eslöv,Piteå,1462,996,Avståndet mellan Eslöv och Piteå är 1462 km och Karl-Johan Gyllenstorm beräknade körtiden till cirka 996 minuter.,<url><loc>https://pendlings-app1.t-767929534-cloudflare.workers.dev/?fran=Eslöv&amp;till=Piteå</loc><changefreq>monthly</changefreq></url>
Eslöv,Luleå,1514,1032,Avståndet mellan Eslöv och Luleå är 1514 km och Karl-Johan Gyllenstorm beräknade körtiden till cirka 1032 minuter.,<url><loc>https://pendlings-app1.t-767929534-cloudflare.workers.dev/?fran=Eslöv&amp;till=Luleå</loc><changefreq>monthly</changefreq></url>
Eslöv,Trollhättan,356,242,Avståndet mellan Eslöv och Trollhättan är 356 km och Karl-Johan Gyllenstorm beräknade körtiden till cirka 242 minuter.,<url><loc>https://pendlings-app1.t-767929534-cloudflare.workers.dev/?fran=Eslöv&amp;till=Trollhättan</loc><changefreq>monthly</changefreq></url>
Eslöv,Östersund,1048,714,Avståndet mellan Eslöv och Östersund är 1048 km och Karl-Johan Gyllenstorm beräknade körtiden till cirka 714 minuter.,<url><loc>https://pendlings-app1.t-767929534-cloudflare.workers.dev/?fran=Eslöv&amp;till=Östersund</loc><changefreq>monthly</changefreq></url>
Eslöv,Borlänge,680,463,Avståndet mellan Eslöv och Borlänge är 680 km och Karl-Johan Gyllenstorm beräknade körtiden till cirka 463 minuter.,<url><loc>https://pendlings-app1.t-767929534-cloudflare.workers.dev/?fran=Eslöv&amp;till=Borlänge</loc><changefreq>monthly</changefreq></url>
Eslöv,Falun,700,477,Avståndet mellan Eslöv och Falun är 700 km och Karl-Johan Gyllenstorm beräknade körtiden till cirka 477 minuter.,<url><loc>https://pendlings-app1.t-767929534-cloudflare.workers.dev/?fran=Eslöv&amp;till=Falun</loc><changefreq>monthly</changefreq></url>
Eslöv,Kalmar,268,182,Avståndet mellan Eslöv och Kalmar är 268 km och Karl-Johan Gyllenstorm beräknade körtiden till cirka 182 minuter.,<url><loc>https://pendlings-app1.t-767929534-cloudflare.workers.dev/?fran=Eslöv&amp;till=Kalmar</loc><changefreq>monthly</changefreq></url>
Eslöv,Skövde,365,248,Avståndet mellan Eslöv och Skövde är 365 km och Karl-Johan Gyllenstorm beräknade körtiden till cirka 248 minuter.,<url><loc>https://pendlings-app1.t-767929534-cloudflare.workers.dev/?fran=Eslöv&amp;till=Skövde</loc><changefreq>monthly</changefreq></url>
Eslöv,Kristianstad,73,62,Avståndet mellan Eslöv och Kristianstad är 73 km och Karl-Johan Gyllenstorm beräknade körtiden till cirka 62 minuter.,<url><loc>https://pendlings-app1.t-767929534-cloudflare.workers.dev/?fran=Eslöv&amp;till=Kristianstad</loc><changefreq>monthly</changefreq></url>
Eslöv,Karlskrona,187,127,Avståndet mellan Eslöv och Karlskrona är 187 km och Karl-Johan Gyllenstorm beräknade körtiden till cirka 127 minuter.,<url><loc>https://pendlings-app1.t-767929534-cloudflare.workers.dev/?fran=Eslöv&amp;till=Karlskrona</loc><changefreq>monthly</changefreq></url>
Eslöv,Skellefteå,1376,938,Avståndet mellan Eslöv och Skellefteå är 1376 km och Karl-Johan Gyllenstorm beräknade körtiden till cirka 938 minuter.,<url><loc>https://pendlings-app1.t-767929534-cloudflare.workers.dev/?fran=Eslöv&amp;till=Skellefteå</loc><changefreq>monthly</changefreq></url>
Eslöv,Uddevalla,372,253,Avståndet mellan Eslöv och Uddevalla är 372 km och Karl-Johan Gyllenstorm beräknade körtiden till cirka 253 minuter.,<url><loc>https://pendlings-app1.t-767929534-cloudflare.workers.dev/?fran=Eslöv&amp;till=Uddevalla</loc><changefreq>monthly</changefreq></url>
Eslöv,Varberg,198,135,Avståndet mellan Eslöv och Varberg är 198 km och Karl-Johan Gyllenstorm beräknade körtiden till cirka 135 minuter.,<url><loc>https://pendlings-app1.t-767929534-cloudflare.workers.dev/?fran=Eslöv&amp;till=Varberg</loc><changefreq>monthly</changefreq></url>
Eslöv,Motala,406,276,Avståndet mellan Eslöv och Motala är 406 km och Karl-Johan Gyllenstorm beräknade körtiden till cirka 276 minuter.,<url><loc>https://pendlings-app1.t-767929534-cloudflare.workers.dev/?fran=Eslöv&amp;till=Motala</loc><changefreq>monthly</changefreq></url>
Eslöv,Enköping,611,416,Avståndet mellan Eslöv och Enköping är 611 km och Karl-Johan Gyllenstorm beräknade körtiden till cirka 416 minuter.,<url><loc>https://pendlings-app1.t-767929534-cloudflare.workers.dev/?fran=Eslöv&amp;till=Enköping</loc><changefreq>monthly</changefreq></url>
Eslöv,Örnsköldsvik,1129,769,Avståndet mellan Eslöv och Örnsköldsvik är 1129 km och Karl-Johan Gyllenstorm beräknade körtiden till cirka 769 minuter.,<url><loc>https://pendlings-app1.t-767929534-cloudflare.workers.dev/?fran=Eslöv&amp;till=Örnsköldsvik</loc><changefreq>monthly</changefreq></url>
Eslöv,Nyköping,503,342,Avståndet mellan Eslöv och Nyköping är 503 km och Karl-Johan Gyllenstorm beräknade körtiden till cirka 342 minuter.,<url><loc>https://pendlings-app1.t-767929534-cloudflare.workers.dev/?fran=Eslöv&amp;till=Nyköping</loc><changefreq>monthly</changefreq></url>
Eslöv,Karlshamn,132,90,Avståndet mellan Eslöv och Karlshamn är 132 km och Karl-Johan Gyllenstorm beräknade körtiden till cirka 90 minuter.,<url><loc>https://pendlings-app1.t-767929534-cloudflare.workers.dev/?fran=Eslöv&amp;till=Karlshamn</loc><changefreq>monthly</changefreq></url>
Eslöv,Västervik,376,256,Avståndet mellan Eslöv och Västervik är 376 km och Karl-Johan Gyllenstorm beräknade körtiden till cirka 256 minuter.,<url><loc>https://pendlings-app1.t-767929534-cloudflare.workers.dev/?fran=Eslöv&amp;till=Västervik</loc><changefreq>monthly</changefreq></url>
Eslöv,Härnösand,1023,697,Avståndet mellan Eslöv och Härnösand är 1023 km och Karl-Johan Gyllenstorm beräknade körtiden till cirka 697 minuter.,<url><loc>https://pendlings-app1.t-767929534-cloudflare.workers.dev/?fran=Eslöv&amp;till=Härnösand</loc><changefreq>monthly</changefreq></url>
Eslöv,Ystad,71,60,Avståndet mellan Eslöv och Ystad är 71 km och Karl-Johan Gyllenstorm beräknade körtiden till cirka 60 minuter.,<url><loc>https://pendlings-app1.t-767929534-cloudflare.workers.dev/?fran=Eslöv&amp;till=Ystad</loc><changefreq>monthly</changefreq></url>
Eslöv,Katrineholm,501,341,Avståndet mellan Eslöv och Katrineholm är 501 km och Karl-Johan Gyllenstorm beräknade körtiden till cirka 341 minuter.,<url><loc>https://pendlings-app1.t-767929534-cloudflare.workers.dev/?fran=Eslöv&amp;till=Katrineholm</loc><changefreq>monthly</changefreq></url>
Eslöv,Mariestad,410,279,Avståndet mellan Eslöv och Mariestad är 410 km och Karl-Johan Gyllenstorm beräknade körtiden till cirka 279 minuter.,<url><loc>https://pendlings-app1.t-767929534-cloudflare.workers.dev/?fran=Eslöv&amp;till=Mariestad</loc><changefreq>monthly</changefreq></url>
Eslöv,Lidköping,379,258,Avståndet mellan Eslöv och Lidköping är 379 km och Karl-Johan Gyllenstorm beräknade körtiden till cirka 258 minuter.,<url><loc>https://pendlings-app1.t-767929534-cloudflare.workers.dev/?fran=Eslöv&amp;till=Lidköping</loc><changefreq>monthly</changefreq></url>
Eslöv,Vänersborg,368,250,Avståndet mellan Eslöv och Vänersborg är 368 km och Karl-Johan Gyllenstorm beräknade körtiden till cirka 250 minuter.,<url><loc>https://pendlings-app1.t-767929534-cloudflare.workers.dev/?fran=Eslöv&amp;till=Vänersborg</loc><changefreq>monthly</changefreq></url>
Eslöv,Värnamo,200,136,Avståndet mellan Eslöv och Värnamo är 200 km och Karl-Johan Gyllenstorm beräknade körtiden till cirka 136 minuter.,<url><loc>https://pendlings-app1.t-767929534-cloudflare.workers.dev/?fran=Eslöv&amp;till=Värnamo</loc><changefreq>monthly</changefreq></url>
Eslöv,Kiruna,1769,1206,Avståndet mellan Eslöv och Kiruna är 1769 km och Karl-Johan Gyllenstorm beräknade körtiden till cirka 1206 minuter.,<url><loc>https://pendlings-app1.t-767929534-cloudflare.workers.dev/?fran=Eslöv&amp;till=Kiruna</loc><changefreq>monthly</changefreq></url>
Eslöv,Hudiksvall,883,602,Avståndet mellan Eslöv och Hudiksvall är 883 km och Karl-Johan Gyllenstorm beräknade körtiden till cirka 602 minuter.,<url><loc>https://pendlings-app1.t-767929534-cloudflare.workers.dev/?fran=Eslöv&amp;till=Hudiksvall</loc><changefreq>monthly</changefreq></url>
Eslöv,Falkenberg,164,111,Avståndet mellan Eslöv och Falkenberg är 164 km och Karl-Johan Gyllenstorm beräknade körtiden till cirka 111 minuter.,<url><loc>https://pendlings-app1.t-767929534-cloudflare.workers.dev/?fran=Eslöv&amp;till=Falkenberg</loc><changefreq>monthly</changefreq></url>
Eslöv,Visby,585,497,Avståndet mellan Eslöv och Visby är 585 km och Karl-Johan Gyllenstorm beräknade körtiden till cirka 497 minuter.,<url><loc>https://pendlings-app1.t-767929534-cloudflare.workers.dev/?fran=Eslöv&amp;till=Visby</loc><changefreq>monthly</changefreq></url>
Härnösand,Stockholm,470,320,Avståndet mellan Härnösand och Stockholm är 470 km och Karl-Johan Gyllenstorm beräknade körtiden till cirka 320 minuter.,<url><loc>https://pendlings-app1.t-767929534-cloudflare.workers.dev/?fran=Härnösand&amp;till=Stockholm</loc><changefreq>monthly</changefreq></url>
Härnösand,Göteborg,817,557,Avståndet mellan Härnösand och Göteborg är 817 km och Karl-Johan Gyllenstorm beräknade körtiden till cirka 557 minuter.,<url><loc>https://pendlings-app1.t-767929534-cloudflare.workers.dev/?fran=Härnösand&amp;till=Göteborg</loc><changefreq>monthly</changefreq></url>
Härnösand,Malmö,1062,724,Avståndet mellan Härnösand och Malmö är 1062 km och Karl-Johan Gyllenstorm beräknade körtiden till cirka 724 minuter.,<url><loc>https://pendlings-app1.t-767929534-cloudflare.workers.dev/?fran=Härnösand&amp;till=Malmö</loc><changefreq>monthly</changefreq></url>
Härnösand,Uppsala,395,269,Avståndet mellan Härnösand och Uppsala är 395 km och Karl-Johan Gyllenstorm beräknade körtiden till cirka 269 minuter.,<url><loc>https://pendlings-app1.t-767929534-cloudflare.workers.dev/?fran=Härnösand&amp;till=Uppsala</loc><changefreq>monthly</changefreq></url>
Härnösand,Västerås,440,300,Avståndet mellan Härnösand och Västerås är 440 km och Karl-Johan Gyllenstorm beräknade körtiden till cirka 300 minuter.,<url><loc>https://pendlings-app1.t-767929534-cloudflare.workers.dev/?fran=Härnösand&amp;till=Västerås</loc><changefreq>monthly</changefreq></url>
Härnösand,Örebro,513,349,Avståndet mellan Härnösand och Örebro är 513 km och Karl-Johan Gyllenstorm beräknade körtiden till cirka 349 minuter.,<url><loc>https://pendlings-app1.t-767929534-cloudflare.workers.dev/?fran=Härnösand&amp;till=Örebro</loc><changefreq>monthly</changefreq></url>
Härnösand,Linköping,622,424,Avståndet mellan Härnösand och Linköping är 622 km och Karl-Johan Gyllenstorm beräknade körtiden till cirka 424 minuter.,<url><loc>https://pendlings-app1.t-767929534-cloudflare.workers.dev/?fran=Härnösand&amp;till=Linköping</loc><changefreq>monthly</changefreq></url>
Härnösand,Helsingborg,1010,688,Avståndet mellan Härnösand och Helsingborg är 1010 km och Karl-Johan Gyllenstorm beräknade körtiden till cirka 688 minuter.,<url><loc>https://pendlings-app1.t-767929534-cloudflare.workers.dev/?fran=Härnösand&amp;till=Helsingborg</loc><changefreq>monthly</changefreq></url>
Härnösand,Jönköping,739,503,Avståndet mellan Härnösand och Jönköping är 739 km och Karl-Johan Gyllenstorm beräknade körtiden till cirka 503 minuter.,<url><loc>https://pendlings-app1.t-767929534-cloudflare.workers.dev/?fran=Härnösand&amp;till=Jönköping</loc><changefreq>monthly</changefreq></url>
Härnösand,Norrköping,588,400,Avståndet mellan Härnösand och Norrköping är 588 km och Karl-Johan Gyllenstorm beräknade körtiden till cirka 400 minuter.,<url><loc>https://pendlings-app1.t-767929534-cloudflare.workers.dev/?fran=Härnösand&amp;till=Norrköping</loc><changefreq>monthly</changefreq></url>
Härnösand,Lund,1044,711,Avståndet mellan Härnösand och Lund är 1044 km och Karl-Johan Gyllenstorm beräknade körtiden till cirka 711 minuter.,<url><loc>https://pendlings-app1.t-767929534-cloudflare.workers.dev/?fran=Härnösand&amp;till=Lund</loc><changefreq>monthly</changefreq></url>
Härnösand,Umeå,225,153,Avståndet mellan Härnösand och Umeå är 225 km och Karl-Johan Gyllenstorm beräknade körtiden till cirka 153 minuter.,<url><loc>https://pendlings-app1.t-767929534-cloudflare.workers.dev/?fran=Härnösand&amp;till=Umeå</loc><changefreq>monthly</changefreq></url>
Härnösand,Gävle,283,192,Avståndet mellan Härnösand och Gävle är 283 km och Karl-Johan Gyllenstorm beräknade körtiden till cirka 192 minuter.,<url><loc>https://pendlings-app1.t-767929534-cloudflare.workers.dev/?fran=Härnösand&amp;till=Gävle</loc><changefreq>monthly</changefreq></url>
Härnösand,Borås,782,533,Avståndet mellan Härnösand och Borås är 782 km och Karl-Johan Gyllenstorm beräknade körtiden till cirka 533 minuter.,<url><loc>https://pendlings-app1.t-767929534-cloudflare.workers.dev/?fran=Härnösand&amp;till=Borås</loc><changefreq>monthly</changefreq></url>
Härnösand,Södertälje,489,333,Avståndet mellan Härnösand och Södertälje är 489 km och Karl-Johan Gyllenstorm beräknade körtiden till cirka 333 minuter.,<url><loc>https://pendlings-app1.t-767929534-cloudflare.workers.dev/?fran=Härnösand&amp;till=Södertälje</loc><changefreq>monthly</changefreq></url>
Härnösand,Eskilstuna,474,323,Avståndet mellan Härnösand och Eskilstuna är 474 km och Karl-Johan Gyllenstorm beräknade körtiden till cirka 323 minuter.,<url><loc>https://pendlings-app1.t-767929534-cloudflare.workers.dev/?fran=Härnösand&amp;till=Eskilstuna</loc><changefreq>monthly</changefreq></url>
Härnösand,Halmstad,922,628,Avståndet mellan Härnösand och Halmstad är 922 km och Karl-Johan Gyllenstorm beräknade körtiden till cirka 628 minuter.,<url><loc>https://pendlings-app1.t-767929534-cloudflare.workers.dev/?fran=Härnösand&amp;till=Halmstad</loc><changefreq>monthly</changefreq></url>
Härnösand,Växjö,848,578,Avståndet mellan Härnösand och Växjö är 848 km och Karl-Johan Gyllenstorm beräknade körtiden till cirka 578 minuter.,<url><loc>https://pendlings-app1.t-767929534-cloudflare.workers.dev/?fran=Härnösand&amp;till=Växjö</loc><changefreq>monthly</changefreq></url>
Härnösand,Karlstad,554,377,Avståndet mellan Härnösand och Karlstad är 554 km och Karl-Johan Gyllenstorm beräknade körtiden till cirka 377 minuter.,<url><loc>https://pendlings-app1.t-767929534-cloudflare.workers.dev/?fran=Härnösand&amp;till=Karlstad</loc><changefreq>monthly</changefreq></url>
Härnösand,Piteå,441,300,Avståndet mellan Härnösand och Piteå är 441 km och Karl-Johan Gyllenstorm beräknade körtiden till cirka 300 minuter.,<url><loc>https://pendlings-app1.t-767929534-cloudflare.workers.dev/?fran=Härnösand&amp;till=Piteå</loc><changefreq>monthly</changefreq></url>
Härnösand,Luleå,495,337,Avståndet mellan Härnösand och Luleå är 495 km och Karl-Johan Gyllenstorm beräknade körtiden till cirka 337 minuter.,<url><loc>https://pendlings-app1.t-767929534-cloudflare.workers.dev/?fran=Härnösand&amp;till=Luleå</loc><changefreq>monthly</changefreq></url>
Härnösand,Trollhättan,734,500,Avståndet mellan Härnösand och Trollhättan är 734 km och Karl-Johan Gyllenstorm beräknade körtiden till cirka 500 minuter.,<url><loc>https://pendlings-app1.t-767929534-cloudflare.workers.dev/?fran=Härnösand&amp;till=Trollhättan</loc><changefreq>monthly</changefreq></url>
Härnösand,Östersund,227,154,Avståndet mellan Härnösand och Östersund är 227 km och Karl-Johan Gyllenstorm beräknade körtiden till cirka 154 minuter.,<url><loc>https://pendlings-app1.t-767929534-cloudflare.workers.dev/?fran=Härnösand&amp;till=Östersund</loc><changefreq>monthly</changefreq></url>
Härnösand,Borlänge,349,237,Avståndet mellan Härnösand och Borlänge är 349 km och Karl-Johan Gyllenstorm beräknade körtiden till cirka 237 minuter.,<url><loc>https://pendlings-app1.t-767929534-cloudflare.workers.dev/?fran=Härnösand&amp;till=Borlänge</loc><changefreq>monthly</changefreq></url>
Härnösand,Falun,328,223,Avståndet mellan Härnösand och Falun är 328 km och Karl-Johan Gyllenstorm beräknade körtiden till cirka 223 minuter.,<url><loc>https://pendlings-app1.t-767929534-cloudflare.workers.dev/?fran=Härnösand&amp;till=Falun</loc><changefreq>monthly</changefreq></url>
Härnösand,Kalmar,857,584,Avståndet mellan Härnösand och Kalmar är 857 km och Karl-Johan Gyllenstorm beräknade körtiden till cirka 584 minuter.,<url><loc>https://pendlings-app1.t-767929534-cloudflare.workers.dev/?fran=Härnösand&amp;till=Kalmar</loc><changefreq>monthly</changefreq></url>
Härnösand,Skövde,667,454,Avståndet mellan Härnösand och Skövde är 667 km och Karl-Johan Gyllenstorm beräknade körtiden till cirka 454 minuter.,<url><loc>https://pendlings-app1.t-767929534-cloudflare.workers.dev/?fran=Härnösand&amp;till=Skövde</loc><changefreq>monthly</changefreq></url>
Härnösand,Kristianstad,978,666,Avståndet mellan Härnösand och Kristianstad är 978 km och Karl-Johan Gyllenstorm beräknade körtiden till cirka 666 minuter.,<url><loc>https://pendlings-app1.t-767929534-cloudflare.workers.dev/?fran=Härnösand&amp;till=Kristianstad</loc><changefreq>monthly</changefreq></url>
Härnösand,Karlskrona,936,638,Avståndet mellan Härnösand och Karlskrona är 936 km och Karl-Johan Gyllenstorm beräknade körtiden till cirka 638 minuter.,<url><loc>https://pendlings-app1.t-767929534-cloudflare.workers.dev/?fran=Härnösand&amp;till=Karlskrona</loc><changefreq>monthly</changefreq></url>
Härnösand,Skellefteå,356,242,Avståndet mellan Härnösand och Skellefteå är 356 km och Karl-Johan Gyllenstorm beräknade körtiden till cirka 242 minuter.,<url><loc>https://pendlings-app1.t-767929534-cloudflare.workers.dev/?fran=Härnösand&amp;till=Skellefteå</loc><changefreq>monthly</changefreq></url>
Härnösand,Uddevalla,739,503,Avståndet mellan Härnösand och Uddevalla är 739 km och Karl-Johan Gyllenstorm beräknade körtiden till cirka 503 minuter.,<url><loc>https://pendlings-app1.t-767929534-cloudflare.workers.dev/?fran=Härnösand&amp;till=Uddevalla</loc><changefreq>monthly</changefreq></url>
Härnösand,Varberg,884,602,Avståndet mellan Härnösand och Varberg är 884 km och Karl-Johan Gyllenstorm beräknade körtiden till cirka 602 minuter.,<url><loc>https://pendlings-app1.t-767929534-cloudflare.workers.dev/?fran=Härnösand&amp;till=Varberg</loc><changefreq>monthly</changefreq></url>
Härnösand,Motala,616,420,Avståndet mellan Härnösand och Motala är 616 km och Karl-Johan Gyllenstorm beräknade körtiden till cirka 420 minuter.,<url><loc>https://pendlings-app1.t-767929534-cloudflare.workers.dev/?fran=Härnösand&amp;till=Motala</loc><changefreq>monthly</changefreq></url>
Härnösand,Enköping,430,293,Avståndet mellan Härnösand och Enköping är 430 km och Karl-Johan Gyllenstorm beräknade körtiden till cirka 293 minuter.,<url><loc>https://pendlings-app1.t-767929534-cloudflare.workers.dev/?fran=Härnösand&amp;till=Enköping</loc><changefreq>monthly</changefreq></url>
Härnösand,Örnsköldsvik,106,72,Avståndet mellan Härnösand och Örnsköldsvik är 106 km och Karl-Johan Gyllenstorm beräknade körtiden till cirka 72 minuter.,<url><loc>https://pendlings-app1.t-767929534-cloudflare.workers.dev/?fran=Härnösand&amp;till=Örnsköldsvik</loc><changefreq>monthly</changefreq></url>
Härnösand,Nyköping,555,378,Avståndet mellan Härnösand och Nyköping är 555 km och Karl-Johan Gyllenstorm beräknade körtiden till cirka 378 minuter.,<url><loc>https://pendlings-app1.t-767929534-cloudflare.workers.dev/?fran=Härnösand&amp;till=Nyköping</loc><changefreq>monthly</changefreq></url>
Härnösand,Karlshamn,946,645,Avståndet mellan Härnösand och Karlshamn är 946 km och Karl-Johan Gyllenstorm beräknade körtiden till cirka 645 minuter.,<url><loc>https://pendlings-app1.t-767929534-cloudflare.workers.dev/?fran=Härnösand&amp;till=Karlshamn</loc><changefreq>monthly</changefreq></url>
Härnösand,Västervik,699,476,Avståndet mellan Härnösand och Västervik är 699 km och Karl-Johan Gyllenstorm beräknade körtiden till cirka 476 minuter.,<url><loc>https://pendlings-app1.t-767929534-cloudflare.workers.dev/?fran=Härnösand&amp;till=Västervik</loc><changefreq>monthly</changefreq></url>
Härnösand,Eslöv,1023,697,Avståndet mellan Härnösand och Eslöv är 1023 km och Karl-Johan Gyllenstorm beräknade körtiden till cirka 697 minuter.,<url><loc>https://pendlings-app1.t-767929534-cloudflare.workers.dev/?fran=Härnösand&amp;till=Eslöv</loc><changefreq>monthly</changefreq></url>
Härnösand,Ystad,1068,728,Avståndet mellan Härnösand och Ystad är 1068 km och Karl-Johan Gyllenstorm beräknade körtiden till cirka 728 minuter.,<url><loc>https://pendlings-app1.t-767929534-cloudflare.workers.dev/?fran=Härnösand&amp;till=Ystad</loc><changefreq>monthly</changefreq></url>
Härnösand,Katrineholm,531,362,Avståndet mellan Härnösand och Katrineholm är 531 km och Karl-Johan Gyllenstorm beräknade körtiden till cirka 362 minuter.,<url><loc>https://pendlings-app1.t-767929534-cloudflare.workers.dev/?fran=Härnösand&amp;till=Katrineholm</loc><changefreq>monthly</changefreq></url>
Härnösand,Mariestad,627,427,Avståndet mellan Härnösand och Mariestad är 627 km och Karl-Johan Gyllenstorm beräknade körtiden till cirka 427 minuter.,<url><loc>https://pendlings-app1.t-767929534-cloudflare.workers.dev/?fran=Härnösand&amp;till=Mariestad</loc><changefreq>monthly</changefreq></url>
Härnösand,Lidköping,675,460,Avståndet mellan Härnösand och Lidköping är 675 km och Karl-Johan Gyllenstorm beräknade körtiden till cirka 460 minuter.,<url><loc>https://pendlings-app1.t-767929534-cloudflare.workers.dev/?fran=Härnösand&amp;till=Lidköping</loc><changefreq>monthly</changefreq></url>
Härnösand,Vänersborg,721,491,Avståndet mellan Härnösand och Vänersborg är 721 km och Karl-Johan Gyllenstorm beräknade körtiden till cirka 491 minuter.,<url><loc>https://pendlings-app1.t-767929534-cloudflare.workers.dev/?fran=Härnösand&amp;till=Vänersborg</loc><changefreq>monthly</changefreq></url>
Härnösand,Värnamo,823,561,Avståndet mellan Härnösand och Värnamo är 823 km och Karl-Johan Gyllenstorm beräknade körtiden till cirka 561 minuter.,<url><loc>https://pendlings-app1.t-767929534-cloudflare.workers.dev/?fran=Härnösand&amp;till=Värnamo</loc><changefreq>monthly</changefreq></url>
Härnösand,Kiruna,755,514,Avståndet mellan Härnösand och Kiruna är 755 km och Karl-Johan Gyllenstorm beräknade körtiden till cirka 514 minuter.,<url><loc>https://pendlings-app1.t-767929534-cloudflare.workers.dev/?fran=Härnösand&amp;till=Kiruna</loc><changefreq>monthly</changefreq></url>
Härnösand,Hudiksvall,139,94,Avståndet mellan Härnösand och Hudiksvall är 139 km och Karl-Johan Gyllenstorm beräknade körtiden till cirka 94 minuter.,<url><loc>https://pendlings-app1.t-767929534-cloudflare.workers.dev/?fran=Härnösand&amp;till=Hudiksvall</loc><changefreq>monthly</changefreq></url>
Härnösand,Falkenberg,903,615,Avståndet mellan Härnösand och Falkenberg är 903 km och Karl-Johan Gyllenstorm beräknade körtiden till cirka 615 minuter.,<url><loc>https://pendlings-app1.t-767929534-cloudflare.workers.dev/?fran=Härnösand&amp;till=Falkenberg</loc><changefreq>monthly</changefreq></url>
Härnösand,Visby,831,664,Avståndet mellan Härnösand och Visby är 831 km och Karl-Johan Gyllenstorm beräknade körtiden till cirka 664 minuter.,<url><loc>https://pendlings-app1.t-767929534-cloudflare.workers.dev/?fran=Härnösand&amp;till=Visby</loc><changefreq>monthly</changefreq></url>
Ystad,Stockholm,643,438,Avståndet mellan Ystad och Stockholm är 643 km och Karl-Johan Gyllenstorm beräknade körtiden till cirka 438 minuter.,<url><loc>https://pendlings-app1.t-767929534-cloudflare.workers.dev/?fran=Ystad&amp;till=Stockholm</loc><changefreq>monthly</changefreq></url>
Ystad,Göteborg,355,242,Avståndet mellan Ystad och Göteborg är 355 km och Karl-Johan Gyllenstorm beräknade körtiden till cirka 242 minuter.,<url><loc>https://pendlings-app1.t-767929534-cloudflare.workers.dev/?fran=Ystad&amp;till=Göteborg</loc><changefreq>monthly</changefreq></url>
Ystad,Malmö,70,60,Avståndet mellan Ystad och Malmö är 70 km och Karl-Johan Gyllenstorm beräknade körtiden till cirka 60 minuter.,<url><loc>https://pendlings-app1.t-767929534-cloudflare.workers.dev/?fran=Ystad&amp;till=Malmö</loc><changefreq>monthly</changefreq></url>
Ystad,Uppsala,694,473,Avståndet mellan Ystad och Uppsala är 694 km och Karl-Johan Gyllenstorm beräknade körtiden till cirka 473 minuter.,<url><loc>https://pendlings-app1.t-767929534-cloudflare.workers.dev/?fran=Ystad&amp;till=Uppsala</loc><changefreq>monthly</changefreq></url>
Ystad,Västerås,630,429,Avståndet mellan Ystad och Västerås är 630 km och Karl-Johan Gyllenstorm beräknade körtiden till cirka 429 minuter.,<url><loc>https://pendlings-app1.t-767929534-cloudflare.workers.dev/?fran=Ystad&amp;till=Västerås</loc><changefreq>monthly</changefreq></url>
Ystad,Örebro,557,379,Avståndet mellan Ystad och Örebro är 557 km och Karl-Johan Gyllenstorm beräknade körtiden till cirka 379 minuter.,<url><loc>https://pendlings-app1.t-767929534-cloudflare.workers.dev/?fran=Ystad&amp;till=Örebro</loc><changefreq>monthly</changefreq></url>
Ystad,Linköping,446,304,Avståndet mellan Ystad och Linköping är 446 km och Karl-Johan Gyllenstorm beräknade körtiden till cirka 304 minuter.,<url><loc>https://pendlings-app1.t-767929534-cloudflare.workers.dev/?fran=Ystad&amp;till=Linköping</loc><changefreq>monthly</changefreq></url>
Ystad,Helsingborg,125,85,Avståndet mellan Ystad och Helsingborg är 125 km och Karl-Johan Gyllenstorm beräknade körtiden till cirka 85 minuter.,<url><loc>https://pendlings-app1.t-767929534-cloudflare.workers.dev/?fran=Ystad&amp;till=Helsingborg</loc><changefreq>monthly</changefreq></url>
Ystad,Jönköping,336,229,Avståndet mellan Ystad och Jönköping är 336 km och Karl-Johan Gyllenstorm beräknade körtiden till cirka 229 minuter.,<url><loc>https://pendlings-app1.t-767929534-cloudflare.workers.dev/?fran=Ystad&amp;till=Jönköping</loc><changefreq>monthly</changefreq></url>
Ystad,Norrköping,485,330,Avståndet mellan Ystad och Norrköping är 485 km och Karl-Johan Gyllenstorm beräknade körtiden till cirka 330 minuter.,<url><loc>https://pendlings-app1.t-767929534-cloudflare.workers.dev/?fran=Ystad&amp;till=Norrköping</loc><changefreq>monthly</changefreq></url>
Ystad,Lund,64,54,Avståndet mellan Ystad och Lund är 64 km och Karl-Johan Gyllenstorm beräknade körtiden till cirka 54 minuter.,<url><loc>https://pendlings-app1.t-767929534-cloudflare.workers.dev/?fran=Ystad&amp;till=Lund</loc><changefreq>monthly</changefreq></url>
Ystad,Umeå,1280,872,Avståndet mellan Ystad och Umeå är 1280 km och Karl-Johan Gyllenstorm beräknade körtiden till cirka 872 minuter.,<url><loc>https://pendlings-app1.t-767929534-cloudflare.workers.dev/?fran=Ystad&amp;till=Umeå</loc><changefreq>monthly</changefreq></url>
Ystad,Gävle,787,536,Avståndet mellan Ystad och Gävle är 787 km och Karl-Johan Gyllenstorm beräknade körtiden till cirka 536 minuter.,<url><loc>https://pendlings-app1.t-767929534-cloudflare.workers.dev/?fran=Ystad&amp;till=Gävle</loc><changefreq>monthly</changefreq></url>
Ystad,Borås,333,227,Avståndet mellan Ystad och Borås är 333 km och Karl-Johan Gyllenstorm beräknade körtiden till cirka 227 minuter.,<url><loc>https://pendlings-app1.t-767929534-cloudflare.workers.dev/?fran=Ystad&amp;till=Borås</loc><changefreq>monthly</changefreq></url>
Ystad,Södertälje,610,415,Avståndet mellan Ystad och Södertälje är 610 km och Karl-Johan Gyllenstorm beräknade körtiden till cirka 415 minuter.,<url><loc>https://pendlings-app1.t-767929534-cloudflare.workers.dev/?fran=Ystad&amp;till=Södertälje</loc><changefreq>monthly</changefreq></url>
Ystad,Eskilstuna,597,407,Avståndet mellan Ystad och Eskilstuna är 597 km och Karl-Johan Gyllenstorm beräknade körtiden till cirka 407 minuter.,<url><loc>https://pendlings-app1.t-767929534-cloudflare.workers.dev/?fran=Ystad&amp;till=Eskilstuna</loc><changefreq>monthly</changefreq></url>
Ystad,Halmstad,193,131,Avståndet mellan Ystad och Halmstad är 193 km och Karl-Johan Gyllenstorm beräknade körtiden till cirka 131 minuter.,<url><loc>https://pendlings-app1.t-767929534-cloudflare.workers.dev/?fran=Ystad&amp;till=Halmstad</loc><changefreq>monthly</changefreq></url>
Ystad,Växjö,220,150,Avståndet mellan Ystad och Växjö är 220 km och Karl-Johan Gyllenstorm beräknade körtiden till cirka 150 minuter.,<url><loc>https://pendlings-app1.t-767929534-cloudflare.workers.dev/?fran=Ystad&amp;till=Växjö</loc><changefreq>monthly</changefreq></url>
Ystad,Karlstad,562,383,Avståndet mellan Ystad och Karlstad är 562 km och Karl-Johan Gyllenstorm beräknade körtiden till cirka 383 minuter.,<url><loc>https://pendlings-app1.t-767929534-cloudflare.workers.dev/?fran=Ystad&amp;till=Karlstad</loc><changefreq>monthly</changefreq></url>
Ystad,Piteå,1504,1025,Avståndet mellan Ystad och Piteå är 1504 km och Karl-Johan Gyllenstorm beräknade körtiden till cirka 1025 minuter.,<url><loc>https://pendlings-app1.t-767929534-cloudflare.workers.dev/?fran=Ystad&amp;till=Piteå</loc><changefreq>monthly</changefreq></url>
Ystad,Luleå,1555,1060,Avståndet mellan Ystad och Luleå är 1555 km och Karl-Johan Gyllenstorm beräknade körtiden till cirka 1060 minuter.,<url><loc>https://pendlings-app1.t-767929534-cloudflare.workers.dev/?fran=Ystad&amp;till=Luleå</loc><changefreq>monthly</changefreq></url>
Ystad,Trollhättan,423,288,Avståndet mellan Ystad och Trollhättan är 423 km och Karl-Johan Gyllenstorm beräknade körtiden till cirka 288 minuter.,<url><loc>https://pendlings-app1.t-767929534-cloudflare.workers.dev/?fran=Ystad&amp;till=Trollhättan</loc><changefreq>monthly</changefreq></url>
Ystad,Östersund,1104,752,Avståndet mellan Ystad och Östersund är 1104 km och Karl-Johan Gyllenstorm beräknade körtiden till cirka 752 minuter.,<url><loc>https://pendlings-app1.t-767929534-cloudflare.workers.dev/?fran=Ystad&amp;till=Östersund</loc><changefreq>monthly</changefreq></url>
Ystad,Borlänge,729,497,Avståndet mellan Ystad och Borlänge är 729 km och Karl-Johan Gyllenstorm beräknade körtiden till cirka 497 minuter.,<url><loc>https://pendlings-app1.t-767929534-cloudflare.workers.dev/?fran=Ystad&amp;till=Borlänge</loc><changefreq>monthly</changefreq></url>
Ystad,Falun,748,510,Avståndet mellan Ystad och Falun är 748 km och Karl-Johan Gyllenstorm beräknade körtiden till cirka 510 minuter.,<url><loc>https://pendlings-app1.t-767929534-cloudflare.workers.dev/?fran=Ystad&amp;till=Falun</loc><changefreq>monthly</changefreq></url>
Ystad,Kalmar,267,182,Avståndet mellan Ystad och Kalmar är 267 km och Karl-Johan Gyllenstorm beräknade körtiden till cirka 182 minuter.,<url><loc>https://pendlings-app1.t-767929534-cloudflare.workers.dev/?fran=Ystad&amp;till=Kalmar</loc><changefreq>monthly</changefreq></url>
Ystad,Skövde,421,287,Avståndet mellan Ystad och Skövde är 421 km och Karl-Johan Gyllenstorm beräknade körtiden till cirka 287 minuter.,<url><loc>https://pendlings-app1.t-767929534-cloudflare.workers.dev/?fran=Ystad&amp;till=Skövde</loc><changefreq>monthly</changefreq></url>
Ystad,Kristianstad,89,76,Avståndet mellan Ystad och Kristianstad är 89 km och Karl-Johan Gyllenstorm beräknade körtiden till cirka 76 minuter.,<url><loc>https://pendlings-app1.t-767929534-cloudflare.workers.dev/?fran=Ystad&amp;till=Kristianstad</loc><changefreq>monthly</changefreq></url>
Ystad,Karlskrona,175,119,Avståndet mellan Ystad och Karlskrona är 175 km och Karl-Johan Gyllenstorm beräknade körtiden till cirka 119 minuter.,<url><loc>https://pendlings-app1.t-767929534-cloudflare.workers.dev/?fran=Ystad&amp;till=Karlskrona</loc><changefreq>monthly</changefreq></url>
Ystad,Skellefteå,1417,966,Avståndet mellan Ystad och Skellefteå är 1417 km och Karl-Johan Gyllenstorm beräknade körtiden till cirka 966 minuter.,<url><loc>https://pendlings-app1.t-767929534-cloudflare.workers.dev/?fran=Ystad&amp;till=Skellefteå</loc><changefreq>monthly</changefreq></url>
Ystad,Uddevalla,440,300,Avståndet mellan Ystad och Uddevalla är 440 km och Karl-Johan Gyllenstorm beräknade körtiden till cirka 300 minuter.,<url><loc>https://pendlings-app1.t-767929534-cloudflare.workers.dev/?fran=Ystad&amp;till=Uddevalla</loc><changefreq>monthly</changefreq></url>
Ystad,Varberg,269,183,Avståndet mellan Ystad och Varberg är 269 km och Karl-Johan Gyllenstorm beräknade körtiden till cirka 183 minuter.,<url><loc>https://pendlings-app1.t-767929534-cloudflare.workers.dev/?fran=Ystad&amp;till=Varberg</loc><changefreq>monthly</changefreq></url>
Ystad,Motala,452,308,Avståndet mellan Ystad och Motala är 452 km och Karl-Johan Gyllenstorm beräknade körtiden till cirka 308 minuter.,<url><loc>https://pendlings-app1.t-767929534-cloudflare.workers.dev/?fran=Ystad&amp;till=Motala</loc><changefreq>monthly</changefreq></url>
Ystad,Enköping,648,441,Avståndet mellan Ystad och Enköping är 648 km och Karl-Johan Gyllenstorm beräknade körtiden till cirka 441 minuter.,<url><loc>https://pendlings-app1.t-767929534-cloudflare.workers.dev/?fran=Ystad&amp;till=Enköping</loc><changefreq>monthly</changefreq></url>
Ystad,Örnsköldsvik,1173,799,Avståndet mellan Ystad och Örnsköldsvik är 1173 km och Karl-Johan Gyllenstorm beräknade körtiden till cirka 799 minuter.,<url><loc>https://pendlings-app1.t-767929534-cloudflare.workers.dev/?fran=Ystad&amp;till=Örnsköldsvik</loc><changefreq>monthly</changefreq></url>
Ystad,Nyköping,533,363,Avståndet mellan Ystad och Nyköping är 533 km och Karl-Johan Gyllenstorm beräknade körtiden till cirka 363 minuter.,<url><loc>https://pendlings-app1.t-767929534-cloudflare.workers.dev/?fran=Ystad&amp;till=Nyköping</loc><changefreq>monthly</changefreq></url>
Ystad,Karlshamn,134,91,Avståndet mellan Ystad och Karlshamn är 134 km och Karl-Johan Gyllenstorm beräknade körtiden till cirka 91 minuter.,<url><loc>https://pendlings-app1.t-767929534-cloudflare.workers.dev/?fran=Ystad&amp;till=Karlshamn</loc><changefreq>monthly</changefreq></url>
Ystad,Västervik,398,271,Avståndet mellan Ystad och Västervik är 398 km och Karl-Johan Gyllenstorm beräknade körtiden till cirka 271 minuter.,<url><loc>https://pendlings-app1.t-767929534-cloudflare.workers.dev/?fran=Ystad&amp;till=Västervik</loc><changefreq>monthly</changefreq></url>
Ystad,Eslöv,71,60,Avståndet mellan Ystad och Eslöv är 71 km och Karl-Johan Gyllenstorm beräknade körtiden till cirka 60 minuter.,<url><loc>https://pendlings-app1.t-767929534-cloudflare.workers.dev/?fran=Ystad&amp;till=Eslöv</loc><changefreq>monthly</changefreq></url>
Ystad,Härnösand,1068,728,Avståndet mellan Ystad och Härnösand är 1068 km och Karl-Johan Gyllenstorm beräknade körtiden till cirka 728 minuter.,<url><loc>https://pendlings-app1.t-767929534-cloudflare.workers.dev/?fran=Ystad&amp;till=Härnösand</loc><changefreq>monthly</changefreq></url>
Ystad,Katrineholm,539,367,Avståndet mellan Ystad och Katrineholm är 539 km och Karl-Johan Gyllenstorm beräknade körtiden till cirka 367 minuter.,<url><loc>https://pendlings-app1.t-767929534-cloudflare.workers.dev/?fran=Ystad&amp;till=Katrineholm</loc><changefreq>monthly</changefreq></url>
Ystad,Mariestad,466,317,Avståndet mellan Ystad och Mariestad är 466 km och Karl-Johan Gyllenstorm beräknade körtiden till cirka 317 minuter.,<url><loc>https://pendlings-app1.t-767929534-cloudflare.workers.dev/?fran=Ystad&amp;till=Mariestad</loc><changefreq>monthly</changefreq></url>
Ystad,Lidköping,440,300,Avståndet mellan Ystad och Lidköping är 440 km och Karl-Johan Gyllenstorm beräknade körtiden till cirka 300 minuter.,<url><loc>https://pendlings-app1.t-767929534-cloudflare.workers.dev/?fran=Ystad&amp;till=Lidköping</loc><changefreq>monthly</changefreq></url>
Ystad,Vänersborg,434,295,Avståndet mellan Ystad och Vänersborg är 434 km och Karl-Johan Gyllenstorm beräknade körtiden till cirka 295 minuter.,<url><loc>https://pendlings-app1.t-767929534-cloudflare.workers.dev/?fran=Ystad&amp;till=Vänersborg</loc><changefreq>monthly</changefreq></url>
Ystad,Värnamo,250,170,Avståndet mellan Ystad och Värnamo är 250 km och Karl-Johan Gyllenstorm beräknade körtiden till cirka 170 minuter.,<url><loc>https://pendlings-app1.t-767929534-cloudflare.workers.dev/?fran=Ystad&amp;till=Värnamo</loc><changefreq>monthly</changefreq></url>
Ystad,Kiruna,1818,1239,Avståndet mellan Ystad och Kiruna är 1818 km och Karl-Johan Gyllenstorm beräknade körtiden till cirka 1239 minuter.,<url><loc>https://pendlings-app1.t-767929534-cloudflare.workers.dev/?fran=Ystad&amp;till=Kiruna</loc><changefreq>monthly</changefreq></url>
Ystad,Hudiksvall,928,632,Avståndet mellan Ystad och Hudiksvall är 928 km och Karl-Johan Gyllenstorm beräknade körtiden till cirka 632 minuter.,<url><loc>https://pendlings-app1.t-767929534-cloudflare.workers.dev/?fran=Ystad&amp;till=Hudiksvall</loc><changefreq>monthly</changefreq></url>
Ystad,Falkenberg,234,159,Avståndet mellan Ystad och Falkenberg är 234 km och Karl-Johan Gyllenstorm beräknade körtiden till cirka 159 minuter.,<url><loc>https://pendlings-app1.t-767929534-cloudflare.workers.dev/?fran=Ystad&amp;till=Falkenberg</loc><changefreq>monthly</changefreq></url>
Ystad,Visby,590,500,Avståndet mellan Ystad och Visby är 590 km och Karl-Johan Gyllenstorm beräknade körtiden till cirka 500 minuter.,<url><loc>https://pendlings-app1.t-767929534-cloudflare.workers.dev/?fran=Ystad&amp;till=Visby</loc><changefreq>monthly</changefreq></url>
Katrineholm,Stockholm,143,97,Avståndet mellan Katrineholm och Stockholm är 143 km och Karl-Johan Gyllenstorm beräknade körtiden till cirka 97 minuter.,<url><loc>https://pendlings-app1.t-767929534-cloudflare.workers.dev/?fran=Katrineholm&amp;till=Stockholm</loc><changefreq>monthly</changefreq></url>
Katrineholm,Göteborg,365,248,Avståndet mellan Katrineholm och Göteborg är 365 km och Karl-Johan Gyllenstorm beräknade körtiden till cirka 248 minuter.,<url><loc>https://pendlings-app1.t-767929534-cloudflare.workers.dev/?fran=Katrineholm&amp;till=Göteborg</loc><changefreq>monthly</changefreq></url>
Katrineholm,Malmö,541,368,Avståndet mellan Katrineholm och Malmö är 541 km och Karl-Johan Gyllenstorm beräknade körtiden till cirka 368 minuter.,<url><loc>https://pendlings-app1.t-767929534-cloudflare.workers.dev/?fran=Katrineholm&amp;till=Malmö</loc><changefreq>monthly</changefreq></url>
Katrineholm,Uppsala,160,109,Avståndet mellan Katrineholm och Uppsala är 160 km och Karl-Johan Gyllenstorm beräknade körtiden till cirka 109 minuter.,<url><loc>https://pendlings-app1.t-767929534-cloudflare.workers.dev/?fran=Katrineholm&amp;till=Uppsala</loc><changefreq>monthly</changefreq></url>
Katrineholm,Västerås,90,77,Avståndet mellan Katrineholm och Västerås är 90 km och Karl-Johan Gyllenstorm beräknade körtiden till cirka 77 minuter.,<url><loc>https://pendlings-app1.t-767929534-cloudflare.workers.dev/?fran=Katrineholm&amp;till=Västerås</loc><changefreq>monthly</changefreq></url>
Katrineholm,Örebro,82,70,Avståndet mellan Katrineholm och Örebro är 82 km och Karl-Johan Gyllenstorm beräknade körtiden till cirka 70 minuter.,<url><loc>https://pendlings-app1.t-767929534-cloudflare.workers.dev/?fran=Katrineholm&amp;till=Örebro</loc><changefreq>monthly</changefreq></url>
Katrineholm,Linköping,93,79,Avståndet mellan Katrineholm och Linköping är 93 km och Karl-Johan Gyllenstorm beräknade körtiden till cirka 79 minuter.,<url><loc>https://pendlings-app1.t-767929534-cloudflare.workers.dev/?fran=Katrineholm&amp;till=Linköping</loc><changefreq>monthly</changefreq></url>
Katrineholm,Helsingborg,498,339,Avståndet mellan Katrineholm och Helsingborg är 498 km och Karl-Johan Gyllenstorm beräknade körtiden till cirka 339 minuter.,<url><loc>https://pendlings-app1.t-767929534-cloudflare.workers.dev/?fran=Katrineholm&amp;till=Helsingborg</loc><changefreq>monthly</changefreq></url>
Katrineholm,Jönköping,230,156,Avståndet mellan Katrineholm och Jönköping är 230 km och Karl-Johan Gyllenstorm beräknade körtiden till cirka 156 minuter.,<url><loc>https://pendlings-app1.t-767929534-cloudflare.workers.dev/?fran=Katrineholm&amp;till=Jönköping</loc><changefreq>monthly</changefreq></url>
Katrineholm,Norrköping,58,49,Avståndet mellan Katrineholm och Norrköping är 58 km och Karl-Johan Gyllenstorm beräknade körtiden till cirka 49 minuter.,<url><loc>https://pendlings-app1.t-767929534-cloudflare.workers.dev/?fran=Katrineholm&amp;till=Norrköping</loc><changefreq>monthly</changefreq></url>
Katrineholm,Lund,522,355,Avståndet mellan Katrineholm och Lund är 522 km och Karl-Johan Gyllenstorm beräknade körtiden till cirka 355 minuter.,<url><loc>https://pendlings-app1.t-767929534-cloudflare.workers.dev/?fran=Katrineholm&amp;till=Lund</loc><changefreq>monthly</changefreq></url>
Katrineholm,Umeå,740,504,Avståndet mellan Katrineholm och Umeå är 740 km och Karl-Johan Gyllenstorm beräknade körtiden till cirka 504 minuter.,<url><loc>https://pendlings-app1.t-767929534-cloudflare.workers.dev/?fran=Katrineholm&amp;till=Umeå</loc><changefreq>monthly</changefreq></url>
Katrineholm,Gävle,248,169,Avståndet mellan Katrineholm och Gävle är 248 km och Karl-Johan Gyllenstorm beräknade körtiden till cirka 169 minuter.,<url><loc>https://pendlings-app1.t-767929534-cloudflare.workers.dev/?fran=Katrineholm&amp;till=Gävle</loc><changefreq>monthly</changefreq></url>
Katrineholm,Borås,303,206,Avståndet mellan Katrineholm och Borås är 303 km och Karl-Johan Gyllenstorm beräknade körtiden till cirka 206 minuter.,<url><loc>https://pendlings-app1.t-767929534-cloudflare.workers.dev/?fran=Katrineholm&amp;till=Borås</loc><changefreq>monthly</changefreq></url>
Katrineholm,Södertälje,107,72,Avståndet mellan Katrineholm och Södertälje är 107 km och Karl-Johan Gyllenstorm beräknade körtiden till cirka 72 minuter.,<url><loc>https://pendlings-app1.t-767929534-cloudflare.workers.dev/?fran=Katrineholm&amp;till=Södertälje</loc><changefreq>monthly</changefreq></url>
Katrineholm,Eskilstuna,57,48,Avståndet mellan Katrineholm och Eskilstuna är 57 km och Karl-Johan Gyllenstorm beräknade körtiden till cirka 48 minuter.,<url><loc>https://pendlings-app1.t-767929534-cloudflare.workers.dev/?fran=Katrineholm&amp;till=Eskilstuna</loc><changefreq>monthly</changefreq></url>
Katrineholm,Halmstad,416,283,Avståndet mellan Katrineholm och Halmstad är 416 km och Karl-Johan Gyllenstorm beräknade körtiden till cirka 283 minuter.,<url><loc>https://pendlings-app1.t-767929534-cloudflare.workers.dev/?fran=Katrineholm&amp;till=Halmstad</loc><changefreq>monthly</changefreq></url>
Katrineholm,Växjö,319,217,Avståndet mellan Katrineholm och Växjö är 319 km och Karl-Johan Gyllenstorm beräknade körtiden till cirka 217 minuter.,<url><loc>https://pendlings-app1.t-767929534-cloudflare.workers.dev/?fran=Katrineholm&amp;till=Växjö</loc><changefreq>monthly</changefreq></url>
Katrineholm,Karlstad,204,139,Avståndet mellan Katrineholm och Karlstad är 204 km och Karl-Johan Gyllenstorm beräknade körtiden till cirka 139 minuter.,<url><loc>https://pendlings-app1.t-767929534-cloudflare.workers.dev/?fran=Katrineholm&amp;till=Karlstad</loc><changefreq>monthly</changefreq></url>
Katrineholm,Piteå,964,657,Avståndet mellan Katrineholm och Piteå är 964 km och Karl-Johan Gyllenstorm beräknade körtiden till cirka 657 minuter.,<url><loc>https://pendlings-app1.t-767929534-cloudflare.workers.dev/?fran=Katrineholm&amp;till=Piteå</loc><changefreq>monthly</changefreq></url>
Katrineholm,Luleå,1016,692,Avståndet mellan Katrineholm och Luleå är 1016 km och Karl-Johan Gyllenstorm beräknade körtiden till cirka 692 minuter.,<url><loc>https://pendlings-app1.t-767929534-cloudflare.workers.dev/?fran=Katrineholm&amp;till=Luleå</loc><changefreq>monthly</changefreq></url>
Katrineholm,Trollhättan,307,209,Avståndet mellan Katrineholm och Trollhättan är 307 km och Karl-Johan Gyllenstorm beräknade körtiden till cirka 209 minuter.,<url><loc>https://pendlings-app1.t-767929534-cloudflare.workers.dev/?fran=Katrineholm&amp;till=Trollhättan</loc><changefreq>monthly</changefreq></url>
Katrineholm,Östersund,604,411,Avståndet mellan Katrineholm och Östersund är 604 km och Karl-Johan Gyllenstorm beräknade körtiden till cirka 411 minuter.,<url><loc>https://pendlings-app1.t-767929534-cloudflare.workers.dev/?fran=Katrineholm&amp;till=Östersund</loc><changefreq>monthly</changefreq></url>
Katrineholm,Borlänge,218,148,Avståndet mellan Katrineholm och Borlänge är 218 km och Karl-Johan Gyllenstorm beräknade körtiden till cirka 148 minuter.,<url><loc>https://pendlings-app1.t-767929534-cloudflare.workers.dev/?fran=Katrineholm&amp;till=Borlänge</loc><changefreq>monthly</changefreq></url>
Katrineholm,Falun,232,158,Avståndet mellan Katrineholm och Falun är 232 km och Karl-Johan Gyllenstorm beräknade körtiden till cirka 158 minuter.,<url><loc>https://pendlings-app1.t-767929534-cloudflare.workers.dev/?fran=Katrineholm&amp;till=Falun</loc><changefreq>monthly</changefreq></url>
Katrineholm,Kalmar,332,226,Avståndet mellan Katrineholm och Kalmar är 332 km och Karl-Johan Gyllenstorm beräknade körtiden till cirka 226 minuter.,<url><loc>https://pendlings-app1.t-767929534-cloudflare.workers.dev/?fran=Katrineholm&amp;till=Kalmar</loc><changefreq>monthly</changefreq></url>
Katrineholm,Skövde,194,132,Avståndet mellan Katrineholm och Skövde är 194 km och Karl-Johan Gyllenstorm beräknade körtiden till cirka 132 minuter.,<url><loc>https://pendlings-app1.t-767929534-cloudflare.workers.dev/?fran=Katrineholm&amp;till=Skövde</loc><changefreq>monthly</changefreq></url>
Katrineholm,Kristianstad,450,306,Avståndet mellan Katrineholm och Kristianstad är 450 km och Karl-Johan Gyllenstorm beräknade körtiden till cirka 306 minuter.,<url><loc>https://pendlings-app1.t-767929534-cloudflare.workers.dev/?fran=Katrineholm&amp;till=Kristianstad</loc><changefreq>monthly</changefreq></url>
Katrineholm,Karlskrona,406,276,Avståndet mellan Katrineholm och Karlskrona är 406 km och Karl-Johan Gyllenstorm beräknade körtiden till cirka 276 minuter.,<url><loc>https://pendlings-app1.t-767929534-cloudflare.workers.dev/?fran=Katrineholm&amp;till=Karlskrona</loc><changefreq>monthly</changefreq></url>
Katrineholm,Skellefteå,878,598,Avståndet mellan Katrineholm och Skellefteå är 878 km och Karl-Johan Gyllenstorm beräknade körtiden till cirka 598 minuter.,<url><loc>https://pendlings-app1.t-767929534-cloudflare.workers.dev/?fran=Katrineholm&amp;till=Skellefteå</loc><changefreq>monthly</changefreq></url>
Katrineholm,Uddevalla,328,223,Avståndet mellan Katrineholm och Uddevalla är 328 km och Karl-Johan Gyllenstorm beräknade körtiden till cirka 223 minuter.,<url><loc>https://pendlings-app1.t-767929534-cloudflare.workers.dev/?fran=Katrineholm&amp;till=Uddevalla</loc><changefreq>monthly</changefreq></url>
Katrineholm,Varberg,401,273,Avståndet mellan Katrineholm och Varberg är 401 km och Karl-Johan Gyllenstorm beräknade körtiden till cirka 273 minuter.,<url><loc>https://pendlings-app1.t-767929534-cloudflare.workers.dev/?fran=Katrineholm&amp;till=Varberg</loc><changefreq>monthly</changefreq></url>
Katrineholm,Motala,108,73,Avståndet mellan Katrineholm och Motala är 108 km och Karl-Johan Gyllenstorm beräknade körtiden till cirka 73 minuter.,<url><loc>https://pendlings-app1.t-767929534-cloudflare.workers.dev/?fran=Katrineholm&amp;till=Motala</loc><changefreq>monthly</changefreq></url>
Katrineholm,Enköping,110,75,Avståndet mellan Katrineholm och Enköping är 110 km och Karl-Johan Gyllenstorm beräknade körtiden till cirka 75 minuter.,<url><loc>https://pendlings-app1.t-767929534-cloudflare.workers.dev/?fran=Katrineholm&amp;till=Enköping</loc><changefreq>monthly</changefreq></url>
Katrineholm,Örnsköldsvik,635,432,Avståndet mellan Katrineholm och Örnsköldsvik är 635 km och Karl-Johan Gyllenstorm beräknade körtiden till cirka 432 minuter.,<url><loc>https://pendlings-app1.t-767929534-cloudflare.workers.dev/?fran=Katrineholm&amp;till=Örnsköldsvik</loc><changefreq>monthly</changefreq></url>
Katrineholm,Nyköping,68,58,Avståndet mellan Katrineholm och Nyköping är 68 km och Karl-Johan Gyllenstorm beräknade körtiden till cirka 58 minuter.,<url><loc>https://pendlings-app1.t-767929534-cloudflare.workers.dev/?fran=Katrineholm&amp;till=Nyköping</loc><changefreq>monthly</changefreq></url>
Katrineholm,Karlshamn,414,282,Avståndet mellan Katrineholm och Karlshamn är 414 km och Karl-Johan Gyllenstorm beräknade körtiden till cirka 282 minuter.,<url><loc>https://pendlings-app1.t-767929534-cloudflare.workers.dev/?fran=Katrineholm&amp;till=Karlshamn</loc><changefreq>monthly</changefreq></url>
Katrineholm,Västervik,178,121,Avståndet mellan Katrineholm och Västervik är 178 km och Karl-Johan Gyllenstorm beräknade körtiden till cirka 121 minuter.,<url><loc>https://pendlings-app1.t-767929534-cloudflare.workers.dev/?fran=Katrineholm&amp;till=Västervik</loc><changefreq>monthly</changefreq></url>
Katrineholm,Eslöv,501,341,Avståndet mellan Katrineholm och Eslöv är 501 km och Karl-Johan Gyllenstorm beräknade körtiden till cirka 341 minuter.,<url><loc>https://pendlings-app1.t-767929534-cloudflare.workers.dev/?fran=Katrineholm&amp;till=Eslöv</loc><changefreq>monthly</changefreq></url>
Katrineholm,Härnösand,531,362,Avståndet mellan Katrineholm och Härnösand är 531 km och Karl-Johan Gyllenstorm beräknade körtiden till cirka 362 minuter.,<url><loc>https://pendlings-app1.t-767929534-cloudflare.workers.dev/?fran=Katrineholm&amp;till=Härnösand</loc><changefreq>monthly</changefreq></url>
Katrineholm,Ystad,539,367,Avståndet mellan Katrineholm och Ystad är 539 km och Karl-Johan Gyllenstorm beräknade körtiden till cirka 367 minuter.,<url><loc>https://pendlings-app1.t-767929534-cloudflare.workers.dev/?fran=Katrineholm&amp;till=Ystad</loc><changefreq>monthly</changefreq></url>
Katrineholm,Mariestad,180,122,Avståndet mellan Katrineholm och Mariestad är 180 km och Karl-Johan Gyllenstorm beräknade körtiden till cirka 122 minuter.,<url><loc>https://pendlings-app1.t-767929534-cloudflare.workers.dev/?fran=Katrineholm&amp;till=Mariestad</loc><changefreq>monthly</changefreq></url>
Katrineholm,Lidköping,235,160,Avståndet mellan Katrineholm och Lidköping är 235 km och Karl-Johan Gyllenstorm beräknade körtiden till cirka 160 minuter.,<url><loc>https://pendlings-app1.t-767929534-cloudflare.workers.dev/?fran=Katrineholm&amp;till=Lidköping</loc><changefreq>monthly</changefreq></url>
Katrineholm,Vänersborg,300,204,Avståndet mellan Katrineholm och Vänersborg är 300 km och Karl-Johan Gyllenstorm beräknade körtiden till cirka 204 minuter.,<url><loc>https://pendlings-app1.t-767929534-cloudflare.workers.dev/?fran=Katrineholm&amp;till=Vänersborg</loc><changefreq>monthly</changefreq></url>
Katrineholm,Värnamo,304,207,Avståndet mellan Katrineholm och Värnamo är 304 km och Karl-Johan Gyllenstorm beräknade körtiden till cirka 207 minuter.,<url><loc>https://pendlings-app1.t-767929534-cloudflare.workers.dev/?fran=Katrineholm&amp;till=Värnamo</loc><changefreq>monthly</changefreq></url>
Katrineholm,Kiruna,1286,876,Avståndet mellan Katrineholm och Kiruna är 1286 km och Karl-Johan Gyllenstorm beräknade körtiden till cirka 876 minuter.,<url><loc>https://pendlings-app1.t-767929534-cloudflare.workers.dev/?fran=Katrineholm&amp;till=Kiruna</loc><changefreq>monthly</changefreq></url>
Katrineholm,Hudiksvall,394,268,Avståndet mellan Katrineholm och Hudiksvall är 394 km och Karl-Johan Gyllenstorm beräknade körtiden till cirka 268 minuter.,<url><loc>https://pendlings-app1.t-767929534-cloudflare.workers.dev/?fran=Katrineholm&amp;till=Hudiksvall</loc><changefreq>monthly</changefreq></url>
Katrineholm,Falkenberg,408,278,Avståndet mellan Katrineholm och Falkenberg är 408 km och Karl-Johan Gyllenstorm beräknade körtiden till cirka 278 minuter.,<url><loc>https://pendlings-app1.t-767929534-cloudflare.workers.dev/?fran=Katrineholm&amp;till=Falkenberg</loc><changefreq>monthly</changefreq></url>
Katrineholm,Visby,368,349,Avståndet mellan Katrineholm och Visby är 368 km och Karl-Johan Gyllenstorm beräknade körtiden till cirka 349 minuter.,<url><loc>https://pendlings-app1.t-767929534-cloudflare.workers.dev/?fran=Katrineholm&amp;till=Visby</loc><changefreq>monthly</changefreq></url>
Mariestad,Stockholm,323,220,Avståndet mellan Mariestad och Stockholm är 323 km och Karl-Johan Gyllenstorm beräknade körtiden till cirka 220 minuter.,<url><loc>https://pendlings-app1.t-767929534-cloudflare.workers.dev/?fran=Mariestad&amp;till=Stockholm</loc><changefreq>monthly</changefreq></url>
Mariestad,Göteborg,198,135,Avståndet mellan Mariestad och Göteborg är 198 km och Karl-Johan Gyllenstorm beräknade körtiden till cirka 135 minuter.,<url><loc>https://pendlings-app1.t-767929534-cloudflare.workers.dev/?fran=Mariestad&amp;till=Göteborg</loc><changefreq>monthly</changefreq></url>
Mariestad,Malmö,446,304,Avståndet mellan Mariestad och Malmö är 446 km och Karl-Johan Gyllenstorm beräknade körtiden till cirka 304 minuter.,<url><loc>https://pendlings-app1.t-767929534-cloudflare.workers.dev/?fran=Mariestad&amp;till=Malmö</loc><changefreq>monthly</changefreq></url>
Mariestad,Uppsala,321,218,Avståndet mellan Mariestad och Uppsala är 321 km och Karl-Johan Gyllenstorm beräknade körtiden till cirka 218 minuter.,<url><loc>https://pendlings-app1.t-767929534-cloudflare.workers.dev/?fran=Mariestad&amp;till=Uppsala</loc><changefreq>monthly</changefreq></url>
Mariestad,Västerås,236,160,Avståndet mellan Mariestad och Västerås är 236 km och Karl-Johan Gyllenstorm beräknade körtiden till cirka 160 minuter.,<url><loc>https://pendlings-app1.t-767929534-cloudflare.workers.dev/?fran=Mariestad&amp;till=Västerås</loc><changefreq>monthly</changefreq></url>
Mariestad,Örebro,129,87,Avståndet mellan Mariestad och Örebro är 129 km och Karl-Johan Gyllenstorm beräknade körtiden till cirka 87 minuter.,<url><loc>https://pendlings-app1.t-767929534-cloudflare.workers.dev/?fran=Mariestad&amp;till=Örebro</loc><changefreq>monthly</changefreq></url>
Mariestad,Linköping,140,95,Avståndet mellan Mariestad och Linköping är 140 km och Karl-Johan Gyllenstorm beräknade körtiden till cirka 95 minuter.,<url><loc>https://pendlings-app1.t-767929534-cloudflare.workers.dev/?fran=Mariestad&amp;till=Linköping</loc><changefreq>monthly</changefreq></url>
Mariestad,Helsingborg,388,264,Avståndet mellan Mariestad och Helsingborg är 388 km och Karl-Johan Gyllenstorm beräknade körtiden till cirka 264 minuter.,<url><loc>https://pendlings-app1.t-767929534-cloudflare.workers.dev/?fran=Mariestad&amp;till=Helsingborg</loc><changefreq>monthly</changefreq></url>
Mariestad,Jönköping,134,91,Avståndet mellan Mariestad och Jönköping är 134 km och Karl-Johan Gyllenstorm beräknade körtiden till cirka 91 minuter.,<url><loc>https://pendlings-app1.t-767929534-cloudflare.workers.dev/?fran=Mariestad&amp;till=Jönköping</loc><changefreq>monthly</changefreq></url>
Mariestad,Norrköping,175,119,Avståndet mellan Mariestad och Norrköping är 175 km och Karl-Johan Gyllenstorm beräknade körtiden till cirka 119 minuter.,<url><loc>https://pendlings-app1.t-767929534-cloudflare.workers.dev/?fran=Mariestad&amp;till=Norrköping</loc><changefreq>monthly</changefreq></url>
Mariestad,Lund,430,293,Avståndet mellan Mariestad och Lund är 430 km och Karl-Johan Gyllenstorm beräknade körtiden till cirka 293 minuter.,<url><loc>https://pendlings-app1.t-767929534-cloudflare.workers.dev/?fran=Mariestad&amp;till=Lund</loc><changefreq>monthly</changefreq></url>
Mariestad,Umeå,850,579,Avståndet mellan Mariestad och Umeå är 850 km och Karl-Johan Gyllenstorm beräknade körtiden till cirka 579 minuter.,<url><loc>https://pendlings-app1.t-767929534-cloudflare.workers.dev/?fran=Mariestad&amp;till=Umeå</loc><changefreq>monthly</changefreq></url>
Mariestad,Gävle,367,250,Avståndet mellan Mariestad och Gävle är 367 km och Karl-Johan Gyllenstorm beräknade körtiden till cirka 250 minuter.,<url><loc>https://pendlings-app1.t-767929534-cloudflare.workers.dev/?fran=Mariestad&amp;till=Gävle</loc><changefreq>monthly</changefreq></url>
Mariestad,Borås,155,105,Avståndet mellan Mariestad och Borås är 155 km och Karl-Johan Gyllenstorm beräknade körtiden till cirka 105 minuter.,<url><loc>https://pendlings-app1.t-767929534-cloudflare.workers.dev/?fran=Mariestad&amp;till=Borås</loc><changefreq>monthly</changefreq></url>
Mariestad,Södertälje,287,195,Avståndet mellan Mariestad och Södertälje är 287 km och Karl-Johan Gyllenstorm beräknade körtiden till cirka 195 minuter.,<url><loc>https://pendlings-app1.t-767929534-cloudflare.workers.dev/?fran=Mariestad&amp;till=Södertälje</loc><changefreq>monthly</changefreq></url>
Mariestad,Eskilstuna,218,148,Avståndet mellan Mariestad och Eskilstuna är 218 km och Karl-Johan Gyllenstorm beräknade körtiden till cirka 148 minuter.,<url><loc>https://pendlings-app1.t-767929534-cloudflare.workers.dev/?fran=Mariestad&amp;till=Eskilstuna</loc><changefreq>monthly</changefreq></url>
Mariestad,Halmstad,298,203,Avståndet mellan Mariestad och Halmstad är 298 km och Karl-Johan Gyllenstorm beräknade körtiden till cirka 203 minuter.,<url><loc>https://pendlings-app1.t-767929534-cloudflare.workers.dev/?fran=Mariestad&amp;till=Halmstad</loc><changefreq>monthly</changefreq></url>
Mariestad,Växjö,271,184,Avståndet mellan Mariestad och Växjö är 271 km och Karl-Johan Gyllenstorm beräknade körtiden till cirka 184 minuter.,<url><loc>https://pendlings-app1.t-767929534-cloudflare.workers.dev/?fran=Mariestad&amp;till=Växjö</loc><changefreq>monthly</changefreq></url>
Mariestad,Karlstad,98,84,Avståndet mellan Mariestad och Karlstad är 98 km och Karl-Johan Gyllenstorm beräknade körtiden till cirka 84 minuter.,<url><loc>https://pendlings-app1.t-767929534-cloudflare.workers.dev/?fran=Mariestad&amp;till=Karlstad</loc><changefreq>monthly</changefreq></url>
Mariestad,Piteå,1068,728,Avståndet mellan Mariestad och Piteå är 1068 km och Karl-Johan Gyllenstorm beräknade körtiden till cirka 728 minuter.,<url><loc>https://pendlings-app1.t-767929534-cloudflare.workers.dev/?fran=Mariestad&amp;till=Piteå</loc><changefreq>monthly</changefreq></url>
Mariestad,Luleå,1122,765,Avståndet mellan Mariestad och Luleå är 1122 km och Karl-Johan Gyllenstorm beräknade körtiden till cirka 765 minuter.,<url><loc>https://pendlings-app1.t-767929534-cloudflare.workers.dev/?fran=Mariestad&amp;till=Luleå</loc><changefreq>monthly</changefreq></url>
Mariestad,Trollhättan,129,87,Avståndet mellan Mariestad och Trollhättan är 129 km och Karl-Johan Gyllenstorm beräknade körtiden till cirka 87 minuter.,<url><loc>https://pendlings-app1.t-767929534-cloudflare.workers.dev/?fran=Mariestad&amp;till=Trollhättan</loc><changefreq>monthly</changefreq></url>
Mariestad,Östersund,638,435,Avståndet mellan Mariestad och Östersund är 638 km och Karl-Johan Gyllenstorm beräknade körtiden till cirka 435 minuter.,<url><loc>https://pendlings-app1.t-767929534-cloudflare.workers.dev/?fran=Mariestad&amp;till=Östersund</loc><changefreq>monthly</changefreq></url>
Mariestad,Borlänge,278,189,Avståndet mellan Mariestad och Borlänge är 278 km och Karl-Johan Gyllenstorm beräknade körtiden till cirka 189 minuter.,<url><loc>https://pendlings-app1.t-767929534-cloudflare.workers.dev/?fran=Mariestad&amp;till=Borlänge</loc><changefreq>monthly</changefreq></url>
Mariestad,Falun,299,203,Avståndet mellan Mariestad och Falun är 299 km och Karl-Johan Gyllenstorm beräknade körtiden till cirka 203 minuter.,<url><loc>https://pendlings-app1.t-767929534-cloudflare.workers.dev/?fran=Mariestad&amp;till=Falun</loc><changefreq>monthly</changefreq></url>
Mariestad,Kalmar,349,237,Avståndet mellan Mariestad och Kalmar är 349 km och Karl-Johan Gyllenstorm beräknade körtiden till cirka 237 minuter.,<url><loc>https://pendlings-app1.t-767929534-cloudflare.workers.dev/?fran=Mariestad&amp;till=Kalmar</loc><changefreq>monthly</changefreq></url>
Mariestad,Skövde,45,38,Avståndet mellan Mariestad och Skövde är 45 km och Karl-Johan Gyllenstorm beräknade körtiden till cirka 38 minuter.,<url><loc>https://pendlings-app1.t-767929534-cloudflare.workers.dev/?fran=Mariestad&amp;till=Skövde</loc><changefreq>monthly</changefreq></url>
Mariestad,Kristianstad,382,260,Avståndet mellan Mariestad och Kristianstad är 382 km och Karl-Johan Gyllenstorm beräknade körtiden till cirka 260 minuter.,<url><loc>https://pendlings-app1.t-767929534-cloudflare.workers.dev/?fran=Mariestad&amp;till=Kristianstad</loc><changefreq>monthly</changefreq></url>
Mariestad,Karlskrona,386,263,Avståndet mellan Mariestad och Karlskrona är 386 km och Karl-Johan Gyllenstorm beräknade körtiden till cirka 263 minuter.,<url><loc>https://pendlings-app1.t-767929534-cloudflare.workers.dev/?fran=Mariestad&amp;till=Karlskrona</loc><changefreq>monthly</changefreq></url>
Mariestad,Skellefteå,983,670,Avståndet mellan Mariestad och Skellefteå är 983 km och Karl-Johan Gyllenstorm beräknade körtiden till cirka 670 minuter.,<url><loc>https://pendlings-app1.t-767929534-cloudflare.workers.dev/?fran=Mariestad&amp;till=Skellefteå</loc><changefreq>monthly</changefreq></url>
Mariestad,Uddevalla,148,100,Avståndet mellan Mariestad och Uddevalla är 148 km och Karl-Johan Gyllenstorm beräknade körtiden till cirka 100 minuter.,<url><loc>https://pendlings-app1.t-767929534-cloudflare.workers.dev/?fran=Mariestad&amp;till=Uddevalla</loc><changefreq>monthly</changefreq></url>
Mariestad,Varberg,257,175,Avståndet mellan Mariestad och Varberg är 257 km och Karl-Johan Gyllenstorm beräknade körtiden till cirka 175 minuter.,<url><loc>https://pendlings-app1.t-767929534-cloudflare.workers.dev/?fran=Mariestad&amp;till=Varberg</loc><changefreq>monthly</changefreq></url>
Mariestad,Motala,93,79,Avståndet mellan Mariestad och Motala är 93 km och Karl-Johan Gyllenstorm beräknade körtiden till cirka 79 minuter.,<url><loc>https://pendlings-app1.t-767929534-cloudflare.workers.dev/?fran=Mariestad&amp;till=Motala</loc><changefreq>monthly</changefreq></url>
Mariestad,Enköping,271,184,Avståndet mellan Mariestad och Enköping är 271 km och Karl-Johan Gyllenstorm beräknade körtiden till cirka 184 minuter.,<url><loc>https://pendlings-app1.t-767929534-cloudflare.workers.dev/?fran=Mariestad&amp;till=Enköping</loc><changefreq>monthly</changefreq></url>
Mariestad,Örnsköldsvik,733,499,Avståndet mellan Mariestad och Örnsköldsvik är 733 km och Karl-Johan Gyllenstorm beräknade körtiden till cirka 499 minuter.,<url><loc>https://pendlings-app1.t-767929534-cloudflare.workers.dev/?fran=Mariestad&amp;till=Örnsköldsvik</loc><changefreq>monthly</changefreq></url>
Mariestad,Nyköping,235,160,Avståndet mellan Mariestad och Nyköping är 235 km och Karl-Johan Gyllenstorm beräknade körtiden till cirka 160 minuter.,<url><loc>https://pendlings-app1.t-767929534-cloudflare.workers.dev/?fran=Mariestad&amp;till=Nyköping</loc><changefreq>monthly</changefreq></url>
Mariestad,Karlshamn,369,251,Avståndet mellan Mariestad och Karlshamn är 369 km och Karl-Johan Gyllenstorm beräknade körtiden till cirka 251 minuter.,<url><loc>https://pendlings-app1.t-767929534-cloudflare.workers.dev/?fran=Mariestad&amp;till=Karlshamn</loc><changefreq>monthly</changefreq></url>
Mariestad,Västervik,250,170,Avståndet mellan Mariestad och Västervik är 250 km och Karl-Johan Gyllenstorm beräknade körtiden till cirka 170 minuter.,<url><loc>https://pendlings-app1.t-767929534-cloudflare.workers.dev/?fran=Mariestad&amp;till=Västervik</loc><changefreq>monthly</changefreq></url>
Mariestad,Eslöv,410,279,Avståndet mellan Mariestad och Eslöv är 410 km och Karl-Johan Gyllenstorm beräknade körtiden till cirka 279 minuter.,<url><loc>https://pendlings-app1.t-767929534-cloudflare.workers.dev/?fran=Mariestad&amp;till=Eslöv</loc><changefreq>monthly</changefreq></url>
Mariestad,Härnösand,627,427,Avståndet mellan Mariestad och Härnösand är 627 km och Karl-Johan Gyllenstorm beräknade körtiden till cirka 427 minuter.,<url><loc>https://pendlings-app1.t-767929534-cloudflare.workers.dev/?fran=Mariestad&amp;till=Härnösand</loc><changefreq>monthly</changefreq></url>
Mariestad,Ystad,466,317,Avståndet mellan Mariestad och Ystad är 466 km och Karl-Johan Gyllenstorm beräknade körtiden till cirka 317 minuter.,<url><loc>https://pendlings-app1.t-767929534-cloudflare.workers.dev/?fran=Mariestad&amp;till=Ystad</loc><changefreq>monthly</changefreq></url>
Mariestad,Katrineholm,180,122,Avståndet mellan Mariestad och Katrineholm är 180 km och Karl-Johan Gyllenstorm beräknade körtiden till cirka 122 minuter.,<url><loc>https://pendlings-app1.t-767929534-cloudflare.workers.dev/?fran=Mariestad&amp;till=Katrineholm</loc><changefreq>monthly</changefreq></url>
Mariestad,Lidköping,57,48,Avståndet mellan Mariestad och Lidköping är 57 km och Karl-Johan Gyllenstorm beräknade körtiden till cirka 48 minuter.,<url><loc>https://pendlings-app1.t-767929534-cloudflare.workers.dev/?fran=Mariestad&amp;till=Lidköping</loc><changefreq>monthly</changefreq></url>
Mariestad,Vänersborg,121,82,Avståndet mellan Mariestad och Vänersborg är 121 km och Karl-Johan Gyllenstorm beräknade körtiden till cirka 82 minuter.,<url><loc>https://pendlings-app1.t-767929534-cloudflare.workers.dev/?fran=Mariestad&amp;till=Vänersborg</loc><changefreq>monthly</changefreq></url>
Mariestad,Värnamo,217,147,Avståndet mellan Mariestad och Värnamo är 217 km och Karl-Johan Gyllenstorm beräknade körtiden till cirka 147 minuter.,<url><loc>https://pendlings-app1.t-767929534-cloudflare.workers.dev/?fran=Mariestad&amp;till=Värnamo</loc><changefreq>monthly</changefreq></url>
Mariestad,Kiruna,1363,929,Avståndet mellan Mariestad och Kiruna är 1363 km och Karl-Johan Gyllenstorm beräknade körtiden till cirka 929 minuter.,<url><loc>https://pendlings-app1.t-767929534-cloudflare.workers.dev/?fran=Mariestad&amp;till=Kiruna</loc><changefreq>monthly</changefreq></url>
Mariestad,Hudiksvall,488,332,Avståndet mellan Mariestad och Hudiksvall är 488 km och Karl-Johan Gyllenstorm beräknade körtiden till cirka 332 minuter.,<url><loc>https://pendlings-app1.t-767929534-cloudflare.workers.dev/?fran=Mariestad&amp;till=Hudiksvall</loc><changefreq>monthly</changefreq></url>
Mariestad,Falkenberg,275,187,Avståndet mellan Mariestad och Falkenberg är 275 km och Karl-Johan Gyllenstorm beräknade körtiden till cirka 187 minuter.,<url><loc>https://pendlings-app1.t-767929534-cloudflare.workers.dev/?fran=Mariestad&amp;till=Falkenberg</loc><changefreq>monthly</changefreq></url>
Mariestad,Visby,488,430,Avståndet mellan Mariestad och Visby är 488 km och Karl-Johan Gyllenstorm beräknade körtiden till cirka 430 minuter.,<url><loc>https://pendlings-app1.t-767929534-cloudflare.workers.dev/?fran=Mariestad&amp;till=Visby</loc><changefreq>monthly</changefreq></url>
Lidköping,Stockholm,379,258,Avståndet mellan Lidköping och Stockholm är 379 km och Karl-Johan Gyllenstorm beräknade körtiden till cirka 258 minuter.,<url><loc>https://pendlings-app1.t-767929534-cloudflare.workers.dev/?fran=Lidköping&amp;till=Stockholm</loc><changefreq>monthly</changefreq></url>
Lidköping,Göteborg,143,97,Avståndet mellan Lidköping och Göteborg är 143 km och Karl-Johan Gyllenstorm beräknade körtiden till cirka 97 minuter.,<url><loc>https://pendlings-app1.t-767929534-cloudflare.workers.dev/?fran=Lidköping&amp;till=Göteborg</loc><changefreq>monthly</changefreq></url>
Lidköping,Malmö,412,280,Avståndet mellan Lidköping och Malmö är 412 km och Karl-Johan Gyllenstorm beräknade körtiden till cirka 280 minuter.,<url><loc>https://pendlings-app1.t-767929534-cloudflare.workers.dev/?fran=Lidköping&amp;till=Malmö</loc><changefreq>monthly</changefreq></url>
Lidköping,Uppsala,379,258,Avståndet mellan Lidköping och Uppsala är 379 km och Karl-Johan Gyllenstorm beräknade körtiden till cirka 258 minuter.,<url><loc>https://pendlings-app1.t-767929534-cloudflare.workers.dev/?fran=Lidköping&amp;till=Uppsala</loc><changefreq>monthly</changefreq></url>
Lidköping,Västerås,293,199,Avståndet mellan Lidköping och Västerås är 293 km och Karl-Johan Gyllenstorm beräknade körtiden till cirka 199 minuter.,<url><loc>https://pendlings-app1.t-767929534-cloudflare.workers.dev/?fran=Lidköping&amp;till=Västerås</loc><changefreq>monthly</changefreq></url>
Lidköping,Örebro,186,126,Avståndet mellan Lidköping och Örebro är 186 km och Karl-Johan Gyllenstorm beräknade körtiden till cirka 126 minuter.,<url><loc>https://pendlings-app1.t-767929534-cloudflare.workers.dev/?fran=Lidköping&amp;till=Örebro</loc><changefreq>monthly</changefreq></url>
Lidköping,Linköping,183,124,Avståndet mellan Lidköping och Linköping är 183 km och Karl-Johan Gyllenstorm beräknade körtiden till cirka 124 minuter.,<url><loc>https://pendlings-app1.t-767929534-cloudflare.workers.dev/?fran=Lidköping&amp;till=Linköping</loc><changefreq>monthly</changefreq></url>
Lidköping,Helsingborg,351,239,Avståndet mellan Lidköping och Helsingborg är 351 km och Karl-Johan Gyllenstorm beräknade körtiden till cirka 239 minuter.,<url><loc>https://pendlings-app1.t-767929534-cloudflare.workers.dev/?fran=Lidköping&amp;till=Helsingborg</loc><changefreq>monthly</changefreq></url>
Lidköping,Jönköping,127,86,Avståndet mellan Lidköping och Jönköping är 127 km och Karl-Johan Gyllenstorm beräknade körtiden till cirka 86 minuter.,<url><loc>https://pendlings-app1.t-767929534-cloudflare.workers.dev/?fran=Lidköping&amp;till=Jönköping</loc><changefreq>monthly</changefreq></url>
Lidköping,Norrköping,225,153,Avståndet mellan Lidköping och Norrköping är 225 km och Karl-Johan Gyllenstorm beräknade körtiden till cirka 153 minuter.,<url><loc>https://pendlings-app1.t-767929534-cloudflare.workers.dev/?fran=Lidköping&amp;till=Norrköping</loc><changefreq>monthly</changefreq></url>
Lidköping,Lund,398,271,Avståndet mellan Lidköping och Lund är 398 km och Karl-Johan Gyllenstorm beräknade körtiden till cirka 271 minuter.,<url><loc>https://pendlings-app1.t-767929534-cloudflare.workers.dev/?fran=Lidköping&amp;till=Lund</loc><changefreq>monthly</changefreq></url>
Lidköping,Umeå,899,612,Avståndet mellan Lidköping och Umeå är 899 km och Karl-Johan Gyllenstorm beräknade körtiden till cirka 612 minuter.,<url><loc>https://pendlings-app1.t-767929534-cloudflare.workers.dev/?fran=Lidköping&amp;till=Umeå</loc><changefreq>monthly</changefreq></url>
Lidköping,Gävle,421,287,Avståndet mellan Lidköping och Gävle är 421 km och Karl-Johan Gyllenstorm beräknade körtiden till cirka 287 minuter.,<url><loc>https://pendlings-app1.t-767929534-cloudflare.workers.dev/?fran=Lidköping&amp;till=Gävle</loc><changefreq>monthly</changefreq></url>
Lidköping,Borås,112,76,Avståndet mellan Lidköping och Borås är 112 km och Karl-Johan Gyllenstorm beräknade körtiden till cirka 76 minuter.,<url><loc>https://pendlings-app1.t-767929534-cloudflare.workers.dev/?fran=Lidköping&amp;till=Borås</loc><changefreq>monthly</changefreq></url>
Lidköping,Södertälje,343,233,Avståndet mellan Lidköping och Södertälje är 343 km och Karl-Johan Gyllenstorm beräknade körtiden till cirka 233 minuter.,<url><loc>https://pendlings-app1.t-767929534-cloudflare.workers.dev/?fran=Lidköping&amp;till=Södertälje</loc><changefreq>monthly</changefreq></url>
Lidköping,Eskilstuna,275,187,Avståndet mellan Lidköping och Eskilstuna är 275 km och Karl-Johan Gyllenstorm beräknade körtiden till cirka 187 minuter.,<url><loc>https://pendlings-app1.t-767929534-cloudflare.workers.dev/?fran=Lidköping&amp;till=Eskilstuna</loc><changefreq>monthly</changefreq></url>
Lidköping,Halmstad,261,177,Avståndet mellan Lidköping och Halmstad är 261 km och Karl-Johan Gyllenstorm beräknade körtiden till cirka 177 minuter.,<url><loc>https://pendlings-app1.t-767929534-cloudflare.workers.dev/?fran=Lidköping&amp;till=Halmstad</loc><changefreq>monthly</changefreq></url>
Lidköping,Växjö,263,179,Avståndet mellan Lidköping och Växjö är 263 km och Karl-Johan Gyllenstorm beräknade körtiden till cirka 179 minuter.,<url><loc>https://pendlings-app1.t-767929534-cloudflare.workers.dev/?fran=Lidköping&amp;till=Växjö</loc><changefreq>monthly</changefreq></url>
Lidköping,Karlstad,127,86,Avståndet mellan Lidköping och Karlstad är 127 km och Karl-Johan Gyllenstorm beräknade körtiden till cirka 86 minuter.,<url><loc>https://pendlings-app1.t-767929534-cloudflare.workers.dev/?fran=Lidköping&amp;till=Karlstad</loc><changefreq>monthly</changefreq></url>
Lidköping,Piteå,1116,760,Avståndet mellan Lidköping och Piteå är 1116 km och Karl-Johan Gyllenstorm beräknade körtiden till cirka 760 minuter.,<url><loc>https://pendlings-app1.t-767929534-cloudflare.workers.dev/?fran=Lidköping&amp;till=Piteå</loc><changefreq>monthly</changefreq></url>
Lidköping,Luleå,1170,797,Avståndet mellan Lidköping och Luleå är 1170 km och Karl-Johan Gyllenstorm beräknade körtiden till cirka 797 minuter.,<url><loc>https://pendlings-app1.t-767929534-cloudflare.workers.dev/?fran=Lidköping&amp;till=Luleå</loc><changefreq>monthly</changefreq></url>
Lidköping,Trollhättan,72,61,Avståndet mellan Lidköping och Trollhättan är 72 km och Karl-Johan Gyllenstorm beräknade körtiden till cirka 61 minuter.,<url><loc>https://pendlings-app1.t-767929534-cloudflare.workers.dev/?fran=Lidköping&amp;till=Trollhättan</loc><changefreq>monthly</changefreq></url>
Lidköping,Östersund,672,458,Avståndet mellan Lidköping och Östersund är 672 km och Karl-Johan Gyllenstorm beräknade körtiden till cirka 458 minuter.,<url><loc>https://pendlings-app1.t-767929534-cloudflare.workers.dev/?fran=Lidköping&amp;till=Östersund</loc><changefreq>monthly</changefreq></url>
Lidköping,Borlänge,326,222,Avståndet mellan Lidköping och Borlänge är 326 km och Karl-Johan Gyllenstorm beräknade körtiden till cirka 222 minuter.,<url><loc>https://pendlings-app1.t-767929534-cloudflare.workers.dev/?fran=Lidköping&amp;till=Borlänge</loc><changefreq>monthly</changefreq></url>
Lidköping,Falun,347,236,Avståndet mellan Lidköping och Falun är 347 km och Karl-Johan Gyllenstorm beräknade körtiden till cirka 236 minuter.,<url><loc>https://pendlings-app1.t-767929534-cloudflare.workers.dev/?fran=Lidköping&amp;till=Falun</loc><changefreq>monthly</changefreq></url>
Lidköping,Kalmar,357,243,Avståndet mellan Lidköping och Kalmar är 357 km och Karl-Johan Gyllenstorm beräknade körtiden till cirka 243 minuter.,<url><loc>https://pendlings-app1.t-767929534-cloudflare.workers.dev/?fran=Lidköping&amp;till=Kalmar</loc><changefreq>monthly</changefreq></url>
Lidköping,Skövde,53,45,Avståndet mellan Lidköping och Skövde är 53 km och Karl-Johan Gyllenstorm beräknade körtiden till cirka 45 minuter.,<url><loc>https://pendlings-app1.t-767929534-cloudflare.workers.dev/?fran=Lidköping&amp;till=Skövde</loc><changefreq>monthly</changefreq></url>
Lidköping,Kristianstad,360,245,Avståndet mellan Lidköping och Kristianstad är 360 km och Karl-Johan Gyllenstorm beräknade körtiden till cirka 245 minuter.,<url><loc>https://pendlings-app1.t-767929534-cloudflare.workers.dev/?fran=Lidköping&amp;till=Kristianstad</loc><changefreq>monthly</changefreq></url>
Lidköping,Karlskrona,381,259,Avståndet mellan Lidköping och Karlskrona är 381 km och Karl-Johan Gyllenstorm beräknade körtiden till cirka 259 minuter.,<url><loc>https://pendlings-app1.t-767929534-cloudflare.workers.dev/?fran=Lidköping&amp;till=Karlskrona</loc><changefreq>monthly</changefreq></url>
Lidköping,Skellefteå,1032,703,Avståndet mellan Lidköping och Skellefteå är 1032 km och Karl-Johan Gyllenstorm beräknade körtiden till cirka 703 minuter.,<url><loc>https://pendlings-app1.t-767929534-cloudflare.workers.dev/?fran=Lidköping&amp;till=Skellefteå</loc><changefreq>monthly</changefreq></url>
Lidköping,Uddevalla,93,79,Avståndet mellan Lidköping och Uddevalla är 93 km och Karl-Johan Gyllenstorm beräknade körtiden till cirka 79 minuter.,<url><loc>https://pendlings-app1.t-767929534-cloudflare.workers.dev/?fran=Lidköping&amp;till=Uddevalla</loc><changefreq>monthly</changefreq></url>
Lidköping,Varberg,210,143,Avståndet mellan Lidköping och Varberg är 210 km och Karl-Johan Gyllenstorm beräknade körtiden till cirka 143 minuter.,<url><loc>https://pendlings-app1.t-767929534-cloudflare.workers.dev/?fran=Lidköping&amp;till=Varberg</loc><changefreq>monthly</changefreq></url>
Lidköping,Motala,139,94,Avståndet mellan Lidköping och Motala är 139 km och Karl-Johan Gyllenstorm beräknade körtiden till cirka 94 minuter.,<url><loc>https://pendlings-app1.t-767929534-cloudflare.workers.dev/?fran=Lidköping&amp;till=Motala</loc><changefreq>monthly</changefreq></url>
Lidköping,Enköping,328,223,Avståndet mellan Lidköping och Enköping är 328 km och Karl-Johan Gyllenstorm beräknade körtiden till cirka 223 minuter.,<url><loc>https://pendlings-app1.t-767929534-cloudflare.workers.dev/?fran=Lidköping&amp;till=Enköping</loc><changefreq>monthly</changefreq></url>
Lidköping,Örnsköldsvik,781,532,Avståndet mellan Lidköping och Örnsköldsvik är 781 km och Karl-Johan Gyllenstorm beräknade körtiden till cirka 532 minuter.,<url><loc>https://pendlings-app1.t-767929534-cloudflare.workers.dev/?fran=Lidköping&amp;till=Örnsköldsvik</loc><changefreq>monthly</changefreq></url>
Lidköping,Nyköping,287,195,Avståndet mellan Lidköping och Nyköping är 287 km och Karl-Johan Gyllenstorm beräknade körtiden till cirka 195 minuter.,<url><loc>https://pendlings-app1.t-767929534-cloudflare.workers.dev/?fran=Lidköping&amp;till=Nyköping</loc><changefreq>monthly</changefreq></url>
Lidköping,Karlshamn,356,242,Avståndet mellan Lidköping och Karlshamn är 356 km och Karl-Johan Gyllenstorm beräknade körtiden till cirka 242 minuter.,<url><loc>https://pendlings-app1.t-767929534-cloudflare.workers.dev/?fran=Lidköping&amp;till=Karlshamn</loc><changefreq>monthly</changefreq></url>
Lidköping,Västervik,281,191,Avståndet mellan Lidköping och Västervik är 281 km och Karl-Johan Gyllenstorm beräknade körtiden till cirka 191 minuter.,<url><loc>https://pendlings-app1.t-767929534-cloudflare.workers.dev/?fran=Lidköping&amp;till=Västervik</loc><changefreq>monthly</changefreq></url>
Lidköping,Eslöv,379,258,Avståndet mellan Lidköping och Eslöv är 379 km och Karl-Johan Gyllenstorm beräknade körtiden till cirka 258 minuter.,<url><loc>https://pendlings-app1.t-767929534-cloudflare.workers.dev/?fran=Lidköping&amp;till=Eslöv</loc><changefreq>monthly</changefreq></url>
Lidköping,Härnösand,675,460,Avståndet mellan Lidköping och Härnösand är 675 km och Karl-Johan Gyllenstorm beräknade körtiden till cirka 460 minuter.,<url><loc>https://pendlings-app1.t-767929534-cloudflare.workers.dev/?fran=Lidköping&amp;till=Härnösand</loc><changefreq>monthly</changefreq></url>
Lidköping,Ystad,440,300,Avståndet mellan Lidköping och Ystad är 440 km och Karl-Johan Gyllenstorm beräknade körtiden till cirka 300 minuter.,<url><loc>https://pendlings-app1.t-767929534-cloudflare.workers.dev/?fran=Lidköping&amp;till=Ystad</loc><changefreq>monthly</changefreq></url>
Lidköping,Katrineholm,235,160,Avståndet mellan Lidköping och Katrineholm är 235 km och Karl-Johan Gyllenstorm beräknade körtiden till cirka 160 minuter.,<url><loc>https://pendlings-app1.t-767929534-cloudflare.workers.dev/?fran=Lidköping&amp;till=Katrineholm</loc><changefreq>monthly</changefreq></url>
Lidköping,Mariestad,57,48,Avståndet mellan Lidköping och Mariestad är 57 km och Karl-Johan Gyllenstorm beräknade körtiden till cirka 48 minuter.,<url><loc>https://pendlings-app1.t-767929534-cloudflare.workers.dev/?fran=Lidköping&amp;till=Mariestad</loc><changefreq>monthly</changefreq></url>
Lidköping,Vänersborg,64,54,Avståndet mellan Lidköping och Vänersborg är 64 km och Karl-Johan Gyllenstorm beräknade körtiden till cirka 54 minuter.,<url><loc>https://pendlings-app1.t-767929534-cloudflare.workers.dev/?fran=Lidköping&amp;till=Vänersborg</loc><changefreq>monthly</changefreq></url>
Lidköping,Värnamo,199,135,Avståndet mellan Lidköping och Värnamo är 199 km och Karl-Johan Gyllenstorm beräknade körtiden till cirka 135 minuter.,<url><loc>https://pendlings-app1.t-767929534-cloudflare.workers.dev/?fran=Lidköping&amp;till=Värnamo</loc><changefreq>monthly</changefreq></url>
Lidköping,Kiruna,1404,957,Avståndet mellan Lidköping och Kiruna är 1404 km och Karl-Johan Gyllenstorm beräknade körtiden till cirka 957 minuter.,<url><loc>https://pendlings-app1.t-767929534-cloudflare.workers.dev/?fran=Lidköping&amp;till=Kiruna</loc><changefreq>monthly</changefreq></url>
Lidköping,Hudiksvall,537,366,Avståndet mellan Lidköping och Hudiksvall är 537 km och Karl-Johan Gyllenstorm beräknade körtiden till cirka 366 minuter.,<url><loc>https://pendlings-app1.t-767929534-cloudflare.workers.dev/?fran=Lidköping&amp;till=Hudiksvall</loc><changefreq>monthly</changefreq></url>
Lidköping,Falkenberg,233,158,Avståndet mellan Lidköping och Falkenberg är 233 km och Karl-Johan Gyllenstorm beräknade körtiden till cirka 158 minuter.,<url><loc>https://pendlings-app1.t-767929534-cloudflare.workers.dev/?fran=Lidköping&amp;till=Falkenberg</loc><changefreq>monthly</changefreq></url>
Lidköping,Visby,525,456,Avståndet mellan Lidköping och Visby är 525 km och Karl-Johan Gyllenstorm beräknade körtiden till cirka 456 minuter.,<url><loc>https://pendlings-app1.t-767929534-cloudflare.workers.dev/?fran=Lidköping&amp;till=Visby</loc><changefreq>monthly</changefreq></url>
Vänersborg,Stockholm,444,302,Avståndet mellan Vänersborg och Stockholm är 444 km och Karl-Johan Gyllenstorm beräknade körtiden till cirka 302 minuter.,<url><loc>https://pendlings-app1.t-767929534-cloudflare.workers.dev/?fran=Vänersborg&amp;till=Stockholm</loc><changefreq>monthly</changefreq></url>
Vänersborg,Göteborg,98,84,Avståndet mellan Vänersborg och Göteborg är 98 km och Karl-Johan Gyllenstorm beräknade körtiden till cirka 84 minuter.,<url><loc>https://pendlings-app1.t-767929534-cloudflare.workers.dev/?fran=Vänersborg&amp;till=Göteborg</loc><changefreq>monthly</changefreq></url>
Vänersborg,Malmö,397,270,Avståndet mellan Vänersborg och Malmö är 397 km och Karl-Johan Gyllenstorm beräknade körtiden till cirka 270 minuter.,<url><loc>https://pendlings-app1.t-767929534-cloudflare.workers.dev/?fran=Vänersborg&amp;till=Malmö</loc><changefreq>monthly</changefreq></url>
Vänersborg,Uppsala,441,300,Avståndet mellan Vänersborg och Uppsala är 441 km och Karl-Johan Gyllenstorm beräknade körtiden till cirka 300 minuter.,<url><loc>https://pendlings-app1.t-767929534-cloudflare.workers.dev/?fran=Vänersborg&amp;till=Uppsala</loc><changefreq>monthly</changefreq></url>
Vänersborg,Västerås,355,242,Avståndet mellan Vänersborg och Västerås är 355 km och Karl-Johan Gyllenstorm beräknade körtiden till cirka 242 minuter.,<url><loc>https://pendlings-app1.t-767929534-cloudflare.workers.dev/?fran=Vänersborg&amp;till=Västerås</loc><changefreq>monthly</changefreq></url>
Vänersborg,Örebro,248,169,Avståndet mellan Vänersborg och Örebro är 248 km och Karl-Johan Gyllenstorm beräknade körtiden till cirka 169 minuter.,<url><loc>https://pendlings-app1.t-767929534-cloudflare.workers.dev/?fran=Vänersborg&amp;till=Örebro</loc><changefreq>monthly</changefreq></url>
Vänersborg,Linköping,245,167,Avståndet mellan Vänersborg och Linköping är 245 km och Karl-Johan Gyllenstorm beräknade körtiden till cirka 167 minuter.,<url><loc>https://pendlings-app1.t-767929534-cloudflare.workers.dev/?fran=Vänersborg&amp;till=Linköping</loc><changefreq>monthly</changefreq></url>
Vänersborg,Helsingborg,332,226,Avståndet mellan Vänersborg och Helsingborg är 332 km och Karl-Johan Gyllenstorm beräknade körtiden till cirka 226 minuter.,<url><loc>https://pendlings-app1.t-767929534-cloudflare.workers.dev/?fran=Vänersborg&amp;till=Helsingborg</loc><changefreq>monthly</changefreq></url>
Vänersborg,Jönköping,161,109,Avståndet mellan Vänersborg och Jönköping är 161 km och Karl-Johan Gyllenstorm beräknade körtiden till cirka 109 minuter.,<url><loc>https://pendlings-app1.t-767929534-cloudflare.workers.dev/?fran=Vänersborg&amp;till=Jönköping</loc><changefreq>monthly</changefreq></url>
Vänersborg,Norrköping,289,197,Avståndet mellan Vänersborg och Norrköping är 289 km och Karl-Johan Gyllenstorm beräknade körtiden till cirka 197 minuter.,<url><loc>https://pendlings-app1.t-767929534-cloudflare.workers.dev/?fran=Vänersborg&amp;till=Norrköping</loc><changefreq>monthly</changefreq></url>
Vänersborg,Lund,385,262,Avståndet mellan Vänersborg och Lund är 385 km och Karl-Johan Gyllenstorm beräknade körtiden till cirka 262 minuter.,<url><loc>https://pendlings-app1.t-767929534-cloudflare.workers.dev/?fran=Vänersborg&amp;till=Lund</loc><changefreq>monthly</changefreq></url>
Vänersborg,Umeå,947,645,Avståndet mellan Vänersborg och Umeå är 947 km och Karl-Johan Gyllenstorm beräknade körtiden till cirka 645 minuter.,<url><loc>https://pendlings-app1.t-767929534-cloudflare.workers.dev/?fran=Vänersborg&amp;till=Umeå</loc><changefreq>monthly</changefreq></url>
Vänersborg,Gävle,477,325,Avståndet mellan Vänersborg och Gävle är 477 km och Karl-Johan Gyllenstorm beräknade körtiden till cirka 325 minuter.,<url><loc>https://pendlings-app1.t-767929534-cloudflare.workers.dev/?fran=Vänersborg&amp;till=Gävle</loc><changefreq>monthly</changefreq></url>
Vänersborg,Borås,103,70,Avståndet mellan Vänersborg och Borås är 103 km och Karl-Johan Gyllenstorm beräknade körtiden till cirka 70 minuter.,<url><loc>https://pendlings-app1.t-767929534-cloudflare.workers.dev/?fran=Vänersborg&amp;till=Borås</loc><changefreq>monthly</changefreq></url>
Vänersborg,Södertälje,407,277,Avståndet mellan Vänersborg och Södertälje är 407 km och Karl-Johan Gyllenstorm beräknade körtiden till cirka 277 minuter.,<url><loc>https://pendlings-app1.t-767929534-cloudflare.workers.dev/?fran=Vänersborg&amp;till=Södertälje</loc><changefreq>monthly</changefreq></url>
Vänersborg,Eskilstuna,339,231,Avståndet mellan Vänersborg och Eskilstuna är 339 km och Karl-Johan Gyllenstorm beräknade körtiden till cirka 231 minuter.,<url><loc>https://pendlings-app1.t-767929534-cloudflare.workers.dev/?fran=Vänersborg&amp;till=Eskilstuna</loc><changefreq>monthly</changefreq></url>
Vänersborg,Halmstad,245,167,Avståndet mellan Vänersborg och Halmstad är 245 km och Karl-Johan Gyllenstorm beräknade körtiden till cirka 167 minuter.,<url><loc>https://pendlings-app1.t-767929534-cloudflare.workers.dev/?fran=Vänersborg&amp;till=Halmstad</loc><changefreq>monthly</changefreq></url>
Vänersborg,Växjö,284,193,Avståndet mellan Vänersborg och Växjö är 284 km och Karl-Johan Gyllenstorm beräknade körtiden till cirka 193 minuter.,<url><loc>https://pendlings-app1.t-767929534-cloudflare.workers.dev/?fran=Vänersborg&amp;till=Växjö</loc><changefreq>monthly</changefreq></url>
Vänersborg,Karlstad,167,113,Avståndet mellan Vänersborg och Karlstad är 167 km och Karl-Johan Gyllenstorm beräknade körtiden till cirka 113 minuter.,<url><loc>https://pendlings-app1.t-767929534-cloudflare.workers.dev/?fran=Vänersborg&amp;till=Karlstad</loc><changefreq>monthly</changefreq></url>
Vänersborg,Piteå,1161,791,Avståndet mellan Vänersborg och Piteå är 1161 km och Karl-Johan Gyllenstorm beräknade körtiden till cirka 791 minuter.,<url><loc>https://pendlings-app1.t-767929534-cloudflare.workers.dev/?fran=Vänersborg&amp;till=Piteå</loc><changefreq>monthly</changefreq></url>
Vänersborg,Luleå,1215,828,Avståndet mellan Vänersborg och Luleå är 1215 km och Karl-Johan Gyllenstorm beräknade körtiden till cirka 828 minuter.,<url><loc>https://pendlings-app1.t-767929534-cloudflare.workers.dev/?fran=Vänersborg&amp;till=Luleå</loc><changefreq>monthly</changefreq></url>
Vänersborg,Trollhättan,13,11,Avståndet mellan Vänersborg och Trollhättan är 13 km och Karl-Johan Gyllenstorm beräknade körtiden till cirka 11 minuter.,<url><loc>https://pendlings-app1.t-767929534-cloudflare.workers.dev/?fran=Vänersborg&amp;till=Trollhättan</loc><changefreq>monthly</changefreq></url>
Vänersborg,Östersund,702,478,Avståndet mellan Vänersborg och Östersund är 702 km och Karl-Johan Gyllenstorm beräknade körtiden till cirka 478 minuter.,<url><loc>https://pendlings-app1.t-767929534-cloudflare.workers.dev/?fran=Vänersborg&amp;till=Östersund</loc><changefreq>monthly</changefreq></url>
Vänersborg,Borlänge,375,255,Avståndet mellan Vänersborg och Borlänge är 375 km och Karl-Johan Gyllenstorm beräknade körtiden till cirka 255 minuter.,<url><loc>https://pendlings-app1.t-767929534-cloudflare.workers.dev/?fran=Vänersborg&amp;till=Borlänge</loc><changefreq>monthly</changefreq></url>
Vänersborg,Falun,396,270,Avståndet mellan Vänersborg och Falun är 396 km och Karl-Johan Gyllenstorm beräknade körtiden till cirka 270 minuter.,<url><loc>https://pendlings-app1.t-767929534-cloudflare.workers.dev/?fran=Vänersborg&amp;till=Falun</loc><changefreq>monthly</changefreq></url>
Vänersborg,Kalmar,392,267,Avståndet mellan Vänersborg och Kalmar är 392 km och Karl-Johan Gyllenstorm beräknade körtiden till cirka 267 minuter.,<url><loc>https://pendlings-app1.t-767929534-cloudflare.workers.dev/?fran=Vänersborg&amp;till=Kalmar</loc><changefreq>monthly</changefreq></url>
Vänersborg,Skövde,113,77,Avståndet mellan Vänersborg och Skövde är 113 km och Karl-Johan Gyllenstorm beräknade körtiden till cirka 77 minuter.,<url><loc>https://pendlings-app1.t-767929534-cloudflare.workers.dev/?fran=Vänersborg&amp;till=Skövde</loc><changefreq>monthly</changefreq></url>
Vänersborg,Kristianstad,362,246,Avståndet mellan Vänersborg och Kristianstad är 362 km och Karl-Johan Gyllenstorm beräknade körtiden till cirka 246 minuter.,<url><loc>https://pendlings-app1.t-767929534-cloudflare.workers.dev/?fran=Vänersborg&amp;till=Kristianstad</loc><changefreq>monthly</changefreq></url>
Vänersborg,Karlskrona,402,274,Avståndet mellan Vänersborg och Karlskrona är 402 km och Karl-Johan Gyllenstorm beräknade körtiden till cirka 274 minuter.,<url><loc>https://pendlings-app1.t-767929534-cloudflare.workers.dev/?fran=Vänersborg&amp;till=Karlskrona</loc><changefreq>monthly</changefreq></url>
Vänersborg,Skellefteå,1077,734,Avståndet mellan Vänersborg och Skellefteå är 1077 km och Karl-Johan Gyllenstorm beräknade körtiden till cirka 734 minuter.,<url><loc>https://pendlings-app1.t-767929534-cloudflare.workers.dev/?fran=Vänersborg&amp;till=Skellefteå</loc><changefreq>monthly</changefreq></url>
Vänersborg,Uddevalla,28,24,Avståndet mellan Vänersborg och Uddevalla är 28 km och Karl-Johan Gyllenstorm beräknade körtiden till cirka 24 minuter.,<url><loc>https://pendlings-app1.t-767929534-cloudflare.workers.dev/?fran=Vänersborg&amp;till=Uddevalla</loc><changefreq>monthly</changefreq></url>
Vänersborg,Varberg,180,122,Avståndet mellan Vänersborg och Varberg är 180 km och Karl-Johan Gyllenstorm beräknade körtiden till cirka 122 minuter.,<url><loc>https://pendlings-app1.t-767929534-cloudflare.workers.dev/?fran=Vänersborg&amp;till=Varberg</loc><changefreq>monthly</changefreq></url>
Vänersborg,Motala,203,138,Avståndet mellan Vänersborg och Motala är 203 km och Karl-Johan Gyllenstorm beräknade körtiden till cirka 138 minuter.,<url><loc>https://pendlings-app1.t-767929534-cloudflare.workers.dev/?fran=Vänersborg&amp;till=Motala</loc><changefreq>monthly</changefreq></url>
Vänersborg,Enköping,391,266,Avståndet mellan Vänersborg och Enköping är 391 km och Karl-Johan Gyllenstorm beräknade körtiden till cirka 266 minuter.,<url><loc>https://pendlings-app1.t-767929534-cloudflare.workers.dev/?fran=Vänersborg&amp;till=Enköping</loc><changefreq>monthly</changefreq></url>
Vänersborg,Örnsköldsvik,827,563,Avståndet mellan Vänersborg och Örnsköldsvik är 827 km och Karl-Johan Gyllenstorm beräknade körtiden till cirka 563 minuter.,<url><loc>https://pendlings-app1.t-767929534-cloudflare.workers.dev/?fran=Vänersborg&amp;till=Örnsköldsvik</loc><changefreq>monthly</changefreq></url>
Vänersborg,Nyköping,351,239,Avståndet mellan Vänersborg och Nyköping är 351 km och Karl-Johan Gyllenstorm beräknade körtiden till cirka 239 minuter.,<url><loc>https://pendlings-app1.t-767929534-cloudflare.workers.dev/?fran=Vänersborg&amp;till=Nyköping</loc><changefreq>monthly</changefreq></url>
Vänersborg,Karlshamn,369,251,Avståndet mellan Vänersborg och Karlshamn är 369 km och Karl-Johan Gyllenstorm beräknade körtiden till cirka 251 minuter.,<url><loc>https://pendlings-app1.t-767929534-cloudflare.workers.dev/?fran=Vänersborg&amp;till=Karlshamn</loc><changefreq>monthly</changefreq></url>
Vänersborg,Västervik,336,229,Avståndet mellan Vänersborg och Västervik är 336 km och Karl-Johan Gyllenstorm beräknade körtiden till cirka 229 minuter.,<url><loc>https://pendlings-app1.t-767929534-cloudflare.workers.dev/?fran=Vänersborg&amp;till=Västervik</loc><changefreq>monthly</changefreq></url>
Vänersborg,Eslöv,368,250,Avståndet mellan Vänersborg och Eslöv är 368 km och Karl-Johan Gyllenstorm beräknade körtiden till cirka 250 minuter.,<url><loc>https://pendlings-app1.t-767929534-cloudflare.workers.dev/?fran=Vänersborg&amp;till=Eslöv</loc><changefreq>monthly</changefreq></url>
Vänersborg,Härnösand,721,491,Avståndet mellan Vänersborg och Härnösand är 721 km och Karl-Johan Gyllenstorm beräknade körtiden till cirka 491 minuter.,<url><loc>https://pendlings-app1.t-767929534-cloudflare.workers.dev/?fran=Vänersborg&amp;till=Härnösand</loc><changefreq>monthly</changefreq></url>
Vänersborg,Ystad,434,295,Avståndet mellan Vänersborg och Ystad är 434 km och Karl-Johan Gyllenstorm beräknade körtiden till cirka 295 minuter.,<url><loc>https://pendlings-app1.t-767929534-cloudflare.workers.dev/?fran=Vänersborg&amp;till=Ystad</loc><changefreq>monthly</changefreq></url>
Vänersborg,Katrineholm,300,204,Avståndet mellan Vänersborg och Katrineholm är 300 km och Karl-Johan Gyllenstorm beräknade körtiden till cirka 204 minuter.,<url><loc>https://pendlings-app1.t-767929534-cloudflare.workers.dev/?fran=Vänersborg&amp;till=Katrineholm</loc><changefreq>monthly</changefreq></url>
Vänersborg,Mariestad,121,82,Avståndet mellan Vänersborg och Mariestad är 121 km och Karl-Johan Gyllenstorm beräknade körtiden till cirka 82 minuter.,<url><loc>https://pendlings-app1.t-767929534-cloudflare.workers.dev/?fran=Vänersborg&amp;till=Mariestad</loc><changefreq>monthly</changefreq></url>
Vänersborg,Lidköping,64,54,Avståndet mellan Vänersborg och Lidköping är 64 km och Karl-Johan Gyllenstorm beräknade körtiden till cirka 54 minuter.,<url><loc>https://pendlings-app1.t-767929534-cloudflare.workers.dev/?fran=Vänersborg&amp;till=Lidköping</loc><changefreq>monthly</changefreq></url>
Vänersborg,Värnamo,213,145,Avståndet mellan Vänersborg och Värnamo är 213 km och Karl-Johan Gyllenstorm beräknade körtiden till cirka 145 minuter.,<url><loc>https://pendlings-app1.t-767929534-cloudflare.workers.dev/?fran=Vänersborg&amp;till=Värnamo</loc><changefreq>monthly</changefreq></url>
Vänersborg,Kiruna,1439,981,Avståndet mellan Vänersborg och Kiruna är 1439 km och Karl-Johan Gyllenstorm beräknade körtiden till cirka 981 minuter.,<url><loc>https://pendlings-app1.t-767929534-cloudflare.workers.dev/?fran=Vänersborg&amp;till=Kiruna</loc><changefreq>monthly</changefreq></url>
Vänersborg,Hudiksvall,585,398,Avståndet mellan Vänersborg och Hudiksvall är 585 km och Karl-Johan Gyllenstorm beräknade körtiden till cirka 398 minuter.,<url><loc>https://pendlings-app1.t-767929534-cloudflare.workers.dev/?fran=Vänersborg&amp;till=Hudiksvall</loc><changefreq>monthly</changefreq></url>
Vänersborg,Falkenberg,209,142,Avståndet mellan Vänersborg och Falkenberg är 209 km och Karl-Johan Gyllenstorm beräknade körtiden till cirka 142 minuter.,<url><loc>https://pendlings-app1.t-767929534-cloudflare.workers.dev/?fran=Vänersborg&amp;till=Falkenberg</loc><changefreq>monthly</changefreq></url>
Vänersborg,Visby,582,495,Avståndet mellan Vänersborg och Visby är 582 km och Karl-Johan Gyllenstorm beräknade körtiden till cirka 495 minuter.,<url><loc>https://pendlings-app1.t-767929534-cloudflare.workers.dev/?fran=Vänersborg&amp;till=Visby</loc><changefreq>monthly</changefreq></url>
Värnamo,Stockholm,428,291,Avståndet mellan Värnamo och Stockholm är 428 km och Karl-Johan Gyllenstorm beräknade körtiden till cirka 291 minuter.,<url><loc>https://pendlings-app1.t-767929534-cloudflare.workers.dev/?fran=Värnamo&amp;till=Stockholm</loc><changefreq>monthly</changefreq></url>
Värnamo,Göteborg,174,118,Avståndet mellan Värnamo och Göteborg är 174 km och Karl-Johan Gyllenstorm beräknade körtiden till cirka 118 minuter.,<url><loc>https://pendlings-app1.t-767929534-cloudflare.workers.dev/?fran=Värnamo&amp;till=Göteborg</loc><changefreq>monthly</changefreq></url>
Värnamo,Malmö,239,162,Avståndet mellan Värnamo och Malmö är 239 km och Karl-Johan Gyllenstorm beräknade körtiden till cirka 162 minuter.,<url><loc>https://pendlings-app1.t-767929534-cloudflare.workers.dev/?fran=Värnamo&amp;till=Malmö</loc><changefreq>monthly</changefreq></url>
Värnamo,Uppsala,464,316,Avståndet mellan Värnamo och Uppsala är 464 km och Karl-Johan Gyllenstorm beräknade körtiden till cirka 316 minuter.,<url><loc>https://pendlings-app1.t-767929534-cloudflare.workers.dev/?fran=Värnamo&amp;till=Uppsala</loc><changefreq>monthly</changefreq></url>
Värnamo,Västerås,392,267,Avståndet mellan Värnamo och Västerås är 392 km och Karl-Johan Gyllenstorm beräknade körtiden till cirka 267 minuter.,<url><loc>https://pendlings-app1.t-767929534-cloudflare.workers.dev/?fran=Värnamo&amp;till=Västerås</loc><changefreq>monthly</changefreq></url>
Värnamo,Örebro,310,211,Avståndet mellan Värnamo och Örebro är 310 km och Karl-Johan Gyllenstorm beräknade körtiden till cirka 211 minuter.,<url><loc>https://pendlings-app1.t-767929534-cloudflare.workers.dev/?fran=Värnamo&amp;till=Örebro</loc><changefreq>monthly</changefreq></url>
Värnamo,Linköping,211,143,Avståndet mellan Värnamo och Linköping är 211 km och Karl-Johan Gyllenstorm beräknade körtiden till cirka 143 minuter.,<url><loc>https://pendlings-app1.t-767929534-cloudflare.workers.dev/?fran=Värnamo&amp;till=Linköping</loc><changefreq>monthly</changefreq></url>
Värnamo,Helsingborg,193,131,Avståndet mellan Värnamo och Helsingborg är 193 km och Karl-Johan Gyllenstorm beräknade körtiden till cirka 131 minuter.,<url><loc>https://pendlings-app1.t-767929534-cloudflare.workers.dev/?fran=Värnamo&amp;till=Helsingborg</loc><changefreq>monthly</changefreq></url>
Värnamo,Jönköping,85,72,Avståndet mellan Värnamo och Jönköping är 85 km och Karl-Johan Gyllenstorm beräknade körtiden till cirka 72 minuter.,<url><loc>https://pendlings-app1.t-767929534-cloudflare.workers.dev/?fran=Värnamo&amp;till=Jönköping</loc><changefreq>monthly</changefreq></url>
Värnamo,Norrköping,257,175,Avståndet mellan Värnamo och Norrköping är 257 km och Karl-Johan Gyllenstorm beräknade körtiden till cirka 175 minuter.,<url><loc>https://pendlings-app1.t-767929534-cloudflare.workers.dev/?fran=Värnamo&amp;till=Norrköping</loc><changefreq>monthly</changefreq></url>
Värnamo,Lund,221,150,Avståndet mellan Värnamo och Lund är 221 km och Karl-Johan Gyllenstorm beräknade körtiden till cirka 150 minuter.,<url><loc>https://pendlings-app1.t-767929534-cloudflare.workers.dev/?fran=Värnamo&amp;till=Lund</loc><changefreq>monthly</changefreq></url>
Värnamo,Umeå,1039,708,Avståndet mellan Värnamo och Umeå är 1039 km och Karl-Johan Gyllenstorm beräknade körtiden till cirka 708 minuter.,<url><loc>https://pendlings-app1.t-767929534-cloudflare.workers.dev/?fran=Värnamo&amp;till=Umeå</loc><changefreq>monthly</changefreq></url>
Värnamo,Gävle,546,372,Avståndet mellan Värnamo och Gävle är 546 km och Karl-Johan Gyllenstorm beräknade körtiden till cirka 372 minuter.,<url><loc>https://pendlings-app1.t-767929534-cloudflare.workers.dev/?fran=Värnamo&amp;till=Gävle</loc><changefreq>monthly</changefreq></url>
Värnamo,Borås,113,77,Avståndet mellan Värnamo och Borås är 113 km och Karl-Johan Gyllenstorm beräknade körtiden till cirka 77 minuter.,<url><loc>https://pendlings-app1.t-767929534-cloudflare.workers.dev/?fran=Värnamo&amp;till=Borås</loc><changefreq>monthly</changefreq></url>
Värnamo,Södertälje,392,267,Avståndet mellan Värnamo och Södertälje är 392 km och Karl-Johan Gyllenstorm beräknade körtiden till cirka 267 minuter.,<url><loc>https://pendlings-app1.t-767929534-cloudflare.workers.dev/?fran=Värnamo&amp;till=Södertälje</loc><changefreq>monthly</changefreq></url>
Värnamo,Eskilstuna,361,246,Avståndet mellan Värnamo och Eskilstuna är 361 km och Karl-Johan Gyllenstorm beräknade körtiden till cirka 246 minuter.,<url><loc>https://pendlings-app1.t-767929534-cloudflare.workers.dev/?fran=Värnamo&amp;till=Eskilstuna</loc><changefreq>monthly</changefreq></url>
Värnamo,Halmstad,117,79,Avståndet mellan Värnamo och Halmstad är 117 km och Karl-Johan Gyllenstorm beräknade körtiden till cirka 79 minuter.,<url><loc>https://pendlings-app1.t-767929534-cloudflare.workers.dev/?fran=Värnamo&amp;till=Halmstad</loc><changefreq>monthly</changefreq></url>
Värnamo,Växjö,73,62,Avståndet mellan Värnamo och Växjö är 73 km och Karl-Johan Gyllenstorm beräknade körtiden till cirka 62 minuter.,<url><loc>https://pendlings-app1.t-767929534-cloudflare.workers.dev/?fran=Värnamo&amp;till=Växjö</loc><changefreq>monthly</changefreq></url>
Värnamo,Karlstad,314,214,Avståndet mellan Värnamo och Karlstad är 314 km och Karl-Johan Gyllenstorm beräknade körtiden till cirka 214 minuter.,<url><loc>https://pendlings-app1.t-767929534-cloudflare.workers.dev/?fran=Värnamo&amp;till=Karlstad</loc><changefreq>monthly</changefreq></url>
Värnamo,Piteå,1262,860,Avståndet mellan Värnamo och Piteå är 1262 km och Karl-Johan Gyllenstorm beräknade körtiden till cirka 860 minuter.,<url><loc>https://pendlings-app1.t-767929534-cloudflare.workers.dev/?fran=Värnamo&amp;till=Piteå</loc><changefreq>monthly</changefreq></url>
Värnamo,Luleå,1314,895,Avståndet mellan Värnamo och Luleå är 1314 km och Karl-Johan Gyllenstorm beräknade körtiden till cirka 895 minuter.,<url><loc>https://pendlings-app1.t-767929534-cloudflare.workers.dev/?fran=Värnamo&amp;till=Luleå</loc><changefreq>monthly</changefreq></url>
Värnamo,Trollhättan,205,139,Avståndet mellan Värnamo och Trollhättan är 205 km och Karl-Johan Gyllenstorm beräknade körtiden till cirka 139 minuter.,<url><loc>https://pendlings-app1.t-767929534-cloudflare.workers.dev/?fran=Värnamo&amp;till=Trollhättan</loc><changefreq>monthly</changefreq></url>
Värnamo,Östersund,853,581,Avståndet mellan Värnamo och Östersund är 853 km och Karl-Johan Gyllenstorm beräknade körtiden till cirka 581 minuter.,<url><loc>https://pendlings-app1.t-767929534-cloudflare.workers.dev/?fran=Värnamo&amp;till=Östersund</loc><changefreq>monthly</changefreq></url>
Värnamo,Borlänge,480,327,Avståndet mellan Värnamo och Borlänge är 480 km och Karl-Johan Gyllenstorm beräknade körtiden till cirka 327 minuter.,<url><loc>https://pendlings-app1.t-767929534-cloudflare.workers.dev/?fran=Värnamo&amp;till=Borlänge</loc><changefreq>monthly</changefreq></url>
Värnamo,Falun,500,340,Avståndet mellan Värnamo och Falun är 500 km och Karl-Johan Gyllenstorm beräknade körtiden till cirka 340 minuter.,<url><loc>https://pendlings-app1.t-767929534-cloudflare.workers.dev/?fran=Värnamo&amp;till=Falun</loc><changefreq>monthly</changefreq></url>
Värnamo,Kalmar,194,132,Avståndet mellan Värnamo och Kalmar är 194 km och Karl-Johan Gyllenstorm beräknade körtiden till cirka 132 minuter.,<url><loc>https://pendlings-app1.t-767929534-cloudflare.workers.dev/?fran=Värnamo&amp;till=Kalmar</loc><changefreq>monthly</changefreq></url>
Värnamo,Skövde,172,117,Avståndet mellan Värnamo och Skövde är 172 km och Karl-Johan Gyllenstorm beräknade körtiden till cirka 117 minuter.,<url><loc>https://pendlings-app1.t-767929534-cloudflare.workers.dev/?fran=Värnamo&amp;till=Skövde</loc><changefreq>monthly</changefreq></url>
Värnamo,Kristianstad,164,111,Avståndet mellan Värnamo och Kristianstad är 164 km och Karl-Johan Gyllenstorm beräknade körtiden till cirka 111 minuter.,<url><loc>https://pendlings-app1.t-767929534-cloudflare.workers.dev/?fran=Värnamo&amp;till=Kristianstad</loc><changefreq>monthly</changefreq></url>
Värnamo,Karlskrona,189,128,Avståndet mellan Värnamo och Karlskrona är 189 km och Karl-Johan Gyllenstorm beräknade körtiden till cirka 128 minuter.,<url><loc>https://pendlings-app1.t-767929534-cloudflare.workers.dev/?fran=Värnamo&amp;till=Karlskrona</loc><changefreq>monthly</changefreq></url>
Värnamo,Skellefteå,1176,801,Avståndet mellan Värnamo och Skellefteå är 1176 km och Karl-Johan Gyllenstorm beräknade körtiden till cirka 801 minuter.,<url><loc>https://pendlings-app1.t-767929534-cloudflare.workers.dev/?fran=Värnamo&amp;till=Skellefteå</loc><changefreq>monthly</changefreq></url>
Värnamo,Uddevalla,229,156,Avståndet mellan Värnamo och Uddevalla är 229 km och Karl-Johan Gyllenstorm beräknade körtiden till cirka 156 minuter.,<url><loc>https://pendlings-app1.t-767929534-cloudflare.workers.dev/?fran=Värnamo&amp;till=Uddevalla</loc><changefreq>monthly</changefreq></url>
Värnamo,Varberg,138,94,Avståndet mellan Värnamo och Varberg är 138 km och Karl-Johan Gyllenstorm beräknade körtiden till cirka 94 minuter.,<url><loc>https://pendlings-app1.t-767929534-cloudflare.workers.dev/?fran=Värnamo&amp;till=Varberg</loc><changefreq>monthly</changefreq></url>
Värnamo,Motala,206,140,Avståndet mellan Värnamo och Motala är 206 km och Karl-Johan Gyllenstorm beräknade körtiden till cirka 140 minuter.,<url><loc>https://pendlings-app1.t-767929534-cloudflare.workers.dev/?fran=Värnamo&amp;till=Motala</loc><changefreq>monthly</changefreq></url>
Värnamo,Enköping,415,282,Avståndet mellan Värnamo och Enköping är 415 km och Karl-Johan Gyllenstorm beräknade körtiden till cirka 282 minuter.,<url><loc>https://pendlings-app1.t-767929534-cloudflare.workers.dev/?fran=Värnamo&amp;till=Enköping</loc><changefreq>monthly</changefreq></url>
Värnamo,Örnsköldsvik,929,633,Avståndet mellan Värnamo och Örnsköldsvik är 929 km och Karl-Johan Gyllenstorm beräknade körtiden till cirka 633 minuter.,<url><loc>https://pendlings-app1.t-767929534-cloudflare.workers.dev/?fran=Värnamo&amp;till=Örnsköldsvik</loc><changefreq>monthly</changefreq></url>
Värnamo,Nyköping,316,215,Avståndet mellan Värnamo och Nyköping är 316 km och Karl-Johan Gyllenstorm beräknade körtiden till cirka 215 minuter.,<url><loc>https://pendlings-app1.t-767929534-cloudflare.workers.dev/?fran=Värnamo&amp;till=Nyköping</loc><changefreq>monthly</changefreq></url>
Värnamo,Karlshamn,158,107,Avståndet mellan Värnamo och Karlshamn är 158 km och Karl-Johan Gyllenstorm beräknade körtiden till cirka 107 minuter.,<url><loc>https://pendlings-app1.t-767929534-cloudflare.workers.dev/?fran=Värnamo&amp;till=Karlshamn</loc><changefreq>monthly</changefreq></url>
Värnamo,Västervik,214,145,Avståndet mellan Värnamo och Västervik är 214 km och Karl-Johan Gyllenstorm beräknade körtiden till cirka 145 minuter.,<url><loc>https://pendlings-app1.t-767929534-cloudflare.workers.dev/?fran=Värnamo&amp;till=Västervik</loc><changefreq>monthly</changefreq></url>
Värnamo,Eslöv,200,136,Avståndet mellan Värnamo och Eslöv är 200 km och Karl-Johan Gyllenstorm beräknade körtiden till cirka 136 minuter.,<url><loc>https://pendlings-app1.t-767929534-cloudflare.workers.dev/?fran=Värnamo&amp;till=Eslöv</loc><changefreq>monthly</changefreq></url>
Värnamo,Härnösand,823,561,Avståndet mellan Värnamo och Härnösand är 823 km och Karl-Johan Gyllenstorm beräknade körtiden till cirka 561 minuter.,<url><loc>https://pendlings-app1.t-767929534-cloudflare.workers.dev/?fran=Värnamo&amp;till=Härnösand</loc><changefreq>monthly</changefreq></url>
Värnamo,Ystad,250,170,Avståndet mellan Värnamo och Ystad är 250 km och Karl-Johan Gyllenstorm beräknade körtiden till cirka 170 minuter.,<url><loc>https://pendlings-app1.t-767929534-cloudflare.workers.dev/?fran=Värnamo&amp;till=Ystad</loc><changefreq>monthly</changefreq></url>
Värnamo,Katrineholm,304,207,Avståndet mellan Värnamo och Katrineholm är 304 km och Karl-Johan Gyllenstorm beräknade körtiden till cirka 207 minuter.,<url><loc>https://pendlings-app1.t-767929534-cloudflare.workers.dev/?fran=Värnamo&amp;till=Katrineholm</loc><changefreq>monthly</changefreq></url>
Värnamo,Mariestad,217,147,Avståndet mellan Värnamo och Mariestad är 217 km och Karl-Johan Gyllenstorm beräknade körtiden till cirka 147 minuter.,<url><loc>https://pendlings-app1.t-767929534-cloudflare.workers.dev/?fran=Värnamo&amp;till=Mariestad</loc><changefreq>monthly</changefreq></url>
Värnamo,Lidköping,199,135,Avståndet mellan Värnamo och Lidköping är 199 km och Karl-Johan Gyllenstorm beräknade körtiden till cirka 135 minuter.,<url><loc>https://pendlings-app1.t-767929534-cloudflare.workers.dev/?fran=Värnamo&amp;till=Lidköping</loc><changefreq>monthly</changefreq></url>
Värnamo,Vänersborg,213,145,Avståndet mellan Värnamo och Vänersborg är 213 km och Karl-Johan Gyllenstorm beräknade körtiden till cirka 145 minuter.,<url><loc>https://pendlings-app1.t-767929534-cloudflare.workers.dev/?fran=Värnamo&amp;till=Vänersborg</loc><changefreq>monthly</changefreq></url>
Värnamo,Kiruna,1570,1070,Avståndet mellan Värnamo och Kiruna är 1570 km och Karl-Johan Gyllenstorm beräknade körtiden till cirka 1070 minuter.,<url><loc>https://pendlings-app1.t-767929534-cloudflare.workers.dev/?fran=Värnamo&amp;till=Kiruna</loc><changefreq>monthly</changefreq></url>
Värnamo,Hudiksvall,683,465,Avståndet mellan Värnamo och Hudiksvall är 683 km och Karl-Johan Gyllenstorm beräknade körtiden till cirka 465 minuter.,<url><loc>https://pendlings-app1.t-767929534-cloudflare.workers.dev/?fran=Värnamo&amp;till=Hudiksvall</loc><changefreq>monthly</changefreq></url>
Värnamo,Falkenberg,126,85,Avståndet mellan Värnamo och Falkenberg är 126 km och Karl-Johan Gyllenstorm beräknade körtiden till cirka 85 minuter.,<url><loc>https://pendlings-app1.t-767929534-cloudflare.workers.dev/?fran=Värnamo&amp;till=Falkenberg</loc><changefreq>monthly</changefreq></url>
Värnamo,Visby,452,406,Avståndet mellan Värnamo och Visby är 452 km och Karl-Johan Gyllenstorm beräknade körtiden till cirka 406 minuter.,<url><loc>https://pendlings-app1.t-767929534-cloudflare.workers.dev/?fran=Värnamo&amp;till=Visby</loc><changefreq>monthly</changefreq></url>
Kiruna,Stockholm,1221,832,Avståndet mellan Kiruna och Stockholm är 1221 km och Karl-Johan Gyllenstorm beräknade körtiden till cirka 832 minuter.,<url><loc>https://pendlings-app1.t-767929534-cloudflare.workers.dev/?fran=Kiruna&amp;till=Stockholm</loc><changefreq>monthly</changefreq></url>
Kiruna,Göteborg,1537,1047,Avståndet mellan Kiruna och Göteborg är 1537 km och Karl-Johan Gyllenstorm beräknade körtiden till cirka 1047 minuter.,<url><loc>https://pendlings-app1.t-767929534-cloudflare.workers.dev/?fran=Kiruna&amp;till=Göteborg</loc><changefreq>monthly</changefreq></url>
Kiruna,Malmö,1807,1232,Avståndet mellan Kiruna och Malmö är 1807 km och Karl-Johan Gyllenstorm beräknade körtiden till cirka 1232 minuter.,<url><loc>https://pendlings-app1.t-767929534-cloudflare.workers.dev/?fran=Kiruna&amp;till=Malmö</loc><changefreq>monthly</changefreq></url>
Kiruna,Uppsala,1149,783,Avståndet mellan Kiruna och Uppsala är 1149 km och Karl-Johan Gyllenstorm beräknade körtiden till cirka 783 minuter.,<url><loc>https://pendlings-app1.t-767929534-cloudflare.workers.dev/?fran=Kiruna&amp;till=Uppsala</loc><changefreq>monthly</changefreq></url>
Kiruna,Västerås,1195,814,Avståndet mellan Kiruna och Västerås är 1195 km och Karl-Johan Gyllenstorm beräknade körtiden till cirka 814 minuter.,<url><loc>https://pendlings-app1.t-767929534-cloudflare.workers.dev/?fran=Kiruna&amp;till=Västerås</loc><changefreq>monthly</changefreq></url>
Kiruna,Örebro,1260,859,Avståndet mellan Kiruna och Örebro är 1260 km och Karl-Johan Gyllenstorm beräknade körtiden till cirka 859 minuter.,<url><loc>https://pendlings-app1.t-767929534-cloudflare.workers.dev/?fran=Kiruna&amp;till=Örebro</loc><changefreq>monthly</changefreq></url>
Kiruna,Linköping,1375,937,Avståndet mellan Kiruna och Linköping är 1375 km och Karl-Johan Gyllenstorm beräknade körtiden till cirka 937 minuter.,<url><loc>https://pendlings-app1.t-767929534-cloudflare.workers.dev/?fran=Kiruna&amp;till=Linköping</loc><changefreq>monthly</changefreq></url>
Kiruna,Helsingborg,1751,1193,Avståndet mellan Kiruna och Helsingborg är 1751 km och Karl-Johan Gyllenstorm beräknade körtiden till cirka 1193 minuter.,<url><loc>https://pendlings-app1.t-767929534-cloudflare.workers.dev/?fran=Kiruna&amp;till=Helsingborg</loc><changefreq>monthly</changefreq></url>
Kiruna,Jönköping,1485,1012,Avståndet mellan Kiruna och Jönköping är 1485 km och Karl-Johan Gyllenstorm beräknade körtiden till cirka 1012 minuter.,<url><loc>https://pendlings-app1.t-767929534-cloudflare.workers.dev/?fran=Kiruna&amp;till=Jönköping</loc><changefreq>monthly</changefreq></url>
Kiruna,Norrköping,1343,915,Avståndet mellan Kiruna och Norrköping är 1343 km och Karl-Johan Gyllenstorm beräknade körtiden till cirka 915 minuter.,<url><loc>https://pendlings-app1.t-767929534-cloudflare.workers.dev/?fran=Kiruna&amp;till=Norrköping</loc><changefreq>monthly</changefreq></url>
Kiruna,Lund,1790,1220,Avståndet mellan Kiruna och Lund är 1790 km och Karl-Johan Gyllenstorm beräknade körtiden till cirka 1220 minuter.,<url><loc>https://pendlings-app1.t-767929534-cloudflare.workers.dev/?fran=Kiruna&amp;till=Lund</loc><changefreq>monthly</changefreq></url>
Kiruna,Umeå,573,390,Avståndet mellan Kiruna och Umeå är 573 km och Karl-Johan Gyllenstorm beräknade körtiden till cirka 390 minuter.,<url><loc>https://pendlings-app1.t-767929534-cloudflare.workers.dev/?fran=Kiruna&amp;till=Umeå</loc><changefreq>monthly</changefreq></url>
Kiruna,Gävle,1039,708,Avståndet mellan Kiruna och Gävle är 1039 km och Karl-Johan Gyllenstorm beräknade körtiden till cirka 708 minuter.,<url><loc>https://pendlings-app1.t-767929534-cloudflare.workers.dev/?fran=Kiruna&amp;till=Gävle</loc><changefreq>monthly</changefreq></url>
Kiruna,Borås,1515,1032,Avståndet mellan Kiruna och Borås är 1515 km och Karl-Johan Gyllenstorm beräknade körtiden till cirka 1032 minuter.,<url><loc>https://pendlings-app1.t-767929534-cloudflare.workers.dev/?fran=Kiruna&amp;till=Borås</loc><changefreq>monthly</changefreq></url>
Kiruna,Södertälje,1243,847,Avståndet mellan Kiruna och Södertälje är 1243 km och Karl-Johan Gyllenstorm beräknade körtiden till cirka 847 minuter.,<url><loc>https://pendlings-app1.t-767929534-cloudflare.workers.dev/?fran=Kiruna&amp;till=Södertälje</loc><changefreq>monthly</changefreq></url>
Kiruna,Eskilstuna,1229,837,Avståndet mellan Kiruna och Eskilstuna är 1229 km och Karl-Johan Gyllenstorm beräknade körtiden till cirka 837 minuter.,<url><loc>https://pendlings-app1.t-767929534-cloudflare.workers.dev/?fran=Kiruna&amp;till=Eskilstuna</loc><changefreq>monthly</changefreq></url>
Kiruna,Halmstad,1661,1132,Avståndet mellan Kiruna och Halmstad är 1661 km och Karl-Johan Gyllenstorm beräknade körtiden till cirka 1132 minuter.,<url><loc>https://pendlings-app1.t-767929534-cloudflare.workers.dev/?fran=Kiruna&amp;till=Halmstad</loc><changefreq>monthly</changefreq></url>
Kiruna,Växjö,1601,1091,Avståndet mellan Kiruna och Växjö är 1601 km och Karl-Johan Gyllenstorm beräknade körtiden till cirka 1091 minuter.,<url><loc>https://pendlings-app1.t-767929534-cloudflare.workers.dev/?fran=Kiruna&amp;till=Växjö</loc><changefreq>monthly</changefreq></url>
Kiruna,Karlstad,1277,870,Avståndet mellan Kiruna och Karlstad är 1277 km och Karl-Johan Gyllenstorm beräknade körtiden till cirka 870 minuter.,<url><loc>https://pendlings-app1.t-767929534-cloudflare.workers.dev/?fran=Kiruna&amp;till=Karlstad</loc><changefreq>monthly</changefreq></url>
Kiruna,Piteå,368,250,Avståndet mellan Kiruna och Piteå är 368 km och Karl-Johan Gyllenstorm beräknade körtiden till cirka 250 minuter.,<url><loc>https://pendlings-app1.t-767929534-cloudflare.workers.dev/?fran=Kiruna&amp;till=Piteå</loc><changefreq>monthly</changefreq></url>
Kiruna,Luleå,340,231,Avståndet mellan Kiruna och Luleå är 340 km och Karl-Johan Gyllenstorm beräknade körtiden till cirka 231 minuter.,<url><loc>https://pendlings-app1.t-767929534-cloudflare.workers.dev/?fran=Kiruna&amp;till=Luleå</loc><changefreq>monthly</changefreq></url>
Kiruna,Trollhättan,1452,990,Avståndet mellan Kiruna och Trollhättan är 1452 km och Karl-Johan Gyllenstorm beräknade körtiden till cirka 990 minuter.,<url><loc>https://pendlings-app1.t-767929534-cloudflare.workers.dev/?fran=Kiruna&amp;till=Trollhättan</loc><changefreq>monthly</changefreq></url>
Kiruna,Östersund,742,505,Avståndet mellan Kiruna och Östersund är 742 km och Karl-Johan Gyllenstorm beräknade körtiden till cirka 505 minuter.,<url><loc>https://pendlings-app1.t-767929534-cloudflare.workers.dev/?fran=Kiruna&amp;till=Östersund</loc><changefreq>monthly</changefreq></url>
Kiruna,Borlänge,1089,742,Avståndet mellan Kiruna och Borlänge är 1089 km och Karl-Johan Gyllenstorm beräknade körtiden till cirka 742 minuter.,<url><loc>https://pendlings-app1.t-767929534-cloudflare.workers.dev/?fran=Kiruna&amp;till=Borlänge</loc><changefreq>monthly</changefreq></url>
Kiruna,Falun,1070,729,Avståndet mellan Kiruna och Falun är 1070 km och Karl-Johan Gyllenstorm beräknade körtiden till cirka 729 minuter.,<url><loc>https://pendlings-app1.t-767929534-cloudflare.workers.dev/?fran=Kiruna&amp;till=Falun</loc><changefreq>monthly</changefreq></url>
Kiruna,Kalmar,1612,1099,Avståndet mellan Kiruna och Kalmar är 1612 km och Karl-Johan Gyllenstorm beräknade körtiden till cirka 1099 minuter.,<url><loc>https://pendlings-app1.t-767929534-cloudflare.workers.dev/?fran=Kiruna&amp;till=Kalmar</loc><changefreq>monthly</changefreq></url>
Kiruna,Skövde,1406,958,Avståndet mellan Kiruna och Skövde är 1406 km och Karl-Johan Gyllenstorm beräknade körtiden till cirka 958 minuter.,<url><loc>https://pendlings-app1.t-767929534-cloudflare.workers.dev/?fran=Kiruna&amp;till=Skövde</loc><changefreq>monthly</changefreq></url>
Kiruna,Kristianstad,1729,1178,Avståndet mellan Kiruna och Kristianstad är 1729 km och Karl-Johan Gyllenstorm beräknade körtiden till cirka 1178 minuter.,<url><loc>https://pendlings-app1.t-767929534-cloudflare.workers.dev/?fran=Kiruna&amp;till=Kristianstad</loc><changefreq>monthly</changefreq></url>
Kiruna,Karlskrona,1691,1152,Avståndet mellan Kiruna och Karlskrona är 1691 km och Karl-Johan Gyllenstorm beräknade körtiden till cirka 1152 minuter.,<url><loc>https://pendlings-app1.t-767929534-cloudflare.workers.dev/?fran=Kiruna&amp;till=Karlskrona</loc><changefreq>monthly</changefreq></url>
Kiruna,Skellefteå,443,302,Avståndet mellan Kiruna och Skellefteå är 443 km och Karl-Johan Gyllenstorm beräknade körtiden till cirka 302 minuter.,<url><loc>https://pendlings-app1.t-767929534-cloudflare.workers.dev/?fran=Kiruna&amp;till=Skellefteå</loc><changefreq>monthly</changefreq></url>
Kiruna,Uddevalla,1451,989,Avståndet mellan Kiruna och Uddevalla är 1451 km och Karl-Johan Gyllenstorm beräknade körtiden till cirka 989 minuter.,<url><loc>https://pendlings-app1.t-767929534-cloudflare.workers.dev/?fran=Kiruna&amp;till=Uddevalla</loc><changefreq>monthly</changefreq></url>
Kiruna,Varberg,1614,1100,Avståndet mellan Kiruna och Varberg är 1614 km och Karl-Johan Gyllenstorm beräknade körtiden till cirka 1100 minuter.,<url><loc>https://pendlings-app1.t-767929534-cloudflare.workers.dev/?fran=Kiruna&amp;till=Varberg</loc><changefreq>monthly</changefreq></url>
Kiruna,Motala,1366,931,Avståndet mellan Kiruna och Motala är 1366 km och Karl-Johan Gyllenstorm beräknade körtiden till cirka 931 minuter.,<url><loc>https://pendlings-app1.t-767929534-cloudflare.workers.dev/?fran=Kiruna&amp;till=Motala</loc><changefreq>monthly</changefreq></url>
Kiruna,Enköping,1186,808,Avståndet mellan Kiruna och Enköping är 1186 km och Karl-Johan Gyllenstorm beräknade körtiden till cirka 808 minuter.,<url><loc>https://pendlings-app1.t-767929534-cloudflare.workers.dev/?fran=Kiruna&amp;till=Enköping</loc><changefreq>monthly</changefreq></url>
Kiruna,Örnsköldsvik,655,446,Avståndet mellan Kiruna och Örnsköldsvik är 655 km och Karl-Johan Gyllenstorm beräknade körtiden till cirka 446 minuter.,<url><loc>https://pendlings-app1.t-767929534-cloudflare.workers.dev/?fran=Kiruna&amp;till=Örnsköldsvik</loc><changefreq>monthly</changefreq></url>
Kiruna,Nyköping,1311,893,Avståndet mellan Kiruna och Nyköping är 1311 km och Karl-Johan Gyllenstorm beräknade körtiden till cirka 893 minuter.,<url><loc>https://pendlings-app1.t-767929534-cloudflare.workers.dev/?fran=Kiruna&amp;till=Nyköping</loc><changefreq>monthly</changefreq></url>
Kiruna,Karlshamn,1699,1158,Avståndet mellan Kiruna och Karlshamn är 1699 km och Karl-Johan Gyllenstorm beräknade körtiden till cirka 1158 minuter.,<url><loc>https://pendlings-app1.t-767929534-cloudflare.workers.dev/?fran=Kiruna&amp;till=Karlshamn</loc><changefreq>monthly</changefreq></url>
Kiruna,Västervik,1455,992,Avståndet mellan Kiruna och Västervik är 1455 km och Karl-Johan Gyllenstorm beräknade körtiden till cirka 992 minuter.,<url><loc>https://pendlings-app1.t-767929534-cloudflare.workers.dev/?fran=Kiruna&amp;till=Västervik</loc><changefreq>monthly</changefreq></url>
Kiruna,Eslöv,1769,1206,Avståndet mellan Kiruna och Eslöv är 1769 km och Karl-Johan Gyllenstorm beräknade körtiden till cirka 1206 minuter.,<url><loc>https://pendlings-app1.t-767929534-cloudflare.workers.dev/?fran=Kiruna&amp;till=Eslöv</loc><changefreq>monthly</changefreq></url>
Kiruna,Härnösand,755,514,Avståndet mellan Kiruna och Härnösand är 755 km och Karl-Johan Gyllenstorm beräknade körtiden till cirka 514 minuter.,<url><loc>https://pendlings-app1.t-767929534-cloudflare.workers.dev/?fran=Kiruna&amp;till=Härnösand</loc><changefreq>monthly</changefreq></url>
Kiruna,Ystad,1818,1239,Avståndet mellan Kiruna och Ystad är 1818 km och Karl-Johan Gyllenstorm beräknade körtiden till cirka 1239 minuter.,<url><loc>https://pendlings-app1.t-767929534-cloudflare.workers.dev/?fran=Kiruna&amp;till=Ystad</loc><changefreq>monthly</changefreq></url>
Kiruna,Katrineholm,1286,876,Avståndet mellan Kiruna och Katrineholm är 1286 km och Karl-Johan Gyllenstorm beräknade körtiden till cirka 876 minuter.,<url><loc>https://pendlings-app1.t-767929534-cloudflare.workers.dev/?fran=Kiruna&amp;till=Katrineholm</loc><changefreq>monthly</changefreq></url>
Kiruna,Mariestad,1363,929,Avståndet mellan Kiruna och Mariestad är 1363 km och Karl-Johan Gyllenstorm beräknade körtiden till cirka 929 minuter.,<url><loc>https://pendlings-app1.t-767929534-cloudflare.workers.dev/?fran=Kiruna&amp;till=Mariestad</loc><changefreq>monthly</changefreq></url>
Kiruna,Lidköping,1404,957,Avståndet mellan Kiruna och Lidköping är 1404 km och Karl-Johan Gyllenstorm beräknade körtiden till cirka 957 minuter.,<url><loc>https://pendlings-app1.t-767929534-cloudflare.workers.dev/?fran=Kiruna&amp;till=Lidköping</loc><changefreq>monthly</changefreq></url>
Kiruna,Vänersborg,1439,981,Avståndet mellan Kiruna och Vänersborg är 1439 km och Karl-Johan Gyllenstorm beräknade körtiden till cirka 981 minuter.,<url><loc>https://pendlings-app1.t-767929534-cloudflare.workers.dev/?fran=Kiruna&amp;till=Vänersborg</loc><changefreq>monthly</changefreq></url>
Kiruna,Värnamo,1570,1070,Avståndet mellan Kiruna och Värnamo är 1570 km och Karl-Johan Gyllenstorm beräknade körtiden till cirka 1070 minuter.,<url><loc>https://pendlings-app1.t-767929534-cloudflare.workers.dev/?fran=Kiruna&amp;till=Värnamo</loc><changefreq>monthly</changefreq></url>
Kiruna,Hudiksvall,891,607,Avståndet mellan Kiruna och Hudiksvall är 891 km och Karl-Johan Gyllenstorm beräknade körtiden till cirka 607 minuter.,<url><loc>https://pendlings-app1.t-767929534-cloudflare.workers.dev/?fran=Kiruna&amp;till=Hudiksvall</loc><changefreq>monthly</changefreq></url>
Kiruna,Falkenberg,1637,1116,Avståndet mellan Kiruna och Falkenberg är 1637 km och Karl-Johan Gyllenstorm beräknade körtiden till cirka 1116 minuter.,<url><loc>https://pendlings-app1.t-767929534-cloudflare.workers.dev/?fran=Kiruna&amp;till=Falkenberg</loc><changefreq>monthly</changefreq></url>
Kiruna,Visby,1580,1175,Avståndet mellan Kiruna och Visby är 1580 km och Karl-Johan Gyllenstorm beräknade körtiden till cirka 1175 minuter.,<url><loc>https://pendlings-app1.t-767929534-cloudflare.workers.dev/?fran=Kiruna&amp;till=Visby</loc><changefreq>monthly</changefreq></url>
Hudiksvall,Stockholm,348,237,Avståndet mellan Hudiksvall och Stockholm är 348 km och Karl-Johan Gyllenstorm beräknade körtiden till cirka 237 minuter.,<url><loc>https://pendlings-app1.t-767929534-cloudflare.workers.dev/?fran=Hudiksvall&amp;till=Stockholm</loc><changefreq>monthly</changefreq></url>
Hudiksvall,Göteborg,680,463,Avståndet mellan Hudiksvall och Göteborg är 680 km och Karl-Johan Gyllenstorm beräknade körtiden till cirka 463 minuter.,<url><loc>https://pendlings-app1.t-767929534-cloudflare.workers.dev/?fran=Hudiksvall&amp;till=Göteborg</loc><changefreq>monthly</changefreq></url>
Hudiksvall,Malmö,922,628,Avståndet mellan Hudiksvall och Malmö är 922 km och Karl-Johan Gyllenstorm beräknade körtiden till cirka 628 minuter.,<url><loc>https://pendlings-app1.t-767929534-cloudflare.workers.dev/?fran=Hudiksvall&amp;till=Malmö</loc><changefreq>monthly</changefreq></url>
Hudiksvall,Uppsala,268,182,Avståndet mellan Hudiksvall och Uppsala är 268 km och Karl-Johan Gyllenstorm beräknade körtiden till cirka 182 minuter.,<url><loc>https://pendlings-app1.t-767929534-cloudflare.workers.dev/?fran=Hudiksvall&amp;till=Uppsala</loc><changefreq>monthly</changefreq></url>
Hudiksvall,Västerås,304,207,Avståndet mellan Hudiksvall och Västerås är 304 km och Karl-Johan Gyllenstorm beräknade körtiden till cirka 207 minuter.,<url><loc>https://pendlings-app1.t-767929534-cloudflare.workers.dev/?fran=Hudiksvall&amp;till=Västerås</loc><changefreq>monthly</changefreq></url>
Hudiksvall,Örebro,373,254,Avståndet mellan Hudiksvall och Örebro är 373 km och Karl-Johan Gyllenstorm beräknade körtiden till cirka 254 minuter.,<url><loc>https://pendlings-app1.t-767929534-cloudflare.workers.dev/?fran=Hudiksvall&amp;till=Örebro</loc><changefreq>monthly</changefreq></url>
Hudiksvall,Linköping,483,329,Avståndet mellan Hudiksvall och Linköping är 483 km och Karl-Johan Gyllenstorm beräknade körtiden till cirka 329 minuter.,<url><loc>https://pendlings-app1.t-767929534-cloudflare.workers.dev/?fran=Hudiksvall&amp;till=Linköping</loc><changefreq>monthly</changefreq></url>
Hudiksvall,Helsingborg,870,593,Avståndet mellan Hudiksvall och Helsingborg är 870 km och Karl-Johan Gyllenstorm beräknade körtiden till cirka 593 minuter.,<url><loc>https://pendlings-app1.t-767929534-cloudflare.workers.dev/?fran=Hudiksvall&amp;till=Helsingborg</loc><changefreq>monthly</changefreq></url>
Hudiksvall,Jönköping,599,408,Avståndet mellan Hudiksvall och Jönköping är 599 km och Karl-Johan Gyllenstorm beräknade körtiden till cirka 408 minuter.,<url><loc>https://pendlings-app1.t-767929534-cloudflare.workers.dev/?fran=Hudiksvall&amp;till=Jönköping</loc><changefreq>monthly</changefreq></url>
Hudiksvall,Norrköping,451,307,Avståndet mellan Hudiksvall och Norrköping är 451 km och Karl-Johan Gyllenstorm beräknade körtiden till cirka 307 minuter.,<url><loc>https://pendlings-app1.t-767929534-cloudflare.workers.dev/?fran=Hudiksvall&amp;till=Norrköping</loc><changefreq>monthly</changefreq></url>
Hudiksvall,Lund,904,616,Avståndet mellan Hudiksvall och Lund är 904 km och Karl-Johan Gyllenstorm beräknade körtiden till cirka 616 minuter.,<url><loc>https://pendlings-app1.t-767929534-cloudflare.workers.dev/?fran=Hudiksvall&amp;till=Lund</loc><changefreq>monthly</changefreq></url>
Hudiksvall,Umeå,362,246,Avståndet mellan Hudiksvall och Umeå är 362 km och Karl-Johan Gyllenstorm beräknade körtiden till cirka 246 minuter.,<url><loc>https://pendlings-app1.t-767929534-cloudflare.workers.dev/?fran=Hudiksvall&amp;till=Umeå</loc><changefreq>monthly</changefreq></url>
Hudiksvall,Gävle,150,102,Avståndet mellan Hudiksvall och Gävle är 150 km och Karl-Johan Gyllenstorm beräknade körtiden till cirka 102 minuter.,<url><loc>https://pendlings-app1.t-767929534-cloudflare.workers.dev/?fran=Hudiksvall&amp;till=Gävle</loc><changefreq>monthly</changefreq></url>
Hudiksvall,Borås,643,438,Avståndet mellan Hudiksvall och Borås är 643 km och Karl-Johan Gyllenstorm beräknade körtiden till cirka 438 minuter.,<url><loc>https://pendlings-app1.t-767929534-cloudflare.workers.dev/?fran=Hudiksvall&amp;till=Borås</loc><changefreq>monthly</changefreq></url>
Hudiksvall,Södertälje,362,246,Avståndet mellan Hudiksvall och Södertälje är 362 km och Karl-Johan Gyllenstorm beräknade körtiden till cirka 246 minuter.,<url><loc>https://pendlings-app1.t-767929534-cloudflare.workers.dev/?fran=Hudiksvall&amp;till=Södertälje</loc><changefreq>monthly</changefreq></url>
Hudiksvall,Eskilstuna,338,230,Avståndet mellan Hudiksvall och Eskilstuna är 338 km och Karl-Johan Gyllenstorm beräknade körtiden till cirka 230 minuter.,<url><loc>https://pendlings-app1.t-767929534-cloudflare.workers.dev/?fran=Hudiksvall&amp;till=Eskilstuna</loc><changefreq>monthly</changefreq></url>
Hudiksvall,Halmstad,782,533,Avståndet mellan Hudiksvall och Halmstad är 782 km och Karl-Johan Gyllenstorm beräknade körtiden till cirka 533 minuter.,<url><loc>https://pendlings-app1.t-767929534-cloudflare.workers.dev/?fran=Hudiksvall&amp;till=Halmstad</loc><changefreq>monthly</changefreq></url>
Hudiksvall,Växjö,710,484,Avståndet mellan Hudiksvall och Växjö är 710 km och Karl-Johan Gyllenstorm beräknade körtiden till cirka 484 minuter.,<url><loc>https://pendlings-app1.t-767929534-cloudflare.workers.dev/?fran=Hudiksvall&amp;till=Växjö</loc><changefreq>monthly</changefreq></url>
Hudiksvall,Karlstad,418,285,Avståndet mellan Hudiksvall och Karlstad är 418 km och Karl-Johan Gyllenstorm beräknade körtiden till cirka 285 minuter.,<url><loc>https://pendlings-app1.t-767929534-cloudflare.workers.dev/?fran=Hudiksvall&amp;till=Karlstad</loc><changefreq>monthly</changefreq></url>
Hudiksvall,Piteå,580,395,Avståndet mellan Hudiksvall och Piteå är 580 km och Karl-Johan Gyllenstorm beräknade körtiden till cirka 395 minuter.,<url><loc>https://pendlings-app1.t-767929534-cloudflare.workers.dev/?fran=Hudiksvall&amp;till=Piteå</loc><changefreq>monthly</changefreq></url>
Hudiksvall,Luleå,634,432,Avståndet mellan Hudiksvall och Luleå är 634 km och Karl-Johan Gyllenstorm beräknade körtiden till cirka 432 minuter.,<url><loc>https://pendlings-app1.t-767929534-cloudflare.workers.dev/?fran=Hudiksvall&amp;till=Luleå</loc><changefreq>monthly</changefreq></url>
Hudiksvall,Trollhättan,598,407,Avståndet mellan Hudiksvall och Trollhättan är 598 km och Karl-Johan Gyllenstorm beräknade körtiden till cirka 407 minuter.,<url><loc>https://pendlings-app1.t-767929534-cloudflare.workers.dev/?fran=Hudiksvall&amp;till=Trollhättan</loc><changefreq>monthly</changefreq></url>
Hudiksvall,Östersund,262,178,Avståndet mellan Hudiksvall och Östersund är 262 km och Karl-Johan Gyllenstorm beräknade körtiden till cirka 178 minuter.,<url><loc>https://pendlings-app1.t-767929534-cloudflare.workers.dev/?fran=Hudiksvall&amp;till=Östersund</loc><changefreq>monthly</changefreq></url>
Hudiksvall,Borlänge,211,143,Avståndet mellan Hudiksvall och Borlänge är 211 km och Karl-Johan Gyllenstorm beräknade körtiden till cirka 143 minuter.,<url><loc>https://pendlings-app1.t-767929534-cloudflare.workers.dev/?fran=Hudiksvall&amp;till=Borlänge</loc><changefreq>monthly</changefreq></url>
Hudiksvall,Falun,189,128,Avståndet mellan Hudiksvall och Falun är 189 km och Karl-Johan Gyllenstorm beräknade körtiden till cirka 128 minuter.,<url><loc>https://pendlings-app1.t-767929534-cloudflare.workers.dev/?fran=Hudiksvall&amp;till=Falun</loc><changefreq>monthly</changefreq></url>
Hudiksvall,Kalmar,723,492,Avståndet mellan Hudiksvall och Kalmar är 723 km och Karl-Johan Gyllenstorm beräknade körtiden till cirka 492 minuter.,<url><loc>https://pendlings-app1.t-767929534-cloudflare.workers.dev/?fran=Hudiksvall&amp;till=Kalmar</loc><changefreq>monthly</changefreq></url>
Hudiksvall,Skövde,528,360,Avståndet mellan Hudiksvall och Skövde är 528 km och Karl-Johan Gyllenstorm beräknade körtiden till cirka 360 minuter.,<url><loc>https://pendlings-app1.t-767929534-cloudflare.workers.dev/?fran=Hudiksvall&amp;till=Skövde</loc><changefreq>monthly</changefreq></url>
Hudiksvall,Kristianstad,839,572,Avståndet mellan Hudiksvall och Kristianstad är 839 km och Karl-Johan Gyllenstorm beräknade körtiden till cirka 572 minuter.,<url><loc>https://pendlings-app1.t-767929534-cloudflare.workers.dev/?fran=Hudiksvall&amp;till=Kristianstad</loc><changefreq>monthly</changefreq></url>
Hudiksvall,Karlskrona,800,545,Avståndet mellan Hudiksvall och Karlskrona är 800 km och Karl-Johan Gyllenstorm beräknade körtiden till cirka 545 minuter.,<url><loc>https://pendlings-app1.t-767929534-cloudflare.workers.dev/?fran=Hudiksvall&amp;till=Karlskrona</loc><changefreq>monthly</changefreq></url>
Hudiksvall,Skellefteå,495,337,Avståndet mellan Hudiksvall och Skellefteå är 495 km och Karl-Johan Gyllenstorm beräknade körtiden till cirka 337 minuter.,<url><loc>https://pendlings-app1.t-767929534-cloudflare.workers.dev/?fran=Hudiksvall&amp;till=Skellefteå</loc><changefreq>monthly</changefreq></url>
Hudiksvall,Uddevalla,604,411,Avståndet mellan Hudiksvall och Uddevalla är 604 km och Karl-Johan Gyllenstorm beräknade körtiden till cirka 411 minuter.,<url><loc>https://pendlings-app1.t-767929534-cloudflare.workers.dev/?fran=Hudiksvall&amp;till=Uddevalla</loc><changefreq>monthly</changefreq></url>
Hudiksvall,Varberg,745,507,Avståndet mellan Hudiksvall och Varberg är 745 km och Karl-Johan Gyllenstorm beräknade körtiden till cirka 507 minuter.,<url><loc>https://pendlings-app1.t-767929534-cloudflare.workers.dev/?fran=Hudiksvall&amp;till=Varberg</loc><changefreq>monthly</changefreq></url>
Hudiksvall,Motala,477,325,Avståndet mellan Hudiksvall och Motala är 477 km och Karl-Johan Gyllenstorm beräknade körtiden till cirka 325 minuter.,<url><loc>https://pendlings-app1.t-767929534-cloudflare.workers.dev/?fran=Hudiksvall&amp;till=Motala</loc><changefreq>monthly</changefreq></url>
Hudiksvall,Enköping,298,203,Avståndet mellan Hudiksvall och Enköping är 298 km och Karl-Johan Gyllenstorm beräknade körtiden till cirka 203 minuter.,<url><loc>https://pendlings-app1.t-767929534-cloudflare.workers.dev/?fran=Hudiksvall&amp;till=Enköping</loc><changefreq>monthly</changefreq></url>
Hudiksvall,Örnsköldsvik,246,167,Avståndet mellan Hudiksvall och Örnsköldsvik är 246 km och Karl-Johan Gyllenstorm beräknade körtiden till cirka 167 minuter.,<url><loc>https://pendlings-app1.t-767929534-cloudflare.workers.dev/?fran=Hudiksvall&amp;till=Örnsköldsvik</loc><changefreq>monthly</changefreq></url>
Hudiksvall,Nyköping,423,288,Avståndet mellan Hudiksvall och Nyköping är 423 km och Karl-Johan Gyllenstorm beräknade körtiden till cirka 288 minuter.,<url><loc>https://pendlings-app1.t-767929534-cloudflare.workers.dev/?fran=Hudiksvall&amp;till=Nyköping</loc><changefreq>monthly</changefreq></url>
Hudiksvall,Karlshamn,808,550,Avståndet mellan Hudiksvall och Karlshamn är 808 km och Karl-Johan Gyllenstorm beräknade körtiden till cirka 550 minuter.,<url><loc>https://pendlings-app1.t-767929534-cloudflare.workers.dev/?fran=Hudiksvall&amp;till=Karlshamn</loc><changefreq>monthly</changefreq></url>
Hudiksvall,Västervik,566,385,Avståndet mellan Hudiksvall och Västervik är 566 km och Karl-Johan Gyllenstorm beräknade körtiden till cirka 385 minuter.,<url><loc>https://pendlings-app1.t-767929534-cloudflare.workers.dev/?fran=Hudiksvall&amp;till=Västervik</loc><changefreq>monthly</changefreq></url>
Hudiksvall,Eslöv,883,602,Avståndet mellan Hudiksvall och Eslöv är 883 km och Karl-Johan Gyllenstorm beräknade körtiden till cirka 602 minuter.,<url><loc>https://pendlings-app1.t-767929534-cloudflare.workers.dev/?fran=Hudiksvall&amp;till=Eslöv</loc><changefreq>monthly</changefreq></url>
Hudiksvall,Härnösand,139,94,Avståndet mellan Hudiksvall och Härnösand är 139 km och Karl-Johan Gyllenstorm beräknade körtiden till cirka 94 minuter.,<url><loc>https://pendlings-app1.t-767929534-cloudflare.workers.dev/?fran=Hudiksvall&amp;till=Härnösand</loc><changefreq>monthly</changefreq></url>
Hudiksvall,Ystad,928,632,Avståndet mellan Hudiksvall och Ystad är 928 km och Karl-Johan Gyllenstorm beräknade körtiden till cirka 632 minuter.,<url><loc>https://pendlings-app1.t-767929534-cloudflare.workers.dev/?fran=Hudiksvall&amp;till=Ystad</loc><changefreq>monthly</changefreq></url>
Hudiksvall,Katrineholm,394,268,Avståndet mellan Hudiksvall och Katrineholm är 394 km och Karl-Johan Gyllenstorm beräknade körtiden till cirka 268 minuter.,<url><loc>https://pendlings-app1.t-767929534-cloudflare.workers.dev/?fran=Hudiksvall&amp;till=Katrineholm</loc><changefreq>monthly</changefreq></url>
Hudiksvall,Mariestad,488,332,Avståndet mellan Hudiksvall och Mariestad är 488 km och Karl-Johan Gyllenstorm beräknade körtiden till cirka 332 minuter.,<url><loc>https://pendlings-app1.t-767929534-cloudflare.workers.dev/?fran=Hudiksvall&amp;till=Mariestad</loc><changefreq>monthly</changefreq></url>
Hudiksvall,Lidköping,537,366,Avståndet mellan Hudiksvall och Lidköping är 537 km och Karl-Johan Gyllenstorm beräknade körtiden till cirka 366 minuter.,<url><loc>https://pendlings-app1.t-767929534-cloudflare.workers.dev/?fran=Hudiksvall&amp;till=Lidköping</loc><changefreq>monthly</changefreq></url>
Hudiksvall,Vänersborg,585,398,Avståndet mellan Hudiksvall och Vänersborg är 585 km och Karl-Johan Gyllenstorm beräknade körtiden till cirka 398 minuter.,<url><loc>https://pendlings-app1.t-767929534-cloudflare.workers.dev/?fran=Hudiksvall&amp;till=Vänersborg</loc><changefreq>monthly</changefreq></url>
Hudiksvall,Värnamo,683,465,Avståndet mellan Hudiksvall och Värnamo är 683 km och Karl-Johan Gyllenstorm beräknade körtiden till cirka 465 minuter.,<url><loc>https://pendlings-app1.t-767929534-cloudflare.workers.dev/?fran=Hudiksvall&amp;till=Värnamo</loc><changefreq>monthly</changefreq></url>
Hudiksvall,Kiruna,891,607,Avståndet mellan Hudiksvall och Kiruna är 891 km och Karl-Johan Gyllenstorm beräknade körtiden till cirka 607 minuter.,<url><loc>https://pendlings-app1.t-767929534-cloudflare.workers.dev/?fran=Hudiksvall&amp;till=Kiruna</loc><changefreq>monthly</changefreq></url>
Hudiksvall,Falkenberg,763,520,Avståndet mellan Hudiksvall och Falkenberg är 763 km och Karl-Johan Gyllenstorm beräknade körtiden till cirka 520 minuter.,<url><loc>https://pendlings-app1.t-767929534-cloudflare.workers.dev/?fran=Hudiksvall&amp;till=Falkenberg</loc><changefreq>monthly</changefreq></url>
Hudiksvall,Visby,709,581,Avståndet mellan Hudiksvall och Visby är 709 km och Karl-Johan Gyllenstorm beräknade körtiden till cirka 581 minuter.,<url><loc>https://pendlings-app1.t-767929534-cloudflare.workers.dev/?fran=Hudiksvall&amp;till=Visby</loc><changefreq>monthly</changefreq></url>
Falkenberg,Stockholm,542,369,Avståndet mellan Falkenberg och Stockholm är 542 km och Karl-Johan Gyllenstorm beräknade körtiden till cirka 369 minuter.,<url><loc>https://pendlings-app1.t-767929534-cloudflare.workers.dev/?fran=Falkenberg&amp;till=Stockholm</loc><changefreq>monthly</changefreq></url>
Falkenberg,Göteborg,121,82,Avståndet mellan Falkenberg och Göteborg är 121 km och Karl-Johan Gyllenstorm beräknade körtiden till cirka 82 minuter.,<url><loc>https://pendlings-app1.t-767929534-cloudflare.workers.dev/?fran=Falkenberg&amp;till=Göteborg</loc><changefreq>monthly</changefreq></url>
Falkenberg,Malmö,189,128,Avståndet mellan Falkenberg och Malmö är 189 km och Karl-Johan Gyllenstorm beräknade körtiden till cirka 128 minuter.,<url><loc>https://pendlings-app1.t-767929534-cloudflare.workers.dev/?fran=Falkenberg&amp;till=Malmö</loc><changefreq>monthly</changefreq></url>
Falkenberg,Uppsala,569,387,Avståndet mellan Falkenberg och Uppsala är 569 km och Karl-Johan Gyllenstorm beräknade körtiden till cirka 387 minuter.,<url><loc>https://pendlings-app1.t-767929534-cloudflare.workers.dev/?fran=Falkenberg&amp;till=Uppsala</loc><changefreq>monthly</changefreq></url>
Falkenberg,Västerås,490,334,Avståndet mellan Falkenberg och Västerås är 490 km och Karl-Johan Gyllenstorm beräknade körtiden till cirka 334 minuter.,<url><loc>https://pendlings-app1.t-767929534-cloudflare.workers.dev/?fran=Falkenberg&amp;till=Västerås</loc><changefreq>monthly</changefreq></url>
Falkenberg,Örebro,394,268,Avståndet mellan Falkenberg och Örebro är 394 km och Karl-Johan Gyllenstorm beräknade körtiden till cirka 268 minuter.,<url><loc>https://pendlings-app1.t-767929534-cloudflare.workers.dev/?fran=Falkenberg&amp;till=Örebro</loc><changefreq>monthly</changefreq></url>
Falkenberg,Linköping,320,218,Avståndet mellan Falkenberg och Linköping är 320 km och Karl-Johan Gyllenstorm beräknade körtiden till cirka 218 minuter.,<url><loc>https://pendlings-app1.t-767929534-cloudflare.workers.dev/?fran=Falkenberg&amp;till=Linköping</loc><changefreq>monthly</changefreq></url>
Falkenberg,Helsingborg,123,83,Avståndet mellan Falkenberg och Helsingborg är 123 km och Karl-Johan Gyllenstorm beräknade körtiden till cirka 83 minuter.,<url><loc>https://pendlings-app1.t-767929534-cloudflare.workers.dev/?fran=Falkenberg&amp;till=Helsingborg</loc><changefreq>monthly</changefreq></url>
Falkenberg,Jönköping,179,122,Avståndet mellan Falkenberg och Jönköping är 179 km och Karl-Johan Gyllenstorm beräknade körtiden till cirka 122 minuter.,<url><loc>https://pendlings-app1.t-767929534-cloudflare.workers.dev/?fran=Falkenberg&amp;till=Jönköping</loc><changefreq>monthly</changefreq></url>
Falkenberg,Norrköping,368,250,Avståndet mellan Falkenberg och Norrköping är 368 km och Karl-Johan Gyllenstorm beräknade körtiden till cirka 250 minuter.,<url><loc>https://pendlings-app1.t-767929534-cloudflare.workers.dev/?fran=Falkenberg&amp;till=Norrköping</loc><changefreq>monthly</changefreq></url>
Falkenberg,Lund,179,122,Avståndet mellan Falkenberg och Lund är 179 km och Karl-Johan Gyllenstorm beräknade körtiden till cirka 122 minuter.,<url><loc>https://pendlings-app1.t-767929534-cloudflare.workers.dev/?fran=Falkenberg&amp;till=Lund</loc><changefreq>monthly</changefreq></url>
Falkenberg,Umeå,1124,766,Avståndet mellan Falkenberg och Umeå är 1124 km och Karl-Johan Gyllenstorm beräknade körtiden till cirka 766 minuter.,<url><loc>https://pendlings-app1.t-767929534-cloudflare.workers.dev/?fran=Falkenberg&amp;till=Umeå</loc><changefreq>monthly</changefreq></url>
Falkenberg,Gävle,636,433,Avståndet mellan Falkenberg och Gävle är 636 km och Karl-Johan Gyllenstorm beräknade körtiden till cirka 433 minuter.,<url><loc>https://pendlings-app1.t-767929534-cloudflare.workers.dev/?fran=Falkenberg&amp;till=Gävle</loc><changefreq>monthly</changefreq></url>
Falkenberg,Borås,121,82,Avståndet mellan Falkenberg och Borås är 121 km och Karl-Johan Gyllenstorm beräknade körtiden till cirka 82 minuter.,<url><loc>https://pendlings-app1.t-767929534-cloudflare.workers.dev/?fran=Falkenberg&amp;till=Borås</loc><changefreq>monthly</changefreq></url>
Falkenberg,Södertälje,505,344,Avståndet mellan Falkenberg och Södertälje är 505 km och Karl-Johan Gyllenstorm beräknade körtiden till cirka 344 minuter.,<url><loc>https://pendlings-app1.t-767929534-cloudflare.workers.dev/?fran=Falkenberg&amp;till=Södertälje</loc><changefreq>monthly</changefreq></url>
Falkenberg,Eskilstuna,462,315,Avståndet mellan Falkenberg och Eskilstuna är 462 km och Karl-Johan Gyllenstorm beräknade körtiden till cirka 315 minuter.,<url><loc>https://pendlings-app1.t-767929534-cloudflare.workers.dev/?fran=Falkenberg&amp;till=Eskilstuna</loc><changefreq>monthly</changefreq></url>
Falkenberg,Halmstad,43,36,Avståndet mellan Falkenberg och Halmstad är 43 km och Karl-Johan Gyllenstorm beräknade körtiden till cirka 36 minuter.,<url><loc>https://pendlings-app1.t-767929534-cloudflare.workers.dev/?fran=Falkenberg&amp;till=Halmstad</loc><changefreq>monthly</changefreq></url>
Falkenberg,Växjö,180,122,Avståndet mellan Falkenberg och Växjö är 180 km och Karl-Johan Gyllenstorm beräknade körtiden till cirka 122 minuter.,<url><loc>https://pendlings-app1.t-767929534-cloudflare.workers.dev/?fran=Falkenberg&amp;till=Växjö</loc><changefreq>monthly</changefreq></url>
Falkenberg,Karlstad,360,245,Avståndet mellan Falkenberg och Karlstad är 360 km och Karl-Johan Gyllenstorm beräknade körtiden till cirka 245 minuter.,<url><loc>https://pendlings-app1.t-767929534-cloudflare.workers.dev/?fran=Falkenberg&amp;till=Karlstad</loc><changefreq>monthly</changefreq></url>
Falkenberg,Piteå,1344,916,Avståndet mellan Falkenberg och Piteå är 1344 km och Karl-Johan Gyllenstorm beräknade körtiden till cirka 916 minuter.,<url><loc>https://pendlings-app1.t-767929534-cloudflare.workers.dev/?fran=Falkenberg&amp;till=Piteå</loc><changefreq>monthly</changefreq></url>
Falkenberg,Luleå,1397,952,Avståndet mellan Falkenberg och Luleå är 1397 km och Karl-Johan Gyllenstorm beräknade körtiden till cirka 952 minuter.,<url><loc>https://pendlings-app1.t-767929534-cloudflare.workers.dev/?fran=Falkenberg&amp;till=Luleå</loc><changefreq>monthly</changefreq></url>
Falkenberg,Trollhättan,196,133,Avståndet mellan Falkenberg och Trollhättan är 196 km och Karl-Johan Gyllenstorm beräknade körtiden till cirka 133 minuter.,<url><loc>https://pendlings-app1.t-767929534-cloudflare.workers.dev/?fran=Falkenberg&amp;till=Trollhättan</loc><changefreq>monthly</changefreq></url>
Falkenberg,Östersund,905,617,Avståndet mellan Falkenberg och Östersund är 905 km och Karl-Johan Gyllenstorm beräknade körtiden till cirka 617 minuter.,<url><loc>https://pendlings-app1.t-767929534-cloudflare.workers.dev/?fran=Falkenberg&amp;till=Östersund</loc><changefreq>monthly</changefreq></url>
Falkenberg,Borlänge,553,377,Avståndet mellan Falkenberg och Borlänge är 553 km och Karl-Johan Gyllenstorm beräknade körtiden till cirka 377 minuter.,<url><loc>https://pendlings-app1.t-767929534-cloudflare.workers.dev/?fran=Falkenberg&amp;till=Borlänge</loc><changefreq>monthly</changefreq></url>
Falkenberg,Falun,574,391,Avståndet mellan Falkenberg och Falun är 574 km och Karl-Johan Gyllenstorm beräknade körtiden till cirka 391 minuter.,<url><loc>https://pendlings-app1.t-767929534-cloudflare.workers.dev/?fran=Falkenberg&amp;till=Falun</loc><changefreq>monthly</changefreq></url>
Falkenberg,Kalmar,303,206,Avståndet mellan Falkenberg och Kalmar är 303 km och Karl-Johan Gyllenstorm beräknade körtiden till cirka 206 minuter.,<url><loc>https://pendlings-app1.t-767929534-cloudflare.workers.dev/?fran=Falkenberg&amp;till=Kalmar</loc><changefreq>monthly</changefreq></url>
Falkenberg,Skövde,235,160,Avståndet mellan Falkenberg och Skövde är 235 km och Karl-Johan Gyllenstorm beräknade körtiden till cirka 160 minuter.,<url><loc>https://pendlings-app1.t-767929534-cloudflare.workers.dev/?fran=Falkenberg&amp;till=Skövde</loc><changefreq>monthly</changefreq></url>
Falkenberg,Kristianstad,180,122,Avståndet mellan Falkenberg och Kristianstad är 180 km och Karl-Johan Gyllenstorm beräknade körtiden till cirka 122 minuter.,<url><loc>https://pendlings-app1.t-767929534-cloudflare.workers.dev/?fran=Falkenberg&amp;till=Kristianstad</loc><changefreq>monthly</changefreq></url>
Falkenberg,Karlskrona,264,180,Avståndet mellan Falkenberg och Karlskrona är 264 km och Karl-Johan Gyllenstorm beräknade körtiden till cirka 180 minuter.,<url><loc>https://pendlings-app1.t-767929534-cloudflare.workers.dev/?fran=Falkenberg&amp;till=Karlskrona</loc><changefreq>monthly</changefreq></url>
Falkenberg,Skellefteå,1259,858,Avståndet mellan Falkenberg och Skellefteå är 1259 km och Karl-Johan Gyllenstorm beräknade körtiden till cirka 858 minuter.,<url><loc>https://pendlings-app1.t-767929534-cloudflare.workers.dev/?fran=Falkenberg&amp;till=Skellefteå</loc><changefreq>monthly</changefreq></url>
Falkenberg,Uddevalla,210,143,Avståndet mellan Falkenberg och Uddevalla är 210 km och Karl-Johan Gyllenstorm beräknade körtiden till cirka 143 minuter.,<url><loc>https://pendlings-app1.t-767929534-cloudflare.workers.dev/?fran=Falkenberg&amp;till=Uddevalla</loc><changefreq>monthly</changefreq></url>
Falkenberg,Varberg,34,29,Avståndet mellan Falkenberg och Varberg är 34 km och Karl-Johan Gyllenstorm beräknade körtiden till cirka 29 minuter.,<url><loc>https://pendlings-app1.t-767929534-cloudflare.workers.dev/?fran=Falkenberg&amp;till=Varberg</loc><changefreq>monthly</changefreq></url>
Falkenberg,Motala,302,205,Avståndet mellan Falkenberg och Motala är 302 km och Karl-Johan Gyllenstorm beräknade körtiden till cirka 205 minuter.,<url><loc>https://pendlings-app1.t-767929534-cloudflare.workers.dev/?fran=Falkenberg&amp;till=Motala</loc><changefreq>monthly</changefreq></url>
Falkenberg,Enköping,518,353,Avståndet mellan Falkenberg och Enköping är 518 km och Karl-Johan Gyllenstorm beräknade körtiden till cirka 353 minuter.,<url><loc>https://pendlings-app1.t-767929534-cloudflare.workers.dev/?fran=Falkenberg&amp;till=Enköping</loc><changefreq>monthly</changefreq></url>
Falkenberg,Örnsköldsvik,1009,687,Avståndet mellan Falkenberg och Örnsköldsvik är 1009 km och Karl-Johan Gyllenstorm beräknade körtiden till cirka 687 minuter.,<url><loc>https://pendlings-app1.t-767929534-cloudflare.workers.dev/?fran=Falkenberg&amp;till=Örnsköldsvik</loc><changefreq>monthly</changefreq></url>
Falkenberg,Nyköping,431,293,Avståndet mellan Falkenberg och Nyköping är 431 km och Karl-Johan Gyllenstorm beräknade körtiden till cirka 293 minuter.,<url><loc>https://pendlings-app1.t-767929534-cloudflare.workers.dev/?fran=Falkenberg&amp;till=Nyköping</loc><changefreq>monthly</changefreq></url>
Falkenberg,Karlshamn,213,145,Avståndet mellan Falkenberg och Karlshamn är 213 km och Karl-Johan Gyllenstorm beräknade körtiden till cirka 145 minuter.,<url><loc>https://pendlings-app1.t-767929534-cloudflare.workers.dev/?fran=Falkenberg&amp;till=Karlshamn</loc><changefreq>monthly</changefreq></url>
Falkenberg,Västervik,340,231,Avståndet mellan Falkenberg och Västervik är 340 km och Karl-Johan Gyllenstorm beräknade körtiden till cirka 231 minuter.,<url><loc>https://pendlings-app1.t-767929534-cloudflare.workers.dev/?fran=Falkenberg&amp;till=Västervik</loc><changefreq>monthly</changefreq></url>
Falkenberg,Eslöv,164,111,Avståndet mellan Falkenberg och Eslöv är 164 km och Karl-Johan Gyllenstorm beräknade körtiden till cirka 111 minuter.,<url><loc>https://pendlings-app1.t-767929534-cloudflare.workers.dev/?fran=Falkenberg&amp;till=Eslöv</loc><changefreq>monthly</changefreq></url>
Falkenberg,Härnösand,903,615,Avståndet mellan Falkenberg och Härnösand är 903 km och Karl-Johan Gyllenstorm beräknade körtiden till cirka 615 minuter.,<url><loc>https://pendlings-app1.t-767929534-cloudflare.workers.dev/?fran=Falkenberg&amp;till=Härnösand</loc><changefreq>monthly</changefreq></url>
Falkenberg,Ystad,234,159,Avståndet mellan Falkenberg och Ystad är 234 km och Karl-Johan Gyllenstorm beräknade körtiden till cirka 159 minuter.,<url><loc>https://pendlings-app1.t-767929534-cloudflare.workers.dev/?fran=Falkenberg&amp;till=Ystad</loc><changefreq>monthly</changefreq></url>
Falkenberg,Katrineholm,408,278,Avståndet mellan Falkenberg och Katrineholm är 408 km och Karl-Johan Gyllenstorm beräknade körtiden till cirka 278 minuter.,<url><loc>https://pendlings-app1.t-767929534-cloudflare.workers.dev/?fran=Falkenberg&amp;till=Katrineholm</loc><changefreq>monthly</changefreq></url>
Falkenberg,Mariestad,275,187,Avståndet mellan Falkenberg och Mariestad är 275 km och Karl-Johan Gyllenstorm beräknade körtiden till cirka 187 minuter.,<url><loc>https://pendlings-app1.t-767929534-cloudflare.workers.dev/?fran=Falkenberg&amp;till=Mariestad</loc><changefreq>monthly</changefreq></url>
Falkenberg,Lidköping,233,158,Avståndet mellan Falkenberg och Lidköping är 233 km och Karl-Johan Gyllenstorm beräknade körtiden till cirka 158 minuter.,<url><loc>https://pendlings-app1.t-767929534-cloudflare.workers.dev/?fran=Falkenberg&amp;till=Lidköping</loc><changefreq>monthly</changefreq></url>
Falkenberg,Vänersborg,209,142,Avståndet mellan Falkenberg och Vänersborg är 209 km och Karl-Johan Gyllenstorm beräknade körtiden till cirka 142 minuter.,<url><loc>https://pendlings-app1.t-767929534-cloudflare.workers.dev/?fran=Falkenberg&amp;till=Vänersborg</loc><changefreq>monthly</changefreq></url>
Falkenberg,Värnamo,126,85,Avståndet mellan Falkenberg och Värnamo är 126 km och Karl-Johan Gyllenstorm beräknade körtiden till cirka 85 minuter.,<url><loc>https://pendlings-app1.t-767929534-cloudflare.workers.dev/?fran=Falkenberg&amp;till=Värnamo</loc><changefreq>monthly</changefreq></url>
Falkenberg,Kiruna,1637,1116,Avståndet mellan Falkenberg och Kiruna är 1637 km och Karl-Johan Gyllenstorm beräknade körtiden till cirka 1116 minuter.,<url><loc>https://pendlings-app1.t-767929534-cloudflare.workers.dev/?fran=Falkenberg&amp;till=Kiruna</loc><changefreq>monthly</changefreq></url>
Falkenberg,Hudiksvall,763,520,Avståndet mellan Falkenberg och Hudiksvall är 763 km och Karl-Johan Gyllenstorm beräknade körtiden till cirka 520 minuter.,<url><loc>https://pendlings-app1.t-767929534-cloudflare.workers.dev/?fran=Falkenberg&amp;till=Hudiksvall</loc><changefreq>monthly</changefreq></url>
Falkenberg,Visby,578,492,Avståndet mellan Falkenberg och Visby är 578 km och Karl-Johan Gyllenstorm beräknade körtiden till cirka 492 minuter.,<url><loc>https://pendlings-app1.t-767929534-cloudflare.workers.dev/?fran=Falkenberg&amp;till=Visby</loc><changefreq>monthly</changefreq></url>
Visby,Stockholm,361,344,Avståndet mellan Visby och Stockholm är 361 km och Karl-Johan Gyllenstorm beräknade körtiden till cirka 344 minuter.,<url><loc>https://pendlings-app1.t-767929534-cloudflare.workers.dev/?fran=Visby&amp;till=Stockholm</loc><changefreq>monthly</changefreq></url>
Visby,Göteborg,600,507,Avståndet mellan Visby och Göteborg är 600 km och Karl-Johan Gyllenstorm beräknade körtiden till cirka 507 minuter.,<url><loc>https://pendlings-app1.t-767929534-cloudflare.workers.dev/?fran=Visby&amp;till=Göteborg</loc><changefreq>monthly</changefreq></url>
Visby,Malmö,624,523,Avståndet mellan Visby och Malmö är 624 km och Karl-Johan Gyllenstorm beräknade körtiden till cirka 523 minuter.,<url><loc>https://pendlings-app1.t-767929534-cloudflare.workers.dev/?fran=Visby&amp;till=Malmö</loc><changefreq>monthly</changefreq></url>
Visby,Uppsala,440,398,Avståndet mellan Visby och Uppsala är 440 km och Karl-Johan Gyllenstorm beräknade körtiden till cirka 398 minuter.,<url><loc>https://pendlings-app1.t-767929534-cloudflare.workers.dev/?fran=Visby&amp;till=Uppsala</loc><changefreq>monthly</changefreq></url>
Visby,Västerås,429,390,Avståndet mellan Visby och Västerås är 429 km och Karl-Johan Gyllenstorm beräknade körtiden till cirka 390 minuter.,<url><loc>https://pendlings-app1.t-767929534-cloudflare.workers.dev/?fran=Visby&amp;till=Västerås</loc><changefreq>monthly</changefreq></url>
Visby,Örebro,447,402,Avståndet mellan Visby och Örebro är 447 km och Karl-Johan Gyllenstorm beräknade körtiden till cirka 402 minuter.,<url><loc>https://pendlings-app1.t-767929534-cloudflare.workers.dev/?fran=Visby&amp;till=Örebro</loc><changefreq>monthly</changefreq></url>
Visby,Linköping,349,336,Avståndet mellan Visby och Linköping är 349 km och Karl-Johan Gyllenstorm beräknade körtiden till cirka 336 minuter.,<url><loc>https://pendlings-app1.t-767929534-cloudflare.workers.dev/?fran=Visby&amp;till=Linköping</loc><changefreq>monthly</changefreq></url>
Visby,Helsingborg,610,514,Avståndet mellan Visby och Helsingborg är 610 km och Karl-Johan Gyllenstorm beräknade körtiden till cirka 514 minuter.,<url><loc>https://pendlings-app1.t-767929534-cloudflare.workers.dev/?fran=Visby&amp;till=Helsingborg</loc><changefreq>monthly</changefreq></url>
Visby,Jönköping,434,394,Avståndet mellan Visby och Jönköping är 434 km och Karl-Johan Gyllenstorm beräknade körtiden till cirka 394 minuter.,<url><loc>https://pendlings-app1.t-767929534-cloudflare.workers.dev/?fran=Visby&amp;till=Jönköping</loc><changefreq>monthly</changefreq></url>
Visby,Norrköping,328,321,Avståndet mellan Visby och Norrköping är 328 km och Karl-Johan Gyllenstorm beräknade körtiden till cirka 321 minuter.,<url><loc>https://pendlings-app1.t-767929534-cloudflare.workers.dev/?fran=Visby&amp;till=Norrköping</loc><changefreq>monthly</changefreq></url>
Visby,Lund,604,510,Avståndet mellan Visby och Lund är 604 km och Karl-Johan Gyllenstorm beräknade körtiden till cirka 510 minuter.,<url><loc>https://pendlings-app1.t-767929534-cloudflare.workers.dev/?fran=Visby&amp;till=Lund</loc><changefreq>monthly</changefreq></url>
Visby,Umeå,1011,787,Avståndet mellan Visby och Umeå är 1011 km och Karl-Johan Gyllenstorm beräknade körtiden till cirka 787 minuter.,<url><loc>https://pendlings-app1.t-767929534-cloudflare.workers.dev/?fran=Visby&amp;till=Umeå</loc><changefreq>monthly</changefreq></url>
Visby,Gävle,560,480,Avståndet mellan Visby och Gävle är 560 km och Karl-Johan Gyllenstorm beräknade körtiden till cirka 480 minuter.,<url><loc>https://pendlings-app1.t-767929534-cloudflare.workers.dev/?fran=Visby&amp;till=Gävle</loc><changefreq>monthly</changefreq></url>
Visby,Borås,527,457,Avståndet mellan Visby och Borås är 527 km och Karl-Johan Gyllenstorm beräknade körtiden till cirka 457 minuter.,<url><loc>https://pendlings-app1.t-767929534-cloudflare.workers.dev/?fran=Visby&amp;till=Borås</loc><changefreq>monthly</changefreq></url>
Visby,Södertälje,347,334,Avståndet mellan Visby och Södertälje är 347 km och Karl-Johan Gyllenstorm beräknade körtiden till cirka 334 minuter.,<url><loc>https://pendlings-app1.t-767929534-cloudflare.workers.dev/?fran=Visby&amp;till=Södertälje</loc><changefreq>monthly</changefreq></url>
Visby,Eskilstuna,400,370,Avståndet mellan Visby och Eskilstuna är 400 km och Karl-Johan Gyllenstorm beräknade körtiden till cirka 370 minuter.,<url><loc>https://pendlings-app1.t-767929534-cloudflare.workers.dev/?fran=Visby&amp;till=Eskilstuna</loc><changefreq>monthly</changefreq></url>
Visby,Halmstad,561,480,Avståndet mellan Visby och Halmstad är 561 km och Karl-Johan Gyllenstorm beräknade körtiden till cirka 480 minuter.,<url><loc>https://pendlings-app1.t-767929534-cloudflare.workers.dev/?fran=Visby&amp;till=Halmstad</loc><changefreq>monthly</changefreq></url>
Visby,Växjö,409,377,Avståndet mellan Visby och Växjö är 409 km och Karl-Johan Gyllenstorm beräknade körtiden till cirka 377 minuter.,<url><loc>https://pendlings-app1.t-767929534-cloudflare.workers.dev/?fran=Visby&amp;till=Växjö</loc><changefreq>monthly</changefreq></url>
Visby,Karlstad,554,475,Avståndet mellan Visby och Karlstad är 554 km och Karl-Johan Gyllenstorm beräknade körtiden till cirka 475 minuter.,<url><loc>https://pendlings-app1.t-767929534-cloudflare.workers.dev/?fran=Visby&amp;till=Karlstad</loc><changefreq>monthly</changefreq></url>
Visby,Piteå,1234,939,Avståndet mellan Visby och Piteå är 1234 km och Karl-Johan Gyllenstorm beräknade körtiden till cirka 939 minuter.,<url><loc>https://pendlings-app1.t-767929534-cloudflare.workers.dev/?fran=Visby&amp;till=Piteå</loc><changefreq>monthly</changefreq></url>
Visby,Luleå,1280,970,Avståndet mellan Visby och Luleå är 1280 km och Karl-Johan Gyllenstorm beräknade körtiden till cirka 970 minuter.,<url><loc>https://pendlings-app1.t-767929534-cloudflare.workers.dev/?fran=Visby&amp;till=Luleå</loc><changefreq>monthly</changefreq></url>
Visby,Trollhättan,582,495,Avståndet mellan Visby och Trollhättan är 582 km och Karl-Johan Gyllenstorm beräknade körtiden till cirka 495 minuter.,<url><loc>https://pendlings-app1.t-767929534-cloudflare.workers.dev/?fran=Visby&amp;till=Trollhättan</loc><changefreq>monthly</changefreq></url>
Visby,Östersund,949,745,Avståndet mellan Visby och Östersund är 949 km och Karl-Johan Gyllenstorm beräknade körtiden till cirka 745 minuter.,<url><loc>https://pendlings-app1.t-767929534-cloudflare.workers.dev/?fran=Visby&amp;till=Östersund</loc><changefreq>monthly</changefreq></url>
Visby,Borlänge,576,490,Avståndet mellan Visby och Borlänge är 576 km och Karl-Johan Gyllenstorm beräknade körtiden till cirka 490 minuter.,<url><loc>https://pendlings-app1.t-767929534-cloudflare.workers.dev/?fran=Visby&amp;till=Borlänge</loc><changefreq>monthly</changefreq></url>
Visby,Falun,585,497,Avståndet mellan Visby och Falun är 585 km och Karl-Johan Gyllenstorm beräknade körtiden till cirka 497 minuter.,<url><loc>https://pendlings-app1.t-767929534-cloudflare.workers.dev/?fran=Visby&amp;till=Falun</loc><changefreq>monthly</changefreq></url>
Visby,Kalmar,323,318,Avståndet mellan Visby och Kalmar är 323 km och Karl-Johan Gyllenstorm beräknade körtiden till cirka 318 minuter.,<url><loc>https://pendlings-app1.t-767929534-cloudflare.workers.dev/?fran=Visby&amp;till=Kalmar</loc><changefreq>monthly</changefreq></url>
Visby,Skövde,472,420,Avståndet mellan Visby och Skövde är 472 km och Karl-Johan Gyllenstorm beräknade körtiden till cirka 420 minuter.,<url><loc>https://pendlings-app1.t-767929534-cloudflare.workers.dev/?fran=Visby&amp;till=Skövde</loc><changefreq>monthly</changefreq></url>
Visby,Kristianstad,515,449,Avståndet mellan Visby och Kristianstad är 515 km och Karl-Johan Gyllenstorm beräknade körtiden till cirka 449 minuter.,<url><loc>https://pendlings-app1.t-767929534-cloudflare.workers.dev/?fran=Visby&amp;till=Kristianstad</loc><changefreq>monthly</changefreq></url>
Visby,Karlskrona,417,382,Avståndet mellan Visby och Karlskrona är 417 km och Karl-Johan Gyllenstorm beräknade körtiden till cirka 382 minuter.,<url><loc>https://pendlings-app1.t-767929534-cloudflare.workers.dev/?fran=Visby&amp;till=Karlskrona</loc><changefreq>monthly</changefreq></url>
Visby,Skellefteå,1148,880,Avståndet mellan Visby och Skellefteå är 1148 km och Karl-Johan Gyllenstorm beräknade körtiden till cirka 880 minuter.,<url><loc>https://pendlings-app1.t-767929534-cloudflare.workers.dev/?fran=Visby&amp;till=Skellefteå</loc><changefreq>monthly</changefreq></url>
Visby,Uddevalla,609,513,Avståndet mellan Visby och Uddevalla är 609 km och Karl-Johan Gyllenstorm beräknade körtiden till cirka 513 minuter.,<url><loc>https://pendlings-app1.t-767929534-cloudflare.workers.dev/?fran=Visby&amp;till=Uddevalla</loc><changefreq>monthly</changefreq></url>
Visby,Varberg,589,499,Avståndet mellan Visby och Varberg är 589 km och Karl-Johan Gyllenstorm beräknade körtiden till cirka 499 minuter.,<url><loc>https://pendlings-app1.t-767929534-cloudflare.workers.dev/?fran=Visby&amp;till=Varberg</loc><changefreq>monthly</changefreq></url>
Visby,Motala,396,368,Avståndet mellan Visby och Motala är 396 km och Karl-Johan Gyllenstorm beräknade körtiden till cirka 368 minuter.,<url><loc>https://pendlings-app1.t-767929534-cloudflare.workers.dev/?fran=Visby&amp;till=Motala</loc><changefreq>monthly</changefreq></url>
Visby,Enköping,418,383,Avståndet mellan Visby och Enköping är 418 km och Karl-Johan Gyllenstorm beräknade körtiden till cirka 383 minuter.,<url><loc>https://pendlings-app1.t-767929534-cloudflare.workers.dev/?fran=Visby&amp;till=Enköping</loc><changefreq>monthly</changefreq></url>
Visby,Örnsköldsvik,925,728,Avståndet mellan Visby och Örnsköldsvik är 925 km och Karl-Johan Gyllenstorm beräknade körtiden till cirka 728 minuter.,<url><loc>https://pendlings-app1.t-767929534-cloudflare.workers.dev/?fran=Visby&amp;till=Örnsköldsvik</loc><changefreq>monthly</changefreq></url>
Visby,Nyköping,306,306,Avståndet mellan Visby och Nyköping är 306 km och Karl-Johan Gyllenstorm beräknade körtiden till cirka 306 minuter.,<url><loc>https://pendlings-app1.t-767929534-cloudflare.workers.dev/?fran=Visby&amp;till=Nyköping</loc><changefreq>monthly</changefreq></url>
Visby,Karlshamn,458,410,Avståndet mellan Visby och Karlshamn är 458 km och Karl-Johan Gyllenstorm beräknade körtiden till cirka 410 minuter.,<url><loc>https://pendlings-app1.t-767929534-cloudflare.workers.dev/?fran=Visby&amp;till=Karlshamn</loc><changefreq>monthly</changefreq></url>
Visby,Västervik,247,266,Avståndet mellan Visby och Västervik är 247 km och Karl-Johan Gyllenstorm beräknade körtiden till cirka 266 minuter.,<url><loc>https://pendlings-app1.t-767929534-cloudflare.workers.dev/?fran=Visby&amp;till=Västervik</loc><changefreq>monthly</changefreq></url>
Visby,Eslöv,585,497,Avståndet mellan Visby och Eslöv är 585 km och Karl-Johan Gyllenstorm beräknade körtiden till cirka 497 minuter.,<url><loc>https://pendlings-app1.t-767929534-cloudflare.workers.dev/?fran=Visby&amp;till=Eslöv</loc><changefreq>monthly</changefreq></url>
Visby,Härnösand,831,664,Avståndet mellan Visby och Härnösand är 831 km och Karl-Johan Gyllenstorm beräknade körtiden till cirka 664 minuter.,<url><loc>https://pendlings-app1.t-767929534-cloudflare.workers.dev/?fran=Visby&amp;till=Härnösand</loc><changefreq>monthly</changefreq></url>
Visby,Ystad,590,500,Avståndet mellan Visby och Ystad är 590 km och Karl-Johan Gyllenstorm beräknade körtiden till cirka 500 minuter.,<url><loc>https://pendlings-app1.t-767929534-cloudflare.workers.dev/?fran=Visby&amp;till=Ystad</loc><changefreq>monthly</changefreq></url>
Visby,Katrineholm,368,349,Avståndet mellan Visby och Katrineholm är 368 km och Karl-Johan Gyllenstorm beräknade körtiden till cirka 349 minuter.,<url><loc>https://pendlings-app1.t-767929534-cloudflare.workers.dev/?fran=Visby&amp;till=Katrineholm</loc><changefreq>monthly</changefreq></url>
Visby,Mariestad,488,430,Avståndet mellan Visby och Mariestad är 488 km och Karl-Johan Gyllenstorm beräknade körtiden till cirka 430 minuter.,<url><loc>https://pendlings-app1.t-767929534-cloudflare.workers.dev/?fran=Visby&amp;till=Mariestad</loc><changefreq>monthly</changefreq></url>
Visby,Lidköping,525,456,Avståndet mellan Visby och Lidköping är 525 km och Karl-Johan Gyllenstorm beräknade körtiden till cirka 456 minuter.,<url><loc>https://pendlings-app1.t-767929534-cloudflare.workers.dev/?fran=Visby&amp;till=Lidköping</loc><changefreq>monthly</changefreq></url>
Visby,Vänersborg,582,495,Avståndet mellan Visby och Vänersborg är 582 km och Karl-Johan Gyllenstorm beräknade körtiden till cirka 495 minuter.,<url><loc>https://pendlings-app1.t-767929534-cloudflare.workers.dev/?fran=Visby&amp;till=Vänersborg</loc><changefreq>monthly</changefreq></url>
Visby,Värnamo,452,406,Avståndet mellan Visby och Värnamo är 452 km och Karl-Johan Gyllenstorm beräknade körtiden till cirka 406 minuter.,<url><loc>https://pendlings-app1.t-767929534-cloudflare.workers.dev/?fran=Visby&amp;till=Värnamo</loc><changefreq>monthly</changefreq></url>
Visby,Kiruna,1580,1175,Avståndet mellan Visby och Kiruna är 1580 km och Karl-Johan Gyllenstorm beräknade körtiden till cirka 1175 minuter.,<url><loc>https://pendlings-app1.t-767929534-cloudflare.workers.dev/?fran=Visby&amp;till=Kiruna</loc><changefreq>monthly</changefreq></url>
Visby,Hudiksvall,709,581,Avståndet mellan Visby och Hudiksvall är 709 km och Karl-Johan Gyllenstorm beräknade körtiden till cirka 581 minuter.,<url><loc>https://pendlings-app1.t-767929534-cloudflare.workers.dev/?fran=Visby&amp;till=Hudiksvall</loc><changefreq>monthly</changefreq></url>
Visby,Falkenberg,578,492,Avståndet mellan Visby och Falkenberg är 578 km och Karl-Johan Gyllenstorm beräknade körtiden till cirka 492 minuter.,<url><loc>https://pendlings-app1.t-767929534-cloudflare.workers.dev/?fran=Visby&amp;till=Falkenberg</loc><changefreq>monthly</changefreq></url>
Ljusdal,Bollebygd,314,207,Avståndet mellan Ljusdal och Bollebygd är 314 km och Karl-Johan Gyllenstorm beräknade körtiden till cirka 207 minuter.,<url><loc>https://pendlings-app1.t-767929534-cloudflare.workers.dev/?fran=Ljusdal&amp;till=Bollebygd</loc><changefreq>monthly</changefreq></url>
Alingsås,Kopparberg,964,698,Avståndet mellan Alingsås och Kopparberg är 964 km och Karl-Johan Gyllenstorm beräknade körtiden till cirka 698 minuter.,<url><loc>https://pendlings-app1.t-767929534-cloudflare.workers.dev/?fran=Alingsås&amp;till=Kopparberg</loc><changefreq>monthly</changefreq></url>
Kävlinge,Uddevalla,968,774,Avståndet mellan Kävlinge och Uddevalla är 968 km och Karl-Johan Gyllenstorm beräknade körtiden till cirka 774 minuter.,<url><loc>https://pendlings-app1.t-767929534-cloudflare.workers.dev/?fran=Kävlinge&amp;till=Uddevalla</loc><changefreq>monthly</changefreq></url>
Hofors,Knivsta,327,248,Avståndet mellan Hofors och Knivsta är 327 km och Karl-Johan Gyllenstorm beräknade körtiden till cirka 248 minuter.,<url><loc>https://pendlings-app1.t-767929534-cloudflare.workers.dev/?fran=Hofors&amp;till=Knivsta</loc><changefreq>monthly</changefreq></url>
Västerås,Gnosjö,377,279,Avståndet mellan Västerås och Gnosjö är 377 km och Karl-Johan Gyllenstorm beräknade körtiden till cirka 279 minuter.,<url><loc>https://pendlings-app1.t-767929534-cloudflare.workers.dev/?fran=Västerås&amp;till=Gnosjö</loc><changefreq>monthly</changefreq></url>
Ronneby,Karlshamn,189,144,Avståndet mellan Ronneby och Karlshamn är 189 km och Karl-Johan Gyllenstorm beräknade körtiden till cirka 144 minuter.,<url><loc>https://pendlings-app1.t-767929534-cloudflare.workers.dev/?fran=Ronneby&amp;till=Karlshamn</loc><changefreq>monthly</changefreq></url>
Kungsbacka,Säffle,441,316,Avståndet mellan Kungsbacka och Säffle är 441 km och Karl-Johan Gyllenstorm beräknade körtiden till cirka 316 minuter.,<url><loc>https://pendlings-app1.t-767929534-cloudflare.workers.dev/?fran=Kungsbacka&amp;till=Säffle</loc><changefreq>monthly</changefreq></url>
Svedala,Sölvesborg,526,404,Avståndet mellan Svedala och Sölvesborg är 526 km och Karl-Johan Gyllenstorm beräknade körtiden till cirka 404 minuter.,<url><loc>https://pendlings-app1.t-767929534-cloudflare.workers.dev/?fran=Svedala&amp;till=Sölvesborg</loc><changefreq>monthly</changefreq></url>
Hyltebruk,Karlskrona,1162,759,Avståndet mellan Hyltebruk och Karlskrona är 1162 km och Karl-Johan Gyllenstorm beräknade körtiden till cirka 759 minuter.,<url><loc>https://pendlings-app1.t-767929534-cloudflare.workers.dev/?fran=Hyltebruk&amp;till=Karlskrona</loc><changefreq>monthly</changefreq></url>
Bjuv,Ydre,791,632,Avståndet mellan Bjuv och Ydre är 791 km och Karl-Johan Gyllenstorm beräknade körtiden till cirka 632 minuter.,<url><loc>https://pendlings-app1.t-767929534-cloudflare.workers.dev/?fran=Bjuv&amp;till=Ydre</loc><changefreq>monthly</changefreq></url>
Boxholm,Timrå,351,257,Avståndet mellan Boxholm och Timrå är 351 km och Karl-Johan Gyllenstorm beräknade körtiden till cirka 257 minuter.,<url><loc>https://pendlings-app1.t-767929534-cloudflare.workers.dev/?fran=Boxholm&amp;till=Timrå</loc><changefreq>monthly</changefreq></url>
Mörbylånga,Degerfors,989,690,Avståndet mellan Mörbylånga och Degerfors är 989 km och Karl-Johan Gyllenstorm beräknade körtiden till cirka 690 minuter.,<url><loc>https://pendlings-app1.t-767929534-cloudflare.workers.dev/?fran=Mörbylånga&amp;till=Degerfors</loc><changefreq>monthly</changefreq></url>
Havdhem,Mellerud,832,561,Avståndet mellan Havdhem och Mellerud är 832 km och Karl-Johan Gyllenstorm beräknade körtiden till cirka 561 minuter.,<url><loc>https://pendlings-app1.t-767929534-cloudflare.workers.dev/?fran=Havdhem&amp;till=Mellerud</loc><changefreq>monthly</changefreq></url>
Leksand,Hällefor,992,674,Avståndet mellan Leksand och Hällefor är 992 km och Karl-Johan Gyllenstorm beräknade körtiden till cirka 674 minuter.,<url><loc>https://pendlings-app1.t-767929534-cloudflare.workers.dev/?fran=Leksand&amp;till=Hällefor</loc><changefreq>monthly</changefreq></url>
Kungsbacka,Lindesberg,974,656,Avståndet mellan Kungsbacka och Lindesberg är 974 km och Karl-Johan Gyllenstorm beräknade körtiden till cirka 656 minuter.,<url><loc>https://pendlings-app1.t-767929534-cloudflare.workers.dev/?fran=Kungsbacka&amp;till=Lindesberg</loc><changefreq>monthly</changefreq></url>
Karlshamn,Oxelösund,221,160,Avståndet mellan Karlshamn och Oxelösund är 221 km och Karl-Johan Gyllenstorm beräknade körtiden till cirka 160 minuter.,<url><loc>https://pendlings-app1.t-767929534-cloudflare.workers.dev/?fran=Karlshamn&amp;till=Oxelösund</loc><changefreq>monthly</changefreq></url>
Söderköping,Grästorp,676,449,Avståndet mellan Söderköping och Grästorp är 676 km och Karl-Johan Gyllenstorm beräknade körtiden till cirka 449 minuter.,<url><loc>https://pendlings-app1.t-767929534-cloudflare.workers.dev/?fran=Söderköping&amp;till=Grästorp</loc><changefreq>monthly</changefreq></url>
Skövde,Sorsele,298,215,Avståndet mellan Skövde och Sorsele är 298 km och Karl-Johan Gyllenstorm beräknade körtiden till cirka 215 minuter.,<url><loc>https://pendlings-app1.t-767929534-cloudflare.workers.dev/?fran=Skövde&amp;till=Sorsele</loc><changefreq>monthly</changefreq></url>
Åsele,Kinda,694,448,Avståndet mellan Åsele och Kinda är 694 km och Karl-Johan Gyllenstorm beräknade körtiden till cirka 448 minuter.,<url><loc>https://pendlings-app1.t-767929534-cloudflare.workers.dev/?fran=Åsele&amp;till=Kinda</loc><changefreq>monthly</changefreq></url>
Kungsbacka,Ronehamn,1406,941,Avståndet mellan Kungsbacka och Ronehamn är 1406 km och Karl-Johan Gyllenstorm beräknade körtiden till cirka 941 minuter.,<url><loc>https://pendlings-app1.t-767929534-cloudflare.workers.dev/?fran=Kungsbacka&amp;till=Ronehamn</loc><changefreq>monthly</changefreq></url>
Kramfors,Mörbylånga,894,617,Avståndet mellan Kramfors och Mörbylånga är 894 km och Karl-Johan Gyllenstorm beräknade körtiden till cirka 617 minuter.,<url><loc>https://pendlings-app1.t-767929534-cloudflare.workers.dev/?fran=Kramfors&amp;till=Mörbylånga</loc><changefreq>monthly</changefreq></url>
Södertälje,Bräcke,1118,878,Avståndet mellan Södertälje och Bräcke är 1118 km och Karl-Johan Gyllenstorm beräknade körtiden till cirka 878 minuter.,<url><loc>https://pendlings-app1.t-767929534-cloudflare.workers.dev/?fran=Södertälje&amp;till=Bräcke</loc><changefreq>monthly</changefreq></url>
Svenljunga,Tomelilla,1025,696,Avståndet mellan Svenljunga och Tomelilla är 1025 km och Karl-Johan Gyllenstorm beräknade körtiden till cirka 696 minuter.,<url><loc>https://pendlings-app1.t-767929534-cloudflare.workers.dev/?fran=Svenljunga&amp;till=Tomelilla</loc><changefreq>monthly</changefreq></url>
Kiruna,Eslöv,1226,974,Avståndet mellan Kiruna och Eslöv är 1226 km och Karl-Johan Gyllenstorm beräknade körtiden till cirka 974 minuter.,<url><loc>https://pendlings-app1.t-767929534-cloudflare.workers.dev/?fran=Kiruna&amp;till=Eslöv</loc><changefreq>monthly</changefreq></url>
Lysekil,Östhammar,1271,971,Avståndet mellan Lysekil och Östhammar är 1271 km och Karl-Johan Gyllenstorm beräknade körtiden till cirka 971 minuter.,<url><loc>https://pendlings-app1.t-767929534-cloudflare.workers.dev/?fran=Lysekil&amp;till=Östhammar</loc><changefreq>monthly</changefreq></url>
Kiruna,Skövde,506,369,Avståndet mellan Kiruna och Skövde är 506 km och Karl-Johan Gyllenstorm beräknade körtiden till cirka 369 minuter.,<url><loc>https://pendlings-app1.t-767929534-cloudflare.workers.dev/?fran=Kiruna&amp;till=Skövde</loc><changefreq>monthly</changefreq></url>
Härnösand,Håbo,721,509,Avståndet mellan Härnösand och Håbo är 721 km och Karl-Johan Gyllenstorm beräknade körtiden till cirka 509 minuter.,<url><loc>https://pendlings-app1.t-767929534-cloudflare.workers.dev/?fran=Härnösand&amp;till=Håbo</loc><changefreq>monthly</changefreq></url>
Härjedalen,Älvsbyn,28,19,Avståndet mellan Härjedalen och Älvsbyn är 28 km och Karl-Johan Gyllenstorm beräknade körtiden till cirka 19 minuter.,<url><loc>https://pendlings-app1.t-767929534-cloudflare.workers.dev/?fran=Härjedalen&amp;till=Älvsbyn</loc><changefreq>monthly</changefreq></url>
Sunne,Laxå,840,540,Avståndet mellan Sunne och Laxå är 840 km och Karl-Johan Gyllenstorm beräknade körtiden till cirka 540 minuter.,<url><loc>https://pendlings-app1.t-767929534-cloudflare.workers.dev/?fran=Sunne&amp;till=Laxå</loc><changefreq>monthly</changefreq></url>
Berg,Nora,1347,1015,Avståndet mellan Berg och Nora är 1347 km och Karl-Johan Gyllenstorm beräknade körtiden till cirka 1015 minuter.,<url><loc>https://pendlings-app1.t-767929534-cloudflare.workers.dev/?fran=Berg&amp;till=Nora</loc><changefreq>monthly</changefreq></url>
Vilhelmina,Malå,1048,798,Avståndet mellan Vilhelmina och Malå är 1048 km och Karl-Johan Gyllenstorm beräknade körtiden till cirka 798 minuter.,<url><loc>https://pendlings-app1.t-767929534-cloudflare.workers.dev/?fran=Vilhelmina&amp;till=Malå</loc><changefreq>monthly</changefreq></url>
Dorotea,Storuman,457,338,Avståndet mellan Dorotea och Storuman är 457 km och Karl-Johan Gyllenstorm beräknade körtiden till cirka 338 minuter.,<url><loc>https://pendlings-app1.t-767929534-cloudflare.workers.dev/?fran=Dorotea&amp;till=Storuman</loc><changefreq>monthly</changefreq></url>
Hjo,Vibble,215,158,Avståndet mellan Hjo och Vibble är 215 km och Karl-Johan Gyllenstorm beräknade körtiden till cirka 158 minuter.,<url><loc>https://pendlings-app1.t-767929534-cloudflare.workers.dev/?fran=Hjo&amp;till=Vibble</loc><changefreq>monthly</changefreq></url>
Storuman,Olofström,1364,1041,Avståndet mellan Storuman och Olofström är 1364 km och Karl-Johan Gyllenstorm beräknade körtiden till cirka 1041 minuter.,<url><loc>https://pendlings-app1.t-767929534-cloudflare.workers.dev/?fran=Storuman&amp;till=Olofström</loc><changefreq>monthly</changefreq></url>
Skinnskatteberg,Finspång,333,248,Avståndet mellan Skinnskatteberg och Finspång är 333 km och Karl-Johan Gyllenstorm beräknade körtiden till cirka 248 minuter.,<url><loc>https://pendlings-app1.t-767929534-cloudflare.workers.dev/?fran=Skinnskatteberg&amp;till=Finspång</loc><changefreq>monthly</changefreq></url>
Hultsfred,Norrköping,817,554,Avståndet mellan Hultsfred och Norrköping är 817 km och Karl-Johan Gyllenstorm beräknade körtiden till cirka 554 minuter.,<url><loc>https://pendlings-app1.t-767929534-cloudflare.workers.dev/?fran=Hultsfred&amp;till=Norrköping</loc><changefreq>monthly</changefreq></url>
Falköping,Aneby,1009,800,Avståndet mellan Falköping och Aneby är 1009 km och Karl-Johan Gyllenstorm beräknade körtiden till cirka 800 minuter.,<url><loc>https://pendlings-app1.t-767929534-cloudflare.workers.dev/?fran=Falköping&amp;till=Aneby</loc><changefreq>monthly</changefreq></url>
Filipstad,Ljusdal,888,678,Avståndet mellan Filipstad och Ljusdal är 888 km och Karl-Johan Gyllenstorm beräknade körtiden till cirka 678 minuter.,<url><loc>https://pendlings-app1.t-767929534-cloudflare.workers.dev/?fran=Filipstad&amp;till=Ljusdal</loc><changefreq>monthly</changefreq></url>
Nora,Burgsvik,840,569,Avståndet mellan Nora och Burgsvik är 840 km och Karl-Johan Gyllenstorm beräknade körtiden till cirka 569 minuter.,<url><loc>https://pendlings-app1.t-767929534-cloudflare.workers.dev/?fran=Nora&amp;till=Burgsvik</loc><changefreq>monthly</changefreq></url>
Strängnäs,Orsa,242,172,Avståndet mellan Strängnäs och Orsa är 242 km och Karl-Johan Gyllenstorm beräknade körtiden till cirka 172 minuter.,<url><loc>https://pendlings-app1.t-767929534-cloudflare.workers.dev/?fran=Strängnäs&amp;till=Orsa</loc><changefreq>monthly</changefreq></url>
Halmstad,Askersund,194,142,Avståndet mellan Halmstad och Askersund är 194 km och Karl-Johan Gyllenstorm beräknade körtiden till cirka 142 minuter.,<url><loc>https://pendlings-app1.t-767929534-cloudflare.workers.dev/?fran=Halmstad&amp;till=Askersund</loc><changefreq>monthly</changefreq></url>
Visby,Ulricehamn,232,158,Avståndet mellan Visby och Ulricehamn är 232 km och Karl-Johan Gyllenstorm beräknade körtiden till cirka 158 minuter.,<url><loc>https://pendlings-app1.t-767929534-cloudflare.workers.dev/?fran=Visby&amp;till=Ulricehamn</loc><changefreq>monthly</changefreq></url>
Bromölla,Gällivare,853,562,Avståndet mellan Bromölla och Gällivare är 853 km och Karl-Johan Gyllenstorm beräknade körtiden till cirka 562 minuter.,<url><loc>https://pendlings-app1.t-767929534-cloudflare.workers.dev/?fran=Bromölla&amp;till=Gällivare</loc><changefreq>monthly</changefreq></url>
Halmstad,Borås,50,38,Avståndet mellan Halmstad och Borås är 50 km och Karl-Johan Gyllenstorm beräknade körtiden till cirka 38 minuter.,<url><loc>https://pendlings-app1.t-767929534-cloudflare.workers.dev/?fran=Halmstad&amp;till=Borås</loc><changefreq>monthly</changefreq></url>
Ronehamn,Surahammar,288,200,Avståndet mellan Ronehamn och Surahammar är 288 km och Karl-Johan Gyllenstorm beräknade körtiden till cirka 200 minuter.,<url><loc>https://pendlings-app1.t-767929534-cloudflare.workers.dev/?fran=Ronehamn&amp;till=Surahammar</loc><changefreq>monthly</changefreq></url>
Hyltebruk,Lekeberg,811,548,Avståndet mellan Hyltebruk och Lekeberg är 811 km och Karl-Johan Gyllenstorm beräknade körtiden till cirka 548 minuter.,<url><loc>https://pendlings-app1.t-767929534-cloudflare.workers.dev/?fran=Hyltebruk&amp;till=Lekeberg</loc><changefreq>monthly</changefreq></url>
Fårösund,Sotenäs,48,34,Avståndet mellan Fårösund och Sotenäs är 48 km och Karl-Johan Gyllenstorm beräknade körtiden till cirka 34 minuter.,<url><loc>https://pendlings-app1.t-767929534-cloudflare.workers.dev/?fran=Fårösund&amp;till=Sotenäs</loc><changefreq>monthly</changefreq></url>
Arvidsjaur,Motala,1397,1009,Avståndet mellan Arvidsjaur och Motala är 1397 km och Karl-Johan Gyllenstorm beräknade körtiden till cirka 1009 minuter.,<url><loc>https://pendlings-app1.t-767929534-cloudflare.workers.dev/?fran=Arvidsjaur&amp;till=Motala</loc><changefreq>monthly</changefreq></url>
Torsby,Örebro,136,101,Avståndet mellan Torsby och Örebro är 136 km och Karl-Johan Gyllenstorm beräknade körtiden till cirka 101 minuter.,<url><loc>https://pendlings-app1.t-767929534-cloudflare.workers.dev/?fran=Torsby&amp;till=Örebro</loc><changefreq>monthly</changefreq></url>
Charlottenberg,Luleå,554,370,Avståndet mellan Charlottenberg och Luleå är 554 km och Karl-Johan Gyllenstorm beräknade körtiden till cirka 370 minuter.,<url><loc>https://pendlings-app1.t-767929534-cloudflare.workers.dev/?fran=Charlottenberg&amp;till=Luleå</loc><changefreq>monthly</changefreq></url>
Mjölby,Gullspång,262,181,Avståndet mellan Mjölby och Gullspång är 262 km och Karl-Johan Gyllenstorm beräknade körtiden till cirka 181 minuter.,<url><loc>https://pendlings-app1.t-767929534-cloudflare.workers.dev/?fran=Mjölby&amp;till=Gullspång</loc><changefreq>monthly</changefreq></url>
Åre,Åmål,947,668,Avståndet mellan Åre och Åmål är 947 km och Karl-Johan Gyllenstorm beräknade körtiden till cirka 668 minuter.,<url><loc>https://pendlings-app1.t-767929534-cloudflare.workers.dev/?fran=Åre&amp;till=Åmål</loc><changefreq>monthly</changefreq></url>
Övertorneå,Hjo,994,668,Avståndet mellan Övertorneå och Hjo är 994 km och Karl-Johan Gyllenstorm beräknade körtiden till cirka 668 minuter.,<url><loc>https://pendlings-app1.t-767929534-cloudflare.workers.dev/?fran=Övertorneå&amp;till=Hjo</loc><changefreq>monthly</changefreq></url>
Bollebygd,Oxelösund,1120,712,Avståndet mellan Bollebygd och Oxelösund är 1120 km och Karl-Johan Gyllenstorm beräknade körtiden till cirka 712 minuter.,<url><loc>https://pendlings-app1.t-767929534-cloudflare.workers.dev/?fran=Bollebygd&amp;till=Oxelösund</loc><changefreq>monthly</changefreq></url>
Sävsjö,Karlskoga,253,167,Avståndet mellan Sävsjö och Karlskoga är 253 km och Karl-Johan Gyllenstorm beräknade körtiden till cirka 167 minuter.,<url><loc>https://pendlings-app1.t-767929534-cloudflare.workers.dev/?fran=Sävsjö&amp;till=Karlskoga</loc><changefreq>monthly</changefreq></url>
Klintehamn,Hällefor,893,626,Avståndet mellan Klintehamn och Hällefor är 893 km och Karl-Johan Gyllenstorm beräknade körtiden till cirka 626 minuter.,<url><loc>https://pendlings-app1.t-767929534-cloudflare.workers.dev/?fran=Klintehamn&amp;till=Hällefor</loc><changefreq>monthly</changefreq></url>
Överkalix,Fagersta,810,526,Avståndet mellan Överkalix och Fagersta är 810 km och Karl-Johan Gyllenstorm beräknade körtiden till cirka 526 minuter.,<url><loc>https://pendlings-app1.t-767929534-cloudflare.workers.dev/?fran=Överkalix&amp;till=Fagersta</loc><changefreq>monthly</changefreq></url>
Gnosjö,Aneby,188,145,Avståndet mellan Gnosjö och Aneby är 188 km och Karl-Johan Gyllenstorm beräknade körtiden till cirka 145 minuter.,<url><loc>https://pendlings-app1.t-767929534-cloudflare.workers.dev/?fran=Gnosjö&amp;till=Aneby</loc><changefreq>monthly</changefreq></url>
Leksand,Tomelilla,715,457,Avståndet mellan Leksand och Tomelilla är 715 km och Karl-Johan Gyllenstorm beräknade körtiden till cirka 457 minuter.,<url><loc>https://pendlings-app1.t-767929534-cloudflare.workers.dev/?fran=Leksand&amp;till=Tomelilla</loc><changefreq>monthly</changefreq></url>
Kiruna,Malå,1233,923,Avståndet mellan Kiruna och Malå är 1233 km och Karl-Johan Gyllenstorm beräknade körtiden till cirka 923 minuter.,<url><loc>https://pendlings-app1.t-767929534-cloudflare.workers.dev/?fran=Kiruna&amp;till=Malå</loc><changefreq>monthly</changefreq></url>
Svalöv,Degerfors,1079,709,Avståndet mellan Svalöv och Degerfors är 1079 km och Karl-Johan Gyllenstorm beräknade körtiden till cirka 709 minuter.,<url><loc>https://pendlings-app1.t-767929534-cloudflare.workers.dev/?fran=Svalöv&amp;till=Degerfors</loc><changefreq>monthly</changefreq></url>
Sundsvall,Tierp,956,685,Avståndet mellan Sundsvall och Tierp är 956 km och Karl-Johan Gyllenstorm beräknade körtiden till cirka 685 minuter.,<url><loc>https://pendlings-app1.t-767929534-cloudflare.workers.dev/?fran=Sundsvall&amp;till=Tierp</loc><changefreq>monthly</changefreq></url>
Oxelösund,Kävlinge,976,726,Avståndet mellan Oxelösund och Kävlinge är 976 km och Karl-Johan Gyllenstorm beräknade körtiden till cirka 726 minuter.,<url><loc>https://pendlings-app1.t-767929534-cloudflare.workers.dev/?fran=Oxelösund&amp;till=Kävlinge</loc><changefreq>monthly</changefreq></url>
Rättvik,Ljusdal,273,177,Avståndet mellan Rättvik och Ljusdal är 273 km och Karl-Johan Gyllenstorm beräknade körtiden till cirka 177 minuter.,<url><loc>https://pendlings-app1.t-767929534-cloudflare.workers.dev/?fran=Rättvik&amp;till=Ljusdal</loc><changefreq>monthly</changefreq></url>
Kumla,Nyköping,967,705,Avståndet mellan Kumla och Nyköping är 967 km och Karl-Johan Gyllenstorm beräknade körtiden till cirka 705 minuter.,<url><loc>https://pendlings-app1.t-767929534-cloudflare.workers.dev/?fran=Kumla&amp;till=Nyköping</loc><changefreq>monthly</changefreq></url>
Strömsund,Sölvesborg,1252,847,Avståndet mellan Strömsund och Sölvesborg är 1252 km och Karl-Johan Gyllenstorm beräknade körtiden till cirka 847 minuter.,<url><loc>https://pendlings-app1.t-767929534-cloudflare.workers.dev/?fran=Strömsund&amp;till=Sölvesborg</loc><changefreq>monthly</changefreq></url>
Stånga,Emmaboda,541,389,Avståndet mellan Stånga och Emmaboda är 541 km och Karl-Johan Gyllenstorm beräknade körtiden till cirka 389 minuter.,<url><loc>https://pendlings-app1.t-767929534-cloudflare.workers.dev/?fran=Stånga&amp;till=Emmaboda</loc><changefreq>monthly</changefreq></url>
Tofta,Hyltebruk,1407,1043,Avståndet mellan Tofta och Hyltebruk är 1407 km och Karl-Johan Gyllenstorm beräknade körtiden till cirka 1043 minuter.,<url><loc>https://pendlings-app1.t-767929534-cloudflare.workers.dev/?fran=Tofta&amp;till=Hyltebruk</loc><changefreq>monthly</changefreq></url>
Fagersta,Lindesberg,73,51,Avståndet mellan Fagersta och Lindesberg är 73 km och Karl-Johan Gyllenstorm beräknade körtiden till cirka 51 minuter.,<url><loc>https://pendlings-app1.t-767929534-cloudflare.workers.dev/?fran=Fagersta&amp;till=Lindesberg</loc><changefreq>monthly</changefreq></url>
Gislaved,Hudiksvall,391,290,Avståndet mellan Gislaved och Hudiksvall är 391 km och Karl-Johan Gyllenstorm beräknade körtiden till cirka 290 minuter.,<url><loc>https://pendlings-app1.t-767929534-cloudflare.workers.dev/?fran=Gislaved&amp;till=Hudiksvall</loc><changefreq>monthly</changefreq></url>
Uddevalla,Färjestaden,879,700,Avståndet mellan Uddevalla och Färjestaden är 879 km och Karl-Johan Gyllenstorm beräknade körtiden till cirka 700 minuter.,<url><loc>https://pendlings-app1.t-767929534-cloudflare.workers.dev/?fran=Uddevalla&amp;till=Färjestaden</loc><changefreq>monthly</changefreq></url>
Köping,Säffle,689,511,Avståndet mellan Köping och Säffle är 689 km och Karl-Johan Gyllenstorm beräknade körtiden till cirka 511 minuter.,<url><loc>https://pendlings-app1.t-767929534-cloudflare.workers.dev/?fran=Köping&amp;till=Säffle</loc><changefreq>monthly</changefreq></url>
Arvidsjaur,Roma,97,67,Avståndet mellan Arvidsjaur och Roma är 97 km och Karl-Johan Gyllenstorm beräknade körtiden till cirka 67 minuter.,<url><loc>https://pendlings-app1.t-767929534-cloudflare.workers.dev/?fran=Arvidsjaur&amp;till=Roma</loc><changefreq>monthly</changefreq></url>
Storuman,Sveg,756,506,Avståndet mellan Storuman och Sveg är 756 km och Karl-Johan Gyllenstorm beräknade körtiden till cirka 506 minuter.,<url><loc>https://pendlings-app1.t-767929534-cloudflare.workers.dev/?fran=Storuman&amp;till=Sveg</loc><changefreq>monthly</changefreq></url>
Varberg,Strängnäs,1113,744,Avståndet mellan Varberg och Strängnäs är 1113 km och Karl-Johan Gyllenstorm beräknade körtiden till cirka 744 minuter.,<url><loc>https://pendlings-app1.t-767929534-cloudflare.workers.dev/?fran=Varberg&amp;till=Strängnäs</loc><changefreq>monthly</changefreq></url>
Varberg,Svedala,534,408,Avståndet mellan Varberg och Svedala är 534 km och Karl-Johan Gyllenstorm beräknade körtiden till cirka 408 minuter.,<url><loc>https://pendlings-app1.t-767929534-cloudflare.workers.dev/?fran=Varberg&amp;till=Svedala</loc><changefreq>monthly</changefreq></url>
Tranemo,Malå,1120,874,Avståndet mellan Tranemo och Malå är 1120 km och Karl-Johan Gyllenstorm beräknade körtiden till cirka 874 minuter.,<url><loc>https://pendlings-app1.t-767929534-cloudflare.workers.dev/?fran=Tranemo&amp;till=Malå</loc><changefreq>monthly</changefreq></url>
Hyltebruk,Jokkmokk,321,220,Avståndet mellan Hyltebruk och Jokkmokk är 321 km och Karl-Johan Gyllenstorm beräknade körtiden till cirka 220 minuter.,<url><loc>https://pendlings-app1.t-767929534-cloudflare.workers.dev/?fran=Hyltebruk&amp;till=Jokkmokk</loc><changefreq>monthly</changefreq></url>
Karlshamn,Hässleholm,907,586,Avståndet mellan Karlshamn och Hässleholm är 907 km och Karl-Johan Gyllenstorm beräknade körtiden till cirka 586 minuter.,<url><loc>https://pendlings-app1.t-767929534-cloudflare.workers.dev/?fran=Karlshamn&amp;till=Hässleholm</loc><changefreq>monthly</changefreq></url>
Töreboda,Arvika,732,465,Avståndet mellan Töreboda och Arvika är 732 km och Karl-Johan Gyllenstorm beräknade körtiden till cirka 465 minuter.,<url><loc>https://pendlings-app1.t-767929534-cloudflare.workers.dev/?fran=Töreboda&amp;till=Arvika</loc><changefreq>monthly</changefreq></url>
Oxelösund,Hofors,1436,986,Avståndet mellan Oxelösund och Hofors är 1436 km och Karl-Johan Gyllenstorm beräknade körtiden till cirka 986 minuter.,<url><loc>https://pendlings-app1.t-767929534-cloudflare.workers.dev/?fran=Oxelösund&amp;till=Hofors</loc><changefreq>monthly</changefreq></url>
Kalmar,Kristianstad,1097,762,Avståndet mellan Kalmar och Kristianstad är 1097 km och Karl-Johan Gyllenstorm beräknade körtiden till cirka 762 minuter.,<url><loc>https://pendlings-app1.t-767929534-cloudflare.workers.dev/?fran=Kalmar&amp;till=Kristianstad</loc><changefreq>monthly</changefreq></url>
Åtvidaberg,Sunne,108,85,Avståndet mellan Åtvidaberg och Sunne är 108 km och Karl-Johan Gyllenstorm beräknade körtiden till cirka 85 minuter.,<url><loc>https://pendlings-app1.t-767929534-cloudflare.workers.dev/?fran=Åtvidaberg&amp;till=Sunne</loc><changefreq>monthly</changefreq></url>
Vara,Åtvidaberg,788,624,Avståndet mellan Vara och Åtvidaberg är 788 km och Karl-Johan Gyllenstorm beräknade körtiden till cirka 624 minuter.,<url><loc>https://pendlings-app1.t-767929534-cloudflare.workers.dev/?fran=Vara&amp;till=Åtvidaberg</loc><changefreq>monthly</changefreq></url>
Forshaga,Burgsvik,1272,807,Avståndet mellan Forshaga och Burgsvik är 1272 km och Karl-Johan Gyllenstorm beräknade körtiden till cirka 807 minuter.,<url><loc>https://pendlings-app1.t-767929534-cloudflare.workers.dev/?fran=Forshaga&amp;till=Burgsvik</loc><changefreq>monthly</changefreq></url>
Hässleholm,Norberg,1331,875,Avståndet mellan Hässleholm och Norberg är 1331 km och Karl-Johan Gyllenstorm beräknade körtiden till cirka 875 minuter.,<url><loc>https://pendlings-app1.t-767929534-cloudflare.workers.dev/?fran=Hässleholm&amp;till=Norberg</loc><changefreq>monthly</changefreq></url>
Avesta,Överkalix,232,168,Avståndet mellan Avesta och Överkalix är 232 km och Karl-Johan Gyllenstorm beräknade körtiden till cirka 168 minuter.,<url><loc>https://pendlings-app1.t-767929534-cloudflare.workers.dev/?fran=Avesta&amp;till=Överkalix</loc><changefreq>monthly</changefreq></url>
Strömsund,Nora,186,137,Avståndet mellan Strömsund och Nora är 186 km och Karl-Johan Gyllenstorm beräknade körtiden till cirka 137 minuter.,<url><loc>https://pendlings-app1.t-767929534-cloudflare.workers.dev/?fran=Strömsund&amp;till=Nora</loc><changefreq>monthly</changefreq></url>
Östra Göinge,Kävlinge,1329,886,Avståndet mellan Östra Göinge och Kävlinge är 1329 km och Karl-Johan Gyllenstorm beräknade körtiden till cirka 886 minuter.,<url><loc>https://pendlings-app1.t-767929534-cloudflare.workers.dev/?fran=Östra Göinge&amp;till=Kävlinge</loc><changefreq>monthly</changefreq></url>
Håbo,Visby,890,643,Avståndet mellan Håbo och Visby är 890 km och Karl-Johan Gyllenstorm beräknade körtiden till cirka 643 minuter.,<url><loc>https://pendlings-app1.t-767929534-cloudflare.workers.dev/?fran=Håbo&amp;till=Visby</loc><changefreq>monthly</changefreq></url>
Ronehamn,Skinnskatteberg,401,256,Avståndet mellan Ronehamn och Skinnskatteberg är 401 km och Karl-Johan Gyllenstorm beräknade körtiden till cirka 256 minuter.,<url><loc>https://pendlings-app1.t-767929534-cloudflare.workers.dev/?fran=Ronehamn&amp;till=Skinnskatteberg</loc><changefreq>monthly</changefreq></url>
Gnosjö,Örnsköldsvik,551,370,Avståndet mellan Gnosjö och Örnsköldsvik är 551 km och Karl-Johan Gyllenstorm beräknade körtiden till cirka 370 minuter.,<url><loc>https://pendlings-app1.t-767929534-cloudflare.workers.dev/?fran=Gnosjö&amp;till=Örnsköldsvik</loc><changefreq>monthly</changefreq></url>
Skinnskatteberg,Hudiksvall,187,122,Avståndet mellan Skinnskatteberg och Hudiksvall är 187 km och Karl-Johan Gyllenstorm beräknade körtiden till cirka 122 minuter.,<url><loc>https://pendlings-app1.t-767929534-cloudflare.workers.dev/?fran=Skinnskatteberg&amp;till=Hudiksvall</loc><changefreq>monthly</changefreq></url>
Lomma,Falköping,912,580,Avståndet mellan Lomma och Falköping är 912 km och Karl-Johan Gyllenstorm beräknade körtiden till cirka 580 minuter.,<url><loc>https://pendlings-app1.t-767929534-cloudflare.workers.dev/?fran=Lomma&amp;till=Falköping</loc><changefreq>monthly</changefreq></url>
Hedemora,Tranemo,417,290,Avståndet mellan Hedemora och Tranemo är 417 km och Karl-Johan Gyllenstorm beräknade körtiden till cirka 290 minuter.,<url><loc>https://pendlings-app1.t-767929534-cloudflare.workers.dev/?fran=Hedemora&amp;till=Tranemo</loc><changefreq>monthly</changefreq></url>
Karlstad,Vansbro,645,443,Avståndet mellan Karlstad och Vansbro är 645 km och Karl-Johan Gyllenstorm beräknade körtiden till cirka 443 minuter.,<url><loc>https://pendlings-app1.t-767929534-cloudflare.workers.dev/?fran=Karlstad&amp;till=Vansbro</loc><changefreq>monthly</changefreq></url>
Kils,Gimo,1129,736,Avståndet mellan Kils och Gimo är 1129 km och Karl-Johan Gyllenstorm beräknade körtiden till cirka 736 minuter.,<url><loc>https://pendlings-app1.t-767929534-cloudflare.workers.dev/?fran=Kils&amp;till=Gimo</loc><changefreq>monthly</changefreq></url>
Tofta,Boden,524,354,Avståndet mellan Tofta och Boden är 524 km och Karl-Johan Gyllenstorm beräknade körtiden till cirka 354 minuter.,<url><loc>https://pendlings-app1.t-767929534-cloudflare.workers.dev/?fran=Tofta&amp;till=Boden</loc><changefreq>monthly</changefreq></url>
Simrishamn,Arboga,125,91,Avståndet mellan Simrishamn och Arboga är 125 km och Karl-Johan Gyllenstorm beräknade körtiden till cirka 91 minuter.,<url><loc>https://pendlings-app1.t-767929534-cloudflare.workers.dev/?fran=Simrishamn&amp;till=Arboga</loc><changefreq>monthly</changefreq></url>
Trollhättan,Bålsta,993,751,Avståndet mellan Trollhättan och Bålsta är 993 km och Karl-Johan Gyllenstorm beräknade körtiden till cirka 751 minuter.,<url><loc>https://pendlings-app1.t-767929534-cloudflare.workers.dev/?fran=Trollhättan&amp;till=Bålsta</loc><changefreq>monthly</changefreq></url>
Sollefteå,Varberg,919,685,Avståndet mellan Sollefteå och Varberg är 919 km och Karl-Johan Gyllenstorm beräknade körtiden till cirka 685 minuter.,<url><loc>https://pendlings-app1.t-767929534-cloudflare.workers.dev/?fran=Sollefteå&amp;till=Varberg</loc><changefreq>monthly</changefreq></url>
Östhammar,Ljusdal,1435,951,Avståndet mellan Östhammar och Ljusdal är 1435 km och Karl-Johan Gyllenstorm beräknade körtiden till cirka 951 minuter.,<url><loc>https://pendlings-app1.t-767929534-cloudflare.workers.dev/?fran=Östhammar&amp;till=Ljusdal</loc><changefreq>monthly</changefreq></url>
Sävsjö,Havdhem,591,417,Avståndet mellan Sävsjö och Havdhem är 591 km och Karl-Johan Gyllenstorm beräknade körtiden till cirka 417 minuter.,<url><loc>https://pendlings-app1.t-767929534-cloudflare.workers.dev/?fran=Sävsjö&amp;till=Havdhem</loc><changefreq>monthly</changefreq></url>
Håbo,Trosa,118,81,Avståndet mellan Håbo och Trosa är 118 km och Karl-Johan Gyllenstorm beräknade körtiden till cirka 81 minuter.,<url><loc>https://pendlings-app1.t-767929534-cloudflare.workers.dev/?fran=Håbo&amp;till=Trosa</loc><changefreq>monthly</changefreq></url>
Nyköping,Sjöbo,396,268,Avståndet mellan Nyköping och Sjöbo är 396 km och Karl-Johan Gyllenstorm beräknade körtiden till cirka 268 minuter.,<url><loc>https://pendlings-app1.t-767929534-cloudflare.workers.dev/?fran=Nyköping&amp;till=Sjöbo</loc><changefreq>monthly</changefreq></url>
Karlskoga,Karlskrona,583,466,Avståndet mellan Karlskoga och Karlskrona är 583 km och Karl-Johan Gyllenstorm beräknade körtiden till cirka 466 minuter.,<url><loc>https://pendlings-app1.t-767929534-cloudflare.workers.dev/?fran=Karlskoga&amp;till=Karlskrona</loc><changefreq>monthly</changefreq></url>
Sorsele,Kopparberg,449,357,Avståndet mellan Sorsele och Kopparberg är 449 km och Karl-Johan Gyllenstorm beräknade körtiden till cirka 357 minuter.,<url><loc>https://pendlings-app1.t-767929534-cloudflare.workers.dev/?fran=Sorsele&amp;till=Kopparberg</loc><changefreq>monthly</changefreq></url>
Nyköping,Ronehamn,873,594,Avståndet mellan Nyköping och Ronehamn är 873 km och Karl-Johan Gyllenstorm beräknade körtiden till cirka 594 minuter.,<url><loc>https://pendlings-app1.t-767929534-cloudflare.workers.dev/?fran=Nyköping&amp;till=Ronehamn</loc><changefreq>monthly</changefreq></url>
Roma,Gävle,587,438,Avståndet mellan Roma och Gävle är 587 km och Karl-Johan Gyllenstorm beräknade körtiden till cirka 438 minuter.,<url><loc>https://pendlings-app1.t-767929534-cloudflare.workers.dev/?fran=Roma&amp;till=Gävle</loc><changefreq>monthly</changefreq></url>
Falköping,Stånga,1251,827,Avståndet mellan Falköping och Stånga är 1251 km och Karl-Johan Gyllenstorm beräknade körtiden till cirka 827 minuter.,<url><loc>https://pendlings-app1.t-767929534-cloudflare.workers.dev/?fran=Falköping&amp;till=Stånga</loc><changefreq>monthly</changefreq></url>
Helsingborg,Storfors,1325,977,Avståndet mellan Helsingborg och Storfors är 1325 km och Karl-Johan Gyllenstorm beräknade körtiden till cirka 977 minuter.,<url><loc>https://pendlings-app1.t-767929534-cloudflare.workers.dev/?fran=Helsingborg&amp;till=Storfors</loc><changefreq>monthly</changefreq></url>
Skellefteå,Vilhelmina,478,361,Avståndet mellan Skellefteå och Vilhelmina är 478 km och Karl-Johan Gyllenstorm beräknade körtiden till cirka 361 minuter.,<url><loc>https://pendlings-app1.t-767929534-cloudflare.workers.dev/?fran=Skellefteå&amp;till=Vilhelmina</loc><changefreq>monthly</changefreq></url>
Stockholm,Osby,689,521,Avståndet mellan Stockholm och Osby är 689 km och Karl-Johan Gyllenstorm beräknade körtiden till cirka 521 minuter.,<url><loc>https://pendlings-app1.t-767929534-cloudflare.workers.dev/?fran=Stockholm&amp;till=Osby</loc><changefreq>monthly</changefreq></url>
Roma,Örnsköldsvik,1277,949,Avståndet mellan Roma och Örnsköldsvik är 1277 km och Karl-Johan Gyllenstorm beräknade körtiden till cirka 949 minuter.,<url><loc>https://pendlings-app1.t-767929534-cloudflare.workers.dev/?fran=Roma&amp;till=Örnsköldsvik</loc><changefreq>monthly</changefreq></url>
Södertälje,Lysekil,1272,834,Avståndet mellan Södertälje och Lysekil är 1272 km och Karl-Johan Gyllenstorm beräknade körtiden till cirka 834 minuter.,<url><loc>https://pendlings-app1.t-767929534-cloudflare.workers.dev/?fran=Södertälje&amp;till=Lysekil</loc><changefreq>monthly</changefreq></url>
Borgholm,Eksjö,1229,884,Avståndet mellan Borgholm och Eksjö är 1229 km och Karl-Johan Gyllenstorm beräknade körtiden till cirka 884 minuter.,<url><loc>https://pendlings-app1.t-767929534-cloudflare.workers.dev/?fran=Borgholm&amp;till=Eksjö</loc><changefreq>monthly</changefreq></url>
Tierp,Storfors,1244,915,Avståndet mellan Tierp och Storfors är 1244 km och Karl-Johan Gyllenstorm beräknade körtiden till cirka 915 minuter.,<url><loc>https://pendlings-app1.t-767929534-cloudflare.workers.dev/?fran=Tierp&amp;till=Storfors</loc><changefreq>monthly</changefreq></url>
Årjäng,Trosa,821,583,Avståndet mellan Årjäng och Trosa är 821 km och Karl-Johan Gyllenstorm beräknade körtiden till cirka 583 minuter.,<url><loc>https://pendlings-app1.t-767929534-cloudflare.workers.dev/?fran=Årjäng&amp;till=Trosa</loc><changefreq>monthly</changefreq></url>
Kiruna,Svedala,1167,930,Avståndet mellan Kiruna och Svedala är 1167 km och Karl-Johan Gyllenstorm beräknade körtiden till cirka 930 minuter.,<url><loc>https://pendlings-app1.t-767929534-cloudflare.workers.dev/?fran=Kiruna&amp;till=Svedala</loc><changefreq>monthly</changefreq></url>
Skara,Charlottenberg,722,532,Avståndet mellan Skara och Charlottenberg är 722 km och Karl-Johan Gyllenstorm beräknade körtiden till cirka 532 minuter.,<url><loc>https://pendlings-app1.t-767929534-cloudflare.workers.dev/?fran=Skara&amp;till=Charlottenberg</loc><changefreq>monthly</changefreq></url>
Hultsfred,Hemse,935,719,Avståndet mellan Hultsfred och Hemse är 935 km och Karl-Johan Gyllenstorm beräknade körtiden till cirka 719 minuter.,<url><loc>https://pendlings-app1.t-767929534-cloudflare.workers.dev/?fran=Hultsfred&amp;till=Hemse</loc><changefreq>monthly</changefreq></url>
Söderköping,Arboga,1046,792,Avståndet mellan Söderköping och Arboga är 1046 km och Karl-Johan Gyllenstorm beräknade körtiden till cirka 792 minuter.,<url><loc>https://pendlings-app1.t-767929534-cloudflare.workers.dev/?fran=Söderköping&amp;till=Arboga</loc><changefreq>monthly</changefreq></url>
Havdhem,Tranemo,373,253,Avståndet mellan Havdhem och Tranemo är 373 km och Karl-Johan Gyllenstorm beräknade körtiden till cirka 253 minuter.,<url><loc>https://pendlings-app1.t-767929534-cloudflare.workers.dev/?fran=Havdhem&amp;till=Tranemo</loc><changefreq>monthly</changefreq></url>
Ragunda,Borgholm,548,396,Avståndet mellan Ragunda och Borgholm är 548 km och Karl-Johan Gyllenstorm beräknade körtiden till cirka 396 minuter.,<url><loc>https://pendlings-app1.t-767929534-cloudflare.workers.dev/?fran=Ragunda&amp;till=Borgholm</loc><changefreq>monthly</changefreq></url>
Vara,Alingsås,1378,898,Avståndet mellan Vara och Alingsås är 1378 km och Karl-Johan Gyllenstorm beräknade körtiden till cirka 898 minuter.,<url><loc>https://pendlings-app1.t-767929534-cloudflare.workers.dev/?fran=Vara&amp;till=Alingsås</loc><changefreq>monthly</changefreq></url>
Havdhem,Arvika,185,127,Avståndet mellan Havdhem och Arvika är 185 km och Karl-Johan Gyllenstorm beräknade körtiden till cirka 127 minuter.,<url><loc>https://pendlings-app1.t-767929534-cloudflare.workers.dev/?fran=Havdhem&amp;till=Arvika</loc><changefreq>monthly</changefreq></url>
Örnsköldsvik,Ödeshög,1174,744,Avståndet mellan Örnsköldsvik och Ödeshög är 1174 km och Karl-Johan Gyllenstorm beräknade körtiden till cirka 744 minuter.,<url><loc>https://pendlings-app1.t-767929534-cloudflare.workers.dev/?fran=Örnsköldsvik&amp;till=Ödeshög</loc><changefreq>monthly</changefreq></url>
Norberg,Visby,195,148,Avståndet mellan Norberg och Visby är 195 km och Karl-Johan Gyllenstorm beräknade körtiden till cirka 148 minuter.,<url><loc>https://pendlings-app1.t-767929534-cloudflare.workers.dev/?fran=Norberg&amp;till=Visby</loc><changefreq>monthly</changefreq></url>
Bräcke,Svenljunga,1109,808,Avståndet mellan Bräcke och Svenljunga är 1109 km och Karl-Johan Gyllenstorm beräknade körtiden till cirka 808 minuter.,<url><loc>https://pendlings-app1.t-767929534-cloudflare.workers.dev/?fran=Bräcke&amp;till=Svenljunga</loc><changefreq>monthly</changefreq></url>
Mönsterås,Strömsund,622,415,Avståndet mellan Mönsterås och Strömsund är 622 km och Karl-Johan Gyllenstorm beräknade körtiden till cirka 415 minuter.,<url><loc>https://pendlings-app1.t-767929534-cloudflare.workers.dev/?fran=Mönsterås&amp;till=Strömsund</loc><changefreq>monthly</changefreq></url>
Huddinge,Haparanda,949,643,Avståndet mellan Huddinge och Haparanda är 949 km och Karl-Johan Gyllenstorm beräknade körtiden till cirka 643 minuter.,<url><loc>https://pendlings-app1.t-767929534-cloudflare.workers.dev/?fran=Huddinge&amp;till=Haparanda</loc><changefreq>monthly</changefreq></url>
Arvika,Kiruna,85,65,Avståndet mellan Arvika och Kiruna är 85 km och Karl-Johan Gyllenstorm beräknade körtiden till cirka 65 minuter.,<url><loc>https://pendlings-app1.t-767929534-cloudflare.workers.dev/?fran=Arvika&amp;till=Kiruna</loc><changefreq>monthly</changefreq></url>
Vänersborg,Vingåker,1222,936,Avståndet mellan Vänersborg och Vingåker är 1222 km och Karl-Johan Gyllenstorm beräknade körtiden till cirka 936 minuter.,<url><loc>https://pendlings-app1.t-767929534-cloudflare.workers.dev/?fran=Vänersborg&amp;till=Vingåker</loc><changefreq>monthly</changefreq></url>
Ockelbo,Tomelilla,745,518,Avståndet mellan Ockelbo och Tomelilla är 745 km och Karl-Johan Gyllenstorm beräknade körtiden till cirka 518 minuter.,<url><loc>https://pendlings-app1.t-767929534-cloudflare.workers.dev/?fran=Ockelbo&amp;till=Tomelilla</loc><changefreq>monthly</changefreq></url>
Oskarshamn,Lekeberg,875,553,Avståndet mellan Oskarshamn och Lekeberg är 875 km och Karl-Johan Gyllenstorm beräknade körtiden till cirka 553 minuter.,<url><loc>https://pendlings-app1.t-767929534-cloudflare.workers.dev/?fran=Oskarshamn&amp;till=Lekeberg</loc><changefreq>monthly</changefreq></url>
Årjäng,Tingstäde,72,48,Avståndet mellan Årjäng och Tingstäde är 72 km och Karl-Johan Gyllenstorm beräknade körtiden till cirka 48 minuter.,<url><loc>https://pendlings-app1.t-767929534-cloudflare.workers.dev/?fran=Årjäng&amp;till=Tingstäde</loc><changefreq>monthly</changefreq></url>
Vansbro,Svedala,606,422,Avståndet mellan Vansbro och Svedala är 606 km och Karl-Johan Gyllenstorm beräknade körtiden till cirka 422 minuter.,<url><loc>https://pendlings-app1.t-767929534-cloudflare.workers.dev/?fran=Vansbro&amp;till=Svedala</loc><changefreq>monthly</changefreq></url>
Habon,Gnosjö,1030,652,Avståndet mellan Habon och Gnosjö är 1030 km och Karl-Johan Gyllenstorm beräknade körtiden till cirka 652 minuter.,<url><loc>https://pendlings-app1.t-767929534-cloudflare.workers.dev/?fran=Habon&amp;till=Gnosjö</loc><changefreq>monthly</changefreq></url>
Svalöv,Osby,793,509,Avståndet mellan Svalöv och Osby är 793 km och Karl-Johan Gyllenstorm beräknade körtiden till cirka 509 minuter.,<url><loc>https://pendlings-app1.t-767929534-cloudflare.workers.dev/?fran=Svalöv&amp;till=Osby</loc><changefreq>monthly</changefreq></url>
Finspång,Älvdalen,294,214,Avståndet mellan Finspång och Älvdalen är 294 km och Karl-Johan Gyllenstorm beräknade körtiden till cirka 214 minuter.,<url><loc>https://pendlings-app1.t-767929534-cloudflare.workers.dev/?fran=Finspång&amp;till=Älvdalen</loc><changefreq>monthly</changefreq></url>
Söderhamn,Krokom,277,216,Avståndet mellan Söderhamn och Krokom är 277 km och Karl-Johan Gyllenstorm beräknade körtiden till cirka 216 minuter.,<url><loc>https://pendlings-app1.t-767929534-cloudflare.workers.dev/?fran=Söderhamn&amp;till=Krokom</loc><changefreq>monthly</changefreq></url>
Vilhelmina,Tranås,472,357,Avståndet mellan Vilhelmina och Tranås är 472 km och Karl-Johan Gyllenstorm beräknade körtiden till cirka 357 minuter.,<url><loc>https://pendlings-app1.t-767929534-cloudflare.workers.dev/?fran=Vilhelmina&amp;till=Tranås</loc><changefreq>monthly</changefreq></url>
Malung,Kiruna,251,174,Avståndet mellan Malung och Kiruna är 251 km och Karl-Johan Gyllenstorm beräknade körtiden till cirka 174 minuter.,<url><loc>https://pendlings-app1.t-767929534-cloudflare.workers.dev/?fran=Malung&amp;till=Kiruna</loc><changefreq>monthly</changefreq></url>
Östersund,Sala,390,254,Avståndet mellan Östersund och Sala är 390 km och Karl-Johan Gyllenstorm beräknade körtiden till cirka 254 minuter.,<url><loc>https://pendlings-app1.t-767929534-cloudflare.workers.dev/?fran=Östersund&amp;till=Sala</loc><changefreq>monthly</changefreq></url>
Smedjebacken,Eslöv,846,590,Avståndet mellan Smedjebacken och Eslöv är 846 km och Karl-Johan Gyllenstorm beräknade körtiden till cirka 590 minuter.,<url><loc>https://pendlings-app1.t-767929534-cloudflare.workers.dev/?fran=Smedjebacken&amp;till=Eslöv</loc><changefreq>monthly</changefreq></url>
Falköping,Sandviken,745,497,Avståndet mellan Falköping och Sandviken är 745 km och Karl-Johan Gyllenstorm beräknade körtiden till cirka 497 minuter.,<url><loc>https://pendlings-app1.t-767929534-cloudflare.workers.dev/?fran=Falköping&amp;till=Sandviken</loc><changefreq>monthly</changefreq></url>
Mark,Oxelösund,881,568,Avståndet mellan Mark och Oxelösund är 881 km och Karl-Johan Gyllenstorm beräknade körtiden till cirka 568 minuter.,<url><loc>https://pendlings-app1.t-767929534-cloudflare.workers.dev/?fran=Mark&amp;till=Oxelösund</loc><changefreq>monthly</changefreq></url>
Karlskoga,Lekeberg,596,439,Avståndet mellan Karlskoga och Lekeberg är 596 km och Karl-Johan Gyllenstorm beräknade körtiden till cirka 439 minuter.,<url><loc>https://pendlings-app1.t-767929534-cloudflare.workers.dev/?fran=Karlskoga&amp;till=Lekeberg</loc><changefreq>monthly</changefreq></url>
Ronehamn,Åre,768,526,Avståndet mellan Ronehamn och Åre är 768 km och Karl-Johan Gyllenstorm beräknade körtiden till cirka 526 minuter.,<url><loc>https://pendlings-app1.t-767929534-cloudflare.workers.dev/?fran=Ronehamn&amp;till=Åre</loc><changefreq>monthly</changefreq></url>
Tranemo,Strängnäs,1385,896,Avståndet mellan Tranemo och Strängnäs är 1385 km och Karl-Johan Gyllenstorm beräknade körtiden till cirka 896 minuter.,<url><loc>https://pendlings-app1.t-767929534-cloudflare.workers.dev/?fran=Tranemo&amp;till=Strängnäs</loc><changefreq>monthly</changefreq></url>
Arvidsjaur,Hörby,1321,878,Avståndet mellan Arvidsjaur och Hörby är 1321 km och Karl-Johan Gyllenstorm beräknade körtiden till cirka 878 minuter.,<url><loc>https://pendlings-app1.t-767929534-cloudflare.workers.dev/?fran=Arvidsjaur&amp;till=Hörby</loc><changefreq>monthly</changefreq></url>
Karlskoga,Götene,675,476,Avståndet mellan Karlskoga och Götene är 675 km och Karl-Johan Gyllenstorm beräknade körtiden till cirka 476 minuter.,<url><loc>https://pendlings-app1.t-767929534-cloudflare.workers.dev/?fran=Karlskoga&amp;till=Götene</loc><changefreq>monthly</changefreq></url>
Norrköping,Gnestad,1115,808,Avståndet mellan Norrköping och Gnestad är 1115 km och Karl-Johan Gyllenstorm beräknade körtiden till cirka 808 minuter.,<url><loc>https://pendlings-app1.t-767929534-cloudflare.workers.dev/?fran=Norrköping&amp;till=Gnestad</loc><changefreq>monthly</changefreq></url>
Skövde,Katrineholm,852,602,Avståndet mellan Skövde och Katrineholm är 852 km och Karl-Johan Gyllenstorm beräknade körtiden till cirka 602 minuter.,<url><loc>https://pendlings-app1.t-767929534-cloudflare.workers.dev/?fran=Skövde&amp;till=Katrineholm</loc><changefreq>monthly</changefreq></url>
Aneby,Lindesberg,975,725,Avståndet mellan Aneby och Lindesberg är 975 km och Karl-Johan Gyllenstorm beräknade körtiden till cirka 725 minuter.,<url><loc>https://pendlings-app1.t-767929534-cloudflare.workers.dev/?fran=Aneby&amp;till=Lindesberg</loc><changefreq>monthly</changefreq></url>
Hällefor,Lomma,945,726,Avståndet mellan Hällefor och Lomma är 945 km och Karl-Johan Gyllenstorm beräknade körtiden till cirka 726 minuter.,<url><loc>https://pendlings-app1.t-767929534-cloudflare.workers.dev/?fran=Hällefor&amp;till=Lomma</loc><changefreq>monthly</changefreq></url>
Oskarshamn,Klippan,388,280,Avståndet mellan Oskarshamn och Klippan är 388 km och Karl-Johan Gyllenstorm beräknade körtiden till cirka 280 minuter.,<url><loc>https://pendlings-app1.t-767929534-cloudflare.workers.dev/?fran=Oskarshamn&amp;till=Klippan</loc><changefreq>monthly</changefreq></url>
Hedemora,Uppsala,31,22,Avståndet mellan Hedemora och Uppsala är 31 km och Karl-Johan Gyllenstorm beräknade körtiden till cirka 22 minuter.,<url><loc>https://pendlings-app1.t-767929534-cloudflare.workers.dev/?fran=Hedemora&amp;till=Uppsala</loc><changefreq>monthly</changefreq></url>
Bromölla,Munkfors,709,471,Avståndet mellan Bromölla och Munkfors är 709 km och Karl-Johan Gyllenstorm beräknade körtiden till cirka 471 minuter.,<url><loc>https://pendlings-app1.t-767929534-cloudflare.workers.dev/?fran=Bromölla&amp;till=Munkfors</loc><changefreq>monthly</changefreq></url>
Aneby,Ronehamn,1368,1046,Avståndet mellan Aneby och Ronehamn är 1368 km och Karl-Johan Gyllenstorm beräknade körtiden till cirka 1046 minuter.,<url><loc>https://pendlings-app1.t-767929534-cloudflare.workers.dev/?fran=Aneby&amp;till=Ronehamn</loc><changefreq>monthly</changefreq></url>
Rättvik,Askersund,226,164,Avståndet mellan Rättvik och Askersund är 226 km och Karl-Johan Gyllenstorm beräknade körtiden till cirka 164 minuter.,<url><loc>https://pendlings-app1.t-767929534-cloudflare.workers.dev/?fran=Rättvik&amp;till=Askersund</loc><changefreq>monthly</changefreq></url>
Berg,Vadstena,1362,980,Avståndet mellan Berg och Vadstena är 1362 km och Karl-Johan Gyllenstorm beräknade körtiden till cirka 980 minuter.,<url><loc>https://pendlings-app1.t-767929534-cloudflare.workers.dev/?fran=Berg&amp;till=Vadstena</loc><changefreq>monthly</changefreq></url>
Örnsköldsvik,Pajala,881,635,Avståndet mellan Örnsköldsvik och Pajala är 881 km och Karl-Johan Gyllenstorm beräknade körtiden till cirka 635 minuter.,<url><loc>https://pendlings-app1.t-767929534-cloudflare.workers.dev/?fran=Örnsköldsvik&amp;till=Pajala</loc><changefreq>monthly</changefreq></url>
Kristianstad,Lycksele,1328,1054,Avståndet mellan Kristianstad och Lycksele är 1328 km och Karl-Johan Gyllenstorm beräknade körtiden till cirka 1054 minuter.,<url><loc>https://pendlings-app1.t-767929534-cloudflare.workers.dev/?fran=Kristianstad&amp;till=Lycksele</loc><changefreq>monthly</changefreq></url>
Vellinge,Olofström,484,373,Avståndet mellan Vellinge och Olofström är 484 km och Karl-Johan Gyllenstorm beräknade körtiden till cirka 373 minuter.,<url><loc>https://pendlings-app1.t-767929534-cloudflare.workers.dev/?fran=Vellinge&amp;till=Olofström</loc><changefreq>monthly</changefreq></url>
Mora,Hemse,1294,913,Avståndet mellan Mora och Hemse är 1294 km och Karl-Johan Gyllenstorm beräknade körtiden till cirka 913 minuter.,<url><loc>https://pendlings-app1.t-767929534-cloudflare.workers.dev/?fran=Mora&amp;till=Hemse</loc><changefreq>monthly</changefreq></url>
Kungsbacka,Ånge,189,130,Avståndet mellan Kungsbacka och Ånge är 189 km och Karl-Johan Gyllenstorm beräknade körtiden till cirka 130 minuter.,<url><loc>https://pendlings-app1.t-767929534-cloudflare.workers.dev/?fran=Kungsbacka&amp;till=Ånge</loc><changefreq>monthly</changefreq></url>
Sorsele,Norberg,862,551,Avståndet mellan Sorsele och Norberg är 862 km och Karl-Johan Gyllenstorm beräknade körtiden till cirka 551 minuter.,<url><loc>https://pendlings-app1.t-767929534-cloudflare.workers.dev/?fran=Sorsele&amp;till=Norberg</loc><changefreq>monthly</changefreq></url>
Staffanstorp,Söderhamn,690,475,Avståndet mellan Staffanstorp och Söderhamn är 690 km och Karl-Johan Gyllenstorm beräknade körtiden till cirka 475 minuter.,<url><loc>https://pendlings-app1.t-767929534-cloudflare.workers.dev/?fran=Staffanstorp&amp;till=Söderhamn</loc><changefreq>monthly</changefreq></url>
Kopparberg,Perstorp,365,254,Avståndet mellan Kopparberg och Perstorp är 365 km och Karl-Johan Gyllenstorm beräknade körtiden till cirka 254 minuter.,<url><loc>https://pendlings-app1.t-767929534-cloudflare.workers.dev/?fran=Kopparberg&amp;till=Perstorp</loc><changefreq>monthly</changefreq></url>
Svenljunga,Götene,991,670,Avståndet mellan Svenljunga och Götene är 991 km och Karl-Johan Gyllenstorm beräknade körtiden till cirka 670 minuter.,<url><loc>https://pendlings-app1.t-767929534-cloudflare.workers.dev/?fran=Svenljunga&amp;till=Götene</loc><changefreq>monthly</changefreq></url>
Ockelbo,Dorotea,783,623,Avståndet mellan Ockelbo och Dorotea är 783 km och Karl-Johan Gyllenstorm beräknade körtiden till cirka 623 minuter.,<url><loc>https://pendlings-app1.t-767929534-cloudflare.workers.dev/?fran=Ockelbo&amp;till=Dorotea</loc><changefreq>monthly</changefreq></url>
Kalmar,Mönsterås,1256,813,Avståndet mellan Kalmar och Mönsterås är 1256 km och Karl-Johan Gyllenstorm beräknade körtiden till cirka 813 minuter.,<url><loc>https://pendlings-app1.t-767929534-cloudflare.workers.dev/?fran=Kalmar&amp;till=Mönsterås</loc><changefreq>monthly</changefreq></url>
Sälen,Jönköping,1364,989,Avståndet mellan Sälen och Jönköping är 1364 km och Karl-Johan Gyllenstorm beräknade körtiden till cirka 989 minuter.,<url><loc>https://pendlings-app1.t-767929534-cloudflare.workers.dev/?fran=Sälen&amp;till=Jönköping</loc><changefreq>monthly</changefreq></url>
Boden,Hedemora,1072,697,Avståndet mellan Boden och Hedemora är 1072 km och Karl-Johan Gyllenstorm beräknade körtiden till cirka 697 minuter.,<url><loc>https://pendlings-app1.t-767929534-cloudflare.workers.dev/?fran=Boden&amp;till=Hedemora</loc><changefreq>monthly</changefreq></url>
Eda,Vilhelmina,355,253,Avståndet mellan Eda och Vilhelmina är 355 km och Karl-Johan Gyllenstorm beräknade körtiden till cirka 253 minuter.,<url><loc>https://pendlings-app1.t-767929534-cloudflare.workers.dev/?fran=Eda&amp;till=Vilhelmina</loc><changefreq>monthly</changefreq></url>
Töreboda,Mark,515,394,Avståndet mellan Töreboda och Mark är 515 km och Karl-Johan Gyllenstorm beräknade körtiden till cirka 394 minuter.,<url><loc>https://pendlings-app1.t-767929534-cloudflare.workers.dev/?fran=Töreboda&amp;till=Mark</loc><changefreq>monthly</changefreq></url>
Luleå,Smedjebacken,434,320,Avståndet mellan Luleå och Smedjebacken är 434 km och Karl-Johan Gyllenstorm beräknade körtiden till cirka 320 minuter.,<url><loc>https://pendlings-app1.t-767929534-cloudflare.workers.dev/?fran=Luleå&amp;till=Smedjebacken</loc><changefreq>monthly</changefreq></url>
Landskrona,Gällivare,625,492,Avståndet mellan Landskrona och Gällivare är 625 km och Karl-Johan Gyllenstorm beräknade körtiden till cirka 492 minuter.,<url><loc>https://pendlings-app1.t-767929534-cloudflare.workers.dev/?fran=Landskrona&amp;till=Gällivare</loc><changefreq>monthly</changefreq></url>
Gnestad,Sundsvall,88,67,Avståndet mellan Gnestad och Sundsvall är 88 km och Karl-Johan Gyllenstorm beräknade körtiden till cirka 67 minuter.,<url><loc>https://pendlings-app1.t-767929534-cloudflare.workers.dev/?fran=Gnestad&amp;till=Sundsvall</loc><changefreq>monthly</changefreq></url>
Kungsör,Bålsta,969,691,Avståndet mellan Kungsör och Bålsta är 969 km och Karl-Johan Gyllenstorm beräknade körtiden till cirka 691 minuter.,<url><loc>https://pendlings-app1.t-767929534-cloudflare.workers.dev/?fran=Kungsör&amp;till=Bålsta</loc><changefreq>monthly</changefreq></url>
Arvika,Trosa,1425,982,Avståndet mellan Arvika och Trosa är 1425 km och Karl-Johan Gyllenstorm beräknade körtiden till cirka 982 minuter.,<url><loc>https://pendlings-app1.t-767929534-cloudflare.workers.dev/?fran=Arvika&amp;till=Trosa</loc><changefreq>monthly</changefreq></url>
Essunga,Strömsund,520,343,Avståndet mellan Essunga och Strömsund är 520 km och Karl-Johan Gyllenstorm beräknade körtiden till cirka 343 minuter.,<url><loc>https://pendlings-app1.t-767929534-cloudflare.workers.dev/?fran=Essunga&amp;till=Strömsund</loc><changefreq>monthly</changefreq></url>
Jokkmokk,Grums,969,684,Avståndet mellan Jokkmokk och Grums är 969 km och Karl-Johan Gyllenstorm beräknade körtiden till cirka 684 minuter.,<url><loc>https://pendlings-app1.t-767929534-cloudflare.workers.dev/?fran=Jokkmokk&amp;till=Grums</loc><changefreq>monthly</changefreq></url>
Ödeshög,Vara,252,166,Avståndet mellan Ödeshög och Vara är 252 km och Karl-Johan Gyllenstorm beräknade körtiden till cirka 166 minuter.,<url><loc>https://pendlings-app1.t-767929534-cloudflare.workers.dev/?fran=Ödeshög&amp;till=Vara</loc><changefreq>monthly</changefreq></url>
Laholm,Klippan,703,456,Avståndet mellan Laholm och Klippan är 703 km och Karl-Johan Gyllenstorm beräknade körtiden till cirka 456 minuter.,<url><loc>https://pendlings-app1.t-767929534-cloudflare.workers.dev/?fran=Laholm&amp;till=Klippan</loc><changefreq>monthly</changefreq></url>
Ludvika,Åtvidaberg,351,264,Avståndet mellan Ludvika och Åtvidaberg är 351 km och Karl-Johan Gyllenstorm beräknade körtiden till cirka 264 minuter.,<url><loc>https://pendlings-app1.t-767929534-cloudflare.workers.dev/?fran=Ludvika&amp;till=Åtvidaberg</loc><changefreq>monthly</changefreq></url>
Eskilstuna,Götene,168,134,Avståndet mellan Eskilstuna och Götene är 168 km och Karl-Johan Gyllenstorm beräknade körtiden till cirka 134 minuter.,<url><loc>https://pendlings-app1.t-767929534-cloudflare.workers.dev/?fran=Eskilstuna&amp;till=Götene</loc><changefreq>monthly</changefreq></url>
Mönsterås,Hallsberg,91,62,Avståndet mellan Mönsterås och Hallsberg är 91 km och Karl-Johan Gyllenstorm beräknade körtiden till cirka 62 minuter.,<url><loc>https://pendlings-app1.t-767929534-cloudflare.workers.dev/?fran=Mönsterås&amp;till=Hallsberg</loc><changefreq>monthly</changefreq></url>
Kungsör,Trollhättan,857,557,Avståndet mellan Kungsör och Trollhättan är 857 km och Karl-Johan Gyllenstorm beräknade körtiden till cirka 557 minuter.,<url><loc>https://pendlings-app1.t-767929534-cloudflare.workers.dev/?fran=Kungsör&amp;till=Trollhättan</loc><changefreq>monthly</changefreq></url>
Hagfors,Lomma,987,642,Avståndet mellan Hagfors och Lomma är 987 km och Karl-Johan Gyllenstorm beräknade körtiden till cirka 642 minuter.,<url><loc>https://pendlings-app1.t-767929534-cloudflare.workers.dev/?fran=Hagfors&amp;till=Lomma</loc><changefreq>monthly</changefreq></url>
Tomelilla,Skurup,169,112,Avståndet mellan Tomelilla och Skurup är 169 km och Karl-Johan Gyllenstorm beräknade körtiden till cirka 112 minuter.,<url><loc>https://pendlings-app1.t-767929534-cloudflare.workers.dev/?fran=Tomelilla&amp;till=Skurup</loc><changefreq>monthly</changefreq></url>
Vänersborg,Bjuv,557,361,Avståndet mellan Vänersborg och Bjuv är 557 km och Karl-Johan Gyllenstorm beräknade körtiden till cirka 361 minuter.,<url><loc>https://pendlings-app1.t-767929534-cloudflare.workers.dev/?fran=Vänersborg&amp;till=Bjuv</loc><changefreq>monthly</changefreq></url>
Krokom,Högsby,1125,872,Avståndet mellan Krokom och Högsby är 1125 km och Karl-Johan Gyllenstorm beräknade körtiden till cirka 872 minuter.,<url><loc>https://pendlings-app1.t-767929534-cloudflare.workers.dev/?fran=Krokom&amp;till=Högsby</loc><changefreq>monthly</changefreq></url>
Karlstad,Ånge,1268,865,Avståndet mellan Karlstad och Ånge är 1268 km och Karl-Johan Gyllenstorm beräknade körtiden till cirka 865 minuter.,<url><loc>https://pendlings-app1.t-767929534-cloudflare.workers.dev/?fran=Karlstad&amp;till=Ånge</loc><changefreq>monthly</changefreq></url>
Luleå,Falköping,1118,751,Avståndet mellan Luleå och Falköping är 1118 km och Karl-Johan Gyllenstorm beräknade körtiden till cirka 751 minuter.,<url><loc>https://pendlings-app1.t-767929534-cloudflare.workers.dev/?fran=Luleå&amp;till=Falköping</loc><changefreq>monthly</changefreq></url>
Roma,Arvidsjaur,923,654,Avståndet mellan Roma och Arvidsjaur är 923 km och Karl-Johan Gyllenstorm beräknade körtiden till cirka 654 minuter.,<url><loc>https://pendlings-app1.t-767929534-cloudflare.workers.dev/?fran=Roma&amp;till=Arvidsjaur</loc><changefreq>monthly</changefreq></url>
Perstorp,Herrljunga,147,109,Avståndet mellan Perstorp och Herrljunga är 147 km och Karl-Johan Gyllenstorm beräknade körtiden till cirka 109 minuter.,<url><loc>https://pendlings-app1.t-767929534-cloudflare.workers.dev/?fran=Perstorp&amp;till=Herrljunga</loc><changefreq>monthly</changefreq></url>
Sotenäs,Grästorp,840,550,Avståndet mellan Sotenäs och Grästorp är 840 km och Karl-Johan Gyllenstorm beräknade körtiden till cirka 550 minuter.,<url><loc>https://pendlings-app1.t-767929534-cloudflare.workers.dev/?fran=Sotenäs&amp;till=Grästorp</loc><changefreq>monthly</changefreq></url>
Munkedal,Lomma,106,77,Avståndet mellan Munkedal och Lomma är 106 km och Karl-Johan Gyllenstorm beräknade körtiden till cirka 77 minuter.,<url><loc>https://pendlings-app1.t-767929534-cloudflare.workers.dev/?fran=Munkedal&amp;till=Lomma</loc><changefreq>monthly</changefreq></url>
Överkalix,Varberg,1072,734,Avståndet mellan Överkalix och Varberg är 1072 km och Karl-Johan Gyllenstorm beräknade körtiden till cirka 734 minuter.,<url><loc>https://pendlings-app1.t-767929534-cloudflare.workers.dev/?fran=Överkalix&amp;till=Varberg</loc><changefreq>monthly</changefreq></url>
Staffanstorp,Norrköping,926,665,Avståndet mellan Staffanstorp och Norrköping är 926 km och Karl-Johan Gyllenstorm beräknade körtiden till cirka 665 minuter.,<url><loc>https://pendlings-app1.t-767929534-cloudflare.workers.dev/?fran=Staffanstorp&amp;till=Norrköping</loc><changefreq>monthly</changefreq></url>
Hässleholm,Kumla,279,217,Avståndet mellan Hässleholm och Kumla är 279 km och Karl-Johan Gyllenstorm beräknade körtiden till cirka 217 minuter.,<url><loc>https://pendlings-app1.t-767929534-cloudflare.workers.dev/?fran=Hässleholm&amp;till=Kumla</loc><changefreq>monthly</changefreq></url>
Grums,Höganäs,562,374,Avståndet mellan Grums och Höganäs är 562 km och Karl-Johan Gyllenstorm beräknade körtiden till cirka 374 minuter.,<url><loc>https://pendlings-app1.t-767929534-cloudflare.workers.dev/?fran=Grums&amp;till=Höganäs</loc><changefreq>monthly</changefreq></url>
Hässleholm,Malung,1212,807,Avståndet mellan Hässleholm och Malung är 1212 km och Karl-Johan Gyllenstorm beräknade körtiden till cirka 807 minuter.,<url><loc>https://pendlings-app1.t-767929534-cloudflare.workers.dev/?fran=Hässleholm&amp;till=Malung</loc><changefreq>monthly</changefreq></url>
Karlstad,Båstad,253,170,Avståndet mellan Karlstad och Båstad är 253 km och Karl-Johan Gyllenstorm beräknade körtiden till cirka 170 minuter.,<url><loc>https://pendlings-app1.t-767929534-cloudflare.workers.dev/?fran=Karlstad&amp;till=Båstad</loc><changefreq>monthly</changefreq></url>
Laholm,Jokkmokk,775,559,Avståndet mellan Laholm och Jokkmokk är 775 km och Karl-Johan Gyllenstorm beräknade körtiden till cirka 559 minuter.,<url><loc>https://pendlings-app1.t-767929534-cloudflare.workers.dev/?fran=Laholm&amp;till=Jokkmokk</loc><changefreq>monthly</changefreq></url>
Oskarshamn,Bålsta,720,555,Avståndet mellan Oskarshamn och Bålsta är 720 km och Karl-Johan Gyllenstorm beräknade körtiden till cirka 555 minuter.,<url><loc>https://pendlings-app1.t-767929534-cloudflare.workers.dev/?fran=Oskarshamn&amp;till=Bålsta</loc><changefreq>monthly</changefreq></url>
Fårösund,Lärbro,522,345,Avståndet mellan Fårösund och Lärbro är 522 km och Karl-Johan Gyllenstorm beräknade körtiden till cirka 345 minuter.,<url><loc>https://pendlings-app1.t-767929534-cloudflare.workers.dev/?fran=Fårösund&amp;till=Lärbro</loc><changefreq>monthly</changefreq></url>
Sundsvall,Högsby,455,340,Avståndet mellan Sundsvall och Högsby är 455 km och Karl-Johan Gyllenstorm beräknade körtiden till cirka 340 minuter.,<url><loc>https://pendlings-app1.t-767929534-cloudflare.workers.dev/?fran=Sundsvall&amp;till=Högsby</loc><changefreq>monthly</changefreq></url>
Vänersborg,Skurup,700,478,Avståndet mellan Vänersborg och Skurup är 700 km och Karl-Johan Gyllenstorm beräknade körtiden till cirka 478 minuter.,<url><loc>https://pendlings-app1.t-767929534-cloudflare.workers.dev/?fran=Vänersborg&amp;till=Skurup</loc><changefreq>monthly</changefreq></url>
Kungsbacka,Vetlanda,176,125,Avståndet mellan Kungsbacka och Vetlanda är 176 km och Karl-Johan Gyllenstorm beräknade körtiden till cirka 125 minuter.,<url><loc>https://pendlings-app1.t-767929534-cloudflare.workers.dev/?fran=Kungsbacka&amp;till=Vetlanda</loc><changefreq>monthly</changefreq></url>
Överkalix,Kils,1031,687,Avståndet mellan Överkalix och Kils är 1031 km och Karl-Johan Gyllenstorm beräknade körtiden till cirka 687 minuter.,<url><loc>https://pendlings-app1.t-767929534-cloudflare.workers.dev/?fran=Överkalix&amp;till=Kils</loc><changefreq>monthly</changefreq></url>
Landskrona,Eskilstuna,557,408,Avståndet mellan Landskrona och Eskilstuna är 557 km och Karl-Johan Gyllenstorm beräknade körtiden till cirka 408 minuter.,<url><loc>https://pendlings-app1.t-767929534-cloudflare.workers.dev/?fran=Landskrona&amp;till=Eskilstuna</loc><changefreq>monthly</changefreq></url>
Östhammar,Staffanstorp,1436,1027,Avståndet mellan Östhammar och Staffanstorp är 1436 km och Karl-Johan Gyllenstorm beräknade körtiden till cirka 1027 minuter.,<url><loc>https://pendlings-app1.t-767929534-cloudflare.workers.dev/?fran=Östhammar&amp;till=Staffanstorp</loc><changefreq>monthly</changefreq></url>
Lycksele,Höör,947,638,Avståndet mellan Lycksele och Höör är 947 km och Karl-Johan Gyllenstorm beräknade körtiden till cirka 638 minuter.,<url><loc>https://pendlings-app1.t-767929534-cloudflare.workers.dev/?fran=Lycksele&amp;till=Höör</loc><changefreq>monthly</changefreq></url>
Sala,Strömsund,1188,885,Avståndet mellan Sala och Strömsund är 1188 km och Karl-Johan Gyllenstorm beräknade körtiden till cirka 885 minuter.,<url><loc>https://pendlings-app1.t-767929534-cloudflare.workers.dev/?fran=Sala&amp;till=Strömsund</loc><changefreq>monthly</changefreq></url>
Karlskrona,Havdhem,98,65,Avståndet mellan Karlskrona och Havdhem är 98 km och Karl-Johan Gyllenstorm beräknade körtiden till cirka 65 minuter.,<url><loc>https://pendlings-app1.t-767929534-cloudflare.workers.dev/?fran=Karlskrona&amp;till=Havdhem</loc><changefreq>monthly</changefreq></url>
Skellefteå,Sälen,328,230,Avståndet mellan Skellefteå och Sälen är 328 km och Karl-Johan Gyllenstorm beräknade körtiden till cirka 230 minuter.,<url><loc>https://pendlings-app1.t-767929534-cloudflare.workers.dev/?fran=Skellefteå&amp;till=Sälen</loc><changefreq>monthly</changefreq></url>
Mora,Sjöbo,78,59,Avståndet mellan Mora och Sjöbo är 78 km och Karl-Johan Gyllenstorm beräknade körtiden till cirka 59 minuter.,<url><loc>https://pendlings-app1.t-767929534-cloudflare.workers.dev/?fran=Mora&amp;till=Sjöbo</loc><changefreq>monthly</changefreq></url>
Motala,Nora,784,545,Avståndet mellan Motala och Nora är 784 km och Karl-Johan Gyllenstorm beräknade körtiden till cirka 545 minuter.,<url><loc>https://pendlings-app1.t-767929534-cloudflare.workers.dev/?fran=Motala&amp;till=Nora</loc><changefreq>monthly</changefreq></url>
Lysekil,Vetlanda,621,459,Avståndet mellan Lysekil och Vetlanda är 621 km och Karl-Johan Gyllenstorm beräknade körtiden till cirka 459 minuter.,<url><loc>https://pendlings-app1.t-767929534-cloudflare.workers.dev/?fran=Lysekil&amp;till=Vetlanda</loc><changefreq>monthly</changefreq></url>
Härnösand,Karlskrona,349,242,Avståndet mellan Härnösand och Karlskrona är 349 km och Karl-Johan Gyllenstorm beräknade körtiden till cirka 242 minuter.,<url><loc>https://pendlings-app1.t-767929534-cloudflare.workers.dev/?fran=Härnösand&amp;till=Karlskrona</loc><changefreq>monthly</changefreq></url>
Strängnäs,Katrineholm,649,461,Avståndet mellan Strängnäs och Katrineholm är 649 km och Karl-Johan Gyllenstorm beräknade körtiden till cirka 461 minuter.,<url><loc>https://pendlings-app1.t-767929534-cloudflare.workers.dev/?fran=Strängnäs&amp;till=Katrineholm</loc><changefreq>monthly</changefreq></url>
Ludvika,Perstorp,925,627,Avståndet mellan Ludvika och Perstorp är 925 km och Karl-Johan Gyllenstorm beräknade körtiden till cirka 627 minuter.,<url><loc>https://pendlings-app1.t-767929534-cloudflare.workers.dev/?fran=Ludvika&amp;till=Perstorp</loc><changefreq>monthly</changefreq></url>
Surahammar,Kristinehamn,341,228,Avståndet mellan Surahammar och Kristinehamn är 341 km och Karl-Johan Gyllenstorm beräknade körtiden till cirka 228 minuter.,<url><loc>https://pendlings-app1.t-767929534-cloudflare.workers.dev/?fran=Surahammar&amp;till=Kristinehamn</loc><changefreq>monthly</changefreq></url>
Örnsköldsvik,Sävsjö,1448,1120,Avståndet mellan Örnsköldsvik och Sävsjö är 1448 km och Karl-Johan Gyllenstorm beräknade körtiden till cirka 1120 minuter.,<url><loc>https://pendlings-app1.t-767929534-cloudflare.workers.dev/?fran=Örnsköldsvik&amp;till=Sävsjö</loc><changefreq>monthly</changefreq></url>
Timrå,Finspång,1269,942,Avståndet mellan Timrå och Finspång är 1269 km och Karl-Johan Gyllenstorm beräknade körtiden till cirka 942 minuter.,<url><loc>https://pendlings-app1.t-767929534-cloudflare.workers.dev/?fran=Timrå&amp;till=Finspång</loc><changefreq>monthly</changefreq></url>
Herrljunga,Bollnäs,811,607,Avståndet mellan Herrljunga och Bollnäs är 811 km och Karl-Johan Gyllenstorm beräknade körtiden till cirka 607 minuter.,<url><loc>https://pendlings-app1.t-767929534-cloudflare.workers.dev/?fran=Herrljunga&amp;till=Bollnäs</loc><changefreq>monthly</changefreq></url>
Mariestad,Svedala,491,390,Avståndet mellan Mariestad och Svedala är 491 km och Karl-Johan Gyllenstorm beräknade körtiden till cirka 390 minuter.,<url><loc>https://pendlings-app1.t-767929534-cloudflare.workers.dev/?fran=Mariestad&amp;till=Svedala</loc><changefreq>monthly</changefreq></url>
Lärbro,Tofta,458,317,Avståndet mellan Lärbro och Tofta är 458 km och Karl-Johan Gyllenstorm beräknade körtiden till cirka 317 minuter.,<url><loc>https://pendlings-app1.t-767929534-cloudflare.workers.dev/?fran=Lärbro&amp;till=Tofta</loc><changefreq>monthly</changefreq></url>
Arvidsjaur,Avesta,328,227,Avståndet mellan Arvidsjaur och Avesta är 328 km och Karl-Johan Gyllenstorm beräknade körtiden till cirka 227 minuter.,<url><loc>https://pendlings-app1.t-767929534-cloudflare.workers.dev/?fran=Arvidsjaur&amp;till=Avesta</loc><changefreq>monthly</changefreq></url>
Malung,Jönköping,556,405,Avståndet mellan Malung och Jönköping är 556 km och Karl-Johan Gyllenstorm beräknade körtiden till cirka 405 minuter.,<url><loc>https://pendlings-app1.t-767929534-cloudflare.workers.dev/?fran=Malung&amp;till=Jönköping</loc><changefreq>monthly</changefreq></url>
Gnosjö,Laxå,1066,711,Avståndet mellan Gnosjö och Laxå är 1066 km och Karl-Johan Gyllenstorm beräknade körtiden till cirka 711 minuter.,<url><loc>https://pendlings-app1.t-767929534-cloudflare.workers.dev/?fran=Gnosjö&amp;till=Laxå</loc><changefreq>monthly</changefreq></url>
Kopparberg,Hällefor,1083,782,Avståndet mellan Kopparberg och Hällefor är 1083 km och Karl-Johan Gyllenstorm beräknade körtiden till cirka 782 minuter.,<url><loc>https://pendlings-app1.t-767929534-cloudflare.workers.dev/?fran=Kopparberg&amp;till=Hällefor</loc><changefreq>monthly</changefreq></url>
Hörby,Östersund,1291,833,Avståndet mellan Hörby och Östersund är 1291 km och Karl-Johan Gyllenstorm beräknade körtiden till cirka 833 minuter.,<url><loc>https://pendlings-app1.t-767929534-cloudflare.workers.dev/?fran=Hörby&amp;till=Östersund</loc><changefreq>monthly</changefreq></url>
Götene,Klippan,729,498,Avståndet mellan Götene och Klippan är 729 km och Karl-Johan Gyllenstorm beräknade körtiden till cirka 498 minuter.,<url><loc>https://pendlings-app1.t-767929534-cloudflare.workers.dev/?fran=Götene&amp;till=Klippan</loc><changefreq>monthly</changefreq></url>
Sandviken,Hemse,1227,800,Avståndet mellan Sandviken och Hemse är 1227 km och Karl-Johan Gyllenstorm beräknade körtiden till cirka 800 minuter.,<url><loc>https://pendlings-app1.t-767929534-cloudflare.workers.dev/?fran=Sandviken&amp;till=Hemse</loc><changefreq>monthly</changefreq></url>
Tibro,Lycksele,668,469,Avståndet mellan Tibro och Lycksele är 668 km och Karl-Johan Gyllenstorm beräknade körtiden till cirka 469 minuter.,<url><loc>https://pendlings-app1.t-767929534-cloudflare.workers.dev/?fran=Tibro&amp;till=Lycksele</loc><changefreq>monthly</changefreq></url>
Kiruna,Krokom,799,519,Avståndet mellan Kiruna och Krokom är 799 km och Karl-Johan Gyllenstorm beräknade körtiden till cirka 519 minuter.,<url><loc>https://pendlings-app1.t-767929534-cloudflare.workers.dev/?fran=Kiruna&amp;till=Krokom</loc><changefreq>monthly</changefreq></url>
Roma,Pajala,1018,694,Avståndet mellan Roma och Pajala är 1018 km och Karl-Johan Gyllenstorm beräknade körtiden till cirka 694 minuter.,<url><loc>https://pendlings-app1.t-767929534-cloudflare.workers.dev/?fran=Roma&amp;till=Pajala</loc><changefreq>monthly</changefreq></url>
Kopparberg,Avesta,1100,780,Avståndet mellan Kopparberg och Avesta är 1100 km och Karl-Johan Gyllenstorm beräknade körtiden till cirka 780 minuter.,<url><loc>https://pendlings-app1.t-767929534-cloudflare.workers.dev/?fran=Kopparberg&amp;till=Avesta</loc><changefreq>monthly</changefreq></url>
Kramfors,Malå,1016,656,Avståndet mellan Kramfors och Malå är 1016 km och Karl-Johan Gyllenstorm beräknade körtiden till cirka 656 minuter.,<url><loc>https://pendlings-app1.t-767929534-cloudflare.workers.dev/?fran=Kramfors&amp;till=Malå</loc><changefreq>monthly</changefreq></url>
Visby,Norberg,54,37,Avståndet mellan Visby och Norberg är 54 km och Karl-Johan Gyllenstorm beräknade körtiden till cirka 37 minuter.,<url><loc>https://pendlings-app1.t-767929534-cloudflare.workers.dev/?fran=Visby&amp;till=Norberg</loc><changefreq>monthly</changefreq></url>
Storuman,Filipstad,157,115,Avståndet mellan Storuman och Filipstad är 157 km och Karl-Johan Gyllenstorm beräknade körtiden till cirka 115 minuter.,<url><loc>https://pendlings-app1.t-767929534-cloudflare.workers.dev/?fran=Storuman&amp;till=Filipstad</loc><changefreq>monthly</changefreq></url>
Osby,Nora,658,499,Avståndet mellan Osby och Nora är 658 km och Karl-Johan Gyllenstorm beräknade körtiden till cirka 499 minuter.,<url><loc>https://pendlings-app1.t-767929534-cloudflare.workers.dev/?fran=Osby&amp;till=Nora</loc><changefreq>monthly</changefreq></url>
Surahammar,Ulricehamn,332,247,Avståndet mellan Surahammar och Ulricehamn är 332 km och Karl-Johan Gyllenstorm beräknade körtiden till cirka 247 minuter.,<url><loc>https://pendlings-app1.t-767929534-cloudflare.workers.dev/?fran=Surahammar&amp;till=Ulricehamn</loc><changefreq>monthly</changefreq></url>
Knivsta,Umeå,269,183,Avståndet mellan Knivsta och Umeå är 269 km och Karl-Johan Gyllenstorm beräknade körtiden till cirka 183 minuter.,<url><loc>https://pendlings-app1.t-767929534-cloudflare.workers.dev/?fran=Knivsta&amp;till=Umeå</loc><changefreq>monthly</changefreq></url>
Eda,Sollefteå,755,533,Avståndet mellan Eda och Sollefteå är 755 km och Karl-Johan Gyllenstorm beräknade körtiden till cirka 533 minuter.,<url><loc>https://pendlings-app1.t-767929534-cloudflare.workers.dev/?fran=Eda&amp;till=Sollefteå</loc><changefreq>monthly</changefreq></url>
Habon,Kungsbacka,1191,766,Avståndet mellan Habon och Kungsbacka är 1191 km och Karl-Johan Gyllenstorm beräknade körtiden till cirka 766 minuter.,<url><loc>https://pendlings-app1.t-767929534-cloudflare.workers.dev/?fran=Habon&amp;till=Kungsbacka</loc><changefreq>monthly</changefreq></url>
Eda,Sälen,49,32,Avståndet mellan Eda och Sälen är 49 km och Karl-Johan Gyllenstorm beräknade körtiden till cirka 32 minuter.,<url><loc>https://pendlings-app1.t-767929534-cloudflare.workers.dev/?fran=Eda&amp;till=Sälen</loc><changefreq>monthly</changefreq></url>
Gagnef,Karlskoga,1098,709,Avståndet mellan Gagnef och Karlskoga är 1098 km och Karl-Johan Gyllenstorm beräknade körtiden till cirka 709 minuter.,<url><loc>https://pendlings-app1.t-767929534-cloudflare.workers.dev/?fran=Gagnef&amp;till=Karlskoga</loc><changefreq>monthly</changefreq></url>
Kristinehamn,Storuman,439,320,Avståndet mellan Kristinehamn och Storuman är 439 km och Karl-Johan Gyllenstorm beräknade körtiden till cirka 320 minuter.,<url><loc>https://pendlings-app1.t-767929534-cloudflare.workers.dev/?fran=Kristinehamn&amp;till=Storuman</loc><changefreq>monthly</changefreq></url>
Bromölla,Boxholm,92,67,Avståndet mellan Bromölla och Boxholm är 92 km och Karl-Johan Gyllenstorm beräknade körtiden till cirka 67 minuter.,<url><loc>https://pendlings-app1.t-767929534-cloudflare.workers.dev/?fran=Bromölla&amp;till=Boxholm</loc><changefreq>monthly</changefreq></url>
Ronehamn,Ragunda,227,145,Avståndet mellan Ronehamn och Ragunda är 227 km och Karl-Johan Gyllenstorm beräknade körtiden till cirka 145 minuter.,<url><loc>https://pendlings-app1.t-767929534-cloudflare.workers.dev/?fran=Ronehamn&amp;till=Ragunda</loc><changefreq>monthly</changefreq></url>
Vimmerby,Storfors,1064,836,Avståndet mellan Vimmerby och Storfors är 1064 km och Karl-Johan Gyllenstorm beräknade körtiden till cirka 836 minuter.,<url><loc>https://pendlings-app1.t-767929534-cloudflare.workers.dev/?fran=Vimmerby&amp;till=Storfors</loc><changefreq>monthly</changefreq></url>
Flen,Falköping,1158,737,Avståndet mellan Flen och Falköping är 1158 km och Karl-Johan Gyllenstorm beräknade körtiden till cirka 737 minuter.,<url><loc>https://pendlings-app1.t-767929534-cloudflare.workers.dev/?fran=Flen&amp;till=Falköping</loc><changefreq>monthly</changefreq></url>
Smedjebacken,Strängnäs,1126,731,Avståndet mellan Smedjebacken och Strängnäs är 1126 km och Karl-Johan Gyllenstorm beräknade körtiden till cirka 731 minuter.,<url><loc>https://pendlings-app1.t-767929534-cloudflare.workers.dev/?fran=Smedjebacken&amp;till=Strängnäs</loc><changefreq>monthly</changefreq></url>
Östra Göinge,Burgsvik,139,99,Avståndet mellan Östra Göinge och Burgsvik är 139 km och Karl-Johan Gyllenstorm beräknade körtiden till cirka 99 minuter.,<url><loc>https://pendlings-app1.t-767929534-cloudflare.workers.dev/?fran=Östra Göinge&amp;till=Burgsvik</loc><changefreq>monthly</changefreq></url>
Klintehamn,Klippan,1095,822,Avståndet mellan Klintehamn och Klippan är 1095 km och Karl-Johan Gyllenstorm beräknade körtiden till cirka 822 minuter.,<url><loc>https://pendlings-app1.t-767929534-cloudflare.workers.dev/?fran=Klintehamn&amp;till=Klippan</loc><changefreq>monthly</changefreq></url>
Oxelösund,Umeå,549,362,Avståndet mellan Oxelösund och Umeå är 549 km och Karl-Johan Gyllenstorm beräknade körtiden till cirka 362 minuter.,<url><loc>https://pendlings-app1.t-767929534-cloudflare.workers.dev/?fran=Oxelösund&amp;till=Umeå</loc><changefreq>monthly</changefreq></url>
Söderhamn,Eksjö,399,270,Avståndet mellan Söderhamn och Eksjö är 399 km och Karl-Johan Gyllenstorm beräknade körtiden till cirka 270 minuter.,<url><loc>https://pendlings-app1.t-767929534-cloudflare.workers.dev/?fran=Söderhamn&amp;till=Eksjö</loc><changefreq>monthly</changefreq></url>
Hässleholm,Hyltebruk,1357,884,Avståndet mellan Hässleholm och Hyltebruk är 1357 km och Karl-Johan Gyllenstorm beräknade körtiden till cirka 884 minuter.,<url><loc>https://pendlings-app1.t-767929534-cloudflare.workers.dev/?fran=Hässleholm&amp;till=Hyltebruk</loc><changefreq>monthly</changefreq></url>
Boden,Emmaboda,492,332,Avståndet mellan Boden och Emmaboda är 492 km och Karl-Johan Gyllenstorm beräknade körtiden till cirka 332 minuter.,<url><loc>https://pendlings-app1.t-767929534-cloudflare.workers.dev/?fran=Boden&amp;till=Emmaboda</loc><changefreq>monthly</changefreq></url>
Malmö,Kristinehamn,959,733,Avståndet mellan Malmö och Kristinehamn är 959 km och Karl-Johan Gyllenstorm beräknade körtiden till cirka 733 minuter.,<url><loc>https://pendlings-app1.t-767929534-cloudflare.workers.dev/?fran=Malmö&amp;till=Kristinehamn</loc><changefreq>monthly</changefreq></url>
Borlänge,Sölvesborg,1272,950,Avståndet mellan Borlänge och Sölvesborg är 1272 km och Karl-Johan Gyllenstorm beräknade körtiden till cirka 950 minuter.,<url><loc>https://pendlings-app1.t-767929534-cloudflare.workers.dev/?fran=Borlänge&amp;till=Sölvesborg</loc><changefreq>monthly</changefreq></url>
Köping,Vetlanda,593,463,Avståndet mellan Köping och Vetlanda är 593 km och Karl-Johan Gyllenstorm beräknade körtiden till cirka 463 minuter.,<url><loc>https://pendlings-app1.t-767929534-cloudflare.workers.dev/?fran=Köping&amp;till=Vetlanda</loc><changefreq>monthly</changefreq></url>
Sandviken,Ydre,414,277,Avståndet mellan Sandviken och Ydre är 414 km och Karl-Johan Gyllenstorm beräknade körtiden till cirka 277 minuter.,<url><loc>https://pendlings-app1.t-767929534-cloudflare.workers.dev/?fran=Sandviken&amp;till=Ydre</loc><changefreq>monthly</changefreq></url>
Gimo,Bräcke,155,100,Avståndet mellan Gimo och Bräcke är 155 km och Karl-Johan Gyllenstorm beräknade körtiden till cirka 100 minuter.,<url><loc>https://pendlings-app1.t-767929534-cloudflare.workers.dev/?fran=Gimo&amp;till=Bräcke</loc><changefreq>monthly</changefreq></url>
Sälen,Hultsfred,296,208,Avståndet mellan Sälen och Hultsfred är 296 km och Karl-Johan Gyllenstorm beräknade körtiden till cirka 208 minuter.,<url><loc>https://pendlings-app1.t-767929534-cloudflare.workers.dev/?fran=Sälen&amp;till=Hultsfred</loc><changefreq>monthly</changefreq></url>
Motala,Osby,149,113,Avståndet mellan Motala och Osby är 149 km och Karl-Johan Gyllenstorm beräknade körtiden till cirka 113 minuter.,<url><loc>https://pendlings-app1.t-767929534-cloudflare.workers.dev/?fran=Motala&amp;till=Osby</loc><changefreq>monthly</changefreq></url>
Kristinehamn,Nybro,524,363,Avståndet mellan Kristinehamn och Nybro är 524 km och Karl-Johan Gyllenstorm beräknade körtiden till cirka 363 minuter.,<url><loc>https://pendlings-app1.t-767929534-cloudflare.workers.dev/?fran=Kristinehamn&amp;till=Nybro</loc><changefreq>monthly</changefreq></url>
Sandviken,Ronehamn,1215,862,Avståndet mellan Sandviken och Ronehamn är 1215 km och Karl-Johan Gyllenstorm beräknade körtiden till cirka 862 minuter.,<url><loc>https://pendlings-app1.t-767929534-cloudflare.workers.dev/?fran=Sandviken&amp;till=Ronehamn</loc><changefreq>monthly</changefreq></url>
Mellerud,Kungsbacka,226,158,Avståndet mellan Mellerud och Kungsbacka är 226 km och Karl-Johan Gyllenstorm beräknade körtiden till cirka 158 minuter.,<url><loc>https://pendlings-app1.t-767929534-cloudflare.workers.dev/?fran=Mellerud&amp;till=Kungsbacka</loc><changefreq>monthly</changefreq></url>
Örnsköldsvik,Ystad,129,95,Avståndet mellan Örnsköldsvik och Ystad är 129 km och Karl-Johan Gyllenstorm beräknade körtiden till cirka 95 minuter.,<url><loc>https://pendlings-app1.t-767929534-cloudflare.workers.dev/?fran=Örnsköldsvik&amp;till=Ystad</loc><changefreq>monthly</changefreq></url>
Simrishamn,Kiruna,1323,1038,Avståndet mellan Simrishamn och Kiruna är 1323 km och Karl-Johan Gyllenstorm beräknade körtiden till cirka 1038 minuter.,<url><loc>https://pendlings-app1.t-767929534-cloudflare.workers.dev/?fran=Simrishamn&amp;till=Kiruna</loc><changefreq>monthly</changefreq></url>
Eskilstuna,Tierp,1004,779,Avståndet mellan Eskilstuna och Tierp är 1004 km och Karl-Johan Gyllenstorm beräknade körtiden till cirka 779 minuter.,<url><loc>https://pendlings-app1.t-767929534-cloudflare.workers.dev/?fran=Eskilstuna&amp;till=Tierp</loc><changefreq>monthly</changefreq></url>
Grums,Borlänge,195,138,Avståndet mellan Grums och Borlänge är 195 km och Karl-Johan Gyllenstorm beräknade körtiden till cirka 138 minuter.,<url><loc>https://pendlings-app1.t-767929534-cloudflare.workers.dev/?fran=Grums&amp;till=Borlänge</loc><changefreq>monthly</changefreq></url>
Bollebygd,Färgelanda,229,160,Avståndet mellan Bollebygd och Färgelanda är 229 km och Karl-Johan Gyllenstorm beräknade körtiden till cirka 160 minuter.,<url><loc>https://pendlings-app1.t-767929534-cloudflare.workers.dev/?fran=Bollebygd&amp;till=Färgelanda</loc><changefreq>monthly</changefreq></url>
Hudiksvall,Gimo,465,321,Avståndet mellan Hudiksvall och Gimo är 465 km och Karl-Johan Gyllenstorm beräknade körtiden till cirka 321 minuter.,<url><loc>https://pendlings-app1.t-767929534-cloudflare.workers.dev/?fran=Hudiksvall&amp;till=Gimo</loc><changefreq>monthly</changefreq></url>
Strömsund,Gagnef,639,444,Avståndet mellan Strömsund och Gagnef är 639 km och Karl-Johan Gyllenstorm beräknade körtiden till cirka 444 minuter.,<url><loc>https://pendlings-app1.t-767929534-cloudflare.workers.dev/?fran=Strömsund&amp;till=Gagnef</loc><changefreq>monthly</changefreq></url>
Trelleborg,Åre,1216,873,Avståndet mellan Trelleborg och Åre är 1216 km och Karl-Johan Gyllenstorm beräknade körtiden till cirka 873 minuter.,<url><loc>https://pendlings-app1.t-767929534-cloudflare.workers.dev/?fran=Trelleborg&amp;till=Åre</loc><changefreq>monthly</changefreq></url>
Hässleholm,Orsa,253,170,Avståndet mellan Hässleholm och Orsa är 253 km och Karl-Johan Gyllenstorm beräknade körtiden till cirka 170 minuter.,<url><loc>https://pendlings-app1.t-767929534-cloudflare.workers.dev/?fran=Hässleholm&amp;till=Orsa</loc><changefreq>monthly</changefreq></url>
Lycksele,Gävle,931,617,Avståndet mellan Lycksele och Gävle är 931 km och Karl-Johan Gyllenstorm beräknade körtiden till cirka 617 minuter.,<url><loc>https://pendlings-app1.t-767929534-cloudflare.workers.dev/?fran=Lycksele&amp;till=Gävle</loc><changefreq>monthly</changefreq></url>
Borgholm,Fagersta,423,292,Avståndet mellan Borgholm och Fagersta är 423 km och Karl-Johan Gyllenstorm beräknade körtiden till cirka 292 minuter.,<url><loc>https://pendlings-app1.t-767929534-cloudflare.workers.dev/?fran=Borgholm&amp;till=Fagersta</loc><changefreq>monthly</changefreq></url>
Filipstad,Skutskär,1325,911,Avståndet mellan Filipstad och Skutskär är 1325 km och Karl-Johan Gyllenstorm beräknade körtiden till cirka 911 minuter.,<url><loc>https://pendlings-app1.t-767929534-cloudflare.workers.dev/?fran=Filipstad&amp;till=Skutskär</loc><changefreq>monthly</changefreq></url>
Hällefor,Oskarshamn,959,607,Avståndet mellan Hällefor och Oskarshamn är 959 km och Karl-Johan Gyllenstorm beräknade körtiden till cirka 607 minuter.,<url><loc>https://pendlings-app1.t-767929534-cloudflare.workers.dev/?fran=Hällefor&amp;till=Oskarshamn</loc><changefreq>monthly</changefreq></url>
Ulricehamn,Motala,540,360,Avståndet mellan Ulricehamn och Motala är 540 km och Karl-Johan Gyllenstorm beräknade körtiden till cirka 360 minuter.,<url><loc>https://pendlings-app1.t-767929534-cloudflare.workers.dev/?fran=Ulricehamn&amp;till=Motala</loc><changefreq>monthly</changefreq></url>
Emmaboda,Bjuv,1256,937,Avståndet mellan Emmaboda och Bjuv är 1256 km och Karl-Johan Gyllenstorm beräknade körtiden till cirka 937 minuter.,<url><loc>https://pendlings-app1.t-767929534-cloudflare.workers.dev/?fran=Emmaboda&amp;till=Bjuv</loc><changefreq>monthly</changefreq></url>
Huddinge,Hemse,1317,1006,Avståndet mellan Huddinge och Hemse är 1317 km och Karl-Johan Gyllenstorm beräknade körtiden till cirka 1006 minuter.,<url><loc>https://pendlings-app1.t-767929534-cloudflare.workers.dev/?fran=Huddinge&amp;till=Hemse</loc><changefreq>monthly</changefreq></url>
Vellinge,Säffle,1063,753,Avståndet mellan Vellinge och Säffle är 1063 km och Karl-Johan Gyllenstorm beräknade körtiden till cirka 753 minuter.,<url><loc>https://pendlings-app1.t-767929534-cloudflare.workers.dev/?fran=Vellinge&amp;till=Säffle</loc><changefreq>monthly</changefreq></url>
Älvdalen,Överkalix,606,387,Avståndet mellan Älvdalen och Överkalix är 606 km och Karl-Johan Gyllenstorm beräknade körtiden till cirka 387 minuter.,<url><loc>https://pendlings-app1.t-767929534-cloudflare.workers.dev/?fran=Älvdalen&amp;till=Överkalix</loc><changefreq>monthly</changefreq></url>
Färgelanda,Vetlanda,638,477,Avståndet mellan Färgelanda och Vetlanda är 638 km och Karl-Johan Gyllenstorm beräknade körtiden till cirka 477 minuter.,<url><loc>https://pendlings-app1.t-767929534-cloudflare.workers.dev/?fran=Färgelanda&amp;till=Vetlanda</loc><changefreq>monthly</changefreq></url>
Lindesberg,Bräcke,1114,836,Avståndet mellan Lindesberg och Bräcke är 1114 km och Karl-Johan Gyllenstorm beräknade körtiden till cirka 836 minuter.,<url><loc>https://pendlings-app1.t-767929534-cloudflare.workers.dev/?fran=Lindesberg&amp;till=Bräcke</loc><changefreq>monthly</changefreq></url>
Lindesberg,Gnosjö,588,398,Avståndet mellan Lindesberg och Gnosjö är 588 km och Karl-Johan Gyllenstorm beräknade körtiden till cirka 398 minuter.,<url><loc>https://pendlings-app1.t-767929534-cloudflare.workers.dev/?fran=Lindesberg&amp;till=Gnosjö</loc><changefreq>monthly</changefreq></url>
Linköping,Ockelbo,1055,780,Avståndet mellan Linköping och Ockelbo är 1055 km och Karl-Johan Gyllenstorm beräknade körtiden till cirka 780 minuter.,<url><loc>https://pendlings-app1.t-767929534-cloudflare.workers.dev/?fran=Linköping&amp;till=Ockelbo</loc><changefreq>monthly</changefreq></url>
Eskilstuna,Bengtsfors,926,719,Avståndet mellan Eskilstuna och Bengtsfors är 926 km och Karl-Johan Gyllenstorm beräknade körtiden till cirka 719 minuter.,<url><loc>https://pendlings-app1.t-767929534-cloudflare.workers.dev/?fran=Eskilstuna&amp;till=Bengtsfors</loc><changefreq>monthly</changefreq></url>
Rättvik,Nyköping,398,282,Avståndet mellan Rättvik och Nyköping är 398 km och Karl-Johan Gyllenstorm beräknade körtiden till cirka 282 minuter.,<url><loc>https://pendlings-app1.t-767929534-cloudflare.workers.dev/?fran=Rättvik&amp;till=Nyköping</loc><changefreq>monthly</changefreq></url>
Mjölby,Boxholm,678,438,Avståndet mellan Mjölby och Boxholm är 678 km och Karl-Johan Gyllenstorm beräknade körtiden till cirka 438 minuter.,<url><loc>https://pendlings-app1.t-767929534-cloudflare.workers.dev/?fran=Mjölby&amp;till=Boxholm</loc><changefreq>monthly</changefreq></url>
Munkfors,Eksjö,1068,759,Avståndet mellan Munkfors och Eksjö är 1068 km och Karl-Johan Gyllenstorm beräknade körtiden till cirka 759 minuter.,<url><loc>https://pendlings-app1.t-767929534-cloudflare.workers.dev/?fran=Munkfors&amp;till=Eksjö</loc><changefreq>monthly</changefreq></url>
Nora,Krokom,359,274,Avståndet mellan Nora och Krokom är 359 km och Karl-Johan Gyllenstorm beräknade körtiden till cirka 274 minuter.,<url><loc>https://pendlings-app1.t-767929534-cloudflare.workers.dev/?fran=Nora&amp;till=Krokom</loc><changefreq>monthly</changefreq></url>
Hagfors,Sotenäs,909,617,Avståndet mellan Hagfors och Sotenäs är 909 km och Karl-Johan Gyllenstorm beräknade körtiden till cirka 617 minuter.,<url><loc>https://pendlings-app1.t-767929534-cloudflare.workers.dev/?fran=Hagfors&amp;till=Sotenäs</loc><changefreq>monthly</changefreq></url>
Härnösand,Bålsta,218,140,Avståndet mellan Härnösand och Bålsta är 218 km och Karl-Johan Gyllenstorm beräknade körtiden till cirka 140 minuter.,<url><loc>https://pendlings-app1.t-767929534-cloudflare.workers.dev/?fran=Härnösand&amp;till=Bålsta</loc><changefreq>monthly</changefreq></url>
Haparanda,Gagnef,932,683,Avståndet mellan Haparanda och Gagnef är 932 km och Karl-Johan Gyllenstorm beräknade körtiden till cirka 683 minuter.,<url><loc>https://pendlings-app1.t-767929534-cloudflare.workers.dev/?fran=Haparanda&amp;till=Gagnef</loc><changefreq>monthly</changefreq></url>
Boxholm,Grythyttan,1431,1001,Avståndet mellan Boxholm och Grythyttan är 1431 km och Karl-Johan Gyllenstorm beräknade körtiden till cirka 1001 minuter.,<url><loc>https://pendlings-app1.t-767929534-cloudflare.workers.dev/?fran=Boxholm&amp;till=Grythyttan</loc><changefreq>monthly</changefreq></url>
Sunne,Norberg,399,304,Avståndet mellan Sunne och Norberg är 399 km och Karl-Johan Gyllenstorm beräknade körtiden till cirka 304 minuter.,<url><loc>https://pendlings-app1.t-767929534-cloudflare.workers.dev/?fran=Sunne&amp;till=Norberg</loc><changefreq>monthly</changefreq></url>
Sotenäs,Arboga,247,164,Avståndet mellan Sotenäs och Arboga är 247 km och Karl-Johan Gyllenstorm beräknade körtiden till cirka 164 minuter.,<url><loc>https://pendlings-app1.t-767929534-cloudflare.workers.dev/?fran=Sotenäs&amp;till=Arboga</loc><changefreq>monthly</changefreq></url>
Emmaboda,Skurup,461,341,Avståndet mellan Emmaboda och Skurup är 461 km och Karl-Johan Gyllenstorm beräknade körtiden till cirka 341 minuter.,<url><loc>https://pendlings-app1.t-767929534-cloudflare.workers.dev/?fran=Emmaboda&amp;till=Skurup</loc><changefreq>monthly</changefreq></url>
Mora,Ljusdal,650,479,Avståndet mellan Mora och Ljusdal är 650 km och Karl-Johan Gyllenstorm beräknade körtiden till cirka 479 minuter.,<url><loc>https://pendlings-app1.t-767929534-cloudflare.workers.dev/?fran=Mora&amp;till=Ljusdal</loc><changefreq>monthly</changefreq></url>
Krokom,Emmaboda,1111,789,Avståndet mellan Krokom och Emmaboda är 1111 km och Karl-Johan Gyllenstorm beräknade körtiden till cirka 789 minuter.,<url><loc>https://pendlings-app1.t-767929534-cloudflare.workers.dev/?fran=Krokom&amp;till=Emmaboda</loc><changefreq>monthly</changefreq></url>
Filipstad,Skara,1427,1057,Avståndet mellan Filipstad och Skara är 1427 km och Karl-Johan Gyllenstorm beräknade körtiden till cirka 1057 minuter.,<url><loc>https://pendlings-app1.t-767929534-cloudflare.workers.dev/?fran=Filipstad&amp;till=Skara</loc><changefreq>monthly</changefreq></url>
Forshaga,Tranås,1273,964,Avståndet mellan Forshaga och Tranås är 1273 km och Karl-Johan Gyllenstorm beräknade körtiden till cirka 964 minuter.,<url><loc>https://pendlings-app1.t-767929534-cloudflare.workers.dev/?fran=Forshaga&amp;till=Tranås</loc><changefreq>monthly</changefreq></url>
Norberg,Charlottenberg,1401,1076,Avståndet mellan Norberg och Charlottenberg är 1401 km och Karl-Johan Gyllenstorm beräknade körtiden till cirka 1076 minuter.,<url><loc>https://pendlings-app1.t-767929534-cloudflare.workers.dev/?fran=Norberg&amp;till=Charlottenberg</loc><changefreq>monthly</changefreq></url>
Kopparberg,Munkedal,345,263,Avståndet mellan Kopparberg och Munkedal är 345 km och Karl-Johan Gyllenstorm beräknade körtiden till cirka 263 minuter.,<url><loc>https://pendlings-app1.t-767929534-cloudflare.workers.dev/?fran=Kopparberg&amp;till=Munkedal</loc><changefreq>monthly</changefreq></url>
Burgsvik,Töreboda,836,553,Avståndet mellan Burgsvik och Töreboda är 836 km och Karl-Johan Gyllenstorm beräknade körtiden till cirka 553 minuter.,<url><loc>https://pendlings-app1.t-767929534-cloudflare.workers.dev/?fran=Burgsvik&amp;till=Töreboda</loc><changefreq>monthly</changefreq></url>
Ulricehamn,Roma,348,239,Avståndet mellan Ulricehamn och Roma är 348 km och Karl-Johan Gyllenstorm beräknade körtiden till cirka 239 minuter.,<url><loc>https://pendlings-app1.t-767929534-cloudflare.workers.dev/?fran=Ulricehamn&amp;till=Roma</loc><changefreq>monthly</changefreq></url>
Årjäng,Tranemo,346,255,Avståndet mellan Årjäng och Tranemo är 346 km och Karl-Johan Gyllenstorm beräknade körtiden till cirka 255 minuter.,<url><loc>https://pendlings-app1.t-767929534-cloudflare.workers.dev/?fran=Årjäng&amp;till=Tranemo</loc><changefreq>monthly</changefreq></url>
Timrå,Knivsta,1082,686,Avståndet mellan Timrå och Knivsta är 1082 km och Karl-Johan Gyllenstorm beräknade körtiden till cirka 686 minuter.,<url><loc>https://pendlings-app1.t-767929534-cloudflare.workers.dev/?fran=Timrå&amp;till=Knivsta</loc><changefreq>monthly</changefreq></url>
Högsby,Mariestad,1363,941,Avståndet mellan Högsby och Mariestad är 1363 km och Karl-Johan Gyllenstorm beräknade körtiden till cirka 941 minuter.,<url><loc>https://pendlings-app1.t-767929534-cloudflare.workers.dev/?fran=Högsby&amp;till=Mariestad</loc><changefreq>monthly</changefreq></url>
Arvidsjaur,Mörbylånga,878,581,Avståndet mellan Arvidsjaur och Mörbylånga är 878 km och Karl-Johan Gyllenstorm beräknade körtiden till cirka 581 minuter.,<url><loc>https://pendlings-app1.t-767929534-cloudflare.workers.dev/?fran=Arvidsjaur&amp;till=Mörbylånga</loc><changefreq>monthly</changefreq></url>
Mörbylånga,Krokom,576,434,Avståndet mellan Mörbylånga och Krokom är 576 km och Karl-Johan Gyllenstorm beräknade körtiden till cirka 434 minuter.,<url><loc>https://pendlings-app1.t-767929534-cloudflare.workers.dev/?fran=Mörbylånga&amp;till=Krokom</loc><changefreq>monthly</changefreq></url>
Essunga,Höör,563,400,Avståndet mellan Essunga och Höör är 563 km och Karl-Johan Gyllenstorm beräknade körtiden till cirka 400 minuter.,<url><loc>https://pendlings-app1.t-767929534-cloudflare.workers.dev/?fran=Essunga&amp;till=Höör</loc><changefreq>monthly</changefreq></url>
Olofström,Nybro,646,470,Avståndet mellan Olofström och Nybro är 646 km och Karl-Johan Gyllenstorm beräknade körtiden till cirka 470 minuter.,<url><loc>https://pendlings-app1.t-767929534-cloudflare.workers.dev/?fran=Olofström&amp;till=Nybro</loc><changefreq>monthly</changefreq></url>
Söderköping,Bollebygd,652,479,Avståndet mellan Söderköping och Bollebygd är 652 km och Karl-Johan Gyllenstorm beräknade körtiden till cirka 479 minuter.,<url><loc>https://pendlings-app1.t-767929534-cloudflare.workers.dev/?fran=Söderköping&amp;till=Bollebygd</loc><changefreq>monthly</changefreq></url>
Grythyttan,Hultsfred,749,491,Avståndet mellan Grythyttan och Hultsfred är 749 km och Karl-Johan Gyllenstorm beräknade körtiden till cirka 491 minuter.,<url><loc>https://pendlings-app1.t-767929534-cloudflare.workers.dev/?fran=Grythyttan&amp;till=Hultsfred</loc><changefreq>monthly</changefreq></url>
Bräcke,Sävsjö,670,479,Avståndet mellan Bräcke och Sävsjö är 670 km och Karl-Johan Gyllenstorm beräknade körtiden till cirka 479 minuter.,<url><loc>https://pendlings-app1.t-767929534-cloudflare.workers.dev/?fran=Bräcke&amp;till=Sävsjö</loc><changefreq>monthly</changefreq></url>
Smedjebacken,Höör,896,623,Avståndet mellan Smedjebacken och Höör är 896 km och Karl-Johan Gyllenstorm beräknade körtiden till cirka 623 minuter.,<url><loc>https://pendlings-app1.t-767929534-cloudflare.workers.dev/?fran=Smedjebacken&amp;till=Höör</loc><changefreq>monthly</changefreq></url>
Trosa,Vilhelmina,879,702,Avståndet mellan Trosa och Vilhelmina är 879 km och Karl-Johan Gyllenstorm beräknade körtiden till cirka 702 minuter.,<url><loc>https://pendlings-app1.t-767929534-cloudflare.workers.dev/?fran=Trosa&amp;till=Vilhelmina</loc><changefreq>monthly</changefreq></url>
Ronneby,Degerfors,852,672,Avståndet mellan Ronneby och Degerfors är 852 km och Karl-Johan Gyllenstorm beräknade körtiden till cirka 672 minuter.,<url><loc>https://pendlings-app1.t-767929534-cloudflare.workers.dev/?fran=Ronneby&amp;till=Degerfors</loc><changefreq>monthly</changefreq></url>
Falkenberg,Fagersta,862,630,Avståndet mellan Falkenberg och Fagersta är 862 km och Karl-Johan Gyllenstorm beräknade körtiden till cirka 630 minuter.,<url><loc>https://pendlings-app1.t-767929534-cloudflare.workers.dev/?fran=Falkenberg&amp;till=Fagersta</loc><changefreq>monthly</changefreq></url>
Katrineholm,Lund,311,197,Avståndet mellan Katrineholm och Lund är 311 km och Karl-Johan Gyllenstorm beräknade körtiden till cirka 197 minuter.,<url><loc>https://pendlings-app1.t-767929534-cloudflare.workers.dev/?fran=Katrineholm&amp;till=Lund</loc><changefreq>monthly</changefreq></url>
Piteå,Knivsta,586,466,Avståndet mellan Piteå och Knivsta är 586 km och Karl-Johan Gyllenstorm beräknade körtiden till cirka 466 minuter.,<url><loc>https://pendlings-app1.t-767929534-cloudflare.workers.dev/?fran=Piteå&amp;till=Knivsta</loc><changefreq>monthly</changefreq></url>
Värnamo,Timrå,439,333,Avståndet mellan Värnamo och Timrå är 439 km och Karl-Johan Gyllenstorm beräknade körtiden till cirka 333 minuter.,<url><loc>https://pendlings-app1.t-767929534-cloudflare.workers.dev/?fran=Värnamo&amp;till=Timrå</loc><changefreq>monthly</changefreq></url>
Ragunda,Härnösand,549,407,Avståndet mellan Ragunda och Härnösand är 549 km och Karl-Johan Gyllenstorm beräknade körtiden till cirka 407 minuter.,<url><loc>https://pendlings-app1.t-767929534-cloudflare.workers.dev/?fran=Ragunda&amp;till=Härnösand</loc><changefreq>monthly</changefreq></url>
Timrå,Arboga,789,627,Avståndet mellan Timrå och Arboga är 789 km och Karl-Johan Gyllenstorm beräknade körtiden till cirka 627 minuter.,<url><loc>https://pendlings-app1.t-767929534-cloudflare.workers.dev/?fran=Timrå&amp;till=Arboga</loc><changefreq>monthly</changefreq></url>
Lycksele,Falkenberg,900,595,Avståndet mellan Lycksele och Falkenberg är 900 km och Karl-Johan Gyllenstorm beräknade körtiden till cirka 595 minuter.,<url><loc>https://pendlings-app1.t-767929534-cloudflare.workers.dev/?fran=Lycksele&amp;till=Falkenberg</loc><changefreq>monthly</changefreq></url>
Västerås,Kalix,692,482,Avståndet mellan Västerås och Kalix är 692 km och Karl-Johan Gyllenstorm beräknade körtiden till cirka 482 minuter.,<url><loc>https://pendlings-app1.t-767929534-cloudflare.workers.dev/?fran=Västerås&amp;till=Kalix</loc><changefreq>monthly</changefreq></url>
Ljusnarsberg,Mjölby,433,286,Avståndet mellan Ljusnarsberg och Mjölby är 433 km och Karl-Johan Gyllenstorm beräknade körtiden till cirka 286 minuter.,<url><loc>https://pendlings-app1.t-767929534-cloudflare.workers.dev/?fran=Ljusnarsberg&amp;till=Mjölby</loc><changefreq>monthly</changefreq></url>
Forshaga,Höör,1289,909,Avståndet mellan Forshaga och Höör är 1289 km och Karl-Johan Gyllenstorm beräknade körtiden till cirka 909 minuter.,<url><loc>https://pendlings-app1.t-767929534-cloudflare.workers.dev/?fran=Forshaga&amp;till=Höör</loc><changefreq>monthly</changefreq></url>
Aneby,Vetlanda,586,456,Avståndet mellan Aneby och Vetlanda är 586 km och Karl-Johan Gyllenstorm beräknade körtiden till cirka 456 minuter.,<url><loc>https://pendlings-app1.t-767929534-cloudflare.workers.dev/?fran=Aneby&amp;till=Vetlanda</loc><changefreq>monthly</changefreq></url>
Norberg,Växjö,522,400,Avståndet mellan Norberg och Växjö är 522 km och Karl-Johan Gyllenstorm beräknade körtiden till cirka 400 minuter.,<url><loc>https://pendlings-app1.t-767929534-cloudflare.workers.dev/?fran=Norberg&amp;till=Växjö</loc><changefreq>monthly</changefreq></url>
Västerås,Ydre,1007,644,Avståndet mellan Västerås och Ydre är 1007 km och Karl-Johan Gyllenstorm beräknade körtiden till cirka 644 minuter.,<url><loc>https://pendlings-app1.t-767929534-cloudflare.workers.dev/?fran=Västerås&amp;till=Ydre</loc><changefreq>monthly</changefreq></url>
Leksand,Malå,1239,881,Avståndet mellan Leksand och Malå är 1239 km och Karl-Johan Gyllenstorm beräknade körtiden till cirka 881 minuter.,<url><loc>https://pendlings-app1.t-767929534-cloudflare.workers.dev/?fran=Leksand&amp;till=Malå</loc><changefreq>monthly</changefreq></url>
Vingåker,Vibble,119,79,Avståndet mellan Vingåker och Vibble är 119 km och Karl-Johan Gyllenstorm beräknade körtiden till cirka 79 minuter.,<url><loc>https://pendlings-app1.t-767929534-cloudflare.workers.dev/?fran=Vingåker&amp;till=Vibble</loc><changefreq>monthly</changefreq></url>
Klippan,Hemse,823,556,Avståndet mellan Klippan och Hemse är 823 km och Karl-Johan Gyllenstorm beräknade körtiden till cirka 556 minuter.,<url><loc>https://pendlings-app1.t-767929534-cloudflare.workers.dev/?fran=Klippan&amp;till=Hemse</loc><changefreq>monthly</changefreq></url>
Östersund,Örnsköldsvik,1022,767,Avståndet mellan Östersund och Örnsköldsvik är 1022 km och Karl-Johan Gyllenstorm beräknade körtiden till cirka 767 minuter.,<url><loc>https://pendlings-app1.t-767929534-cloudflare.workers.dev/?fran=Östersund&amp;till=Örnsköldsvik</loc><changefreq>monthly</changefreq></url>
Västerås,Sjöbo,1267,877,Avståndet mellan Västerås och Sjöbo är 1267 km och Karl-Johan Gyllenstorm beräknade körtiden till cirka 877 minuter.,<url><loc>https://pendlings-app1.t-767929534-cloudflare.workers.dev/?fran=Västerås&amp;till=Sjöbo</loc><changefreq>monthly</changefreq></url>
Lidköping,Åsele,146,114,Avståndet mellan Lidköping och Åsele är 146 km och Karl-Johan Gyllenstorm beräknade körtiden till cirka 114 minuter.,<url><loc>https://pendlings-app1.t-767929534-cloudflare.workers.dev/?fran=Lidköping&amp;till=Åsele</loc><changefreq>monthly</changefreq></url>
Avesta,Mark,1334,978,Avståndet mellan Avesta och Mark är 1334 km och Karl-Johan Gyllenstorm beräknade körtiden till cirka 978 minuter.,<url><loc>https://pendlings-app1.t-767929534-cloudflare.workers.dev/?fran=Avesta&amp;till=Mark</loc><changefreq>monthly</changefreq></url>
Klippan,Karlstad,1126,820,Avståndet mellan Klippan och Karlstad är 1126 km och Karl-Johan Gyllenstorm beräknade körtiden till cirka 820 minuter.,<url><loc>https://pendlings-app1.t-767929534-cloudflare.workers.dev/?fran=Klippan&amp;till=Karlstad</loc><changefreq>monthly</changefreq></url>
Arvika,Bollnäs,607,472,Avståndet mellan Arvika och Bollnäs är 607 km och Karl-Johan Gyllenstorm beräknade körtiden till cirka 472 minuter.,<url><loc>https://pendlings-app1.t-767929534-cloudflare.workers.dev/?fran=Arvika&amp;till=Bollnäs</loc><changefreq>monthly</changefreq></url>
Mellerud,Kristianstad,300,194,Avståndet mellan Mellerud och Kristianstad är 300 km och Karl-Johan Gyllenstorm beräknade körtiden till cirka 194 minuter.,<url><loc>https://pendlings-app1.t-767929534-cloudflare.workers.dev/?fran=Mellerud&amp;till=Kristianstad</loc><changefreq>monthly</changefreq></url>
Osby,Hjo,176,130,Avståndet mellan Osby och Hjo är 176 km och Karl-Johan Gyllenstorm beräknade körtiden till cirka 130 minuter.,<url><loc>https://pendlings-app1.t-767929534-cloudflare.workers.dev/?fran=Osby&amp;till=Hjo</loc><changefreq>monthly</changefreq></url>
Östhammar,Stockholm,872,572,Avståndet mellan Östhammar och Stockholm är 872 km och Karl-Johan Gyllenstorm beräknade körtiden till cirka 572 minuter.,<url><loc>https://pendlings-app1.t-767929534-cloudflare.workers.dev/?fran=Östhammar&amp;till=Stockholm</loc><changefreq>monthly</changefreq></url>
Söderköping,Gnestad,333,230,Avståndet mellan Söderköping och Gnestad är 333 km och Karl-Johan Gyllenstorm beräknade körtiden till cirka 230 minuter.,<url><loc>https://pendlings-app1.t-767929534-cloudflare.workers.dev/?fran=Söderköping&amp;till=Gnestad</loc><changefreq>monthly</changefreq></url>
Krokom,Helsingborg,1200,911,Avståndet mellan Krokom och Helsingborg är 1200 km och Karl-Johan Gyllenstorm beräknade körtiden till cirka 911 minuter.,<url><loc>https://pendlings-app1.t-767929534-cloudflare.workers.dev/?fran=Krokom&amp;till=Helsingborg</loc><changefreq>monthly</changefreq></url>
Säffle,Ragunda,205,147,Avståndet mellan Säffle och Ragunda är 205 km och Karl-Johan Gyllenstorm beräknade körtiden till cirka 147 minuter.,<url><loc>https://pendlings-app1.t-767929534-cloudflare.workers.dev/?fran=Säffle&amp;till=Ragunda</loc><changefreq>monthly</changefreq></url>
Västervik,Gävle,696,483,Avståndet mellan Västervik och Gävle är 696 km och Karl-Johan Gyllenstorm beräknade körtiden till cirka 483 minuter.,<url><loc>https://pendlings-app1.t-767929534-cloudflare.workers.dev/?fran=Västervik&amp;till=Gävle</loc><changefreq>monthly</changefreq></url>
Karlshamn,Mellerud,1378,1031,Avståndet mellan Karlshamn och Mellerud är 1378 km och Karl-Johan Gyllenstorm beräknade körtiden till cirka 1031 minuter.,<url><loc>https://pendlings-app1.t-767929534-cloudflare.workers.dev/?fran=Karlshamn&amp;till=Mellerud</loc><changefreq>monthly</changefreq></url>
Hallsberg,Täby,1112,730,Avståndet mellan Hallsberg och Täby är 1112 km och Karl-Johan Gyllenstorm beräknade körtiden till cirka 730 minuter.,<url><loc>https://pendlings-app1.t-767929534-cloudflare.workers.dev/?fran=Hallsberg&amp;till=Täby</loc><changefreq>monthly</changefreq></url>
Mellerud,Sollefteå,1437,1143,Avståndet mellan Mellerud och Sollefteå är 1437 km och Karl-Johan Gyllenstorm beräknade körtiden till cirka 1143 minuter.,<url><loc>https://pendlings-app1.t-767929534-cloudflare.workers.dev/?fran=Mellerud&amp;till=Sollefteå</loc><changefreq>monthly</changefreq></url>
Ängelholm,Klippan,164,106,Avståndet mellan Ängelholm och Klippan är 164 km och Karl-Johan Gyllenstorm beräknade körtiden till cirka 106 minuter.,<url><loc>https://pendlings-app1.t-767929534-cloudflare.workers.dev/?fran=Ängelholm&amp;till=Klippan</loc><changefreq>monthly</changefreq></url>
Hemse,Hyltebruk,667,425,Avståndet mellan Hemse och Hyltebruk är 667 km och Karl-Johan Gyllenstorm beräknade körtiden till cirka 425 minuter.,<url><loc>https://pendlings-app1.t-767929534-cloudflare.workers.dev/?fran=Hemse&amp;till=Hyltebruk</loc><changefreq>monthly</changefreq></url>
Norrköping,Motala,764,492,Avståndet mellan Norrköping och Motala är 764 km och Karl-Johan Gyllenstorm beräknade körtiden till cirka 492 minuter.,<url><loc>https://pendlings-app1.t-767929534-cloudflare.workers.dev/?fran=Norrköping&amp;till=Motala</loc><changefreq>monthly</changefreq></url>
Lomma,Havdhem,938,626,Avståndet mellan Lomma och Havdhem är 938 km och Karl-Johan Gyllenstorm beräknade körtiden till cirka 626 minuter.,<url><loc>https://pendlings-app1.t-767929534-cloudflare.workers.dev/?fran=Lomma&amp;till=Havdhem</loc><changefreq>monthly</changefreq></url>
Storuman,Vetlanda,464,354,Avståndet mellan Storuman och Vetlanda är 464 km och Karl-Johan Gyllenstorm beräknade körtiden till cirka 354 minuter.,<url><loc>https://pendlings-app1.t-767929534-cloudflare.workers.dev/?fran=Storuman&amp;till=Vetlanda</loc><changefreq>monthly</changefreq></url>
Ed,Lekeberg,984,742,Avståndet mellan Ed och Lekeberg är 984 km och Karl-Johan Gyllenstorm beräknade körtiden till cirka 742 minuter.,<url><loc>https://pendlings-app1.t-767929534-cloudflare.workers.dev/?fran=Ed&amp;till=Lekeberg</loc><changefreq>monthly</changefreq></url>
Gislaved,Överkalix,766,563,Avståndet mellan Gislaved och Överkalix är 766 km och Karl-Johan Gyllenstorm beräknade körtiden till cirka 563 minuter.,<url><loc>https://pendlings-app1.t-767929534-cloudflare.workers.dev/?fran=Gislaved&amp;till=Överkalix</loc><changefreq>monthly</changefreq></url>
Håbo,Sundsvall,1412,897,Avståndet mellan Håbo och Sundsvall är 1412 km och Karl-Johan Gyllenstorm beräknade körtiden till cirka 897 minuter.,<url><loc>https://pendlings-app1.t-767929534-cloudflare.workers.dev/?fran=Håbo&amp;till=Sundsvall</loc><changefreq>monthly</changefreq></url>
Gnestad,Ronneby,555,416,Avståndet mellan Gnestad och Ronneby är 555 km och Karl-Johan Gyllenstorm beräknade körtiden till cirka 416 minuter.,<url><loc>https://pendlings-app1.t-767929534-cloudflare.workers.dev/?fran=Gnestad&amp;till=Ronneby</loc><changefreq>monthly</changefreq></url>
Norberg,Västerås,72,56,Avståndet mellan Norberg och Västerås är 72 km och Karl-Johan Gyllenstorm beräknade körtiden till cirka 56 minuter.,<url><loc>https://pendlings-app1.t-767929534-cloudflare.workers.dev/?fran=Norberg&amp;till=Västerås</loc><changefreq>monthly</changefreq></url>
Västervik,Örnsköldsvik,1340,966,Avståndet mellan Västervik och Örnsköldsvik är 1340 km och Karl-Johan Gyllenstorm beräknade körtiden till cirka 966 minuter.,<url><loc>https://pendlings-app1.t-767929534-cloudflare.workers.dev/?fran=Västervik&amp;till=Örnsköldsvik</loc><changefreq>monthly</changefreq></url>
Östra Göinge,Malå,836,550,Avståndet mellan Östra Göinge och Malå är 836 km och Karl-Johan Gyllenstorm beräknade körtiden till cirka 550 minuter.,<url><loc>https://pendlings-app1.t-767929534-cloudflare.workers.dev/?fran=Östra Göinge&amp;till=Malå</loc><changefreq>monthly</changefreq></url>
Färjestaden,Landskrona,123,81,Avståndet mellan Färjestaden och Landskrona är 123 km och Karl-Johan Gyllenstorm beräknade körtiden till cirka 81 minuter.,<url><loc>https://pendlings-app1.t-767929534-cloudflare.workers.dev/?fran=Färjestaden&amp;till=Landskrona</loc><changefreq>monthly</changefreq></url>
Klippan,Bromölla,148,95,Avståndet mellan Klippan och Bromölla är 148 km och Karl-Johan Gyllenstorm beräknade körtiden till cirka 95 minuter.,<url><loc>https://pendlings-app1.t-767929534-cloudflare.workers.dev/?fran=Klippan&amp;till=Bromölla</loc><changefreq>monthly</changefreq></url>
Sorsele,Lysekil,1074,781,Avståndet mellan Sorsele och Lysekil är 1074 km och Karl-Johan Gyllenstorm beräknade körtiden till cirka 781 minuter.,<url><loc>https://pendlings-app1.t-767929534-cloudflare.workers.dev/?fran=Sorsele&amp;till=Lysekil</loc><changefreq>monthly</changefreq></url>
Fagersta,Finspång,1183,848,Avståndet mellan Fagersta och Finspång är 1183 km och Karl-Johan Gyllenstorm beräknade körtiden till cirka 848 minuter.,<url><loc>https://pendlings-app1.t-767929534-cloudflare.workers.dev/?fran=Fagersta&amp;till=Finspång</loc><changefreq>monthly</changefreq></url>
Karlskrona,Västervik,90,57,Avståndet mellan Karlskrona och Västervik är 90 km och Karl-Johan Gyllenstorm beräknade körtiden till cirka 57 minuter.,<url><loc>https://pendlings-app1.t-767929534-cloudflare.workers.dev/?fran=Karlskrona&amp;till=Västervik</loc><changefreq>monthly</changefreq></url>
Mora,Båstad,694,459,Avståndet mellan Mora och Båstad är 694 km och Karl-Johan Gyllenstorm beräknade körtiden till cirka 459 minuter.,<url><loc>https://pendlings-app1.t-767929534-cloudflare.workers.dev/?fran=Mora&amp;till=Båstad</loc><changefreq>monthly</changefreq></url>
Kumla,Tingstäde,1032,768,Avståndet mellan Kumla och Tingstäde är 1032 km och Karl-Johan Gyllenstorm beräknade körtiden till cirka 768 minuter.,<url><loc>https://pendlings-app1.t-767929534-cloudflare.workers.dev/?fran=Kumla&amp;till=Tingstäde</loc><changefreq>monthly</changefreq></url>
Karlsborg,Flen,708,484,Avståndet mellan Karlsborg och Flen är 708 km och Karl-Johan Gyllenstorm beräknade körtiden till cirka 484 minuter.,<url><loc>https://pendlings-app1.t-767929534-cloudflare.workers.dev/?fran=Karlsborg&amp;till=Flen</loc><changefreq>monthly</changefreq></url>
Färjestaden,Stånga,179,124,Avståndet mellan Färjestaden och Stånga är 179 km och Karl-Johan Gyllenstorm beräknade körtiden till cirka 124 minuter.,<url><loc>https://pendlings-app1.t-767929534-cloudflare.workers.dev/?fran=Färjestaden&amp;till=Stånga</loc><changefreq>monthly</changefreq></url>
Gagnef,Lidköping,1168,773,Avståndet mellan Gagnef och Lidköping är 1168 km och Karl-Johan Gyllenstorm beräknade körtiden till cirka 773 minuter.,<url><loc>https://pendlings-app1.t-767929534-cloudflare.workers.dev/?fran=Gagnef&amp;till=Lidköping</loc><changefreq>monthly</changefreq></url>
Eksjö,Vellinge,1114,855,Avståndet mellan Eksjö och Vellinge är 1114 km och Karl-Johan Gyllenstorm beräknade körtiden till cirka 855 minuter.,<url><loc>https://pendlings-app1.t-767929534-cloudflare.workers.dev/?fran=Eksjö&amp;till=Vellinge</loc><changefreq>monthly</changefreq></url>
Vadstena,Skinnskatteberg,1076,702,Avståndet mellan Vadstena och Skinnskatteberg är 1076 km och Karl-Johan Gyllenstorm beräknade körtiden till cirka 702 minuter.,<url><loc>https://pendlings-app1.t-767929534-cloudflare.workers.dev/?fran=Vadstena&amp;till=Skinnskatteberg</loc><changefreq>monthly</changefreq></url>
Kristinehamn,Gnosjö,204,142,Avståndet mellan Kristinehamn och Gnosjö är 204 km och Karl-Johan Gyllenstorm beräknade körtiden till cirka 142 minuter.,<url><loc>https://pendlings-app1.t-767929534-cloudflare.workers.dev/?fran=Kristinehamn&amp;till=Gnosjö</loc><changefreq>monthly</changefreq></url>
Kungsbacka,Oxelösund,984,677,Avståndet mellan Kungsbacka och Oxelösund är 984 km och Karl-Johan Gyllenstorm beräknade körtiden till cirka 677 minuter.,<url><loc>https://pendlings-app1.t-767929534-cloudflare.workers.dev/?fran=Kungsbacka&amp;till=Oxelösund</loc><changefreq>monthly</changefreq></url>
Luleå,Helsingborg,415,277,Avståndet mellan Luleå och Helsingborg är 415 km och Karl-Johan Gyllenstorm beräknade körtiden till cirka 277 minuter.,<url><loc>https://pendlings-app1.t-767929534-cloudflare.workers.dev/?fran=Luleå&amp;till=Helsingborg</loc><changefreq>monthly</changefreq></url>
Avesta,Piteå,1425,1022,Avståndet mellan Avesta och Piteå är 1425 km och Karl-Johan Gyllenstorm beräknade körtiden till cirka 1022 minuter.,<url><loc>https://pendlings-app1.t-767929534-cloudflare.workers.dev/?fran=Avesta&amp;till=Piteå</loc><changefreq>monthly</changefreq></url>
Gimo,Vilhelmina,592,421,Avståndet mellan Gimo och Vilhelmina är 592 km och Karl-Johan Gyllenstorm beräknade körtiden till cirka 421 minuter.,<url><loc>https://pendlings-app1.t-767929534-cloudflare.workers.dev/?fran=Gimo&amp;till=Vilhelmina</loc><changefreq>monthly</changefreq></url>
Kungsbacka,Hudiksvall,336,229,Avståndet mellan Kungsbacka och Hudiksvall är 336 km och Karl-Johan Gyllenstorm beräknade körtiden till cirka 229 minuter.,<url><loc>https://pendlings-app1.t-767929534-cloudflare.workers.dev/?fran=Kungsbacka&amp;till=Hudiksvall</loc><changefreq>monthly</changefreq></url>
Kinda,Alingsås,174,133,Avståndet mellan Kinda och Alingsås är 174 km och Karl-Johan Gyllenstorm beräknade körtiden till cirka 133 minuter.,<url><loc>https://pendlings-app1.t-767929534-cloudflare.workers.dev/?fran=Kinda&amp;till=Alingsås</loc><changefreq>monthly</changefreq></url>
Köping,Finspång,1203,882,Avståndet mellan Köping och Finspång är 1203 km och Karl-Johan Gyllenstorm beräknade körtiden till cirka 882 minuter.,<url><loc>https://pendlings-app1.t-767929534-cloudflare.workers.dev/?fran=Köping&amp;till=Finspång</loc><changefreq>monthly</changefreq></url>
Gimo,Kungsbacka,1105,732,Avståndet mellan Gimo och Kungsbacka är 1105 km och Karl-Johan Gyllenstorm beräknade körtiden till cirka 732 minuter.,<url><loc>https://pendlings-app1.t-767929534-cloudflare.workers.dev/?fran=Gimo&amp;till=Kungsbacka</loc><changefreq>monthly</changefreq></url>
Gullspång,Dorotea,910,588,Avståndet mellan Gullspång och Dorotea är 910 km och Karl-Johan Gyllenstorm beräknade körtiden till cirka 588 minuter.,<url><loc>https://pendlings-app1.t-767929534-cloudflare.workers.dev/?fran=Gullspång&amp;till=Dorotea</loc><changefreq>monthly</changefreq></url>
Östersund,Falkenberg,847,588,Avståndet mellan Östersund och Falkenberg är 847 km och Karl-Johan Gyllenstorm beräknade körtiden till cirka 588 minuter.,<url><loc>https://pendlings-app1.t-767929534-cloudflare.workers.dev/?fran=Östersund&amp;till=Falkenberg</loc><changefreq>monthly</changefreq></url>
Lycksele,Vårgårda,38,26,Avståndet mellan Lycksele och Vårgårda är 38 km och Karl-Johan Gyllenstorm beräknade körtiden till cirka 26 minuter.,<url><loc>https://pendlings-app1.t-767929534-cloudflare.workers.dev/?fran=Lycksele&amp;till=Vårgårda</loc><changefreq>monthly</changefreq></url>
Lekeberg,Piteå,823,655,Avståndet mellan Lekeberg och Piteå är 823 km och Karl-Johan Gyllenstorm beräknade körtiden till cirka 655 minuter.,<url><loc>https://pendlings-app1.t-767929534-cloudflare.workers.dev/?fran=Lekeberg&amp;till=Piteå</loc><changefreq>monthly</changefreq></url>
Norrköping,Roma,486,358,Avståndet mellan Norrköping och Roma är 486 km och Karl-Johan Gyllenstorm beräknade körtiden till cirka 358 minuter.,<url><loc>https://pendlings-app1.t-767929534-cloudflare.workers.dev/?fran=Norrköping&amp;till=Roma</loc><changefreq>monthly</changefreq></url>
Sävsjö,Mullsjö,333,249,Avståndet mellan Sävsjö och Mullsjö är 333 km och Karl-Johan Gyllenstorm beräknade körtiden till cirka 249 minuter.,<url><loc>https://pendlings-app1.t-767929534-cloudflare.workers.dev/?fran=Sävsjö&amp;till=Mullsjö</loc><changefreq>monthly</changefreq></url>
Örkelljunga,Havdhem,481,333,Avståndet mellan Örkelljunga och Havdhem är 481 km och Karl-Johan Gyllenstorm beräknade körtiden till cirka 333 minuter.,<url><loc>https://pendlings-app1.t-767929534-cloudflare.workers.dev/?fran=Örkelljunga&amp;till=Havdhem</loc><changefreq>monthly</changefreq></url>
Rättvik,Hässleholm,693,485,Avståndet mellan Rättvik och Hässleholm är 693 km och Karl-Johan Gyllenstorm beräknade körtiden till cirka 485 minuter.,<url><loc>https://pendlings-app1.t-767929534-cloudflare.workers.dev/?fran=Rättvik&amp;till=Hässleholm</loc><changefreq>monthly</changefreq></url>
Söderköping,Jönköping,1363,926,Avståndet mellan Söderköping och Jönköping är 1363 km och Karl-Johan Gyllenstorm beräknade körtiden till cirka 926 minuter.,<url><loc>https://pendlings-app1.t-767929534-cloudflare.workers.dev/?fran=Söderköping&amp;till=Jönköping</loc><changefreq>monthly</changefreq></url>
Habon,Sveg,1201,771,Avståndet mellan Habon och Sveg är 1201 km och Karl-Johan Gyllenstorm beräknade körtiden till cirka 771 minuter.,<url><loc>https://pendlings-app1.t-767929534-cloudflare.workers.dev/?fran=Habon&amp;till=Sveg</loc><changefreq>monthly</changefreq></url>
Vårgårda,Haparanda,1206,927,Avståndet mellan Vårgårda och Haparanda är 1206 km och Karl-Johan Gyllenstorm beräknade körtiden till cirka 927 minuter.,<url><loc>https://pendlings-app1.t-767929534-cloudflare.workers.dev/?fran=Vårgårda&amp;till=Haparanda</loc><changefreq>monthly</changefreq></url>
Olofström,Kungsör,328,249,Avståndet mellan Olofström och Kungsör är 328 km och Karl-Johan Gyllenstorm beräknade körtiden till cirka 249 minuter.,<url><loc>https://pendlings-app1.t-767929534-cloudflare.workers.dev/?fran=Olofström&amp;till=Kungsör</loc><changefreq>monthly</changefreq></url>
Trelleborg,Ragunda,396,308,Avståndet mellan Trelleborg och Ragunda är 396 km och Karl-Johan Gyllenstorm beräknade körtiden till cirka 308 minuter.,<url><loc>https://pendlings-app1.t-767929534-cloudflare.workers.dev/?fran=Trelleborg&amp;till=Ragunda</loc><changefreq>monthly</changefreq></url>
Färgelanda,Essunga,1117,770,Avståndet mellan Färgelanda och Essunga är 1117 km och Karl-Johan Gyllenstorm beräknade körtiden till cirka 770 minuter.,<url><loc>https://pendlings-app1.t-767929534-cloudflare.workers.dev/?fran=Färgelanda&amp;till=Essunga</loc><changefreq>monthly</changefreq></url>
Ystad,Klippan,105,70,Avståndet mellan Ystad och Klippan är 105 km och Karl-Johan Gyllenstorm beräknade körtiden till cirka 70 minuter.,<url><loc>https://pendlings-app1.t-767929534-cloudflare.workers.dev/?fran=Ystad&amp;till=Klippan</loc><changefreq>monthly</changefreq></url>
Tierp,Lidköping,1131,828,Avståndet mellan Tierp och Lidköping är 1131 km och Karl-Johan Gyllenstorm beräknade körtiden till cirka 828 minuter.,<url><loc>https://pendlings-app1.t-767929534-cloudflare.workers.dev/?fran=Tierp&amp;till=Lidköping</loc><changefreq>monthly</changefreq></url>
Burgsvik,Gnestad,166,122,Avståndet mellan Burgsvik och Gnestad är 166 km och Karl-Johan Gyllenstorm beräknade körtiden till cirka 122 minuter.,<url><loc>https://pendlings-app1.t-767929534-cloudflare.workers.dev/?fran=Burgsvik&amp;till=Gnestad</loc><changefreq>monthly</changefreq></url>
Tanum,Ed,670,430,Avståndet mellan Tanum och Ed är 670 km och Karl-Johan Gyllenstorm beräknade körtiden till cirka 430 minuter.,<url><loc>https://pendlings-app1.t-767929534-cloudflare.workers.dev/?fran=Tanum&amp;till=Ed</loc><changefreq>monthly</changefreq></url>
Götene,Sala,1372,1040,Avståndet mellan Götene och Sala är 1372 km och Karl-Johan Gyllenstorm beräknade körtiden till cirka 1040 minuter.,<url><loc>https://pendlings-app1.t-767929534-cloudflare.workers.dev/?fran=Götene&amp;till=Sala</loc><changefreq>monthly</changefreq></url>
Charlottenberg,Tierp,645,494,Avståndet mellan Charlottenberg och Tierp är 645 km och Karl-Johan Gyllenstorm beräknade körtiden till cirka 494 minuter.,<url><loc>https://pendlings-app1.t-767929534-cloudflare.workers.dev/?fran=Charlottenberg&amp;till=Tierp</loc><changefreq>monthly</changefreq></url>
Gullspång,Munkedal,580,437,Avståndet mellan Gullspång och Munkedal är 580 km och Karl-Johan Gyllenstorm beräknade körtiden till cirka 437 minuter.,<url><loc>https://pendlings-app1.t-767929534-cloudflare.workers.dev/?fran=Gullspång&amp;till=Munkedal</loc><changefreq>monthly</changefreq></url>
Höör,Östhammar,469,311,Avståndet mellan Höör och Östhammar är 469 km och Karl-Johan Gyllenstorm beräknade körtiden till cirka 311 minuter.,<url><loc>https://pendlings-app1.t-767929534-cloudflare.workers.dev/?fran=Höör&amp;till=Östhammar</loc><changefreq>monthly</changefreq></url>
Sunne,Gnosjö,80,62,Avståndet mellan Sunne och Gnosjö är 80 km och Karl-Johan Gyllenstorm beräknade körtiden till cirka 62 minuter.,<url><loc>https://pendlings-app1.t-767929534-cloudflare.workers.dev/?fran=Sunne&amp;till=Gnosjö</loc><changefreq>monthly</changefreq></url>
Åre,Sveg,925,716,Avståndet mellan Åre och Sveg är 925 km och Karl-Johan Gyllenstorm beräknade körtiden till cirka 716 minuter.,<url><loc>https://pendlings-app1.t-767929534-cloudflare.workers.dev/?fran=Åre&amp;till=Sveg</loc><changefreq>monthly</changefreq></url>
Hallsberg,Gagnef,793,630,Avståndet mellan Hallsberg och Gagnef är 793 km och Karl-Johan Gyllenstorm beräknade körtiden till cirka 630 minuter.,<url><loc>https://pendlings-app1.t-767929534-cloudflare.workers.dev/?fran=Hallsberg&amp;till=Gagnef</loc><changefreq>monthly</changefreq></url>
Ronehamn,Boden,452,328,Avståndet mellan Ronehamn och Boden är 452 km och Karl-Johan Gyllenstorm beräknade körtiden till cirka 328 minuter.,<url><loc>https://pendlings-app1.t-767929534-cloudflare.workers.dev/?fran=Ronehamn&amp;till=Boden</loc><changefreq>monthly</changefreq></url>
Vänersborg,Mörbylånga,940,673,Avståndet mellan Vänersborg och Mörbylånga är 940 km och Karl-Johan Gyllenstorm beräknade körtiden till cirka 673 minuter.,<url><loc>https://pendlings-app1.t-767929534-cloudflare.workers.dev/?fran=Vänersborg&amp;till=Mörbylånga</loc><changefreq>monthly</changefreq></url>
Fagersta,Lärbro,431,327,Avståndet mellan Fagersta och Lärbro är 431 km och Karl-Johan Gyllenstorm beräknade körtiden till cirka 327 minuter.,<url><loc>https://pendlings-app1.t-767929534-cloudflare.workers.dev/?fran=Fagersta&amp;till=Lärbro</loc><changefreq>monthly</changefreq></url>
Östersund,Vara,804,556,Avståndet mellan Östersund och Vara är 804 km och Karl-Johan Gyllenstorm beräknade körtiden till cirka 556 minuter.,<url><loc>https://pendlings-app1.t-767929534-cloudflare.workers.dev/?fran=Östersund&amp;till=Vara</loc><changefreq>monthly</changefreq></url>
Sölvesborg,Perstorp,280,219,Avståndet mellan Sölvesborg och Perstorp är 280 km och Karl-Johan Gyllenstorm beräknade körtiden till cirka 219 minuter.,<url><loc>https://pendlings-app1.t-767929534-cloudflare.workers.dev/?fran=Sölvesborg&amp;till=Perstorp</loc><changefreq>monthly</changefreq></url>
Trelleborg,Mariestad,383,270,Avståndet mellan Trelleborg och Mariestad är 383 km och Karl-Johan Gyllenstorm beräknade körtiden till cirka 270 minuter.,<url><loc>https://pendlings-app1.t-767929534-cloudflare.workers.dev/?fran=Trelleborg&amp;till=Mariestad</loc><changefreq>monthly</changefreq></url>
Årjäng,Mark,1209,811,Avståndet mellan Årjäng och Mark är 1209 km och Karl-Johan Gyllenstorm beräknade körtiden till cirka 811 minuter.,<url><loc>https://pendlings-app1.t-767929534-cloudflare.workers.dev/?fran=Årjäng&amp;till=Mark</loc><changefreq>monthly</changefreq></url>
Tingstäde,Mjölby,274,210,Avståndet mellan Tingstäde och Mjölby är 274 km och Karl-Johan Gyllenstorm beräknade körtiden till cirka 210 minuter.,<url><loc>https://pendlings-app1.t-767929534-cloudflare.workers.dev/?fran=Tingstäde&amp;till=Mjölby</loc><changefreq>monthly</changefreq></url>
Sävsjö,Årjäng,454,352,Avståndet mellan Sävsjö och Årjäng är 454 km och Karl-Johan Gyllenstorm beräknade körtiden till cirka 352 minuter.,<url><loc>https://pendlings-app1.t-767929534-cloudflare.workers.dev/?fran=Sävsjö&amp;till=Årjäng</loc><changefreq>monthly</changefreq></url>
Storuman,Östra Göinge,1026,685,Avståndet mellan Storuman och Östra Göinge är 1026 km och Karl-Johan Gyllenstorm beräknade körtiden till cirka 685 minuter.,<url><loc>https://pendlings-app1.t-767929534-cloudflare.workers.dev/?fran=Storuman&amp;till=Östra Göinge</loc><changefreq>monthly</changefreq></url>
Gislaved,Grythyttan,758,505,Avståndet mellan Gislaved och Grythyttan är 758 km och Karl-Johan Gyllenstorm beräknade körtiden till cirka 505 minuter.,<url><loc>https://pendlings-app1.t-767929534-cloudflare.workers.dev/?fran=Gislaved&amp;till=Grythyttan</loc><changefreq>monthly</changefreq></url>
Västervik,Stånga,673,485,Avståndet mellan Västervik och Stånga är 673 km och Karl-Johan Gyllenstorm beräknade körtiden till cirka 485 minuter.,<url><loc>https://pendlings-app1.t-767929534-cloudflare.workers.dev/?fran=Västervik&amp;till=Stånga</loc><changefreq>monthly</changefreq></url>
Skellefteå,Vansbro,455,288,Avståndet mellan Skellefteå och Vansbro är 455 km och Karl-Johan Gyllenstorm beräknade körtiden till cirka 288 minuter.,<url><loc>https://pendlings-app1.t-767929534-cloudflare.workers.dev/?fran=Skellefteå&amp;till=Vansbro</loc><changefreq>monthly</changefreq></url>
Jönköping,Staffanstorp,1063,776,Avståndet mellan Jönköping och Staffanstorp är 1063 km och Karl-Johan Gyllenstorm beräknade körtiden till cirka 776 minuter.,<url><loc>https://pendlings-app1.t-767929534-cloudflare.workers.dev/?fran=Jönköping&amp;till=Staffanstorp</loc><changefreq>monthly</changefreq></url>
Sveg,Karlskoga,547,385,Avståndet mellan Sveg och Karlskoga är 547 km och Karl-Johan Gyllenstorm beräknade körtiden till cirka 385 minuter.,<url><loc>https://pendlings-app1.t-767929534-cloudflare.workers.dev/?fran=Sveg&amp;till=Karlskoga</loc><changefreq>monthly</changefreq></url>
Eskilstuna,Högsby,960,765,Avståndet mellan Eskilstuna och Högsby är 960 km och Karl-Johan Gyllenstorm beräknade körtiden till cirka 765 minuter.,<url><loc>https://pendlings-app1.t-767929534-cloudflare.workers.dev/?fran=Eskilstuna&amp;till=Högsby</loc><changefreq>monthly</changefreq></url>
Lekeberg,Kalmar,803,529,Avståndet mellan Lekeberg och Kalmar är 803 km och Karl-Johan Gyllenstorm beräknade körtiden till cirka 529 minuter.,<url><loc>https://pendlings-app1.t-767929534-cloudflare.workers.dev/?fran=Lekeberg&amp;till=Kalmar</loc><changefreq>monthly</changefreq></url>
Jokkmokk,Boxholm,844,537,Avståndet mellan Jokkmokk och Boxholm är 844 km och Karl-Johan Gyllenstorm beräknade körtiden till cirka 537 minuter.,<url><loc>https://pendlings-app1.t-767929534-cloudflare.workers.dev/?fran=Jokkmokk&amp;till=Boxholm</loc><changefreq>monthly</changefreq></url>
Tranemo,Pajala,229,167,Avståndet mellan Tranemo och Pajala är 229 km och Karl-Johan Gyllenstorm beräknade körtiden till cirka 167 minuter.,<url><loc>https://pendlings-app1.t-767929534-cloudflare.workers.dev/?fran=Tranemo&amp;till=Pajala</loc><changefreq>monthly</changefreq></url>
Halmstad,Färgelanda,659,431,Avståndet mellan Halmstad och Färgelanda är 659 km och Karl-Johan Gyllenstorm beräknade körtiden till cirka 431 minuter.,<url><loc>https://pendlings-app1.t-767929534-cloudflare.workers.dev/?fran=Halmstad&amp;till=Färgelanda</loc><changefreq>monthly</changefreq></url>
Laholm,Tranås,914,584,Avståndet mellan Laholm och Tranås är 914 km och Karl-Johan Gyllenstorm beräknade körtiden till cirka 584 minuter.,<url><loc>https://pendlings-app1.t-767929534-cloudflare.workers.dev/?fran=Laholm&amp;till=Tranås</loc><changefreq>monthly</changefreq></url>
Ödeshög,Herrljunga,1360,1007,Avståndet mellan Ödeshög och Herrljunga är 1360 km och Karl-Johan Gyllenstorm beräknade körtiden till cirka 1007 minuter.,<url><loc>https://pendlings-app1.t-767929534-cloudflare.workers.dev/?fran=Ödeshög&amp;till=Herrljunga</loc><changefreq>monthly</changefreq></url>
Kungsbacka,Timrå,197,134,Avståndet mellan Kungsbacka och Timrå är 197 km och Karl-Johan Gyllenstorm beräknade körtiden till cirka 134 minuter.,<url><loc>https://pendlings-app1.t-767929534-cloudflare.workers.dev/?fran=Kungsbacka&amp;till=Timrå</loc><changefreq>monthly</changefreq></url>
Finspång,Sölvesborg,823,534,Avståndet mellan Finspång och Sölvesborg är 823 km och Karl-Johan Gyllenstorm beräknade körtiden till cirka 534 minuter.,<url><loc>https://pendlings-app1.t-767929534-cloudflare.workers.dev/?fran=Finspång&amp;till=Sölvesborg</loc><changefreq>monthly</changefreq></url>
Skinnskatteberg,Mellerud,57,36,Avståndet mellan Skinnskatteberg och Mellerud är 57 km och Karl-Johan Gyllenstorm beräknade körtiden till cirka 36 minuter.,<url><loc>https://pendlings-app1.t-767929534-cloudflare.workers.dev/?fran=Skinnskatteberg&amp;till=Mellerud</loc><changefreq>monthly</changefreq></url>
Vadstena,Åre,587,393,Avståndet mellan Vadstena och Åre är 587 km och Karl-Johan Gyllenstorm beräknade körtiden till cirka 393 minuter.,<url><loc>https://pendlings-app1.t-767929534-cloudflare.workers.dev/?fran=Vadstena&amp;till=Åre</loc><changefreq>monthly</changefreq></url>
Borgholm,Varberg,687,543,Avståndet mellan Borgholm och Varberg är 687 km och Karl-Johan Gyllenstorm beräknade körtiden till cirka 543 minuter.,<url><loc>https://pendlings-app1.t-767929534-cloudflare.workers.dev/?fran=Borgholm&amp;till=Varberg</loc><changefreq>monthly</changefreq></url>
Lycksele,Laxå,534,408,Avståndet mellan Lycksele och Laxå är 534 km och Karl-Johan Gyllenstorm beräknade körtiden till cirka 408 minuter.,<url><loc>https://pendlings-app1.t-767929534-cloudflare.workers.dev/?fran=Lycksele&amp;till=Laxå</loc><changefreq>monthly</changefreq></url>
Hällefor,Lärbro,43,33,Avståndet mellan Hällefor och Lärbro är 43 km och Karl-Johan Gyllenstorm beräknade körtiden till cirka 33 minuter.,<url><loc>https://pendlings-app1.t-767929534-cloudflare.workers.dev/?fran=Hällefor&amp;till=Lärbro</loc><changefreq>monthly</changefreq></url>
Osby,Svedala,343,265,Avståndet mellan Osby och Svedala är 343 km och Karl-Johan Gyllenstorm beräknade körtiden till cirka 265 minuter.,<url><loc>https://pendlings-app1.t-767929534-cloudflare.workers.dev/?fran=Osby&amp;till=Svedala</loc><changefreq>monthly</changefreq></url>
Borås,Bålsta,987,656,Avståndet mellan Borås och Bålsta är 987 km och Karl-Johan Gyllenstorm beräknade körtiden till cirka 656 minuter.,<url><loc>https://pendlings-app1.t-767929534-cloudflare.workers.dev/?fran=Borås&amp;till=Bålsta</loc><changefreq>monthly</changefreq></url>
Habon,Hemse,150,104,Avståndet mellan Habon och Hemse är 150 km och Karl-Johan Gyllenstorm beräknade körtiden till cirka 104 minuter.,<url><loc>https://pendlings-app1.t-767929534-cloudflare.workers.dev/?fran=Habon&amp;till=Hemse</loc><changefreq>monthly</changefreq></url>
Vimmerby,Rättvik,454,295,Avståndet mellan Vimmerby och Rättvik är 454 km och Karl-Johan Gyllenstorm beräknade körtiden till cirka 295 minuter.,<url><loc>https://pendlings-app1.t-767929534-cloudflare.workers.dev/?fran=Vimmerby&amp;till=Rättvik</loc><changefreq>monthly</changefreq></url>
Grythyttan,Uppsala,1378,1022,Avståndet mellan Grythyttan och Uppsala är 1378 km och Karl-Johan Gyllenstorm beräknade körtiden till cirka 1022 minuter.,<url><loc>https://pendlings-app1.t-767929534-cloudflare.workers.dev/?fran=Grythyttan&amp;till=Uppsala</loc><changefreq>monthly</changefreq></url>
Lysekil,Arboga,1289,928,Avståndet mellan Lysekil och Arboga är 1289 km och Karl-Johan Gyllenstorm beräknade körtiden till cirka 928 minuter.,<url><loc>https://pendlings-app1.t-767929534-cloudflare.workers.dev/?fran=Lysekil&amp;till=Arboga</loc><changefreq>monthly</changefreq></url>
Mörbylånga,Eksjö,347,250,Avståndet mellan Mörbylånga och Eksjö är 347 km och Karl-Johan Gyllenstorm beräknade körtiden till cirka 250 minuter.,<url><loc>https://pendlings-app1.t-767929534-cloudflare.workers.dev/?fran=Mörbylånga&amp;till=Eksjö</loc><changefreq>monthly</changefreq></url>
Krokom,Västerås,382,245,Avståndet mellan Krokom och Västerås är 382 km och Karl-Johan Gyllenstorm beräknade körtiden till cirka 245 minuter.,<url><loc>https://pendlings-app1.t-767929534-cloudflare.workers.dev/?fran=Krokom&amp;till=Västerås</loc><changefreq>monthly</changefreq></url>
Vimmerby,Sandviken,335,224,Avståndet mellan Vimmerby och Sandviken är 335 km och Karl-Johan Gyllenstorm beräknade körtiden till cirka 224 minuter.,<url><loc>https://pendlings-app1.t-767929534-cloudflare.workers.dev/?fran=Vimmerby&amp;till=Sandviken</loc><changefreq>monthly</changefreq></url>
Västervik,Rättvik,1394,1064,Avståndet mellan Västervik och Rättvik är 1394 km och Karl-Johan Gyllenstorm beräknade körtiden till cirka 1064 minuter.,<url><loc>https://pendlings-app1.t-767929534-cloudflare.workers.dev/?fran=Västervik&amp;till=Rättvik</loc><changefreq>monthly</changefreq></url>
Sorsele,Sollefteå,249,165,Avståndet mellan Sorsele och Sollefteå är 249 km och Karl-Johan Gyllenstorm beräknade körtiden till cirka 165 minuter.,<url><loc>https://pendlings-app1.t-767929534-cloudflare.workers.dev/?fran=Sorsele&amp;till=Sollefteå</loc><changefreq>monthly</changefreq></url>
Falun,Boxholm,86,61,Avståndet mellan Falun och Boxholm är 86 km och Karl-Johan Gyllenstorm beräknade körtiden till cirka 61 minuter.,<url><loc>https://pendlings-app1.t-767929534-cloudflare.workers.dev/?fran=Falun&amp;till=Boxholm</loc><changefreq>monthly</changefreq></url>
Roma,Herrljunga,651,470,Avståndet mellan Roma och Herrljunga är 651 km och Karl-Johan Gyllenstorm beräknade körtiden till cirka 470 minuter.,<url><loc>https://pendlings-app1.t-767929534-cloudflare.workers.dev/?fran=Roma&amp;till=Herrljunga</loc><changefreq>monthly</changefreq></url>
Köping,Skutskär,789,508,Avståndet mellan Köping och Skutskär är 789 km och Karl-Johan Gyllenstorm beräknade körtiden till cirka 508 minuter.,<url><loc>https://pendlings-app1.t-767929534-cloudflare.workers.dev/?fran=Köping&amp;till=Skutskär</loc><changefreq>monthly</changefreq></url>
Svenljunga,Storfors,568,390,Avståndet mellan Svenljunga och Storfors är 568 km och Karl-Johan Gyllenstorm beräknade körtiden till cirka 390 minuter.,<url><loc>https://pendlings-app1.t-767929534-cloudflare.workers.dev/?fran=Svenljunga&amp;till=Storfors</loc><changefreq>monthly</changefreq></url>
Tranemo,Laxå,83,55,Avståndet mellan Tranemo och Laxå är 83 km och Karl-Johan Gyllenstorm beräknade körtiden till cirka 55 minuter.,<url><loc>https://pendlings-app1.t-767929534-cloudflare.workers.dev/?fran=Tranemo&amp;till=Laxå</loc><changefreq>monthly</changefreq></url>
Luleå,Klintehamn,704,559,Avståndet mellan Luleå och Klintehamn är 704 km och Karl-Johan Gyllenstorm beräknade körtiden till cirka 559 minuter.,<url><loc>https://pendlings-app1.t-767929534-cloudflare.workers.dev/?fran=Luleå&amp;till=Klintehamn</loc><changefreq>monthly</changefreq></url>
Stånga,Mullsjö,988,783,Avståndet mellan Stånga och Mullsjö är 988 km och Karl-Johan Gyllenstorm beräknade körtiden till cirka 783 minuter.,<url><loc>https://pendlings-app1.t-767929534-cloudflare.workers.dev/?fran=Stånga&amp;till=Mullsjö</loc><changefreq>monthly</changefreq></url>
Överkalix,Svalöv,320,206,Avståndet mellan Överkalix och Svalöv är 320 km och Karl-Johan Gyllenstorm beräknade körtiden till cirka 206 minuter.,<url><loc>https://pendlings-app1.t-767929534-cloudflare.workers.dev/?fran=Överkalix&amp;till=Svalöv</loc><changefreq>monthly</changefreq></url>
Grythyttan,Malmö,120,84,Avståndet mellan Grythyttan och Malmö är 120 km och Karl-Johan Gyllenstorm beräknade körtiden till cirka 84 minuter.,<url><loc>https://pendlings-app1.t-767929534-cloudflare.workers.dev/?fran=Grythyttan&amp;till=Malmö</loc><changefreq>monthly</changefreq></url>
Boxholm,Karlshamn,1250,838,Avståndet mellan Boxholm och Karlshamn är 1250 km och Karl-Johan Gyllenstorm beräknade körtiden till cirka 838 minuter.,<url><loc>https://pendlings-app1.t-767929534-cloudflare.workers.dev/?fran=Boxholm&amp;till=Karlshamn</loc><changefreq>monthly</changefreq></url>
Mönsterås,Rättvik,372,286,Avståndet mellan Mönsterås och Rättvik är 372 km och Karl-Johan Gyllenstorm beräknade körtiden till cirka 286 minuter.,<url><loc>https://pendlings-app1.t-767929534-cloudflare.workers.dev/?fran=Mönsterås&amp;till=Rättvik</loc><changefreq>monthly</changefreq></url>
Pajala,Haparanda,55,40,Avståndet mellan Pajala och Haparanda är 55 km och Karl-Johan Gyllenstorm beräknade körtiden till cirka 40 minuter.,<url><loc>https://pendlings-app1.t-767929534-cloudflare.workers.dev/?fran=Pajala&amp;till=Haparanda</loc><changefreq>monthly</changefreq></url>
Mönsterås,Ödeshög,481,376,Avståndet mellan Mönsterås och Ödeshög är 481 km och Karl-Johan Gyllenstorm beräknade körtiden till cirka 376 minuter.,<url><loc>https://pendlings-app1.t-767929534-cloudflare.workers.dev/?fran=Mönsterås&amp;till=Ödeshög</loc><changefreq>monthly</changefreq></url>
Håbo,Älvsbyn,160,124,Avståndet mellan Håbo och Älvsbyn är 160 km och Karl-Johan Gyllenstorm beräknade körtiden till cirka 124 minuter.,<url><loc>https://pendlings-app1.t-767929534-cloudflare.workers.dev/?fran=Håbo&amp;till=Älvsbyn</loc><changefreq>monthly</changefreq></url>
Sotenäs,Eskilstuna,999,711,Avståndet mellan Sotenäs och Eskilstuna är 999 km och Karl-Johan Gyllenstorm beräknade körtiden till cirka 711 minuter.,<url><loc>https://pendlings-app1.t-767929534-cloudflare.workers.dev/?fran=Sotenäs&amp;till=Eskilstuna</loc><changefreq>monthly</changefreq></url>
Simrishamn,Berg,875,570,Avståndet mellan Simrishamn och Berg är 875 km och Karl-Johan Gyllenstorm beräknade körtiden till cirka 570 minuter.,<url><loc>https://pendlings-app1.t-767929534-cloudflare.workers.dev/?fran=Simrishamn&amp;till=Berg</loc><changefreq>monthly</changefreq></url>
Skellefteå,Ljusdal,1124,805,Avståndet mellan Skellefteå och Ljusdal är 1124 km och Karl-Johan Gyllenstorm beräknade körtiden till cirka 805 minuter.,<url><loc>https://pendlings-app1.t-767929534-cloudflare.workers.dev/?fran=Skellefteå&amp;till=Ljusdal</loc><changefreq>monthly</changefreq></url>
Hallsberg,Norsjö,1260,829,Avståndet mellan Hallsberg och Norsjö är 1260 km och Karl-Johan Gyllenstorm beräknade körtiden till cirka 829 minuter.,<url><loc>https://pendlings-app1.t-767929534-cloudflare.workers.dev/?fran=Hallsberg&amp;till=Norsjö</loc><changefreq>monthly</changefreq></url>
Bromölla,Håbo,26,19,Avståndet mellan Bromölla och Håbo är 26 km och Karl-Johan Gyllenstorm beräknade körtiden till cirka 19 minuter.,<url><loc>https://pendlings-app1.t-767929534-cloudflare.workers.dev/?fran=Bromölla&amp;till=Håbo</loc><changefreq>monthly</changefreq></url>
Storuman,Finspång,986,636,Avståndet mellan Storuman och Finspång är 986 km och Karl-Johan Gyllenstorm beräknade körtiden till cirka 636 minuter.,<url><loc>https://pendlings-app1.t-767929534-cloudflare.workers.dev/?fran=Storuman&amp;till=Finspång</loc><changefreq>monthly</changefreq></url>
Växjö,Hallstahammar,551,426,Avståndet mellan Växjö och Hallstahammar är 551 km och Karl-Johan Gyllenstorm beräknade körtiden till cirka 426 minuter.,<url><loc>https://pendlings-app1.t-767929534-cloudflare.workers.dev/?fran=Växjö&amp;till=Hallstahammar</loc><changefreq>monthly</changefreq></url>
Mullsjö,Sävsjö,1369,957,Avståndet mellan Mullsjö och Sävsjö är 1369 km och Karl-Johan Gyllenstorm beräknade körtiden till cirka 957 minuter.,<url><loc>https://pendlings-app1.t-767929534-cloudflare.workers.dev/?fran=Mullsjö&amp;till=Sävsjö</loc><changefreq>monthly</changefreq></url>
Aneby,Hallstahammar,1281,870,Avståndet mellan Aneby och Hallstahammar är 1281 km och Karl-Johan Gyllenstorm beräknade körtiden till cirka 870 minuter.,<url><loc>https://pendlings-app1.t-767929534-cloudflare.workers.dev/?fran=Aneby&amp;till=Hallstahammar</loc><changefreq>monthly</changefreq></url>
Karlsborg,Skinnskatteberg,222,158,Avståndet mellan Karlsborg och Skinnskatteberg är 222 km och Karl-Johan Gyllenstorm beräknade körtiden till cirka 158 minuter.,<url><loc>https://pendlings-app1.t-767929534-cloudflare.workers.dev/?fran=Karlsborg&amp;till=Skinnskatteberg</loc><changefreq>monthly</changefreq></url>
Kopparberg,Bålsta,1194,908,Avståndet mellan Kopparberg och Bålsta är 1194 km och Karl-Johan Gyllenstorm beräknade körtiden till cirka 908 minuter.,<url><loc>https://pendlings-app1.t-767929534-cloudflare.workers.dev/?fran=Kopparberg&amp;till=Bålsta</loc><changefreq>monthly</changefreq></url>
Torsby,Köping,474,333,Avståndet mellan Torsby och Köping är 474 km och Karl-Johan Gyllenstorm beräknade körtiden till cirka 333 minuter.,<url><loc>https://pendlings-app1.t-767929534-cloudflare.workers.dev/?fran=Torsby&amp;till=Köping</loc><changefreq>monthly</changefreq></url>
Landskrona,Vingåker,317,239,Avståndet mellan Landskrona och Vingåker är 317 km och Karl-Johan Gyllenstorm beräknade körtiden till cirka 239 minuter.,<url><loc>https://pendlings-app1.t-767929534-cloudflare.workers.dev/?fran=Landskrona&amp;till=Vingåker</loc><changefreq>monthly</changefreq></url>
Ydre,Sotenäs,193,129,Avståndet mellan Ydre och Sotenäs är 193 km och Karl-Johan Gyllenstorm beräknade körtiden till cirka 129 minuter.,<url><loc>https://pendlings-app1.t-767929534-cloudflare.workers.dev/?fran=Ydre&amp;till=Sotenäs</loc><changefreq>monthly</changefreq></url>
Ludvika,Klippan,852,634,Avståndet mellan Ludvika och Klippan är 852 km och Karl-Johan Gyllenstorm beräknade körtiden till cirka 634 minuter.,<url><loc>https://pendlings-app1.t-767929534-cloudflare.workers.dev/?fran=Ludvika&amp;till=Klippan</loc><changefreq>monthly</changefreq></url>
Lindesberg,Kristianstad,1284,999,Avståndet mellan Lindesberg och Kristianstad är 1284 km och Karl-Johan Gyllenstorm beräknade körtiden till cirka 999 minuter.,<url><loc>https://pendlings-app1.t-767929534-cloudflare.workers.dev/?fran=Lindesberg&amp;till=Kristianstad</loc><changefreq>monthly</changefreq></url>
Tibro,Vellinge,488,366,Avståndet mellan Tibro och Vellinge är 488 km och Karl-Johan Gyllenstorm beräknade körtiden till cirka 366 minuter.,<url><loc>https://pendlings-app1.t-767929534-cloudflare.workers.dev/?fran=Tibro&amp;till=Vellinge</loc><changefreq>monthly</changefreq></url>
Ystad,Tierp,1375,1018,Avståndet mellan Ystad och Tierp är 1375 km och Karl-Johan Gyllenstorm beräknade körtiden till cirka 1018 minuter.,<url><loc>https://pendlings-app1.t-767929534-cloudflare.workers.dev/?fran=Ystad&amp;till=Tierp</loc><changefreq>monthly</changefreq></url>
Sveg,Havdhem,971,659,Avståndet mellan Sveg och Havdhem är 971 km och Karl-Johan Gyllenstorm beräknade körtiden till cirka 659 minuter.,<url><loc>https://pendlings-app1.t-767929534-cloudflare.workers.dev/?fran=Sveg&amp;till=Havdhem</loc><changefreq>monthly</changefreq></url>
Karlshamn,Arvika,1089,766,Avståndet mellan Karlshamn och Arvika är 1089 km och Karl-Johan Gyllenstorm beräknade körtiden till cirka 766 minuter.,<url><loc>https://pendlings-app1.t-767929534-cloudflare.workers.dev/?fran=Karlshamn&amp;till=Arvika</loc><changefreq>monthly</changefreq></url>
Stånga,Årjäng,571,380,Avståndet mellan Stånga och Årjäng är 571 km och Karl-Johan Gyllenstorm beräknade körtiden till cirka 380 minuter.,<url><loc>https://pendlings-app1.t-767929534-cloudflare.workers.dev/?fran=Stånga&amp;till=Årjäng</loc><changefreq>monthly</changefreq></url>
Dorotea,Lindesberg,294,216,Avståndet mellan Dorotea och Lindesberg är 294 km och Karl-Johan Gyllenstorm beräknade körtiden till cirka 216 minuter.,<url><loc>https://pendlings-app1.t-767929534-cloudflare.workers.dev/?fran=Dorotea&amp;till=Lindesberg</loc><changefreq>monthly</changefreq></url>
Hofors,Sundsvall,792,539,Avståndet mellan Hofors och Sundsvall är 792 km och Karl-Johan Gyllenstorm beräknade körtiden till cirka 539 minuter.,<url><loc>https://pendlings-app1.t-767929534-cloudflare.workers.dev/?fran=Hofors&amp;till=Sundsvall</loc><changefreq>monthly</changefreq></url>
Dorotea,Ronehamn,1211,810,Avståndet mellan Dorotea och Ronehamn är 1211 km och Karl-Johan Gyllenstorm beräknade körtiden till cirka 810 minuter.,<url><loc>https://pendlings-app1.t-767929534-cloudflare.workers.dev/?fran=Dorotea&amp;till=Ronehamn</loc><changefreq>monthly</changefreq></url>
Torsby,Motala,95,63,Avståndet mellan Torsby och Motala är 95 km och Karl-Johan Gyllenstorm beräknade körtiden till cirka 63 minuter.,<url><loc>https://pendlings-app1.t-767929534-cloudflare.workers.dev/?fran=Torsby&amp;till=Motala</loc><changefreq>monthly</changefreq></url>
Helsingborg,Eda,813,557,Avståndet mellan Helsingborg och Eda är 813 km och Karl-Johan Gyllenstorm beräknade körtiden till cirka 557 minuter.,<url><loc>https://pendlings-app1.t-767929534-cloudflare.workers.dev/?fran=Helsingborg&amp;till=Eda</loc><changefreq>monthly</changefreq></url>
Lidköping,Berg,430,273,Avståndet mellan Lidköping och Berg är 430 km och Karl-Johan Gyllenstorm beräknade körtiden till cirka 273 minuter.,<url><loc>https://pendlings-app1.t-767929534-cloudflare.workers.dev/?fran=Lidköping&amp;till=Berg</loc><changefreq>monthly</changefreq></url>
Knivsta,Krokom,54,42,Avståndet mellan Knivsta och Krokom är 54 km och Karl-Johan Gyllenstorm beräknade körtiden till cirka 42 minuter.,<url><loc>https://pendlings-app1.t-767929534-cloudflare.workers.dev/?fran=Knivsta&amp;till=Krokom</loc><changefreq>monthly</changefreq></url>
Hyltebruk,Vara,94,61,Avståndet mellan Hyltebruk och Vara är 94 km och Karl-Johan Gyllenstorm beräknade körtiden till cirka 61 minuter.,<url><loc>https://pendlings-app1.t-767929534-cloudflare.workers.dev/?fran=Hyltebruk&amp;till=Vara</loc><changefreq>monthly</changefreq></url>
Simrishamn,Bollnäs,512,393,Avståndet mellan Simrishamn och Bollnäs är 512 km och Karl-Johan Gyllenstorm beräknade körtiden till cirka 393 minuter.,<url><loc>https://pendlings-app1.t-767929534-cloudflare.workers.dev/?fran=Simrishamn&amp;till=Bollnäs</loc><changefreq>monthly</changefreq></url>
Trollhättan,Vara,685,546,Avståndet mellan Trollhättan och Vara är 685 km och Karl-Johan Gyllenstorm beräknade körtiden till cirka 546 minuter.,<url><loc>https://pendlings-app1.t-767929534-cloudflare.workers.dev/?fran=Trollhättan&amp;till=Vara</loc><changefreq>monthly</changefreq></url>
Roma,Åre,1009,715,Avståndet mellan Roma och Åre är 1009 km och Karl-Johan Gyllenstorm beräknade körtiden till cirka 715 minuter.,<url><loc>https://pendlings-app1.t-767929534-cloudflare.workers.dev/?fran=Roma&amp;till=Åre</loc><changefreq>monthly</changefreq></url>
Osby,Norsjö,729,555,Avståndet mellan Osby och Norsjö är 729 km och Karl-Johan Gyllenstorm beräknade körtiden till cirka 555 minuter.,<url><loc>https://pendlings-app1.t-767929534-cloudflare.workers.dev/?fran=Osby&amp;till=Norsjö</loc><changefreq>monthly</changefreq></url>
Västervik,Laxå,1207,871,Avståndet mellan Västervik och Laxå är 1207 km och Karl-Johan Gyllenstorm beräknade körtiden till cirka 871 minuter.,<url><loc>https://pendlings-app1.t-767929534-cloudflare.workers.dev/?fran=Västervik&amp;till=Laxå</loc><changefreq>monthly</changefreq></url>
Åre,Säffle,464,331,Avståndet mellan Åre och Säffle är 464 km och Karl-Johan Gyllenstorm beräknade körtiden till cirka 331 minuter.,<url><loc>https://pendlings-app1.t-767929534-cloudflare.workers.dev/?fran=Åre&amp;till=Säffle</loc><changefreq>monthly</changefreq></url>
Strömstad,Höganäs,563,393,Avståndet mellan Strömstad och Höganäs är 563 km och Karl-Johan Gyllenstorm beräknade körtiden till cirka 393 minuter.,<url><loc>https://pendlings-app1.t-767929534-cloudflare.workers.dev/?fran=Strömstad&amp;till=Höganäs</loc><changefreq>monthly</changefreq></url>
Gävle,Svenljunga,266,178,Avståndet mellan Gävle och Svenljunga är 266 km och Karl-Johan Gyllenstorm beräknade körtiden till cirka 178 minuter.,<url><loc>https://pendlings-app1.t-767929534-cloudflare.workers.dev/?fran=Gävle&amp;till=Svenljunga</loc><changefreq>monthly</changefreq></url>
Malung,Fårösund,1367,908,Avståndet mellan Malung och Fårösund är 1367 km och Karl-Johan Gyllenstorm beräknade körtiden till cirka 908 minuter.,<url><loc>https://pendlings-app1.t-767929534-cloudflare.workers.dev/?fran=Malung&amp;till=Fårösund</loc><changefreq>monthly</changefreq></url>
Färgelanda,Skara,715,525,Avståndet mellan Färgelanda och Skara är 715 km och Karl-Johan Gyllenstorm beräknade körtiden till cirka 525 minuter.,<url><loc>https://pendlings-app1.t-767929534-cloudflare.workers.dev/?fran=Färgelanda&amp;till=Skara</loc><changefreq>monthly</changefreq></url>
Kävlinge,Gimo,406,304,Avståndet mellan Kävlinge och Gimo är 406 km och Karl-Johan Gyllenstorm beräknade körtiden till cirka 304 minuter.,<url><loc>https://pendlings-app1.t-767929534-cloudflare.workers.dev/?fran=Kävlinge&amp;till=Gimo</loc><changefreq>monthly</changefreq></url>
Essunga,Sandviken,1023,679,Avståndet mellan Essunga och Sandviken är 1023 km och Karl-Johan Gyllenstorm beräknade körtiden till cirka 679 minuter.,<url><loc>https://pendlings-app1.t-767929534-cloudflare.workers.dev/?fran=Essunga&amp;till=Sandviken</loc><changefreq>monthly</changefreq></url>
Trollhättan,Rättvik,959,652,Avståndet mellan Trollhättan och Rättvik är 959 km och Karl-Johan Gyllenstorm beräknade körtiden till cirka 652 minuter.,<url><loc>https://pendlings-app1.t-767929534-cloudflare.workers.dev/?fran=Trollhättan&amp;till=Rättvik</loc><changefreq>monthly</changefreq></url>
Karlskrona,Övertorneå,1393,907,Avståndet mellan Karlskrona och Övertorneå är 1393 km och Karl-Johan Gyllenstorm beräknade körtiden till cirka 907 minuter.,<url><loc>https://pendlings-app1.t-767929534-cloudflare.workers.dev/?fran=Karlskrona&amp;till=Övertorneå</loc><changefreq>monthly</changefreq></url>
Gällivare,Vårgårda,1088,813,Avståndet mellan Gällivare och Vårgårda är 1088 km och Karl-Johan Gyllenstorm beräknade körtiden till cirka 813 minuter.,<url><loc>https://pendlings-app1.t-767929534-cloudflare.workers.dev/?fran=Gällivare&amp;till=Vårgårda</loc><changefreq>monthly</changefreq></url>
Pajala,Kristianstad,773,555,Avståndet mellan Pajala och Kristianstad är 773 km och Karl-Johan Gyllenstorm beräknade körtiden till cirka 555 minuter.,<url><loc>https://pendlings-app1.t-767929534-cloudflare.workers.dev/?fran=Pajala&amp;till=Kristianstad</loc><changefreq>monthly</changefreq></url>
Strängnäs,Kinda,77,49,Avståndet mellan Strängnäs och Kinda är 77 km och Karl-Johan Gyllenstorm beräknade körtiden till cirka 49 minuter.,<url><loc>https://pendlings-app1.t-767929534-cloudflare.workers.dev/?fran=Strängnäs&amp;till=Kinda</loc><changefreq>monthly</changefreq></url>
Oxelösund,Krokom,283,221,Avståndet mellan Oxelösund och Krokom är 283 km och Karl-Johan Gyllenstorm beräknade körtiden till cirka 221 minuter.,<url><loc>https://pendlings-app1.t-767929534-cloudflare.workers.dev/?fran=Oxelösund&amp;till=Krokom</loc><changefreq>monthly</changefreq></url>
Vellinge,Borås,961,629,Avståndet mellan Vellinge och Borås är 961 km och Karl-Johan Gyllenstorm beräknade körtiden till cirka 629 minuter.,<url><loc>https://pendlings-app1.t-767929534-cloudflare.workers.dev/?fran=Vellinge&amp;till=Borås</loc><changefreq>monthly</changefreq></url>
Älvdalen,Karlshamn,271,189,Avståndet mellan Älvdalen och Karlshamn är 271 km och Karl-Johan Gyllenstorm beräknade körtiden till cirka 189 minuter.,<url><loc>https://pendlings-app1.t-767929534-cloudflare.workers.dev/?fran=Älvdalen&amp;till=Karlshamn</loc><changefreq>monthly</changefreq></url>
Tranemo,Kristinehamn,630,488,Avståndet mellan Tranemo och Kristinehamn är 630 km och Karl-Johan Gyllenstorm beräknade körtiden till cirka 488 minuter.,<url><loc>https://pendlings-app1.t-767929534-cloudflare.workers.dev/?fran=Tranemo&amp;till=Kristinehamn</loc><changefreq>monthly</changefreq></url>
Härnösand,Tranås,736,544,Avståndet mellan Härnösand och Tranås är 736 km och Karl-Johan Gyllenstorm beräknade körtiden till cirka 544 minuter.,<url><loc>https://pendlings-app1.t-767929534-cloudflare.workers.dev/?fran=Härnösand&amp;till=Tranås</loc><changefreq>monthly</changefreq></url>
Sunne,Lysekil,918,640,Avståndet mellan Sunne och Lysekil är 918 km och Karl-Johan Gyllenstorm beräknade körtiden till cirka 640 minuter.,<url><loc>https://pendlings-app1.t-767929534-cloudflare.workers.dev/?fran=Sunne&amp;till=Lysekil</loc><changefreq>monthly</changefreq></url>
Hofors,Älvdalen,194,123,Avståndet mellan Hofors och Älvdalen är 194 km och Karl-Johan Gyllenstorm beräknade körtiden till cirka 123 minuter.,<url><loc>https://pendlings-app1.t-767929534-cloudflare.workers.dev/?fran=Hofors&amp;till=Älvdalen</loc><changefreq>monthly</changefreq></url>
Hallsberg,Uddevalla,1058,807,Avståndet mellan Hallsberg och Uddevalla är 1058 km och Karl-Johan Gyllenstorm beräknade körtiden till cirka 807 minuter.,<url><loc>https://pendlings-app1.t-767929534-cloudflare.workers.dev/?fran=Hallsberg&amp;till=Uddevalla</loc><changefreq>monthly</changefreq></url>
Höganäs,Sävsjö,1071,814,Avståndet mellan Höganäs och Sävsjö är 1071 km och Karl-Johan Gyllenstorm beräknade körtiden till cirka 814 minuter.,<url><loc>https://pendlings-app1.t-767929534-cloudflare.workers.dev/?fran=Höganäs&amp;till=Sävsjö</loc><changefreq>monthly</changefreq></url>
Gävle,Emmaboda,1418,1071,Avståndet mellan Gävle och Emmaboda är 1418 km och Karl-Johan Gyllenstorm beräknade körtiden till cirka 1071 minuter.,<url><loc>https://pendlings-app1.t-767929534-cloudflare.workers.dev/?fran=Gävle&amp;till=Emmaboda</loc><changefreq>monthly</changefreq></url>
Tingstäde,Bengtsfors,59,45,Avståndet mellan Tingstäde och Bengtsfors är 59 km och Karl-Johan Gyllenstorm beräknade körtiden till cirka 45 minuter.,<url><loc>https://pendlings-app1.t-767929534-cloudflare.workers.dev/?fran=Tingstäde&amp;till=Bengtsfors</loc><changefreq>monthly</changefreq></url>
Trosa,Katrineholm,749,526,Avståndet mellan Trosa och Katrineholm är 749 km och Karl-Johan Gyllenstorm beräknade körtiden till cirka 526 minuter.,<url><loc>https://pendlings-app1.t-767929534-cloudflare.workers.dev/?fran=Trosa&amp;till=Katrineholm</loc><changefreq>monthly</changefreq></url>
Surahammar,Ljusnarsberg,335,233,Avståndet mellan Surahammar och Ljusnarsberg är 335 km och Karl-Johan Gyllenstorm beräknade körtiden till cirka 233 minuter.,<url><loc>https://pendlings-app1.t-767929534-cloudflare.workers.dev/?fran=Surahammar&amp;till=Ljusnarsberg</loc><changefreq>monthly</changefreq></url>
Boxholm,Älvkarleby,1111,780,Avståndet mellan Boxholm och Älvkarleby är 1111 km och Karl-Johan Gyllenstorm beräknade körtiden till cirka 780 minuter.,<url><loc>https://pendlings-app1.t-767929534-cloudflare.workers.dev/?fran=Boxholm&amp;till=Älvkarleby</loc><changefreq>monthly</changefreq></url>
Havdhem,Nora,1116,814,Avståndet mellan Havdhem och Nora är 1116 km och Karl-Johan Gyllenstorm beräknade körtiden till cirka 814 minuter.,<url><loc>https://pendlings-app1.t-767929534-cloudflare.workers.dev/?fran=Havdhem&amp;till=Nora</loc><changefreq>monthly</changefreq></url>
Sävsjö,Gnosjö,496,335,Avståndet mellan Sävsjö och Gnosjö är 496 km och Karl-Johan Gyllenstorm beräknade körtiden till cirka 335 minuter.,<url><loc>https://pendlings-app1.t-767929534-cloudflare.workers.dev/?fran=Sävsjö&amp;till=Gnosjö</loc><changefreq>monthly</changefreq></url>
Lekeberg,Hofors,1112,852,Avståndet mellan Lekeberg och Hofors är 1112 km och Karl-Johan Gyllenstorm beräknade körtiden till cirka 852 minuter.,<url><loc>https://pendlings-app1.t-767929534-cloudflare.workers.dev/?fran=Lekeberg&amp;till=Hofors</loc><changefreq>monthly</changefreq></url>
Håbo,Söderköping,350,273,Avståndet mellan Håbo och Söderköping är 350 km och Karl-Johan Gyllenstorm beräknade körtiden till cirka 273 minuter.,<url><loc>https://pendlings-app1.t-767929534-cloudflare.workers.dev/?fran=Håbo&amp;till=Söderköping</loc><changefreq>monthly</changefreq></url>
Bräcke,Slite,364,249,Avståndet mellan Bräcke och Slite är 364 km och Karl-Johan Gyllenstorm beräknade körtiden till cirka 249 minuter.,<url><loc>https://pendlings-app1.t-767929534-cloudflare.workers.dev/?fran=Bräcke&amp;till=Slite</loc><changefreq>monthly</changefreq></url>
Vilhelmina,Surahammar,1291,974,Avståndet mellan Vilhelmina och Surahammar är 1291 km och Karl-Johan Gyllenstorm beräknade körtiden till cirka 974 minuter.,<url><loc>https://pendlings-app1.t-767929534-cloudflare.workers.dev/?fran=Vilhelmina&amp;till=Surahammar</loc><changefreq>monthly</changefreq></url>
Huddinge,Forshaga,336,235,Avståndet mellan Huddinge och Forshaga är 336 km och Karl-Johan Gyllenstorm beräknade körtiden till cirka 235 minuter.,<url><loc>https://pendlings-app1.t-767929534-cloudflare.workers.dev/?fran=Huddinge&amp;till=Forshaga</loc><changefreq>monthly</changefreq></url>
Härnösand,Storfors,1273,915,Avståndet mellan Härnösand och Storfors är 1273 km och Karl-Johan Gyllenstorm beräknade körtiden till cirka 915 minuter.,<url><loc>https://pendlings-app1.t-767929534-cloudflare.workers.dev/?fran=Härnösand&amp;till=Storfors</loc><changefreq>monthly</changefreq></url>
Nyköping,Timrå,439,327,Avståndet mellan Nyköping och Timrå är 439 km och Karl-Johan Gyllenstorm beräknade körtiden till cirka 327 minuter.,<url><loc>https://pendlings-app1.t-767929534-cloudflare.workers.dev/?fran=Nyköping&amp;till=Timrå</loc><changefreq>monthly</changefreq></url>
Sala,Rättvik,845,626,Avståndet mellan Sala och Rättvik är 845 km och Karl-Johan Gyllenstorm beräknade körtiden till cirka 626 minuter.,<url><loc>https://pendlings-app1.t-767929534-cloudflare.workers.dev/?fran=Sala&amp;till=Rättvik</loc><changefreq>monthly</changefreq></url>
Sotenäs,Åsele,1093,694,Avståndet mellan Sotenäs och Åsele är 1093 km och Karl-Johan Gyllenstorm beräknade körtiden till cirka 694 minuter.,<url><loc>https://pendlings-app1.t-767929534-cloudflare.workers.dev/?fran=Sotenäs&amp;till=Åsele</loc><changefreq>monthly</changefreq></url>
Osby,Krokom,1000,711,Avståndet mellan Osby och Krokom är 1000 km och Karl-Johan Gyllenstorm beräknade körtiden till cirka 711 minuter.,<url><loc>https://pendlings-app1.t-767929534-cloudflare.workers.dev/?fran=Osby&amp;till=Krokom</loc><changefreq>monthly</changefreq></url>
Lekeberg,Trelleborg,303,203,Avståndet mellan Lekeberg och Trelleborg är 303 km och Karl-Johan Gyllenstorm beräknade körtiden till cirka 203 minuter.,<url><loc>https://pendlings-app1.t-767929534-cloudflare.workers.dev/?fran=Lekeberg&amp;till=Trelleborg</loc><changefreq>monthly</changefreq></url>
Tranemo,Ulricehamn,639,511,Avståndet mellan Tranemo och Ulricehamn är 639 km och Karl-Johan Gyllenstorm beräknade körtiden till cirka 511 minuter.,<url><loc>https://pendlings-app1.t-767929534-cloudflare.workers.dev/?fran=Tranemo&amp;till=Ulricehamn</loc><changefreq>monthly</changefreq></url>
Örnsköldsvik,Kungsör,539,363,Avståndet mellan Örnsköldsvik och Kungsör är 539 km och Karl-Johan Gyllenstorm beräknade körtiden till cirka 363 minuter.,<url><loc>https://pendlings-app1.t-767929534-cloudflare.workers.dev/?fran=Örnsköldsvik&amp;till=Kungsör</loc><changefreq>monthly</changefreq></url>
Sala,Vårgårda,1393,1029,Avståndet mellan Sala och Vårgårda är 1393 km och Karl-Johan Gyllenstorm beräknade körtiden till cirka 1029 minuter.,<url><loc>https://pendlings-app1.t-767929534-cloudflare.workers.dev/?fran=Sala&amp;till=Vårgårda</loc><changefreq>monthly</changefreq></url>
Norrköping,Avesta,1280,884,Avståndet mellan Norrköping och Avesta är 1280 km och Karl-Johan Gyllenstorm beräknade körtiden till cirka 884 minuter.,<url><loc>https://pendlings-app1.t-767929534-cloudflare.workers.dev/?fran=Norrköping&amp;till=Avesta</loc><changefreq>monthly</changefreq></url>
Skurup,Visby,161,127,Avståndet mellan Skurup och Visby är 161 km och Karl-Johan Gyllenstorm beräknade körtiden till cirka 127 minuter.,<url><loc>https://pendlings-app1.t-767929534-cloudflare.workers.dev/?fran=Skurup&amp;till=Visby</loc><changefreq>monthly</changefreq></url>
Laholm,Gävle,865,667,Avståndet mellan Laholm och Gävle är 865 km och Karl-Johan Gyllenstorm beräknade körtiden till cirka 667 minuter.,<url><loc>https://pendlings-app1.t-767929534-cloudflare.workers.dev/?fran=Laholm&amp;till=Gävle</loc><changefreq>monthly</changefreq></url>
Finspång,Eslöv,1009,662,Avståndet mellan Finspång och Eslöv är 1009 km och Karl-Johan Gyllenstorm beräknade körtiden till cirka 662 minuter.,<url><loc>https://pendlings-app1.t-767929534-cloudflare.workers.dev/?fran=Finspång&amp;till=Eslöv</loc><changefreq>monthly</changefreq></url>
Landskrona,Skurup,521,377,Avståndet mellan Landskrona och Skurup är 521 km och Karl-Johan Gyllenstorm beräknade körtiden till cirka 377 minuter.,<url><loc>https://pendlings-app1.t-767929534-cloudflare.workers.dev/?fran=Landskrona&amp;till=Skurup</loc><changefreq>monthly</changefreq></url>
Aneby,Skara,351,240,Avståndet mellan Aneby och Skara är 351 km och Karl-Johan Gyllenstorm beräknade körtiden till cirka 240 minuter.,<url><loc>https://pendlings-app1.t-767929534-cloudflare.workers.dev/?fran=Aneby&amp;till=Skara</loc><changefreq>monthly</changefreq></url>
Söderhamn,Simrishamn,825,570,Avståndet mellan Söderhamn och Simrishamn är 825 km och Karl-Johan Gyllenstorm beräknade körtiden till cirka 570 minuter.,<url><loc>https://pendlings-app1.t-767929534-cloudflare.workers.dev/?fran=Söderhamn&amp;till=Simrishamn</loc><changefreq>monthly</changefreq></url>
Skellefteå,Vänersborg,534,349,Avståndet mellan Skellefteå och Vänersborg är 534 km och Karl-Johan Gyllenstorm beräknade körtiden till cirka 349 minuter.,<url><loc>https://pendlings-app1.t-767929534-cloudflare.workers.dev/?fran=Skellefteå&amp;till=Vänersborg</loc><changefreq>monthly</changefreq></url>
Trelleborg,Boden,169,128,Avståndet mellan Trelleborg och Boden är 169 km och Karl-Johan Gyllenstorm beräknade körtiden till cirka 128 minuter.,<url><loc>https://pendlings-app1.t-767929534-cloudflare.workers.dev/?fran=Trelleborg&amp;till=Boden</loc><changefreq>monthly</changefreq></url>
Simrishamn,Habon,590,455,Avståndet mellan Simrishamn och Habon är 590 km och Karl-Johan Gyllenstorm beräknade körtiden till cirka 455 minuter.,<url><loc>https://pendlings-app1.t-767929534-cloudflare.workers.dev/?fran=Simrishamn&amp;till=Habon</loc><changefreq>monthly</changefreq></url>
Laholm,Örnsköldsvik,847,656,Avståndet mellan Laholm och Örnsköldsvik är 847 km och Karl-Johan Gyllenstorm beräknade körtiden till cirka 656 minuter.,<url><loc>https://pendlings-app1.t-767929534-cloudflare.workers.dev/?fran=Laholm&amp;till=Örnsköldsvik</loc><changefreq>monthly</changefreq></url>
Vingåker,Enköping,1224,782,Avståndet mellan Vingåker och Enköping är 1224 km och Karl-Johan Gyllenstorm beräknade körtiden till cirka 782 minuter.,<url><loc>https://pendlings-app1.t-767929534-cloudflare.workers.dev/?fran=Vingåker&amp;till=Enköping</loc><changefreq>monthly</changefreq></url>
Åsele,Landskrona,335,254,Avståndet mellan Åsele och Landskrona är 335 km och Karl-Johan Gyllenstorm beräknade körtiden till cirka 254 minuter.,<url><loc>https://pendlings-app1.t-767929534-cloudflare.workers.dev/?fran=Åsele&amp;till=Landskrona</loc><changefreq>monthly</changefreq></url>
Eskilstuna,Emmaboda,316,214,Avståndet mellan Eskilstuna och Emmaboda är 316 km och Karl-Johan Gyllenstorm beräknade körtiden till cirka 214 minuter.,<url><loc>https://pendlings-app1.t-767929534-cloudflare.workers.dev/?fran=Eskilstuna&amp;till=Emmaboda</loc><changefreq>monthly</changefreq></url>
Halmstad,Grythyttan,695,554,Avståndet mellan Halmstad och Grythyttan är 695 km och Karl-Johan Gyllenstorm beräknade körtiden till cirka 554 minuter.,<url><loc>https://pendlings-app1.t-767929534-cloudflare.workers.dev/?fran=Halmstad&amp;till=Grythyttan</loc><changefreq>monthly</changefreq></url>
Varberg,Skinnskatteberg,265,186,Avståndet mellan Varberg och Skinnskatteberg är 265 km och Karl-Johan Gyllenstorm beräknade körtiden till cirka 186 minuter.,<url><loc>https://pendlings-app1.t-767929534-cloudflare.workers.dev/?fran=Varberg&amp;till=Skinnskatteberg</loc><changefreq>monthly</changefreq></url>
Karlstad,Sunne,1098,855,Avståndet mellan Karlstad och Sunne är 1098 km och Karl-Johan Gyllenstorm beräknade körtiden till cirka 855 minuter.,<url><loc>https://pendlings-app1.t-767929534-cloudflare.workers.dev/?fran=Karlstad&amp;till=Sunne</loc><changefreq>monthly</changefreq></url>
Surahammar,Malung,1312,905,Avståndet mellan Surahammar och Malung är 1312 km och Karl-Johan Gyllenstorm beräknade körtiden till cirka 905 minuter.,<url><loc>https://pendlings-app1.t-767929534-cloudflare.workers.dev/?fran=Surahammar&amp;till=Malung</loc><changefreq>monthly</changefreq></url>
Gävle,Helsingborg,500,340,Avståndet mellan Gävle och Helsingborg är 500 km och Karl-Johan Gyllenstorm beräknade körtiden till cirka 340 minuter.,<url><loc>https://pendlings-app1.t-767929534-cloudflare.workers.dev/?fran=Gävle&amp;till=Helsingborg</loc><changefreq>monthly</changefreq></url>
Staffanstorp,Borås,636,417,Avståndet mellan Staffanstorp och Borås är 636 km och Karl-Johan Gyllenstorm beräknade körtiden till cirka 417 minuter.,<url><loc>https://pendlings-app1.t-767929534-cloudflare.workers.dev/?fran=Staffanstorp&amp;till=Borås</loc><changefreq>monthly</changefreq></url>
Timrå,Gnestad,1133,757,Avståndet mellan Timrå och Gnestad är 1133 km och Karl-Johan Gyllenstorm beräknade körtiden till cirka 757 minuter.,<url><loc>https://pendlings-app1.t-767929534-cloudflare.workers.dev/?fran=Timrå&amp;till=Gnestad</loc><changefreq>monthly</changefreq></url>
Grästorp,Skövde,955,734,Avståndet mellan Grästorp och Skövde är 955 km och Karl-Johan Gyllenstorm beräknade körtiden till cirka 734 minuter.,<url><loc>https://pendlings-app1.t-767929534-cloudflare.workers.dev/?fran=Grästorp&amp;till=Skövde</loc><changefreq>monthly</changefreq></url>
Kils,Bjuv,724,470,Avståndet mellan Kils och Bjuv är 724 km och Karl-Johan Gyllenstorm beräknade körtiden till cirka 470 minuter.,<url><loc>https://pendlings-app1.t-767929534-cloudflare.workers.dev/?fran=Kils&amp;till=Bjuv</loc><changefreq>monthly</changefreq></url>
Vadstena,Ljusnarsberg,108,78,Avståndet mellan Vadstena och Ljusnarsberg är 108 km och Karl-Johan Gyllenstorm beräknade körtiden till cirka 78 minuter.,<url><loc>https://pendlings-app1.t-767929534-cloudflare.workers.dev/?fran=Vadstena&amp;till=Ljusnarsberg</loc><changefreq>monthly</changefreq></url>
Älvkarleby,Havdhem,548,426,Avståndet mellan Älvkarleby och Havdhem är 548 km och Karl-Johan Gyllenstorm beräknade körtiden till cirka 426 minuter.,<url><loc>https://pendlings-app1.t-767929534-cloudflare.workers.dev/?fran=Älvkarleby&amp;till=Havdhem</loc><changefreq>monthly</changefreq></url>
Skellefteå,Askersund,980,704,Avståndet mellan Skellefteå och Askersund är 980 km och Karl-Johan Gyllenstorm beräknade körtiden till cirka 704 minuter.,<url><loc>https://pendlings-app1.t-767929534-cloudflare.workers.dev/?fran=Skellefteå&amp;till=Askersund</loc><changefreq>monthly</changefreq></url>
Storfors,Vadstena,369,239,Avståndet mellan Storfors och Vadstena är 369 km och Karl-Johan Gyllenstorm beräknade körtiden till cirka 239 minuter.,<url><loc>https://pendlings-app1.t-767929534-cloudflare.workers.dev/?fran=Storfors&amp;till=Vadstena</loc><changefreq>monthly</changefreq></url>
Vibble,Gullspång,1441,937,Avståndet mellan Vibble och Gullspång är 1441 km och Karl-Johan Gyllenstorm beräknade körtiden till cirka 937 minuter.,<url><loc>https://pendlings-app1.t-767929534-cloudflare.workers.dev/?fran=Vibble&amp;till=Gullspång</loc><changefreq>monthly</changefreq></url>
Höganäs,Ulricehamn,1022,680,Avståndet mellan Höganäs och Ulricehamn är 1022 km och Karl-Johan Gyllenstorm beräknade körtiden till cirka 680 minuter.,<url><loc>https://pendlings-app1.t-767929534-cloudflare.workers.dev/?fran=Höganäs&amp;till=Ulricehamn</loc><changefreq>monthly</changefreq></url>
Sävsjö,Mora,485,341,Avståndet mellan Sävsjö och Mora är 485 km och Karl-Johan Gyllenstorm beräknade körtiden till cirka 341 minuter.,<url><loc>https://pendlings-app1.t-767929534-cloudflare.workers.dev/?fran=Sävsjö&amp;till=Mora</loc><changefreq>monthly</changefreq></url>
Skurup,Tingstäde,206,130,Avståndet mellan Skurup och Tingstäde är 206 km och Karl-Johan Gyllenstorm beräknade körtiden till cirka 130 minuter.,<url><loc>https://pendlings-app1.t-767929534-cloudflare.workers.dev/?fran=Skurup&amp;till=Tingstäde</loc><changefreq>monthly</changefreq></url>
Trosa,Sjöbo,1260,803,Avståndet mellan Trosa och Sjöbo är 1260 km och Karl-Johan Gyllenstorm beräknade körtiden till cirka 803 minuter.,<url><loc>https://pendlings-app1.t-767929534-cloudflare.workers.dev/?fran=Trosa&amp;till=Sjöbo</loc><changefreq>monthly</changefreq></url>
