Startort,Destination,Distans_km,Kortid_min,Genererad_Text,Sitemap_Rad
Skara,Vellinge,742,584,Avståndet mellan Skara och Vellinge är 742 km och Karl-Johan Gyllenstorm beräknade körtiden till cirka 584 minuter.,<url><loc>https://pendlings-app1.t-767929534-cloudflare.workers.dev/?fran=Skara&amp;till=Vellinge</loc><changefreq>monthly</changefreq></url>
Hörby,Tofta,647,422,Avståndet mellan Hörby och Tofta är 647 km och Karl-Johan Gyllenstorm beräknade körtiden till cirka 422 minuter.,<url><loc>https://pendlings-app1.t-767929534-cloudflare.workers.dev/?fran=Hörby&amp;till=Tofta</loc><changefreq>monthly</changefreq></url>
Visby,Filipstad,763,547,Avståndet mellan Visby och Filipstad är 763 km och Karl-Johan Gyllenstorm beräknade körtiden till cirka 547 minuter.,<url><loc>https://pendlings-app1.t-767929534-cloudflare.workers.dev/?fran=Visby&amp;till=Filipstad</loc><changefreq>monthly</changefreq></url>
Storuman,Eskilstuna,654,504,Avståndet mellan Storuman och Eskilstuna är 654 km och Karl-Johan Gyllenstorm beräknade körtiden till cirka 504 minuter.,<url><loc>https://pendlings-app1.t-767929534-cloudflare.workers.dev/?fran=Storuman&amp;till=Eskilstuna</loc><changefreq>monthly</changefreq></url>
Leksand,Torsby,796,523,Avståndet mellan Leksand och Torsby är 796 km och Karl-Johan Gyllenstorm beräknade körtiden till cirka 523 minuter.,<url><loc>https://pendlings-app1.t-767929534-cloudflare.workers.dev/?fran=Leksand&amp;till=Torsby</loc><changefreq>monthly</changefreq></url>
Vansbro,Höganäs,250,174,Avståndet mellan Vansbro och Höganäs är 250 km och Karl-Johan Gyllenstorm beräknade körtiden till cirka 174 minuter.,<url><loc>https://pendlings-app1.t-767929534-cloudflare.workers.dev/?fran=Vansbro&amp;till=Höganäs</loc><changefreq>monthly</changefreq></url>
Enköping,Älvsbyn,529,374,Avståndet mellan Enköping och Älvsbyn är 529 km och Karl-Johan Gyllenstorm beräknade körtiden till cirka 374 minuter.,<url><loc>https://pendlings-app1.t-767929534-cloudflare.workers.dev/?fran=Enköping&amp;till=Älvsbyn</loc><changefreq>monthly</changefreq></url>
Vänersborg,Tranås,287,208,Avståndet mellan Vänersborg och Tranås är 287 km och Karl-Johan Gyllenstorm beräknade körtiden till cirka 208 minuter.,<url><loc>https://pendlings-app1.t-767929534-cloudflare.workers.dev/?fran=Vänersborg&amp;till=Tranås</loc><changefreq>monthly</changefreq></url>
Sorsele,Ånge,161,112,Avståndet mellan Sorsele och Ånge är 161 km och Karl-Johan Gyllenstorm beräknade körtiden till cirka 112 minuter.,<url><loc>https://pendlings-app1.t-767929534-cloudflare.workers.dev/?fran=Sorsele&amp;till=Ånge</loc><changefreq>monthly</changefreq></url>
Mönsterås,Strömstad,755,505,Avståndet mellan Mönsterås och Strömstad är 755 km och Karl-Johan Gyllenstorm beräknade körtiden till cirka 505 minuter.,<url><loc>https://pendlings-app1.t-767929534-cloudflare.workers.dev/?fran=Mönsterås&amp;till=Strömstad</loc><changefreq>monthly</changefreq></url>
Knivsta,Kristinehamn,1341,974,Avståndet mellan Knivsta och Kristinehamn är 1341 km och Karl-Johan Gyllenstorm beräknade körtiden till cirka 974 minuter.,<url><loc>https://pendlings-app1.t-767929534-cloudflare.workers.dev/?fran=Knivsta&amp;till=Kristinehamn</loc><changefreq>monthly</changefreq></url>
Forshaga,Herrljunga,1279,875,Avståndet mellan Forshaga och Herrljunga är 1279 km och Karl-Johan Gyllenstorm beräknade körtiden till cirka 875 minuter.,<url><loc>https://pendlings-app1.t-767929534-cloudflare.workers.dev/?fran=Forshaga&amp;till=Herrljunga</loc><changefreq>monthly</changefreq></url>
Vimmerby,Storuman,754,522,Avståndet mellan Vimmerby och Storuman är 754 km och Karl-Johan Gyllenstorm beräknade körtiden till cirka 522 minuter.,<url><loc>https://pendlings-app1.t-767929534-cloudflare.workers.dev/?fran=Vimmerby&amp;till=Storuman</loc><changefreq>monthly</changefreq></url>
Götene,Torsby,348,238,Avståndet mellan Götene och Torsby är 348 km och Karl-Johan Gyllenstorm beräknade körtiden till cirka 238 minuter.,<url><loc>https://pendlings-app1.t-767929534-cloudflare.workers.dev/?fran=Götene&amp;till=Torsby</loc><changefreq>monthly</changefreq></url>
Örnsköldsvik,Norrköping,1020,690,Avståndet mellan Örnsköldsvik och Norrköping är 1020 km och Karl-Johan Gyllenstorm beräknade körtiden till cirka 690 minuter.,<url><loc>https://pendlings-app1.t-767929534-cloudflare.workers.dev/?fran=Örnsköldsvik&amp;till=Norrköping</loc><changefreq>monthly</changefreq></url>
Tofta,Hässleholm,794,518,Avståndet mellan Tofta och Hässleholm är 794 km och Karl-Johan Gyllenstorm beräknade körtiden till cirka 518 minuter.,<url><loc>https://pendlings-app1.t-767929534-cloudflare.workers.dev/?fran=Tofta&amp;till=Hässleholm</loc><changefreq>monthly</changefreq></url>
Klippan,Hudiksvall,563,370,Avståndet mellan Klippan och Hudiksvall är 563 km och Karl-Johan Gyllenstorm beräknade körtiden till cirka 370 minuter.,<url><loc>https://pendlings-app1.t-767929534-cloudflare.workers.dev/?fran=Klippan&amp;till=Hudiksvall</loc><changefreq>monthly</changefreq></url>
Västervik,Skellefteå,636,438,Avståndet mellan Västervik och Skellefteå är 636 km och Karl-Johan Gyllenstorm beräknade körtiden till cirka 438 minuter.,<url><loc>https://pendlings-app1.t-767929534-cloudflare.workers.dev/?fran=Västervik&amp;till=Skellefteå</loc><changefreq>monthly</changefreq></url>
Höör,Kils,78,59,Avståndet mellan Höör och Kils är 78 km och Karl-Johan Gyllenstorm beräknade körtiden till cirka 59 minuter.,<url><loc>https://pendlings-app1.t-767929534-cloudflare.workers.dev/?fran=Höör&amp;till=Kils</loc><changefreq>monthly</changefreq></url>
Mariestad,Kopparberg,1146,844,Avståndet mellan Mariestad och Kopparberg är 1146 km och Karl-Johan Gyllenstorm beräknade körtiden till cirka 844 minuter.,<url><loc>https://pendlings-app1.t-767929534-cloudflare.workers.dev/?fran=Mariestad&amp;till=Kopparberg</loc><changefreq>monthly</changefreq></url>
Jokkmokk,Kinda,391,261,Avståndet mellan Jokkmokk och Kinda är 391 km och Karl-Johan Gyllenstorm beräknade körtiden till cirka 261 minuter.,<url><loc>https://pendlings-app1.t-767929534-cloudflare.workers.dev/?fran=Jokkmokk&amp;till=Kinda</loc><changefreq>monthly</changefreq></url>
Mönsterås,Mullsjö,710,520,Avståndet mellan Mönsterås och Mullsjö är 710 km och Karl-Johan Gyllenstorm beräknade körtiden till cirka 520 minuter.,<url><loc>https://pendlings-app1.t-767929534-cloudflare.workers.dev/?fran=Mönsterås&amp;till=Mullsjö</loc><changefreq>monthly</changefreq></url>
Klippan,Skutskär,451,295,Avståndet mellan Klippan och Skutskär är 451 km och Karl-Johan Gyllenstorm beräknade körtiden till cirka 295 minuter.,<url><loc>https://pendlings-app1.t-767929534-cloudflare.workers.dev/?fran=Klippan&amp;till=Skutskär</loc><changefreq>monthly</changefreq></url>
Sollefteå,Hällefor,580,384,Avståndet mellan Sollefteå och Hällefor är 580 km och Karl-Johan Gyllenstorm beräknade körtiden till cirka 384 minuter.,<url><loc>https://pendlings-app1.t-767929534-cloudflare.workers.dev/?fran=Sollefteå&amp;till=Hällefor</loc><changefreq>monthly</changefreq></url>
Gimo,Ånge,1424,1066,Avståndet mellan Gimo och Ånge är 1424 km och Karl-Johan Gyllenstorm beräknade körtiden till cirka 1066 minuter.,<url><loc>https://pendlings-app1.t-767929534-cloudflare.workers.dev/?fran=Gimo&amp;till=Ånge</loc><changefreq>monthly</changefreq></url>
Avesta,Strömsund,1150,831,Avståndet mellan Avesta och Strömsund är 1150 km och Karl-Johan Gyllenstorm beräknade körtiden till cirka 831 minuter.,<url><loc>https://pendlings-app1.t-767929534-cloudflare.workers.dev/?fran=Avesta&amp;till=Strömsund</loc><changefreq>monthly</changefreq></url>
Örnsköldsvik,Olofström,313,239,Avståndet mellan Örnsköldsvik och Olofström är 313 km och Karl-Johan Gyllenstorm beräknade körtiden till cirka 239 minuter.,<url><loc>https://pendlings-app1.t-767929534-cloudflare.workers.dev/?fran=Örnsköldsvik&amp;till=Olofström</loc><changefreq>monthly</changefreq></url>
Trosa,Askersund,1122,846,Avståndet mellan Trosa och Askersund är 1122 km och Karl-Johan Gyllenstorm beräknade körtiden till cirka 846 minuter.,<url><loc>https://pendlings-app1.t-767929534-cloudflare.workers.dev/?fran=Trosa&amp;till=Askersund</loc><changefreq>monthly</changefreq></url>
Östra Göinge,Torsby,26,19,Avståndet mellan Östra Göinge och Torsby är 26 km och Karl-Johan Gyllenstorm beräknade körtiden till cirka 19 minuter.,<url><loc>https://pendlings-app1.t-767929534-cloudflare.workers.dev/?fran=Östra Göinge&amp;till=Torsby</loc><changefreq>monthly</changefreq></url>
Bollebygd,Ronneby,518,330,Avståndet mellan Bollebygd och Ronneby är 518 km och Karl-Johan Gyllenstorm beräknade körtiden till cirka 330 minuter.,<url><loc>https://pendlings-app1.t-767929534-cloudflare.workers.dev/?fran=Bollebygd&amp;till=Ronneby</loc><changefreq>monthly</changefreq></url>
Västervik,Åmål,160,120,Avståndet mellan Västervik och Åmål är 160 km och Karl-Johan Gyllenstorm beräknade körtiden till cirka 120 minuter.,<url><loc>https://pendlings-app1.t-767929534-cloudflare.workers.dev/?fran=Västervik&amp;till=Åmål</loc><changefreq>monthly</changefreq></url>
Malmö,Kristianstad,764,569,Avståndet mellan Malmö och Kristianstad är 764 km och Karl-Johan Gyllenstorm beräknade körtiden till cirka 569 minuter.,<url><loc>https://pendlings-app1.t-767929534-cloudflare.workers.dev/?fran=Malmö&amp;till=Kristianstad</loc><changefreq>monthly</changefreq></url>
Kopparberg,Svenljunga,1449,1134,Avståndet mellan Kopparberg och Svenljunga är 1449 km och Karl-Johan Gyllenstorm beräknade körtiden till cirka 1134 minuter.,<url><loc>https://pendlings-app1.t-767929534-cloudflare.workers.dev/?fran=Kopparberg&amp;till=Svenljunga</loc><changefreq>monthly</changefreq></url>
Haparanda,Ed,1431,1014,Avståndet mellan Haparanda och Ed är 1431 km och Karl-Johan Gyllenstorm beräknade körtiden till cirka 1014 minuter.,<url><loc>https://pendlings-app1.t-767929534-cloudflare.workers.dev/?fran=Haparanda&amp;till=Ed</loc><changefreq>monthly</changefreq></url>
Gnestad,Höör,1213,795,Avståndet mellan Gnestad och Höör är 1213 km och Karl-Johan Gyllenstorm beräknade körtiden till cirka 795 minuter.,<url><loc>https://pendlings-app1.t-767929534-cloudflare.workers.dev/?fran=Gnestad&amp;till=Höör</loc><changefreq>monthly</changefreq></url>
Hallstahammar,Kils,329,240,Avståndet mellan Hallstahammar och Kils är 329 km och Karl-Johan Gyllenstorm beräknade körtiden till cirka 240 minuter.,<url><loc>https://pendlings-app1.t-767929534-cloudflare.workers.dev/?fran=Hallstahammar&amp;till=Kils</loc><changefreq>monthly</changefreq></url>
Trosa,Borås,259,194,Avståndet mellan Trosa och Borås är 259 km och Karl-Johan Gyllenstorm beräknade körtiden till cirka 194 minuter.,<url><loc>https://pendlings-app1.t-767929534-cloudflare.workers.dev/?fran=Trosa&amp;till=Borås</loc><changefreq>monthly</changefreq></url>
Ockelbo,Klintehamn,1229,876,Avståndet mellan Ockelbo och Klintehamn är 1229 km och Karl-Johan Gyllenstorm beräknade körtiden till cirka 876 minuter.,<url><loc>https://pendlings-app1.t-767929534-cloudflare.workers.dev/?fran=Ockelbo&amp;till=Klintehamn</loc><changefreq>monthly</changefreq></url>
Strängnäs,Sunne,1083,771,Avståndet mellan Strängnäs och Sunne är 1083 km och Karl-Johan Gyllenstorm beräknade körtiden till cirka 771 minuter.,<url><loc>https://pendlings-app1.t-767929534-cloudflare.workers.dev/?fran=Strängnäs&amp;till=Sunne</loc><changefreq>monthly</changefreq></url>
Vimmerby,Nybro,673,509,Avståndet mellan Vimmerby och Nybro är 673 km och Karl-Johan Gyllenstorm beräknade körtiden till cirka 509 minuter.,<url><loc>https://pendlings-app1.t-767929534-cloudflare.workers.dev/?fran=Vimmerby&amp;till=Nybro</loc><changefreq>monthly</changefreq></url>
Charlottenberg,Växjö,299,194,Avståndet mellan Charlottenberg och Växjö är 299 km och Karl-Johan Gyllenstorm beräknade körtiden till cirka 194 minuter.,<url><loc>https://pendlings-app1.t-767929534-cloudflare.workers.dev/?fran=Charlottenberg&amp;till=Växjö</loc><changefreq>monthly</changefreq></url>
Älvkarleby,Söderköping,41,30,Avståndet mellan Älvkarleby och Söderköping är 41 km och Karl-Johan Gyllenstorm beräknade körtiden till cirka 30 minuter.,<url><loc>https://pendlings-app1.t-767929534-cloudflare.workers.dev/?fran=Älvkarleby&amp;till=Söderköping</loc><changefreq>monthly</changefreq></url>
Degerfors,Orsa,1219,898,Avståndet mellan Degerfors och Orsa är 1219 km och Karl-Johan Gyllenstorm beräknade körtiden till cirka 898 minuter.,<url><loc>https://pendlings-app1.t-767929534-cloudflare.workers.dev/?fran=Degerfors&amp;till=Orsa</loc><changefreq>monthly</changefreq></url>
Dorotea,Linköping,524,375,Avståndet mellan Dorotea och Linköping är 524 km och Karl-Johan Gyllenstorm beräknade körtiden till cirka 375 minuter.,<url><loc>https://pendlings-app1.t-767929534-cloudflare.workers.dev/?fran=Dorotea&amp;till=Linköping</loc><changefreq>monthly</changefreq></url>
Habon,Linköping,1357,973,Avståndet mellan Habon och Linköping är 1357 km och Karl-Johan Gyllenstorm beräknade körtiden till cirka 973 minuter.,<url><loc>https://pendlings-app1.t-767929534-cloudflare.workers.dev/?fran=Habon&amp;till=Linköping</loc><changefreq>monthly</changefreq></url>
Grythyttan,Burgsvik,219,154,Avståndet mellan Grythyttan och Burgsvik är 219 km och Karl-Johan Gyllenstorm beräknade körtiden till cirka 154 minuter.,<url><loc>https://pendlings-app1.t-767929534-cloudflare.workers.dev/?fran=Grythyttan&amp;till=Burgsvik</loc><changefreq>monthly</changefreq></url>
Simrishamn,Munkedal,131,88,Avståndet mellan Simrishamn och Munkedal är 131 km och Karl-Johan Gyllenstorm beräknade körtiden till cirka 88 minuter.,<url><loc>https://pendlings-app1.t-767929534-cloudflare.workers.dev/?fran=Simrishamn&amp;till=Munkedal</loc><changefreq>monthly</changefreq></url>
Charlottenberg,Tranemo,790,557,Avståndet mellan Charlottenberg och Tranemo är 790 km och Karl-Johan Gyllenstorm beräknade körtiden till cirka 557 minuter.,<url><loc>https://pendlings-app1.t-767929534-cloudflare.workers.dev/?fran=Charlottenberg&amp;till=Tranemo</loc><changefreq>monthly</changefreq></url>
Vansbro,Ragunda,147,115,Avståndet mellan Vansbro och Ragunda är 147 km och Karl-Johan Gyllenstorm beräknade körtiden till cirka 115 minuter.,<url><loc>https://pendlings-app1.t-767929534-cloudflare.workers.dev/?fran=Vansbro&amp;till=Ragunda</loc><changefreq>monthly</changefreq></url>
Storuman,Svalöv,1122,796,Avståndet mellan Storuman och Svalöv är 1122 km och Karl-Johan Gyllenstorm beräknade körtiden till cirka 796 minuter.,<url><loc>https://pendlings-app1.t-767929534-cloudflare.workers.dev/?fran=Storuman&amp;till=Svalöv</loc><changefreq>monthly</changefreq></url>
Tierp,Södertälje,523,409,Avståndet mellan Tierp och Södertälje är 523 km och Karl-Johan Gyllenstorm beräknade körtiden till cirka 409 minuter.,<url><loc>https://pendlings-app1.t-767929534-cloudflare.workers.dev/?fran=Tierp&amp;till=Södertälje</loc><changefreq>monthly</changefreq></url>
Karlsborg,Vilhelmina,447,310,Avståndet mellan Karlsborg och Vilhelmina är 447 km och Karl-Johan Gyllenstorm beräknade körtiden till cirka 310 minuter.,<url><loc>https://pendlings-app1.t-767929534-cloudflare.workers.dev/?fran=Karlsborg&amp;till=Vilhelmina</loc><changefreq>monthly</changefreq></url>
Munkfors,Malung,689,538,Avståndet mellan Munkfors och Malung är 689 km och Karl-Johan Gyllenstorm beräknade körtiden till cirka 538 minuter.,<url><loc>https://pendlings-app1.t-767929534-cloudflare.workers.dev/?fran=Munkfors&amp;till=Malung</loc><changefreq>monthly</changefreq></url>
Flen,Trelleborg,157,118,Avståndet mellan Flen och Trelleborg är 157 km och Karl-Johan Gyllenstorm beräknade körtiden till cirka 118 minuter.,<url><loc>https://pendlings-app1.t-767929534-cloudflare.workers.dev/?fran=Flen&amp;till=Trelleborg</loc><changefreq>monthly</changefreq></url>
Lidköping,Dorotea,912,647,Avståndet mellan Lidköping och Dorotea är 912 km och Karl-Johan Gyllenstorm beräknade körtiden till cirka 647 minuter.,<url><loc>https://pendlings-app1.t-767929534-cloudflare.workers.dev/?fran=Lidköping&amp;till=Dorotea</loc><changefreq>monthly</changefreq></url>
Flen,Gislaved,869,665,Avståndet mellan Flen och Gislaved är 869 km och Karl-Johan Gyllenstorm beräknade körtiden till cirka 665 minuter.,<url><loc>https://pendlings-app1.t-767929534-cloudflare.workers.dev/?fran=Flen&amp;till=Gislaved</loc><changefreq>monthly</changefreq></url>
Vårgårda,Vetlanda,237,151,Avståndet mellan Vårgårda och Vetlanda är 237 km och Karl-Johan Gyllenstorm beräknade körtiden till cirka 151 minuter.,<url><loc>https://pendlings-app1.t-767929534-cloudflare.workers.dev/?fran=Vårgårda&amp;till=Vetlanda</loc><changefreq>monthly</changefreq></url>
Kalix,Bollnäs,55,39,Avståndet mellan Kalix och Bollnäs är 55 km och Karl-Johan Gyllenstorm beräknade körtiden till cirka 39 minuter.,<url><loc>https://pendlings-app1.t-767929534-cloudflare.workers.dev/?fran=Kalix&amp;till=Bollnäs</loc><changefreq>monthly</changefreq></url>
Höör,Örkelljunga,1148,900,Avståndet mellan Höör och Örkelljunga är 1148 km och Karl-Johan Gyllenstorm beräknade körtiden till cirka 900 minuter.,<url><loc>https://pendlings-app1.t-767929534-cloudflare.workers.dev/?fran=Höör&amp;till=Örkelljunga</loc><changefreq>monthly</changefreq></url>
Munkedal,Munkfors,959,748,Avståndet mellan Munkedal och Munkfors är 959 km och Karl-Johan Gyllenstorm beräknade körtiden till cirka 748 minuter.,<url><loc>https://pendlings-app1.t-767929534-cloudflare.workers.dev/?fran=Munkedal&amp;till=Munkfors</loc><changefreq>monthly</changefreq></url>
Skinnskatteberg,Kävlinge,1284,871,Avståndet mellan Skinnskatteberg och Kävlinge är 1284 km och Karl-Johan Gyllenstorm beräknade körtiden till cirka 871 minuter.,<url><loc>https://pendlings-app1.t-767929534-cloudflare.workers.dev/?fran=Skinnskatteberg&amp;till=Kävlinge</loc><changefreq>monthly</changefreq></url>
Nora,Norberg,1317,924,Avståndet mellan Nora och Norberg är 1317 km och Karl-Johan Gyllenstorm beräknade körtiden till cirka 924 minuter.,<url><loc>https://pendlings-app1.t-767929534-cloudflare.workers.dev/?fran=Nora&amp;till=Norberg</loc><changefreq>monthly</changefreq></url>
Grästorp,Aneby,891,660,Avståndet mellan Grästorp och Aneby är 891 km och Karl-Johan Gyllenstorm beräknade körtiden till cirka 660 minuter.,<url><loc>https://pendlings-app1.t-767929534-cloudflare.workers.dev/?fran=Grästorp&amp;till=Aneby</loc><changefreq>monthly</changefreq></url>
Aneby,Åsele,702,467,Avståndet mellan Aneby och Åsele är 702 km och Karl-Johan Gyllenstorm beräknade körtiden till cirka 467 minuter.,<url><loc>https://pendlings-app1.t-767929534-cloudflare.workers.dev/?fran=Aneby&amp;till=Åsele</loc><changefreq>monthly</changefreq></url>
Slite,Ed,133,96,Avståndet mellan Slite och Ed är 133 km och Karl-Johan Gyllenstorm beräknade körtiden till cirka 96 minuter.,<url><loc>https://pendlings-app1.t-767929534-cloudflare.workers.dev/?fran=Slite&amp;till=Ed</loc><changefreq>monthly</changefreq></url>
Grums,Forshaga,1147,782,Avståndet mellan Grums och Forshaga är 1147 km och Karl-Johan Gyllenstorm beräknade körtiden till cirka 782 minuter.,<url><loc>https://pendlings-app1.t-767929534-cloudflare.workers.dev/?fran=Grums&amp;till=Forshaga</loc><changefreq>monthly</changefreq></url>
Orsa,Sölvesborg,29,22,Avståndet mellan Orsa och Sölvesborg är 29 km och Karl-Johan Gyllenstorm beräknade körtiden till cirka 22 minuter.,<url><loc>https://pendlings-app1.t-767929534-cloudflare.workers.dev/?fran=Orsa&amp;till=Sölvesborg</loc><changefreq>monthly</changefreq></url>
Gimo,Vetlanda,901,591,Avståndet mellan Gimo och Vetlanda är 901 km och Karl-Johan Gyllenstorm beräknade körtiden till cirka 591 minuter.,<url><loc>https://pendlings-app1.t-767929534-cloudflare.workers.dev/?fran=Gimo&amp;till=Vetlanda</loc><changefreq>monthly</changefreq></url>
Gällivare,Mullsjö,1369,1040,Avståndet mellan Gällivare och Mullsjö är 1369 km och Karl-Johan Gyllenstorm beräknade körtiden till cirka 1040 minuter.,<url><loc>https://pendlings-app1.t-767929534-cloudflare.workers.dev/?fran=Gällivare&amp;till=Mullsjö</loc><changefreq>monthly</changefreq></url>
Lund,Tanum,172,125,Avståndet mellan Lund och Tanum är 172 km och Karl-Johan Gyllenstorm beräknade körtiden till cirka 125 minuter.,<url><loc>https://pendlings-app1.t-767929534-cloudflare.workers.dev/?fran=Lund&amp;till=Tanum</loc><changefreq>monthly</changefreq></url>
Avesta,Hallsberg,564,431,Avståndet mellan Avesta och Hallsberg är 564 km och Karl-Johan Gyllenstorm beräknade körtiden till cirka 431 minuter.,<url><loc>https://pendlings-app1.t-767929534-cloudflare.workers.dev/?fran=Avesta&amp;till=Hallsberg</loc><changefreq>monthly</changefreq></url>
Kumla,Hofors,426,340,Avståndet mellan Kumla och Hofors är 426 km och Karl-Johan Gyllenstorm beräknade körtiden till cirka 340 minuter.,<url><loc>https://pendlings-app1.t-767929534-cloudflare.workers.dev/?fran=Kumla&amp;till=Hofors</loc><changefreq>monthly</changefreq></url>
Jönköping,Färgelanda,93,73,Avståndet mellan Jönköping och Färgelanda är 93 km och Karl-Johan Gyllenstorm beräknade körtiden till cirka 73 minuter.,<url><loc>https://pendlings-app1.t-767929534-cloudflare.workers.dev/?fran=Jönköping&amp;till=Färgelanda</loc><changefreq>monthly</changefreq></url>
Skara,Ludvika,424,334,Avståndet mellan Skara och Ludvika är 424 km och Karl-Johan Gyllenstorm beräknade körtiden till cirka 334 minuter.,<url><loc>https://pendlings-app1.t-767929534-cloudflare.workers.dev/?fran=Skara&amp;till=Ludvika</loc><changefreq>monthly</changefreq></url>
Hemse,Staffanstorp,1053,755,Avståndet mellan Hemse och Staffanstorp är 1053 km och Karl-Johan Gyllenstorm beräknade körtiden till cirka 755 minuter.,<url><loc>https://pendlings-app1.t-767929534-cloudflare.workers.dev/?fran=Hemse&amp;till=Staffanstorp</loc><changefreq>monthly</changefreq></url>
Gimo,Borås,711,451,Avståndet mellan Gimo och Borås är 711 km och Karl-Johan Gyllenstorm beräknade körtiden till cirka 451 minuter.,<url><loc>https://pendlings-app1.t-767929534-cloudflare.workers.dev/?fran=Gimo&amp;till=Borås</loc><changefreq>monthly</changefreq></url>
Hallstahammar,Örebro,1440,921,Avståndet mellan Hallstahammar och Örebro är 1440 km och Karl-Johan Gyllenstorm beräknade körtiden till cirka 921 minuter.,<url><loc>https://pendlings-app1.t-767929534-cloudflare.workers.dev/?fran=Hallstahammar&amp;till=Örebro</loc><changefreq>monthly</changefreq></url>
Hyltebruk,Skellefteå,1449,1153,Avståndet mellan Hyltebruk och Skellefteå är 1449 km och Karl-Johan Gyllenstorm beräknade körtiden till cirka 1153 minuter.,<url><loc>https://pendlings-app1.t-767929534-cloudflare.workers.dev/?fran=Hyltebruk&amp;till=Skellefteå</loc><changefreq>monthly</changefreq></url>
Kalix,Motala,693,446,Avståndet mellan Kalix och Motala är 693 km och Karl-Johan Gyllenstorm beräknade körtiden till cirka 446 minuter.,<url><loc>https://pendlings-app1.t-767929534-cloudflare.workers.dev/?fran=Kalix&amp;till=Motala</loc><changefreq>monthly</changefreq></url>
Årjäng,Hjo,307,235,Avståndet mellan Årjäng och Hjo är 307 km och Karl-Johan Gyllenstorm beräknade körtiden till cirka 235 minuter.,<url><loc>https://pendlings-app1.t-767929534-cloudflare.workers.dev/?fran=Årjäng&amp;till=Hjo</loc><changefreq>monthly</changefreq></url>
Kungsbacka,Bollnäs,220,172,Avståndet mellan Kungsbacka och Bollnäs är 220 km och Karl-Johan Gyllenstorm beräknade körtiden till cirka 172 minuter.,<url><loc>https://pendlings-app1.t-767929534-cloudflare.workers.dev/?fran=Kungsbacka&amp;till=Bollnäs</loc><changefreq>monthly</changefreq></url>
Älvkarleby,Trelleborg,339,269,Avståndet mellan Älvkarleby och Trelleborg är 339 km och Karl-Johan Gyllenstorm beräknade körtiden till cirka 269 minuter.,<url><loc>https://pendlings-app1.t-767929534-cloudflare.workers.dev/?fran=Älvkarleby&amp;till=Trelleborg</loc><changefreq>monthly</changefreq></url>
Övertorneå,Ängelholm,862,611,Avståndet mellan Övertorneå och Ängelholm är 862 km och Karl-Johan Gyllenstorm beräknade körtiden till cirka 611 minuter.,<url><loc>https://pendlings-app1.t-767929534-cloudflare.workers.dev/?fran=Övertorneå&amp;till=Ängelholm</loc><changefreq>monthly</changefreq></url>
Åmål,Uddevalla,236,174,Avståndet mellan Åmål och Uddevalla är 236 km och Karl-Johan Gyllenstorm beräknade körtiden till cirka 174 minuter.,<url><loc>https://pendlings-app1.t-767929534-cloudflare.workers.dev/?fran=Åmål&amp;till=Uddevalla</loc><changefreq>monthly</changefreq></url>
Gällivare,Åmål,549,405,Avståndet mellan Gällivare och Åmål är 549 km och Karl-Johan Gyllenstorm beräknade körtiden till cirka 405 minuter.,<url><loc>https://pendlings-app1.t-767929534-cloudflare.workers.dev/?fran=Gällivare&amp;till=Åmål</loc><changefreq>monthly</changefreq></url>
Mörbylånga,Höganäs,1230,855,Avståndet mellan Mörbylånga och Höganäs är 1230 km och Karl-Johan Gyllenstorm beräknade körtiden till cirka 855 minuter.,<url><loc>https://pendlings-app1.t-767929534-cloudflare.workers.dev/?fran=Mörbylånga&amp;till=Höganäs</loc><changefreq>monthly</changefreq></url>
Habon,Lärbro,64,50,Avståndet mellan Habon och Lärbro är 64 km och Karl-Johan Gyllenstorm beräknade körtiden till cirka 50 minuter.,<url><loc>https://pendlings-app1.t-767929534-cloudflare.workers.dev/?fran=Habon&amp;till=Lärbro</loc><changefreq>monthly</changefreq></url>
Hallsberg,Surahammar,847,609,Avståndet mellan Hallsberg och Surahammar är 847 km och Karl-Johan Gyllenstorm beräknade körtiden till cirka 609 minuter.,<url><loc>https://pendlings-app1.t-767929534-cloudflare.workers.dev/?fran=Hallsberg&amp;till=Surahammar</loc><changefreq>monthly</changefreq></url>
Örnsköldsvik,Mönsterås,536,406,Avståndet mellan Örnsköldsvik och Mönsterås är 536 km och Karl-Johan Gyllenstorm beräknade körtiden till cirka 406 minuter.,<url><loc>https://pendlings-app1.t-767929534-cloudflare.workers.dev/?fran=Örnsköldsvik&amp;till=Mönsterås</loc><changefreq>monthly</changefreq></url>
Tranemo,Bräcke,1088,839,Avståndet mellan Tranemo och Bräcke är 1088 km och Karl-Johan Gyllenstorm beräknade körtiden till cirka 839 minuter.,<url><loc>https://pendlings-app1.t-767929534-cloudflare.workers.dev/?fran=Tranemo&amp;till=Bräcke</loc><changefreq>monthly</changefreq></url>
Olofström,Filipstad,302,197,Avståndet mellan Olofström och Filipstad är 302 km och Karl-Johan Gyllenstorm beräknade körtiden till cirka 197 minuter.,<url><loc>https://pendlings-app1.t-767929534-cloudflare.workers.dev/?fran=Olofström&amp;till=Filipstad</loc><changefreq>monthly</changefreq></url>
Gällivare,Årjäng,594,471,Avståndet mellan Gällivare och Årjäng är 594 km och Karl-Johan Gyllenstorm beräknade körtiden till cirka 471 minuter.,<url><loc>https://pendlings-app1.t-767929534-cloudflare.workers.dev/?fran=Gällivare&amp;till=Årjäng</loc><changefreq>monthly</changefreq></url>
Sala,Mullsjö,679,512,Avståndet mellan Sala och Mullsjö är 679 km och Karl-Johan Gyllenstorm beräknade körtiden till cirka 512 minuter.,<url><loc>https://pendlings-app1.t-767929534-cloudflare.workers.dev/?fran=Sala&amp;till=Mullsjö</loc><changefreq>monthly</changefreq></url>
Laholm,Falun,1227,949,Avståndet mellan Laholm och Falun är 1227 km och Karl-Johan Gyllenstorm beräknade körtiden till cirka 949 minuter.,<url><loc>https://pendlings-app1.t-767929534-cloudflare.workers.dev/?fran=Laholm&amp;till=Falun</loc><changefreq>monthly</changefreq></url>
Bålsta,Hemse,1386,1059,Avståndet mellan Bålsta och Hemse är 1386 km och Karl-Johan Gyllenstorm beräknade körtiden till cirka 1059 minuter.,<url><loc>https://pendlings-app1.t-767929534-cloudflare.workers.dev/?fran=Bålsta&amp;till=Hemse</loc><changefreq>monthly</changefreq></url>
Svenljunga,Falun,787,572,Avståndet mellan Svenljunga och Falun är 787 km och Karl-Johan Gyllenstorm beräknade körtiden till cirka 572 minuter.,<url><loc>https://pendlings-app1.t-767929534-cloudflare.workers.dev/?fran=Svenljunga&amp;till=Falun</loc><changefreq>monthly</changefreq></url>
Vansbro,Malung,1366,1085,Avståndet mellan Vansbro och Malung är 1366 km och Karl-Johan Gyllenstorm beräknade körtiden till cirka 1085 minuter.,<url><loc>https://pendlings-app1.t-767929534-cloudflare.workers.dev/?fran=Vansbro&amp;till=Malung</loc><changefreq>monthly</changefreq></url>
Höör,Gimo,1383,924,Avståndet mellan Höör och Gimo är 1383 km och Karl-Johan Gyllenstorm beräknade körtiden till cirka 924 minuter.,<url><loc>https://pendlings-app1.t-767929534-cloudflare.workers.dev/?fran=Höör&amp;till=Gimo</loc><changefreq>monthly</changefreq></url>
Söderhamn,Boden,119,78,Avståndet mellan Söderhamn och Boden är 119 km och Karl-Johan Gyllenstorm beräknade körtiden till cirka 78 minuter.,<url><loc>https://pendlings-app1.t-767929534-cloudflare.workers.dev/?fran=Söderhamn&amp;till=Boden</loc><changefreq>monthly</changefreq></url>
Lysekil,Laholm,258,172,Avståndet mellan Lysekil och Laholm är 258 km och Karl-Johan Gyllenstorm beräknade körtiden till cirka 172 minuter.,<url><loc>https://pendlings-app1.t-767929534-cloudflare.workers.dev/?fran=Lysekil&amp;till=Laholm</loc><changefreq>monthly</changefreq></url>
Tingstäde,Charlottenberg,549,384,Avståndet mellan Tingstäde och Charlottenberg är 549 km och Karl-Johan Gyllenstorm beräknade körtiden till cirka 384 minuter.,<url><loc>https://pendlings-app1.t-767929534-cloudflare.workers.dev/?fran=Tingstäde&amp;till=Charlottenberg</loc><changefreq>monthly</changefreq></url>
Nybro,Lysekil,453,342,Avståndet mellan Nybro och Lysekil är 453 km och Karl-Johan Gyllenstorm beräknade körtiden till cirka 342 minuter.,<url><loc>https://pendlings-app1.t-767929534-cloudflare.workers.dev/?fran=Nybro&amp;till=Lysekil</loc><changefreq>monthly</changefreq></url>
Skutskär,Herrljunga,231,176,Avståndet mellan Skutskär och Herrljunga är 231 km och Karl-Johan Gyllenstorm beräknade körtiden till cirka 176 minuter.,<url><loc>https://pendlings-app1.t-767929534-cloudflare.workers.dev/?fran=Skutskär&amp;till=Herrljunga</loc><changefreq>monthly</changefreq></url>
Uddevalla,Gällivare,1339,1024,Avståndet mellan Uddevalla och Gällivare är 1339 km och Karl-Johan Gyllenstorm beräknade körtiden till cirka 1024 minuter.,<url><loc>https://pendlings-app1.t-767929534-cloudflare.workers.dev/?fran=Uddevalla&amp;till=Gällivare</loc><changefreq>monthly</changefreq></url>
Karlskrona,Norsjö,396,278,Avståndet mellan Karlskrona och Norsjö är 396 km och Karl-Johan Gyllenstorm beräknade körtiden till cirka 278 minuter.,<url><loc>https://pendlings-app1.t-767929534-cloudflare.workers.dev/?fran=Karlskrona&amp;till=Norsjö</loc><changefreq>monthly</changefreq></url>
Karlstad,Bollnäs,264,174,Avståndet mellan Karlstad och Bollnäs är 264 km och Karl-Johan Gyllenstorm beräknade körtiden till cirka 174 minuter.,<url><loc>https://pendlings-app1.t-767929534-cloudflare.workers.dev/?fran=Karlstad&amp;till=Bollnäs</loc><changefreq>monthly</changefreq></url>
Västervik,Halmstad,349,262,Avståndet mellan Västervik och Halmstad är 349 km och Karl-Johan Gyllenstorm beräknade körtiden till cirka 262 minuter.,<url><loc>https://pendlings-app1.t-767929534-cloudflare.workers.dev/?fran=Västervik&amp;till=Halmstad</loc><changefreq>monthly</changefreq></url>
Åre,Varberg,1249,936,Avståndet mellan Åre och Varberg är 1249 km och Karl-Johan Gyllenstorm beräknade körtiden till cirka 936 minuter.,<url><loc>https://pendlings-app1.t-767929534-cloudflare.workers.dev/?fran=Åre&amp;till=Varberg</loc><changefreq>monthly</changefreq></url>
Arvidsjaur,Vara,868,588,Avståndet mellan Arvidsjaur och Vara är 868 km och Karl-Johan Gyllenstorm beräknade körtiden till cirka 588 minuter.,<url><loc>https://pendlings-app1.t-767929534-cloudflare.workers.dev/?fran=Arvidsjaur&amp;till=Vara</loc><changefreq>monthly</changefreq></url>
Forshaga,Norberg,707,547,Avståndet mellan Forshaga och Norberg är 707 km och Karl-Johan Gyllenstorm beräknade körtiden till cirka 547 minuter.,<url><loc>https://pendlings-app1.t-767929534-cloudflare.workers.dev/?fran=Forshaga&amp;till=Norberg</loc><changefreq>monthly</changefreq></url>
Hultsfred,Jönköping,648,494,Avståndet mellan Hultsfred och Jönköping är 648 km och Karl-Johan Gyllenstorm beräknade körtiden till cirka 494 minuter.,<url><loc>https://pendlings-app1.t-767929534-cloudflare.workers.dev/?fran=Hultsfred&amp;till=Jönköping</loc><changefreq>monthly</changefreq></url>
Karlskrona,Ludvika,843,625,Avståndet mellan Karlskrona och Ludvika är 843 km och Karl-Johan Gyllenstorm beräknade körtiden till cirka 625 minuter.,<url><loc>https://pendlings-app1.t-767929534-cloudflare.workers.dev/?fran=Karlskrona&amp;till=Ludvika</loc><changefreq>monthly</changefreq></url>
Kramfors,Mullsjö,635,437,Avståndet mellan Kramfors och Mullsjö är 635 km och Karl-Johan Gyllenstorm beräknade körtiden till cirka 437 minuter.,<url><loc>https://pendlings-app1.t-767929534-cloudflare.workers.dev/?fran=Kramfors&amp;till=Mullsjö</loc><changefreq>monthly</changefreq></url>
Mullsjö,Södertälje,901,595,Avståndet mellan Mullsjö och Södertälje är 901 km och Karl-Johan Gyllenstorm beräknade körtiden till cirka 595 minuter.,<url><loc>https://pendlings-app1.t-767929534-cloudflare.workers.dev/?fran=Mullsjö&amp;till=Södertälje</loc><changefreq>monthly</changefreq></url>
Kungsbacka,Vingåker,379,283,Avståndet mellan Kungsbacka och Vingåker är 379 km och Karl-Johan Gyllenstorm beräknade körtiden till cirka 283 minuter.,<url><loc>https://pendlings-app1.t-767929534-cloudflare.workers.dev/?fran=Kungsbacka&amp;till=Vingåker</loc><changefreq>monthly</changefreq></url>
Lärbro,Hedemora,1073,770,Avståndet mellan Lärbro och Hedemora är 1073 km och Karl-Johan Gyllenstorm beräknade körtiden till cirka 770 minuter.,<url><loc>https://pendlings-app1.t-767929534-cloudflare.workers.dev/?fran=Lärbro&amp;till=Hedemora</loc><changefreq>monthly</changefreq></url>
Stockholm,Höganäs,420,314,Avståndet mellan Stockholm och Höganäs är 420 km och Karl-Johan Gyllenstorm beräknade körtiden till cirka 314 minuter.,<url><loc>https://pendlings-app1.t-767929534-cloudflare.workers.dev/?fran=Stockholm&amp;till=Höganäs</loc><changefreq>monthly</changefreq></url>
Ydre,Eskilstuna,136,91,Avståndet mellan Ydre och Eskilstuna är 136 km och Karl-Johan Gyllenstorm beräknade körtiden till cirka 91 minuter.,<url><loc>https://pendlings-app1.t-767929534-cloudflare.workers.dev/?fran=Ydre&amp;till=Eskilstuna</loc><changefreq>monthly</changefreq></url>
Borås,Havdhem,1219,778,Avståndet mellan Borås och Havdhem är 1219 km och Karl-Johan Gyllenstorm beräknade körtiden till cirka 778 minuter.,<url><loc>https://pendlings-app1.t-767929534-cloudflare.workers.dev/?fran=Borås&amp;till=Havdhem</loc><changefreq>monthly</changefreq></url>
Jokkmokk,Stockholm,531,380,Avståndet mellan Jokkmokk och Stockholm är 531 km och Karl-Johan Gyllenstorm beräknade körtiden till cirka 380 minuter.,<url><loc>https://pendlings-app1.t-767929534-cloudflare.workers.dev/?fran=Jokkmokk&amp;till=Stockholm</loc><changefreq>monthly</changefreq></url>
Högsby,Vänersborg,954,652,Avståndet mellan Högsby och Vänersborg är 954 km och Karl-Johan Gyllenstorm beräknade körtiden till cirka 652 minuter.,<url><loc>https://pendlings-app1.t-767929534-cloudflare.workers.dev/?fran=Högsby&amp;till=Vänersborg</loc><changefreq>monthly</changefreq></url>
Vibble,Karlstad,994,682,Avståndet mellan Vibble och Karlstad är 994 km och Karl-Johan Gyllenstorm beräknade körtiden till cirka 682 minuter.,<url><loc>https://pendlings-app1.t-767929534-cloudflare.workers.dev/?fran=Vibble&amp;till=Karlstad</loc><changefreq>monthly</changefreq></url>
Lycksele,Härnösand,521,388,Avståndet mellan Lycksele och Härnösand är 521 km och Karl-Johan Gyllenstorm beräknade körtiden till cirka 388 minuter.,<url><loc>https://pendlings-app1.t-767929534-cloudflare.workers.dev/?fran=Lycksele&amp;till=Härnösand</loc><changefreq>monthly</changefreq></url>
Mörbylånga,Ragunda,1198,836,Avståndet mellan Mörbylånga och Ragunda är 1198 km och Karl-Johan Gyllenstorm beräknade körtiden till cirka 836 minuter.,<url><loc>https://pendlings-app1.t-767929534-cloudflare.workers.dev/?fran=Mörbylånga&amp;till=Ragunda</loc><changefreq>monthly</changefreq></url>
Lysekil,Motala,1305,952,Avståndet mellan Lysekil och Motala är 1305 km och Karl-Johan Gyllenstorm beräknade körtiden till cirka 952 minuter.,<url><loc>https://pendlings-app1.t-767929534-cloudflare.workers.dev/?fran=Lysekil&amp;till=Motala</loc><changefreq>monthly</changefreq></url>
Eslöv,Tofta,1298,922,Avståndet mellan Eslöv och Tofta är 1298 km och Karl-Johan Gyllenstorm beräknade körtiden till cirka 922 minuter.,<url><loc>https://pendlings-app1.t-767929534-cloudflare.workers.dev/?fran=Eslöv&amp;till=Tofta</loc><changefreq>monthly</changefreq></url>
Katrineholm,Ed,500,365,Avståndet mellan Katrineholm och Ed är 500 km och Karl-Johan Gyllenstorm beräknade körtiden till cirka 365 minuter.,<url><loc>https://pendlings-app1.t-767929534-cloudflare.workers.dev/?fran=Katrineholm&amp;till=Ed</loc><changefreq>monthly</changefreq></url>
Knivsta,Skinnskatteberg,213,156,Avståndet mellan Knivsta och Skinnskatteberg är 213 km och Karl-Johan Gyllenstorm beräknade körtiden till cirka 156 minuter.,<url><loc>https://pendlings-app1.t-767929534-cloudflare.workers.dev/?fran=Knivsta&amp;till=Skinnskatteberg</loc><changefreq>monthly</changefreq></url>
Mora,Överkalix,388,245,Avståndet mellan Mora och Överkalix är 388 km och Karl-Johan Gyllenstorm beräknade körtiden till cirka 245 minuter.,<url><loc>https://pendlings-app1.t-767929534-cloudflare.workers.dev/?fran=Mora&amp;till=Överkalix</loc><changefreq>monthly</changefreq></url>
Uppsala,Nordanstig,852,620,Avståndet mellan Uppsala och Nordanstig är 852 km och Karl-Johan Gyllenstorm beräknade körtiden till cirka 620 minuter.,<url><loc>https://pendlings-app1.t-767929534-cloudflare.workers.dev/?fran=Uppsala&amp;till=Nordanstig</loc><changefreq>monthly</changefreq></url>
Tingstäde,Växjö,705,490,Avståndet mellan Tingstäde och Växjö är 705 km och Karl-Johan Gyllenstorm beräknade körtiden till cirka 490 minuter.,<url><loc>https://pendlings-app1.t-767929534-cloudflare.workers.dev/?fran=Tingstäde&amp;till=Växjö</loc><changefreq>monthly</changefreq></url>
Eksjö,Simrishamn,160,119,Avståndet mellan Eksjö och Simrishamn är 160 km och Karl-Johan Gyllenstorm beräknade körtiden till cirka 119 minuter.,<url><loc>https://pendlings-app1.t-767929534-cloudflare.workers.dev/?fran=Eksjö&amp;till=Simrishamn</loc><changefreq>monthly</changefreq></url>
Munkfors,Vilhelmina,823,524,Avståndet mellan Munkfors och Vilhelmina är 823 km och Karl-Johan Gyllenstorm beräknade körtiden till cirka 524 minuter.,<url><loc>https://pendlings-app1.t-767929534-cloudflare.workers.dev/?fran=Munkfors&amp;till=Vilhelmina</loc><changefreq>monthly</changefreq></url>
Ljusdal,Höör,782,517,Avståndet mellan Ljusdal och Höör är 782 km och Karl-Johan Gyllenstorm beräknade körtiden till cirka 517 minuter.,<url><loc>https://pendlings-app1.t-767929534-cloudflare.workers.dev/?fran=Ljusdal&amp;till=Höör</loc><changefreq>monthly</changefreq></url>
Söderköping,Karlskrona,1334,939,Avståndet mellan Söderköping och Karlskrona är 1334 km och Karl-Johan Gyllenstorm beräknade körtiden till cirka 939 minuter.,<url><loc>https://pendlings-app1.t-767929534-cloudflare.workers.dev/?fran=Söderköping&amp;till=Karlskrona</loc><changefreq>monthly</changefreq></url>
Katrineholm,Skinnskatteberg,1293,831,Avståndet mellan Katrineholm och Skinnskatteberg är 1293 km och Karl-Johan Gyllenstorm beräknade körtiden till cirka 831 minuter.,<url><loc>https://pendlings-app1.t-767929534-cloudflare.workers.dev/?fran=Katrineholm&amp;till=Skinnskatteberg</loc><changefreq>monthly</changefreq></url>
Sjöbo,Ockelbo,877,650,Avståndet mellan Sjöbo och Ockelbo är 877 km och Karl-Johan Gyllenstorm beräknade körtiden till cirka 650 minuter.,<url><loc>https://pendlings-app1.t-767929534-cloudflare.workers.dev/?fran=Sjöbo&amp;till=Ockelbo</loc><changefreq>monthly</changefreq></url>
Färjestaden,Härnösand,570,405,Avståndet mellan Färjestaden och Härnösand är 570 km och Karl-Johan Gyllenstorm beräknade körtiden till cirka 405 minuter.,<url><loc>https://pendlings-app1.t-767929534-cloudflare.workers.dev/?fran=Färjestaden&amp;till=Härnösand</loc><changefreq>monthly</changefreq></url>
Perstorp,Ånge,781,590,Avståndet mellan Perstorp och Ånge är 781 km och Karl-Johan Gyllenstorm beräknade körtiden till cirka 590 minuter.,<url><loc>https://pendlings-app1.t-767929534-cloudflare.workers.dev/?fran=Perstorp&amp;till=Ånge</loc><changefreq>monthly</changefreq></url>
Uddevalla,Eskilstuna,853,556,Avståndet mellan Uddevalla och Eskilstuna är 853 km och Karl-Johan Gyllenstorm beräknade körtiden till cirka 556 minuter.,<url><loc>https://pendlings-app1.t-767929534-cloudflare.workers.dev/?fran=Uddevalla&amp;till=Eskilstuna</loc><changefreq>monthly</changefreq></url>
Surahammar,Ronehamn,784,602,Avståndet mellan Surahammar och Ronehamn är 784 km och Karl-Johan Gyllenstorm beräknade körtiden till cirka 602 minuter.,<url><loc>https://pendlings-app1.t-767929534-cloudflare.workers.dev/?fran=Surahammar&amp;till=Ronehamn</loc><changefreq>monthly</changefreq></url>
Falkenberg,Boxholm,929,616,Avståndet mellan Falkenberg och Boxholm är 929 km och Karl-Johan Gyllenstorm beräknade körtiden till cirka 616 minuter.,<url><loc>https://pendlings-app1.t-767929534-cloudflare.workers.dev/?fran=Falkenberg&amp;till=Boxholm</loc><changefreq>monthly</changefreq></url>
Strömstad,Bromölla,579,372,Avståndet mellan Strömstad och Bromölla är 579 km och Karl-Johan Gyllenstorm beräknade körtiden till cirka 372 minuter.,<url><loc>https://pendlings-app1.t-767929534-cloudflare.workers.dev/?fran=Strömstad&amp;till=Bromölla</loc><changefreq>monthly</changefreq></url>
Lysekil,Roma,831,596,Avståndet mellan Lysekil och Roma är 831 km och Karl-Johan Gyllenstorm beräknade körtiden till cirka 596 minuter.,<url><loc>https://pendlings-app1.t-767929534-cloudflare.workers.dev/?fran=Lysekil&amp;till=Roma</loc><changefreq>monthly</changefreq></url>
Nybro,Sorsele,675,458,Avståndet mellan Nybro och Sorsele är 675 km och Karl-Johan Gyllenstorm beräknade körtiden till cirka 458 minuter.,<url><loc>https://pendlings-app1.t-767929534-cloudflare.workers.dev/?fran=Nybro&amp;till=Sorsele</loc><changefreq>monthly</changefreq></url>
Hedemora,Eksjö,717,543,Avståndet mellan Hedemora och Eksjö är 717 km och Karl-Johan Gyllenstorm beräknade körtiden till cirka 543 minuter.,<url><loc>https://pendlings-app1.t-767929534-cloudflare.workers.dev/?fran=Hedemora&amp;till=Eksjö</loc><changefreq>monthly</changefreq></url>
Kramfors,Norberg,1213,818,Avståndet mellan Kramfors och Norberg är 1213 km och Karl-Johan Gyllenstorm beräknade körtiden till cirka 818 minuter.,<url><loc>https://pendlings-app1.t-767929534-cloudflare.workers.dev/?fran=Kramfors&amp;till=Norberg</loc><changefreq>monthly</changefreq></url>
Bromölla,Smedjebacken,860,665,Avståndet mellan Bromölla och Smedjebacken är 860 km och Karl-Johan Gyllenstorm beräknade körtiden till cirka 665 minuter.,<url><loc>https://pendlings-app1.t-767929534-cloudflare.workers.dev/?fran=Bromölla&amp;till=Smedjebacken</loc><changefreq>monthly</changefreq></url>
Berg,Gullspång,1323,857,Avståndet mellan Berg och Gullspång är 1323 km och Karl-Johan Gyllenstorm beräknade körtiden till cirka 857 minuter.,<url><loc>https://pendlings-app1.t-767929534-cloudflare.workers.dev/?fran=Berg&amp;till=Gullspång</loc><changefreq>monthly</changefreq></url>
Nora,Ängelholm,1205,840,Avståndet mellan Nora och Ängelholm är 1205 km och Karl-Johan Gyllenstorm beräknade körtiden till cirka 840 minuter.,<url><loc>https://pendlings-app1.t-767929534-cloudflare.workers.dev/?fran=Nora&amp;till=Ängelholm</loc><changefreq>monthly</changefreq></url>
Vibble,Kalix,719,480,Avståndet mellan Vibble och Kalix är 719 km och Karl-Johan Gyllenstorm beräknade körtiden till cirka 480 minuter.,<url><loc>https://pendlings-app1.t-767929534-cloudflare.workers.dev/?fran=Vibble&amp;till=Kalix</loc><changefreq>monthly</changefreq></url>
Ydre,Svalöv,340,252,Avståndet mellan Ydre och Svalöv är 340 km och Karl-Johan Gyllenstorm beräknade körtiden till cirka 252 minuter.,<url><loc>https://pendlings-app1.t-767929534-cloudflare.workers.dev/?fran=Ydre&amp;till=Svalöv</loc><changefreq>monthly</changefreq></url>
Laxå,Tanum,820,580,Avståndet mellan Laxå och Tanum är 820 km och Karl-Johan Gyllenstorm beräknade körtiden till cirka 580 minuter.,<url><loc>https://pendlings-app1.t-767929534-cloudflare.workers.dev/?fran=Laxå&amp;till=Tanum</loc><changefreq>monthly</changefreq></url>
Torsby,Bålsta,1238,952,Avståndet mellan Torsby och Bålsta är 1238 km och Karl-Johan Gyllenstorm beräknade körtiden till cirka 952 minuter.,<url><loc>https://pendlings-app1.t-767929534-cloudflare.workers.dev/?fran=Torsby&amp;till=Bålsta</loc><changefreq>monthly</changefreq></url>
Habon,Arboga,236,173,Avståndet mellan Habon och Arboga är 236 km och Karl-Johan Gyllenstorm beräknade körtiden till cirka 173 minuter.,<url><loc>https://pendlings-app1.t-767929534-cloudflare.workers.dev/?fran=Habon&amp;till=Arboga</loc><changefreq>monthly</changefreq></url>
Kungsör,Årjäng,192,147,Avståndet mellan Kungsör och Årjäng är 192 km och Karl-Johan Gyllenstorm beräknade körtiden till cirka 147 minuter.,<url><loc>https://pendlings-app1.t-767929534-cloudflare.workers.dev/?fran=Kungsör&amp;till=Årjäng</loc><changefreq>monthly</changefreq></url>
Östersund,Mora,962,626,Avståndet mellan Östersund och Mora är 962 km och Karl-Johan Gyllenstorm beräknade körtiden till cirka 626 minuter.,<url><loc>https://pendlings-app1.t-767929534-cloudflare.workers.dev/?fran=Östersund&amp;till=Mora</loc><changefreq>monthly</changefreq></url>
Hofors,Skövde,881,562,Avståndet mellan Hofors och Skövde är 881 km och Karl-Johan Gyllenstorm beräknade körtiden till cirka 562 minuter.,<url><loc>https://pendlings-app1.t-767929534-cloudflare.workers.dev/?fran=Hofors&amp;till=Skövde</loc><changefreq>monthly</changefreq></url>
Örkelljunga,Vadstena,1305,911,Avståndet mellan Örkelljunga och Vadstena är 1305 km och Karl-Johan Gyllenstorm beräknade körtiden till cirka 911 minuter.,<url><loc>https://pendlings-app1.t-767929534-cloudflare.workers.dev/?fran=Örkelljunga&amp;till=Vadstena</loc><changefreq>monthly</changefreq></url>
Laholm,Slite,484,356,Avståndet mellan Laholm och Slite är 484 km och Karl-Johan Gyllenstorm beräknade körtiden till cirka 356 minuter.,<url><loc>https://pendlings-app1.t-767929534-cloudflare.workers.dev/?fran=Laholm&amp;till=Slite</loc><changefreq>monthly</changefreq></url>
Essunga,Halmstad,460,294,Avståndet mellan Essunga och Halmstad är 460 km och Karl-Johan Gyllenstorm beräknade körtiden till cirka 294 minuter.,<url><loc>https://pendlings-app1.t-767929534-cloudflare.workers.dev/?fran=Essunga&amp;till=Halmstad</loc><changefreq>monthly</changefreq></url>
Staffanstorp,Töreboda,611,441,Avståndet mellan Staffanstorp och Töreboda är 611 km och Karl-Johan Gyllenstorm beräknade körtiden till cirka 441 minuter.,<url><loc>https://pendlings-app1.t-767929534-cloudflare.workers.dev/?fran=Staffanstorp&amp;till=Töreboda</loc><changefreq>monthly</changefreq></url>
Höör,Gullspång,697,492,Avståndet mellan Höör och Gullspång är 697 km och Karl-Johan Gyllenstorm beräknade körtiden till cirka 492 minuter.,<url><loc>https://pendlings-app1.t-767929534-cloudflare.workers.dev/?fran=Höör&amp;till=Gullspång</loc><changefreq>monthly</changefreq></url>
Strängnäs,Tingstäde,903,678,Avståndet mellan Strängnäs och Tingstäde är 903 km och Karl-Johan Gyllenstorm beräknade körtiden till cirka 678 minuter.,<url><loc>https://pendlings-app1.t-767929534-cloudflare.workers.dev/?fran=Strängnäs&amp;till=Tingstäde</loc><changefreq>monthly</changefreq></url>
Vadstena,Kalix,1208,960,Avståndet mellan Vadstena och Kalix är 1208 km och Karl-Johan Gyllenstorm beräknade körtiden till cirka 960 minuter.,<url><loc>https://pendlings-app1.t-767929534-cloudflare.workers.dev/?fran=Vadstena&amp;till=Kalix</loc><changefreq>monthly</changefreq></url>
Gällivare,Halmstad,232,168,Avståndet mellan Gällivare och Halmstad är 232 km och Karl-Johan Gyllenstorm beräknade körtiden till cirka 168 minuter.,<url><loc>https://pendlings-app1.t-767929534-cloudflare.workers.dev/?fran=Gällivare&amp;till=Halmstad</loc><changefreq>monthly</changefreq></url>
Höganäs,Härnösand,1127,868,Avståndet mellan Höganäs och Härnösand är 1127 km och Karl-Johan Gyllenstorm beräknade körtiden till cirka 868 minuter.,<url><loc>https://pendlings-app1.t-767929534-cloudflare.workers.dev/?fran=Höganäs&amp;till=Härnösand</loc><changefreq>monthly</changefreq></url>
Svenljunga,Borgholm,1183,841,Avståndet mellan Svenljunga och Borgholm är 1183 km och Karl-Johan Gyllenstorm beräknade körtiden till cirka 841 minuter.,<url><loc>https://pendlings-app1.t-767929534-cloudflare.workers.dev/?fran=Svenljunga&amp;till=Borgholm</loc><changefreq>monthly</changefreq></url>
Svedala,Borlänge,1333,1003,Avståndet mellan Svedala och Borlänge är 1333 km och Karl-Johan Gyllenstorm beräknade körtiden till cirka 1003 minuter.,<url><loc>https://pendlings-app1.t-767929534-cloudflare.workers.dev/?fran=Svedala&amp;till=Borlänge</loc><changefreq>monthly</changefreq></url>
Kävlinge,Tibro,1271,847,Avståndet mellan Kävlinge och Tibro är 1271 km och Karl-Johan Gyllenstorm beräknade körtiden till cirka 847 minuter.,<url><loc>https://pendlings-app1.t-767929534-cloudflare.workers.dev/?fran=Kävlinge&amp;till=Tibro</loc><changefreq>monthly</changefreq></url>
Kiruna,Vilhelmina,1143,756,Avståndet mellan Kiruna och Vilhelmina är 1143 km och Karl-Johan Gyllenstorm beräknade körtiden till cirka 756 minuter.,<url><loc>https://pendlings-app1.t-767929534-cloudflare.workers.dev/?fran=Kiruna&amp;till=Vilhelmina</loc><changefreq>monthly</changefreq></url>
Kumla,Degerfors,183,132,Avståndet mellan Kumla och Degerfors är 183 km och Karl-Johan Gyllenstorm beräknade körtiden till cirka 132 minuter.,<url><loc>https://pendlings-app1.t-767929534-cloudflare.workers.dev/?fran=Kumla&amp;till=Degerfors</loc><changefreq>monthly</changefreq></url>
Karlsborg,Värnamo,750,488,Avståndet mellan Karlsborg och Värnamo är 750 km och Karl-Johan Gyllenstorm beräknade körtiden till cirka 488 minuter.,<url><loc>https://pendlings-app1.t-767929534-cloudflare.workers.dev/?fran=Karlsborg&amp;till=Värnamo</loc><changefreq>monthly</changefreq></url>
Kungsör,Nybro,1404,897,Avståndet mellan Kungsör och Nybro är 1404 km och Karl-Johan Gyllenstorm beräknade körtiden till cirka 897 minuter.,<url><loc>https://pendlings-app1.t-767929534-cloudflare.workers.dev/?fran=Kungsör&amp;till=Nybro</loc><changefreq>monthly</changefreq></url>
Härnösand,Falun,195,152,Avståndet mellan Härnösand och Falun är 195 km och Karl-Johan Gyllenstorm beräknade körtiden till cirka 152 minuter.,<url><loc>https://pendlings-app1.t-767929534-cloudflare.workers.dev/?fran=Härnösand&amp;till=Falun</loc><changefreq>monthly</changefreq></url>
Lysekil,Bjuv,1080,735,Avståndet mellan Lysekil och Bjuv är 1080 km och Karl-Johan Gyllenstorm beräknade körtiden till cirka 735 minuter.,<url><loc>https://pendlings-app1.t-767929534-cloudflare.workers.dev/?fran=Lysekil&amp;till=Bjuv</loc><changefreq>monthly</changefreq></url>
Vimmerby,Mora,1447,1031,Avståndet mellan Vimmerby och Mora är 1447 km och Karl-Johan Gyllenstorm beräknade körtiden till cirka 1031 minuter.,<url><loc>https://pendlings-app1.t-767929534-cloudflare.workers.dev/?fran=Vimmerby&amp;till=Mora</loc><changefreq>monthly</changefreq></url>
Kristinehamn,Oskarshamn,84,63,Avståndet mellan Kristinehamn och Oskarshamn är 84 km och Karl-Johan Gyllenstorm beräknade körtiden till cirka 63 minuter.,<url><loc>https://pendlings-app1.t-767929534-cloudflare.workers.dev/?fran=Kristinehamn&amp;till=Oskarshamn</loc><changefreq>monthly</changefreq></url>
Gullspång,Falkenberg,1043,687,Avståndet mellan Gullspång och Falkenberg är 1043 km och Karl-Johan Gyllenstorm beräknade körtiden till cirka 687 minuter.,<url><loc>https://pendlings-app1.t-767929534-cloudflare.workers.dev/?fran=Gullspång&amp;till=Falkenberg</loc><changefreq>monthly</changefreq></url>
Stockholm,Ljusnarsberg,995,769,Avståndet mellan Stockholm och Ljusnarsberg är 995 km och Karl-Johan Gyllenstorm beräknade körtiden till cirka 769 minuter.,<url><loc>https://pendlings-app1.t-767929534-cloudflare.workers.dev/?fran=Stockholm&amp;till=Ljusnarsberg</loc><changefreq>monthly</changefreq></url>
Bjuv,Älvdalen,145,103,Avståndet mellan Bjuv och Älvdalen är 145 km och Karl-Johan Gyllenstorm beräknade körtiden till cirka 103 minuter.,<url><loc>https://pendlings-app1.t-767929534-cloudflare.workers.dev/?fran=Bjuv&amp;till=Älvdalen</loc><changefreq>monthly</changefreq></url>
Övertorneå,Orsa,365,242,Avståndet mellan Övertorneå och Orsa är 365 km och Karl-Johan Gyllenstorm beräknade körtiden till cirka 242 minuter.,<url><loc>https://pendlings-app1.t-767929534-cloudflare.workers.dev/?fran=Övertorneå&amp;till=Orsa</loc><changefreq>monthly</changefreq></url>
Hällefor,Tanum,33,21,Avståndet mellan Hällefor och Tanum är 33 km och Karl-Johan Gyllenstorm beräknade körtiden till cirka 21 minuter.,<url><loc>https://pendlings-app1.t-767929534-cloudflare.workers.dev/?fran=Hällefor&amp;till=Tanum</loc><changefreq>monthly</changefreq></url>
Älvkarleby,Sölvesborg,585,409,Avståndet mellan Älvkarleby och Sölvesborg är 585 km och Karl-Johan Gyllenstorm beräknade körtiden till cirka 409 minuter.,<url><loc>https://pendlings-app1.t-767929534-cloudflare.workers.dev/?fran=Älvkarleby&amp;till=Sölvesborg</loc><changefreq>monthly</changefreq></url>
Malung,Hallsberg,892,586,Avståndet mellan Malung och Hallsberg är 892 km och Karl-Johan Gyllenstorm beräknade körtiden till cirka 586 minuter.,<url><loc>https://pendlings-app1.t-767929534-cloudflare.workers.dev/?fran=Malung&amp;till=Hallsberg</loc><changefreq>monthly</changefreq></url>
Östhammar,Mark,1159,747,Avståndet mellan Östhammar och Mark är 1159 km och Karl-Johan Gyllenstorm beräknade körtiden till cirka 747 minuter.,<url><loc>https://pendlings-app1.t-767929534-cloudflare.workers.dev/?fran=Östhammar&amp;till=Mark</loc><changefreq>monthly</changefreq></url>
Boxholm,Strömsund,64,45,Avståndet mellan Boxholm och Strömsund är 64 km och Karl-Johan Gyllenstorm beräknade körtiden till cirka 45 minuter.,<url><loc>https://pendlings-app1.t-767929534-cloudflare.workers.dev/?fran=Boxholm&amp;till=Strömsund</loc><changefreq>monthly</changefreq></url>
Vänersborg,Stånga,311,226,Avståndet mellan Vänersborg och Stånga är 311 km och Karl-Johan Gyllenstorm beräknade körtiden till cirka 226 minuter.,<url><loc>https://pendlings-app1.t-767929534-cloudflare.workers.dev/?fran=Vänersborg&amp;till=Stånga</loc><changefreq>monthly</changefreq></url>
Kalix,Fårösund,588,408,Avståndet mellan Kalix och Fårösund är 588 km och Karl-Johan Gyllenstorm beräknade körtiden till cirka 408 minuter.,<url><loc>https://pendlings-app1.t-767929534-cloudflare.workers.dev/?fran=Kalix&amp;till=Fårösund</loc><changefreq>monthly</changefreq></url>
Jokkmokk,Trollhättan,266,206,Avståndet mellan Jokkmokk och Trollhättan är 266 km och Karl-Johan Gyllenstorm beräknade körtiden till cirka 206 minuter.,<url><loc>https://pendlings-app1.t-767929534-cloudflare.workers.dev/?fran=Jokkmokk&amp;till=Trollhättan</loc><changefreq>monthly</changefreq></url>
Lund,Alingsås,275,174,Avståndet mellan Lund och Alingsås är 275 km och Karl-Johan Gyllenstorm beräknade körtiden till cirka 174 minuter.,<url><loc>https://pendlings-app1.t-767929534-cloudflare.workers.dev/?fran=Lund&amp;till=Alingsås</loc><changefreq>monthly</changefreq></url>
Färgelanda,Laholm,840,556,Avståndet mellan Färgelanda och Laholm är 840 km och Karl-Johan Gyllenstorm beräknade körtiden till cirka 556 minuter.,<url><loc>https://pendlings-app1.t-767929534-cloudflare.workers.dev/?fran=Färgelanda&amp;till=Laholm</loc><changefreq>monthly</changefreq></url>
Borgholm,Tibro,1237,821,Avståndet mellan Borgholm och Tibro är 1237 km och Karl-Johan Gyllenstorm beräknade körtiden till cirka 821 minuter.,<url><loc>https://pendlings-app1.t-767929534-cloudflare.workers.dev/?fran=Borgholm&amp;till=Tibro</loc><changefreq>monthly</changefreq></url>
Fagersta,Roma,930,673,Avståndet mellan Fagersta och Roma är 930 km och Karl-Johan Gyllenstorm beräknade körtiden till cirka 673 minuter.,<url><loc>https://pendlings-app1.t-767929534-cloudflare.workers.dev/?fran=Fagersta&amp;till=Roma</loc><changefreq>monthly</changefreq></url>
Säffle,Staffanstorp,687,469,Avståndet mellan Säffle och Staffanstorp är 687 km och Karl-Johan Gyllenstorm beräknade körtiden till cirka 469 minuter.,<url><loc>https://pendlings-app1.t-767929534-cloudflare.workers.dev/?fran=Säffle&amp;till=Staffanstorp</loc><changefreq>monthly</changefreq></url>
Vetlanda,Grästorp,320,213,Avståndet mellan Vetlanda och Grästorp är 320 km och Karl-Johan Gyllenstorm beräknade körtiden till cirka 213 minuter.,<url><loc>https://pendlings-app1.t-767929534-cloudflare.workers.dev/?fran=Vetlanda&amp;till=Grästorp</loc><changefreq>monthly</changefreq></url>
Jönköping,Grythyttan,1321,1012,Avståndet mellan Jönköping och Grythyttan är 1321 km och Karl-Johan Gyllenstorm beräknade körtiden till cirka 1012 minuter.,<url><loc>https://pendlings-app1.t-767929534-cloudflare.workers.dev/?fran=Jönköping&amp;till=Grythyttan</loc><changefreq>monthly</changefreq></url>
Tranemo,Kungsbacka,632,463,Avståndet mellan Tranemo och Kungsbacka är 632 km och Karl-Johan Gyllenstorm beräknade körtiden till cirka 463 minuter.,<url><loc>https://pendlings-app1.t-767929534-cloudflare.workers.dev/?fran=Tranemo&amp;till=Kungsbacka</loc><changefreq>monthly</changefreq></url>
Kumla,Nora,855,649,Avståndet mellan Kumla och Nora är 855 km och Karl-Johan Gyllenstorm beräknade körtiden till cirka 649 minuter.,<url><loc>https://pendlings-app1.t-767929534-cloudflare.workers.dev/?fran=Kumla&amp;till=Nora</loc><changefreq>monthly</changefreq></url>
Hofors,Malå,416,287,Avståndet mellan Hofors och Malå är 416 km och Karl-Johan Gyllenstorm beräknade körtiden till cirka 287 minuter.,<url><loc>https://pendlings-app1.t-767929534-cloudflare.workers.dev/?fran=Hofors&amp;till=Malå</loc><changefreq>monthly</changefreq></url>
Charlottenberg,Älvsbyn,967,746,Avståndet mellan Charlottenberg och Älvsbyn är 967 km och Karl-Johan Gyllenstorm beräknade körtiden till cirka 746 minuter.,<url><loc>https://pendlings-app1.t-767929534-cloudflare.workers.dev/?fran=Charlottenberg&amp;till=Älvsbyn</loc><changefreq>monthly</changefreq></url>
Färjestaden,Göteborg,1223,796,Avståndet mellan Färjestaden och Göteborg är 1223 km och Karl-Johan Gyllenstorm beräknade körtiden till cirka 796 minuter.,<url><loc>https://pendlings-app1.t-767929534-cloudflare.workers.dev/?fran=Färjestaden&amp;till=Göteborg</loc><changefreq>monthly</changefreq></url>
Charlottenberg,Västervik,1230,842,Avståndet mellan Charlottenberg och Västervik är 1230 km och Karl-Johan Gyllenstorm beräknade körtiden till cirka 842 minuter.,<url><loc>https://pendlings-app1.t-767929534-cloudflare.workers.dev/?fran=Charlottenberg&amp;till=Västervik</loc><changefreq>monthly</changefreq></url>
Kristianstad,Kils,640,510,Avståndet mellan Kristianstad och Kils är 640 km och Karl-Johan Gyllenstorm beräknade körtiden till cirka 510 minuter.,<url><loc>https://pendlings-app1.t-767929534-cloudflare.workers.dev/?fran=Kristianstad&amp;till=Kils</loc><changefreq>monthly</changefreq></url>
Skutskär,Norberg,834,547,Avståndet mellan Skutskär och Norberg är 834 km och Karl-Johan Gyllenstorm beräknade körtiden till cirka 547 minuter.,<url><loc>https://pendlings-app1.t-767929534-cloudflare.workers.dev/?fran=Skutskär&amp;till=Norberg</loc><changefreq>monthly</changefreq></url>
Falun,Trollhättan,562,396,Avståndet mellan Falun och Trollhättan är 562 km och Karl-Johan Gyllenstorm beräknade körtiden till cirka 396 minuter.,<url><loc>https://pendlings-app1.t-767929534-cloudflare.workers.dev/?fran=Falun&amp;till=Trollhättan</loc><changefreq>monthly</changefreq></url>
Stockholm,Ängelholm,1386,1086,Avståndet mellan Stockholm och Ängelholm är 1386 km och Karl-Johan Gyllenstorm beräknade körtiden till cirka 1086 minuter.,<url><loc>https://pendlings-app1.t-767929534-cloudflare.workers.dev/?fran=Stockholm&amp;till=Ängelholm</loc><changefreq>monthly</changefreq></url>
Arvidsjaur,Sävsjö,1392,1082,Avståndet mellan Arvidsjaur och Sävsjö är 1392 km och Karl-Johan Gyllenstorm beräknade körtiden till cirka 1082 minuter.,<url><loc>https://pendlings-app1.t-767929534-cloudflare.workers.dev/?fran=Arvidsjaur&amp;till=Sävsjö</loc><changefreq>monthly</changefreq></url>
Tanum,Ydre,1339,965,Avståndet mellan Tanum och Ydre är 1339 km och Karl-Johan Gyllenstorm beräknade körtiden till cirka 965 minuter.,<url><loc>https://pendlings-app1.t-767929534-cloudflare.workers.dev/?fran=Tanum&amp;till=Ydre</loc><changefreq>monthly</changefreq></url>
Stockholm,Malung,809,543,Avståndet mellan Stockholm och Malung är 809 km och Karl-Johan Gyllenstorm beräknade körtiden till cirka 543 minuter.,<url><loc>https://pendlings-app1.t-767929534-cloudflare.workers.dev/?fran=Stockholm&amp;till=Malung</loc><changefreq>monthly</changefreq></url>
Götene,Slite,1186,845,Avståndet mellan Götene och Slite är 1186 km och Karl-Johan Gyllenstorm beräknade körtiden till cirka 845 minuter.,<url><loc>https://pendlings-app1.t-767929534-cloudflare.workers.dev/?fran=Götene&amp;till=Slite</loc><changefreq>monthly</changefreq></url>
Götene,Borgholm,1295,934,Avståndet mellan Götene och Borgholm är 1295 km och Karl-Johan Gyllenstorm beräknade körtiden till cirka 934 minuter.,<url><loc>https://pendlings-app1.t-767929534-cloudflare.workers.dev/?fran=Götene&amp;till=Borgholm</loc><changefreq>monthly</changefreq></url>
Hemse,Vimmerby,1401,1113,Avståndet mellan Hemse och Vimmerby är 1401 km och Karl-Johan Gyllenstorm beräknade körtiden till cirka 1113 minuter.,<url><loc>https://pendlings-app1.t-767929534-cloudflare.workers.dev/?fran=Hemse&amp;till=Vimmerby</loc><changefreq>monthly</changefreq></url>
Sundsvall,Lund,1421,919,Avståndet mellan Sundsvall och Lund är 1421 km och Karl-Johan Gyllenstorm beräknade körtiden till cirka 919 minuter.,<url><loc>https://pendlings-app1.t-767929534-cloudflare.workers.dev/?fran=Sundsvall&amp;till=Lund</loc><changefreq>monthly</changefreq></url>
Bjuv,Piteå,484,366,Avståndet mellan Bjuv och Piteå är 484 km och Karl-Johan Gyllenstorm beräknade körtiden till cirka 366 minuter.,<url><loc>https://pendlings-app1.t-767929534-cloudflare.workers.dev/?fran=Bjuv&amp;till=Piteå</loc><changefreq>monthly</changefreq></url>
Fårösund,Munkedal,476,328,Avståndet mellan Fårösund och Munkedal är 476 km och Karl-Johan Gyllenstorm beräknade körtiden till cirka 328 minuter.,<url><loc>https://pendlings-app1.t-767929534-cloudflare.workers.dev/?fran=Fårösund&amp;till=Munkedal</loc><changefreq>monthly</changefreq></url>
Svenljunga,Årjäng,92,72,Avståndet mellan Svenljunga och Årjäng är 92 km och Karl-Johan Gyllenstorm beräknade körtiden till cirka 72 minuter.,<url><loc>https://pendlings-app1.t-767929534-cloudflare.workers.dev/?fran=Svenljunga&amp;till=Årjäng</loc><changefreq>monthly</changefreq></url>
Kalix,Kalmar,822,639,Avståndet mellan Kalix och Kalmar är 822 km och Karl-Johan Gyllenstorm beräknade körtiden till cirka 639 minuter.,<url><loc>https://pendlings-app1.t-767929534-cloudflare.workers.dev/?fran=Kalix&amp;till=Kalmar</loc><changefreq>monthly</changefreq></url>
Hallstahammar,Gällivare,741,490,Avståndet mellan Hallstahammar och Gällivare är 741 km och Karl-Johan Gyllenstorm beräknade körtiden till cirka 490 minuter.,<url><loc>https://pendlings-app1.t-767929534-cloudflare.workers.dev/?fran=Hallstahammar&amp;till=Gällivare</loc><changefreq>monthly</changefreq></url>
Grums,Stockholm,1194,948,Avståndet mellan Grums och Stockholm är 1194 km och Karl-Johan Gyllenstorm beräknade körtiden till cirka 948 minuter.,<url><loc>https://pendlings-app1.t-767929534-cloudflare.workers.dev/?fran=Grums&amp;till=Stockholm</loc><changefreq>monthly</changefreq></url>
Grythyttan,Svedala,846,561,Avståndet mellan Grythyttan och Svedala är 846 km och Karl-Johan Gyllenstorm beräknade körtiden till cirka 561 minuter.,<url><loc>https://pendlings-app1.t-767929534-cloudflare.workers.dev/?fran=Grythyttan&amp;till=Svedala</loc><changefreq>monthly</changefreq></url>
Ånge,Svalöv,530,368,Avståndet mellan Ånge och Svalöv är 530 km och Karl-Johan Gyllenstorm beräknade körtiden till cirka 368 minuter.,<url><loc>https://pendlings-app1.t-767929534-cloudflare.workers.dev/?fran=Ånge&amp;till=Svalöv</loc><changefreq>monthly</changefreq></url>
Sorsele,Hudiksvall,582,390,Avståndet mellan Sorsele och Hudiksvall är 582 km och Karl-Johan Gyllenstorm beräknade körtiden till cirka 390 minuter.,<url><loc>https://pendlings-app1.t-767929534-cloudflare.workers.dev/?fran=Sorsele&amp;till=Hudiksvall</loc><changefreq>monthly</changefreq></url>
Ludvika,Västerås,94,63,Avståndet mellan Ludvika och Västerås är 94 km och Karl-Johan Gyllenstorm beräknade körtiden till cirka 63 minuter.,<url><loc>https://pendlings-app1.t-767929534-cloudflare.workers.dev/?fran=Ludvika&amp;till=Västerås</loc><changefreq>monthly</changefreq></url>
Höganäs,Färjestaden,191,145,Avståndet mellan Höganäs och Färjestaden är 191 km och Karl-Johan Gyllenstorm beräknade körtiden till cirka 145 minuter.,<url><loc>https://pendlings-app1.t-767929534-cloudflare.workers.dev/?fran=Höganäs&amp;till=Färjestaden</loc><changefreq>monthly</changefreq></url>
Leksand,Mullsjö,499,372,Avståndet mellan Leksand och Mullsjö är 499 km och Karl-Johan Gyllenstorm beräknade körtiden till cirka 372 minuter.,<url><loc>https://pendlings-app1.t-767929534-cloudflare.workers.dev/?fran=Leksand&amp;till=Mullsjö</loc><changefreq>monthly</changefreq></url>
Sollefteå,Klippan,581,440,Avståndet mellan Sollefteå och Klippan är 581 km och Karl-Johan Gyllenstorm beräknade körtiden till cirka 440 minuter.,<url><loc>https://pendlings-app1.t-767929534-cloudflare.workers.dev/?fran=Sollefteå&amp;till=Klippan</loc><changefreq>monthly</changefreq></url>
Nora,Hyltebruk,1388,999,Avståndet mellan Nora och Hyltebruk är 1388 km och Karl-Johan Gyllenstorm beräknade körtiden till cirka 999 minuter.,<url><loc>https://pendlings-app1.t-767929534-cloudflare.workers.dev/?fran=Nora&amp;till=Hyltebruk</loc><changefreq>monthly</changefreq></url>
Osby,Åre,1012,689,Avståndet mellan Osby och Åre är 1012 km och Karl-Johan Gyllenstorm beräknade körtiden till cirka 689 minuter.,<url><loc>https://pendlings-app1.t-767929534-cloudflare.workers.dev/?fran=Osby&amp;till=Åre</loc><changefreq>monthly</changefreq></url>
Nybro,Värnamo,445,284,Avståndet mellan Nybro och Värnamo är 445 km och Karl-Johan Gyllenstorm beräknade körtiden till cirka 284 minuter.,<url><loc>https://pendlings-app1.t-767929534-cloudflare.workers.dev/?fran=Nybro&amp;till=Värnamo</loc><changefreq>monthly</changefreq></url>
Fårösund,Mörbylånga,585,410,Avståndet mellan Fårösund och Mörbylånga är 585 km och Karl-Johan Gyllenstorm beräknade körtiden till cirka 410 minuter.,<url><loc>https://pendlings-app1.t-767929534-cloudflare.workers.dev/?fran=Fårösund&amp;till=Mörbylånga</loc><changefreq>monthly</changefreq></url>
Skellefteå,Bollebygd,230,171,Avståndet mellan Skellefteå och Bollebygd är 230 km och Karl-Johan Gyllenstorm beräknade körtiden till cirka 171 minuter.,<url><loc>https://pendlings-app1.t-767929534-cloudflare.workers.dev/?fran=Skellefteå&amp;till=Bollebygd</loc><changefreq>monthly</changefreq></url>
Tranås,Mora,1178,823,Avståndet mellan Tranås och Mora är 1178 km och Karl-Johan Gyllenstorm beräknade körtiden till cirka 823 minuter.,<url><loc>https://pendlings-app1.t-767929534-cloudflare.workers.dev/?fran=Tranås&amp;till=Mora</loc><changefreq>monthly</changefreq></url>
Vellinge,Jönköping,1440,1076,Avståndet mellan Vellinge och Jönköping är 1440 km och Karl-Johan Gyllenstorm beräknade körtiden till cirka 1076 minuter.,<url><loc>https://pendlings-app1.t-767929534-cloudflare.workers.dev/?fran=Vellinge&amp;till=Jönköping</loc><changefreq>monthly</changefreq></url>
Essunga,Mora,152,97,Avståndet mellan Essunga och Mora är 152 km och Karl-Johan Gyllenstorm beräknade körtiden till cirka 97 minuter.,<url><loc>https://pendlings-app1.t-767929534-cloudflare.workers.dev/?fran=Essunga&amp;till=Mora</loc><changefreq>monthly</changefreq></url>
Roma,Ydre,914,646,Avståndet mellan Roma och Ydre är 914 km och Karl-Johan Gyllenstorm beräknade körtiden till cirka 646 minuter.,<url><loc>https://pendlings-app1.t-767929534-cloudflare.workers.dev/?fran=Roma&amp;till=Ydre</loc><changefreq>monthly</changefreq></url>
Eksjö,Höganäs,468,371,Avståndet mellan Eksjö och Höganäs är 468 km och Karl-Johan Gyllenstorm beräknade körtiden till cirka 371 minuter.,<url><loc>https://pendlings-app1.t-767929534-cloudflare.workers.dev/?fran=Eksjö&amp;till=Höganäs</loc><changefreq>monthly</changefreq></url>
Storuman,Bollnäs,539,347,Avståndet mellan Storuman och Bollnäs är 539 km och Karl-Johan Gyllenstorm beräknade körtiden till cirka 347 minuter.,<url><loc>https://pendlings-app1.t-767929534-cloudflare.workers.dev/?fran=Storuman&amp;till=Bollnäs</loc><changefreq>monthly</changefreq></url>
Surahammar,Ljusdal,211,164,Avståndet mellan Surahammar och Ljusdal är 211 km och Karl-Johan Gyllenstorm beräknade körtiden till cirka 164 minuter.,<url><loc>https://pendlings-app1.t-767929534-cloudflare.workers.dev/?fran=Surahammar&amp;till=Ljusdal</loc><changefreq>monthly</changefreq></url>
Gimo,Skutskär,46,29,Avståndet mellan Gimo och Skutskär är 46 km och Karl-Johan Gyllenstorm beräknade körtiden till cirka 29 minuter.,<url><loc>https://pendlings-app1.t-767929534-cloudflare.workers.dev/?fran=Gimo&amp;till=Skutskär</loc><changefreq>monthly</changefreq></url>
Trosa,Timrå,1209,823,Avståndet mellan Trosa och Timrå är 1209 km och Karl-Johan Gyllenstorm beräknade körtiden till cirka 823 minuter.,<url><loc>https://pendlings-app1.t-767929534-cloudflare.workers.dev/?fran=Trosa&amp;till=Timrå</loc><changefreq>monthly</changefreq></url>
Falun,Tierp,1233,838,Avståndet mellan Falun och Tierp är 1233 km och Karl-Johan Gyllenstorm beräknade körtiden till cirka 838 minuter.,<url><loc>https://pendlings-app1.t-767929534-cloudflare.workers.dev/?fran=Falun&amp;till=Tierp</loc><changefreq>monthly</changefreq></url>
Färjestaden,Söderhamn,195,129,Avståndet mellan Färjestaden och Söderhamn är 195 km och Karl-Johan Gyllenstorm beräknade körtiden till cirka 129 minuter.,<url><loc>https://pendlings-app1.t-767929534-cloudflare.workers.dev/?fran=Färjestaden&amp;till=Söderhamn</loc><changefreq>monthly</changefreq></url>
Västervik,Kungsbacka,122,80,Avståndet mellan Västervik och Kungsbacka är 122 km och Karl-Johan Gyllenstorm beräknade körtiden till cirka 80 minuter.,<url><loc>https://pendlings-app1.t-767929534-cloudflare.workers.dev/?fran=Västervik&amp;till=Kungsbacka</loc><changefreq>monthly</changefreq></url>
Vetlanda,Varberg,1368,883,Avståndet mellan Vetlanda och Varberg är 1368 km och Karl-Johan Gyllenstorm beräknade körtiden till cirka 883 minuter.,<url><loc>https://pendlings-app1.t-767929534-cloudflare.workers.dev/?fran=Vetlanda&amp;till=Varberg</loc><changefreq>monthly</changefreq></url>
Östra Göinge,Mullsjö,355,229,Avståndet mellan Östra Göinge och Mullsjö är 355 km och Karl-Johan Gyllenstorm beräknade körtiden till cirka 229 minuter.,<url><loc>https://pendlings-app1.t-767929534-cloudflare.workers.dev/?fran=Östra Göinge&amp;till=Mullsjö</loc><changefreq>monthly</changefreq></url>
Lindesberg,Lärbro,104,80,Avståndet mellan Lindesberg och Lärbro är 104 km och Karl-Johan Gyllenstorm beräknade körtiden till cirka 80 minuter.,<url><loc>https://pendlings-app1.t-767929534-cloudflare.workers.dev/?fran=Lindesberg&amp;till=Lärbro</loc><changefreq>monthly</changefreq></url>
Vårgårda,Skara,1175,770,Avståndet mellan Vårgårda och Skara är 1175 km och Karl-Johan Gyllenstorm beräknade körtiden till cirka 770 minuter.,<url><loc>https://pendlings-app1.t-767929534-cloudflare.workers.dev/?fran=Vårgårda&amp;till=Skara</loc><changefreq>monthly</changefreq></url>
Täby,Hällefor,879,573,Avståndet mellan Täby och Hällefor är 879 km och Karl-Johan Gyllenstorm beräknade körtiden till cirka 573 minuter.,<url><loc>https://pendlings-app1.t-767929534-cloudflare.workers.dev/?fran=Täby&amp;till=Hällefor</loc><changefreq>monthly</changefreq></url>
Sandviken,Grythyttan,268,194,Avståndet mellan Sandviken och Grythyttan är 268 km och Karl-Johan Gyllenstorm beräknade körtiden till cirka 194 minuter.,<url><loc>https://pendlings-app1.t-767929534-cloudflare.workers.dev/?fran=Sandviken&amp;till=Grythyttan</loc><changefreq>monthly</changefreq></url>
Karlshamn,Malå,1139,719,Avståndet mellan Karlshamn och Malå är 1139 km och Karl-Johan Gyllenstorm beräknade körtiden till cirka 719 minuter.,<url><loc>https://pendlings-app1.t-767929534-cloudflare.workers.dev/?fran=Karlshamn&amp;till=Malå</loc><changefreq>monthly</changefreq></url>
Trollhättan,Härnösand,173,112,Avståndet mellan Trollhättan och Härnösand är 173 km och Karl-Johan Gyllenstorm beräknade körtiden till cirka 112 minuter.,<url><loc>https://pendlings-app1.t-767929534-cloudflare.workers.dev/?fran=Trollhättan&amp;till=Härnösand</loc><changefreq>monthly</changefreq></url>
Härnösand,Slite,1258,996,Avståndet mellan Härnösand och Slite är 1258 km och Karl-Johan Gyllenstorm beräknade körtiden till cirka 996 minuter.,<url><loc>https://pendlings-app1.t-767929534-cloudflare.workers.dev/?fran=Härnösand&amp;till=Slite</loc><changefreq>monthly</changefreq></url>
Klippan,Kiruna,622,479,Avståndet mellan Klippan och Kiruna är 622 km och Karl-Johan Gyllenstorm beräknade körtiden till cirka 479 minuter.,<url><loc>https://pendlings-app1.t-767929534-cloudflare.workers.dev/?fran=Klippan&amp;till=Kiruna</loc><changefreq>monthly</changefreq></url>
Hultsfred,Bollnäs,435,326,Avståndet mellan Hultsfred och Bollnäs är 435 km och Karl-Johan Gyllenstorm beräknade körtiden till cirka 326 minuter.,<url><loc>https://pendlings-app1.t-767929534-cloudflare.workers.dev/?fran=Hultsfred&amp;till=Bollnäs</loc><changefreq>monthly</changefreq></url>
Värnamo,Ronneby,699,517,Avståndet mellan Värnamo och Ronneby är 699 km och Karl-Johan Gyllenstorm beräknade körtiden till cirka 517 minuter.,<url><loc>https://pendlings-app1.t-767929534-cloudflare.workers.dev/?fran=Värnamo&amp;till=Ronneby</loc><changefreq>monthly</changefreq></url>
Växjö,Motala,559,362,Avståndet mellan Växjö och Motala är 559 km och Karl-Johan Gyllenstorm beräknade körtiden till cirka 362 minuter.,<url><loc>https://pendlings-app1.t-767929534-cloudflare.workers.dev/?fran=Växjö&amp;till=Motala</loc><changefreq>monthly</changefreq></url>
Götene,Åmål,147,111,Avståndet mellan Götene och Åmål är 147 km och Karl-Johan Gyllenstorm beräknade körtiden till cirka 111 minuter.,<url><loc>https://pendlings-app1.t-767929534-cloudflare.workers.dev/?fran=Götene&amp;till=Åmål</loc><changefreq>monthly</changefreq></url>
Arboga,Storuman,429,336,Avståndet mellan Arboga och Storuman är 429 km och Karl-Johan Gyllenstorm beräknade körtiden till cirka 336 minuter.,<url><loc>https://pendlings-app1.t-767929534-cloudflare.workers.dev/?fran=Arboga&amp;till=Storuman</loc><changefreq>monthly</changefreq></url>
Gnestad,Laxå,150,101,Avståndet mellan Gnestad och Laxå är 150 km och Karl-Johan Gyllenstorm beräknade körtiden till cirka 101 minuter.,<url><loc>https://pendlings-app1.t-767929534-cloudflare.workers.dev/?fran=Gnestad&amp;till=Laxå</loc><changefreq>monthly</changefreq></url>
Mönsterås,Färjestaden,1183,750,Avståndet mellan Mönsterås och Färjestaden är 1183 km och Karl-Johan Gyllenstorm beräknade körtiden till cirka 750 minuter.,<url><loc>https://pendlings-app1.t-767929534-cloudflare.workers.dev/?fran=Mönsterås&amp;till=Färjestaden</loc><changefreq>monthly</changefreq></url>
Sveg,Vadstena,221,157,Avståndet mellan Sveg och Vadstena är 221 km och Karl-Johan Gyllenstorm beräknade körtiden till cirka 157 minuter.,<url><loc>https://pendlings-app1.t-767929534-cloudflare.workers.dev/?fran=Sveg&amp;till=Vadstena</loc><changefreq>monthly</changefreq></url>
Leksand,Norberg,1236,963,Avståndet mellan Leksand och Norberg är 1236 km och Karl-Johan Gyllenstorm beräknade körtiden till cirka 963 minuter.,<url><loc>https://pendlings-app1.t-767929534-cloudflare.workers.dev/?fran=Leksand&amp;till=Norberg</loc><changefreq>monthly</changefreq></url>
Vänersborg,Laxå,1138,826,Avståndet mellan Vänersborg och Laxå är 1138 km och Karl-Johan Gyllenstorm beräknade körtiden till cirka 826 minuter.,<url><loc>https://pendlings-app1.t-767929534-cloudflare.workers.dev/?fran=Vänersborg&amp;till=Laxå</loc><changefreq>monthly</changefreq></url>
Mark,Nora,188,138,Avståndet mellan Mark och Nora är 188 km och Karl-Johan Gyllenstorm beräknade körtiden till cirka 138 minuter.,<url><loc>https://pendlings-app1.t-767929534-cloudflare.workers.dev/?fran=Mark&amp;till=Nora</loc><changefreq>monthly</changefreq></url>
Eda,Kiruna,1009,786,Avståndet mellan Eda och Kiruna är 1009 km och Karl-Johan Gyllenstorm beräknade körtiden till cirka 786 minuter.,<url><loc>https://pendlings-app1.t-767929534-cloudflare.workers.dev/?fran=Eda&amp;till=Kiruna</loc><changefreq>monthly</changefreq></url>
Piteå,Dorotea,201,133,Avståndet mellan Piteå och Dorotea är 201 km och Karl-Johan Gyllenstorm beräknade körtiden till cirka 133 minuter.,<url><loc>https://pendlings-app1.t-767929534-cloudflare.workers.dev/?fran=Piteå&amp;till=Dorotea</loc><changefreq>monthly</changefreq></url>
Vansbro,Sälen,262,199,Avståndet mellan Vansbro och Sälen är 262 km och Karl-Johan Gyllenstorm beräknade körtiden till cirka 199 minuter.,<url><loc>https://pendlings-app1.t-767929534-cloudflare.workers.dev/?fran=Vansbro&amp;till=Sälen</loc><changefreq>monthly</changefreq></url>
Kristinehamn,Grästorp,301,199,Avståndet mellan Kristinehamn och Grästorp är 301 km och Karl-Johan Gyllenstorm beräknade körtiden till cirka 199 minuter.,<url><loc>https://pendlings-app1.t-767929534-cloudflare.workers.dev/?fran=Kristinehamn&amp;till=Grästorp</loc><changefreq>monthly</changefreq></url>
Mjölby,Hedemora,225,156,Avståndet mellan Mjölby och Hedemora är 225 km och Karl-Johan Gyllenstorm beräknade körtiden till cirka 156 minuter.,<url><loc>https://pendlings-app1.t-767929534-cloudflare.workers.dev/?fran=Mjölby&amp;till=Hedemora</loc><changefreq>monthly</changefreq></url>
Kristinehamn,Härjedalen,658,422,Avståndet mellan Kristinehamn och Härjedalen är 658 km och Karl-Johan Gyllenstorm beräknade körtiden till cirka 422 minuter.,<url><loc>https://pendlings-app1.t-767929534-cloudflare.workers.dev/?fran=Kristinehamn&amp;till=Härjedalen</loc><changefreq>monthly</changefreq></url>
Östersund,Söderhamn,58,37,Avståndet mellan Östersund och Söderhamn är 58 km och Karl-Johan Gyllenstorm beräknade körtiden till cirka 37 minuter.,<url><loc>https://pendlings-app1.t-767929534-cloudflare.workers.dev/?fran=Östersund&amp;till=Söderhamn</loc><changefreq>monthly</changefreq></url>
Sala,Härnösand,646,416,Avståndet mellan Sala och Härnösand är 646 km och Karl-Johan Gyllenstorm beräknade körtiden till cirka 416 minuter.,<url><loc>https://pendlings-app1.t-767929534-cloudflare.workers.dev/?fran=Sala&amp;till=Härnösand</loc><changefreq>monthly</changefreq></url>
Burgsvik,Bålsta,1395,906,Avståndet mellan Burgsvik och Bålsta är 1395 km och Karl-Johan Gyllenstorm beräknade körtiden till cirka 906 minuter.,<url><loc>https://pendlings-app1.t-767929534-cloudflare.workers.dev/?fran=Burgsvik&amp;till=Bålsta</loc><changefreq>monthly</changefreq></url>
Laxå,Luleå,355,226,Avståndet mellan Laxå och Luleå är 355 km och Karl-Johan Gyllenstorm beräknade körtiden till cirka 226 minuter.,<url><loc>https://pendlings-app1.t-767929534-cloudflare.workers.dev/?fran=Laxå&amp;till=Luleå</loc><changefreq>monthly</changefreq></url>
Slite,Borlänge,1091,760,Avståndet mellan Slite och Borlänge är 1091 km och Karl-Johan Gyllenstorm beräknade körtiden till cirka 760 minuter.,<url><loc>https://pendlings-app1.t-767929534-cloudflare.workers.dev/?fran=Slite&amp;till=Borlänge</loc><changefreq>monthly</changefreq></url>
Trelleborg,Östra Göinge,1366,1068,Avståndet mellan Trelleborg och Östra Göinge är 1366 km och Karl-Johan Gyllenstorm beräknade körtiden till cirka 1068 minuter.,<url><loc>https://pendlings-app1.t-767929534-cloudflare.workers.dev/?fran=Trelleborg&amp;till=Östra Göinge</loc><changefreq>monthly</changefreq></url>
Östra Göinge,Norberg,213,165,Avståndet mellan Östra Göinge och Norberg är 213 km och Karl-Johan Gyllenstorm beräknade körtiden till cirka 165 minuter.,<url><loc>https://pendlings-app1.t-767929534-cloudflare.workers.dev/?fran=Östra Göinge&amp;till=Norberg</loc><changefreq>monthly</changefreq></url>
Aneby,Roma,1117,796,Avståndet mellan Aneby och Roma är 1117 km och Karl-Johan Gyllenstorm beräknade körtiden till cirka 796 minuter.,<url><loc>https://pendlings-app1.t-767929534-cloudflare.workers.dev/?fran=Aneby&amp;till=Roma</loc><changefreq>monthly</changefreq></url>
Mora,Hagfors,1319,977,Avståndet mellan Mora och Hagfors är 1319 km och Karl-Johan Gyllenstorm beräknade körtiden till cirka 977 minuter.,<url><loc>https://pendlings-app1.t-767929534-cloudflare.workers.dev/?fran=Mora&amp;till=Hagfors</loc><changefreq>monthly</changefreq></url>
Ulricehamn,Gävle,304,196,Avståndet mellan Ulricehamn och Gävle är 304 km och Karl-Johan Gyllenstorm beräknade körtiden till cirka 196 minuter.,<url><loc>https://pendlings-app1.t-767929534-cloudflare.workers.dev/?fran=Ulricehamn&amp;till=Gävle</loc><changefreq>monthly</changefreq></url>
Karlsborg,Sjöbo,178,118,Avståndet mellan Karlsborg och Sjöbo är 178 km och Karl-Johan Gyllenstorm beräknade körtiden till cirka 118 minuter.,<url><loc>https://pendlings-app1.t-767929534-cloudflare.workers.dev/?fran=Karlsborg&amp;till=Sjöbo</loc><changefreq>monthly</changefreq></url>
Karlstad,Kalmar,1269,961,Avståndet mellan Karlstad och Kalmar är 1269 km och Karl-Johan Gyllenstorm beräknade körtiden till cirka 961 minuter.,<url><loc>https://pendlings-app1.t-767929534-cloudflare.workers.dev/?fran=Karlstad&amp;till=Kalmar</loc><changefreq>monthly</changefreq></url>
Ockelbo,Borgholm,918,652,Avståndet mellan Ockelbo och Borgholm är 918 km och Karl-Johan Gyllenstorm beräknade körtiden till cirka 652 minuter.,<url><loc>https://pendlings-app1.t-767929534-cloudflare.workers.dev/?fran=Ockelbo&amp;till=Borgholm</loc><changefreq>monthly</changefreq></url>
Borgholm,Luleå,1069,779,Avståndet mellan Borgholm och Luleå är 1069 km och Karl-Johan Gyllenstorm beräknade körtiden till cirka 779 minuter.,<url><loc>https://pendlings-app1.t-767929534-cloudflare.workers.dev/?fran=Borgholm&amp;till=Luleå</loc><changefreq>monthly</changefreq></url>
Tranås,Färjestaden,804,596,Avståndet mellan Tranås och Färjestaden är 804 km och Karl-Johan Gyllenstorm beräknade körtiden till cirka 596 minuter.,<url><loc>https://pendlings-app1.t-767929534-cloudflare.workers.dev/?fran=Tranås&amp;till=Färjestaden</loc><changefreq>monthly</changefreq></url>
Emmaboda,Stånga,902,687,Avståndet mellan Emmaboda och Stånga är 902 km och Karl-Johan Gyllenstorm beräknade körtiden till cirka 687 minuter.,<url><loc>https://pendlings-app1.t-767929534-cloudflare.workers.dev/?fran=Emmaboda&amp;till=Stånga</loc><changefreq>monthly</changefreq></url>
Härnösand,Årjäng,171,129,Avståndet mellan Härnösand och Årjäng är 171 km och Karl-Johan Gyllenstorm beräknade körtiden till cirka 129 minuter.,<url><loc>https://pendlings-app1.t-767929534-cloudflare.workers.dev/?fran=Härnösand&amp;till=Årjäng</loc><changefreq>monthly</changefreq></url>
Timrå,Mörbylånga,188,149,Avståndet mellan Timrå och Mörbylånga är 188 km och Karl-Johan Gyllenstorm beräknade körtiden till cirka 149 minuter.,<url><loc>https://pendlings-app1.t-767929534-cloudflare.workers.dev/?fran=Timrå&amp;till=Mörbylånga</loc><changefreq>monthly</changefreq></url>
Oskarshamn,Gnosjö,1329,938,Avståndet mellan Oskarshamn och Gnosjö är 1329 km och Karl-Johan Gyllenstorm beräknade körtiden till cirka 938 minuter.,<url><loc>https://pendlings-app1.t-767929534-cloudflare.workers.dev/?fran=Oskarshamn&amp;till=Gnosjö</loc><changefreq>monthly</changefreq></url>
Vetlanda,Örebro,1283,815,Avståndet mellan Vetlanda och Örebro är 1283 km och Karl-Johan Gyllenstorm beräknade körtiden till cirka 815 minuter.,<url><loc>https://pendlings-app1.t-767929534-cloudflare.workers.dev/?fran=Vetlanda&amp;till=Örebro</loc><changefreq>monthly</changefreq></url>
Essunga,Lysekil,1371,868,Avståndet mellan Essunga och Lysekil är 1371 km och Karl-Johan Gyllenstorm beräknade körtiden till cirka 868 minuter.,<url><loc>https://pendlings-app1.t-767929534-cloudflare.workers.dev/?fran=Essunga&amp;till=Lysekil</loc><changefreq>monthly</changefreq></url>
Visby,Hudiksvall,275,182,Avståndet mellan Visby och Hudiksvall är 275 km och Karl-Johan Gyllenstorm beräknade körtiden till cirka 182 minuter.,<url><loc>https://pendlings-app1.t-767929534-cloudflare.workers.dev/?fran=Visby&amp;till=Hudiksvall</loc><changefreq>monthly</changefreq></url>
Gällivare,Färjestaden,611,468,Avståndet mellan Gällivare och Färjestaden är 611 km och Karl-Johan Gyllenstorm beräknade körtiden till cirka 468 minuter.,<url><loc>https://pendlings-app1.t-767929534-cloudflare.workers.dev/?fran=Gällivare&amp;till=Färjestaden</loc><changefreq>monthly</changefreq></url>
Gullspång,Torsby,1338,1029,Avståndet mellan Gullspång och Torsby är 1338 km och Karl-Johan Gyllenstorm beräknade körtiden till cirka 1029 minuter.,<url><loc>https://pendlings-app1.t-767929534-cloudflare.workers.dev/?fran=Gullspång&amp;till=Torsby</loc><changefreq>monthly</changefreq></url>
Tomelilla,Kristinehamn,738,549,Avståndet mellan Tomelilla och Kristinehamn är 738 km och Karl-Johan Gyllenstorm beräknade körtiden till cirka 549 minuter.,<url><loc>https://pendlings-app1.t-767929534-cloudflare.workers.dev/?fran=Tomelilla&amp;till=Kristinehamn</loc><changefreq>monthly</changefreq></url>
Borås,Falun,123,96,Avståndet mellan Borås och Falun är 123 km och Karl-Johan Gyllenstorm beräknade körtiden till cirka 96 minuter.,<url><loc>https://pendlings-app1.t-767929534-cloudflare.workers.dev/?fran=Borås&amp;till=Falun</loc><changefreq>monthly</changefreq></url>
Mjölby,Tingstäde,511,400,Avståndet mellan Mjölby och Tingstäde är 511 km och Karl-Johan Gyllenstorm beräknade körtiden till cirka 400 minuter.,<url><loc>https://pendlings-app1.t-767929534-cloudflare.workers.dev/?fran=Mjölby&amp;till=Tingstäde</loc><changefreq>monthly</changefreq></url>
Skutskär,Bräcke,712,538,Avståndet mellan Skutskär och Bräcke är 712 km och Karl-Johan Gyllenstorm beräknade körtiden till cirka 538 minuter.,<url><loc>https://pendlings-app1.t-767929534-cloudflare.workers.dev/?fran=Skutskär&amp;till=Bräcke</loc><changefreq>monthly</changefreq></url>
Jönköping,Växjö,130,94,Avståndet mellan Jönköping och Växjö är 130 km och Karl-Johan Gyllenstorm beräknade körtiden till cirka 94 minuter.,<url><loc>https://pendlings-app1.t-767929534-cloudflare.workers.dev/?fran=Jönköping&amp;till=Växjö</loc><changefreq>monthly</changefreq></url>
Tibro,Örkelljunga,1383,992,Avståndet mellan Tibro och Örkelljunga är 1383 km och Karl-Johan Gyllenstorm beräknade körtiden till cirka 992 minuter.,<url><loc>https://pendlings-app1.t-767929534-cloudflare.workers.dev/?fran=Tibro&amp;till=Örkelljunga</loc><changefreq>monthly</changefreq></url>
Ronneby,Simrishamn,1380,1052,Avståndet mellan Ronneby och Simrishamn är 1380 km och Karl-Johan Gyllenstorm beräknade körtiden till cirka 1052 minuter.,<url><loc>https://pendlings-app1.t-767929534-cloudflare.workers.dev/?fran=Ronneby&amp;till=Simrishamn</loc><changefreq>monthly</changefreq></url>
Bromölla,Svenljunga,161,116,Avståndet mellan Bromölla och Svenljunga är 161 km och Karl-Johan Gyllenstorm beräknade körtiden till cirka 116 minuter.,<url><loc>https://pendlings-app1.t-767929534-cloudflare.workers.dev/?fran=Bromölla&amp;till=Svenljunga</loc><changefreq>monthly</changefreq></url>
Åtvidaberg,Norsjö,543,357,Avståndet mellan Åtvidaberg och Norsjö är 543 km och Karl-Johan Gyllenstorm beräknade körtiden till cirka 357 minuter.,<url><loc>https://pendlings-app1.t-767929534-cloudflare.workers.dev/?fran=Åtvidaberg&amp;till=Norsjö</loc><changefreq>monthly</changefreq></url>
Sävsjö,Enköping,715,548,Avståndet mellan Sävsjö och Enköping är 715 km och Karl-Johan Gyllenstorm beräknade körtiden till cirka 548 minuter.,<url><loc>https://pendlings-app1.t-767929534-cloudflare.workers.dev/?fran=Sävsjö&amp;till=Enköping</loc><changefreq>monthly</changefreq></url>
Sjöbo,Motala,686,524,Avståndet mellan Sjöbo och Motala är 686 km och Karl-Johan Gyllenstorm beräknade körtiden till cirka 524 minuter.,<url><loc>https://pendlings-app1.t-767929534-cloudflare.workers.dev/?fran=Sjöbo&amp;till=Motala</loc><changefreq>monthly</changefreq></url>
Lekeberg,Falkenberg,1368,966,Avståndet mellan Lekeberg och Falkenberg är 1368 km och Karl-Johan Gyllenstorm beräknade körtiden till cirka 966 minuter.,<url><loc>https://pendlings-app1.t-767929534-cloudflare.workers.dev/?fran=Lekeberg&amp;till=Falkenberg</loc><changefreq>monthly</changefreq></url>
Sjöbo,Vingåker,663,428,Avståndet mellan Sjöbo och Vingåker är 663 km och Karl-Johan Gyllenstorm beräknade körtiden till cirka 428 minuter.,<url><loc>https://pendlings-app1.t-767929534-cloudflare.workers.dev/?fran=Sjöbo&amp;till=Vingåker</loc><changefreq>monthly</changefreq></url>
Kalmar,Bollnäs,29,22,Avståndet mellan Kalmar och Bollnäs är 29 km och Karl-Johan Gyllenstorm beräknade körtiden till cirka 22 minuter.,<url><loc>https://pendlings-app1.t-767929534-cloudflare.workers.dev/?fran=Kalmar&amp;till=Bollnäs</loc><changefreq>monthly</changefreq></url>
Grästorp,Ystad,769,572,Avståndet mellan Grästorp och Ystad är 769 km och Karl-Johan Gyllenstorm beräknade körtiden till cirka 572 minuter.,<url><loc>https://pendlings-app1.t-767929534-cloudflare.workers.dev/?fran=Grästorp&amp;till=Ystad</loc><changefreq>monthly</changefreq></url>
Trollhättan,Göteborg,158,101,Avståndet mellan Trollhättan och Göteborg är 158 km och Karl-Johan Gyllenstorm beräknade körtiden till cirka 101 minuter.,<url><loc>https://pendlings-app1.t-767929534-cloudflare.workers.dev/?fran=Trollhättan&amp;till=Göteborg</loc><changefreq>monthly</changefreq></url>
Kristinehamn,Lärbro,980,678,Avståndet mellan Kristinehamn och Lärbro är 980 km och Karl-Johan Gyllenstorm beräknade körtiden till cirka 678 minuter.,<url><loc>https://pendlings-app1.t-767929534-cloudflare.workers.dev/?fran=Kristinehamn&amp;till=Lärbro</loc><changefreq>monthly</changefreq></url>
Örnsköldsvik,Ånge,1248,840,Avståndet mellan Örnsköldsvik och Ånge är 1248 km och Karl-Johan Gyllenstorm beräknade körtiden till cirka 840 minuter.,<url><loc>https://pendlings-app1.t-767929534-cloudflare.workers.dev/?fran=Örnsköldsvik&amp;till=Ånge</loc><changefreq>monthly</changefreq></url>
Tanum,Ljusdal,590,414,Avståndet mellan Tanum och Ljusdal är 590 km och Karl-Johan Gyllenstorm beräknade körtiden till cirka 414 minuter.,<url><loc>https://pendlings-app1.t-767929534-cloudflare.workers.dev/?fran=Tanum&amp;till=Ljusdal</loc><changefreq>monthly</changefreq></url>
Färgelanda,Hörby,760,546,Avståndet mellan Färgelanda och Hörby är 760 km och Karl-Johan Gyllenstorm beräknade körtiden till cirka 546 minuter.,<url><loc>https://pendlings-app1.t-767929534-cloudflare.workers.dev/?fran=Färgelanda&amp;till=Hörby</loc><changefreq>monthly</changefreq></url>
Simrishamn,Hallsberg,1263,940,Avståndet mellan Simrishamn och Hallsberg är 1263 km och Karl-Johan Gyllenstorm beräknade körtiden till cirka 940 minuter.,<url><loc>https://pendlings-app1.t-767929534-cloudflare.workers.dev/?fran=Simrishamn&amp;till=Hallsberg</loc><changefreq>monthly</changefreq></url>
Pajala,Skara,1192,756,Avståndet mellan Pajala och Skara är 1192 km och Karl-Johan Gyllenstorm beräknade körtiden till cirka 756 minuter.,<url><loc>https://pendlings-app1.t-767929534-cloudflare.workers.dev/?fran=Pajala&amp;till=Skara</loc><changefreq>monthly</changefreq></url>
Täby,Dorotea,1249,944,Avståndet mellan Täby och Dorotea är 1249 km och Karl-Johan Gyllenstorm beräknade körtiden till cirka 944 minuter.,<url><loc>https://pendlings-app1.t-767929534-cloudflare.workers.dev/?fran=Täby&amp;till=Dorotea</loc><changefreq>monthly</changefreq></url>
Huddinge,Grythyttan,144,114,Avståndet mellan Huddinge och Grythyttan är 144 km och Karl-Johan Gyllenstorm beräknade körtiden till cirka 114 minuter.,<url><loc>https://pendlings-app1.t-767929534-cloudflare.workers.dev/?fran=Huddinge&amp;till=Grythyttan</loc><changefreq>monthly</changefreq></url>
Växjö,Skurup,242,167,Avståndet mellan Växjö och Skurup är 242 km och Karl-Johan Gyllenstorm beräknade körtiden till cirka 167 minuter.,<url><loc>https://pendlings-app1.t-767929534-cloudflare.workers.dev/?fran=Växjö&amp;till=Skurup</loc><changefreq>monthly</changefreq></url>
Hagfors,Perstorp,1312,884,Avståndet mellan Hagfors och Perstorp är 1312 km och Karl-Johan Gyllenstorm beräknade körtiden till cirka 884 minuter.,<url><loc>https://pendlings-app1.t-767929534-cloudflare.workers.dev/?fran=Hagfors&amp;till=Perstorp</loc><changefreq>monthly</changefreq></url>
Ockelbo,Storuman,722,518,Avståndet mellan Ockelbo och Storuman är 722 km och Karl-Johan Gyllenstorm beräknade körtiden till cirka 518 minuter.,<url><loc>https://pendlings-app1.t-767929534-cloudflare.workers.dev/?fran=Ockelbo&amp;till=Storuman</loc><changefreq>monthly</changefreq></url>
Vibble,Båstad,737,472,Avståndet mellan Vibble och Båstad är 737 km och Karl-Johan Gyllenstorm beräknade körtiden till cirka 472 minuter.,<url><loc>https://pendlings-app1.t-767929534-cloudflare.workers.dev/?fran=Vibble&amp;till=Båstad</loc><changefreq>monthly</changefreq></url>
Ronehamn,Hässleholm,848,643,Avståndet mellan Ronehamn och Hässleholm är 848 km och Karl-Johan Gyllenstorm beräknade körtiden till cirka 643 minuter.,<url><loc>https://pendlings-app1.t-767929534-cloudflare.workers.dev/?fran=Ronehamn&amp;till=Hässleholm</loc><changefreq>monthly</changefreq></url>
Mullsjö,Sveg,770,510,Avståndet mellan Mullsjö och Sveg är 770 km och Karl-Johan Gyllenstorm beräknade körtiden till cirka 510 minuter.,<url><loc>https://pendlings-app1.t-767929534-cloudflare.workers.dev/?fran=Mullsjö&amp;till=Sveg</loc><changefreq>monthly</changefreq></url>
Tomelilla,Ulricehamn,631,408,Avståndet mellan Tomelilla och Ulricehamn är 631 km och Karl-Johan Gyllenstorm beräknade körtiden till cirka 408 minuter.,<url><loc>https://pendlings-app1.t-767929534-cloudflare.workers.dev/?fran=Tomelilla&amp;till=Ulricehamn</loc><changefreq>monthly</changefreq></url>
Södertälje,Mellerud,402,287,Avståndet mellan Södertälje och Mellerud är 402 km och Karl-Johan Gyllenstorm beräknade körtiden till cirka 287 minuter.,<url><loc>https://pendlings-app1.t-767929534-cloudflare.workers.dev/?fran=Södertälje&amp;till=Mellerud</loc><changefreq>monthly</changefreq></url>
Falköping,Ånge,201,143,Avståndet mellan Falköping och Ånge är 201 km och Karl-Johan Gyllenstorm beräknade körtiden till cirka 143 minuter.,<url><loc>https://pendlings-app1.t-767929534-cloudflare.workers.dev/?fran=Falköping&amp;till=Ånge</loc><changefreq>monthly</changefreq></url>
Perstorp,Nyköping,823,594,Avståndet mellan Perstorp och Nyköping är 823 km och Karl-Johan Gyllenstorm beräknade körtiden till cirka 594 minuter.,<url><loc>https://pendlings-app1.t-767929534-cloudflare.workers.dev/?fran=Perstorp&amp;till=Nyköping</loc><changefreq>monthly</changefreq></url>
Älvkarleby,Lund,1363,994,Avståndet mellan Älvkarleby och Lund är 1363 km och Karl-Johan Gyllenstorm beräknade körtiden till cirka 994 minuter.,<url><loc>https://pendlings-app1.t-767929534-cloudflare.workers.dev/?fran=Älvkarleby&amp;till=Lund</loc><changefreq>monthly</changefreq></url>
Färjestaden,Sveg,776,617,Avståndet mellan Färjestaden och Sveg är 776 km och Karl-Johan Gyllenstorm beräknade körtiden till cirka 617 minuter.,<url><loc>https://pendlings-app1.t-767929534-cloudflare.workers.dev/?fran=Färjestaden&amp;till=Sveg</loc><changefreq>monthly</changefreq></url>
Lärbro,Havdhem,808,524,Avståndet mellan Lärbro och Havdhem är 808 km och Karl-Johan Gyllenstorm beräknade körtiden till cirka 524 minuter.,<url><loc>https://pendlings-app1.t-767929534-cloudflare.workers.dev/?fran=Lärbro&amp;till=Havdhem</loc><changefreq>monthly</changefreq></url>
Mönsterås,Kristianstad,1000,795,Avståndet mellan Mönsterås och Kristianstad är 1000 km och Karl-Johan Gyllenstorm beräknade körtiden till cirka 795 minuter.,<url><loc>https://pendlings-app1.t-767929534-cloudflare.workers.dev/?fran=Mönsterås&amp;till=Kristianstad</loc><changefreq>monthly</changefreq></url>
Sjöbo,Roma,112,88,Avståndet mellan Sjöbo och Roma är 112 km och Karl-Johan Gyllenstorm beräknade körtiden till cirka 88 minuter.,<url><loc>https://pendlings-app1.t-767929534-cloudflare.workers.dev/?fran=Sjöbo&amp;till=Roma</loc><changefreq>monthly</changefreq></url>
Katrineholm,Gullspång,1364,876,Avståndet mellan Katrineholm och Gullspång är 1364 km och Karl-Johan Gyllenstorm beräknade körtiden till cirka 876 minuter.,<url><loc>https://pendlings-app1.t-767929534-cloudflare.workers.dev/?fran=Katrineholm&amp;till=Gullspång</loc><changefreq>monthly</changefreq></url>
Nybro,Ydre,252,165,Avståndet mellan Nybro och Ydre är 252 km och Karl-Johan Gyllenstorm beräknade körtiden till cirka 165 minuter.,<url><loc>https://pendlings-app1.t-767929534-cloudflare.workers.dev/?fran=Nybro&amp;till=Ydre</loc><changefreq>monthly</changefreq></url>
Överkalix,Jokkmokk,35,22,Avståndet mellan Överkalix och Jokkmokk är 35 km och Karl-Johan Gyllenstorm beräknade körtiden till cirka 22 minuter.,<url><loc>https://pendlings-app1.t-767929534-cloudflare.workers.dev/?fran=Överkalix&amp;till=Jokkmokk</loc><changefreq>monthly</changefreq></url>
Motala,Gullspång,799,563,Avståndet mellan Motala och Gullspång är 799 km och Karl-Johan Gyllenstorm beräknade körtiden till cirka 563 minuter.,<url><loc>https://pendlings-app1.t-767929534-cloudflare.workers.dev/?fran=Motala&amp;till=Gullspång</loc><changefreq>monthly</changefreq></url>
Eda,Jönköping,887,577,Avståndet mellan Eda och Jönköping är 887 km och Karl-Johan Gyllenstorm beräknade körtiden till cirka 577 minuter.,<url><loc>https://pendlings-app1.t-767929534-cloudflare.workers.dev/?fran=Eda&amp;till=Jönköping</loc><changefreq>monthly</changefreq></url>
Munkfors,Bromölla,558,442,Avståndet mellan Munkfors och Bromölla är 558 km och Karl-Johan Gyllenstorm beräknade körtiden till cirka 442 minuter.,<url><loc>https://pendlings-app1.t-767929534-cloudflare.workers.dev/?fran=Munkfors&amp;till=Bromölla</loc><changefreq>monthly</changefreq></url>
Kopparberg,Falun,1073,767,Avståndet mellan Kopparberg och Falun är 1073 km och Karl-Johan Gyllenstorm beräknade körtiden till cirka 767 minuter.,<url><loc>https://pendlings-app1.t-767929534-cloudflare.workers.dev/?fran=Kopparberg&amp;till=Falun</loc><changefreq>monthly</changefreq></url>
Hallstahammar,Ockelbo,235,152,Avståndet mellan Hallstahammar och Ockelbo är 235 km och Karl-Johan Gyllenstorm beräknade körtiden till cirka 152 minuter.,<url><loc>https://pendlings-app1.t-767929534-cloudflare.workers.dev/?fran=Hallstahammar&amp;till=Ockelbo</loc><changefreq>monthly</changefreq></url>
Åtvidaberg,Krokom,32,20,Avståndet mellan Åtvidaberg och Krokom är 32 km och Karl-Johan Gyllenstorm beräknade körtiden till cirka 20 minuter.,<url><loc>https://pendlings-app1.t-767929534-cloudflare.workers.dev/?fran=Åtvidaberg&amp;till=Krokom</loc><changefreq>monthly</changefreq></url>
Bjuv,Ronneby,868,626,Avståndet mellan Bjuv och Ronneby är 868 km och Karl-Johan Gyllenstorm beräknade körtiden till cirka 626 minuter.,<url><loc>https://pendlings-app1.t-767929534-cloudflare.workers.dev/?fran=Bjuv&amp;till=Ronneby</loc><changefreq>monthly</changefreq></url>
Tranås,Söderhamn,1252,986,Avståndet mellan Tranås och Söderhamn är 1252 km och Karl-Johan Gyllenstorm beräknade körtiden till cirka 986 minuter.,<url><loc>https://pendlings-app1.t-767929534-cloudflare.workers.dev/?fran=Tranås&amp;till=Söderhamn</loc><changefreq>monthly</changefreq></url>
Knivsta,Malung,581,368,Avståndet mellan Knivsta och Malung är 581 km och Karl-Johan Gyllenstorm beräknade körtiden till cirka 368 minuter.,<url><loc>https://pendlings-app1.t-767929534-cloudflare.workers.dev/?fran=Knivsta&amp;till=Malung</loc><changefreq>monthly</changefreq></url>
Vibble,Forshaga,230,163,Avståndet mellan Vibble och Forshaga är 230 km och Karl-Johan Gyllenstorm beräknade körtiden till cirka 163 minuter.,<url><loc>https://pendlings-app1.t-767929534-cloudflare.workers.dev/?fran=Vibble&amp;till=Forshaga</loc><changefreq>monthly</changefreq></url>
Essunga,Söderhamn,1123,866,Avståndet mellan Essunga och Söderhamn är 1123 km och Karl-Johan Gyllenstorm beräknade körtiden till cirka 866 minuter.,<url><loc>https://pendlings-app1.t-767929534-cloudflare.workers.dev/?fran=Essunga&amp;till=Söderhamn</loc><changefreq>monthly</changefreq></url>
Perstorp,Oxelösund,991,715,Avståndet mellan Perstorp och Oxelösund är 991 km och Karl-Johan Gyllenstorm beräknade körtiden till cirka 715 minuter.,<url><loc>https://pendlings-app1.t-767929534-cloudflare.workers.dev/?fran=Perstorp&amp;till=Oxelösund</loc><changefreq>monthly</changefreq></url>
Strängnäs,Tranemo,418,295,Avståndet mellan Strängnäs och Tranemo är 418 km och Karl-Johan Gyllenstorm beräknade körtiden till cirka 295 minuter.,<url><loc>https://pendlings-app1.t-767929534-cloudflare.workers.dev/?fran=Strängnäs&amp;till=Tranemo</loc><changefreq>monthly</changefreq></url>
Ängelholm,Strömstad,252,195,Avståndet mellan Ängelholm och Strömstad är 252 km och Karl-Johan Gyllenstorm beräknade körtiden till cirka 195 minuter.,<url><loc>https://pendlings-app1.t-767929534-cloudflare.workers.dev/?fran=Ängelholm&amp;till=Strömstad</loc><changefreq>monthly</changefreq></url>
Hyltebruk,Söderhamn,1375,1055,Avståndet mellan Hyltebruk och Söderhamn är 1375 km och Karl-Johan Gyllenstorm beräknade körtiden till cirka 1055 minuter.,<url><loc>https://pendlings-app1.t-767929534-cloudflare.workers.dev/?fran=Hyltebruk&amp;till=Söderhamn</loc><changefreq>monthly</changefreq></url>
Båstad,Håbo,494,381,Avståndet mellan Båstad och Håbo är 494 km och Karl-Johan Gyllenstorm beräknade körtiden till cirka 381 minuter.,<url><loc>https://pendlings-app1.t-767929534-cloudflare.workers.dev/?fran=Båstad&amp;till=Håbo</loc><changefreq>monthly</changefreq></url>
Norrköping,Örnsköldsvik,328,250,Avståndet mellan Norrköping och Örnsköldsvik är 328 km och Karl-Johan Gyllenstorm beräknade körtiden till cirka 250 minuter.,<url><loc>https://pendlings-app1.t-767929534-cloudflare.workers.dev/?fran=Norrköping&amp;till=Örnsköldsvik</loc><changefreq>monthly</changefreq></url>
Vänersborg,Ystad,1163,893,Avståndet mellan Vänersborg och Ystad är 1163 km och Karl-Johan Gyllenstorm beräknade körtiden till cirka 893 minuter.,<url><loc>https://pendlings-app1.t-767929534-cloudflare.workers.dev/?fran=Vänersborg&amp;till=Ystad</loc><changefreq>monthly</changefreq></url>
Habon,Bollebygd,51,36,Avståndet mellan Habon och Bollebygd är 51 km och Karl-Johan Gyllenstorm beräknade körtiden till cirka 36 minuter.,<url><loc>https://pendlings-app1.t-767929534-cloudflare.workers.dev/?fran=Habon&amp;till=Bollebygd</loc><changefreq>monthly</changefreq></url>
Haparanda,Boden,989,728,Avståndet mellan Haparanda och Boden är 989 km och Karl-Johan Gyllenstorm beräknade körtiden till cirka 728 minuter.,<url><loc>https://pendlings-app1.t-767929534-cloudflare.workers.dev/?fran=Haparanda&amp;till=Boden</loc><changefreq>monthly</changefreq></url>
Högsby,Timrå,343,241,Avståndet mellan Högsby och Timrå är 343 km och Karl-Johan Gyllenstorm beräknade körtiden till cirka 241 minuter.,<url><loc>https://pendlings-app1.t-767929534-cloudflare.workers.dev/?fran=Högsby&amp;till=Timrå</loc><changefreq>monthly</changefreq></url>
Vadstena,Vänersborg,758,479,Avståndet mellan Vadstena och Vänersborg är 758 km och Karl-Johan Gyllenstorm beräknade körtiden till cirka 479 minuter.,<url><loc>https://pendlings-app1.t-767929534-cloudflare.workers.dev/?fran=Vadstena&amp;till=Vänersborg</loc><changefreq>monthly</changefreq></url>
Hallsberg,Kumla,1235,853,Avståndet mellan Hallsberg och Kumla är 1235 km och Karl-Johan Gyllenstorm beräknade körtiden till cirka 853 minuter.,<url><loc>https://pendlings-app1.t-767929534-cloudflare.workers.dev/?fran=Hallsberg&amp;till=Kumla</loc><changefreq>monthly</changefreq></url>
Leksand,Gnosjö,90,72,Avståndet mellan Leksand och Gnosjö är 90 km och Karl-Johan Gyllenstorm beräknade körtiden till cirka 72 minuter.,<url><loc>https://pendlings-app1.t-767929534-cloudflare.workers.dev/?fran=Leksand&amp;till=Gnosjö</loc><changefreq>monthly</changefreq></url>
Lekeberg,Vårgårda,213,169,Avståndet mellan Lekeberg och Vårgårda är 213 km och Karl-Johan Gyllenstorm beräknade körtiden till cirka 169 minuter.,<url><loc>https://pendlings-app1.t-767929534-cloudflare.workers.dev/?fran=Lekeberg&amp;till=Vårgårda</loc><changefreq>monthly</changefreq></url>
Säffle,Mjölby,1160,866,Avståndet mellan Säffle och Mjölby är 1160 km och Karl-Johan Gyllenstorm beräknade körtiden till cirka 866 minuter.,<url><loc>https://pendlings-app1.t-767929534-cloudflare.workers.dev/?fran=Säffle&amp;till=Mjölby</loc><changefreq>monthly</changefreq></url>
Håbo,Eksjö,1264,833,Avståndet mellan Håbo och Eksjö är 1264 km och Karl-Johan Gyllenstorm beräknade körtiden till cirka 833 minuter.,<url><loc>https://pendlings-app1.t-767929534-cloudflare.workers.dev/?fran=Håbo&amp;till=Eksjö</loc><changefreq>monthly</changefreq></url>
Kiruna,Katrineholm,492,358,Avståndet mellan Kiruna och Katrineholm är 492 km och Karl-Johan Gyllenstorm beräknade körtiden till cirka 358 minuter.,<url><loc>https://pendlings-app1.t-767929534-cloudflare.workers.dev/?fran=Kiruna&amp;till=Katrineholm</loc><changefreq>monthly</changefreq></url>
Skinnskatteberg,Hallsberg,233,157,Avståndet mellan Skinnskatteberg och Hallsberg är 233 km och Karl-Johan Gyllenstorm beräknade körtiden till cirka 157 minuter.,<url><loc>https://pendlings-app1.t-767929534-cloudflare.workers.dev/?fran=Skinnskatteberg&amp;till=Hallsberg</loc><changefreq>monthly</changefreq></url>
Lycksele,Hemse,529,387,Avståndet mellan Lycksele och Hemse är 529 km och Karl-Johan Gyllenstorm beräknade körtiden till cirka 387 minuter.,<url><loc>https://pendlings-app1.t-767929534-cloudflare.workers.dev/?fran=Lycksele&amp;till=Hemse</loc><changefreq>monthly</changefreq></url>
Hörby,Götene,85,56,Avståndet mellan Hörby och Götene är 85 km och Karl-Johan Gyllenstorm beräknade körtiden till cirka 56 minuter.,<url><loc>https://pendlings-app1.t-767929534-cloudflare.workers.dev/?fran=Hörby&amp;till=Götene</loc><changefreq>monthly</changefreq></url>
Falköping,Vetlanda,668,508,Avståndet mellan Falköping och Vetlanda är 668 km och Karl-Johan Gyllenstorm beräknade körtiden till cirka 508 minuter.,<url><loc>https://pendlings-app1.t-767929534-cloudflare.workers.dev/?fran=Falköping&amp;till=Vetlanda</loc><changefreq>monthly</changefreq></url>
Götene,Gnosjö,932,598,Avståndet mellan Götene och Gnosjö är 932 km och Karl-Johan Gyllenstorm beräknade körtiden till cirka 598 minuter.,<url><loc>https://pendlings-app1.t-767929534-cloudflare.workers.dev/?fran=Götene&amp;till=Gnosjö</loc><changefreq>monthly</changefreq></url>
Klippan,Grythyttan,362,240,Avståndet mellan Klippan och Grythyttan är 362 km och Karl-Johan Gyllenstorm beräknade körtiden till cirka 240 minuter.,<url><loc>https://pendlings-app1.t-767929534-cloudflare.workers.dev/?fran=Klippan&amp;till=Grythyttan</loc><changefreq>monthly</changefreq></url>
Jönköping,Uppsala,1111,768,Avståndet mellan Jönköping och Uppsala är 1111 km och Karl-Johan Gyllenstorm beräknade körtiden till cirka 768 minuter.,<url><loc>https://pendlings-app1.t-767929534-cloudflare.workers.dev/?fran=Jönköping&amp;till=Uppsala</loc><changefreq>monthly</changefreq></url>
Örnsköldsvik,Borås,40,26,Avståndet mellan Örnsköldsvik och Borås är 40 km och Karl-Johan Gyllenstorm beräknade körtiden till cirka 26 minuter.,<url><loc>https://pendlings-app1.t-767929534-cloudflare.workers.dev/?fran=Örnsköldsvik&amp;till=Borås</loc><changefreq>monthly</changefreq></url>
Timrå,Lekeberg,919,683,Avståndet mellan Timrå och Lekeberg är 919 km och Karl-Johan Gyllenstorm beräknade körtiden till cirka 683 minuter.,<url><loc>https://pendlings-app1.t-767929534-cloudflare.workers.dev/?fran=Timrå&amp;till=Lekeberg</loc><changefreq>monthly</changefreq></url>
Kristinehamn,Knivsta,1334,899,Avståndet mellan Kristinehamn och Knivsta är 1334 km och Karl-Johan Gyllenstorm beräknade körtiden till cirka 899 minuter.,<url><loc>https://pendlings-app1.t-767929534-cloudflare.workers.dev/?fran=Kristinehamn&amp;till=Knivsta</loc><changefreq>monthly</changefreq></url>
Hässleholm,Färgelanda,1386,1012,Avståndet mellan Hässleholm och Färgelanda är 1386 km och Karl-Johan Gyllenstorm beräknade körtiden till cirka 1012 minuter.,<url><loc>https://pendlings-app1.t-767929534-cloudflare.workers.dev/?fran=Hässleholm&amp;till=Färgelanda</loc><changefreq>monthly</changefreq></url>
Perstorp,Skara,1027,715,Avståndet mellan Perstorp och Skara är 1027 km och Karl-Johan Gyllenstorm beräknade körtiden till cirka 715 minuter.,<url><loc>https://pendlings-app1.t-767929534-cloudflare.workers.dev/?fran=Perstorp&amp;till=Skara</loc><changefreq>monthly</changefreq></url>
Borås,Borgholm,108,75,Avståndet mellan Borås och Borgholm är 108 km och Karl-Johan Gyllenstorm beräknade körtiden till cirka 75 minuter.,<url><loc>https://pendlings-app1.t-767929534-cloudflare.workers.dev/?fran=Borås&amp;till=Borgholm</loc><changefreq>monthly</changefreq></url>
Nordanstig,Storuman,976,685,Avståndet mellan Nordanstig och Storuman är 976 km och Karl-Johan Gyllenstorm beräknade körtiden till cirka 685 minuter.,<url><loc>https://pendlings-app1.t-767929534-cloudflare.workers.dev/?fran=Nordanstig&amp;till=Storuman</loc><changefreq>monthly</changefreq></url>
Gnestad,Surahammar,84,65,Avståndet mellan Gnestad och Surahammar är 84 km och Karl-Johan Gyllenstorm beräknade körtiden till cirka 65 minuter.,<url><loc>https://pendlings-app1.t-767929534-cloudflare.workers.dev/?fran=Gnestad&amp;till=Surahammar</loc><changefreq>monthly</changefreq></url>
Torsby,Storfors,1131,901,Avståndet mellan Torsby och Storfors är 1131 km och Karl-Johan Gyllenstorm beräknade körtiden till cirka 901 minuter.,<url><loc>https://pendlings-app1.t-767929534-cloudflare.workers.dev/?fran=Torsby&amp;till=Storfors</loc><changefreq>monthly</changefreq></url>
Vara,Strömstad,174,138,Avståndet mellan Vara och Strömstad är 174 km och Karl-Johan Gyllenstorm beräknade körtiden till cirka 138 minuter.,<url><loc>https://pendlings-app1.t-767929534-cloudflare.workers.dev/?fran=Vara&amp;till=Strömstad</loc><changefreq>monthly</changefreq></url>
Ed,Mullsjö,639,498,Avståndet mellan Ed och Mullsjö är 639 km och Karl-Johan Gyllenstorm beräknade körtiden till cirka 498 minuter.,<url><loc>https://pendlings-app1.t-767929534-cloudflare.workers.dev/?fran=Ed&amp;till=Mullsjö</loc><changefreq>monthly</changefreq></url>
Borås,Strömstad,614,395,Avståndet mellan Borås och Strömstad är 614 km och Karl-Johan Gyllenstorm beräknade körtiden till cirka 395 minuter.,<url><loc>https://pendlings-app1.t-767929534-cloudflare.workers.dev/?fran=Borås&amp;till=Strömstad</loc><changefreq>monthly</changefreq></url>
Vänersborg,Surahammar,699,525,Avståndet mellan Vänersborg och Surahammar är 699 km och Karl-Johan Gyllenstorm beräknade körtiden till cirka 525 minuter.,<url><loc>https://pendlings-app1.t-767929534-cloudflare.workers.dev/?fran=Vänersborg&amp;till=Surahammar</loc><changefreq>monthly</changefreq></url>
Ängelholm,Åmål,183,126,Avståndet mellan Ängelholm och Åmål är 183 km och Karl-Johan Gyllenstorm beräknade körtiden till cirka 126 minuter.,<url><loc>https://pendlings-app1.t-767929534-cloudflare.workers.dev/?fran=Ängelholm&amp;till=Åmål</loc><changefreq>monthly</changefreq></url>
Hörby,Mjölby,283,187,Avståndet mellan Hörby och Mjölby är 283 km och Karl-Johan Gyllenstorm beräknade körtiden till cirka 187 minuter.,<url><loc>https://pendlings-app1.t-767929534-cloudflare.workers.dev/?fran=Hörby&amp;till=Mjölby</loc><changefreq>monthly</changefreq></url>
Töreboda,Ed,1070,712,Avståndet mellan Töreboda och Ed är 1070 km och Karl-Johan Gyllenstorm beräknade körtiden till cirka 712 minuter.,<url><loc>https://pendlings-app1.t-767929534-cloudflare.workers.dev/?fran=Töreboda&amp;till=Ed</loc><changefreq>monthly</changefreq></url>
Tranås,Olofström,220,141,Avståndet mellan Tranås och Olofström är 220 km och Karl-Johan Gyllenstorm beräknade körtiden till cirka 141 minuter.,<url><loc>https://pendlings-app1.t-767929534-cloudflare.workers.dev/?fran=Tranås&amp;till=Olofström</loc><changefreq>monthly</changefreq></url>
Trollhättan,Norrköping,562,418,Avståndet mellan Trollhättan och Norrköping är 562 km och Karl-Johan Gyllenstorm beräknade körtiden till cirka 418 minuter.,<url><loc>https://pendlings-app1.t-767929534-cloudflare.workers.dev/?fran=Trollhättan&amp;till=Norrköping</loc><changefreq>monthly</changefreq></url>
Västerås,Berg,1163,839,Avståndet mellan Västerås och Berg är 1163 km och Karl-Johan Gyllenstorm beräknade körtiden till cirka 839 minuter.,<url><loc>https://pendlings-app1.t-767929534-cloudflare.workers.dev/?fran=Västerås&amp;till=Berg</loc><changefreq>monthly</changefreq></url>
Ydre,Motala,955,710,Avståndet mellan Ydre och Motala är 955 km och Karl-Johan Gyllenstorm beräknade körtiden till cirka 710 minuter.,<url><loc>https://pendlings-app1.t-767929534-cloudflare.workers.dev/?fran=Ydre&amp;till=Motala</loc><changefreq>monthly</changefreq></url>
Tanum,Forshaga,1312,1015,Avståndet mellan Tanum och Forshaga är 1312 km och Karl-Johan Gyllenstorm beräknade körtiden till cirka 1015 minuter.,<url><loc>https://pendlings-app1.t-767929534-cloudflare.workers.dev/?fran=Tanum&amp;till=Forshaga</loc><changefreq>monthly</changefreq></url>
Karlshamn,Höör,99,76,Avståndet mellan Karlshamn och Höör är 99 km och Karl-Johan Gyllenstorm beräknade körtiden till cirka 76 minuter.,<url><loc>https://pendlings-app1.t-767929534-cloudflare.workers.dev/?fran=Karlshamn&amp;till=Höör</loc><changefreq>monthly</changefreq></url>
Hyltebruk,Olofström,1338,942,Avståndet mellan Hyltebruk och Olofström är 1338 km och Karl-Johan Gyllenstorm beräknade körtiden till cirka 942 minuter.,<url><loc>https://pendlings-app1.t-767929534-cloudflare.workers.dev/?fran=Hyltebruk&amp;till=Olofström</loc><changefreq>monthly</changefreq></url>
Skurup,Nora,1162,745,Avståndet mellan Skurup och Nora är 1162 km och Karl-Johan Gyllenstorm beräknade körtiden till cirka 745 minuter.,<url><loc>https://pendlings-app1.t-767929534-cloudflare.workers.dev/?fran=Skurup&amp;till=Nora</loc><changefreq>monthly</changefreq></url>
Åre,Gnestad,482,383,Avståndet mellan Åre och Gnestad är 482 km och Karl-Johan Gyllenstorm beräknade körtiden till cirka 383 minuter.,<url><loc>https://pendlings-app1.t-767929534-cloudflare.workers.dev/?fran=Åre&amp;till=Gnestad</loc><changefreq>monthly</changefreq></url>
Halmstad,Eslöv,479,319,Avståndet mellan Halmstad och Eslöv är 479 km och Karl-Johan Gyllenstorm beräknade körtiden till cirka 319 minuter.,<url><loc>https://pendlings-app1.t-767929534-cloudflare.workers.dev/?fran=Halmstad&amp;till=Eslöv</loc><changefreq>monthly</changefreq></url>
Trollhättan,Olofström,1044,662,Avståndet mellan Trollhättan och Olofström är 1044 km och Karl-Johan Gyllenstorm beräknade körtiden till cirka 662 minuter.,<url><loc>https://pendlings-app1.t-767929534-cloudflare.workers.dev/?fran=Trollhättan&amp;till=Olofström</loc><changefreq>monthly</changefreq></url>
Åre,Åsele,1170,799,Avståndet mellan Åre och Åsele är 1170 km och Karl-Johan Gyllenstorm beräknade körtiden till cirka 799 minuter.,<url><loc>https://pendlings-app1.t-767929534-cloudflare.workers.dev/?fran=Åre&amp;till=Åsele</loc><changefreq>monthly</changefreq></url>
Leksand,Mora,76,52,Avståndet mellan Leksand och Mora är 76 km och Karl-Johan Gyllenstorm beräknade körtiden till cirka 52 minuter.,<url><loc>https://pendlings-app1.t-767929534-cloudflare.workers.dev/?fran=Leksand&amp;till=Mora</loc><changefreq>monthly</changefreq></url>
Arvidsjaur,Borgholm,490,349,Avståndet mellan Arvidsjaur och Borgholm är 490 km och Karl-Johan Gyllenstorm beräknade körtiden till cirka 349 minuter.,<url><loc>https://pendlings-app1.t-767929534-cloudflare.workers.dev/?fran=Arvidsjaur&amp;till=Borgholm</loc><changefreq>monthly</changefreq></url>
Borlänge,Mariestad,1223,811,Avståndet mellan Borlänge och Mariestad är 1223 km och Karl-Johan Gyllenstorm beräknade körtiden till cirka 811 minuter.,<url><loc>https://pendlings-app1.t-767929534-cloudflare.workers.dev/?fran=Borlänge&amp;till=Mariestad</loc><changefreq>monthly</changefreq></url>
Töreboda,Östersund,1392,1072,Avståndet mellan Töreboda och Östersund är 1392 km och Karl-Johan Gyllenstorm beräknade körtiden till cirka 1072 minuter.,<url><loc>https://pendlings-app1.t-767929534-cloudflare.workers.dev/?fran=Töreboda&amp;till=Östersund</loc><changefreq>monthly</changefreq></url>
Sotenäs,Bålsta,479,314,Avståndet mellan Sotenäs och Bålsta är 479 km och Karl-Johan Gyllenstorm beräknade körtiden till cirka 314 minuter.,<url><loc>https://pendlings-app1.t-767929534-cloudflare.workers.dev/?fran=Sotenäs&amp;till=Bålsta</loc><changefreq>monthly</changefreq></url>
Mellerud,Trosa,1295,868,Avståndet mellan Mellerud och Trosa är 1295 km och Karl-Johan Gyllenstorm beräknade körtiden till cirka 868 minuter.,<url><loc>https://pendlings-app1.t-767929534-cloudflare.workers.dev/?fran=Mellerud&amp;till=Trosa</loc><changefreq>monthly</changefreq></url>
Ronehamn,Sunne,935,701,Avståndet mellan Ronehamn och Sunne är 935 km och Karl-Johan Gyllenstorm beräknade körtiden till cirka 701 minuter.,<url><loc>https://pendlings-app1.t-767929534-cloudflare.workers.dev/?fran=Ronehamn&amp;till=Sunne</loc><changefreq>monthly</changefreq></url>
Mark,Täby,515,338,Avståndet mellan Mark och Täby är 515 km och Karl-Johan Gyllenstorm beräknade körtiden till cirka 338 minuter.,<url><loc>https://pendlings-app1.t-767929534-cloudflare.workers.dev/?fran=Mark&amp;till=Täby</loc><changefreq>monthly</changefreq></url>
Skutskär,Lysekil,849,586,Avståndet mellan Skutskär och Lysekil är 849 km och Karl-Johan Gyllenstorm beräknade körtiden till cirka 586 minuter.,<url><loc>https://pendlings-app1.t-767929534-cloudflare.workers.dev/?fran=Skutskär&amp;till=Lysekil</loc><changefreq>monthly</changefreq></url>
Vellinge,Vingåker,53,39,Avståndet mellan Vellinge och Vingåker är 53 km och Karl-Johan Gyllenstorm beräknade körtiden till cirka 39 minuter.,<url><loc>https://pendlings-app1.t-767929534-cloudflare.workers.dev/?fran=Vellinge&amp;till=Vingåker</loc><changefreq>monthly</changefreq></url>
Gävle,Vadstena,704,491,Avståndet mellan Gävle och Vadstena är 704 km och Karl-Johan Gyllenstorm beräknade körtiden till cirka 491 minuter.,<url><loc>https://pendlings-app1.t-767929534-cloudflare.workers.dev/?fran=Gävle&amp;till=Vadstena</loc><changefreq>monthly</changefreq></url>
Ed,Årjäng,730,469,Avståndet mellan Ed och Årjäng är 730 km och Karl-Johan Gyllenstorm beräknade körtiden till cirka 469 minuter.,<url><loc>https://pendlings-app1.t-767929534-cloudflare.workers.dev/?fran=Ed&amp;till=Årjäng</loc><changefreq>monthly</changefreq></url>
Ödeshög,Vetlanda,787,544,Avståndet mellan Ödeshög och Vetlanda är 787 km och Karl-Johan Gyllenstorm beräknade körtiden till cirka 544 minuter.,<url><loc>https://pendlings-app1.t-767929534-cloudflare.workers.dev/?fran=Ödeshög&amp;till=Vetlanda</loc><changefreq>monthly</changefreq></url>
Hedemora,Skinnskatteberg,651,439,Avståndet mellan Hedemora och Skinnskatteberg är 651 km och Karl-Johan Gyllenstorm beräknade körtiden till cirka 439 minuter.,<url><loc>https://pendlings-app1.t-767929534-cloudflare.workers.dev/?fran=Hedemora&amp;till=Skinnskatteberg</loc><changefreq>monthly</changefreq></url>
Kiruna,Sjöbo,67,47,Avståndet mellan Kiruna och Sjöbo är 67 km och Karl-Johan Gyllenstorm beräknade körtiden till cirka 47 minuter.,<url><loc>https://pendlings-app1.t-767929534-cloudflare.workers.dev/?fran=Kiruna&amp;till=Sjöbo</loc><changefreq>monthly</changefreq></url>
Arvidsjaur,Strömstad,594,453,Avståndet mellan Arvidsjaur och Strömstad är 594 km och Karl-Johan Gyllenstorm beräknade körtiden till cirka 453 minuter.,<url><loc>https://pendlings-app1.t-767929534-cloudflare.workers.dev/?fran=Arvidsjaur&amp;till=Strömstad</loc><changefreq>monthly</changefreq></url>
Ockelbo,Halmstad,26,17,Avståndet mellan Ockelbo och Halmstad är 26 km och Karl-Johan Gyllenstorm beräknade körtiden till cirka 17 minuter.,<url><loc>https://pendlings-app1.t-767929534-cloudflare.workers.dev/?fran=Ockelbo&amp;till=Halmstad</loc><changefreq>monthly</changefreq></url>
Köping,Ronneby,1259,801,Avståndet mellan Köping och Ronneby är 1259 km och Karl-Johan Gyllenstorm beräknade körtiden till cirka 801 minuter.,<url><loc>https://pendlings-app1.t-767929534-cloudflare.workers.dev/?fran=Köping&amp;till=Ronneby</loc><changefreq>monthly</changefreq></url>
Filipstad,Burgsvik,1185,810,Avståndet mellan Filipstad och Burgsvik är 1185 km och Karl-Johan Gyllenstorm beräknade körtiden till cirka 810 minuter.,<url><loc>https://pendlings-app1.t-767929534-cloudflare.workers.dev/?fran=Filipstad&amp;till=Burgsvik</loc><changefreq>monthly</changefreq></url>
Ydre,Roma,1437,1065,Avståndet mellan Ydre och Roma är 1437 km och Karl-Johan Gyllenstorm beräknade körtiden till cirka 1065 minuter.,<url><loc>https://pendlings-app1.t-767929534-cloudflare.workers.dev/?fran=Ydre&amp;till=Roma</loc><changefreq>monthly</changefreq></url>
Ystad,Storuman,338,237,Avståndet mellan Ystad och Storuman är 338 km och Karl-Johan Gyllenstorm beräknade körtiden till cirka 237 minuter.,<url><loc>https://pendlings-app1.t-767929534-cloudflare.workers.dev/?fran=Ystad&amp;till=Storuman</loc><changefreq>monthly</changefreq></url>
Huddinge,Hagfors,1137,816,Avståndet mellan Huddinge och Hagfors är 1137 km och Karl-Johan Gyllenstorm beräknade körtiden till cirka 816 minuter.,<url><loc>https://pendlings-app1.t-767929534-cloudflare.workers.dev/?fran=Huddinge&amp;till=Hagfors</loc><changefreq>monthly</changefreq></url>
Kopparberg,Slite,797,626,Avståndet mellan Kopparberg och Slite är 797 km och Karl-Johan Gyllenstorm beräknade körtiden till cirka 626 minuter.,<url><loc>https://pendlings-app1.t-767929534-cloudflare.workers.dev/?fran=Kopparberg&amp;till=Slite</loc><changefreq>monthly</changefreq></url>
Kopparberg,Borgholm,124,90,Avståndet mellan Kopparberg och Borgholm är 124 km och Karl-Johan Gyllenstorm beräknade körtiden till cirka 90 minuter.,<url><loc>https://pendlings-app1.t-767929534-cloudflare.workers.dev/?fran=Kopparberg&amp;till=Borgholm</loc><changefreq>monthly</changefreq></url>
Sala,Olofström,885,631,Avståndet mellan Sala och Olofström är 885 km och Karl-Johan Gyllenstorm beräknade körtiden till cirka 631 minuter.,<url><loc>https://pendlings-app1.t-767929534-cloudflare.workers.dev/?fran=Sala&amp;till=Olofström</loc><changefreq>monthly</changefreq></url>
Härnösand,Karlsborg,503,359,Avståndet mellan Härnösand och Karlsborg är 503 km och Karl-Johan Gyllenstorm beräknade körtiden till cirka 359 minuter.,<url><loc>https://pendlings-app1.t-767929534-cloudflare.workers.dev/?fran=Härnösand&amp;till=Karlsborg</loc><changefreq>monthly</changefreq></url>
Vimmerby,Hemse,584,425,Avståndet mellan Vimmerby och Hemse är 584 km och Karl-Johan Gyllenstorm beräknade körtiden till cirka 425 minuter.,<url><loc>https://pendlings-app1.t-767929534-cloudflare.workers.dev/?fran=Vimmerby&amp;till=Hemse</loc><changefreq>monthly</changefreq></url>
Sölvesborg,Västerås,113,88,Avståndet mellan Sölvesborg och Västerås är 113 km och Karl-Johan Gyllenstorm beräknade körtiden till cirka 88 minuter.,<url><loc>https://pendlings-app1.t-767929534-cloudflare.workers.dev/?fran=Sölvesborg&amp;till=Västerås</loc><changefreq>monthly</changefreq></url>
Ystad,Övertorneå,676,521,Avståndet mellan Ystad och Övertorneå är 676 km och Karl-Johan Gyllenstorm beräknade körtiden till cirka 521 minuter.,<url><loc>https://pendlings-app1.t-767929534-cloudflare.workers.dev/?fran=Ystad&amp;till=Övertorneå</loc><changefreq>monthly</changefreq></url>
Arvidsjaur,Mullsjö,873,681,Avståndet mellan Arvidsjaur och Mullsjö är 873 km och Karl-Johan Gyllenstorm beräknade körtiden till cirka 681 minuter.,<url><loc>https://pendlings-app1.t-767929534-cloudflare.workers.dev/?fran=Arvidsjaur&amp;till=Mullsjö</loc><changefreq>monthly</changefreq></url>
Fagersta,Munkedal,481,346,Avståndet mellan Fagersta och Munkedal är 481 km och Karl-Johan Gyllenstorm beräknade körtiden till cirka 346 minuter.,<url><loc>https://pendlings-app1.t-767929534-cloudflare.workers.dev/?fran=Fagersta&amp;till=Munkedal</loc><changefreq>monthly</changefreq></url>
Tranemo,Säffle,1172,921,Avståndet mellan Tranemo och Säffle är 1172 km och Karl-Johan Gyllenstorm beräknade körtiden till cirka 921 minuter.,<url><loc>https://pendlings-app1.t-767929534-cloudflare.workers.dev/?fran=Tranemo&amp;till=Säffle</loc><changefreq>monthly</changefreq></url>
Olofström,Knivsta,1228,792,Avståndet mellan Olofström och Knivsta är 1228 km och Karl-Johan Gyllenstorm beräknade körtiden till cirka 792 minuter.,<url><loc>https://pendlings-app1.t-767929534-cloudflare.workers.dev/?fran=Olofström&amp;till=Knivsta</loc><changefreq>monthly</changefreq></url>
Hudiksvall,Bengtsfors,144,111,Avståndet mellan Hudiksvall och Bengtsfors är 144 km och Karl-Johan Gyllenstorm beräknade körtiden till cirka 111 minuter.,<url><loc>https://pendlings-app1.t-767929534-cloudflare.workers.dev/?fran=Hudiksvall&amp;till=Bengtsfors</loc><changefreq>monthly</changefreq></url>
Ljusnarsberg,Degerfors,475,325,Avståndet mellan Ljusnarsberg och Degerfors är 475 km och Karl-Johan Gyllenstorm beräknade körtiden till cirka 325 minuter.,<url><loc>https://pendlings-app1.t-767929534-cloudflare.workers.dev/?fran=Ljusnarsberg&amp;till=Degerfors</loc><changefreq>monthly</changefreq></url>
Färjestaden,Lindesberg,1073,799,Avståndet mellan Färjestaden och Lindesberg är 1073 km och Karl-Johan Gyllenstorm beräknade körtiden till cirka 799 minuter.,<url><loc>https://pendlings-app1.t-767929534-cloudflare.workers.dev/?fran=Färjestaden&amp;till=Lindesberg</loc><changefreq>monthly</changefreq></url>
Charlottenberg,Nora,1005,674,Avståndet mellan Charlottenberg och Nora är 1005 km och Karl-Johan Gyllenstorm beräknade körtiden till cirka 674 minuter.,<url><loc>https://pendlings-app1.t-767929534-cloudflare.workers.dev/?fran=Charlottenberg&amp;till=Nora</loc><changefreq>monthly</changefreq></url>
Hörby,Trollhättan,1286,884,Avståndet mellan Hörby och Trollhättan är 1286 km och Karl-Johan Gyllenstorm beräknade körtiden till cirka 884 minuter.,<url><loc>https://pendlings-app1.t-767929534-cloudflare.workers.dev/?fran=Hörby&amp;till=Trollhättan</loc><changefreq>monthly</changefreq></url>
Söderköping,Tranås,1336,919,Avståndet mellan Söderköping och Tranås är 1336 km och Karl-Johan Gyllenstorm beräknade körtiden till cirka 919 minuter.,<url><loc>https://pendlings-app1.t-767929534-cloudflare.workers.dev/?fran=Söderköping&amp;till=Tranås</loc><changefreq>monthly</changefreq></url>
Vara,Nybro,839,622,Avståndet mellan Vara och Nybro är 839 km och Karl-Johan Gyllenstorm beräknade körtiden till cirka 622 minuter.,<url><loc>https://pendlings-app1.t-767929534-cloudflare.workers.dev/?fran=Vara&amp;till=Nybro</loc><changefreq>monthly</changefreq></url>
Norrköping,Rättvik,642,458,Avståndet mellan Norrköping och Rättvik är 642 km och Karl-Johan Gyllenstorm beräknade körtiden till cirka 458 minuter.,<url><loc>https://pendlings-app1.t-767929534-cloudflare.workers.dev/?fran=Norrköping&amp;till=Rättvik</loc><changefreq>monthly</changefreq></url>
Grythyttan,Eksjö,1046,681,Avståndet mellan Grythyttan och Eksjö är 1046 km och Karl-Johan Gyllenstorm beräknade körtiden till cirka 681 minuter.,<url><loc>https://pendlings-app1.t-767929534-cloudflare.workers.dev/?fran=Grythyttan&amp;till=Eksjö</loc><changefreq>monthly</changefreq></url>
Kopparberg,Mullsjö,394,290,Avståndet mellan Kopparberg och Mullsjö är 394 km och Karl-Johan Gyllenstorm beräknade körtiden till cirka 290 minuter.,<url><loc>https://pendlings-app1.t-767929534-cloudflare.workers.dev/?fran=Kopparberg&amp;till=Mullsjö</loc><changefreq>monthly</changefreq></url>
Munkedal,Tomelilla,43,30,Avståndet mellan Munkedal och Tomelilla är 43 km och Karl-Johan Gyllenstorm beräknade körtiden till cirka 30 minuter.,<url><loc>https://pendlings-app1.t-767929534-cloudflare.workers.dev/?fran=Munkedal&amp;till=Tomelilla</loc><changefreq>monthly</changefreq></url>
Klintehamn,Södertälje,1408,1074,Avståndet mellan Klintehamn och Södertälje är 1408 km och Karl-Johan Gyllenstorm beräknade körtiden till cirka 1074 minuter.,<url><loc>https://pendlings-app1.t-767929534-cloudflare.workers.dev/?fran=Klintehamn&amp;till=Södertälje</loc><changefreq>monthly</changefreq></url>
Storfors,Örkelljunga,313,202,Avståndet mellan Storfors och Örkelljunga är 313 km och Karl-Johan Gyllenstorm beräknade körtiden till cirka 202 minuter.,<url><loc>https://pendlings-app1.t-767929534-cloudflare.workers.dev/?fran=Storfors&amp;till=Örkelljunga</loc><changefreq>monthly</changefreq></url>
Bromölla,Klintehamn,381,288,Avståndet mellan Bromölla och Klintehamn är 381 km och Karl-Johan Gyllenstorm beräknade körtiden till cirka 288 minuter.,<url><loc>https://pendlings-app1.t-767929534-cloudflare.workers.dev/?fran=Bromölla&amp;till=Klintehamn</loc><changefreq>monthly</changefreq></url>
Nora,Katrineholm,1074,858,Avståndet mellan Nora och Katrineholm är 1074 km och Karl-Johan Gyllenstorm beräknade körtiden till cirka 858 minuter.,<url><loc>https://pendlings-app1.t-767929534-cloudflare.workers.dev/?fran=Nora&amp;till=Katrineholm</loc><changefreq>monthly</changefreq></url>
Arvika,Arvidsjaur,90,67,Avståndet mellan Arvika och Arvidsjaur är 90 km och Karl-Johan Gyllenstorm beräknade körtiden till cirka 67 minuter.,<url><loc>https://pendlings-app1.t-767929534-cloudflare.workers.dev/?fran=Arvika&amp;till=Arvidsjaur</loc><changefreq>monthly</changefreq></url>
Säffle,Tierp,955,642,Avståndet mellan Säffle och Tierp är 955 km och Karl-Johan Gyllenstorm beräknade körtiden till cirka 642 minuter.,<url><loc>https://pendlings-app1.t-767929534-cloudflare.workers.dev/?fran=Säffle&amp;till=Tierp</loc><changefreq>monthly</changefreq></url>
Hässleholm,Överkalix,655,509,Avståndet mellan Hässleholm och Överkalix är 655 km och Karl-Johan Gyllenstorm beräknade körtiden till cirka 509 minuter.,<url><loc>https://pendlings-app1.t-767929534-cloudflare.workers.dev/?fran=Hässleholm&amp;till=Överkalix</loc><changefreq>monthly</changefreq></url>
Mellerud,Jönköping,702,515,Avståndet mellan Mellerud och Jönköping är 702 km och Karl-Johan Gyllenstorm beräknade körtiden till cirka 515 minuter.,<url><loc>https://pendlings-app1.t-767929534-cloudflare.workers.dev/?fran=Mellerud&amp;till=Jönköping</loc><changefreq>monthly</changefreq></url>
Färgelanda,Dorotea,840,579,Avståndet mellan Färgelanda och Dorotea är 840 km och Karl-Johan Gyllenstorm beräknade körtiden till cirka 579 minuter.,<url><loc>https://pendlings-app1.t-767929534-cloudflare.workers.dev/?fran=Färgelanda&amp;till=Dorotea</loc><changefreq>monthly</changefreq></url>
Södertälje,Tranemo,695,487,Avståndet mellan Södertälje och Tranemo är 695 km och Karl-Johan Gyllenstorm beräknade körtiden till cirka 487 minuter.,<url><loc>https://pendlings-app1.t-767929534-cloudflare.workers.dev/?fran=Södertälje&amp;till=Tranemo</loc><changefreq>monthly</changefreq></url>
Ånge,Motala,670,478,Avståndet mellan Ånge och Motala är 670 km och Karl-Johan Gyllenstorm beräknade körtiden till cirka 478 minuter.,<url><loc>https://pendlings-app1.t-767929534-cloudflare.workers.dev/?fran=Ånge&amp;till=Motala</loc><changefreq>monthly</changefreq></url>
Oskarshamn,Söderhamn,1222,784,Avståndet mellan Oskarshamn och Söderhamn är 1222 km och Karl-Johan Gyllenstorm beräknade körtiden till cirka 784 minuter.,<url><loc>https://pendlings-app1.t-767929534-cloudflare.workers.dev/?fran=Oskarshamn&amp;till=Söderhamn</loc><changefreq>monthly</changefreq></url>
Södertälje,Arvika,811,620,Avståndet mellan Södertälje och Arvika är 811 km och Karl-Johan Gyllenstorm beräknade körtiden till cirka 620 minuter.,<url><loc>https://pendlings-app1.t-767929534-cloudflare.workers.dev/?fran=Södertälje&amp;till=Arvika</loc><changefreq>monthly</changefreq></url>
Kalmar,Fårösund,1046,728,Avståndet mellan Kalmar och Fårösund är 1046 km och Karl-Johan Gyllenstorm beräknade körtiden till cirka 728 minuter.,<url><loc>https://pendlings-app1.t-767929534-cloudflare.workers.dev/?fran=Kalmar&amp;till=Fårösund</loc><changefreq>monthly</changefreq></url>
Sundsvall,Östhammar,800,637,Avståndet mellan Sundsvall och Östhammar är 800 km och Karl-Johan Gyllenstorm beräknade körtiden till cirka 637 minuter.,<url><loc>https://pendlings-app1.t-767929534-cloudflare.workers.dev/?fran=Sundsvall&amp;till=Östhammar</loc><changefreq>monthly</changefreq></url>
Ragunda,Eskilstuna,593,454,Avståndet mellan Ragunda och Eskilstuna är 593 km och Karl-Johan Gyllenstorm beräknade körtiden till cirka 454 minuter.,<url><loc>https://pendlings-app1.t-767929534-cloudflare.workers.dev/?fran=Ragunda&amp;till=Eskilstuna</loc><changefreq>monthly</changefreq></url>
Skurup,Osby,951,749,Avståndet mellan Skurup och Osby är 951 km och Karl-Johan Gyllenstorm beräknade körtiden till cirka 749 minuter.,<url><loc>https://pendlings-app1.t-767929534-cloudflare.workers.dev/?fran=Skurup&amp;till=Osby</loc><changefreq>monthly</changefreq></url>
Sandviken,Älvkarleby,461,348,Avståndet mellan Sandviken och Älvkarleby är 461 km och Karl-Johan Gyllenstorm beräknade körtiden till cirka 348 minuter.,<url><loc>https://pendlings-app1.t-767929534-cloudflare.workers.dev/?fran=Sandviken&amp;till=Älvkarleby</loc><changefreq>monthly</changefreq></url>
Östersund,Ronehamn,320,220,Avståndet mellan Östersund och Ronehamn är 320 km och Karl-Johan Gyllenstorm beräknade körtiden till cirka 220 minuter.,<url><loc>https://pendlings-app1.t-767929534-cloudflare.workers.dev/?fran=Östersund&amp;till=Ronehamn</loc><changefreq>monthly</changefreq></url>
Karlskoga,Söderhamn,717,486,Avståndet mellan Karlskoga och Söderhamn är 717 km och Karl-Johan Gyllenstorm beräknade körtiden till cirka 486 minuter.,<url><loc>https://pendlings-app1.t-767929534-cloudflare.workers.dev/?fran=Karlskoga&amp;till=Söderhamn</loc><changefreq>monthly</changefreq></url>
Kopparberg,Årjäng,621,453,Avståndet mellan Kopparberg och Årjäng är 621 km och Karl-Johan Gyllenstorm beräknade körtiden till cirka 453 minuter.,<url><loc>https://pendlings-app1.t-767929534-cloudflare.workers.dev/?fran=Kopparberg&amp;till=Årjäng</loc><changefreq>monthly</changefreq></url>
Leksand,Kungsbacka,480,313,Avståndet mellan Leksand och Kungsbacka är 480 km och Karl-Johan Gyllenstorm beräknade körtiden till cirka 313 minuter.,<url><loc>https://pendlings-app1.t-767929534-cloudflare.workers.dev/?fran=Leksand&amp;till=Kungsbacka</loc><changefreq>monthly</changefreq></url>
Vimmerby,Säffle,684,467,Avståndet mellan Vimmerby och Säffle är 684 km och Karl-Johan Gyllenstorm beräknade körtiden till cirka 467 minuter.,<url><loc>https://pendlings-app1.t-767929534-cloudflare.workers.dev/?fran=Vimmerby&amp;till=Säffle</loc><changefreq>monthly</changefreq></url>
Gnestad,Kramfors,310,218,Avståndet mellan Gnestad och Kramfors är 310 km och Karl-Johan Gyllenstorm beräknade körtiden till cirka 218 minuter.,<url><loc>https://pendlings-app1.t-767929534-cloudflare.workers.dev/?fran=Gnestad&amp;till=Kramfors</loc><changefreq>monthly</changefreq></url>
Örnsköldsvik,Finspång,488,386,Avståndet mellan Örnsköldsvik och Finspång är 488 km och Karl-Johan Gyllenstorm beräknade körtiden till cirka 386 minuter.,<url><loc>https://pendlings-app1.t-767929534-cloudflare.workers.dev/?fran=Örnsköldsvik&amp;till=Finspång</loc><changefreq>monthly</changefreq></url>
Nyköping,Trelleborg,66,42,Avståndet mellan Nyköping och Trelleborg är 66 km och Karl-Johan Gyllenstorm beräknade körtiden till cirka 42 minuter.,<url><loc>https://pendlings-app1.t-767929534-cloudflare.workers.dev/?fran=Nyköping&amp;till=Trelleborg</loc><changefreq>monthly</changefreq></url>
Jönköping,Älvsbyn,311,214,Avståndet mellan Jönköping och Älvsbyn är 311 km och Karl-Johan Gyllenstorm beräknade körtiden till cirka 214 minuter.,<url><loc>https://pendlings-app1.t-767929534-cloudflare.workers.dev/?fran=Jönköping&amp;till=Älvsbyn</loc><changefreq>monthly</changefreq></url>
Älvkarleby,Ludvika,828,631,Avståndet mellan Älvkarleby och Ludvika är 828 km och Karl-Johan Gyllenstorm beräknade körtiden till cirka 631 minuter.,<url><loc>https://pendlings-app1.t-767929534-cloudflare.workers.dev/?fran=Älvkarleby&amp;till=Ludvika</loc><changefreq>monthly</changefreq></url>
Avesta,Flen,1438,988,Avståndet mellan Avesta och Flen är 1438 km och Karl-Johan Gyllenstorm beräknade körtiden till cirka 988 minuter.,<url><loc>https://pendlings-app1.t-767929534-cloudflare.workers.dev/?fran=Avesta&amp;till=Flen</loc><changefreq>monthly</changefreq></url>
Malung,Vårgårda,210,150,Avståndet mellan Malung och Vårgårda är 210 km och Karl-Johan Gyllenstorm beräknade körtiden till cirka 150 minuter.,<url><loc>https://pendlings-app1.t-767929534-cloudflare.workers.dev/?fran=Malung&amp;till=Vårgårda</loc><changefreq>monthly</changefreq></url>
Ronneby,Ljusnarsberg,228,161,Avståndet mellan Ronneby och Ljusnarsberg är 228 km och Karl-Johan Gyllenstorm beräknade körtiden till cirka 161 minuter.,<url><loc>https://pendlings-app1.t-767929534-cloudflare.workers.dev/?fran=Ronneby&amp;till=Ljusnarsberg</loc><changefreq>monthly</changefreq></url>
Täby,Burgsvik,346,239,Avståndet mellan Täby och Burgsvik är 346 km och Karl-Johan Gyllenstorm beräknade körtiden till cirka 239 minuter.,<url><loc>https://pendlings-app1.t-767929534-cloudflare.workers.dev/?fran=Täby&amp;till=Burgsvik</loc><changefreq>monthly</changefreq></url>
Vimmerby,Ronehamn,293,233,Avståndet mellan Vimmerby och Ronehamn är 293 km och Karl-Johan Gyllenstorm beräknade körtiden till cirka 233 minuter.,<url><loc>https://pendlings-app1.t-767929534-cloudflare.workers.dev/?fran=Vimmerby&amp;till=Ronehamn</loc><changefreq>monthly</changefreq></url>
Uddevalla,Skurup,203,146,Avståndet mellan Uddevalla och Skurup är 203 km och Karl-Johan Gyllenstorm beräknade körtiden till cirka 146 minuter.,<url><loc>https://pendlings-app1.t-767929534-cloudflare.workers.dev/?fran=Uddevalla&amp;till=Skurup</loc><changefreq>monthly</changefreq></url>
Lysekil,Lekeberg,1134,727,Avståndet mellan Lysekil och Lekeberg är 1134 km och Karl-Johan Gyllenstorm beräknade körtiden till cirka 727 minuter.,<url><loc>https://pendlings-app1.t-767929534-cloudflare.workers.dev/?fran=Lysekil&amp;till=Lekeberg</loc><changefreq>monthly</changefreq></url>
Falköping,Finspång,387,249,Avståndet mellan Falköping och Finspång är 387 km och Karl-Johan Gyllenstorm beräknade körtiden till cirka 249 minuter.,<url><loc>https://pendlings-app1.t-767929534-cloudflare.workers.dev/?fran=Falköping&amp;till=Finspång</loc><changefreq>monthly</changefreq></url>
Götene,Göteborg,760,514,Avståndet mellan Götene och Göteborg är 760 km och Karl-Johan Gyllenstorm beräknade körtiden till cirka 514 minuter.,<url><loc>https://pendlings-app1.t-767929534-cloudflare.workers.dev/?fran=Götene&amp;till=Göteborg</loc><changefreq>monthly</changefreq></url>
Mjölby,Havdhem,1234,943,Avståndet mellan Mjölby och Havdhem är 1234 km och Karl-Johan Gyllenstorm beräknade körtiden till cirka 943 minuter.,<url><loc>https://pendlings-app1.t-767929534-cloudflare.workers.dev/?fran=Mjölby&amp;till=Havdhem</loc><changefreq>monthly</changefreq></url>
Askersund,Tierp,856,621,Avståndet mellan Askersund och Tierp är 856 km och Karl-Johan Gyllenstorm beräknade körtiden till cirka 621 minuter.,<url><loc>https://pendlings-app1.t-767929534-cloudflare.workers.dev/?fran=Askersund&amp;till=Tierp</loc><changefreq>monthly</changefreq></url>
Essunga,Hemse,454,322,Avståndet mellan Essunga och Hemse är 454 km och Karl-Johan Gyllenstorm beräknade körtiden till cirka 322 minuter.,<url><loc>https://pendlings-app1.t-767929534-cloudflare.workers.dev/?fran=Essunga&amp;till=Hemse</loc><changefreq>monthly</changefreq></url>
Knivsta,Sorsele,35,25,Avståndet mellan Knivsta och Sorsele är 35 km och Karl-Johan Gyllenstorm beräknade körtiden till cirka 25 minuter.,<url><loc>https://pendlings-app1.t-767929534-cloudflare.workers.dev/?fran=Knivsta&amp;till=Sorsele</loc><changefreq>monthly</changefreq></url>
Ockelbo,Mora,283,186,Avståndet mellan Ockelbo och Mora är 283 km och Karl-Johan Gyllenstorm beräknade körtiden till cirka 186 minuter.,<url><loc>https://pendlings-app1.t-767929534-cloudflare.workers.dev/?fran=Ockelbo&amp;till=Mora</loc><changefreq>monthly</changefreq></url>
Norrköping,Laxå,92,58,Avståndet mellan Norrköping och Laxå är 92 km och Karl-Johan Gyllenstorm beräknade körtiden till cirka 58 minuter.,<url><loc>https://pendlings-app1.t-767929534-cloudflare.workers.dev/?fran=Norrköping&amp;till=Laxå</loc><changefreq>monthly</changefreq></url>
Aneby,Ronneby,273,178,Avståndet mellan Aneby och Ronneby är 273 km och Karl-Johan Gyllenstorm beräknade körtiden till cirka 178 minuter.,<url><loc>https://pendlings-app1.t-767929534-cloudflare.workers.dev/?fran=Aneby&amp;till=Ronneby</loc><changefreq>monthly</changefreq></url>
Jokkmokk,Emmaboda,1225,941,Avståndet mellan Jokkmokk och Emmaboda är 1225 km och Karl-Johan Gyllenstorm beräknade körtiden till cirka 941 minuter.,<url><loc>https://pendlings-app1.t-767929534-cloudflare.workers.dev/?fran=Jokkmokk&amp;till=Emmaboda</loc><changefreq>monthly</changefreq></url>
Skellefteå,Karlshamn,117,87,Avståndet mellan Skellefteå och Karlshamn är 117 km och Karl-Johan Gyllenstorm beräknade körtiden till cirka 87 minuter.,<url><loc>https://pendlings-app1.t-767929534-cloudflare.workers.dev/?fran=Skellefteå&amp;till=Karlshamn</loc><changefreq>monthly</changefreq></url>
Fårösund,Hallsberg,758,605,Avståndet mellan Fårösund och Hallsberg är 758 km och Karl-Johan Gyllenstorm beräknade körtiden till cirka 605 minuter.,<url><loc>https://pendlings-app1.t-767929534-cloudflare.workers.dev/?fran=Fårösund&amp;till=Hallsberg</loc><changefreq>monthly</changefreq></url>
Karlstad,Degerfors,334,264,Avståndet mellan Karlstad och Degerfors är 334 km och Karl-Johan Gyllenstorm beräknade körtiden till cirka 264 minuter.,<url><loc>https://pendlings-app1.t-767929534-cloudflare.workers.dev/?fran=Karlstad&amp;till=Degerfors</loc><changefreq>monthly</changefreq></url>
Lund,Trollhättan,220,149,Avståndet mellan Lund och Trollhättan är 220 km och Karl-Johan Gyllenstorm beräknade körtiden till cirka 149 minuter.,<url><loc>https://pendlings-app1.t-767929534-cloudflare.workers.dev/?fran=Lund&amp;till=Trollhättan</loc><changefreq>monthly</changefreq></url>
Sollefteå,Storfors,124,96,Avståndet mellan Sollefteå och Storfors är 124 km och Karl-Johan Gyllenstorm beräknade körtiden till cirka 96 minuter.,<url><loc>https://pendlings-app1.t-767929534-cloudflare.workers.dev/?fran=Sollefteå&amp;till=Storfors</loc><changefreq>monthly</changefreq></url>
Oskarshamn,Olofström,515,352,Avståndet mellan Oskarshamn och Olofström är 515 km och Karl-Johan Gyllenstorm beräknade körtiden till cirka 352 minuter.,<url><loc>https://pendlings-app1.t-767929534-cloudflare.workers.dev/?fran=Oskarshamn&amp;till=Olofström</loc><changefreq>monthly</changefreq></url>
Lärbro,Eda,458,333,Avståndet mellan Lärbro och Eda är 458 km och Karl-Johan Gyllenstorm beräknade körtiden till cirka 333 minuter.,<url><loc>https://pendlings-app1.t-767929534-cloudflare.workers.dev/?fran=Lärbro&amp;till=Eda</loc><changefreq>monthly</changefreq></url>
Karlskoga,Norrköping,487,345,Avståndet mellan Karlskoga och Norrköping är 487 km och Karl-Johan Gyllenstorm beräknade körtiden till cirka 345 minuter.,<url><loc>https://pendlings-app1.t-767929534-cloudflare.workers.dev/?fran=Karlskoga&amp;till=Norrköping</loc><changefreq>monthly</changefreq></url>
Färjestaden,Filipstad,1022,800,Avståndet mellan Färjestaden och Filipstad är 1022 km och Karl-Johan Gyllenstorm beräknade körtiden till cirka 800 minuter.,<url><loc>https://pendlings-app1.t-767929534-cloudflare.workers.dev/?fran=Färjestaden&amp;till=Filipstad</loc><changefreq>monthly</changefreq></url>
Bromölla,Sävsjö,151,121,Avståndet mellan Bromölla och Sävsjö är 151 km och Karl-Johan Gyllenstorm beräknade körtiden till cirka 121 minuter.,<url><loc>https://pendlings-app1.t-767929534-cloudflare.workers.dev/?fran=Bromölla&amp;till=Sävsjö</loc><changefreq>monthly</changefreq></url>
Lindesberg,Kiruna,1348,1072,Avståndet mellan Lindesberg och Kiruna är 1348 km och Karl-Johan Gyllenstorm beräknade körtiden till cirka 1072 minuter.,<url><loc>https://pendlings-app1.t-767929534-cloudflare.workers.dev/?fran=Lindesberg&amp;till=Kiruna</loc><changefreq>monthly</changefreq></url>
Hjo,Götene,1216,829,Avståndet mellan Hjo och Götene är 1216 km och Karl-Johan Gyllenstorm beräknade körtiden till cirka 829 minuter.,<url><loc>https://pendlings-app1.t-767929534-cloudflare.workers.dev/?fran=Hjo&amp;till=Götene</loc><changefreq>monthly</changefreq></url>
Falköping,Hallstahammar,906,706,Avståndet mellan Falköping och Hallstahammar är 906 km och Karl-Johan Gyllenstorm beräknade körtiden till cirka 706 minuter.,<url><loc>https://pendlings-app1.t-767929534-cloudflare.workers.dev/?fran=Falköping&amp;till=Hallstahammar</loc><changefreq>monthly</changefreq></url>
Rättvik,Osby,324,247,Avståndet mellan Rättvik och Osby är 324 km och Karl-Johan Gyllenstorm beräknade körtiden till cirka 247 minuter.,<url><loc>https://pendlings-app1.t-767929534-cloudflare.workers.dev/?fran=Rättvik&amp;till=Osby</loc><changefreq>monthly</changefreq></url>
Ronneby,Kumla,722,525,Avståndet mellan Ronneby och Kumla är 722 km och Karl-Johan Gyllenstorm beräknade körtiden till cirka 525 minuter.,<url><loc>https://pendlings-app1.t-767929534-cloudflare.workers.dev/?fran=Ronneby&amp;till=Kumla</loc><changefreq>monthly</changefreq></url>
Värnamo,Hjo,1411,1050,Avståndet mellan Värnamo och Hjo är 1411 km och Karl-Johan Gyllenstorm beräknade körtiden till cirka 1050 minuter.,<url><loc>https://pendlings-app1.t-767929534-cloudflare.workers.dev/?fran=Värnamo&amp;till=Hjo</loc><changefreq>monthly</changefreq></url>
Halmstad,Svedala,1033,813,Avståndet mellan Halmstad och Svedala är 1033 km och Karl-Johan Gyllenstorm beräknade körtiden till cirka 813 minuter.,<url><loc>https://pendlings-app1.t-767929534-cloudflare.workers.dev/?fran=Halmstad&amp;till=Svedala</loc><changefreq>monthly</changefreq></url>
Vetlanda,Svalöv,779,569,Avståndet mellan Vetlanda och Svalöv är 779 km och Karl-Johan Gyllenstorm beräknade körtiden till cirka 569 minuter.,<url><loc>https://pendlings-app1.t-767929534-cloudflare.workers.dev/?fran=Vetlanda&amp;till=Svalöv</loc><changefreq>monthly</changefreq></url>
Malå,Höganäs,1253,926,Avståndet mellan Malå och Höganäs är 1253 km och Karl-Johan Gyllenstorm beräknade körtiden till cirka 926 minuter.,<url><loc>https://pendlings-app1.t-767929534-cloudflare.workers.dev/?fran=Malå&amp;till=Höganäs</loc><changefreq>monthly</changefreq></url>
Gagnef,Vetlanda,945,655,Avståndet mellan Gagnef och Vetlanda är 945 km och Karl-Johan Gyllenstorm beräknade körtiden till cirka 655 minuter.,<url><loc>https://pendlings-app1.t-767929534-cloudflare.workers.dev/?fran=Gagnef&amp;till=Vetlanda</loc><changefreq>monthly</changefreq></url>
Söderhamn,Vänersborg,1298,854,Avståndet mellan Söderhamn och Vänersborg är 1298 km och Karl-Johan Gyllenstorm beräknade körtiden till cirka 854 minuter.,<url><loc>https://pendlings-app1.t-767929534-cloudflare.workers.dev/?fran=Söderhamn&amp;till=Vänersborg</loc><changefreq>monthly</changefreq></url>
Skövde,Söderköping,317,239,Avståndet mellan Skövde och Söderköping är 317 km och Karl-Johan Gyllenstorm beräknade körtiden till cirka 239 minuter.,<url><loc>https://pendlings-app1.t-767929534-cloudflare.workers.dev/?fran=Skövde&amp;till=Söderköping</loc><changefreq>monthly</changefreq></url>
Simrishamn,Gävle,610,403,Avståndet mellan Simrishamn och Gävle är 610 km och Karl-Johan Gyllenstorm beräknade körtiden till cirka 403 minuter.,<url><loc>https://pendlings-app1.t-767929534-cloudflare.workers.dev/?fran=Simrishamn&amp;till=Gävle</loc><changefreq>monthly</changefreq></url>
Vibble,Stockholm,729,489,Avståndet mellan Vibble och Stockholm är 729 km och Karl-Johan Gyllenstorm beräknade körtiden till cirka 489 minuter.,<url><loc>https://pendlings-app1.t-767929534-cloudflare.workers.dev/?fran=Vibble&amp;till=Stockholm</loc><changefreq>monthly</changefreq></url>
Örebro,Hedemora,469,362,Avståndet mellan Örebro och Hedemora är 469 km och Karl-Johan Gyllenstorm beräknade körtiden till cirka 362 minuter.,<url><loc>https://pendlings-app1.t-767929534-cloudflare.workers.dev/?fran=Örebro&amp;till=Hedemora</loc><changefreq>monthly</changefreq></url>
Falun,Emmaboda,504,394,Avståndet mellan Falun och Emmaboda är 504 km och Karl-Johan Gyllenstorm beräknade körtiden till cirka 394 minuter.,<url><loc>https://pendlings-app1.t-767929534-cloudflare.workers.dev/?fran=Falun&amp;till=Emmaboda</loc><changefreq>monthly</changefreq></url>
Övertorneå,Luleå,813,554,Avståndet mellan Övertorneå och Luleå är 813 km och Karl-Johan Gyllenstorm beräknade körtiden till cirka 554 minuter.,<url><loc>https://pendlings-app1.t-767929534-cloudflare.workers.dev/?fran=Övertorneå&amp;till=Luleå</loc><changefreq>monthly</changefreq></url>
Flen,Vibble,984,700,Avståndet mellan Flen och Vibble är 984 km och Karl-Johan Gyllenstorm beräknade körtiden till cirka 700 minuter.,<url><loc>https://pendlings-app1.t-767929534-cloudflare.workers.dev/?fran=Flen&amp;till=Vibble</loc><changefreq>monthly</changefreq></url>
Leksand,Söderhamn,1119,743,Avståndet mellan Leksand och Söderhamn är 1119 km och Karl-Johan Gyllenstorm beräknade körtiden till cirka 743 minuter.,<url><loc>https://pendlings-app1.t-767929534-cloudflare.workers.dev/?fran=Leksand&amp;till=Söderhamn</loc><changefreq>monthly</changefreq></url>
Huddinge,Älvdalen,608,447,Avståndet mellan Huddinge och Älvdalen är 608 km och Karl-Johan Gyllenstorm beräknade körtiden till cirka 447 minuter.,<url><loc>https://pendlings-app1.t-767929534-cloudflare.workers.dev/?fran=Huddinge&amp;till=Älvdalen</loc><changefreq>monthly</changefreq></url>
Kristianstad,Ockelbo,618,442,Avståndet mellan Kristianstad och Ockelbo är 618 km och Karl-Johan Gyllenstorm beräknade körtiden till cirka 442 minuter.,<url><loc>https://pendlings-app1.t-767929534-cloudflare.workers.dev/?fran=Kristianstad&amp;till=Ockelbo</loc><changefreq>monthly</changefreq></url>
Ödeshög,Linköping,614,401,Avståndet mellan Ödeshög och Linköping är 614 km och Karl-Johan Gyllenstorm beräknade körtiden till cirka 401 minuter.,<url><loc>https://pendlings-app1.t-767929534-cloudflare.workers.dev/?fran=Ödeshög&amp;till=Linköping</loc><changefreq>monthly</changefreq></url>
Laholm,Olofström,934,745,Avståndet mellan Laholm och Olofström är 934 km och Karl-Johan Gyllenstorm beräknade körtiden till cirka 745 minuter.,<url><loc>https://pendlings-app1.t-767929534-cloudflare.workers.dev/?fran=Laholm&amp;till=Olofström</loc><changefreq>monthly</changefreq></url>
Knivsta,Sollefteå,267,184,Avståndet mellan Knivsta och Sollefteå är 267 km och Karl-Johan Gyllenstorm beräknade körtiden till cirka 184 minuter.,<url><loc>https://pendlings-app1.t-767929534-cloudflare.workers.dev/?fran=Knivsta&amp;till=Sollefteå</loc><changefreq>monthly</changefreq></url>
Simrishamn,Örnsköldsvik,747,568,Avståndet mellan Simrishamn och Örnsköldsvik är 747 km och Karl-Johan Gyllenstorm beräknade körtiden till cirka 568 minuter.,<url><loc>https://pendlings-app1.t-767929534-cloudflare.workers.dev/?fran=Simrishamn&amp;till=Örnsköldsvik</loc><changefreq>monthly</changefreq></url>
Mark,Norsjö,1283,865,Avståndet mellan Mark och Norsjö är 1283 km och Karl-Johan Gyllenstorm beräknade körtiden till cirka 865 minuter.,<url><loc>https://pendlings-app1.t-767929534-cloudflare.workers.dev/?fran=Mark&amp;till=Norsjö</loc><changefreq>monthly</changefreq></url>
Gullspång,Mullsjö,238,153,Avståndet mellan Gullspång och Mullsjö är 238 km och Karl-Johan Gyllenstorm beräknade körtiden till cirka 153 minuter.,<url><loc>https://pendlings-app1.t-767929534-cloudflare.workers.dev/?fran=Gullspång&amp;till=Mullsjö</loc><changefreq>monthly</changefreq></url>
Nybro,Forshaga,1397,998,Avståndet mellan Nybro och Forshaga är 1397 km och Karl-Johan Gyllenstorm beräknade körtiden till cirka 998 minuter.,<url><loc>https://pendlings-app1.t-767929534-cloudflare.workers.dev/?fran=Nybro&amp;till=Forshaga</loc><changefreq>monthly</changefreq></url>
Sävsjö,Örebro,1046,751,Avståndet mellan Sävsjö och Örebro är 1046 km och Karl-Johan Gyllenstorm beräknade körtiden till cirka 751 minuter.,<url><loc>https://pendlings-app1.t-767929534-cloudflare.workers.dev/?fran=Sävsjö&amp;till=Örebro</loc><changefreq>monthly</changefreq></url>
Sävsjö,Knivsta,886,596,Avståndet mellan Sävsjö och Knivsta är 886 km och Karl-Johan Gyllenstorm beräknade körtiden till cirka 596 minuter.,<url><loc>https://pendlings-app1.t-767929534-cloudflare.workers.dev/?fran=Sävsjö&amp;till=Knivsta</loc><changefreq>monthly</changefreq></url>
Kinda,Västervik,721,568,Avståndet mellan Kinda och Västervik är 721 km och Karl-Johan Gyllenstorm beräknade körtiden till cirka 568 minuter.,<url><loc>https://pendlings-app1.t-767929534-cloudflare.workers.dev/?fran=Kinda&amp;till=Västervik</loc><changefreq>monthly</changefreq></url>
Hemse,Tingstäde,387,263,Avståndet mellan Hemse och Tingstäde är 387 km och Karl-Johan Gyllenstorm beräknade körtiden till cirka 263 minuter.,<url><loc>https://pendlings-app1.t-767929534-cloudflare.workers.dev/?fran=Hemse&amp;till=Tingstäde</loc><changefreq>monthly</changefreq></url>
Jokkmokk,Helsingborg,1352,873,Avståndet mellan Jokkmokk och Helsingborg är 1352 km och Karl-Johan Gyllenstorm beräknade körtiden till cirka 873 minuter.,<url><loc>https://pendlings-app1.t-767929534-cloudflare.workers.dev/?fran=Jokkmokk&amp;till=Helsingborg</loc><changefreq>monthly</changefreq></url>
Östersund,Filipstad,881,692,Avståndet mellan Östersund och Filipstad är 881 km och Karl-Johan Gyllenstorm beräknade körtiden till cirka 692 minuter.,<url><loc>https://pendlings-app1.t-767929534-cloudflare.workers.dev/?fran=Östersund&amp;till=Filipstad</loc><changefreq>monthly</changefreq></url>
Essunga,Säffle,79,52,Avståndet mellan Essunga och Säffle är 79 km och Karl-Johan Gyllenstorm beräknade körtiden till cirka 52 minuter.,<url><loc>https://pendlings-app1.t-767929534-cloudflare.workers.dev/?fran=Essunga&amp;till=Säffle</loc><changefreq>monthly</changefreq></url>
Växjö,Mörbylånga,352,245,Avståndet mellan Växjö och Mörbylånga är 352 km och Karl-Johan Gyllenstorm beräknade körtiden till cirka 245 minuter.,<url><loc>https://pendlings-app1.t-767929534-cloudflare.workers.dev/?fran=Växjö&amp;till=Mörbylånga</loc><changefreq>monthly</changefreq></url>
Borlänge,Orsa,1352,996,Avståndet mellan Borlänge och Orsa är 1352 km och Karl-Johan Gyllenstorm beräknade körtiden till cirka 996 minuter.,<url><loc>https://pendlings-app1.t-767929534-cloudflare.workers.dev/?fran=Borlänge&amp;till=Orsa</loc><changefreq>monthly</changefreq></url>
Örnsköldsvik,Hudiksvall,1146,904,Avståndet mellan Örnsköldsvik och Hudiksvall är 1146 km och Karl-Johan Gyllenstorm beräknade körtiden till cirka 904 minuter.,<url><loc>https://pendlings-app1.t-767929534-cloudflare.workers.dev/?fran=Örnsköldsvik&amp;till=Hudiksvall</loc><changefreq>monthly</changefreq></url>
Trosa,Mellerud,1381,1083,Avståndet mellan Trosa och Mellerud är 1381 km och Karl-Johan Gyllenstorm beräknade körtiden till cirka 1083 minuter.,<url><loc>https://pendlings-app1.t-767929534-cloudflare.workers.dev/?fran=Trosa&amp;till=Mellerud</loc><changefreq>monthly</changefreq></url>
Malmö,Nyköping,1304,1027,Avståndet mellan Malmö och Nyköping är 1304 km och Karl-Johan Gyllenstorm beräknade körtiden till cirka 1027 minuter.,<url><loc>https://pendlings-app1.t-767929534-cloudflare.workers.dev/?fran=Malmö&amp;till=Nyköping</loc><changefreq>monthly</changefreq></url>
Hallsberg,Sälen,295,221,Avståndet mellan Hallsberg och Sälen är 295 km och Karl-Johan Gyllenstorm beräknade körtiden till cirka 221 minuter.,<url><loc>https://pendlings-app1.t-767929534-cloudflare.workers.dev/?fran=Hallsberg&amp;till=Sälen</loc><changefreq>monthly</changefreq></url>
Bjuv,Umeå,1407,1092,Avståndet mellan Bjuv och Umeå är 1407 km och Karl-Johan Gyllenstorm beräknade körtiden till cirka 1092 minuter.,<url><loc>https://pendlings-app1.t-767929534-cloudflare.workers.dev/?fran=Bjuv&amp;till=Umeå</loc><changefreq>monthly</changefreq></url>
Lekeberg,Surahammar,1004,688,Avståndet mellan Lekeberg och Surahammar är 1004 km och Karl-Johan Gyllenstorm beräknade körtiden till cirka 688 minuter.,<url><loc>https://pendlings-app1.t-767929534-cloudflare.workers.dev/?fran=Lekeberg&amp;till=Surahammar</loc><changefreq>monthly</changefreq></url>
Sorsele,Jönköping,1417,909,Avståndet mellan Sorsele och Jönköping är 1417 km och Karl-Johan Gyllenstorm beräknade körtiden till cirka 909 minuter.,<url><loc>https://pendlings-app1.t-767929534-cloudflare.workers.dev/?fran=Sorsele&amp;till=Jönköping</loc><changefreq>monthly</changefreq></url>
Sotenäs,Sala,74,54,Avståndet mellan Sotenäs och Sala är 74 km och Karl-Johan Gyllenstorm beräknade körtiden till cirka 54 minuter.,<url><loc>https://pendlings-app1.t-767929534-cloudflare.workers.dev/?fran=Sotenäs&amp;till=Sala</loc><changefreq>monthly</changefreq></url>
Oxelösund,Sollefteå,1003,687,Avståndet mellan Oxelösund och Sollefteå är 1003 km och Karl-Johan Gyllenstorm beräknade körtiden till cirka 687 minuter.,<url><loc>https://pendlings-app1.t-767929534-cloudflare.workers.dev/?fran=Oxelösund&amp;till=Sollefteå</loc><changefreq>monthly</changefreq></url>
Stånga,Lärbro,443,325,Avståndet mellan Stånga och Lärbro är 443 km och Karl-Johan Gyllenstorm beräknade körtiden till cirka 325 minuter.,<url><loc>https://pendlings-app1.t-767929534-cloudflare.workers.dev/?fran=Stånga&amp;till=Lärbro</loc><changefreq>monthly</changefreq></url>
Tierp,Sotenäs,302,232,Avståndet mellan Tierp och Sotenäs är 302 km och Karl-Johan Gyllenstorm beräknade körtiden till cirka 232 minuter.,<url><loc>https://pendlings-app1.t-767929534-cloudflare.workers.dev/?fran=Tierp&amp;till=Sotenäs</loc><changefreq>monthly</changefreq></url>
Tranemo,Ljusdal,1425,1009,Avståndet mellan Tranemo och Ljusdal är 1425 km och Karl-Johan Gyllenstorm beräknade körtiden till cirka 1009 minuter.,<url><loc>https://pendlings-app1.t-767929534-cloudflare.workers.dev/?fran=Tranemo&amp;till=Ljusdal</loc><changefreq>monthly</changefreq></url>
Ängelholm,Södertälje,1129,825,Avståndet mellan Ängelholm och Södertälje är 1129 km och Karl-Johan Gyllenstorm beräknade körtiden till cirka 825 minuter.,<url><loc>https://pendlings-app1.t-767929534-cloudflare.workers.dev/?fran=Ängelholm&amp;till=Södertälje</loc><changefreq>monthly</changefreq></url>
Ljusdal,Skinnskatteberg,343,269,Avståndet mellan Ljusdal och Skinnskatteberg är 343 km och Karl-Johan Gyllenstorm beräknade körtiden till cirka 269 minuter.,<url><loc>https://pendlings-app1.t-767929534-cloudflare.workers.dev/?fran=Ljusdal&amp;till=Skinnskatteberg</loc><changefreq>monthly</changefreq></url>
Kungsbacka,Umeå,307,223,Avståndet mellan Kungsbacka och Umeå är 307 km och Karl-Johan Gyllenstorm beräknade körtiden till cirka 223 minuter.,<url><loc>https://pendlings-app1.t-767929534-cloudflare.workers.dev/?fran=Kungsbacka&amp;till=Umeå</loc><changefreq>monthly</changefreq></url>
Trollhättan,Säffle,1327,933,Avståndet mellan Trollhättan och Säffle är 1327 km och Karl-Johan Gyllenstorm beräknade körtiden till cirka 933 minuter.,<url><loc>https://pendlings-app1.t-767929534-cloudflare.workers.dev/?fran=Trollhättan&amp;till=Säffle</loc><changefreq>monthly</changefreq></url>
Borlänge,Boden,607,414,Avståndet mellan Borlänge och Boden är 607 km och Karl-Johan Gyllenstorm beräknade körtiden till cirka 414 minuter.,<url><loc>https://pendlings-app1.t-767929534-cloudflare.workers.dev/?fran=Borlänge&amp;till=Boden</loc><changefreq>monthly</changefreq></url>
Varberg,Vänersborg,777,560,Avståndet mellan Varberg och Vänersborg är 777 km och Karl-Johan Gyllenstorm beräknade körtiden till cirka 560 minuter.,<url><loc>https://pendlings-app1.t-767929534-cloudflare.workers.dev/?fran=Varberg&amp;till=Vänersborg</loc><changefreq>monthly</changefreq></url>
Svalöv,Tofta,1044,817,Avståndet mellan Svalöv och Tofta är 1044 km och Karl-Johan Gyllenstorm beräknade körtiden till cirka 817 minuter.,<url><loc>https://pendlings-app1.t-767929534-cloudflare.workers.dev/?fran=Svalöv&amp;till=Tofta</loc><changefreq>monthly</changefreq></url>
Hagfors,Karlskrona,610,398,Avståndet mellan Hagfors och Karlskrona är 610 km och Karl-Johan Gyllenstorm beräknade körtiden till cirka 398 minuter.,<url><loc>https://pendlings-app1.t-767929534-cloudflare.workers.dev/?fran=Hagfors&amp;till=Karlskrona</loc><changefreq>monthly</changefreq></url>
Svalöv,Tanum,1266,935,Avståndet mellan Svalöv och Tanum är 1266 km och Karl-Johan Gyllenstorm beräknade körtiden till cirka 935 minuter.,<url><loc>https://pendlings-app1.t-767929534-cloudflare.workers.dev/?fran=Svalöv&amp;till=Tanum</loc><changefreq>monthly</changefreq></url>
Vadstena,Oxelösund,69,55,Avståndet mellan Vadstena och Oxelösund är 69 km och Karl-Johan Gyllenstorm beräknade körtiden till cirka 55 minuter.,<url><loc>https://pendlings-app1.t-767929534-cloudflare.workers.dev/?fran=Vadstena&amp;till=Oxelösund</loc><changefreq>monthly</changefreq></url>
Hedemora,Höganäs,526,375,Avståndet mellan Hedemora och Höganäs är 526 km och Karl-Johan Gyllenstorm beräknade körtiden till cirka 375 minuter.,<url><loc>https://pendlings-app1.t-767929534-cloudflare.workers.dev/?fran=Hedemora&amp;till=Höganäs</loc><changefreq>monthly</changefreq></url>
Strömsund,Tofta,714,474,Avståndet mellan Strömsund och Tofta är 714 km och Karl-Johan Gyllenstorm beräknade körtiden till cirka 474 minuter.,<url><loc>https://pendlings-app1.t-767929534-cloudflare.workers.dev/?fran=Strömsund&amp;till=Tofta</loc><changefreq>monthly</changefreq></url>
Strömsund,Tanum,528,367,Avståndet mellan Strömsund och Tanum är 528 km och Karl-Johan Gyllenstorm beräknade körtiden till cirka 367 minuter.,<url><loc>https://pendlings-app1.t-767929534-cloudflare.workers.dev/?fran=Strömsund&amp;till=Tanum</loc><changefreq>monthly</changefreq></url>
Hallstahammar,Roma,1126,783,Avståndet mellan Hallstahammar och Roma är 1126 km och Karl-Johan Gyllenstorm beräknade körtiden till cirka 783 minuter.,<url><loc>https://pendlings-app1.t-767929534-cloudflare.workers.dev/?fran=Hallstahammar&amp;till=Roma</loc><changefreq>monthly</changefreq></url>
Lidköping,Örnsköldsvik,329,213,Avståndet mellan Lidköping och Örnsköldsvik är 329 km och Karl-Johan Gyllenstorm beräknade körtiden till cirka 213 minuter.,<url><loc>https://pendlings-app1.t-767929534-cloudflare.workers.dev/?fran=Lidköping&amp;till=Örnsköldsvik</loc><changefreq>monthly</changefreq></url>
Östhammar,Osby,174,132,Avståndet mellan Östhammar och Osby är 174 km och Karl-Johan Gyllenstorm beräknade körtiden till cirka 132 minuter.,<url><loc>https://pendlings-app1.t-767929534-cloudflare.workers.dev/?fran=Östhammar&amp;till=Osby</loc><changefreq>monthly</changefreq></url>
Kils,Karlskoga,556,398,Avståndet mellan Kils och Karlskoga är 556 km och Karl-Johan Gyllenstorm beräknade körtiden till cirka 398 minuter.,<url><loc>https://pendlings-app1.t-767929534-cloudflare.workers.dev/?fran=Kils&amp;till=Karlskoga</loc><changefreq>monthly</changefreq></url>
Finspång,Ragunda,1252,852,Avståndet mellan Finspång och Ragunda är 1252 km och Karl-Johan Gyllenstorm beräknade körtiden till cirka 852 minuter.,<url><loc>https://pendlings-app1.t-767929534-cloudflare.workers.dev/?fran=Finspång&amp;till=Ragunda</loc><changefreq>monthly</changefreq></url>
Nora,Vansbro,1053,687,Avståndet mellan Nora och Vansbro är 1053 km och Karl-Johan Gyllenstorm beräknade körtiden till cirka 687 minuter.,<url><loc>https://pendlings-app1.t-767929534-cloudflare.workers.dev/?fran=Nora&amp;till=Vansbro</loc><changefreq>monthly</changefreq></url>
Falköping,Skutskär,803,552,Avståndet mellan Falköping och Skutskär är 803 km och Karl-Johan Gyllenstorm beräknade körtiden till cirka 552 minuter.,<url><loc>https://pendlings-app1.t-767929534-cloudflare.workers.dev/?fran=Falköping&amp;till=Skutskär</loc><changefreq>monthly</changefreq></url>
Rättvik,Hjo,284,180,Avståndet mellan Rättvik och Hjo är 284 km och Karl-Johan Gyllenstorm beräknade körtiden till cirka 180 minuter.,<url><loc>https://pendlings-app1.t-767929534-cloudflare.workers.dev/?fran=Rättvik&amp;till=Hjo</loc><changefreq>monthly</changefreq></url>
Karlskoga,Sveg,1121,753,Avståndet mellan Karlskoga och Sveg är 1121 km och Karl-Johan Gyllenstorm beräknade körtiden till cirka 753 minuter.,<url><loc>https://pendlings-app1.t-767929534-cloudflare.workers.dev/?fran=Karlskoga&amp;till=Sveg</loc><changefreq>monthly</changefreq></url>
Älvkarleby,Vibble,236,167,Avståndet mellan Älvkarleby och Vibble är 236 km och Karl-Johan Gyllenstorm beräknade körtiden till cirka 167 minuter.,<url><loc>https://pendlings-app1.t-767929534-cloudflare.workers.dev/?fran=Älvkarleby&amp;till=Vibble</loc><changefreq>monthly</changefreq></url>
Söderköping,Örnsköldsvik,1159,880,Avståndet mellan Söderköping och Örnsköldsvik är 1159 km och Karl-Johan Gyllenstorm beräknade körtiden till cirka 880 minuter.,<url><loc>https://pendlings-app1.t-767929534-cloudflare.workers.dev/?fran=Söderköping&amp;till=Örnsköldsvik</loc><changefreq>monthly</changefreq></url>
Ystad,Karlsborg,1423,1005,Avståndet mellan Ystad och Karlsborg är 1423 km och Karl-Johan Gyllenstorm beräknade körtiden till cirka 1005 minuter.,<url><loc>https://pendlings-app1.t-767929534-cloudflare.workers.dev/?fran=Ystad&amp;till=Karlsborg</loc><changefreq>monthly</changefreq></url>
Eksjö,Värnamo,726,504,Avståndet mellan Eksjö och Värnamo är 726 km och Karl-Johan Gyllenstorm beräknade körtiden till cirka 504 minuter.,<url><loc>https://pendlings-app1.t-767929534-cloudflare.workers.dev/?fran=Eksjö&amp;till=Värnamo</loc><changefreq>monthly</changefreq></url>
Ydre,Hällefor,723,467,Avståndet mellan Ydre och Hällefor är 723 km och Karl-Johan Gyllenstorm beräknade körtiden till cirka 467 minuter.,<url><loc>https://pendlings-app1.t-767929534-cloudflare.workers.dev/?fran=Ydre&amp;till=Hällefor</loc><changefreq>monthly</changefreq></url>
Örnsköldsvik,Skara,1097,846,Avståndet mellan Örnsköldsvik och Skara är 1097 km och Karl-Johan Gyllenstorm beräknade körtiden till cirka 846 minuter.,<url><loc>https://pendlings-app1.t-767929534-cloudflare.workers.dev/?fran=Örnsköldsvik&amp;till=Skara</loc><changefreq>monthly</changefreq></url>
Dorotea,Bollnäs,218,170,Avståndet mellan Dorotea och Bollnäs är 218 km och Karl-Johan Gyllenstorm beräknade körtiden till cirka 170 minuter.,<url><loc>https://pendlings-app1.t-767929534-cloudflare.workers.dev/?fran=Dorotea&amp;till=Bollnäs</loc><changefreq>monthly</changefreq></url>
Kils,Stånga,587,399,Avståndet mellan Kils och Stånga är 587 km och Karl-Johan Gyllenstorm beräknade körtiden till cirka 399 minuter.,<url><loc>https://pendlings-app1.t-767929534-cloudflare.workers.dev/?fran=Kils&amp;till=Stånga</loc><changefreq>monthly</changefreq></url>
Simrishamn,Falkenberg,87,57,Avståndet mellan Simrishamn och Falkenberg är 87 km och Karl-Johan Gyllenstorm beräknade körtiden till cirka 57 minuter.,<url><loc>https://pendlings-app1.t-767929534-cloudflare.workers.dev/?fran=Simrishamn&amp;till=Falkenberg</loc><changefreq>monthly</changefreq></url>
Timrå,Sala,748,573,Avståndet mellan Timrå och Sala är 748 km och Karl-Johan Gyllenstorm beräknade körtiden till cirka 573 minuter.,<url><loc>https://pendlings-app1.t-767929534-cloudflare.workers.dev/?fran=Timrå&amp;till=Sala</loc><changefreq>monthly</changefreq></url>
Säffle,Falköping,901,652,Avståndet mellan Säffle och Falköping är 901 km och Karl-Johan Gyllenstorm beräknade körtiden till cirka 652 minuter.,<url><loc>https://pendlings-app1.t-767929534-cloudflare.workers.dev/?fran=Säffle&amp;till=Falköping</loc><changefreq>monthly</changefreq></url>
Oskarshamn,Mönsterås,401,288,Avståndet mellan Oskarshamn och Mönsterås är 401 km och Karl-Johan Gyllenstorm beräknade körtiden till cirka 288 minuter.,<url><loc>https://pendlings-app1.t-767929534-cloudflare.workers.dev/?fran=Oskarshamn&amp;till=Mönsterås</loc><changefreq>monthly</changefreq></url>
Lycksele,Ånge,476,309,Avståndet mellan Lycksele och Ånge är 476 km och Karl-Johan Gyllenstorm beräknade körtiden till cirka 309 minuter.,<url><loc>https://pendlings-app1.t-767929534-cloudflare.workers.dev/?fran=Lycksele&amp;till=Ånge</loc><changefreq>monthly</changefreq></url>
Skara,Örkelljunga,780,614,Avståndet mellan Skara och Örkelljunga är 780 km och Karl-Johan Gyllenstorm beräknade körtiden till cirka 614 minuter.,<url><loc>https://pendlings-app1.t-767929534-cloudflare.workers.dev/?fran=Skara&amp;till=Örkelljunga</loc><changefreq>monthly</changefreq></url>
Ödeshög,Lärbro,320,227,Avståndet mellan Ödeshög och Lärbro är 320 km och Karl-Johan Gyllenstorm beräknade körtiden till cirka 227 minuter.,<url><loc>https://pendlings-app1.t-767929534-cloudflare.workers.dev/?fran=Ödeshög&amp;till=Lärbro</loc><changefreq>monthly</changefreq></url>
Knivsta,Värnamo,597,440,Avståndet mellan Knivsta och Värnamo är 597 km och Karl-Johan Gyllenstorm beräknade körtiden till cirka 440 minuter.,<url><loc>https://pendlings-app1.t-767929534-cloudflare.workers.dev/?fran=Knivsta&amp;till=Värnamo</loc><changefreq>monthly</changefreq></url>
Finspång,Ljusnarsberg,732,553,Avståndet mellan Finspång och Ljusnarsberg är 732 km och Karl-Johan Gyllenstorm beräknade körtiden till cirka 553 minuter.,<url><loc>https://pendlings-app1.t-767929534-cloudflare.workers.dev/?fran=Finspång&amp;till=Ljusnarsberg</loc><changefreq>monthly</changefreq></url>
Finspång,Mariestad,534,378,Avståndet mellan Finspång och Mariestad är 534 km och Karl-Johan Gyllenstorm beräknade körtiden till cirka 378 minuter.,<url><loc>https://pendlings-app1.t-767929534-cloudflare.workers.dev/?fran=Finspång&amp;till=Mariestad</loc><changefreq>monthly</changefreq></url>
Hallstahammar,Bjuv,773,524,Avståndet mellan Hallstahammar och Bjuv är 773 km och Karl-Johan Gyllenstorm beräknade körtiden till cirka 524 minuter.,<url><loc>https://pendlings-app1.t-767929534-cloudflare.workers.dev/?fran=Hallstahammar&amp;till=Bjuv</loc><changefreq>monthly</changefreq></url>
Ystad,Södertälje,668,428,Avståndet mellan Ystad och Södertälje är 668 km och Karl-Johan Gyllenstorm beräknade körtiden till cirka 428 minuter.,<url><loc>https://pendlings-app1.t-767929534-cloudflare.workers.dev/?fran=Ystad&amp;till=Södertälje</loc><changefreq>monthly</changefreq></url>
Hagfors,Lekeberg,815,560,Avståndet mellan Hagfors och Lekeberg är 815 km och Karl-Johan Gyllenstorm beräknade körtiden till cirka 560 minuter.,<url><loc>https://pendlings-app1.t-767929534-cloudflare.workers.dev/?fran=Hagfors&amp;till=Lekeberg</loc><changefreq>monthly</changefreq></url>
Falun,Landskrona,866,648,Avståndet mellan Falun och Landskrona är 866 km och Karl-Johan Gyllenstorm beräknade körtiden till cirka 648 minuter.,<url><loc>https://pendlings-app1.t-767929534-cloudflare.workers.dev/?fran=Falun&amp;till=Landskrona</loc><changefreq>monthly</changefreq></url>
Sölvesborg,Eda,928,653,Avståndet mellan Sölvesborg och Eda är 928 km och Karl-Johan Gyllenstorm beräknade körtiden till cirka 653 minuter.,<url><loc>https://pendlings-app1.t-767929534-cloudflare.workers.dev/?fran=Sölvesborg&amp;till=Eda</loc><changefreq>monthly</changefreq></url>
Avesta,Skinnskatteberg,1230,884,Avståndet mellan Avesta och Skinnskatteberg är 1230 km och Karl-Johan Gyllenstorm beräknade körtiden till cirka 884 minuter.,<url><loc>https://pendlings-app1.t-767929534-cloudflare.workers.dev/?fran=Avesta&amp;till=Skinnskatteberg</loc><changefreq>monthly</changefreq></url>
Tofta,Älvsbyn,362,270,Avståndet mellan Tofta och Älvsbyn är 362 km och Karl-Johan Gyllenstorm beräknade körtiden till cirka 270 minuter.,<url><loc>https://pendlings-app1.t-767929534-cloudflare.workers.dev/?fran=Tofta&amp;till=Älvsbyn</loc><changefreq>monthly</changefreq></url>
Sorsele,Grythyttan,1208,897,Avståndet mellan Sorsele och Grythyttan är 1208 km och Karl-Johan Gyllenstorm beräknade körtiden till cirka 897 minuter.,<url><loc>https://pendlings-app1.t-767929534-cloudflare.workers.dev/?fran=Sorsele&amp;till=Grythyttan</loc><changefreq>monthly</changefreq></url>
Alingsås,Tranemo,777,509,Avståndet mellan Alingsås och Tranemo är 777 km och Karl-Johan Gyllenstorm beräknade körtiden till cirka 509 minuter.,<url><loc>https://pendlings-app1.t-767929534-cloudflare.workers.dev/?fran=Alingsås&amp;till=Tranemo</loc><changefreq>monthly</changefreq></url>
Linköping,Havdhem,69,51,Avståndet mellan Linköping och Havdhem är 69 km och Karl-Johan Gyllenstorm beräknade körtiden till cirka 51 minuter.,<url><loc>https://pendlings-app1.t-767929534-cloudflare.workers.dev/?fran=Linköping&amp;till=Havdhem</loc><changefreq>monthly</changefreq></url>
Vingåker,Alingsås,1305,1007,Avståndet mellan Vingåker och Alingsås är 1305 km och Karl-Johan Gyllenstorm beräknade körtiden till cirka 1007 minuter.,<url><loc>https://pendlings-app1.t-767929534-cloudflare.workers.dev/?fran=Vingåker&amp;till=Alingsås</loc><changefreq>monthly</changefreq></url>
Perstorp,Färgelanda,36,23,Avståndet mellan Perstorp och Färgelanda är 36 km och Karl-Johan Gyllenstorm beräknade körtiden till cirka 23 minuter.,<url><loc>https://pendlings-app1.t-767929534-cloudflare.workers.dev/?fran=Perstorp&amp;till=Färgelanda</loc><changefreq>monthly</changefreq></url>
Bräcke,Härjedalen,1209,935,Avståndet mellan Bräcke och Härjedalen är 1209 km och Karl-Johan Gyllenstorm beräknade körtiden till cirka 935 minuter.,<url><loc>https://pendlings-app1.t-767929534-cloudflare.workers.dev/?fran=Bräcke&amp;till=Härjedalen</loc><changefreq>monthly</changefreq></url>
Tranemo,Ånge,1187,854,Avståndet mellan Tranemo och Ånge är 1187 km och Karl-Johan Gyllenstorm beräknade körtiden till cirka 854 minuter.,<url><loc>https://pendlings-app1.t-767929534-cloudflare.workers.dev/?fran=Tranemo&amp;till=Ånge</loc><changefreq>monthly</changefreq></url>
Falköping,Knivsta,809,567,Avståndet mellan Falköping och Knivsta är 809 km och Karl-Johan Gyllenstorm beräknade körtiden till cirka 567 minuter.,<url><loc>https://pendlings-app1.t-767929534-cloudflare.workers.dev/?fran=Falköping&amp;till=Knivsta</loc><changefreq>monthly</changefreq></url>
Kils,Sandviken,708,461,Avståndet mellan Kils och Sandviken är 708 km och Karl-Johan Gyllenstorm beräknade körtiden till cirka 461 minuter.,<url><loc>https://pendlings-app1.t-767929534-cloudflare.workers.dev/?fran=Kils&amp;till=Sandviken</loc><changefreq>monthly</changefreq></url>
Roma,Nyköping,317,208,Avståndet mellan Roma och Nyköping är 317 km och Karl-Johan Gyllenstorm beräknade körtiden till cirka 208 minuter.,<url><loc>https://pendlings-app1.t-767929534-cloudflare.workers.dev/?fran=Roma&amp;till=Nyköping</loc><changefreq>monthly</changefreq></url>
Oxelösund,Värnamo,136,88,Avståndet mellan Oxelösund och Värnamo är 136 km och Karl-Johan Gyllenstorm beräknade körtiden till cirka 88 minuter.,<url><loc>https://pendlings-app1.t-767929534-cloudflare.workers.dev/?fran=Oxelösund&amp;till=Värnamo</loc><changefreq>monthly</changefreq></url>
Herrljunga,Kramfors,283,189,Avståndet mellan Herrljunga och Kramfors är 283 km och Karl-Johan Gyllenstorm beräknade körtiden till cirka 189 minuter.,<url><loc>https://pendlings-app1.t-767929534-cloudflare.workers.dev/?fran=Herrljunga&amp;till=Kramfors</loc><changefreq>monthly</changefreq></url>
Hörby,Falköping,880,592,Avståndet mellan Hörby och Falköping är 880 km och Karl-Johan Gyllenstorm beräknade körtiden till cirka 592 minuter.,<url><loc>https://pendlings-app1.t-767929534-cloudflare.workers.dev/?fran=Hörby&amp;till=Falköping</loc><changefreq>monthly</changefreq></url>
Habon,Vingåker,392,271,Avståndet mellan Habon och Vingåker är 392 km och Karl-Johan Gyllenstorm beräknade körtiden till cirka 271 minuter.,<url><loc>https://pendlings-app1.t-767929534-cloudflare.workers.dev/?fran=Habon&amp;till=Vingåker</loc><changefreq>monthly</changefreq></url>
Nora,Ljusdal,498,333,Avståndet mellan Nora och Ljusdal är 498 km och Karl-Johan Gyllenstorm beräknade körtiden till cirka 333 minuter.,<url><loc>https://pendlings-app1.t-767929534-cloudflare.workers.dev/?fran=Nora&amp;till=Ljusdal</loc><changefreq>monthly</changefreq></url>
Sölvesborg,Falun,69,47,Avståndet mellan Sölvesborg och Falun är 69 km och Karl-Johan Gyllenstorm beräknade körtiden till cirka 47 minuter.,<url><loc>https://pendlings-app1.t-767929534-cloudflare.workers.dev/?fran=Sölvesborg&amp;till=Falun</loc><changefreq>monthly</changefreq></url>
Kramfors,Sjöbo,1221,809,Avståndet mellan Kramfors och Sjöbo är 1221 km och Karl-Johan Gyllenstorm beräknade körtiden till cirka 809 minuter.,<url><loc>https://pendlings-app1.t-767929534-cloudflare.workers.dev/?fran=Kramfors&amp;till=Sjöbo</loc><changefreq>monthly</changefreq></url>
Kiruna,Forshaga,552,373,Avståndet mellan Kiruna och Forshaga är 552 km och Karl-Johan Gyllenstorm beräknade körtiden till cirka 373 minuter.,<url><loc>https://pendlings-app1.t-767929534-cloudflare.workers.dev/?fran=Kiruna&amp;till=Forshaga</loc><changefreq>monthly</changefreq></url>
Eslöv,Tierp,576,374,Avståndet mellan Eslöv och Tierp är 576 km och Karl-Johan Gyllenstorm beräknade körtiden till cirka 374 minuter.,<url><loc>https://pendlings-app1.t-767929534-cloudflare.workers.dev/?fran=Eslöv&amp;till=Tierp</loc><changefreq>monthly</changefreq></url>
Stånga,Örebro,174,135,Avståndet mellan Stånga och Örebro är 174 km och Karl-Johan Gyllenstorm beräknade körtiden till cirka 135 minuter.,<url><loc>https://pendlings-app1.t-767929534-cloudflare.workers.dev/?fran=Stånga&amp;till=Örebro</loc><changefreq>monthly</changefreq></url>
Vadstena,Timrå,250,185,Avståndet mellan Vadstena och Timrå är 250 km och Karl-Johan Gyllenstorm beräknade körtiden till cirka 185 minuter.,<url><loc>https://pendlings-app1.t-767929534-cloudflare.workers.dev/?fran=Vadstena&amp;till=Timrå</loc><changefreq>monthly</changefreq></url>
Munkedal,Klippan,1370,997,Avståndet mellan Munkedal och Klippan är 1370 km och Karl-Johan Gyllenstorm beräknade körtiden till cirka 997 minuter.,<url><loc>https://pendlings-app1.t-767929534-cloudflare.workers.dev/?fran=Munkedal&amp;till=Klippan</loc><changefreq>monthly</changefreq></url>
Bjuv,Hjo,33,25,Avståndet mellan Bjuv och Hjo är 33 km och Karl-Johan Gyllenstorm beräknade körtiden till cirka 25 minuter.,<url><loc>https://pendlings-app1.t-767929534-cloudflare.workers.dev/?fran=Bjuv&amp;till=Hjo</loc><changefreq>monthly</changefreq></url>
Ydre,Tomelilla,426,316,Avståndet mellan Ydre och Tomelilla är 426 km och Karl-Johan Gyllenstorm beräknade körtiden till cirka 316 minuter.,<url><loc>https://pendlings-app1.t-767929534-cloudflare.workers.dev/?fran=Ydre&amp;till=Tomelilla</loc><changefreq>monthly</changefreq></url>
Burgsvik,Örnsköldsvik,1035,737,Avståndet mellan Burgsvik och Örnsköldsvik är 1035 km och Karl-Johan Gyllenstorm beräknade körtiden till cirka 737 minuter.,<url><loc>https://pendlings-app1.t-767929534-cloudflare.workers.dev/?fran=Burgsvik&amp;till=Örnsköldsvik</loc><changefreq>monthly</changefreq></url>
Töreboda,Gullspång,1437,920,Avståndet mellan Töreboda och Gullspång är 1437 km och Karl-Johan Gyllenstorm beräknade körtiden till cirka 920 minuter.,<url><loc>https://pendlings-app1.t-767929534-cloudflare.workers.dev/?fran=Töreboda&amp;till=Gullspång</loc><changefreq>monthly</changefreq></url>
Skutskär,Karlstad,1393,933,Avståndet mellan Skutskär och Karlstad är 1393 km och Karl-Johan Gyllenstorm beräknade körtiden till cirka 933 minuter.,<url><loc>https://pendlings-app1.t-767929534-cloudflare.workers.dev/?fran=Skutskär&amp;till=Karlstad</loc><changefreq>monthly</changefreq></url>
Härnösand,Olofström,37,27,Avståndet mellan Härnösand och Olofström är 37 km och Karl-Johan Gyllenstorm beräknade körtiden till cirka 27 minuter.,<url><loc>https://pendlings-app1.t-767929534-cloudflare.workers.dev/?fran=Härnösand&amp;till=Olofström</loc><changefreq>monthly</changefreq></url>
Lidköping,Stånga,731,464,Avståndet mellan Lidköping och Stånga är 731 km och Karl-Johan Gyllenstorm beräknade körtiden till cirka 464 minuter.,<url><loc>https://pendlings-app1.t-767929534-cloudflare.workers.dev/?fran=Lidköping&amp;till=Stånga</loc><changefreq>monthly</changefreq></url>
Klippan,Fårösund,1186,844,Avståndet mellan Klippan och Fårösund är 1186 km och Karl-Johan Gyllenstorm beräknade körtiden till cirka 844 minuter.,<url><loc>https://pendlings-app1.t-767929534-cloudflare.workers.dev/?fran=Klippan&amp;till=Fårösund</loc><changefreq>monthly</changefreq></url>
Karlstad,Eslöv,305,222,Avståndet mellan Karlstad och Eslöv är 305 km och Karl-Johan Gyllenstorm beräknade körtiden till cirka 222 minuter.,<url><loc>https://pendlings-app1.t-767929534-cloudflare.workers.dev/?fran=Karlstad&amp;till=Eslöv</loc><changefreq>monthly</changefreq></url>
Lekeberg,Simrishamn,1089,808,Avståndet mellan Lekeberg och Simrishamn är 1089 km och Karl-Johan Gyllenstorm beräknade körtiden till cirka 808 minuter.,<url><loc>https://pendlings-app1.t-767929534-cloudflare.workers.dev/?fran=Lekeberg&amp;till=Simrishamn</loc><changefreq>monthly</changefreq></url>
Roma,Oxelösund,1367,1079,Avståndet mellan Roma och Oxelösund är 1367 km och Karl-Johan Gyllenstorm beräknade körtiden till cirka 1079 minuter.,<url><loc>https://pendlings-app1.t-767929534-cloudflare.workers.dev/?fran=Roma&amp;till=Oxelösund</loc><changefreq>monthly</changefreq></url>
Borgholm,Trollhättan,74,56,Avståndet mellan Borgholm och Trollhättan är 74 km och Karl-Johan Gyllenstorm beräknade körtiden till cirka 56 minuter.,<url><loc>https://pendlings-app1.t-767929534-cloudflare.workers.dev/?fran=Borgholm&amp;till=Trollhättan</loc><changefreq>monthly</changefreq></url>
Jokkmokk,Havdhem,1355,932,Avståndet mellan Jokkmokk och Havdhem är 1355 km och Karl-Johan Gyllenstorm beräknade körtiden till cirka 932 minuter.,<url><loc>https://pendlings-app1.t-767929534-cloudflare.workers.dev/?fran=Jokkmokk&amp;till=Havdhem</loc><changefreq>monthly</changefreq></url>
Höör,Perstorp,299,233,Avståndet mellan Höör och Perstorp är 299 km och Karl-Johan Gyllenstorm beräknade körtiden till cirka 233 minuter.,<url><loc>https://pendlings-app1.t-767929534-cloudflare.workers.dev/?fran=Höör&amp;till=Perstorp</loc><changefreq>monthly</changefreq></url>
Kumla,Eksjö,952,663,Avståndet mellan Kumla och Eksjö är 952 km och Karl-Johan Gyllenstorm beräknade körtiden till cirka 663 minuter.,<url><loc>https://pendlings-app1.t-767929534-cloudflare.workers.dev/?fran=Kumla&amp;till=Eksjö</loc><changefreq>monthly</changefreq></url>
Ulricehamn,Herrljunga,319,212,Avståndet mellan Ulricehamn och Herrljunga är 319 km och Karl-Johan Gyllenstorm beräknade körtiden till cirka 212 minuter.,<url><loc>https://pendlings-app1.t-767929534-cloudflare.workers.dev/?fran=Ulricehamn&amp;till=Herrljunga</loc><changefreq>monthly</changefreq></url>
Åre,Vingåker,420,300,Avståndet mellan Åre och Vingåker är 420 km och Karl-Johan Gyllenstorm beräknade körtiden till cirka 300 minuter.,<url><loc>https://pendlings-app1.t-767929534-cloudflare.workers.dev/?fran=Åre&amp;till=Vingåker</loc><changefreq>monthly</changefreq></url>
Eksjö,Katrineholm,344,232,Avståndet mellan Eksjö och Katrineholm är 344 km och Karl-Johan Gyllenstorm beräknade körtiden till cirka 232 minuter.,<url><loc>https://pendlings-app1.t-767929534-cloudflare.workers.dev/?fran=Eksjö&amp;till=Katrineholm</loc><changefreq>monthly</changefreq></url>
Kopparberg,Södertälje,1187,800,Avståndet mellan Kopparberg och Södertälje är 1187 km och Karl-Johan Gyllenstorm beräknade körtiden till cirka 800 minuter.,<url><loc>https://pendlings-app1.t-767929534-cloudflare.workers.dev/?fran=Kopparberg&amp;till=Södertälje</loc><changefreq>monthly</changefreq></url>
Töreboda,Borlänge,577,426,Avståndet mellan Töreboda och Borlänge är 577 km och Karl-Johan Gyllenstorm beräknade körtiden till cirka 426 minuter.,<url><loc>https://pendlings-app1.t-767929534-cloudflare.workers.dev/?fran=Töreboda&amp;till=Borlänge</loc><changefreq>monthly</changefreq></url>
Hagfors,Jokkmokk,833,590,Avståndet mellan Hagfors och Jokkmokk är 833 km och Karl-Johan Gyllenstorm beräknade körtiden till cirka 590 minuter.,<url><loc>https://pendlings-app1.t-767929534-cloudflare.workers.dev/?fran=Hagfors&amp;till=Jokkmokk</loc><changefreq>monthly</changefreq></url>
Söderköping,Stånga,936,746,Avståndet mellan Söderköping och Stånga är 936 km och Karl-Johan Gyllenstorm beräknade körtiden till cirka 746 minuter.,<url><loc>https://pendlings-app1.t-767929534-cloudflare.workers.dev/?fran=Söderköping&amp;till=Stånga</loc><changefreq>monthly</changefreq></url>
Mullsjö,Vetlanda,428,309,Avståndet mellan Mullsjö och Vetlanda är 428 km och Karl-Johan Gyllenstorm beräknade körtiden till cirka 309 minuter.,<url><loc>https://pendlings-app1.t-767929534-cloudflare.workers.dev/?fran=Mullsjö&amp;till=Vetlanda</loc><changefreq>monthly</changefreq></url>
Sandviken,Ronneby,474,322,Avståndet mellan Sandviken och Ronneby är 474 km och Karl-Johan Gyllenstorm beräknade körtiden till cirka 322 minuter.,<url><loc>https://pendlings-app1.t-767929534-cloudflare.workers.dev/?fran=Sandviken&amp;till=Ronneby</loc><changefreq>monthly</changefreq></url>
Roma,Skutskär,1090,783,Avståndet mellan Roma och Skutskär är 1090 km och Karl-Johan Gyllenstorm beräknade körtiden till cirka 783 minuter.,<url><loc>https://pendlings-app1.t-767929534-cloudflare.workers.dev/?fran=Roma&amp;till=Skutskär</loc><changefreq>monthly</changefreq></url>
Kiruna,Staffanstorp,33,26,Avståndet mellan Kiruna och Staffanstorp är 33 km och Karl-Johan Gyllenstorm beräknade körtiden till cirka 26 minuter.,<url><loc>https://pendlings-app1.t-767929534-cloudflare.workers.dev/?fran=Kiruna&amp;till=Staffanstorp</loc><changefreq>monthly</changefreq></url>
Kristinehamn,Åsele,308,199,Avståndet mellan Kristinehamn och Åsele är 308 km och Karl-Johan Gyllenstorm beräknade körtiden till cirka 199 minuter.,<url><loc>https://pendlings-app1.t-767929534-cloudflare.workers.dev/?fran=Kristinehamn&amp;till=Åsele</loc><changefreq>monthly</changefreq></url>
Götene,Sveg,335,266,Avståndet mellan Götene och Sveg är 335 km och Karl-Johan Gyllenstorm beräknade körtiden till cirka 266 minuter.,<url><loc>https://pendlings-app1.t-767929534-cloudflare.workers.dev/?fran=Götene&amp;till=Sveg</loc><changefreq>monthly</changefreq></url>
Lund,Sala,125,81,Avståndet mellan Lund och Sala är 125 km och Karl-Johan Gyllenstorm beräknade körtiden till cirka 81 minuter.,<url><loc>https://pendlings-app1.t-767929534-cloudflare.workers.dev/?fran=Lund&amp;till=Sala</loc><changefreq>monthly</changefreq></url>
Båstad,Jokkmokk,1409,990,Avståndet mellan Båstad och Jokkmokk är 1409 km och Karl-Johan Gyllenstorm beräknade körtiden till cirka 990 minuter.,<url><loc>https://pendlings-app1.t-767929534-cloudflare.workers.dev/?fran=Båstad&amp;till=Jokkmokk</loc><changefreq>monthly</changefreq></url>
Malung,Ystad,1055,678,Avståndet mellan Malung och Ystad är 1055 km och Karl-Johan Gyllenstorm beräknade körtiden till cirka 678 minuter.,<url><loc>https://pendlings-app1.t-767929534-cloudflare.workers.dev/?fran=Malung&amp;till=Ystad</loc><changefreq>monthly</changefreq></url>
Skövde,Lycksele,284,206,Avståndet mellan Skövde och Lycksele är 284 km och Karl-Johan Gyllenstorm beräknade körtiden till cirka 206 minuter.,<url><loc>https://pendlings-app1.t-767929534-cloudflare.workers.dev/?fran=Skövde&amp;till=Lycksele</loc><changefreq>monthly</changefreq></url>
Åtvidaberg,Flen,543,360,Avståndet mellan Åtvidaberg och Flen är 543 km och Karl-Johan Gyllenstorm beräknade körtiden till cirka 360 minuter.,<url><loc>https://pendlings-app1.t-767929534-cloudflare.workers.dev/?fran=Åtvidaberg&amp;till=Flen</loc><changefreq>monthly</changefreq></url>
Bengtsfors,Borgholm,1137,863,Avståndet mellan Bengtsfors och Borgholm är 1137 km och Karl-Johan Gyllenstorm beräknade körtiden till cirka 863 minuter.,<url><loc>https://pendlings-app1.t-767929534-cloudflare.workers.dev/?fran=Bengtsfors&amp;till=Borgholm</loc><changefreq>monthly</changefreq></url>
Degerfors,Götene,460,331,Avståndet mellan Degerfors och Götene är 460 km och Karl-Johan Gyllenstorm beräknade körtiden till cirka 331 minuter.,<url><loc>https://pendlings-app1.t-767929534-cloudflare.workers.dev/?fran=Degerfors&amp;till=Götene</loc><changefreq>monthly</changefreq></url>
Hedemora,Grums,949,643,Avståndet mellan Hedemora och Grums är 949 km och Karl-Johan Gyllenstorm beräknade körtiden till cirka 643 minuter.,<url><loc>https://pendlings-app1.t-767929534-cloudflare.workers.dev/?fran=Hedemora&amp;till=Grums</loc><changefreq>monthly</changefreq></url>
Arboga,Sveg,805,640,Avståndet mellan Arboga och Sveg är 805 km och Karl-Johan Gyllenstorm beräknade körtiden till cirka 640 minuter.,<url><loc>https://pendlings-app1.t-767929534-cloudflare.workers.dev/?fran=Arboga&amp;till=Sveg</loc><changefreq>monthly</changefreq></url>
Gnestad,Ljusnarsberg,1068,818,Avståndet mellan Gnestad och Ljusnarsberg är 1068 km och Karl-Johan Gyllenstorm beräknade körtiden till cirka 818 minuter.,<url><loc>https://pendlings-app1.t-767929534-cloudflare.workers.dev/?fran=Gnestad&amp;till=Ljusnarsberg</loc><changefreq>monthly</changefreq></url>
Munkedal,Jokkmokk,1440,1007,Avståndet mellan Munkedal och Jokkmokk är 1440 km och Karl-Johan Gyllenstorm beräknade körtiden till cirka 1007 minuter.,<url><loc>https://pendlings-app1.t-767929534-cloudflare.workers.dev/?fran=Munkedal&amp;till=Jokkmokk</loc><changefreq>monthly</changefreq></url>
Berg,Håbo,855,604,Avståndet mellan Berg och Håbo är 855 km och Karl-Johan Gyllenstorm beräknade körtiden till cirka 604 minuter.,<url><loc>https://pendlings-app1.t-767929534-cloudflare.workers.dev/?fran=Berg&amp;till=Håbo</loc><changefreq>monthly</changefreq></url>
Lärbro,Skellefteå,1331,1041,Avståndet mellan Lärbro och Skellefteå är 1331 km och Karl-Johan Gyllenstorm beräknade körtiden till cirka 1041 minuter.,<url><loc>https://pendlings-app1.t-767929534-cloudflare.workers.dev/?fran=Lärbro&amp;till=Skellefteå</loc><changefreq>monthly</changefreq></url>
Tomelilla,Bräcke,448,325,Avståndet mellan Tomelilla och Bräcke är 448 km och Karl-Johan Gyllenstorm beräknade körtiden till cirka 325 minuter.,<url><loc>https://pendlings-app1.t-767929534-cloudflare.workers.dev/?fran=Tomelilla&amp;till=Bräcke</loc><changefreq>monthly</changefreq></url>
Knivsta,Katrineholm,712,487,Avståndet mellan Knivsta och Katrineholm är 712 km och Karl-Johan Gyllenstorm beräknade körtiden till cirka 487 minuter.,<url><loc>https://pendlings-app1.t-767929534-cloudflare.workers.dev/?fran=Knivsta&amp;till=Katrineholm</loc><changefreq>monthly</changefreq></url>
Gislaved,Vårgårda,543,374,Avståndet mellan Gislaved och Vårgårda är 543 km och Karl-Johan Gyllenstorm beräknade körtiden till cirka 374 minuter.,<url><loc>https://pendlings-app1.t-767929534-cloudflare.workers.dev/?fran=Gislaved&amp;till=Vårgårda</loc><changefreq>monthly</changefreq></url>
Tomelilla,Gnosjö,610,394,Avståndet mellan Tomelilla och Gnosjö är 610 km och Karl-Johan Gyllenstorm beräknade körtiden till cirka 394 minuter.,<url><loc>https://pendlings-app1.t-767929534-cloudflare.workers.dev/?fran=Tomelilla&amp;till=Gnosjö</loc><changefreq>monthly</changefreq></url>
Karlsborg,Stockholm,1252,967,Avståndet mellan Karlsborg och Stockholm är 1252 km och Karl-Johan Gyllenstorm beräknade körtiden till cirka 967 minuter.,<url><loc>https://pendlings-app1.t-767929534-cloudflare.workers.dev/?fran=Karlsborg&amp;till=Stockholm</loc><changefreq>monthly</changefreq></url>
Lidköping,Vårgårda,1176,745,Avståndet mellan Lidköping och Vårgårda är 1176 km och Karl-Johan Gyllenstorm beräknade körtiden till cirka 745 minuter.,<url><loc>https://pendlings-app1.t-767929534-cloudflare.workers.dev/?fran=Lidköping&amp;till=Vårgårda</loc><changefreq>monthly</changefreq></url>
Skinnskatteberg,Arvidsjaur,883,657,Avståndet mellan Skinnskatteberg och Arvidsjaur är 883 km och Karl-Johan Gyllenstorm beräknade körtiden till cirka 657 minuter.,<url><loc>https://pendlings-app1.t-767929534-cloudflare.workers.dev/?fran=Skinnskatteberg&amp;till=Arvidsjaur</loc><changefreq>monthly</changefreq></url>
Falun,Klintehamn,131,102,Avståndet mellan Falun och Klintehamn är 131 km och Karl-Johan Gyllenstorm beräknade körtiden till cirka 102 minuter.,<url><loc>https://pendlings-app1.t-767929534-cloudflare.workers.dev/?fran=Falun&amp;till=Klintehamn</loc><changefreq>monthly</changefreq></url>
Fagersta,Skövde,409,315,Avståndet mellan Fagersta och Skövde är 409 km och Karl-Johan Gyllenstorm beräknade körtiden till cirka 315 minuter.,<url><loc>https://pendlings-app1.t-767929534-cloudflare.workers.dev/?fran=Fagersta&amp;till=Skövde</loc><changefreq>monthly</changefreq></url>
Degerfors,Klippan,1298,945,Avståndet mellan Degerfors och Klippan är 1298 km och Karl-Johan Gyllenstorm beräknade körtiden till cirka 945 minuter.,<url><loc>https://pendlings-app1.t-767929534-cloudflare.workers.dev/?fran=Degerfors&amp;till=Klippan</loc><changefreq>monthly</changefreq></url>
Rättvik,Svedala,216,139,Avståndet mellan Rättvik och Svedala är 216 km och Karl-Johan Gyllenstorm beräknade körtiden till cirka 139 minuter.,<url><loc>https://pendlings-app1.t-767929534-cloudflare.workers.dev/?fran=Rättvik&amp;till=Svedala</loc><changefreq>monthly</changefreq></url>
Lärbro,Övertorneå,465,338,Avståndet mellan Lärbro och Övertorneå är 465 km och Karl-Johan Gyllenstorm beräknade körtiden till cirka 338 minuter.,<url><loc>https://pendlings-app1.t-767929534-cloudflare.workers.dev/?fran=Lärbro&amp;till=Övertorneå</loc><changefreq>monthly</changefreq></url>
Arvika,Surahammar,1362,866,Avståndet mellan Arvika och Surahammar är 1362 km och Karl-Johan Gyllenstorm beräknade körtiden till cirka 866 minuter.,<url><loc>https://pendlings-app1.t-767929534-cloudflare.workers.dev/?fran=Arvika&amp;till=Surahammar</loc><changefreq>monthly</changefreq></url>
Sollefteå,Falkenberg,26,20,Avståndet mellan Sollefteå och Falkenberg är 26 km och Karl-Johan Gyllenstorm beräknade körtiden till cirka 20 minuter.,<url><loc>https://pendlings-app1.t-767929534-cloudflare.workers.dev/?fran=Sollefteå&amp;till=Falkenberg</loc><changefreq>monthly</changefreq></url>
Vibble,Bengtsfors,704,523,Avståndet mellan Vibble och Bengtsfors är 704 km och Karl-Johan Gyllenstorm beräknade körtiden till cirka 523 minuter.,<url><loc>https://pendlings-app1.t-767929534-cloudflare.workers.dev/?fran=Vibble&amp;till=Bengtsfors</loc><changefreq>monthly</changefreq></url>
Mellerud,Karlshamn,249,177,Avståndet mellan Mellerud och Karlshamn är 249 km och Karl-Johan Gyllenstorm beräknade körtiden till cirka 177 minuter.,<url><loc>https://pendlings-app1.t-767929534-cloudflare.workers.dev/?fran=Mellerud&amp;till=Karlshamn</loc><changefreq>monthly</changefreq></url>
Trosa,Hagfors,1111,746,Avståndet mellan Trosa och Hagfors är 1111 km och Karl-Johan Gyllenstorm beräknade körtiden till cirka 746 minuter.,<url><loc>https://pendlings-app1.t-767929534-cloudflare.workers.dev/?fran=Trosa&amp;till=Hagfors</loc><changefreq>monthly</changefreq></url>
Habon,Bjuv,1340,1055,Avståndet mellan Habon och Bjuv är 1340 km och Karl-Johan Gyllenstorm beräknade körtiden till cirka 1055 minuter.,<url><loc>https://pendlings-app1.t-767929534-cloudflare.workers.dev/?fran=Habon&amp;till=Bjuv</loc><changefreq>monthly</changefreq></url>
Ödeshög,Arboga,124,94,Avståndet mellan Ödeshög och Arboga är 124 km och Karl-Johan Gyllenstorm beräknade körtiden till cirka 94 minuter.,<url><loc>https://pendlings-app1.t-767929534-cloudflare.workers.dev/?fran=Ödeshög&amp;till=Arboga</loc><changefreq>monthly</changefreq></url>
Emmaboda,Åmål,1097,734,Avståndet mellan Emmaboda och Åmål är 1097 km och Karl-Johan Gyllenstorm beräknade körtiden till cirka 734 minuter.,<url><loc>https://pendlings-app1.t-767929534-cloudflare.workers.dev/?fran=Emmaboda&amp;till=Åmål</loc><changefreq>monthly</changefreq></url>
Köping,Eslöv,1206,824,Avståndet mellan Köping och Eslöv är 1206 km och Karl-Johan Gyllenstorm beräknade körtiden till cirka 824 minuter.,<url><loc>https://pendlings-app1.t-767929534-cloudflare.workers.dev/?fran=Köping&amp;till=Eslöv</loc><changefreq>monthly</changefreq></url>
Klintehamn,Sveg,98,73,Avståndet mellan Klintehamn och Sveg är 98 km och Karl-Johan Gyllenstorm beräknade körtiden till cirka 73 minuter.,<url><loc>https://pendlings-app1.t-767929534-cloudflare.workers.dev/?fran=Klintehamn&amp;till=Sveg</loc><changefreq>monthly</changefreq></url>
Örebro,Helsingborg,1331,1046,Avståndet mellan Örebro och Helsingborg är 1331 km och Karl-Johan Gyllenstorm beräknade körtiden till cirka 1046 minuter.,<url><loc>https://pendlings-app1.t-767929534-cloudflare.workers.dev/?fran=Örebro&amp;till=Helsingborg</loc><changefreq>monthly</changefreq></url>
Högsby,Mellerud,602,474,Avståndet mellan Högsby och Mellerud är 602 km och Karl-Johan Gyllenstorm beräknade körtiden till cirka 474 minuter.,<url><loc>https://pendlings-app1.t-767929534-cloudflare.workers.dev/?fran=Högsby&amp;till=Mellerud</loc><changefreq>monthly</changefreq></url>
Ydre,Munkedal,520,409,Avståndet mellan Ydre och Munkedal är 520 km och Karl-Johan Gyllenstorm beräknade körtiden till cirka 409 minuter.,<url><loc>https://pendlings-app1.t-767929534-cloudflare.workers.dev/?fran=Ydre&amp;till=Munkedal</loc><changefreq>monthly</changefreq></url>
Lärbro,Nybro,855,620,Avståndet mellan Lärbro och Nybro är 855 km och Karl-Johan Gyllenstorm beräknade körtiden till cirka 620 minuter.,<url><loc>https://pendlings-app1.t-767929534-cloudflare.workers.dev/?fran=Lärbro&amp;till=Nybro</loc><changefreq>monthly</changefreq></url>
Vellinge,Hofors,1067,783,Avståndet mellan Vellinge och Hofors är 1067 km och Karl-Johan Gyllenstorm beräknade körtiden till cirka 783 minuter.,<url><loc>https://pendlings-app1.t-767929534-cloudflare.workers.dev/?fran=Vellinge&amp;till=Hofors</loc><changefreq>monthly</changefreq></url>
Ystad,Göteborg,1432,1084,Avståndet mellan Ystad och Göteborg är 1432 km och Karl-Johan Gyllenstorm beräknade körtiden till cirka 1084 minuter.,<url><loc>https://pendlings-app1.t-767929534-cloudflare.workers.dev/?fran=Ystad&amp;till=Göteborg</loc><changefreq>monthly</changefreq></url>
Leksand,Hemse,701,534,Avståndet mellan Leksand och Hemse är 701 km och Karl-Johan Gyllenstorm beräknade körtiden till cirka 534 minuter.,<url><loc>https://pendlings-app1.t-767929534-cloudflare.workers.dev/?fran=Leksand&amp;till=Hemse</loc><changefreq>monthly</changefreq></url>
Tingstäde,Lund,1324,902,Avståndet mellan Tingstäde och Lund är 1324 km och Karl-Johan Gyllenstorm beräknade körtiden till cirka 902 minuter.,<url><loc>https://pendlings-app1.t-767929534-cloudflare.workers.dev/?fran=Tingstäde&amp;till=Lund</loc><changefreq>monthly</changefreq></url>
Luleå,Enköping,587,413,Avståndet mellan Luleå och Enköping är 587 km och Karl-Johan Gyllenstorm beräknade körtiden till cirka 413 minuter.,<url><loc>https://pendlings-app1.t-767929534-cloudflare.workers.dev/?fran=Luleå&amp;till=Enköping</loc><changefreq>monthly</changefreq></url>
Lidköping,Pajala,469,333,Avståndet mellan Lidköping och Pajala är 469 km och Karl-Johan Gyllenstorm beräknade körtiden till cirka 333 minuter.,<url><loc>https://pendlings-app1.t-767929534-cloudflare.workers.dev/?fran=Lidköping&amp;till=Pajala</loc><changefreq>monthly</changefreq></url>
Orsa,Oskarshamn,963,710,Avståndet mellan Orsa och Oskarshamn är 963 km och Karl-Johan Gyllenstorm beräknade körtiden till cirka 710 minuter.,<url><loc>https://pendlings-app1.t-767929534-cloudflare.workers.dev/?fran=Orsa&amp;till=Oskarshamn</loc><changefreq>monthly</changefreq></url>
Skurup,Norsjö,1060,837,Avståndet mellan Skurup och Norsjö är 1060 km och Karl-Johan Gyllenstorm beräknade körtiden till cirka 837 minuter.,<url><loc>https://pendlings-app1.t-767929534-cloudflare.workers.dev/?fran=Skurup&amp;till=Norsjö</loc><changefreq>monthly</changefreq></url>
Laholm,Säffle,111,76,Avståndet mellan Laholm och Säffle är 111 km och Karl-Johan Gyllenstorm beräknade körtiden till cirka 76 minuter.,<url><loc>https://pendlings-app1.t-767929534-cloudflare.workers.dev/?fran=Laholm&amp;till=Säffle</loc><changefreq>monthly</changefreq></url>
Habon,Skurup,49,38,Avståndet mellan Habon och Skurup är 49 km och Karl-Johan Gyllenstorm beräknade körtiden till cirka 38 minuter.,<url><loc>https://pendlings-app1.t-767929534-cloudflare.workers.dev/?fran=Habon&amp;till=Skurup</loc><changefreq>monthly</changefreq></url>
Hudiksvall,Svenljunga,850,598,Avståndet mellan Hudiksvall och Svenljunga är 850 km och Karl-Johan Gyllenstorm beräknade körtiden till cirka 598 minuter.,<url><loc>https://pendlings-app1.t-767929534-cloudflare.workers.dev/?fran=Hudiksvall&amp;till=Svenljunga</loc><changefreq>monthly</changefreq></url>
Strömsund,Perstorp,675,490,Avståndet mellan Strömsund och Perstorp är 675 km och Karl-Johan Gyllenstorm beräknade körtiden till cirka 490 minuter.,<url><loc>https://pendlings-app1.t-767929534-cloudflare.workers.dev/?fran=Strömsund&amp;till=Perstorp</loc><changefreq>monthly</changefreq></url>
Tingstäde,Vadstena,941,731,Avståndet mellan Tingstäde och Vadstena är 941 km och Karl-Johan Gyllenstorm beräknade körtiden till cirka 731 minuter.,<url><loc>https://pendlings-app1.t-767929534-cloudflare.workers.dev/?fran=Tingstäde&amp;till=Vadstena</loc><changefreq>monthly</changefreq></url>
Lycksele,Östra Göinge,948,662,Avståndet mellan Lycksele och Östra Göinge är 948 km och Karl-Johan Gyllenstorm beräknade körtiden till cirka 662 minuter.,<url><loc>https://pendlings-app1.t-767929534-cloudflare.workers.dev/?fran=Lycksele&amp;till=Östra Göinge</loc><changefreq>monthly</changefreq></url>
Söderköping,Pajala,98,77,Avståndet mellan Söderköping och Pajala är 98 km och Karl-Johan Gyllenstorm beräknade körtiden till cirka 77 minuter.,<url><loc>https://pendlings-app1.t-767929534-cloudflare.workers.dev/?fran=Söderköping&amp;till=Pajala</loc><changefreq>monthly</changefreq></url>
Fagersta,Strömsund,1270,1006,Avståndet mellan Fagersta och Strömsund är 1270 km och Karl-Johan Gyllenstorm beräknade körtiden till cirka 1006 minuter.,<url><loc>https://pendlings-app1.t-767929534-cloudflare.workers.dev/?fran=Fagersta&amp;till=Strömsund</loc><changefreq>monthly</changefreq></url>
Mellerud,Uppsala,972,642,Avståndet mellan Mellerud och Uppsala är 972 km och Karl-Johan Gyllenstorm beräknade körtiden till cirka 642 minuter.,<url><loc>https://pendlings-app1.t-767929534-cloudflare.workers.dev/?fran=Mellerud&amp;till=Uppsala</loc><changefreq>monthly</changefreq></url>
Havdhem,Borlänge,1370,1067,Avståndet mellan Havdhem och Borlänge är 1370 km och Karl-Johan Gyllenstorm beräknade körtiden till cirka 1067 minuter.,<url><loc>https://pendlings-app1.t-767929534-cloudflare.workers.dev/?fran=Havdhem&amp;till=Borlänge</loc><changefreq>monthly</changefreq></url>
Sjöbo,Lekeberg,1266,888,Avståndet mellan Sjöbo och Lekeberg är 1266 km och Karl-Johan Gyllenstorm beräknade körtiden till cirka 888 minuter.,<url><loc>https://pendlings-app1.t-767929534-cloudflare.workers.dev/?fran=Sjöbo&amp;till=Lekeberg</loc><changefreq>monthly</changefreq></url>
Arvidsjaur,Kungsbacka,1169,798,Avståndet mellan Arvidsjaur och Kungsbacka är 1169 km och Karl-Johan Gyllenstorm beräknade körtiden till cirka 798 minuter.,<url><loc>https://pendlings-app1.t-767929534-cloudflare.workers.dev/?fran=Arvidsjaur&amp;till=Kungsbacka</loc><changefreq>monthly</changefreq></url>
Kils,Lidköping,443,314,Avståndet mellan Kils och Lidköping är 443 km och Karl-Johan Gyllenstorm beräknade körtiden till cirka 314 minuter.,<url><loc>https://pendlings-app1.t-767929534-cloudflare.workers.dev/?fran=Kils&amp;till=Lidköping</loc><changefreq>monthly</changefreq></url>
Borgholm,Bengtsfors,235,168,Avståndet mellan Borgholm och Bengtsfors är 235 km och Karl-Johan Gyllenstorm beräknade körtiden till cirka 168 minuter.,<url><loc>https://pendlings-app1.t-767929534-cloudflare.workers.dev/?fran=Borgholm&amp;till=Bengtsfors</loc><changefreq>monthly</changefreq></url>
Kils,Sävsjö,243,177,Avståndet mellan Kils och Sävsjö är 243 km och Karl-Johan Gyllenstorm beräknade körtiden till cirka 177 minuter.,<url><loc>https://pendlings-app1.t-767929534-cloudflare.workers.dev/?fran=Kils&amp;till=Sävsjö</loc><changefreq>monthly</changefreq></url>
Ydre,Mörbylånga,822,591,Avståndet mellan Ydre och Mörbylånga är 822 km och Karl-Johan Gyllenstorm beräknade körtiden till cirka 591 minuter.,<url><loc>https://pendlings-app1.t-767929534-cloudflare.workers.dev/?fran=Ydre&amp;till=Mörbylånga</loc><changefreq>monthly</changefreq></url>
Höganäs,Borås,1084,688,Avståndet mellan Höganäs och Borås är 1084 km och Karl-Johan Gyllenstorm beräknade körtiden till cirka 688 minuter.,<url><loc>https://pendlings-app1.t-767929534-cloudflare.workers.dev/?fran=Höganäs&amp;till=Borås</loc><changefreq>monthly</changefreq></url>
Knivsta,Kalix,256,200,Avståndet mellan Knivsta och Kalix är 256 km och Karl-Johan Gyllenstorm beräknade körtiden till cirka 200 minuter.,<url><loc>https://pendlings-app1.t-767929534-cloudflare.workers.dev/?fran=Knivsta&amp;till=Kalix</loc><changefreq>monthly</changefreq></url>
Vimmerby,Askersund,1194,849,Avståndet mellan Vimmerby och Askersund är 1194 km och Karl-Johan Gyllenstorm beräknade körtiden till cirka 849 minuter.,<url><loc>https://pendlings-app1.t-767929534-cloudflare.workers.dev/?fran=Vimmerby&amp;till=Askersund</loc><changefreq>monthly</changefreq></url>
Luleå,Oskarshamn,814,583,Avståndet mellan Luleå och Oskarshamn är 814 km och Karl-Johan Gyllenstorm beräknade körtiden till cirka 583 minuter.,<url><loc>https://pendlings-app1.t-767929534-cloudflare.workers.dev/?fran=Luleå&amp;till=Oskarshamn</loc><changefreq>monthly</changefreq></url>
Staffanstorp,Kävlinge,1211,810,Avståndet mellan Staffanstorp och Kävlinge är 1211 km och Karl-Johan Gyllenstorm beräknade körtiden till cirka 810 minuter.,<url><loc>https://pendlings-app1.t-767929534-cloudflare.workers.dev/?fran=Staffanstorp&amp;till=Kävlinge</loc><changefreq>monthly</changefreq></url>
Södertälje,Söderköping,1092,829,Avståndet mellan Södertälje och Söderköping är 1092 km och Karl-Johan Gyllenstorm beräknade körtiden till cirka 829 minuter.,<url><loc>https://pendlings-app1.t-767929534-cloudflare.workers.dev/?fran=Södertälje&amp;till=Söderköping</loc><changefreq>monthly</changefreq></url>
Hudiksvall,Emmaboda,432,331,Avståndet mellan Hudiksvall och Emmaboda är 432 km och Karl-Johan Gyllenstorm beräknade körtiden till cirka 331 minuter.,<url><loc>https://pendlings-app1.t-767929534-cloudflare.workers.dev/?fran=Hudiksvall&amp;till=Emmaboda</loc><changefreq>monthly</changefreq></url>
Ånge,Kävlinge,159,113,Avståndet mellan Ånge och Kävlinge är 159 km och Karl-Johan Gyllenstorm beräknade körtiden till cirka 113 minuter.,<url><loc>https://pendlings-app1.t-767929534-cloudflare.workers.dev/?fran=Ånge&amp;till=Kävlinge</loc><changefreq>monthly</changefreq></url>
Västervik,Askersund,110,74,Avståndet mellan Västervik och Askersund är 110 km och Karl-Johan Gyllenstorm beräknade körtiden till cirka 74 minuter.,<url><loc>https://pendlings-app1.t-767929534-cloudflare.workers.dev/?fran=Västervik&amp;till=Askersund</loc><changefreq>monthly</changefreq></url>
Ed,Söderhamn,82,60,Avståndet mellan Ed och Söderhamn är 82 km och Karl-Johan Gyllenstorm beräknade körtiden till cirka 60 minuter.,<url><loc>https://pendlings-app1.t-767929534-cloudflare.workers.dev/?fran=Ed&amp;till=Söderhamn</loc><changefreq>monthly</changefreq></url>
Knivsta,Sjöbo,1123,851,Avståndet mellan Knivsta och Sjöbo är 1123 km och Karl-Johan Gyllenstorm beräknade körtiden till cirka 851 minuter.,<url><loc>https://pendlings-app1.t-767929534-cloudflare.workers.dev/?fran=Knivsta&amp;till=Sjöbo</loc><changefreq>monthly</changefreq></url>
Torsby,Kristinehamn,413,309,Avståndet mellan Torsby och Kristinehamn är 413 km och Karl-Johan Gyllenstorm beräknade körtiden till cirka 309 minuter.,<url><loc>https://pendlings-app1.t-767929534-cloudflare.workers.dev/?fran=Torsby&amp;till=Kristinehamn</loc><changefreq>monthly</changefreq></url>
Eskilstuna,Östhammar,1343,939,Avståndet mellan Eskilstuna och Östhammar är 1343 km och Karl-Johan Gyllenstorm beräknade körtiden till cirka 939 minuter.,<url><loc>https://pendlings-app1.t-767929534-cloudflare.workers.dev/?fran=Eskilstuna&amp;till=Östhammar</loc><changefreq>monthly</changefreq></url>
Bollnäs,Surahammar,1229,900,Avståndet mellan Bollnäs och Surahammar är 1229 km och Karl-Johan Gyllenstorm beräknade körtiden till cirka 900 minuter.,<url><loc>https://pendlings-app1.t-767929534-cloudflare.workers.dev/?fran=Bollnäs&amp;till=Surahammar</loc><changefreq>monthly</changefreq></url>
Sveg,Enköping,695,498,Avståndet mellan Sveg och Enköping är 695 km och Karl-Johan Gyllenstorm beräknade körtiden till cirka 498 minuter.,<url><loc>https://pendlings-app1.t-767929534-cloudflare.workers.dev/?fran=Sveg&amp;till=Enköping</loc><changefreq>monthly</changefreq></url>
Lidköping,Laxå,332,232,Avståndet mellan Lidköping och Laxå är 332 km och Karl-Johan Gyllenstorm beräknade körtiden till cirka 232 minuter.,<url><loc>https://pendlings-app1.t-767929534-cloudflare.workers.dev/?fran=Lidköping&amp;till=Laxå</loc><changefreq>monthly</changefreq></url>
Katrineholm,Tibro,530,386,Avståndet mellan Katrineholm och Tibro är 530 km och Karl-Johan Gyllenstorm beräknade körtiden till cirka 386 minuter.,<url><loc>https://pendlings-app1.t-767929534-cloudflare.workers.dev/?fran=Katrineholm&amp;till=Tibro</loc><changefreq>monthly</changefreq></url>
Bräcke,Knivsta,515,326,Avståndet mellan Bräcke och Knivsta är 515 km och Karl-Johan Gyllenstorm beräknade körtiden till cirka 326 minuter.,<url><loc>https://pendlings-app1.t-767929534-cloudflare.workers.dev/?fran=Bräcke&amp;till=Knivsta</loc><changefreq>monthly</changefreq></url>
Hallstahammar,Hällefor,1209,823,Avståndet mellan Hallstahammar och Hällefor är 1209 km och Karl-Johan Gyllenstorm beräknade körtiden till cirka 823 minuter.,<url><loc>https://pendlings-app1.t-767929534-cloudflare.workers.dev/?fran=Hallstahammar&amp;till=Hällefor</loc><changefreq>monthly</changefreq></url>
Vellinge,Mörbylånga,1067,818,Avståndet mellan Vellinge och Mörbylånga är 1067 km och Karl-Johan Gyllenstorm beräknade körtiden till cirka 818 minuter.,<url><loc>https://pendlings-app1.t-767929534-cloudflare.workers.dev/?fran=Vellinge&amp;till=Mörbylånga</loc><changefreq>monthly</changefreq></url>
Haparanda,Luleå,351,254,Avståndet mellan Haparanda och Luleå är 351 km och Karl-Johan Gyllenstorm beräknade körtiden till cirka 254 minuter.,<url><loc>https://pendlings-app1.t-767929534-cloudflare.workers.dev/?fran=Haparanda&amp;till=Luleå</loc><changefreq>monthly</changefreq></url>
Arvika,Skinnskatteberg,1375,1060,Avståndet mellan Arvika och Skinnskatteberg är 1375 km och Karl-Johan Gyllenstorm beräknade körtiden till cirka 1060 minuter.,<url><loc>https://pendlings-app1.t-767929534-cloudflare.workers.dev/?fran=Arvika&amp;till=Skinnskatteberg</loc><changefreq>monthly</changefreq></url>
Vara,Söderhamn,983,633,Avståndet mellan Vara och Söderhamn är 983 km och Karl-Johan Gyllenstorm beräknade körtiden till cirka 633 minuter.,<url><loc>https://pendlings-app1.t-767929534-cloudflare.workers.dev/?fran=Vara&amp;till=Söderhamn</loc><changefreq>monthly</changefreq></url>
Värnamo,Krokom,1012,743,Avståndet mellan Värnamo och Krokom är 1012 km och Karl-Johan Gyllenstorm beräknade körtiden till cirka 743 minuter.,<url><loc>https://pendlings-app1.t-767929534-cloudflare.workers.dev/?fran=Värnamo&amp;till=Krokom</loc><changefreq>monthly</changefreq></url>
Kopparberg,Göteborg,113,89,Avståndet mellan Kopparberg och Göteborg är 113 km och Karl-Johan Gyllenstorm beräknade körtiden till cirka 89 minuter.,<url><loc>https://pendlings-app1.t-767929534-cloudflare.workers.dev/?fran=Kopparberg&amp;till=Göteborg</loc><changefreq>monthly</changefreq></url>
Strömstad,Sunne,701,490,Avståndet mellan Strömstad och Sunne är 701 km och Karl-Johan Gyllenstorm beräknade körtiden till cirka 490 minuter.,<url><loc>https://pendlings-app1.t-767929534-cloudflare.workers.dev/?fran=Strömstad&amp;till=Sunne</loc><changefreq>monthly</changefreq></url>
Skurup,Krokom,573,367,Avståndet mellan Skurup och Krokom är 573 km och Karl-Johan Gyllenstorm beräknade körtiden till cirka 367 minuter.,<url><loc>https://pendlings-app1.t-767929534-cloudflare.workers.dev/?fran=Skurup&amp;till=Krokom</loc><changefreq>monthly</changefreq></url>
Staffanstorp,Hofors,901,629,Avståndet mellan Staffanstorp och Hofors är 901 km och Karl-Johan Gyllenstorm beräknade körtiden till cirka 629 minuter.,<url><loc>https://pendlings-app1.t-767929534-cloudflare.workers.dev/?fran=Staffanstorp&amp;till=Hofors</loc><changefreq>monthly</changefreq></url>
Karlshamn,Flen,1263,820,Avståndet mellan Karlshamn och Flen är 1263 km och Karl-Johan Gyllenstorm beräknade körtiden till cirka 820 minuter.,<url><loc>https://pendlings-app1.t-767929534-cloudflare.workers.dev/?fran=Karlshamn&amp;till=Flen</loc><changefreq>monthly</changefreq></url>
Lysekil,Strängnäs,33,22,Avståndet mellan Lysekil och Strängnäs är 33 km och Karl-Johan Gyllenstorm beräknade körtiden till cirka 22 minuter.,<url><loc>https://pendlings-app1.t-767929534-cloudflare.workers.dev/?fran=Lysekil&amp;till=Strängnäs</loc><changefreq>monthly</changefreq></url>
Leksand,Ydre,439,351,Avståndet mellan Leksand och Ydre är 439 km och Karl-Johan Gyllenstorm beräknade körtiden till cirka 351 minuter.,<url><loc>https://pendlings-app1.t-767929534-cloudflare.workers.dev/?fran=Leksand&amp;till=Ydre</loc><changefreq>monthly</changefreq></url>
Olofström,Jönköping,1080,792,Avståndet mellan Olofström och Jönköping är 1080 km och Karl-Johan Gyllenstorm beräknade körtiden till cirka 792 minuter.,<url><loc>https://pendlings-app1.t-767929534-cloudflare.workers.dev/?fran=Olofström&amp;till=Jönköping</loc><changefreq>monthly</changefreq></url>
Örkelljunga,Grästorp,347,224,Avståndet mellan Örkelljunga och Grästorp är 347 km och Karl-Johan Gyllenstorm beräknade körtiden till cirka 224 minuter.,<url><loc>https://pendlings-app1.t-767929534-cloudflare.workers.dev/?fran=Örkelljunga&amp;till=Grästorp</loc><changefreq>monthly</changefreq></url>
Täby,Tranås,971,741,Avståndet mellan Täby och Tranås är 971 km och Karl-Johan Gyllenstorm beräknade körtiden till cirka 741 minuter.,<url><loc>https://pendlings-app1.t-767929534-cloudflare.workers.dev/?fran=Täby&amp;till=Tranås</loc><changefreq>monthly</changefreq></url>
Torsby,Ulricehamn,811,582,Avståndet mellan Torsby och Ulricehamn är 811 km och Karl-Johan Gyllenstorm beräknade körtiden till cirka 582 minuter.,<url><loc>https://pendlings-app1.t-767929534-cloudflare.workers.dev/?fran=Torsby&amp;till=Ulricehamn</loc><changefreq>monthly</changefreq></url>
Finspång,Boden,1172,771,Avståndet mellan Finspång och Boden är 1172 km och Karl-Johan Gyllenstorm beräknade körtiden till cirka 771 minuter.,<url><loc>https://pendlings-app1.t-767929534-cloudflare.workers.dev/?fran=Finspång&amp;till=Boden</loc><changefreq>monthly</changefreq></url>
Skutskär,Vansbro,479,359,Avståndet mellan Skutskär och Vansbro är 479 km och Karl-Johan Gyllenstorm beräknade körtiden till cirka 359 minuter.,<url><loc>https://pendlings-app1.t-767929534-cloudflare.workers.dev/?fran=Skutskär&amp;till=Vansbro</loc><changefreq>monthly</changefreq></url>
Klippan,Söderköping,167,114,Avståndet mellan Klippan och Söderköping är 167 km och Karl-Johan Gyllenstorm beräknade körtiden till cirka 114 minuter.,<url><loc>https://pendlings-app1.t-767929534-cloudflare.workers.dev/?fran=Klippan&amp;till=Söderköping</loc><changefreq>monthly</changefreq></url>
Helsingborg,Hudiksvall,150,115,Avståndet mellan Helsingborg och Hudiksvall är 150 km och Karl-Johan Gyllenstorm beräknade körtiden till cirka 115 minuter.,<url><loc>https://pendlings-app1.t-767929534-cloudflare.workers.dev/?fran=Helsingborg&amp;till=Hudiksvall</loc><changefreq>monthly</changefreq></url>
Sölvesborg,Storuman,282,183,Avståndet mellan Sölvesborg och Storuman är 282 km och Karl-Johan Gyllenstorm beräknade körtiden till cirka 183 minuter.,<url><loc>https://pendlings-app1.t-767929534-cloudflare.workers.dev/?fran=Sölvesborg&amp;till=Storuman</loc><changefreq>monthly</changefreq></url>
Sollefteå,Pajala,784,501,Avståndet mellan Sollefteå och Pajala är 784 km och Karl-Johan Gyllenstorm beräknade körtiden till cirka 501 minuter.,<url><loc>https://pendlings-app1.t-767929534-cloudflare.workers.dev/?fran=Sollefteå&amp;till=Pajala</loc><changefreq>monthly</changefreq></url>
Färgelanda,Strömsund,898,699,Avståndet mellan Färgelanda och Strömsund är 898 km och Karl-Johan Gyllenstorm beräknade körtiden till cirka 699 minuter.,<url><loc>https://pendlings-app1.t-767929534-cloudflare.workers.dev/?fran=Färgelanda&amp;till=Strömsund</loc><changefreq>monthly</changefreq></url>
Mörbylånga,Staffanstorp,513,410,Avståndet mellan Mörbylånga och Staffanstorp är 513 km och Karl-Johan Gyllenstorm beräknade körtiden till cirka 410 minuter.,<url><loc>https://pendlings-app1.t-767929534-cloudflare.workers.dev/?fran=Mörbylånga&amp;till=Staffanstorp</loc><changefreq>monthly</changefreq></url>
Pajala,Hultsfred,1139,810,Avståndet mellan Pajala och Hultsfred är 1139 km och Karl-Johan Gyllenstorm beräknade körtiden till cirka 810 minuter.,<url><loc>https://pendlings-app1.t-767929534-cloudflare.workers.dev/?fran=Pajala&amp;till=Hultsfred</loc><changefreq>monthly</changefreq></url>
Forshaga,Båstad,415,265,Avståndet mellan Forshaga och Båstad är 415 km och Karl-Johan Gyllenstorm beräknade körtiden till cirka 265 minuter.,<url><loc>https://pendlings-app1.t-767929534-cloudflare.workers.dev/?fran=Forshaga&amp;till=Båstad</loc><changefreq>monthly</changefreq></url>
Grästorp,Lysekil,40,28,Avståndet mellan Grästorp och Lysekil är 40 km och Karl-Johan Gyllenstorm beräknade körtiden till cirka 28 minuter.,<url><loc>https://pendlings-app1.t-767929534-cloudflare.workers.dev/?fran=Grästorp&amp;till=Lysekil</loc><changefreq>monthly</changefreq></url>
Skellefteå,Hofors,1180,757,Avståndet mellan Skellefteå och Hofors är 1180 km och Karl-Johan Gyllenstorm beräknade körtiden till cirka 757 minuter.,<url><loc>https://pendlings-app1.t-767929534-cloudflare.workers.dev/?fran=Skellefteå&amp;till=Hofors</loc><changefreq>monthly</changefreq></url>
Ydre,Karlskrona,281,182,Avståndet mellan Ydre och Karlskrona är 281 km och Karl-Johan Gyllenstorm beräknade körtiden till cirka 182 minuter.,<url><loc>https://pendlings-app1.t-767929534-cloudflare.workers.dev/?fran=Ydre&amp;till=Karlskrona</loc><changefreq>monthly</changefreq></url>
Lindesberg,Bollnäs,41,28,Avståndet mellan Lindesberg och Bollnäs är 41 km och Karl-Johan Gyllenstorm beräknade körtiden till cirka 28 minuter.,<url><loc>https://pendlings-app1.t-767929534-cloudflare.workers.dev/?fran=Lindesberg&amp;till=Bollnäs</loc><changefreq>monthly</changefreq></url>
Hässleholm,Älvkarleby,483,337,Avståndet mellan Hässleholm och Älvkarleby är 483 km och Karl-Johan Gyllenstorm beräknade körtiden till cirka 337 minuter.,<url><loc>https://pendlings-app1.t-767929534-cloudflare.workers.dev/?fran=Hässleholm&amp;till=Älvkarleby</loc><changefreq>monthly</changefreq></url>
Trosa,Sundsvall,366,234,Avståndet mellan Trosa och Sundsvall är 366 km och Karl-Johan Gyllenstorm beräknade körtiden till cirka 234 minuter.,<url><loc>https://pendlings-app1.t-767929534-cloudflare.workers.dev/?fran=Trosa&amp;till=Sundsvall</loc><changefreq>monthly</changefreq></url>
Ragunda,Köping,998,710,Avståndet mellan Ragunda och Köping är 998 km och Karl-Johan Gyllenstorm beräknade körtiden till cirka 710 minuter.,<url><loc>https://pendlings-app1.t-767929534-cloudflare.workers.dev/?fran=Ragunda&amp;till=Köping</loc><changefreq>monthly</changefreq></url>
Slite,Alingsås,262,203,Avståndet mellan Slite och Alingsås är 262 km och Karl-Johan Gyllenstorm beräknade körtiden till cirka 203 minuter.,<url><loc>https://pendlings-app1.t-767929534-cloudflare.workers.dev/?fran=Slite&amp;till=Alingsås</loc><changefreq>monthly</changefreq></url>
Växjö,Skövde,1051,780,Avståndet mellan Växjö och Skövde är 1051 km och Karl-Johan Gyllenstorm beräknade körtiden till cirka 780 minuter.,<url><loc>https://pendlings-app1.t-767929534-cloudflare.workers.dev/?fran=Växjö&amp;till=Skövde</loc><changefreq>monthly</changefreq></url>
Norberg,Kils,678,524,Avståndet mellan Norberg och Kils är 678 km och Karl-Johan Gyllenstorm beräknade körtiden till cirka 524 minuter.,<url><loc>https://pendlings-app1.t-767929534-cloudflare.workers.dev/?fran=Norberg&amp;till=Kils</loc><changefreq>monthly</changefreq></url>
Eda,Söderköping,1009,688,Avståndet mellan Eda och Söderköping är 1009 km och Karl-Johan Gyllenstorm beräknade körtiden till cirka 688 minuter.,<url><loc>https://pendlings-app1.t-767929534-cloudflare.workers.dev/?fran=Eda&amp;till=Söderköping</loc><changefreq>monthly</changefreq></url>
Aneby,Eslöv,823,625,Avståndet mellan Aneby och Eslöv är 823 km och Karl-Johan Gyllenstorm beräknade körtiden till cirka 625 minuter.,<url><loc>https://pendlings-app1.t-767929534-cloudflare.workers.dev/?fran=Aneby&amp;till=Eslöv</loc><changefreq>monthly</changefreq></url>
Smedjebacken,Vänersborg,1259,991,Avståndet mellan Smedjebacken och Vänersborg är 1259 km och Karl-Johan Gyllenstorm beräknade körtiden till cirka 991 minuter.,<url><loc>https://pendlings-app1.t-767929534-cloudflare.workers.dev/?fran=Smedjebacken&amp;till=Vänersborg</loc><changefreq>monthly</changefreq></url>
Borlänge,Katrineholm,931,600,Avståndet mellan Borlänge och Katrineholm är 931 km och Karl-Johan Gyllenstorm beräknade körtiden till cirka 600 minuter.,<url><loc>https://pendlings-app1.t-767929534-cloudflare.workers.dev/?fran=Borlänge&amp;till=Katrineholm</loc><changefreq>monthly</changefreq></url>
Herrljunga,Ragunda,324,254,Avståndet mellan Herrljunga och Ragunda är 324 km och Karl-Johan Gyllenstorm beräknade körtiden till cirka 254 minuter.,<url><loc>https://pendlings-app1.t-767929534-cloudflare.workers.dev/?fran=Herrljunga&amp;till=Ragunda</loc><changefreq>monthly</changefreq></url>
Arvika,Kramfors,314,211,Avståndet mellan Arvika och Kramfors är 314 km och Karl-Johan Gyllenstorm beräknade körtiden till cirka 211 minuter.,<url><loc>https://pendlings-app1.t-767929534-cloudflare.workers.dev/?fran=Arvika&amp;till=Kramfors</loc><changefreq>monthly</changefreq></url>
Sunne,Grythyttan,595,459,Avståndet mellan Sunne och Grythyttan är 595 km och Karl-Johan Gyllenstorm beräknade körtiden till cirka 459 minuter.,<url><loc>https://pendlings-app1.t-767929534-cloudflare.workers.dev/?fran=Sunne&amp;till=Grythyttan</loc><changefreq>monthly</changefreq></url>
Hedemora,Orsa,629,426,Avståndet mellan Hedemora och Orsa är 629 km och Karl-Johan Gyllenstorm beräknade körtiden till cirka 426 minuter.,<url><loc>https://pendlings-app1.t-767929534-cloudflare.workers.dev/?fran=Hedemora&amp;till=Orsa</loc><changefreq>monthly</changefreq></url>
Vara,Olofström,1026,776,Avståndet mellan Vara och Olofström är 1026 km och Karl-Johan Gyllenstorm beräknade körtiden till cirka 776 minuter.,<url><loc>https://pendlings-app1.t-767929534-cloudflare.workers.dev/?fran=Vara&amp;till=Olofström</loc><changefreq>monthly</changefreq></url>
Sorsele,Karlshamn,1413,899,Avståndet mellan Sorsele och Karlshamn är 1413 km och Karl-Johan Gyllenstorm beräknade körtiden till cirka 899 minuter.,<url><loc>https://pendlings-app1.t-767929534-cloudflare.workers.dev/?fran=Sorsele&amp;till=Karlshamn</loc><changefreq>monthly</changefreq></url>
Borås,Olofström,739,494,Avståndet mellan Borås och Olofström är 739 km och Karl-Johan Gyllenstorm beräknade körtiden till cirka 494 minuter.,<url><loc>https://pendlings-app1.t-767929534-cloudflare.workers.dev/?fran=Borås&amp;till=Olofström</loc><changefreq>monthly</changefreq></url>
Dorotea,Kalmar,1015,662,Avståndet mellan Dorotea och Kalmar är 1015 km och Karl-Johan Gyllenstorm beräknade körtiden till cirka 662 minuter.,<url><loc>https://pendlings-app1.t-767929534-cloudflare.workers.dev/?fran=Dorotea&amp;till=Kalmar</loc><changefreq>monthly</changefreq></url>
Malung,Kramfors,1441,980,Avståndet mellan Malung och Kramfors är 1441 km och Karl-Johan Gyllenstorm beräknade körtiden till cirka 980 minuter.,<url><loc>https://pendlings-app1.t-767929534-cloudflare.workers.dev/?fran=Malung&amp;till=Kramfors</loc><changefreq>monthly</changefreq></url>
Tomelilla,Lysekil,986,770,Avståndet mellan Tomelilla och Lysekil är 986 km och Karl-Johan Gyllenstorm beräknade körtiden till cirka 770 minuter.,<url><loc>https://pendlings-app1.t-767929534-cloudflare.workers.dev/?fran=Tomelilla&amp;till=Lysekil</loc><changefreq>monthly</changefreq></url>
Hedemora,Boden,1292,846,Avståndet mellan Hedemora och Boden är 1292 km och Karl-Johan Gyllenstorm beräknade körtiden till cirka 846 minuter.,<url><loc>https://pendlings-app1.t-767929534-cloudflare.workers.dev/?fran=Hedemora&amp;till=Boden</loc><changefreq>monthly</changefreq></url>
Vibble,Falköping,899,576,Avståndet mellan Vibble och Falköping är 899 km och Karl-Johan Gyllenstorm beräknade körtiden till cirka 576 minuter.,<url><loc>https://pendlings-app1.t-767929534-cloudflare.workers.dev/?fran=Vibble&amp;till=Falköping</loc><changefreq>monthly</changefreq></url>
Ragunda,Vingåker,1413,979,Avståndet mellan Ragunda och Vingåker är 1413 km och Karl-Johan Gyllenstorm beräknade körtiden till cirka 979 minuter.,<url><loc>https://pendlings-app1.t-767929534-cloudflare.workers.dev/?fran=Ragunda&amp;till=Vingåker</loc><changefreq>monthly</changefreq></url>
Krokom,Linköping,1317,935,Avståndet mellan Krokom och Linköping är 1317 km och Karl-Johan Gyllenstorm beräknade körtiden till cirka 935 minuter.,<url><loc>https://pendlings-app1.t-767929534-cloudflare.workers.dev/?fran=Krokom&amp;till=Linköping</loc><changefreq>monthly</changefreq></url>
Storuman,Eslöv,795,580,Avståndet mellan Storuman och Eslöv är 795 km och Karl-Johan Gyllenstorm beräknade körtiden till cirka 580 minuter.,<url><loc>https://pendlings-app1.t-767929534-cloudflare.workers.dev/?fran=Storuman&amp;till=Eslöv</loc><changefreq>monthly</changefreq></url>
Lycksele,Hallstahammar,1274,913,Avståndet mellan Lycksele och Hallstahammar är 1274 km och Karl-Johan Gyllenstorm beräknade körtiden till cirka 913 minuter.,<url><loc>https://pendlings-app1.t-767929534-cloudflare.workers.dev/?fran=Lycksele&amp;till=Hallstahammar</loc><changefreq>monthly</changefreq></url>
Borlänge,Bromölla,841,608,Avståndet mellan Borlänge och Bromölla är 841 km och Karl-Johan Gyllenstorm beräknade körtiden till cirka 608 minuter.,<url><loc>https://pendlings-app1.t-767929534-cloudflare.workers.dev/?fran=Borlänge&amp;till=Bromölla</loc><changefreq>monthly</changefreq></url>
Härnösand,Säffle,957,691,Avståndet mellan Härnösand och Säffle är 957 km och Karl-Johan Gyllenstorm beräknade körtiden till cirka 691 minuter.,<url><loc>https://pendlings-app1.t-767929534-cloudflare.workers.dev/?fran=Härnösand&amp;till=Säffle</loc><changefreq>monthly</changefreq></url>
Avesta,Ragunda,108,74,Avståndet mellan Avesta och Ragunda är 108 km och Karl-Johan Gyllenstorm beräknade körtiden till cirka 74 minuter.,<url><loc>https://pendlings-app1.t-767929534-cloudflare.workers.dev/?fran=Avesta&amp;till=Ragunda</loc><changefreq>monthly</changefreq></url>
Eskilstuna,Lomma,1420,1032,Avståndet mellan Eskilstuna och Lomma är 1420 km och Karl-Johan Gyllenstorm beräknade körtiden till cirka 1032 minuter.,<url><loc>https://pendlings-app1.t-767929534-cloudflare.workers.dev/?fran=Eskilstuna&amp;till=Lomma</loc><changefreq>monthly</changefreq></url>
Motala,Åtvidaberg,505,384,Avståndet mellan Motala och Åtvidaberg är 505 km och Karl-Johan Gyllenstorm beräknade körtiden till cirka 384 minuter.,<url><loc>https://pendlings-app1.t-767929534-cloudflare.workers.dev/?fran=Motala&amp;till=Åtvidaberg</loc><changefreq>monthly</changefreq></url>
Borgholm,Smedjebacken,569,453,Avståndet mellan Borgholm och Smedjebacken är 569 km och Karl-Johan Gyllenstorm beräknade körtiden till cirka 453 minuter.,<url><loc>https://pendlings-app1.t-767929534-cloudflare.workers.dev/?fran=Borgholm&amp;till=Smedjebacken</loc><changefreq>monthly</changefreq></url>
Arvidsjaur,Norrköping,1284,863,Avståndet mellan Arvidsjaur och Norrköping är 1284 km och Karl-Johan Gyllenstorm beräknade körtiden till cirka 863 minuter.,<url><loc>https://pendlings-app1.t-767929534-cloudflare.workers.dev/?fran=Arvidsjaur&amp;till=Norrköping</loc><changefreq>monthly</changefreq></url>
Forshaga,Askersund,336,258,Avståndet mellan Forshaga och Askersund är 336 km och Karl-Johan Gyllenstorm beräknade körtiden till cirka 258 minuter.,<url><loc>https://pendlings-app1.t-767929534-cloudflare.workers.dev/?fran=Forshaga&amp;till=Askersund</loc><changefreq>monthly</changefreq></url>
Bollnäs,Simrishamn,601,384,Avståndet mellan Bollnäs och Simrishamn är 601 km och Karl-Johan Gyllenstorm beräknade körtiden till cirka 384 minuter.,<url><loc>https://pendlings-app1.t-767929534-cloudflare.workers.dev/?fran=Bollnäs&amp;till=Simrishamn</loc><changefreq>monthly</changefreq></url>
Visby,Hagfors,1406,1021,Avståndet mellan Visby och Hagfors är 1406 km och Karl-Johan Gyllenstorm beräknade körtiden till cirka 1021 minuter.,<url><loc>https://pendlings-app1.t-767929534-cloudflare.workers.dev/?fran=Visby&amp;till=Hagfors</loc><changefreq>monthly</changefreq></url>
Tibro,Tanum,771,586,Avståndet mellan Tibro och Tanum är 771 km och Karl-Johan Gyllenstorm beräknade körtiden till cirka 586 minuter.,<url><loc>https://pendlings-app1.t-767929534-cloudflare.workers.dev/?fran=Tibro&amp;till=Tanum</loc><changefreq>monthly</changefreq></url>
Klippan,Gislaved,964,661,Avståndet mellan Klippan och Gislaved är 964 km och Karl-Johan Gyllenstorm beräknade körtiden till cirka 661 minuter.,<url><loc>https://pendlings-app1.t-767929534-cloudflare.workers.dev/?fran=Klippan&amp;till=Gislaved</loc><changefreq>monthly</changefreq></url>
Vänersborg,Lysekil,1447,1104,Avståndet mellan Vänersborg och Lysekil är 1447 km och Karl-Johan Gyllenstorm beräknade körtiden till cirka 1104 minuter.,<url><loc>https://pendlings-app1.t-767929534-cloudflare.workers.dev/?fran=Vänersborg&amp;till=Lysekil</loc><changefreq>monthly</changefreq></url>
Gnestad,Boden,205,142,Avståndet mellan Gnestad och Boden är 205 km och Karl-Johan Gyllenstorm beräknade körtiden till cirka 142 minuter.,<url><loc>https://pendlings-app1.t-767929534-cloudflare.workers.dev/?fran=Gnestad&amp;till=Boden</loc><changefreq>monthly</changefreq></url>
Tranemo,Hallstahammar,554,416,Avståndet mellan Tranemo och Hallstahammar är 554 km och Karl-Johan Gyllenstorm beräknade körtiden till cirka 416 minuter.,<url><loc>https://pendlings-app1.t-767929534-cloudflare.workers.dev/?fran=Tranemo&amp;till=Hallstahammar</loc><changefreq>monthly</changefreq></url>
Ljusnarsberg,Uddevalla,1302,877,Avståndet mellan Ljusnarsberg och Uddevalla är 1302 km och Karl-Johan Gyllenstorm beräknade körtiden till cirka 877 minuter.,<url><loc>https://pendlings-app1.t-767929534-cloudflare.workers.dev/?fran=Ljusnarsberg&amp;till=Uddevalla</loc><changefreq>monthly</changefreq></url>
Lycksele,Nyköping,964,767,Avståndet mellan Lycksele och Nyköping är 964 km och Karl-Johan Gyllenstorm beräknade körtiden till cirka 767 minuter.,<url><loc>https://pendlings-app1.t-767929534-cloudflare.workers.dev/?fran=Lycksele&amp;till=Nyköping</loc><changefreq>monthly</changefreq></url>
Boxholm,Simrishamn,1444,1074,Avståndet mellan Boxholm och Simrishamn är 1444 km och Karl-Johan Gyllenstorm beräknade körtiden till cirka 1074 minuter.,<url><loc>https://pendlings-app1.t-767929534-cloudflare.workers.dev/?fran=Boxholm&amp;till=Simrishamn</loc><changefreq>monthly</changefreq></url>
Luleå,Linköping,1400,1052,Avståndet mellan Luleå och Linköping är 1400 km och Karl-Johan Gyllenstorm beräknade körtiden till cirka 1052 minuter.,<url><loc>https://pendlings-app1.t-767929534-cloudflare.workers.dev/?fran=Luleå&amp;till=Linköping</loc><changefreq>monthly</changefreq></url>
Herrljunga,Grums,127,84,Avståndet mellan Herrljunga och Grums är 127 km och Karl-Johan Gyllenstorm beräknade körtiden till cirka 84 minuter.,<url><loc>https://pendlings-app1.t-767929534-cloudflare.workers.dev/?fran=Herrljunga&amp;till=Grums</loc><changefreq>monthly</changefreq></url>
Kopparberg,Norrköping,710,502,Avståndet mellan Kopparberg och Norrköping är 710 km och Karl-Johan Gyllenstorm beräknade körtiden till cirka 502 minuter.,<url><loc>https://pendlings-app1.t-767929534-cloudflare.workers.dev/?fran=Kopparberg&amp;till=Norrköping</loc><changefreq>monthly</changefreq></url>
Borgholm,Falköping,1336,924,Avståndet mellan Borgholm och Falköping är 1336 km och Karl-Johan Gyllenstorm beräknade körtiden till cirka 924 minuter.,<url><loc>https://pendlings-app1.t-767929534-cloudflare.workers.dev/?fran=Borgholm&amp;till=Falköping</loc><changefreq>monthly</changefreq></url>
Övertorneå,Stockholm,194,125,Avståndet mellan Övertorneå och Stockholm är 194 km och Karl-Johan Gyllenstorm beräknade körtiden till cirka 125 minuter.,<url><loc>https://pendlings-app1.t-767929534-cloudflare.workers.dev/?fran=Övertorneå&amp;till=Stockholm</loc><changefreq>monthly</changefreq></url>
Laxå,Nordanstig,698,553,Avståndet mellan Laxå och Nordanstig är 698 km och Karl-Johan Gyllenstorm beräknade körtiden till cirka 553 minuter.,<url><loc>https://pendlings-app1.t-767929534-cloudflare.workers.dev/?fran=Laxå&amp;till=Nordanstig</loc><changefreq>monthly</changefreq></url>
Vetlanda,Roma,221,175,Avståndet mellan Vetlanda och Roma är 221 km och Karl-Johan Gyllenstorm beräknade körtiden till cirka 175 minuter.,<url><loc>https://pendlings-app1.t-767929534-cloudflare.workers.dev/?fran=Vetlanda&amp;till=Roma</loc><changefreq>monthly</changefreq></url>
Luleå,Grästorp,837,563,Avståndet mellan Luleå och Grästorp är 837 km och Karl-Johan Gyllenstorm beräknade körtiden till cirka 563 minuter.,<url><loc>https://pendlings-app1.t-767929534-cloudflare.workers.dev/?fran=Luleå&amp;till=Grästorp</loc><changefreq>monthly</changefreq></url>
Borlänge,Sjöbo,335,241,Avståndet mellan Borlänge och Sjöbo är 335 km och Karl-Johan Gyllenstorm beräknade körtiden till cirka 241 minuter.,<url><loc>https://pendlings-app1.t-767929534-cloudflare.workers.dev/?fran=Borlänge&amp;till=Sjöbo</loc><changefreq>monthly</changefreq></url>
Lysekil,Höör,87,61,Avståndet mellan Lysekil och Höör är 87 km och Karl-Johan Gyllenstorm beräknade körtiden till cirka 61 minuter.,<url><loc>https://pendlings-app1.t-767929534-cloudflare.workers.dev/?fran=Lysekil&amp;till=Höör</loc><changefreq>monthly</changefreq></url>
Kopparberg,Olofström,300,217,Avståndet mellan Kopparberg och Olofström är 300 km och Karl-Johan Gyllenstorm beräknade körtiden till cirka 217 minuter.,<url><loc>https://pendlings-app1.t-767929534-cloudflare.workers.dev/?fran=Kopparberg&amp;till=Olofström</loc><changefreq>monthly</changefreq></url>
Osby,Åtvidaberg,1172,814,Avståndet mellan Osby och Åtvidaberg är 1172 km och Karl-Johan Gyllenstorm beräknade körtiden till cirka 814 minuter.,<url><loc>https://pendlings-app1.t-767929534-cloudflare.workers.dev/?fran=Osby&amp;till=Åtvidaberg</loc><changefreq>monthly</changefreq></url>
Högsby,Arvika,452,307,Avståndet mellan Högsby och Arvika är 452 km och Karl-Johan Gyllenstorm beräknade körtiden till cirka 307 minuter.,<url><loc>https://pendlings-app1.t-767929534-cloudflare.workers.dev/?fran=Högsby&amp;till=Arvika</loc><changefreq>monthly</changefreq></url>
Herrljunga,Kumla,984,634,Avståndet mellan Herrljunga och Kumla är 984 km och Karl-Johan Gyllenstorm beräknade körtiden till cirka 634 minuter.,<url><loc>https://pendlings-app1.t-767929534-cloudflare.workers.dev/?fran=Herrljunga&amp;till=Kumla</loc><changefreq>monthly</changefreq></url>
Karlstad,Norsjö,1249,891,Avståndet mellan Karlstad och Norsjö är 1249 km och Karl-Johan Gyllenstorm beräknade körtiden till cirka 891 minuter.,<url><loc>https://pendlings-app1.t-767929534-cloudflare.workers.dev/?fran=Karlstad&amp;till=Norsjö</loc><changefreq>monthly</changefreq></url>
Färjestaden,Lärbro,1164,748,Avståndet mellan Färjestaden och Lärbro är 1164 km och Karl-Johan Gyllenstorm beräknade körtiden till cirka 748 minuter.,<url><loc>https://pendlings-app1.t-767929534-cloudflare.workers.dev/?fran=Färjestaden&amp;till=Lärbro</loc><changefreq>monthly</changefreq></url>
Trosa,Piteå,441,333,Avståndet mellan Trosa och Piteå är 441 km och Karl-Johan Gyllenstorm beräknade körtiden till cirka 333 minuter.,<url><loc>https://pendlings-app1.t-767929534-cloudflare.workers.dev/?fran=Trosa&amp;till=Piteå</loc><changefreq>monthly</changefreq></url>
Östra Göinge,Vansbro,616,434,Avståndet mellan Östra Göinge och Vansbro är 616 km och Karl-Johan Gyllenstorm beräknade körtiden till cirka 434 minuter.,<url><loc>https://pendlings-app1.t-767929534-cloudflare.workers.dev/?fran=Östra Göinge&amp;till=Vansbro</loc><changefreq>monthly</changefreq></url>
Katrineholm,Perstorp,448,327,Avståndet mellan Katrineholm och Perstorp är 448 km och Karl-Johan Gyllenstorm beräknade körtiden till cirka 327 minuter.,<url><loc>https://pendlings-app1.t-767929534-cloudflare.workers.dev/?fran=Katrineholm&amp;till=Perstorp</loc><changefreq>monthly</changefreq></url>
Ockelbo,Säffle,207,143,Avståndet mellan Ockelbo och Säffle är 207 km och Karl-Johan Gyllenstorm beräknade körtiden till cirka 143 minuter.,<url><loc>https://pendlings-app1.t-767929534-cloudflare.workers.dev/?fran=Ockelbo&amp;till=Säffle</loc><changefreq>monthly</changefreq></url>
Älvkarleby,Oskarshamn,245,182,Avståndet mellan Älvkarleby och Oskarshamn är 245 km och Karl-Johan Gyllenstorm beräknade körtiden till cirka 182 minuter.,<url><loc>https://pendlings-app1.t-767929534-cloudflare.workers.dev/?fran=Älvkarleby&amp;till=Oskarshamn</loc><changefreq>monthly</changefreq></url>
Simrishamn,Surahammar,850,604,Avståndet mellan Simrishamn och Surahammar är 850 km och Karl-Johan Gyllenstorm beräknade körtiden till cirka 604 minuter.,<url><loc>https://pendlings-app1.t-767929534-cloudflare.workers.dev/?fran=Simrishamn&amp;till=Surahammar</loc><changefreq>monthly</changefreq></url>
Motala,Perstorp,211,139,Avståndet mellan Motala och Perstorp är 211 km och Karl-Johan Gyllenstorm beräknade körtiden till cirka 139 minuter.,<url><loc>https://pendlings-app1.t-767929534-cloudflare.workers.dev/?fran=Motala&amp;till=Perstorp</loc><changefreq>monthly</changefreq></url>
Katrineholm,Luleå,812,610,Avståndet mellan Katrineholm och Luleå är 812 km och Karl-Johan Gyllenstorm beräknade körtiden till cirka 610 minuter.,<url><loc>https://pendlings-app1.t-767929534-cloudflare.workers.dev/?fran=Katrineholm&amp;till=Luleå</loc><changefreq>monthly</changefreq></url>
Borgholm,Nordanstig,1059,680,Avståndet mellan Borgholm och Nordanstig är 1059 km och Karl-Johan Gyllenstorm beräknade körtiden till cirka 680 minuter.,<url><loc>https://pendlings-app1.t-767929534-cloudflare.workers.dev/?fran=Borgholm&amp;till=Nordanstig</loc><changefreq>monthly</changefreq></url>
Örebro,Torsby,1322,959,Avståndet mellan Örebro och Torsby är 1322 km och Karl-Johan Gyllenstorm beräknade körtiden till cirka 959 minuter.,<url><loc>https://pendlings-app1.t-767929534-cloudflare.workers.dev/?fran=Örebro&amp;till=Torsby</loc><changefreq>monthly</changefreq></url>
Gällivare,Östra Göinge,605,410,Avståndet mellan Gällivare och Östra Göinge är 605 km och Karl-Johan Gyllenstorm beräknade körtiden till cirka 410 minuter.,<url><loc>https://pendlings-app1.t-767929534-cloudflare.workers.dev/?fran=Gällivare&amp;till=Östra Göinge</loc><changefreq>monthly</changefreq></url>
Krokom,Lärbro,516,339,Avståndet mellan Krokom och Lärbro är 516 km och Karl-Johan Gyllenstorm beräknade körtiden till cirka 339 minuter.,<url><loc>https://pendlings-app1.t-767929534-cloudflare.workers.dev/?fran=Krokom&amp;till=Lärbro</loc><changefreq>monthly</changefreq></url>
Östhammar,Uddevalla,71,46,Avståndet mellan Östhammar och Uddevalla är 71 km och Karl-Johan Gyllenstorm beräknade körtiden till cirka 46 minuter.,<url><loc>https://pendlings-app1.t-767929534-cloudflare.workers.dev/?fran=Östhammar&amp;till=Uddevalla</loc><changefreq>monthly</changefreq></url>
Håbo,Ragunda,212,136,Avståndet mellan Håbo och Ragunda är 212 km och Karl-Johan Gyllenstorm beräknade körtiden till cirka 136 minuter.,<url><loc>https://pendlings-app1.t-767929534-cloudflare.workers.dev/?fran=Håbo&amp;till=Ragunda</loc><changefreq>monthly</changefreq></url>
Mullsjö,Hudiksvall,1038,701,Avståndet mellan Mullsjö och Hudiksvall är 1038 km och Karl-Johan Gyllenstorm beräknade körtiden till cirka 701 minuter.,<url><loc>https://pendlings-app1.t-767929534-cloudflare.workers.dev/?fran=Mullsjö&amp;till=Hudiksvall</loc><changefreq>monthly</changefreq></url>
Vårgårda,Älvkarleby,1371,989,Avståndet mellan Vårgårda och Älvkarleby är 1371 km och Karl-Johan Gyllenstorm beräknade körtiden till cirka 989 minuter.,<url><loc>https://pendlings-app1.t-767929534-cloudflare.workers.dev/?fran=Vårgårda&amp;till=Älvkarleby</loc><changefreq>monthly</changefreq></url>
Kils,Falun,772,594,Avståndet mellan Kils och Falun är 772 km och Karl-Johan Gyllenstorm beräknade körtiden till cirka 594 minuter.,<url><loc>https://pendlings-app1.t-767929534-cloudflare.workers.dev/?fran=Kils&amp;till=Falun</loc><changefreq>monthly</changefreq></url>
Umeå,Krokom,1086,837,Avståndet mellan Umeå och Krokom är 1086 km och Karl-Johan Gyllenstorm beräknade körtiden till cirka 837 minuter.,<url><loc>https://pendlings-app1.t-767929534-cloudflare.workers.dev/?fran=Umeå&amp;till=Krokom</loc><changefreq>monthly</changefreq></url>
Karlskrona,Eskilstuna,829,580,Avståndet mellan Karlskrona och Eskilstuna är 829 km och Karl-Johan Gyllenstorm beräknade körtiden till cirka 580 minuter.,<url><loc>https://pendlings-app1.t-767929534-cloudflare.workers.dev/?fran=Karlskrona&amp;till=Eskilstuna</loc><changefreq>monthly</changefreq></url>
Vetlanda,Bjuv,565,368,Avståndet mellan Vetlanda och Bjuv är 565 km och Karl-Johan Gyllenstorm beräknade körtiden till cirka 368 minuter.,<url><loc>https://pendlings-app1.t-767929534-cloudflare.workers.dev/?fran=Vetlanda&amp;till=Bjuv</loc><changefreq>monthly</changefreq></url>
Gnestad,Sorsele,1237,798,Avståndet mellan Gnestad och Sorsele är 1237 km och Karl-Johan Gyllenstorm beräknade körtiden till cirka 798 minuter.,<url><loc>https://pendlings-app1.t-767929534-cloudflare.workers.dev/?fran=Gnestad&amp;till=Sorsele</loc><changefreq>monthly</changefreq></url>
Lärbro,Härnösand,1045,709,Avståndet mellan Lärbro och Härnösand är 1045 km och Karl-Johan Gyllenstorm beräknade körtiden till cirka 709 minuter.,<url><loc>https://pendlings-app1.t-767929534-cloudflare.workers.dev/?fran=Lärbro&amp;till=Härnösand</loc><changefreq>monthly</changefreq></url>
Vimmerby,Hallstahammar,619,495,Avståndet mellan Vimmerby och Hallstahammar är 619 km och Karl-Johan Gyllenstorm beräknade körtiden till cirka 495 minuter.,<url><loc>https://pendlings-app1.t-767929534-cloudflare.workers.dev/?fran=Vimmerby&amp;till=Hallstahammar</loc><changefreq>monthly</changefreq></url>
Sölvesborg,Halmstad,95,64,Avståndet mellan Sölvesborg och Halmstad är 95 km och Karl-Johan Gyllenstorm beräknade körtiden till cirka 64 minuter.,<url><loc>https://pendlings-app1.t-767929534-cloudflare.workers.dev/?fran=Sölvesborg&amp;till=Halmstad</loc><changefreq>monthly</changefreq></url>
Göteborg,Munkfors,1408,958,Avståndet mellan Göteborg och Munkfors är 1408 km och Karl-Johan Gyllenstorm beräknade körtiden till cirka 958 minuter.,<url><loc>https://pendlings-app1.t-767929534-cloudflare.workers.dev/?fran=Göteborg&amp;till=Munkfors</loc><changefreq>monthly</changefreq></url>
Avesta,Malung,67,47,Avståndet mellan Avesta och Malung är 67 km och Karl-Johan Gyllenstorm beräknade körtiden till cirka 47 minuter.,<url><loc>https://pendlings-app1.t-767929534-cloudflare.workers.dev/?fran=Avesta&amp;till=Malung</loc><changefreq>monthly</changefreq></url>
Kristianstad,Perstorp,1385,1094,Avståndet mellan Kristianstad och Perstorp är 1385 km och Karl-Johan Gyllenstorm beräknade körtiden till cirka 1094 minuter.,<url><loc>https://pendlings-app1.t-767929534-cloudflare.workers.dev/?fran=Kristianstad&amp;till=Perstorp</loc><changefreq>monthly</changefreq></url>
Hörby,Karlskoga,647,439,Avståndet mellan Hörby och Karlskoga är 647 km och Karl-Johan Gyllenstorm beräknade körtiden till cirka 439 minuter.,<url><loc>https://pendlings-app1.t-767929534-cloudflare.workers.dev/?fran=Hörby&amp;till=Karlskoga</loc><changefreq>monthly</changefreq></url>
Norberg,Gimo,797,527,Avståndet mellan Norberg och Gimo är 797 km och Karl-Johan Gyllenstorm beräknade körtiden till cirka 527 minuter.,<url><loc>https://pendlings-app1.t-767929534-cloudflare.workers.dev/?fran=Norberg&amp;till=Gimo</loc><changefreq>monthly</changefreq></url>
Gislaved,Surahammar,679,531,Avståndet mellan Gislaved och Surahammar är 679 km och Karl-Johan Gyllenstorm beräknade körtiden till cirka 531 minuter.,<url><loc>https://pendlings-app1.t-767929534-cloudflare.workers.dev/?fran=Gislaved&amp;till=Surahammar</loc><changefreq>monthly</changefreq></url>
Kungsör,Vetlanda,74,52,Avståndet mellan Kungsör och Vetlanda är 74 km och Karl-Johan Gyllenstorm beräknade körtiden till cirka 52 minuter.,<url><loc>https://pendlings-app1.t-767929534-cloudflare.workers.dev/?fran=Kungsör&amp;till=Vetlanda</loc><changefreq>monthly</changefreq></url>
Sjöbo,Strömsund,717,534,Avståndet mellan Sjöbo och Strömsund är 717 km och Karl-Johan Gyllenstorm beräknade körtiden till cirka 534 minuter.,<url><loc>https://pendlings-app1.t-767929534-cloudflare.workers.dev/?fran=Sjöbo&amp;till=Strömsund</loc><changefreq>monthly</changefreq></url>
Svalöv,Kinda,318,225,Avståndet mellan Svalöv och Kinda är 318 km och Karl-Johan Gyllenstorm beräknade körtiden till cirka 225 minuter.,<url><loc>https://pendlings-app1.t-767929534-cloudflare.workers.dev/?fran=Svalöv&amp;till=Kinda</loc><changefreq>monthly</changefreq></url>
Sundsvall,Varberg,259,187,Avståndet mellan Sundsvall och Varberg är 259 km och Karl-Johan Gyllenstorm beräknade körtiden till cirka 187 minuter.,<url><loc>https://pendlings-app1.t-767929534-cloudflare.workers.dev/?fran=Sundsvall&amp;till=Varberg</loc><changefreq>monthly</changefreq></url>
Uppsala,Karlsborg,1359,1031,Avståndet mellan Uppsala och Karlsborg är 1359 km och Karl-Johan Gyllenstorm beräknade körtiden till cirka 1031 minuter.,<url><loc>https://pendlings-app1.t-767929534-cloudflare.workers.dev/?fran=Uppsala&amp;till=Karlsborg</loc><changefreq>monthly</changefreq></url>
Vårgårda,Piteå,141,91,Avståndet mellan Vårgårda och Piteå är 141 km och Karl-Johan Gyllenstorm beräknade körtiden till cirka 91 minuter.,<url><loc>https://pendlings-app1.t-767929534-cloudflare.workers.dev/?fran=Vårgårda&amp;till=Piteå</loc><changefreq>monthly</changefreq></url>
Piteå,Falkenberg,1450,972,Avståndet mellan Piteå och Falkenberg är 1450 km och Karl-Johan Gyllenstorm beräknade körtiden till cirka 972 minuter.,<url><loc>https://pendlings-app1.t-767929534-cloudflare.workers.dev/?fran=Piteå&amp;till=Falkenberg</loc><changefreq>monthly</changefreq></url>
Skurup,Eksjö,505,372,Avståndet mellan Skurup och Eksjö är 505 km och Karl-Johan Gyllenstorm beräknade körtiden till cirka 372 minuter.,<url><loc>https://pendlings-app1.t-767929534-cloudflare.workers.dev/?fran=Skurup&amp;till=Eksjö</loc><changefreq>monthly</changefreq></url>
Kristianstad,Alingsås,886,578,Avståndet mellan Kristianstad och Alingsås är 886 km och Karl-Johan Gyllenstorm beräknade körtiden till cirka 578 minuter.,<url><loc>https://pendlings-app1.t-767929534-cloudflare.workers.dev/?fran=Kristianstad&amp;till=Alingsås</loc><changefreq>monthly</changefreq></url>
Habon,Kävlinge,469,341,Avståndet mellan Habon och Kävlinge är 469 km och Karl-Johan Gyllenstorm beräknade körtiden till cirka 341 minuter.,<url><loc>https://pendlings-app1.t-767929534-cloudflare.workers.dev/?fran=Habon&amp;till=Kävlinge</loc><changefreq>monthly</changefreq></url>
Enköping,Fagersta,436,287,Avståndet mellan Enköping och Fagersta är 436 km och Karl-Johan Gyllenstorm beräknade körtiden till cirka 287 minuter.,<url><loc>https://pendlings-app1.t-767929534-cloudflare.workers.dev/?fran=Enköping&amp;till=Fagersta</loc><changefreq>monthly</changefreq></url>
Vilhelmina,Hässleholm,208,134,Avståndet mellan Vilhelmina och Hässleholm är 208 km och Karl-Johan Gyllenstorm beräknade körtiden till cirka 134 minuter.,<url><loc>https://pendlings-app1.t-767929534-cloudflare.workers.dev/?fran=Vilhelmina&amp;till=Hässleholm</loc><changefreq>monthly</changefreq></url>
Lund,Örnsköldsvik,141,95,Avståndet mellan Lund och Örnsköldsvik är 141 km och Karl-Johan Gyllenstorm beräknade körtiden till cirka 95 minuter.,<url><loc>https://pendlings-app1.t-767929534-cloudflare.workers.dev/?fran=Lund&amp;till=Örnsköldsvik</loc><changefreq>monthly</changefreq></url>
Berg,Karlskrona,1231,971,Avståndet mellan Berg och Karlskrona är 1231 km och Karl-Johan Gyllenstorm beräknade körtiden till cirka 971 minuter.,<url><loc>https://pendlings-app1.t-767929534-cloudflare.workers.dev/?fran=Berg&amp;till=Karlskrona</loc><changefreq>monthly</changefreq></url>
Storfors,Boxholm,1243,859,Avståndet mellan Storfors och Boxholm är 1243 km och Karl-Johan Gyllenstorm beräknade körtiden till cirka 859 minuter.,<url><loc>https://pendlings-app1.t-767929534-cloudflare.workers.dev/?fran=Storfors&amp;till=Boxholm</loc><changefreq>monthly</changefreq></url>
Falköping,Trosa,160,112,Avståndet mellan Falköping och Trosa är 160 km och Karl-Johan Gyllenstorm beräknade körtiden till cirka 112 minuter.,<url><loc>https://pendlings-app1.t-767929534-cloudflare.workers.dev/?fran=Falköping&amp;till=Trosa</loc><changefreq>monthly</changefreq></url>
Vingåker,Lekeberg,1092,848,Avståndet mellan Vingåker och Lekeberg är 1092 km och Karl-Johan Gyllenstorm beräknade körtiden till cirka 848 minuter.,<url><loc>https://pendlings-app1.t-767929534-cloudflare.workers.dev/?fran=Vingåker&amp;till=Lekeberg</loc><changefreq>monthly</changefreq></url>
Örkelljunga,Arboga,32,21,Avståndet mellan Örkelljunga och Arboga är 32 km och Karl-Johan Gyllenstorm beräknade körtiden till cirka 21 minuter.,<url><loc>https://pendlings-app1.t-767929534-cloudflare.workers.dev/?fran=Örkelljunga&amp;till=Arboga</loc><changefreq>monthly</changefreq></url>
Gällivare,Essunga,659,429,Avståndet mellan Gällivare och Essunga är 659 km och Karl-Johan Gyllenstorm beräknade körtiden till cirka 429 minuter.,<url><loc>https://pendlings-app1.t-767929534-cloudflare.workers.dev/?fran=Gällivare&amp;till=Essunga</loc><changefreq>monthly</changefreq></url>
Trollhättan,Essunga,1113,708,Avståndet mellan Trollhättan och Essunga är 1113 km och Karl-Johan Gyllenstorm beräknade körtiden till cirka 708 minuter.,<url><loc>https://pendlings-app1.t-767929534-cloudflare.workers.dev/?fran=Trollhättan&amp;till=Essunga</loc><changefreq>monthly</changefreq></url>
Gimo,Piteå,380,267,Avståndet mellan Gimo och Piteå är 380 km och Karl-Johan Gyllenstorm beräknade körtiden till cirka 267 minuter.,<url><loc>https://pendlings-app1.t-767929534-cloudflare.workers.dev/?fran=Gimo&amp;till=Piteå</loc><changefreq>monthly</changefreq></url>
Älvdalen,Kramfors,497,365,Avståndet mellan Älvdalen och Kramfors är 497 km och Karl-Johan Gyllenstorm beräknade körtiden till cirka 365 minuter.,<url><loc>https://pendlings-app1.t-767929534-cloudflare.workers.dev/?fran=Älvdalen&amp;till=Kramfors</loc><changefreq>monthly</changefreq></url>
Falkenberg,Nordanstig,595,468,Avståndet mellan Falkenberg och Nordanstig är 595 km och Karl-Johan Gyllenstorm beräknade körtiden till cirka 468 minuter.,<url><loc>https://pendlings-app1.t-767929534-cloudflare.workers.dev/?fran=Falkenberg&amp;till=Nordanstig</loc><changefreq>monthly</changefreq></url>
Gnosjö,Visby,1138,737,Avståndet mellan Gnosjö och Visby är 1138 km och Karl-Johan Gyllenstorm beräknade körtiden till cirka 737 minuter.,<url><loc>https://pendlings-app1.t-767929534-cloudflare.workers.dev/?fran=Gnosjö&amp;till=Visby</loc><changefreq>monthly</changefreq></url>
Uppsala,Södertälje,1254,835,Avståndet mellan Uppsala och Södertälje är 1254 km och Karl-Johan Gyllenstorm beräknade körtiden till cirka 835 minuter.,<url><loc>https://pendlings-app1.t-767929534-cloudflare.workers.dev/?fran=Uppsala&amp;till=Södertälje</loc><changefreq>monthly</changefreq></url>
Gimo,Fårösund,1304,882,Avståndet mellan Gimo och Fårösund är 1304 km och Karl-Johan Gyllenstorm beräknade körtiden till cirka 882 minuter.,<url><loc>https://pendlings-app1.t-767929534-cloudflare.workers.dev/?fran=Gimo&amp;till=Fårösund</loc><changefreq>monthly</changefreq></url>
Köping,Höör,1298,867,Avståndet mellan Köping och Höör är 1298 km och Karl-Johan Gyllenstorm beräknade körtiden till cirka 867 minuter.,<url><loc>https://pendlings-app1.t-767929534-cloudflare.workers.dev/?fran=Köping&amp;till=Höör</loc><changefreq>monthly</changefreq></url>
Skutskär,Vänersborg,126,81,Avståndet mellan Skutskär och Vänersborg är 126 km och Karl-Johan Gyllenstorm beräknade körtiden till cirka 81 minuter.,<url><loc>https://pendlings-app1.t-767929534-cloudflare.workers.dev/?fran=Skutskär&amp;till=Vänersborg</loc><changefreq>monthly</changefreq></url>
Skutskär,Forshaga,476,326,Avståndet mellan Skutskär och Forshaga är 476 km och Karl-Johan Gyllenstorm beräknade körtiden till cirka 326 minuter.,<url><loc>https://pendlings-app1.t-767929534-cloudflare.workers.dev/?fran=Skutskär&amp;till=Forshaga</loc><changefreq>monthly</changefreq></url>
Vadstena,Tingstäde,879,632,Avståndet mellan Vadstena och Tingstäde är 879 km och Karl-Johan Gyllenstorm beräknade körtiden till cirka 632 minuter.,<url><loc>https://pendlings-app1.t-767929534-cloudflare.workers.dev/?fran=Vadstena&amp;till=Tingstäde</loc><changefreq>monthly</changefreq></url>
Simrishamn,Skinnskatteberg,521,346,Avståndet mellan Simrishamn och Skinnskatteberg är 521 km och Karl-Johan Gyllenstorm beräknade körtiden till cirka 346 minuter.,<url><loc>https://pendlings-app1.t-767929534-cloudflare.workers.dev/?fran=Simrishamn&amp;till=Skinnskatteberg</loc><changefreq>monthly</changefreq></url>
Nora,Vimmerby,831,636,Avståndet mellan Nora och Vimmerby är 831 km och Karl-Johan Gyllenstorm beräknade körtiden till cirka 636 minuter.,<url><loc>https://pendlings-app1.t-767929534-cloudflare.workers.dev/?fran=Nora&amp;till=Vimmerby</loc><changefreq>monthly</changefreq></url>
Sälen,Ljusnarsberg,1341,1066,Avståndet mellan Sälen och Ljusnarsberg är 1341 km och Karl-Johan Gyllenstorm beräknade körtiden till cirka 1066 minuter.,<url><loc>https://pendlings-app1.t-767929534-cloudflare.workers.dev/?fran=Sälen&amp;till=Ljusnarsberg</loc><changefreq>monthly</changefreq></url>
Trelleborg,Charlottenberg,193,149,Avståndet mellan Trelleborg och Charlottenberg är 193 km och Karl-Johan Gyllenstorm beräknade körtiden till cirka 149 minuter.,<url><loc>https://pendlings-app1.t-767929534-cloudflare.workers.dev/?fran=Trelleborg&amp;till=Charlottenberg</loc><changefreq>monthly</changefreq></url>
Gävle,Enköping,305,207,Avståndet mellan Gävle och Enköping är 305 km och Karl-Johan Gyllenstorm beräknade körtiden till cirka 207 minuter.,<url><loc>https://pendlings-app1.t-767929534-cloudflare.workers.dev/?fran=Gävle&amp;till=Enköping</loc><changefreq>monthly</changefreq></url>
Sälen,Mariestad,903,634,Avståndet mellan Sälen och Mariestad är 903 km och Karl-Johan Gyllenstorm beräknade körtiden till cirka 634 minuter.,<url><loc>https://pendlings-app1.t-767929534-cloudflare.workers.dev/?fran=Sälen&amp;till=Mariestad</loc><changefreq>monthly</changefreq></url>
Mark,Flen,739,482,Avståndet mellan Mark och Flen är 739 km och Karl-Johan Gyllenstorm beräknade körtiden till cirka 482 minuter.,<url><loc>https://pendlings-app1.t-767929534-cloudflare.workers.dev/?fran=Mark&amp;till=Flen</loc><changefreq>monthly</changefreq></url>
Höganäs,Skutskär,1196,885,Avståndet mellan Höganäs och Skutskär är 1196 km och Karl-Johan Gyllenstorm beräknade körtiden till cirka 885 minuter.,<url><loc>https://pendlings-app1.t-767929534-cloudflare.workers.dev/?fran=Höganäs&amp;till=Skutskär</loc><changefreq>monthly</changefreq></url>
Roma,Färgelanda,964,623,Avståndet mellan Roma och Färgelanda är 964 km och Karl-Johan Gyllenstorm beräknade körtiden till cirka 623 minuter.,<url><loc>https://pendlings-app1.t-767929534-cloudflare.workers.dev/?fran=Roma&amp;till=Färgelanda</loc><changefreq>monthly</changefreq></url>
Linköping,Borgholm,550,365,Avståndet mellan Linköping och Borgholm är 550 km och Karl-Johan Gyllenstorm beräknade körtiden till cirka 365 minuter.,<url><loc>https://pendlings-app1.t-767929534-cloudflare.workers.dev/?fran=Linköping&amp;till=Borgholm</loc><changefreq>monthly</changefreq></url>
Härjedalen,Alingsås,32,21,Avståndet mellan Härjedalen och Alingsås är 32 km och Karl-Johan Gyllenstorm beräknade körtiden till cirka 21 minuter.,<url><loc>https://pendlings-app1.t-767929534-cloudflare.workers.dev/?fran=Härjedalen&amp;till=Alingsås</loc><changefreq>monthly</changefreq></url>
Uppsala,Härnösand,476,373,Avståndet mellan Uppsala och Härnösand är 476 km och Karl-Johan Gyllenstorm beräknade körtiden till cirka 373 minuter.,<url><loc>https://pendlings-app1.t-767929534-cloudflare.workers.dev/?fran=Uppsala&amp;till=Härnösand</loc><changefreq>monthly</changefreq></url>
Hagfors,Tranås,205,162,Avståndet mellan Hagfors och Tranås är 205 km och Karl-Johan Gyllenstorm beräknade körtiden till cirka 162 minuter.,<url><loc>https://pendlings-app1.t-767929534-cloudflare.workers.dev/?fran=Hagfors&amp;till=Tranås</loc><changefreq>monthly</changefreq></url>
Piteå,Vara,739,500,Avståndet mellan Piteå och Vara är 739 km och Karl-Johan Gyllenstorm beräknade körtiden till cirka 500 minuter.,<url><loc>https://pendlings-app1.t-767929534-cloudflare.workers.dev/?fran=Piteå&amp;till=Vara</loc><changefreq>monthly</changefreq></url>
Kramfors,Östra Göinge,459,311,Avståndet mellan Kramfors och Östra Göinge är 459 km och Karl-Johan Gyllenstorm beräknade körtiden till cirka 311 minuter.,<url><loc>https://pendlings-app1.t-767929534-cloudflare.workers.dev/?fran=Kramfors&amp;till=Östra Göinge</loc><changefreq>monthly</changefreq></url>
Vimmerby,Hudiksvall,525,419,Avståndet mellan Vimmerby och Hudiksvall är 525 km och Karl-Johan Gyllenstorm beräknade körtiden till cirka 419 minuter.,<url><loc>https://pendlings-app1.t-767929534-cloudflare.workers.dev/?fran=Vimmerby&amp;till=Hudiksvall</loc><changefreq>monthly</changefreq></url>
Gällivare,Härjedalen,1280,918,Avståndet mellan Gällivare och Härjedalen är 1280 km och Karl-Johan Gyllenstorm beräknade körtiden till cirka 918 minuter.,<url><loc>https://pendlings-app1.t-767929534-cloudflare.workers.dev/?fran=Gällivare&amp;till=Härjedalen</loc><changefreq>monthly</changefreq></url>
Söderhamn,Sunne,440,303,Avståndet mellan Söderhamn och Sunne är 440 km och Karl-Johan Gyllenstorm beräknade körtiden till cirka 303 minuter.,<url><loc>https://pendlings-app1.t-767929534-cloudflare.workers.dev/?fran=Söderhamn&amp;till=Sunne</loc><changefreq>monthly</changefreq></url>
Mariestad,Vimmerby,1292,911,Avståndet mellan Mariestad och Vimmerby är 1292 km och Karl-Johan Gyllenstorm beräknade körtiden till cirka 911 minuter.,<url><loc>https://pendlings-app1.t-767929534-cloudflare.workers.dev/?fran=Mariestad&amp;till=Vimmerby</loc><changefreq>monthly</changefreq></url>
Örnsköldsvik,Jönköping,310,242,Avståndet mellan Örnsköldsvik och Jönköping är 310 km och Karl-Johan Gyllenstorm beräknade körtiden till cirka 242 minuter.,<url><loc>https://pendlings-app1.t-767929534-cloudflare.workers.dev/?fran=Örnsköldsvik&amp;till=Jönköping</loc><changefreq>monthly</changefreq></url>
Södertälje,Nora,1222,774,Avståndet mellan Södertälje och Nora är 1222 km och Karl-Johan Gyllenstorm beräknade körtiden till cirka 774 minuter.,<url><loc>https://pendlings-app1.t-767929534-cloudflare.workers.dev/?fran=Södertälje&amp;till=Nora</loc><changefreq>monthly</changefreq></url>
Trollhättan,Finspång,656,506,Avståndet mellan Trollhättan och Finspång är 656 km och Karl-Johan Gyllenstorm beräknade körtiden till cirka 506 minuter.,<url><loc>https://pendlings-app1.t-767929534-cloudflare.workers.dev/?fran=Trollhättan&amp;till=Finspång</loc><changefreq>monthly</changefreq></url>
Linköping,Strömstad,889,612,Avståndet mellan Linköping och Strömstad är 889 km och Karl-Johan Gyllenstorm beräknade körtiden till cirka 612 minuter.,<url><loc>https://pendlings-app1.t-767929534-cloudflare.workers.dev/?fran=Linköping&amp;till=Strömstad</loc><changefreq>monthly</changefreq></url>
Älvsbyn,Åtvidaberg,996,629,Avståndet mellan Älvsbyn och Åtvidaberg är 996 km och Karl-Johan Gyllenstorm beräknade körtiden till cirka 629 minuter.,<url><loc>https://pendlings-app1.t-767929534-cloudflare.workers.dev/?fran=Älvsbyn&amp;till=Åtvidaberg</loc><changefreq>monthly</changefreq></url>
Mariestad,Nyköping,754,514,Avståndet mellan Mariestad och Nyköping är 754 km och Karl-Johan Gyllenstorm beräknade körtiden till cirka 514 minuter.,<url><loc>https://pendlings-app1.t-767929534-cloudflare.workers.dev/?fran=Mariestad&amp;till=Nyköping</loc><changefreq>monthly</changefreq></url>
Överkalix,Torsby,237,171,Avståndet mellan Överkalix och Torsby är 237 km och Karl-Johan Gyllenstorm beräknade körtiden till cirka 171 minuter.,<url><loc>https://pendlings-app1.t-767929534-cloudflare.workers.dev/?fran=Överkalix&amp;till=Torsby</loc><changefreq>monthly</changefreq></url>
Färjestaden,Arboga,1019,732,Avståndet mellan Färjestaden och Arboga är 1019 km och Karl-Johan Gyllenstorm beräknade körtiden till cirka 732 minuter.,<url><loc>https://pendlings-app1.t-767929534-cloudflare.workers.dev/?fran=Färjestaden&amp;till=Arboga</loc><changefreq>monthly</changefreq></url>
Sälen,Grums,1438,934,Avståndet mellan Sälen och Grums är 1438 km och Karl-Johan Gyllenstorm beräknade körtiden till cirka 934 minuter.,<url><loc>https://pendlings-app1.t-767929534-cloudflare.workers.dev/?fran=Sälen&amp;till=Grums</loc><changefreq>monthly</changefreq></url>
Ljusdal,Orsa,1067,754,Avståndet mellan Ljusdal och Orsa är 1067 km och Karl-Johan Gyllenstorm beräknade körtiden till cirka 754 minuter.,<url><loc>https://pendlings-app1.t-767929534-cloudflare.workers.dev/?fran=Ljusdal&amp;till=Orsa</loc><changefreq>monthly</changefreq></url>
Norsjö,Håbo,840,545,Avståndet mellan Norsjö och Håbo är 840 km och Karl-Johan Gyllenstorm beräknade körtiden till cirka 545 minuter.,<url><loc>https://pendlings-app1.t-767929534-cloudflare.workers.dev/?fran=Norsjö&amp;till=Håbo</loc><changefreq>monthly</changefreq></url>
Överkalix,Lidköping,281,191,Avståndet mellan Överkalix och Lidköping är 281 km och Karl-Johan Gyllenstorm beräknade körtiden till cirka 191 minuter.,<url><loc>https://pendlings-app1.t-767929534-cloudflare.workers.dev/?fran=Överkalix&amp;till=Lidköping</loc><changefreq>monthly</changefreq></url>
Laholm,Vetlanda,1136,747,Avståndet mellan Laholm och Vetlanda är 1136 km och Karl-Johan Gyllenstorm beräknade körtiden till cirka 747 minuter.,<url><loc>https://pendlings-app1.t-767929534-cloudflare.workers.dev/?fran=Laholm&amp;till=Vetlanda</loc><changefreq>monthly</changefreq></url>
Härjedalen,Håbo,468,338,Avståndet mellan Härjedalen och Håbo är 468 km och Karl-Johan Gyllenstorm beräknade körtiden till cirka 338 minuter.,<url><loc>https://pendlings-app1.t-767929534-cloudflare.workers.dev/?fran=Härjedalen&amp;till=Håbo</loc><changefreq>monthly</changefreq></url>
Åtvidaberg,Gimo,508,364,Avståndet mellan Åtvidaberg och Gimo är 508 km och Karl-Johan Gyllenstorm beräknade körtiden till cirka 364 minuter.,<url><loc>https://pendlings-app1.t-767929534-cloudflare.workers.dev/?fran=Åtvidaberg&amp;till=Gimo</loc><changefreq>monthly</changefreq></url>
Ed,Säffle,1102,710,Avståndet mellan Ed och Säffle är 1102 km och Karl-Johan Gyllenstorm beräknade körtiden till cirka 710 minuter.,<url><loc>https://pendlings-app1.t-767929534-cloudflare.workers.dev/?fran=Ed&amp;till=Säffle</loc><changefreq>monthly</changefreq></url>
Ydre,Skövde,1390,1015,Avståndet mellan Ydre och Skövde är 1390 km och Karl-Johan Gyllenstorm beräknade körtiden till cirka 1015 minuter.,<url><loc>https://pendlings-app1.t-767929534-cloudflare.workers.dev/?fran=Ydre&amp;till=Skövde</loc><changefreq>monthly</changefreq></url>
Olofström,Köping,204,137,Avståndet mellan Olofström och Köping är 204 km och Karl-Johan Gyllenstorm beräknade körtiden till cirka 137 minuter.,<url><loc>https://pendlings-app1.t-767929534-cloudflare.workers.dev/?fran=Olofström&amp;till=Köping</loc><changefreq>monthly</changefreq></url>
Svenljunga,Vetlanda,837,542,Avståndet mellan Svenljunga och Vetlanda är 837 km och Karl-Johan Gyllenstorm beräknade körtiden till cirka 542 minuter.,<url><loc>https://pendlings-app1.t-767929534-cloudflare.workers.dev/?fran=Svenljunga&amp;till=Vetlanda</loc><changefreq>monthly</changefreq></url>
Nora,Mjölby,1335,1024,Avståndet mellan Nora och Mjölby är 1335 km och Karl-Johan Gyllenstorm beräknade körtiden till cirka 1024 minuter.,<url><loc>https://pendlings-app1.t-767929534-cloudflare.workers.dev/?fran=Nora&amp;till=Mjölby</loc><changefreq>monthly</changefreq></url>
Hjo,Svenljunga,847,648,Avståndet mellan Hjo och Svenljunga är 847 km och Karl-Johan Gyllenstorm beräknade körtiden till cirka 648 minuter.,<url><loc>https://pendlings-app1.t-767929534-cloudflare.workers.dev/?fran=Hjo&amp;till=Svenljunga</loc><changefreq>monthly</changefreq></url>
Essunga,Hallstahammar,350,267,Avståndet mellan Essunga och Hallstahammar är 350 km och Karl-Johan Gyllenstorm beräknade körtiden till cirka 267 minuter.,<url><loc>https://pendlings-app1.t-767929534-cloudflare.workers.dev/?fran=Essunga&amp;till=Hallstahammar</loc><changefreq>monthly</changefreq></url>
Färgelanda,Höör,910,652,Avståndet mellan Färgelanda och Höör är 910 km och Karl-Johan Gyllenstorm beräknade körtiden till cirka 652 minuter.,<url><loc>https://pendlings-app1.t-767929534-cloudflare.workers.dev/?fran=Färgelanda&amp;till=Höör</loc><changefreq>monthly</changefreq></url>
Sundsvall,Örebro,1079,707,Avståndet mellan Sundsvall och Örebro är 1079 km och Karl-Johan Gyllenstorm beräknade körtiden till cirka 707 minuter.,<url><loc>https://pendlings-app1.t-767929534-cloudflare.workers.dev/?fran=Sundsvall&amp;till=Örebro</loc><changefreq>monthly</changefreq></url>
Perstorp,Karlshamn,1079,861,Avståndet mellan Perstorp och Karlshamn är 1079 km och Karl-Johan Gyllenstorm beräknade körtiden till cirka 861 minuter.,<url><loc>https://pendlings-app1.t-767929534-cloudflare.workers.dev/?fran=Perstorp&amp;till=Karlshamn</loc><changefreq>monthly</changefreq></url>
Leksand,Båstad,1433,1090,Avståndet mellan Leksand och Båstad är 1433 km och Karl-Johan Gyllenstorm beräknade körtiden till cirka 1090 minuter.,<url><loc>https://pendlings-app1.t-767929534-cloudflare.workers.dev/?fran=Leksand&amp;till=Båstad</loc><changefreq>monthly</changefreq></url>
Båstad,Storfors,1343,972,Avståndet mellan Båstad och Storfors är 1343 km och Karl-Johan Gyllenstorm beräknade körtiden till cirka 972 minuter.,<url><loc>https://pendlings-app1.t-767929534-cloudflare.workers.dev/?fran=Båstad&amp;till=Storfors</loc><changefreq>monthly</changefreq></url>
Emmaboda,Lysekil,834,528,Avståndet mellan Emmaboda och Lysekil är 834 km och Karl-Johan Gyllenstorm beräknade körtiden till cirka 528 minuter.,<url><loc>https://pendlings-app1.t-767929534-cloudflare.workers.dev/?fran=Emmaboda&amp;till=Lysekil</loc><changefreq>monthly</changefreq></url>
Sölvesborg,Södertälje,690,528,Avståndet mellan Sölvesborg och Södertälje är 690 km och Karl-Johan Gyllenstorm beräknade körtiden till cirka 528 minuter.,<url><loc>https://pendlings-app1.t-767929534-cloudflare.workers.dev/?fran=Sölvesborg&amp;till=Södertälje</loc><changefreq>monthly</changefreq></url>
Berg,Klippan,1152,741,Avståndet mellan Berg och Klippan är 1152 km och Karl-Johan Gyllenstorm beräknade körtiden till cirka 741 minuter.,<url><loc>https://pendlings-app1.t-767929534-cloudflare.workers.dev/?fran=Berg&amp;till=Klippan</loc><changefreq>monthly</changefreq></url>
Hyltebruk,Hallstahammar,1258,853,Avståndet mellan Hyltebruk och Hallstahammar är 1258 km och Karl-Johan Gyllenstorm beräknade körtiden till cirka 853 minuter.,<url><loc>https://pendlings-app1.t-767929534-cloudflare.workers.dev/?fran=Hyltebruk&amp;till=Hallstahammar</loc><changefreq>monthly</changefreq></url>
Avesta,Hyltebruk,1126,716,Avståndet mellan Avesta och Hyltebruk är 1126 km och Karl-Johan Gyllenstorm beräknade körtiden till cirka 716 minuter.,<url><loc>https://pendlings-app1.t-767929534-cloudflare.workers.dev/?fran=Avesta&amp;till=Hyltebruk</loc><changefreq>monthly</changefreq></url>
Vimmerby,Skara,26,19,Avståndet mellan Vimmerby och Skara är 26 km och Karl-Johan Gyllenstorm beräknade körtiden till cirka 19 minuter.,<url><loc>https://pendlings-app1.t-767929534-cloudflare.workers.dev/?fran=Vimmerby&amp;till=Skara</loc><changefreq>monthly</changefreq></url>
Lysekil,Örnsköldsvik,1214,840,Avståndet mellan Lysekil och Örnsköldsvik är 1214 km och Karl-Johan Gyllenstorm beräknade körtiden till cirka 840 minuter.,<url><loc>https://pendlings-app1.t-767929534-cloudflare.workers.dev/?fran=Lysekil&amp;till=Örnsköldsvik</loc><changefreq>monthly</changefreq></url>
Tibro,Perstorp,676,470,Avståndet mellan Tibro och Perstorp är 676 km och Karl-Johan Gyllenstorm beräknade körtiden till cirka 470 minuter.,<url><loc>https://pendlings-app1.t-767929534-cloudflare.workers.dev/?fran=Tibro&amp;till=Perstorp</loc><changefreq>monthly</changefreq></url>
Övertorneå,Tierp,242,187,Avståndet mellan Övertorneå och Tierp är 242 km och Karl-Johan Gyllenstorm beräknade körtiden till cirka 187 minuter.,<url><loc>https://pendlings-app1.t-767929534-cloudflare.workers.dev/?fran=Övertorneå&amp;till=Tierp</loc><changefreq>monthly</changefreq></url>
Lidköping,Herrljunga,724,497,Avståndet mellan Lidköping och Herrljunga är 724 km och Karl-Johan Gyllenstorm beräknade körtiden till cirka 497 minuter.,<url><loc>https://pendlings-app1.t-767929534-cloudflare.workers.dev/?fran=Lidköping&amp;till=Herrljunga</loc><changefreq>monthly</changefreq></url>
Laholm,Borås,1008,717,Avståndet mellan Laholm och Borås är 1008 km och Karl-Johan Gyllenstorm beräknade körtiden till cirka 717 minuter.,<url><loc>https://pendlings-app1.t-767929534-cloudflare.workers.dev/?fran=Laholm&amp;till=Borås</loc><changefreq>monthly</changefreq></url>
Mellerud,Trelleborg,913,673,Avståndet mellan Mellerud och Trelleborg är 913 km och Karl-Johan Gyllenstorm beräknade körtiden till cirka 673 minuter.,<url><loc>https://pendlings-app1.t-767929534-cloudflare.workers.dev/?fran=Mellerud&amp;till=Trelleborg</loc><changefreq>monthly</changefreq></url>
Hedemora,Boxholm,1260,824,Avståndet mellan Hedemora och Boxholm är 1260 km och Karl-Johan Gyllenstorm beräknade körtiden till cirka 824 minuter.,<url><loc>https://pendlings-app1.t-767929534-cloudflare.workers.dev/?fran=Hedemora&amp;till=Boxholm</loc><changefreq>monthly</changefreq></url>
Linköping,Skellefteå,803,595,Avståndet mellan Linköping och Skellefteå är 803 km och Karl-Johan Gyllenstorm beräknade körtiden till cirka 595 minuter.,<url><loc>https://pendlings-app1.t-767929534-cloudflare.workers.dev/?fran=Linköping&amp;till=Skellefteå</loc><changefreq>monthly</changefreq></url>
Vellinge,Skövde,1149,751,Avståndet mellan Vellinge och Skövde är 1149 km och Karl-Johan Gyllenstorm beräknade körtiden till cirka 751 minuter.,<url><loc>https://pendlings-app1.t-767929534-cloudflare.workers.dev/?fran=Vellinge&amp;till=Skövde</loc><changefreq>monthly</changefreq></url>
Vetlanda,Håbo,1165,848,Avståndet mellan Vetlanda och Håbo är 1165 km och Karl-Johan Gyllenstorm beräknade körtiden till cirka 848 minuter.,<url><loc>https://pendlings-app1.t-767929534-cloudflare.workers.dev/?fran=Vetlanda&amp;till=Håbo</loc><changefreq>monthly</changefreq></url>
Hallstahammar,Lekeberg,1114,885,Avståndet mellan Hallstahammar och Lekeberg är 1114 km och Karl-Johan Gyllenstorm beräknade körtiden till cirka 885 minuter.,<url><loc>https://pendlings-app1.t-767929534-cloudflare.workers.dev/?fran=Hallstahammar&amp;till=Lekeberg</loc><changefreq>monthly</changefreq></url>
Uddevalla,Skövde,85,55,Avståndet mellan Uddevalla och Skövde är 85 km och Karl-Johan Gyllenstorm beräknade körtiden till cirka 55 minuter.,<url><loc>https://pendlings-app1.t-767929534-cloudflare.workers.dev/?fran=Uddevalla&amp;till=Skövde</loc><changefreq>monthly</changefreq></url>
Hjo,Emmaboda,620,480,Avståndet mellan Hjo och Emmaboda är 620 km och Karl-Johan Gyllenstorm beräknade körtiden till cirka 480 minuter.,<url><loc>https://pendlings-app1.t-767929534-cloudflare.workers.dev/?fran=Hjo&amp;till=Emmaboda</loc><changefreq>monthly</changefreq></url>
Ystad,Lindesberg,927,721,Avståndet mellan Ystad och Lindesberg är 927 km och Karl-Johan Gyllenstorm beräknade körtiden till cirka 721 minuter.,<url><loc>https://pendlings-app1.t-767929534-cloudflare.workers.dev/?fran=Ystad&amp;till=Lindesberg</loc><changefreq>monthly</changefreq></url>
Smedjebacken,Vimmerby,818,602,Avståndet mellan Smedjebacken och Vimmerby är 818 km och Karl-Johan Gyllenstorm beräknade körtiden till cirka 602 minuter.,<url><loc>https://pendlings-app1.t-767929534-cloudflare.workers.dev/?fran=Smedjebacken&amp;till=Vimmerby</loc><changefreq>monthly</changefreq></url>
Essunga,Nyköping,1154,799,Avståndet mellan Essunga och Nyköping är 1154 km och Karl-Johan Gyllenstorm beräknade körtiden till cirka 799 minuter.,<url><loc>https://pendlings-app1.t-767929534-cloudflare.workers.dev/?fran=Essunga&amp;till=Nyköping</loc><changefreq>monthly</changefreq></url>
Perstorp,Sundsvall,1195,938,Avståndet mellan Perstorp och Sundsvall är 1195 km och Karl-Johan Gyllenstorm beräknade körtiden till cirka 938 minuter.,<url><loc>https://pendlings-app1.t-767929534-cloudflare.workers.dev/?fran=Perstorp&amp;till=Sundsvall</loc><changefreq>monthly</changefreq></url>
Ydre,Strömsund,309,214,Avståndet mellan Ydre och Strömsund är 309 km och Karl-Johan Gyllenstorm beräknade körtiden till cirka 214 minuter.,<url><loc>https://pendlings-app1.t-767929534-cloudflare.workers.dev/?fran=Ydre&amp;till=Strömsund</loc><changefreq>monthly</changefreq></url>
Kristinehamn,Skurup,746,485,Avståndet mellan Kristinehamn och Skurup är 746 km och Karl-Johan Gyllenstorm beräknade körtiden till cirka 485 minuter.,<url><loc>https://pendlings-app1.t-767929534-cloudflare.workers.dev/?fran=Kristinehamn&amp;till=Skurup</loc><changefreq>monthly</changefreq></url>
Orsa,Gimo,743,490,Avståndet mellan Orsa och Gimo är 743 km och Karl-Johan Gyllenstorm beräknade körtiden till cirka 490 minuter.,<url><loc>https://pendlings-app1.t-767929534-cloudflare.workers.dev/?fran=Orsa&amp;till=Gimo</loc><changefreq>monthly</changefreq></url>
Smedjebacken,Stockholm,1119,784,Avståndet mellan Smedjebacken och Stockholm är 1119 km och Karl-Johan Gyllenstorm beräknade körtiden till cirka 784 minuter.,<url><loc>https://pendlings-app1.t-767929534-cloudflare.workers.dev/?fran=Smedjebacken&amp;till=Stockholm</loc><changefreq>monthly</changefreq></url>
Gislaved,Kramfors,189,129,Avståndet mellan Gislaved och Kramfors är 189 km och Karl-Johan Gyllenstorm beräknade körtiden till cirka 129 minuter.,<url><loc>https://pendlings-app1.t-767929534-cloudflare.workers.dev/?fran=Gislaved&amp;till=Kramfors</loc><changefreq>monthly</changefreq></url>
Visby,Fårösund,656,460,Avståndet mellan Visby och Fårösund är 656 km och Karl-Johan Gyllenstorm beräknade körtiden till cirka 460 minuter.,<url><loc>https://pendlings-app1.t-767929534-cloudflare.workers.dev/?fran=Visby&amp;till=Fårösund</loc><changefreq>monthly</changefreq></url>
Svedala,Jokkmokk,105,83,Avståndet mellan Svedala och Jokkmokk är 105 km och Karl-Johan Gyllenstorm beräknade körtiden till cirka 83 minuter.,<url><loc>https://pendlings-app1.t-767929534-cloudflare.workers.dev/?fran=Svedala&amp;till=Jokkmokk</loc><changefreq>monthly</changefreq></url>
Västerås,Osby,1359,992,Avståndet mellan Västerås och Osby är 1359 km och Karl-Johan Gyllenstorm beräknade körtiden till cirka 992 minuter.,<url><loc>https://pendlings-app1.t-767929534-cloudflare.workers.dev/?fran=Västerås&amp;till=Osby</loc><changefreq>monthly</changefreq></url>
Flen,Kils,114,91,Avståndet mellan Flen och Kils är 114 km och Karl-Johan Gyllenstorm beräknade körtiden till cirka 91 minuter.,<url><loc>https://pendlings-app1.t-767929534-cloudflare.workers.dev/?fran=Flen&amp;till=Kils</loc><changefreq>monthly</changefreq></url>
Grums,Falun,1260,961,Avståndet mellan Grums och Falun är 1260 km och Karl-Johan Gyllenstorm beräknade körtiden till cirka 961 minuter.,<url><loc>https://pendlings-app1.t-767929534-cloudflare.workers.dev/?fran=Grums&amp;till=Falun</loc><changefreq>monthly</changefreq></url>
Tibro,Håbo,577,398,Avståndet mellan Tibro och Håbo är 577 km och Karl-Johan Gyllenstorm beräknade körtiden till cirka 398 minuter.,<url><loc>https://pendlings-app1.t-767929534-cloudflare.workers.dev/?fran=Tibro&amp;till=Håbo</loc><changefreq>monthly</changefreq></url>
Lund,Rättvik,1332,1017,Avståndet mellan Lund och Rättvik är 1332 km och Karl-Johan Gyllenstorm beräknade körtiden till cirka 1017 minuter.,<url><loc>https://pendlings-app1.t-767929534-cloudflare.workers.dev/?fran=Lund&amp;till=Rättvik</loc><changefreq>monthly</changefreq></url>
Klintehamn,Ånge,940,654,Avståndet mellan Klintehamn och Ånge är 940 km och Karl-Johan Gyllenstorm beräknade körtiden till cirka 654 minuter.,<url><loc>https://pendlings-app1.t-767929534-cloudflare.workers.dev/?fran=Klintehamn&amp;till=Ånge</loc><changefreq>monthly</changefreq></url>
Lund,Ödeshög,1031,754,Avståndet mellan Lund och Ödeshög är 1031 km och Karl-Johan Gyllenstorm beräknade körtiden till cirka 754 minuter.,<url><loc>https://pendlings-app1.t-767929534-cloudflare.workers.dev/?fran=Lund&amp;till=Ödeshög</loc><changefreq>monthly</changefreq></url>
Vansbro,Bengtsfors,973,616,Avståndet mellan Vansbro och Bengtsfors är 973 km och Karl-Johan Gyllenstorm beräknade körtiden till cirka 616 minuter.,<url><loc>https://pendlings-app1.t-767929534-cloudflare.workers.dev/?fran=Vansbro&amp;till=Bengtsfors</loc><changefreq>monthly</changefreq></url>
Lekeberg,Vilhelmina,1307,984,Avståndet mellan Lekeberg och Vilhelmina är 1307 km och Karl-Johan Gyllenstorm beräknade körtiden till cirka 984 minuter.,<url><loc>https://pendlings-app1.t-767929534-cloudflare.workers.dev/?fran=Lekeberg&amp;till=Vilhelmina</loc><changefreq>monthly</changefreq></url>
Söderhamn,Falköping,59,39,Avståndet mellan Söderhamn och Falköping är 59 km och Karl-Johan Gyllenstorm beräknade körtiden till cirka 39 minuter.,<url><loc>https://pendlings-app1.t-767929534-cloudflare.workers.dev/?fran=Söderhamn&amp;till=Falköping</loc><changefreq>monthly</changefreq></url>
Götene,Vetlanda,1232,937,Avståndet mellan Götene och Vetlanda är 1232 km och Karl-Johan Gyllenstorm beräknade körtiden till cirka 937 minuter.,<url><loc>https://pendlings-app1.t-767929534-cloudflare.workers.dev/?fran=Götene&amp;till=Vetlanda</loc><changefreq>monthly</changefreq></url>
Aneby,Höör,277,216,Avståndet mellan Aneby och Höör är 277 km och Karl-Johan Gyllenstorm beräknade körtiden till cirka 216 minuter.,<url><loc>https://pendlings-app1.t-767929534-cloudflare.workers.dev/?fran=Aneby&amp;till=Höör</loc><changefreq>monthly</changefreq></url>
Lärbro,Söderhamn,332,244,Avståndet mellan Lärbro och Söderhamn är 332 km och Karl-Johan Gyllenstorm beräknade körtiden till cirka 244 minuter.,<url><loc>https://pendlings-app1.t-767929534-cloudflare.workers.dev/?fran=Lärbro&amp;till=Söderhamn</loc><changefreq>monthly</changefreq></url>
Jokkmokk,Storuman,52,41,Avståndet mellan Jokkmokk och Storuman är 52 km och Karl-Johan Gyllenstorm beräknade körtiden till cirka 41 minuter.,<url><loc>https://pendlings-app1.t-767929534-cloudflare.workers.dev/?fran=Jokkmokk&amp;till=Storuman</loc><changefreq>monthly</changefreq></url>
Lysekil,Falkenberg,1063,770,Avståndet mellan Lysekil och Falkenberg är 1063 km och Karl-Johan Gyllenstorm beräknade körtiden till cirka 770 minuter.,<url><loc>https://pendlings-app1.t-767929534-cloudflare.workers.dev/?fran=Lysekil&amp;till=Falkenberg</loc><changefreq>monthly</changefreq></url>
Trelleborg,Huddinge,1306,1035,Avståndet mellan Trelleborg och Huddinge är 1306 km och Karl-Johan Gyllenstorm beräknade körtiden till cirka 1035 minuter.,<url><loc>https://pendlings-app1.t-767929534-cloudflare.workers.dev/?fran=Trelleborg&amp;till=Huddinge</loc><changefreq>monthly</changefreq></url>
Alingsås,Lycksele,588,450,Avståndet mellan Alingsås och Lycksele är 588 km och Karl-Johan Gyllenstorm beräknade körtiden till cirka 450 minuter.,<url><loc>https://pendlings-app1.t-767929534-cloudflare.workers.dev/?fran=Alingsås&amp;till=Lycksele</loc><changefreq>monthly</changefreq></url>
Roma,Överkalix,72,52,Avståndet mellan Roma och Överkalix är 72 km och Karl-Johan Gyllenstorm beräknade körtiden till cirka 52 minuter.,<url><loc>https://pendlings-app1.t-767929534-cloudflare.workers.dev/?fran=Roma&amp;till=Överkalix</loc><changefreq>monthly</changefreq></url>
Enköping,Grästorp,1342,925,Avståndet mellan Enköping och Grästorp är 1342 km och Karl-Johan Gyllenstorm beräknade körtiden till cirka 925 minuter.,<url><loc>https://pendlings-app1.t-767929534-cloudflare.workers.dev/?fran=Enköping&amp;till=Grästorp</loc><changefreq>monthly</changefreq></url>
Essunga,Skutskär,330,209,Avståndet mellan Essunga och Skutskär är 330 km och Karl-Johan Gyllenstorm beräknade körtiden till cirka 209 minuter.,<url><loc>https://pendlings-app1.t-767929534-cloudflare.workers.dev/?fran=Essunga&amp;till=Skutskär</loc><changefreq>monthly</changefreq></url>
Arvika,Malung,356,269,Avståndet mellan Arvika och Malung är 356 km och Karl-Johan Gyllenstorm beräknade körtiden till cirka 269 minuter.,<url><loc>https://pendlings-app1.t-767929534-cloudflare.workers.dev/?fran=Arvika&amp;till=Malung</loc><changefreq>monthly</changefreq></url>
Norberg,Gällivare,412,297,Avståndet mellan Norberg och Gällivare är 412 km och Karl-Johan Gyllenstorm beräknade körtiden till cirka 297 minuter.,<url><loc>https://pendlings-app1.t-767929534-cloudflare.workers.dev/?fran=Norberg&amp;till=Gällivare</loc><changefreq>monthly</changefreq></url>
Skellefteå,Osby,456,299,Avståndet mellan Skellefteå och Osby är 456 km och Karl-Johan Gyllenstorm beräknade körtiden till cirka 299 minuter.,<url><loc>https://pendlings-app1.t-767929534-cloudflare.workers.dev/?fran=Skellefteå&amp;till=Osby</loc><changefreq>monthly</changefreq></url>
Arboga,Sotenäs,1323,921,Avståndet mellan Arboga och Sotenäs är 1323 km och Karl-Johan Gyllenstorm beräknade körtiden till cirka 921 minuter.,<url><loc>https://pendlings-app1.t-767929534-cloudflare.workers.dev/?fran=Arboga&amp;till=Sotenäs</loc><changefreq>monthly</changefreq></url>
Kungsör,Linköping,812,622,Avståndet mellan Kungsör och Linköping är 812 km och Karl-Johan Gyllenstorm beräknade körtiden till cirka 622 minuter.,<url><loc>https://pendlings-app1.t-767929534-cloudflare.workers.dev/?fran=Kungsör&amp;till=Linköping</loc><changefreq>monthly</changefreq></url>
Ängelholm,Filipstad,110,88,Avståndet mellan Ängelholm och Filipstad är 110 km och Karl-Johan Gyllenstorm beräknade körtiden till cirka 88 minuter.,<url><loc>https://pendlings-app1.t-767929534-cloudflare.workers.dev/?fran=Ängelholm&amp;till=Filipstad</loc><changefreq>monthly</changefreq></url>
Ulricehamn,Vilhelmina,1045,714,Avståndet mellan Ulricehamn och Vilhelmina är 1045 km och Karl-Johan Gyllenstorm beräknade körtiden till cirka 714 minuter.,<url><loc>https://pendlings-app1.t-767929534-cloudflare.workers.dev/?fran=Ulricehamn&amp;till=Vilhelmina</loc><changefreq>monthly</changefreq></url>
Trollhättan,Skutskär,65,42,Avståndet mellan Trollhättan och Skutskär är 65 km och Karl-Johan Gyllenstorm beräknade körtiden till cirka 42 minuter.,<url><loc>https://pendlings-app1.t-767929534-cloudflare.workers.dev/?fran=Trollhättan&amp;till=Skutskär</loc><changefreq>monthly</changefreq></url>
Grythyttan,Kumla,560,370,Avståndet mellan Grythyttan och Kumla är 560 km och Karl-Johan Gyllenstorm beräknade körtiden till cirka 370 minuter.,<url><loc>https://pendlings-app1.t-767929534-cloudflare.workers.dev/?fran=Grythyttan&amp;till=Kumla</loc><changefreq>monthly</changefreq></url>
Östra Göinge,Askersund,813,554,Avståndet mellan Östra Göinge och Askersund är 813 km och Karl-Johan Gyllenstorm beräknade körtiden till cirka 554 minuter.,<url><loc>https://pendlings-app1.t-767929534-cloudflare.workers.dev/?fran=Östra Göinge&amp;till=Askersund</loc><changefreq>monthly</changefreq></url>
Eslöv,Karlskoga,892,688,Avståndet mellan Eslöv och Karlskoga är 892 km och Karl-Johan Gyllenstorm beräknade körtiden till cirka 688 minuter.,<url><loc>https://pendlings-app1.t-767929534-cloudflare.workers.dev/?fran=Eslöv&amp;till=Karlskoga</loc><changefreq>monthly</changefreq></url>
Falun,Skellefteå,1200,857,Avståndet mellan Falun och Skellefteå är 1200 km och Karl-Johan Gyllenstorm beräknade körtiden till cirka 857 minuter.,<url><loc>https://pendlings-app1.t-767929534-cloudflare.workers.dev/?fran=Falun&amp;till=Skellefteå</loc><changefreq>monthly</changefreq></url>
Hagfors,Aneby,514,365,Avståndet mellan Hagfors och Aneby är 514 km och Karl-Johan Gyllenstorm beräknade körtiden till cirka 365 minuter.,<url><loc>https://pendlings-app1.t-767929534-cloudflare.workers.dev/?fran=Hagfors&amp;till=Aneby</loc><changefreq>monthly</changefreq></url>
Munkfors,Smedjebacken,1325,984,Avståndet mellan Munkfors och Smedjebacken är 1325 km och Karl-Johan Gyllenstorm beräknade körtiden till cirka 984 minuter.,<url><loc>https://pendlings-app1.t-767929534-cloudflare.workers.dev/?fran=Munkfors&amp;till=Smedjebacken</loc><changefreq>monthly</changefreq></url>
Falun,Storuman,75,51,Avståndet mellan Falun och Storuman är 75 km och Karl-Johan Gyllenstorm beräknade körtiden till cirka 51 minuter.,<url><loc>https://pendlings-app1.t-767929534-cloudflare.workers.dev/?fran=Falun&amp;till=Storuman</loc><changefreq>monthly</changefreq></url>
Söderköping,Åre,693,490,Avståndet mellan Söderköping och Åre är 693 km och Karl-Johan Gyllenstorm beräknade körtiden till cirka 490 minuter.,<url><loc>https://pendlings-app1.t-767929534-cloudflare.workers.dev/?fran=Söderköping&amp;till=Åre</loc><changefreq>monthly</changefreq></url>
Gnosjö,Grythyttan,1438,1123,Avståndet mellan Gnosjö och Grythyttan är 1438 km och Karl-Johan Gyllenstorm beräknade körtiden till cirka 1123 minuter.,<url><loc>https://pendlings-app1.t-767929534-cloudflare.workers.dev/?fran=Gnosjö&amp;till=Grythyttan</loc><changefreq>monthly</changefreq></url>
Tomelilla,Karlstad,1339,890,Avståndet mellan Tomelilla och Karlstad är 1339 km och Karl-Johan Gyllenstorm beräknade körtiden till cirka 890 minuter.,<url><loc>https://pendlings-app1.t-767929534-cloudflare.workers.dev/?fran=Tomelilla&amp;till=Karlstad</loc><changefreq>monthly</changefreq></url>
Mark,Ed,649,470,Avståndet mellan Mark och Ed är 649 km och Karl-Johan Gyllenstorm beräknade körtiden till cirka 470 minuter.,<url><loc>https://pendlings-app1.t-767929534-cloudflare.workers.dev/?fran=Mark&amp;till=Ed</loc><changefreq>monthly</changefreq></url>
Finspång,Tibro,1383,881,Avståndet mellan Finspång och Tibro är 1383 km och Karl-Johan Gyllenstorm beräknade körtiden till cirka 881 minuter.,<url><loc>https://pendlings-app1.t-767929534-cloudflare.workers.dev/?fran=Finspång&amp;till=Tibro</loc><changefreq>monthly</changefreq></url>
Norsjö,Tomelilla,777,501,Avståndet mellan Norsjö och Tomelilla är 777 km och Karl-Johan Gyllenstorm beräknade körtiden till cirka 501 minuter.,<url><loc>https://pendlings-app1.t-767929534-cloudflare.workers.dev/?fran=Norsjö&amp;till=Tomelilla</loc><changefreq>monthly</changefreq></url>
Gällivare,Skara,1414,937,Avståndet mellan Gällivare och Skara är 1414 km och Karl-Johan Gyllenstorm beräknade körtiden till cirka 937 minuter.,<url><loc>https://pendlings-app1.t-767929534-cloudflare.workers.dev/?fran=Gällivare&amp;till=Skara</loc><changefreq>monthly</changefreq></url>
Falun,Åmål,1040,779,Avståndet mellan Falun och Åmål är 1040 km och Karl-Johan Gyllenstorm beräknade körtiden till cirka 779 minuter.,<url><loc>https://pendlings-app1.t-767929534-cloudflare.workers.dev/?fran=Falun&amp;till=Åmål</loc><changefreq>monthly</changefreq></url>
Eslöv,Stånga,804,562,Avståndet mellan Eslöv och Stånga är 804 km och Karl-Johan Gyllenstorm beräknade körtiden till cirka 562 minuter.,<url><loc>https://pendlings-app1.t-767929534-cloudflare.workers.dev/?fran=Eslöv&amp;till=Stånga</loc><changefreq>monthly</changefreq></url>
Gnestad,Katrineholm,1034,683,Avståndet mellan Gnestad och Katrineholm är 1034 km och Karl-Johan Gyllenstorm beräknade körtiden till cirka 683 minuter.,<url><loc>https://pendlings-app1.t-767929534-cloudflare.workers.dev/?fran=Gnestad&amp;till=Katrineholm</loc><changefreq>monthly</changefreq></url>
Kramfors,Vimmerby,766,523,Avståndet mellan Kramfors och Vimmerby är 766 km och Karl-Johan Gyllenstorm beräknade körtiden till cirka 523 minuter.,<url><loc>https://pendlings-app1.t-767929534-cloudflare.workers.dev/?fran=Kramfors&amp;till=Vimmerby</loc><changefreq>monthly</changefreq></url>
Lärbro,Norrköping,543,347,Avståndet mellan Lärbro och Norrköping är 543 km och Karl-Johan Gyllenstorm beräknade körtiden till cirka 347 minuter.,<url><loc>https://pendlings-app1.t-767929534-cloudflare.workers.dev/?fran=Lärbro&amp;till=Norrköping</loc><changefreq>monthly</changefreq></url>
Gagnef,Svalöv,473,354,Avståndet mellan Gagnef och Svalöv är 473 km och Karl-Johan Gyllenstorm beräknade körtiden till cirka 354 minuter.,<url><loc>https://pendlings-app1.t-767929534-cloudflare.workers.dev/?fran=Gagnef&amp;till=Svalöv</loc><changefreq>monthly</changefreq></url>
Norberg,Eskilstuna,159,118,Avståndet mellan Norberg och Eskilstuna är 159 km och Karl-Johan Gyllenstorm beräknade körtiden till cirka 118 minuter.,<url><loc>https://pendlings-app1.t-767929534-cloudflare.workers.dev/?fran=Norberg&amp;till=Eskilstuna</loc><changefreq>monthly</changefreq></url>
Huddinge,Hjo,1367,981,Avståndet mellan Huddinge och Hjo är 1367 km och Karl-Johan Gyllenstorm beräknade körtiden till cirka 981 minuter.,<url><loc>https://pendlings-app1.t-767929534-cloudflare.workers.dev/?fran=Huddinge&amp;till=Hjo</loc><changefreq>monthly</changefreq></url>
Gagnef,Bollebygd,1149,729,Avståndet mellan Gagnef och Bollebygd är 1149 km och Karl-Johan Gyllenstorm beräknade körtiden till cirka 729 minuter.,<url><loc>https://pendlings-app1.t-767929534-cloudflare.workers.dev/?fran=Gagnef&amp;till=Bollebygd</loc><changefreq>monthly</changefreq></url>
Surahammar,Charlottenberg,1382,907,Avståndet mellan Surahammar och Charlottenberg är 1382 km och Karl-Johan Gyllenstorm beräknade körtiden till cirka 907 minuter.,<url><loc>https://pendlings-app1.t-767929534-cloudflare.workers.dev/?fran=Surahammar&amp;till=Charlottenberg</loc><changefreq>monthly</changefreq></url>
Falkenberg,Svenljunga,749,480,Avståndet mellan Falkenberg och Svenljunga är 749 km och Karl-Johan Gyllenstorm beräknade körtiden till cirka 480 minuter.,<url><loc>https://pendlings-app1.t-767929534-cloudflare.workers.dev/?fran=Falkenberg&amp;till=Svenljunga</loc><changefreq>monthly</changefreq></url>
Gävle,Linköping,1077,818,Avståndet mellan Gävle och Linköping är 1077 km och Karl-Johan Gyllenstorm beräknade körtiden till cirka 818 minuter.,<url><loc>https://pendlings-app1.t-767929534-cloudflare.workers.dev/?fran=Gävle&amp;till=Linköping</loc><changefreq>monthly</changefreq></url>
Tomelilla,Bromölla,573,404,Avståndet mellan Tomelilla och Bromölla är 573 km och Karl-Johan Gyllenstorm beräknade körtiden till cirka 404 minuter.,<url><loc>https://pendlings-app1.t-767929534-cloudflare.workers.dev/?fran=Tomelilla&amp;till=Bromölla</loc><changefreq>monthly</changefreq></url>
Skara,Boxholm,632,440,Avståndet mellan Skara och Boxholm är 632 km och Karl-Johan Gyllenstorm beräknade körtiden till cirka 440 minuter.,<url><loc>https://pendlings-app1.t-767929534-cloudflare.workers.dev/?fran=Skara&amp;till=Boxholm</loc><changefreq>monthly</changefreq></url>
Ulricehamn,Haparanda,493,335,Avståndet mellan Ulricehamn och Haparanda är 493 km och Karl-Johan Gyllenstorm beräknade körtiden till cirka 335 minuter.,<url><loc>https://pendlings-app1.t-767929534-cloudflare.workers.dev/?fran=Ulricehamn&amp;till=Haparanda</loc><changefreq>monthly</changefreq></url>
Munkfors,Falköping,748,509,Avståndet mellan Munkfors och Falköping är 748 km och Karl-Johan Gyllenstorm beräknade körtiden till cirka 509 minuter.,<url><loc>https://pendlings-app1.t-767929534-cloudflare.workers.dev/?fran=Munkfors&amp;till=Falköping</loc><changefreq>monthly</changefreq></url>
Ödeshög,Grythyttan,903,618,Avståndet mellan Ödeshög och Grythyttan är 903 km och Karl-Johan Gyllenstorm beräknade körtiden till cirka 618 minuter.,<url><loc>https://pendlings-app1.t-767929534-cloudflare.workers.dev/?fran=Ödeshög&amp;till=Grythyttan</loc><changefreq>monthly</changefreq></url>
Eslöv,Vara,877,574,Avståndet mellan Eslöv och Vara är 877 km och Karl-Johan Gyllenstorm beräknade körtiden till cirka 574 minuter.,<url><loc>https://pendlings-app1.t-767929534-cloudflare.workers.dev/?fran=Eslöv&amp;till=Vara</loc><changefreq>monthly</changefreq></url>
Gävle,Härjedalen,467,335,Avståndet mellan Gävle och Härjedalen är 467 km och Karl-Johan Gyllenstorm beräknade körtiden till cirka 335 minuter.,<url><loc>https://pendlings-app1.t-767929534-cloudflare.workers.dev/?fran=Gävle&amp;till=Härjedalen</loc><changefreq>monthly</changefreq></url>
Grästorp,Sjöbo,827,542,Avståndet mellan Grästorp och Sjöbo är 827 km och Karl-Johan Gyllenstorm beräknade körtiden till cirka 542 minuter.,<url><loc>https://pendlings-app1.t-767929534-cloudflare.workers.dev/?fran=Grästorp&amp;till=Sjöbo</loc><changefreq>monthly</changefreq></url>
Strömsund,Jokkmokk,1085,801,Avståndet mellan Strömsund och Jokkmokk är 1085 km och Karl-Johan Gyllenstorm beräknade körtiden till cirka 801 minuter.,<url><loc>https://pendlings-app1.t-767929534-cloudflare.workers.dev/?fran=Strömsund&amp;till=Jokkmokk</loc><changefreq>monthly</changefreq></url>
Trollhättan,Knivsta,340,270,Avståndet mellan Trollhättan och Knivsta är 340 km och Karl-Johan Gyllenstorm beräknade körtiden till cirka 270 minuter.,<url><loc>https://pendlings-app1.t-767929534-cloudflare.workers.dev/?fran=Trollhättan&amp;till=Knivsta</loc><changefreq>monthly</changefreq></url>
Tierp,Kiruna,1382,909,Avståndet mellan Tierp och Kiruna är 1382 km och Karl-Johan Gyllenstorm beräknade körtiden till cirka 909 minuter.,<url><loc>https://pendlings-app1.t-767929534-cloudflare.workers.dev/?fran=Tierp&amp;till=Kiruna</loc><changefreq>monthly</changefreq></url>
Borgholm,Helsingborg,993,724,Avståndet mellan Borgholm och Helsingborg är 993 km och Karl-Johan Gyllenstorm beräknade körtiden till cirka 724 minuter.,<url><loc>https://pendlings-app1.t-767929534-cloudflare.workers.dev/?fran=Borgholm&amp;till=Helsingborg</loc><changefreq>monthly</changefreq></url>
Ragunda,Kävlinge,989,790,Avståndet mellan Ragunda och Kävlinge är 989 km och Karl-Johan Gyllenstorm beräknade körtiden till cirka 790 minuter.,<url><loc>https://pendlings-app1.t-767929534-cloudflare.workers.dev/?fran=Ragunda&amp;till=Kävlinge</loc><changefreq>monthly</changefreq></url>
Härnösand,Borås,1065,687,Avståndet mellan Härnösand och Borås är 1065 km och Karl-Johan Gyllenstorm beräknade körtiden till cirka 687 minuter.,<url><loc>https://pendlings-app1.t-767929534-cloudflare.workers.dev/?fran=Härnösand&amp;till=Borås</loc><changefreq>monthly</changefreq></url>
Falkenberg,Emmaboda,620,466,Avståndet mellan Falkenberg och Emmaboda är 620 km och Karl-Johan Gyllenstorm beräknade körtiden till cirka 466 minuter.,<url><loc>https://pendlings-app1.t-767929534-cloudflare.workers.dev/?fran=Falkenberg&amp;till=Emmaboda</loc><changefreq>monthly</changefreq></url>
Södertälje,Hjo,1357,979,Avståndet mellan Södertälje och Hjo är 1357 km och Karl-Johan Gyllenstorm beräknade körtiden till cirka 979 minuter.,<url><loc>https://pendlings-app1.t-767929534-cloudflare.workers.dev/?fran=Södertälje&amp;till=Hjo</loc><changefreq>monthly</changefreq></url>
Sälen,Orsa,1274,887,Avståndet mellan Sälen och Orsa är 1274 km och Karl-Johan Gyllenstorm beräknade körtiden till cirka 887 minuter.,<url><loc>https://pendlings-app1.t-767929534-cloudflare.workers.dev/?fran=Sälen&amp;till=Orsa</loc><changefreq>monthly</changefreq></url>
Bräcke,Jönköping,1370,898,Avståndet mellan Bräcke och Jönköping är 1370 km och Karl-Johan Gyllenstorm beräknade körtiden till cirka 898 minuter.,<url><loc>https://pendlings-app1.t-767929534-cloudflare.workers.dev/?fran=Bräcke&amp;till=Jönköping</loc><changefreq>monthly</changefreq></url>
Sunne,Piteå,540,400,Avståndet mellan Sunne och Piteå är 540 km och Karl-Johan Gyllenstorm beräknade körtiden till cirka 400 minuter.,<url><loc>https://pendlings-app1.t-767929534-cloudflare.workers.dev/?fran=Sunne&amp;till=Piteå</loc><changefreq>monthly</changefreq></url>
Trelleborg,Mark,906,573,Avståndet mellan Trelleborg och Mark är 906 km och Karl-Johan Gyllenstorm beräknade körtiden till cirka 573 minuter.,<url><loc>https://pendlings-app1.t-767929534-cloudflare.workers.dev/?fran=Trelleborg&amp;till=Mark</loc><changefreq>monthly</changefreq></url>
Klippan,Eslöv,1439,1056,Avståndet mellan Klippan och Eslöv är 1439 km och Karl-Johan Gyllenstorm beräknade körtiden till cirka 1056 minuter.,<url><loc>https://pendlings-app1.t-767929534-cloudflare.workers.dev/?fran=Klippan&amp;till=Eslöv</loc><changefreq>monthly</changefreq></url>
Härjedalen,Dorotea,1121,889,Avståndet mellan Härjedalen och Dorotea är 1121 km och Karl-Johan Gyllenstorm beräknade körtiden till cirka 889 minuter.,<url><loc>https://pendlings-app1.t-767929534-cloudflare.workers.dev/?fran=Härjedalen&amp;till=Dorotea</loc><changefreq>monthly</changefreq></url>
Tomelilla,Kalix,73,49,Avståndet mellan Tomelilla och Kalix är 73 km och Karl-Johan Gyllenstorm beräknade körtiden till cirka 49 minuter.,<url><loc>https://pendlings-app1.t-767929534-cloudflare.workers.dev/?fran=Tomelilla&amp;till=Kalix</loc><changefreq>monthly</changefreq></url>
Oskarshamn,Hallstahammar,650,479,Avståndet mellan Oskarshamn och Hallstahammar är 650 km och Karl-Johan Gyllenstorm beräknade körtiden till cirka 479 minuter.,<url><loc>https://pendlings-app1.t-767929534-cloudflare.workers.dev/?fran=Oskarshamn&amp;till=Hallstahammar</loc><changefreq>monthly</changefreq></url>
Sälen,Boden,147,107,Avståndet mellan Sälen och Boden är 147 km och Karl-Johan Gyllenstorm beräknade körtiden till cirka 107 minuter.,<url><loc>https://pendlings-app1.t-767929534-cloudflare.workers.dev/?fran=Sälen&amp;till=Boden</loc><changefreq>monthly</changefreq></url>
Kiruna,Smedjebacken,90,62,Avståndet mellan Kiruna och Smedjebacken är 90 km och Karl-Johan Gyllenstorm beräknade körtiden till cirka 62 minuter.,<url><loc>https://pendlings-app1.t-767929534-cloudflare.workers.dev/?fran=Kiruna&amp;till=Smedjebacken</loc><changefreq>monthly</changefreq></url>
Surahammar,Växjö,1114,832,Avståndet mellan Surahammar och Växjö är 1114 km och Karl-Johan Gyllenstorm beräknade körtiden till cirka 832 minuter.,<url><loc>https://pendlings-app1.t-767929534-cloudflare.workers.dev/?fran=Surahammar&amp;till=Växjö</loc><changefreq>monthly</changefreq></url>
Lidköping,Norberg,974,746,Avståndet mellan Lidköping och Norberg är 974 km och Karl-Johan Gyllenstorm beräknade körtiden till cirka 746 minuter.,<url><loc>https://pendlings-app1.t-767929534-cloudflare.workers.dev/?fran=Lidköping&amp;till=Norberg</loc><changefreq>monthly</changefreq></url>
Tomelilla,Ydre,41,32,Avståndet mellan Tomelilla och Ydre är 41 km och Karl-Johan Gyllenstorm beräknade körtiden till cirka 32 minuter.,<url><loc>https://pendlings-app1.t-767929534-cloudflare.workers.dev/?fran=Tomelilla&amp;till=Ydre</loc><changefreq>monthly</changefreq></url>
Sävsjö,Motala,428,319,Avståndet mellan Sävsjö och Motala är 428 km och Karl-Johan Gyllenstorm beräknade körtiden till cirka 319 minuter.,<url><loc>https://pendlings-app1.t-767929534-cloudflare.workers.dev/?fran=Sävsjö&amp;till=Motala</loc><changefreq>monthly</changefreq></url>
Smedjebacken,Hässleholm,1260,838,Avståndet mellan Smedjebacken och Hässleholm är 1260 km och Karl-Johan Gyllenstorm beräknade körtiden till cirka 838 minuter.,<url><loc>https://pendlings-app1.t-767929534-cloudflare.workers.dev/?fran=Smedjebacken&amp;till=Hässleholm</loc><changefreq>monthly</changefreq></url>
Tibro,Tomelilla,1186,937,Avståndet mellan Tibro och Tomelilla är 1186 km och Karl-Johan Gyllenstorm beräknade körtiden till cirka 937 minuter.,<url><loc>https://pendlings-app1.t-767929534-cloudflare.workers.dev/?fran=Tibro&amp;till=Tomelilla</loc><changefreq>monthly</changefreq></url>
Tomelilla,Sjöbo,982,702,Avståndet mellan Tomelilla och Sjöbo är 982 km och Karl-Johan Gyllenstorm beräknade körtiden till cirka 702 minuter.,<url><loc>https://pendlings-app1.t-767929534-cloudflare.workers.dev/?fran=Tomelilla&amp;till=Sjöbo</loc><changefreq>monthly</changefreq></url>
Bollebygd,Gimo,1028,662,Avståndet mellan Bollebygd och Gimo är 1028 km och Karl-Johan Gyllenstorm beräknade körtiden till cirka 662 minuter.,<url><loc>https://pendlings-app1.t-767929534-cloudflare.workers.dev/?fran=Bollebygd&amp;till=Gimo</loc><changefreq>monthly</changefreq></url>
Lysekil,Pajala,1233,910,Avståndet mellan Lysekil och Pajala är 1233 km och Karl-Johan Gyllenstorm beräknade körtiden till cirka 910 minuter.,<url><loc>https://pendlings-app1.t-767929534-cloudflare.workers.dev/?fran=Lysekil&amp;till=Pajala</loc><changefreq>monthly</changefreq></url>
Eskilstuna,Linköping,1325,876,Avståndet mellan Eskilstuna och Linköping är 1325 km och Karl-Johan Gyllenstorm beräknade körtiden till cirka 876 minuter.,<url><loc>https://pendlings-app1.t-767929534-cloudflare.workers.dev/?fran=Eskilstuna&amp;till=Linköping</loc><changefreq>monthly</changefreq></url>
Olofström,Piteå,732,497,Avståndet mellan Olofström och Piteå är 732 km och Karl-Johan Gyllenstorm beräknade körtiden till cirka 497 minuter.,<url><loc>https://pendlings-app1.t-767929534-cloudflare.workers.dev/?fran=Olofström&amp;till=Piteå</loc><changefreq>monthly</changefreq></url>
Grums,Strömstad,1429,1142,Avståndet mellan Grums och Strömstad är 1429 km och Karl-Johan Gyllenstorm beräknade körtiden till cirka 1142 minuter.,<url><loc>https://pendlings-app1.t-767929534-cloudflare.workers.dev/?fran=Grums&amp;till=Strömstad</loc><changefreq>monthly</changefreq></url>
Varberg,Visby,1176,755,Avståndet mellan Varberg och Visby är 1176 km och Karl-Johan Gyllenstorm beräknade körtiden till cirka 755 minuter.,<url><loc>https://pendlings-app1.t-767929534-cloudflare.workers.dev/?fran=Varberg&amp;till=Visby</loc><changefreq>monthly</changefreq></url>
Olofström,Fårösund,154,111,Avståndet mellan Olofström och Fårösund är 154 km och Karl-Johan Gyllenstorm beräknade körtiden till cirka 111 minuter.,<url><loc>https://pendlings-app1.t-767929534-cloudflare.workers.dev/?fran=Olofström&amp;till=Fårösund</loc><changefreq>monthly</changefreq></url>
Helsingborg,Gnestad,711,495,Avståndet mellan Helsingborg och Gnestad är 711 km och Karl-Johan Gyllenstorm beräknade körtiden till cirka 495 minuter.,<url><loc>https://pendlings-app1.t-767929534-cloudflare.workers.dev/?fran=Helsingborg&amp;till=Gnestad</loc><changefreq>monthly</changefreq></url>
Bålsta,Arvika,744,578,Avståndet mellan Bålsta och Arvika är 744 km och Karl-Johan Gyllenstorm beräknade körtiden till cirka 578 minuter.,<url><loc>https://pendlings-app1.t-767929534-cloudflare.workers.dev/?fran=Bålsta&amp;till=Arvika</loc><changefreq>monthly</changefreq></url>
Vellinge,Strängnäs,103,70,Avståndet mellan Vellinge och Strängnäs är 103 km och Karl-Johan Gyllenstorm beräknade körtiden till cirka 70 minuter.,<url><loc>https://pendlings-app1.t-767929534-cloudflare.workers.dev/?fran=Vellinge&amp;till=Strängnäs</loc><changefreq>monthly</changefreq></url>
Norrköping,Kungsbacka,1436,969,Avståndet mellan Norrköping och Kungsbacka är 1436 km och Karl-Johan Gyllenstorm beräknade körtiden till cirka 969 minuter.,<url><loc>https://pendlings-app1.t-767929534-cloudflare.workers.dev/?fran=Norrköping&amp;till=Kungsbacka</loc><changefreq>monthly</changefreq></url>
Eskilstuna,Härjedalen,34,25,Avståndet mellan Eskilstuna och Härjedalen är 34 km och Karl-Johan Gyllenstorm beräknade körtiden till cirka 25 minuter.,<url><loc>https://pendlings-app1.t-767929534-cloudflare.workers.dev/?fran=Eskilstuna&amp;till=Härjedalen</loc><changefreq>monthly</changefreq></url>
Havdhem,Tofta,728,579,Avståndet mellan Havdhem och Tofta är 728 km och Karl-Johan Gyllenstorm beräknade körtiden till cirka 579 minuter.,<url><loc>https://pendlings-app1.t-767929534-cloudflare.workers.dev/?fran=Havdhem&amp;till=Tofta</loc><changefreq>monthly</changefreq></url>
Hässleholm,Degerfors,403,257,Avståndet mellan Hässleholm och Degerfors är 403 km och Karl-Johan Gyllenstorm beräknade körtiden till cirka 257 minuter.,<url><loc>https://pendlings-app1.t-767929534-cloudflare.workers.dev/?fran=Hässleholm&amp;till=Degerfors</loc><changefreq>monthly</changefreq></url>
Hässleholm,Sölvesborg,217,160,Avståndet mellan Hässleholm och Sölvesborg är 217 km och Karl-Johan Gyllenstorm beräknade körtiden till cirka 160 minuter.,<url><loc>https://pendlings-app1.t-767929534-cloudflare.workers.dev/?fran=Hässleholm&amp;till=Sölvesborg</loc><changefreq>monthly</changefreq></url>
Burgsvik,Mullsjö,728,549,Avståndet mellan Burgsvik och Mullsjö är 728 km och Karl-Johan Gyllenstorm beräknade körtiden till cirka 549 minuter.,<url><loc>https://pendlings-app1.t-767929534-cloudflare.workers.dev/?fran=Burgsvik&amp;till=Mullsjö</loc><changefreq>monthly</changefreq></url>
Klippan,Hjo,157,121,Avståndet mellan Klippan och Hjo är 157 km och Karl-Johan Gyllenstorm beräknade körtiden till cirka 121 minuter.,<url><loc>https://pendlings-app1.t-767929534-cloudflare.workers.dev/?fran=Klippan&amp;till=Hjo</loc><changefreq>monthly</changefreq></url>
Mark,Kils,975,673,Avståndet mellan Mark och Kils är 975 km och Karl-Johan Gyllenstorm beräknade körtiden till cirka 673 minuter.,<url><loc>https://pendlings-app1.t-767929534-cloudflare.workers.dev/?fran=Mark&amp;till=Kils</loc><changefreq>monthly</changefreq></url>
Visby,Söderköping,1425,964,Avståndet mellan Visby och Söderköping är 1425 km och Karl-Johan Gyllenstorm beräknade körtiden till cirka 964 minuter.,<url><loc>https://pendlings-app1.t-767929534-cloudflare.workers.dev/?fran=Visby&amp;till=Söderköping</loc><changefreq>monthly</changefreq></url>
Skutskär,Nyköping,1426,1074,Avståndet mellan Skutskär och Nyköping är 1426 km och Karl-Johan Gyllenstorm beräknade körtiden till cirka 1074 minuter.,<url><loc>https://pendlings-app1.t-767929534-cloudflare.workers.dev/?fran=Skutskär&amp;till=Nyköping</loc><changefreq>monthly</changefreq></url>
Bålsta,Västerås,483,322,Avståndet mellan Bålsta och Västerås är 483 km och Karl-Johan Gyllenstorm beräknade körtiden till cirka 322 minuter.,<url><loc>https://pendlings-app1.t-767929534-cloudflare.workers.dev/?fran=Bålsta&amp;till=Västerås</loc><changefreq>monthly</changefreq></url>
Nybro,Tingstäde,1295,843,Avståndet mellan Nybro och Tingstäde är 1295 km och Karl-Johan Gyllenstorm beräknade körtiden till cirka 843 minuter.,<url><loc>https://pendlings-app1.t-767929534-cloudflare.workers.dev/?fran=Nybro&amp;till=Tingstäde</loc><changefreq>monthly</changefreq></url>
Hjo,Klintehamn,702,535,Avståndet mellan Hjo och Klintehamn är 702 km och Karl-Johan Gyllenstorm beräknade körtiden till cirka 535 minuter.,<url><loc>https://pendlings-app1.t-767929534-cloudflare.workers.dev/?fran=Hjo&amp;till=Klintehamn</loc><changefreq>monthly</changefreq></url>
Jokkmokk,Halmstad,230,179,Avståndet mellan Jokkmokk och Halmstad är 230 km och Karl-Johan Gyllenstorm beräknade körtiden till cirka 179 minuter.,<url><loc>https://pendlings-app1.t-767929534-cloudflare.workers.dev/?fran=Jokkmokk&amp;till=Halmstad</loc><changefreq>monthly</changefreq></url>
Arvika,Vilhelmina,514,350,Avståndet mellan Arvika och Vilhelmina är 514 km och Karl-Johan Gyllenstorm beräknade körtiden till cirka 350 minuter.,<url><loc>https://pendlings-app1.t-767929534-cloudflare.workers.dev/?fran=Arvika&amp;till=Vilhelmina</loc><changefreq>monthly</changefreq></url>
Piteå,Ystad,1204,956,Avståndet mellan Piteå och Ystad är 1204 km och Karl-Johan Gyllenstorm beräknade körtiden till cirka 956 minuter.,<url><loc>https://pendlings-app1.t-767929534-cloudflare.workers.dev/?fran=Piteå&amp;till=Ystad</loc><changefreq>monthly</changefreq></url>
Grums,Storuman,366,265,Avståndet mellan Grums och Storuman är 366 km och Karl-Johan Gyllenstorm beräknade körtiden till cirka 265 minuter.,<url><loc>https://pendlings-app1.t-767929534-cloudflare.workers.dev/?fran=Grums&amp;till=Storuman</loc><changefreq>monthly</changefreq></url>
Grästorp,Vansbro,403,261,Avståndet mellan Grästorp och Vansbro är 403 km och Karl-Johan Gyllenstorm beräknade körtiden till cirka 261 minuter.,<url><loc>https://pendlings-app1.t-767929534-cloudflare.workers.dev/?fran=Grästorp&amp;till=Vansbro</loc><changefreq>monthly</changefreq></url>
Halmstad,Simrishamn,566,435,Avståndet mellan Halmstad och Simrishamn är 566 km och Karl-Johan Gyllenstorm beräknade körtiden till cirka 435 minuter.,<url><loc>https://pendlings-app1.t-767929534-cloudflare.workers.dev/?fran=Halmstad&amp;till=Simrishamn</loc><changefreq>monthly</changefreq></url>
Burgsvik,Åmål,914,597,Avståndet mellan Burgsvik och Åmål är 914 km och Karl-Johan Gyllenstorm beräknade körtiden till cirka 597 minuter.,<url><loc>https://pendlings-app1.t-767929534-cloudflare.workers.dev/?fran=Burgsvik&amp;till=Åmål</loc><changefreq>monthly</changefreq></url>
Hässleholm,Nora,803,517,Avståndet mellan Hässleholm och Nora är 803 km och Karl-Johan Gyllenstorm beräknade körtiden till cirka 517 minuter.,<url><loc>https://pendlings-app1.t-767929534-cloudflare.workers.dev/?fran=Hässleholm&amp;till=Nora</loc><changefreq>monthly</changefreq></url>
Vingåker,Sala,1392,1020,Avståndet mellan Vingåker och Sala är 1392 km och Karl-Johan Gyllenstorm beräknade körtiden till cirka 1020 minuter.,<url><loc>https://pendlings-app1.t-767929534-cloudflare.workers.dev/?fran=Vingåker&amp;till=Sala</loc><changefreq>monthly</changefreq></url>
Lycksele,Färgelanda,1442,1138,Avståndet mellan Lycksele och Färgelanda är 1442 km och Karl-Johan Gyllenstorm beräknade körtiden till cirka 1138 minuter.,<url><loc>https://pendlings-app1.t-767929534-cloudflare.workers.dev/?fran=Lycksele&amp;till=Färgelanda</loc><changefreq>monthly</changefreq></url>
Lärbro,Mönsterås,769,543,Avståndet mellan Lärbro och Mönsterås är 769 km och Karl-Johan Gyllenstorm beräknade körtiden till cirka 543 minuter.,<url><loc>https://pendlings-app1.t-767929534-cloudflare.workers.dev/?fran=Lärbro&amp;till=Mönsterås</loc><changefreq>monthly</changefreq></url>
Olofström,Kalmar,1107,842,Avståndet mellan Olofström och Kalmar är 1107 km och Karl-Johan Gyllenstorm beräknade körtiden till cirka 842 minuter.,<url><loc>https://pendlings-app1.t-767929534-cloudflare.workers.dev/?fran=Olofström&amp;till=Kalmar</loc><changefreq>monthly</changefreq></url>
Grums,Årjäng,1411,1032,Avståndet mellan Grums och Årjäng är 1411 km och Karl-Johan Gyllenstorm beräknade körtiden till cirka 1032 minuter.,<url><loc>https://pendlings-app1.t-767929534-cloudflare.workers.dev/?fran=Grums&amp;till=Årjäng</loc><changefreq>monthly</changefreq></url>
Skutskär,Mjölby,624,457,Avståndet mellan Skutskär och Mjölby är 624 km och Karl-Johan Gyllenstorm beräknade körtiden till cirka 457 minuter.,<url><loc>https://pendlings-app1.t-767929534-cloudflare.workers.dev/?fran=Skutskär&amp;till=Mjölby</loc><changefreq>monthly</changefreq></url>
Kristianstad,Karlskrona,189,141,Avståndet mellan Kristianstad och Karlskrona är 189 km och Karl-Johan Gyllenstorm beräknade körtiden till cirka 141 minuter.,<url><loc>https://pendlings-app1.t-767929534-cloudflare.workers.dev/?fran=Kristianstad&amp;till=Karlskrona</loc><changefreq>monthly</changefreq></url>
Örkelljunga,Bollebygd,908,576,Avståndet mellan Örkelljunga och Bollebygd är 908 km och Karl-Johan Gyllenstorm beräknade körtiden till cirka 576 minuter.,<url><loc>https://pendlings-app1.t-767929534-cloudflare.workers.dev/?fran=Örkelljunga&amp;till=Bollebygd</loc><changefreq>monthly</changefreq></url>
Hagfors,Stånga,1261,827,Avståndet mellan Hagfors och Stånga är 1261 km och Karl-Johan Gyllenstorm beräknade körtiden till cirka 827 minuter.,<url><loc>https://pendlings-app1.t-767929534-cloudflare.workers.dev/?fran=Hagfors&amp;till=Stånga</loc><changefreq>monthly</changefreq></url>
Vara,Ånge,1306,1023,Avståndet mellan Vara och Ånge är 1306 km och Karl-Johan Gyllenstorm beräknade körtiden till cirka 1023 minuter.,<url><loc>https://pendlings-app1.t-767929534-cloudflare.workers.dev/?fran=Vara&amp;till=Ånge</loc><changefreq>monthly</changefreq></url>
Orsa,Eskilstuna,500,368,Avståndet mellan Orsa och Eskilstuna är 500 km och Karl-Johan Gyllenstorm beräknade körtiden till cirka 368 minuter.,<url><loc>https://pendlings-app1.t-767929534-cloudflare.workers.dev/?fran=Orsa&amp;till=Eskilstuna</loc><changefreq>monthly</changefreq></url>
Strömstad,Västerås,185,131,Avståndet mellan Strömstad och Västerås är 185 km och Karl-Johan Gyllenstorm beräknade körtiden till cirka 131 minuter.,<url><loc>https://pendlings-app1.t-767929534-cloudflare.workers.dev/?fran=Strömstad&amp;till=Västerås</loc><changefreq>monthly</changefreq></url>
Klintehamn,Essunga,648,475,Avståndet mellan Klintehamn och Essunga är 648 km och Karl-Johan Gyllenstorm beräknade körtiden till cirka 475 minuter.,<url><loc>https://pendlings-app1.t-767929534-cloudflare.workers.dev/?fran=Klintehamn&amp;till=Essunga</loc><changefreq>monthly</changefreq></url>
Västerås,Gagnef,757,559,Avståndet mellan Västerås och Gagnef är 757 km och Karl-Johan Gyllenstorm beräknade körtiden till cirka 559 minuter.,<url><loc>https://pendlings-app1.t-767929534-cloudflare.workers.dev/?fran=Västerås&amp;till=Gagnef</loc><changefreq>monthly</changefreq></url>
Tomelilla,Vansbro,1426,1078,Avståndet mellan Tomelilla och Vansbro är 1426 km och Karl-Johan Gyllenstorm beräknade körtiden till cirka 1078 minuter.,<url><loc>https://pendlings-app1.t-767929534-cloudflare.workers.dev/?fran=Tomelilla&amp;till=Vansbro</loc><changefreq>monthly</changefreq></url>
Laholm,Oxelösund,954,643,Avståndet mellan Laholm och Oxelösund är 954 km och Karl-Johan Gyllenstorm beräknade körtiden till cirka 643 minuter.,<url><loc>https://pendlings-app1.t-767929534-cloudflare.workers.dev/?fran=Laholm&amp;till=Oxelösund</loc><changefreq>monthly</changefreq></url>
Pajala,Trelleborg,880,679,Avståndet mellan Pajala och Trelleborg är 880 km och Karl-Johan Gyllenstorm beräknade körtiden till cirka 679 minuter.,<url><loc>https://pendlings-app1.t-767929534-cloudflare.workers.dev/?fran=Pajala&amp;till=Trelleborg</loc><changefreq>monthly</changefreq></url>
Trelleborg,Västervik,406,284,Avståndet mellan Trelleborg och Västervik är 406 km och Karl-Johan Gyllenstorm beräknade körtiden till cirka 284 minuter.,<url><loc>https://pendlings-app1.t-767929534-cloudflare.workers.dev/?fran=Trelleborg&amp;till=Västervik</loc><changefreq>monthly</changefreq></url>
Uddevalla,Tranås,245,176,Avståndet mellan Uddevalla och Tranås är 245 km och Karl-Johan Gyllenstorm beräknade körtiden till cirka 176 minuter.,<url><loc>https://pendlings-app1.t-767929534-cloudflare.workers.dev/?fran=Uddevalla&amp;till=Tranås</loc><changefreq>monthly</changefreq></url>
Laholm,Hudiksvall,434,326,Avståndet mellan Laholm och Hudiksvall är 434 km och Karl-Johan Gyllenstorm beräknade körtiden till cirka 326 minuter.,<url><loc>https://pendlings-app1.t-767929534-cloudflare.workers.dev/?fran=Laholm&amp;till=Hudiksvall</loc><changefreq>monthly</changefreq></url>
Pajala,Gislaved,537,390,Avståndet mellan Pajala och Gislaved är 537 km och Karl-Johan Gyllenstorm beräknade körtiden till cirka 390 minuter.,<url><loc>https://pendlings-app1.t-767929534-cloudflare.workers.dev/?fran=Pajala&amp;till=Gislaved</loc><changefreq>monthly</changefreq></url>
Ockelbo,Östra Göinge,312,204,Avståndet mellan Ockelbo och Östra Göinge är 312 km och Karl-Johan Gyllenstorm beräknade körtiden till cirka 204 minuter.,<url><loc>https://pendlings-app1.t-767929534-cloudflare.workers.dev/?fran=Ockelbo&amp;till=Östra Göinge</loc><changefreq>monthly</changefreq></url>
Svalöv,Bengtsfors,1392,1027,Avståndet mellan Svalöv och Bengtsfors är 1392 km och Karl-Johan Gyllenstorm beräknade körtiden till cirka 1027 minuter.,<url><loc>https://pendlings-app1.t-767929534-cloudflare.workers.dev/?fran=Svalöv&amp;till=Bengtsfors</loc><changefreq>monthly</changefreq></url>
Surahammar,Sundsvall,999,727,Avståndet mellan Surahammar och Sundsvall är 999 km och Karl-Johan Gyllenstorm beräknade körtiden till cirka 727 minuter.,<url><loc>https://pendlings-app1.t-767929534-cloudflare.workers.dev/?fran=Surahammar&amp;till=Sundsvall</loc><changefreq>monthly</changefreq></url>
Sundsvall,Eskilstuna,891,598,Avståndet mellan Sundsvall och Eskilstuna är 891 km och Karl-Johan Gyllenstorm beräknade körtiden till cirka 598 minuter.,<url><loc>https://pendlings-app1.t-767929534-cloudflare.workers.dev/?fran=Sundsvall&amp;till=Eskilstuna</loc><changefreq>monthly</changefreq></url>
Örebro,Årjäng,366,243,Avståndet mellan Örebro och Årjäng är 366 km och Karl-Johan Gyllenstorm beräknade körtiden till cirka 243 minuter.,<url><loc>https://pendlings-app1.t-767929534-cloudflare.workers.dev/?fran=Örebro&amp;till=Årjäng</loc><changefreq>monthly</changefreq></url>
Skellefteå,Vellinge,552,357,Avståndet mellan Skellefteå och Vellinge är 552 km och Karl-Johan Gyllenstorm beräknade körtiden till cirka 357 minuter.,<url><loc>https://pendlings-app1.t-767929534-cloudflare.workers.dev/?fran=Skellefteå&amp;till=Vellinge</loc><changefreq>monthly</changefreq></url>
Uppsala,Sveg,380,253,Avståndet mellan Uppsala och Sveg är 380 km och Karl-Johan Gyllenstorm beräknade körtiden till cirka 253 minuter.,<url><loc>https://pendlings-app1.t-767929534-cloudflare.workers.dev/?fran=Uppsala&amp;till=Sveg</loc><changefreq>monthly</changefreq></url>
Ludvika,Filipstad,83,58,Avståndet mellan Ludvika och Filipstad är 83 km och Karl-Johan Gyllenstorm beräknade körtiden till cirka 58 minuter.,<url><loc>https://pendlings-app1.t-767929534-cloudflare.workers.dev/?fran=Ludvika&amp;till=Filipstad</loc><changefreq>monthly</changefreq></url>
Vilhelmina,Tingstäde,1101,854,Avståndet mellan Vilhelmina och Tingstäde är 1101 km och Karl-Johan Gyllenstorm beräknade körtiden till cirka 854 minuter.,<url><loc>https://pendlings-app1.t-767929534-cloudflare.workers.dev/?fran=Vilhelmina&amp;till=Tingstäde</loc><changefreq>monthly</changefreq></url>
Östhammar,Enköping,1366,978,Avståndet mellan Östhammar och Enköping är 1366 km och Karl-Johan Gyllenstorm beräknade körtiden till cirka 978 minuter.,<url><loc>https://pendlings-app1.t-767929534-cloudflare.workers.dev/?fran=Östhammar&amp;till=Enköping</loc><changefreq>monthly</changefreq></url>
Ydre,Höör,352,281,Avståndet mellan Ydre och Höör är 352 km och Karl-Johan Gyllenstorm beräknade körtiden till cirka 281 minuter.,<url><loc>https://pendlings-app1.t-767929534-cloudflare.workers.dev/?fran=Ydre&amp;till=Höör</loc><changefreq>monthly</changefreq></url>
Hofors,Hyltebruk,1297,831,Avståndet mellan Hofors och Hyltebruk är 1297 km och Karl-Johan Gyllenstorm beräknade körtiden till cirka 831 minuter.,<url><loc>https://pendlings-app1.t-767929534-cloudflare.workers.dev/?fran=Hofors&amp;till=Hyltebruk</loc><changefreq>monthly</changefreq></url>
Vibble,Huddinge,893,620,Avståndet mellan Vibble och Huddinge är 893 km och Karl-Johan Gyllenstorm beräknade körtiden till cirka 620 minuter.,<url><loc>https://pendlings-app1.t-767929534-cloudflare.workers.dev/?fran=Vibble&amp;till=Huddinge</loc><changefreq>monthly</changefreq></url>
Linköping,Mora,196,135,Avståndet mellan Linköping och Mora är 196 km och Karl-Johan Gyllenstorm beräknade körtiden till cirka 135 minuter.,<url><loc>https://pendlings-app1.t-767929534-cloudflare.workers.dev/?fran=Linköping&amp;till=Mora</loc><changefreq>monthly</changefreq></url>
Hallsberg,Stockholm,908,683,Avståndet mellan Hallsberg och Stockholm är 908 km och Karl-Johan Gyllenstorm beräknade körtiden till cirka 683 minuter.,<url><loc>https://pendlings-app1.t-767929534-cloudflare.workers.dev/?fran=Hallsberg&amp;till=Stockholm</loc><changefreq>monthly</changefreq></url>
Stånga,Motala,506,325,Avståndet mellan Stånga och Motala är 506 km och Karl-Johan Gyllenstorm beräknade körtiden till cirka 325 minuter.,<url><loc>https://pendlings-app1.t-767929534-cloudflare.workers.dev/?fran=Stånga&amp;till=Motala</loc><changefreq>monthly</changefreq></url>
Övertorneå,Hedemora,1249,917,Avståndet mellan Övertorneå och Hedemora är 1249 km och Karl-Johan Gyllenstorm beräknade körtiden till cirka 917 minuter.,<url><loc>https://pendlings-app1.t-767929534-cloudflare.workers.dev/?fran=Övertorneå&amp;till=Hedemora</loc><changefreq>monthly</changefreq></url>
Sveg,Gällivare,176,126,Avståndet mellan Sveg och Gällivare är 176 km och Karl-Johan Gyllenstorm beräknade körtiden till cirka 126 minuter.,<url><loc>https://pendlings-app1.t-767929534-cloudflare.workers.dev/?fran=Sveg&amp;till=Gällivare</loc><changefreq>monthly</changefreq></url>
Örnsköldsvik,Karlshamn,1036,663,Avståndet mellan Örnsköldsvik och Karlshamn är 1036 km och Karl-Johan Gyllenstorm beräknade körtiden till cirka 663 minuter.,<url><loc>https://pendlings-app1.t-767929534-cloudflare.workers.dev/?fran=Örnsköldsvik&amp;till=Karlshamn</loc><changefreq>monthly</changefreq></url>
Gnosjö,Arvika,661,485,Avståndet mellan Gnosjö och Arvika är 661 km och Karl-Johan Gyllenstorm beräknade körtiden till cirka 485 minuter.,<url><loc>https://pendlings-app1.t-767929534-cloudflare.workers.dev/?fran=Gnosjö&amp;till=Arvika</loc><changefreq>monthly</changefreq></url>
Kristinehamn,Kävlinge,700,470,Avståndet mellan Kristinehamn och Kävlinge är 700 km och Karl-Johan Gyllenstorm beräknade körtiden till cirka 470 minuter.,<url><loc>https://pendlings-app1.t-767929534-cloudflare.workers.dev/?fran=Kristinehamn&amp;till=Kävlinge</loc><changefreq>monthly</changefreq></url>
Karlskrona,Laholm,1233,862,Avståndet mellan Karlskrona och Laholm är 1233 km och Karl-Johan Gyllenstorm beräknade körtiden till cirka 862 minuter.,<url><loc>https://pendlings-app1.t-767929534-cloudflare.workers.dev/?fran=Karlskrona&amp;till=Laholm</loc><changefreq>monthly</changefreq></url>
Oxelösund,Stockholm,281,181,Avståndet mellan Oxelösund och Stockholm är 281 km och Karl-Johan Gyllenstorm beräknade körtiden till cirka 181 minuter.,<url><loc>https://pendlings-app1.t-767929534-cloudflare.workers.dev/?fran=Oxelösund&amp;till=Stockholm</loc><changefreq>monthly</changefreq></url>
Örkelljunga,Åsele,882,631,Avståndet mellan Örkelljunga och Åsele är 882 km och Karl-Johan Gyllenstorm beräknade körtiden till cirka 631 minuter.,<url><loc>https://pendlings-app1.t-767929534-cloudflare.workers.dev/?fran=Örkelljunga&amp;till=Åsele</loc><changefreq>monthly</changefreq></url>
Skellefteå,Gagnef,1410,929,Avståndet mellan Skellefteå och Gagnef är 1410 km och Karl-Johan Gyllenstorm beräknade körtiden till cirka 929 minuter.,<url><loc>https://pendlings-app1.t-767929534-cloudflare.workers.dev/?fran=Skellefteå&amp;till=Gagnef</loc><changefreq>monthly</changefreq></url>
Södertälje,Gagnef,379,242,Avståndet mellan Södertälje och Gagnef är 379 km och Karl-Johan Gyllenstorm beräknade körtiden till cirka 242 minuter.,<url><loc>https://pendlings-app1.t-767929534-cloudflare.workers.dev/?fran=Södertälje&amp;till=Gagnef</loc><changefreq>monthly</changefreq></url>
Sjöbo,Gävle,465,346,Avståndet mellan Sjöbo och Gävle är 465 km och Karl-Johan Gyllenstorm beräknade körtiden till cirka 346 minuter.,<url><loc>https://pendlings-app1.t-767929534-cloudflare.workers.dev/?fran=Sjöbo&amp;till=Gävle</loc><changefreq>monthly</changefreq></url>
Arboga,Hallstahammar,494,324,Avståndet mellan Arboga och Hallstahammar är 494 km och Karl-Johan Gyllenstorm beräknade körtiden till cirka 324 minuter.,<url><loc>https://pendlings-app1.t-767929534-cloudflare.workers.dev/?fran=Arboga&amp;till=Hallstahammar</loc><changefreq>monthly</changefreq></url>
Bollnäs,Orsa,1112,714,Avståndet mellan Bollnäs och Orsa är 1112 km och Karl-Johan Gyllenstorm beräknade körtiden till cirka 714 minuter.,<url><loc>https://pendlings-app1.t-767929534-cloudflare.workers.dev/?fran=Bollnäs&amp;till=Orsa</loc><changefreq>monthly</changefreq></url>
Oskarshamn,Knivsta,1111,708,Avståndet mellan Oskarshamn och Knivsta är 1111 km och Karl-Johan Gyllenstorm beräknade körtiden till cirka 708 minuter.,<url><loc>https://pendlings-app1.t-767929534-cloudflare.workers.dev/?fran=Oskarshamn&amp;till=Knivsta</loc><changefreq>monthly</changefreq></url>
Motala,Klippan,656,463,Avståndet mellan Motala och Klippan är 656 km och Karl-Johan Gyllenstorm beräknade körtiden till cirka 463 minuter.,<url><loc>https://pendlings-app1.t-767929534-cloudflare.workers.dev/?fran=Motala&amp;till=Klippan</loc><changefreq>monthly</changefreq></url>
Ängelholm,Borås,210,143,Avståndet mellan Ängelholm och Borås är 210 km och Karl-Johan Gyllenstorm beräknade körtiden till cirka 143 minuter.,<url><loc>https://pendlings-app1.t-767929534-cloudflare.workers.dev/?fran=Ängelholm&amp;till=Borås</loc><changefreq>monthly</changefreq></url>
Jönköping,Vibble,1356,1042,Avståndet mellan Jönköping och Vibble är 1356 km och Karl-Johan Gyllenstorm beräknade körtiden till cirka 1042 minuter.,<url><loc>https://pendlings-app1.t-767929534-cloudflare.workers.dev/?fran=Jönköping&amp;till=Vibble</loc><changefreq>monthly</changefreq></url>
Emmaboda,Hemse,322,235,Avståndet mellan Emmaboda och Hemse är 322 km och Karl-Johan Gyllenstorm beräknade körtiden till cirka 235 minuter.,<url><loc>https://pendlings-app1.t-767929534-cloudflare.workers.dev/?fran=Emmaboda&amp;till=Hemse</loc><changefreq>monthly</changefreq></url>
Hudiksvall,Slite,521,377,Avståndet mellan Hudiksvall och Slite är 521 km och Karl-Johan Gyllenstorm beräknade körtiden till cirka 377 minuter.,<url><loc>https://pendlings-app1.t-767929534-cloudflare.workers.dev/?fran=Hudiksvall&amp;till=Slite</loc><changefreq>monthly</changefreq></url>
Bollnäs,Boden,775,612,Avståndet mellan Bollnäs och Boden är 775 km och Karl-Johan Gyllenstorm beräknade körtiden till cirka 612 minuter.,<url><loc>https://pendlings-app1.t-767929534-cloudflare.workers.dev/?fran=Bollnäs&amp;till=Boden</loc><changefreq>monthly</changefreq></url>
Tranemo,Visby,1416,1091,Avståndet mellan Tranemo och Visby är 1416 km och Karl-Johan Gyllenstorm beräknade körtiden till cirka 1091 minuter.,<url><loc>https://pendlings-app1.t-767929534-cloudflare.workers.dev/?fran=Tranemo&amp;till=Visby</loc><changefreq>monthly</changefreq></url>
Norrköping,Kristianstad,384,254,Avståndet mellan Norrköping och Kristianstad är 384 km och Karl-Johan Gyllenstorm beräknade körtiden till cirka 254 minuter.,<url><loc>https://pendlings-app1.t-767929534-cloudflare.workers.dev/?fran=Norrköping&amp;till=Kristianstad</loc><changefreq>monthly</changefreq></url>
Ed,Vetlanda,511,397,Avståndet mellan Ed och Vetlanda är 511 km och Karl-Johan Gyllenstorm beräknade körtiden till cirka 397 minuter.,<url><loc>https://pendlings-app1.t-767929534-cloudflare.workers.dev/?fran=Ed&amp;till=Vetlanda</loc><changefreq>monthly</changefreq></url>
Falköping,Karlshamn,547,423,Avståndet mellan Falköping och Karlshamn är 547 km och Karl-Johan Gyllenstorm beräknade körtiden till cirka 423 minuter.,<url><loc>https://pendlings-app1.t-767929534-cloudflare.workers.dev/?fran=Falköping&amp;till=Karlshamn</loc><changefreq>monthly</changefreq></url>
Smedjebacken,Sunne,765,508,Avståndet mellan Smedjebacken och Sunne är 765 km och Karl-Johan Gyllenstorm beräknade körtiden till cirka 508 minuter.,<url><loc>https://pendlings-app1.t-767929534-cloudflare.workers.dev/?fran=Smedjebacken&amp;till=Sunne</loc><changefreq>monthly</changefreq></url>
Arvidsjaur,Ånge,929,675,Avståndet mellan Arvidsjaur och Ånge är 929 km och Karl-Johan Gyllenstorm beräknade körtiden till cirka 675 minuter.,<url><loc>https://pendlings-app1.t-767929534-cloudflare.workers.dev/?fran=Arvidsjaur&amp;till=Ånge</loc><changefreq>monthly</changefreq></url>
Habon,Skövde,403,278,Avståndet mellan Habon och Skövde är 403 km och Karl-Johan Gyllenstorm beräknade körtiden till cirka 278 minuter.,<url><loc>https://pendlings-app1.t-767929534-cloudflare.workers.dev/?fran=Habon&amp;till=Skövde</loc><changefreq>monthly</changefreq></url>
Dorotea,Skövde,155,120,Avståndet mellan Dorotea och Skövde är 155 km och Karl-Johan Gyllenstorm beräknade körtiden till cirka 120 minuter.,<url><loc>https://pendlings-app1.t-767929534-cloudflare.workers.dev/?fran=Dorotea&amp;till=Skövde</loc><changefreq>monthly</changefreq></url>
Askersund,Falun,703,522,Avståndet mellan Askersund och Falun är 703 km och Karl-Johan Gyllenstorm beräknade körtiden till cirka 522 minuter.,<url><loc>https://pendlings-app1.t-767929534-cloudflare.workers.dev/?fran=Askersund&amp;till=Falun</loc><changefreq>monthly</changefreq></url>
Gullspång,Vansbro,74,49,Avståndet mellan Gullspång och Vansbro är 74 km och Karl-Johan Gyllenstorm beräknade körtiden till cirka 49 minuter.,<url><loc>https://pendlings-app1.t-767929534-cloudflare.workers.dev/?fran=Gullspång&amp;till=Vansbro</loc><changefreq>monthly</changefreq></url>
Mellerud,Osby,1312,982,Avståndet mellan Mellerud och Osby är 1312 km och Karl-Johan Gyllenstorm beräknade körtiden till cirka 982 minuter.,<url><loc>https://pendlings-app1.t-767929534-cloudflare.workers.dev/?fran=Mellerud&amp;till=Osby</loc><changefreq>monthly</changefreq></url>
Växjö,Arvidsjaur,199,140,Avståndet mellan Växjö och Arvidsjaur är 199 km och Karl-Johan Gyllenstorm beräknade körtiden till cirka 140 minuter.,<url><loc>https://pendlings-app1.t-767929534-cloudflare.workers.dev/?fran=Växjö&amp;till=Arvidsjaur</loc><changefreq>monthly</changefreq></url>
Svenljunga,Skara,440,300,Avståndet mellan Svenljunga och Skara är 440 km och Karl-Johan Gyllenstorm beräknade körtiden till cirka 300 minuter.,<url><loc>https://pendlings-app1.t-767929534-cloudflare.workers.dev/?fran=Svenljunga&amp;till=Skara</loc><changefreq>monthly</changefreq></url>
Hudiksvall,Strömstad,534,383,Avståndet mellan Hudiksvall och Strömstad är 534 km och Karl-Johan Gyllenstorm beräknade körtiden till cirka 383 minuter.,<url><loc>https://pendlings-app1.t-767929534-cloudflare.workers.dev/?fran=Hudiksvall&amp;till=Strömstad</loc><changefreq>monthly</changefreq></url>
Örnsköldsvik,Sundsvall,1284,934,Avståndet mellan Örnsköldsvik och Sundsvall är 1284 km och Karl-Johan Gyllenstorm beräknade körtiden till cirka 934 minuter.,<url><loc>https://pendlings-app1.t-767929534-cloudflare.workers.dev/?fran=Örnsköldsvik&amp;till=Sundsvall</loc><changefreq>monthly</changefreq></url>
Kristinehamn,Hofors,198,128,Avståndet mellan Kristinehamn och Hofors är 198 km och Karl-Johan Gyllenstorm beräknade körtiden till cirka 128 minuter.,<url><loc>https://pendlings-app1.t-767929534-cloudflare.workers.dev/?fran=Kristinehamn&amp;till=Hofors</loc><changefreq>monthly</changefreq></url>
Herrljunga,Leksand,1429,974,Avståndet mellan Herrljunga och Leksand är 1429 km och Karl-Johan Gyllenstorm beräknade körtiden till cirka 974 minuter.,<url><loc>https://pendlings-app1.t-767929534-cloudflare.workers.dev/?fran=Herrljunga&amp;till=Leksand</loc><changefreq>monthly</changefreq></url>
Lidköping,Bräcke,346,235,Avståndet mellan Lidköping och Bräcke är 346 km och Karl-Johan Gyllenstorm beräknade körtiden till cirka 235 minuter.,<url><loc>https://pendlings-app1.t-767929534-cloudflare.workers.dev/?fran=Lidköping&amp;till=Bräcke</loc><changefreq>monthly</changefreq></url>
Kristianstad,Klippan,1223,867,Avståndet mellan Kristianstad och Klippan är 1223 km och Karl-Johan Gyllenstorm beräknade körtiden till cirka 867 minuter.,<url><loc>https://pendlings-app1.t-767929534-cloudflare.workers.dev/?fran=Kristianstad&amp;till=Klippan</loc><changefreq>monthly</changefreq></url>
Vara,Sotenäs,268,182,Avståndet mellan Vara och Sotenäs är 268 km och Karl-Johan Gyllenstorm beräknade körtiden till cirka 182 minuter.,<url><loc>https://pendlings-app1.t-767929534-cloudflare.workers.dev/?fran=Vara&amp;till=Sotenäs</loc><changefreq>monthly</changefreq></url>
Höganäs,Kiruna,244,180,Avståndet mellan Höganäs och Kiruna är 244 km och Karl-Johan Gyllenstorm beräknade körtiden till cirka 180 minuter.,<url><loc>https://pendlings-app1.t-767929534-cloudflare.workers.dev/?fran=Höganäs&amp;till=Kiruna</loc><changefreq>monthly</changefreq></url>
Hällefor,Laxå,860,662,Avståndet mellan Hällefor och Laxå är 860 km och Karl-Johan Gyllenstorm beräknade körtiden till cirka 662 minuter.,<url><loc>https://pendlings-app1.t-767929534-cloudflare.workers.dev/?fran=Hällefor&amp;till=Laxå</loc><changefreq>monthly</changefreq></url>
Klintehamn,Hallstahammar,1222,949,Avståndet mellan Klintehamn och Hallstahammar är 1222 km och Karl-Johan Gyllenstorm beräknade körtiden till cirka 949 minuter.,<url><loc>https://pendlings-app1.t-767929534-cloudflare.workers.dev/?fran=Klintehamn&amp;till=Hallstahammar</loc><changefreq>monthly</changefreq></url>
Roma,Växjö,1403,898,Avståndet mellan Roma och Växjö är 1403 km och Karl-Johan Gyllenstorm beräknade körtiden till cirka 898 minuter.,<url><loc>https://pendlings-app1.t-767929534-cloudflare.workers.dev/?fran=Roma&amp;till=Växjö</loc><changefreq>monthly</changefreq></url>
Karlskoga,Arboga,1263,977,Avståndet mellan Karlskoga och Arboga är 1263 km och Karl-Johan Gyllenstorm beräknade körtiden till cirka 977 minuter.,<url><loc>https://pendlings-app1.t-767929534-cloudflare.workers.dev/?fran=Karlskoga&amp;till=Arboga</loc><changefreq>monthly</changefreq></url>
Hultsfred,Eksjö,720,474,Avståndet mellan Hultsfred och Eksjö är 720 km och Karl-Johan Gyllenstorm beräknade körtiden till cirka 474 minuter.,<url><loc>https://pendlings-app1.t-767929534-cloudflare.workers.dev/?fran=Hultsfred&amp;till=Eksjö</loc><changefreq>monthly</changefreq></url>
Fårösund,Kopparberg,950,719,Avståndet mellan Fårösund och Kopparberg är 950 km och Karl-Johan Gyllenstorm beräknade körtiden till cirka 719 minuter.,<url><loc>https://pendlings-app1.t-767929534-cloudflare.workers.dev/?fran=Fårösund&amp;till=Kopparberg</loc><changefreq>monthly</changefreq></url>
Åre,Skövde,356,251,Avståndet mellan Åre och Skövde är 356 km och Karl-Johan Gyllenstorm beräknade körtiden till cirka 251 minuter.,<url><loc>https://pendlings-app1.t-767929534-cloudflare.workers.dev/?fran=Åre&amp;till=Skövde</loc><changefreq>monthly</changefreq></url>
Västervik,Färgelanda,900,694,Avståndet mellan Västervik och Färgelanda är 900 km och Karl-Johan Gyllenstorm beräknade körtiden till cirka 694 minuter.,<url><loc>https://pendlings-app1.t-767929534-cloudflare.workers.dev/?fran=Västervik&amp;till=Färgelanda</loc><changefreq>monthly</changefreq></url>
Kumla,Gullspång,1283,1004,Avståndet mellan Kumla och Gullspång är 1283 km och Karl-Johan Gyllenstorm beräknade körtiden till cirka 1004 minuter.,<url><loc>https://pendlings-app1.t-767929534-cloudflare.workers.dev/?fran=Kumla&amp;till=Gullspång</loc><changefreq>monthly</changefreq></url>
Kävlinge,Lidköping,134,90,Avståndet mellan Kävlinge och Lidköping är 134 km och Karl-Johan Gyllenstorm beräknade körtiden till cirka 90 minuter.,<url><loc>https://pendlings-app1.t-767929534-cloudflare.workers.dev/?fran=Kävlinge&amp;till=Lidköping</loc><changefreq>monthly</changefreq></url>
Vimmerby,Kiruna,1026,774,Avståndet mellan Vimmerby och Kiruna är 1026 km och Karl-Johan Gyllenstorm beräknade körtiden till cirka 774 minuter.,<url><loc>https://pendlings-app1.t-767929534-cloudflare.workers.dev/?fran=Vimmerby&amp;till=Kiruna</loc><changefreq>monthly</changefreq></url>
Älvdalen,Hyltebruk,1291,992,Avståndet mellan Älvdalen och Hyltebruk är 1291 km och Karl-Johan Gyllenstorm beräknade körtiden till cirka 992 minuter.,<url><loc>https://pendlings-app1.t-767929534-cloudflare.workers.dev/?fran=Älvdalen&amp;till=Hyltebruk</loc><changefreq>monthly</changefreq></url>
Götene,Hudiksvall,225,155,Avståndet mellan Götene och Hudiksvall är 225 km och Karl-Johan Gyllenstorm beräknade körtiden till cirka 155 minuter.,<url><loc>https://pendlings-app1.t-767929534-cloudflare.workers.dev/?fran=Götene&amp;till=Hudiksvall</loc><changefreq>monthly</changefreq></url>
Västervik,Kiruna,529,383,Avståndet mellan Västervik och Kiruna är 529 km och Karl-Johan Gyllenstorm beräknade körtiden till cirka 383 minuter.,<url><loc>https://pendlings-app1.t-767929534-cloudflare.workers.dev/?fran=Västervik&amp;till=Kiruna</loc><changefreq>monthly</changefreq></url>
Örnsköldsvik,Älvdalen,179,118,Avståndet mellan Örnsköldsvik och Älvdalen är 179 km och Karl-Johan Gyllenstorm beräknade körtiden till cirka 118 minuter.,<url><loc>https://pendlings-app1.t-767929534-cloudflare.workers.dev/?fran=Örnsköldsvik&amp;till=Älvdalen</loc><changefreq>monthly</changefreq></url>
Hudiksvall,Skellefteå,931,704,Avståndet mellan Hudiksvall och Skellefteå är 931 km och Karl-Johan Gyllenstorm beräknade körtiden till cirka 704 minuter.,<url><loc>https://pendlings-app1.t-767929534-cloudflare.workers.dev/?fran=Hudiksvall&amp;till=Skellefteå</loc><changefreq>monthly</changefreq></url>
Tanum,Huddinge,968,694,Avståndet mellan Tanum och Huddinge är 968 km och Karl-Johan Gyllenstorm beräknade körtiden till cirka 694 minuter.,<url><loc>https://pendlings-app1.t-767929534-cloudflare.workers.dev/?fran=Tanum&amp;till=Huddinge</loc><changefreq>monthly</changefreq></url>
Överkalix,Skellefteå,1016,789,Avståndet mellan Överkalix och Skellefteå är 1016 km och Karl-Johan Gyllenstorm beräknade körtiden till cirka 789 minuter.,<url><loc>https://pendlings-app1.t-767929534-cloudflare.workers.dev/?fran=Överkalix&amp;till=Skellefteå</loc><changefreq>monthly</changefreq></url>
Eda,Gagnef,80,58,Avståndet mellan Eda och Gagnef är 80 km och Karl-Johan Gyllenstorm beräknade körtiden till cirka 58 minuter.,<url><loc>https://pendlings-app1.t-767929534-cloudflare.workers.dev/?fran=Eda&amp;till=Gagnef</loc><changefreq>monthly</changefreq></url>
Karlstad,Flen,1181,831,Avståndet mellan Karlstad och Flen är 1181 km och Karl-Johan Gyllenstorm beräknade körtiden till cirka 831 minuter.,<url><loc>https://pendlings-app1.t-767929534-cloudflare.workers.dev/?fran=Karlstad&amp;till=Flen</loc><changefreq>monthly</changefreq></url>
Lekeberg,Katrineholm,949,672,Avståndet mellan Lekeberg och Katrineholm är 949 km och Karl-Johan Gyllenstorm beräknade körtiden till cirka 672 minuter.,<url><loc>https://pendlings-app1.t-767929534-cloudflare.workers.dev/?fran=Lekeberg&amp;till=Katrineholm</loc><changefreq>monthly</changefreq></url>
Kristianstad,Jokkmokk,930,635,Avståndet mellan Kristianstad och Jokkmokk är 930 km och Karl-Johan Gyllenstorm beräknade körtiden till cirka 635 minuter.,<url><loc>https://pendlings-app1.t-767929534-cloudflare.workers.dev/?fran=Kristianstad&amp;till=Jokkmokk</loc><changefreq>monthly</changefreq></url>
Färgelanda,Laxå,734,479,Avståndet mellan Färgelanda och Laxå är 734 km och Karl-Johan Gyllenstorm beräknade körtiden till cirka 479 minuter.,<url><loc>https://pendlings-app1.t-767929534-cloudflare.workers.dev/?fran=Färgelanda&amp;till=Laxå</loc><changefreq>monthly</changefreq></url>
Karlshamn,Hyltebruk,1292,844,Avståndet mellan Karlshamn och Hyltebruk är 1292 km och Karl-Johan Gyllenstorm beräknade körtiden till cirka 844 minuter.,<url><loc>https://pendlings-app1.t-767929534-cloudflare.workers.dev/?fran=Karlshamn&amp;till=Hyltebruk</loc><changefreq>monthly</changefreq></url>
Stockholm,Smedjebacken,190,138,Avståndet mellan Stockholm och Smedjebacken är 190 km och Karl-Johan Gyllenstorm beräknade körtiden till cirka 138 minuter.,<url><loc>https://pendlings-app1.t-767929534-cloudflare.workers.dev/?fran=Stockholm&amp;till=Smedjebacken</loc><changefreq>monthly</changefreq></url>
Överkalix,Åmål,427,337,Avståndet mellan Överkalix och Åmål är 427 km och Karl-Johan Gyllenstorm beräknade körtiden till cirka 337 minuter.,<url><loc>https://pendlings-app1.t-767929534-cloudflare.workers.dev/?fran=Överkalix&amp;till=Åmål</loc><changefreq>monthly</changefreq></url>
Ydre,Aneby,586,432,Avståndet mellan Ydre och Aneby är 586 km och Karl-Johan Gyllenstorm beräknade körtiden till cirka 432 minuter.,<url><loc>https://pendlings-app1.t-767929534-cloudflare.workers.dev/?fran=Ydre&amp;till=Aneby</loc><changefreq>monthly</changefreq></url>
Sunne,Hofors,46,30,Avståndet mellan Sunne och Hofors är 46 km och Karl-Johan Gyllenstorm beräknade körtiden till cirka 30 minuter.,<url><loc>https://pendlings-app1.t-767929534-cloudflare.workers.dev/?fran=Sunne&amp;till=Hofors</loc><changefreq>monthly</changefreq></url>
Alingsås,Lund,388,310,Avståndet mellan Alingsås och Lund är 388 km och Karl-Johan Gyllenstorm beräknade körtiden till cirka 310 minuter.,<url><loc>https://pendlings-app1.t-767929534-cloudflare.workers.dev/?fran=Alingsås&amp;till=Lund</loc><changefreq>monthly</changefreq></url>
Skinnskatteberg,Kumla,1348,980,Avståndet mellan Skinnskatteberg och Kumla är 1348 km och Karl-Johan Gyllenstorm beräknade körtiden till cirka 980 minuter.,<url><loc>https://pendlings-app1.t-767929534-cloudflare.workers.dev/?fran=Skinnskatteberg&amp;till=Kumla</loc><changefreq>monthly</changefreq></url>
Mjölby,Olofström,1091,819,Avståndet mellan Mjölby och Olofström är 1091 km och Karl-Johan Gyllenstorm beräknade körtiden till cirka 819 minuter.,<url><loc>https://pendlings-app1.t-767929534-cloudflare.workers.dev/?fran=Mjölby&amp;till=Olofström</loc><changefreq>monthly</changefreq></url>
Emmaboda,Sjöbo,1037,723,Avståndet mellan Emmaboda och Sjöbo är 1037 km och Karl-Johan Gyllenstorm beräknade körtiden till cirka 723 minuter.,<url><loc>https://pendlings-app1.t-767929534-cloudflare.workers.dev/?fran=Emmaboda&amp;till=Sjöbo</loc><changefreq>monthly</changefreq></url>
Charlottenberg,Grästorp,95,61,Avståndet mellan Charlottenberg och Grästorp är 95 km och Karl-Johan Gyllenstorm beräknade körtiden till cirka 61 minuter.,<url><loc>https://pendlings-app1.t-767929534-cloudflare.workers.dev/?fran=Charlottenberg&amp;till=Grästorp</loc><changefreq>monthly</changefreq></url>
Arvidsjaur,Askersund,659,451,Avståndet mellan Arvidsjaur och Askersund är 659 km och Karl-Johan Gyllenstorm beräknade körtiden till cirka 451 minuter.,<url><loc>https://pendlings-app1.t-767929534-cloudflare.workers.dev/?fran=Arvidsjaur&amp;till=Askersund</loc><changefreq>monthly</changefreq></url>
Tingstäde,Oskarshamn,138,106,Avståndet mellan Tingstäde och Oskarshamn är 138 km och Karl-Johan Gyllenstorm beräknade körtiden till cirka 106 minuter.,<url><loc>https://pendlings-app1.t-767929534-cloudflare.workers.dev/?fran=Tingstäde&amp;till=Oskarshamn</loc><changefreq>monthly</changefreq></url>
Lindesberg,Sölvesborg,672,474,Avståndet mellan Lindesberg och Sölvesborg är 672 km och Karl-Johan Gyllenstorm beräknade körtiden till cirka 474 minuter.,<url><loc>https://pendlings-app1.t-767929534-cloudflare.workers.dev/?fran=Lindesberg&amp;till=Sölvesborg</loc><changefreq>monthly</changefreq></url>
Mora,Eksjö,951,632,Avståndet mellan Mora och Eksjö är 951 km och Karl-Johan Gyllenstorm beräknade körtiden till cirka 632 minuter.,<url><loc>https://pendlings-app1.t-767929534-cloudflare.workers.dev/?fran=Mora&amp;till=Eksjö</loc><changefreq>monthly</changefreq></url>
Rättvik,Ed,121,91,Avståndet mellan Rättvik och Ed är 121 km och Karl-Johan Gyllenstorm beräknade körtiden till cirka 91 minuter.,<url><loc>https://pendlings-app1.t-767929534-cloudflare.workers.dev/?fran=Rättvik&amp;till=Ed</loc><changefreq>monthly</changefreq></url>
Åre,Malå,122,91,Avståndet mellan Åre och Malå är 122 km och Karl-Johan Gyllenstorm beräknade körtiden till cirka 91 minuter.,<url><loc>https://pendlings-app1.t-767929534-cloudflare.workers.dev/?fran=Åre&amp;till=Malå</loc><changefreq>monthly</changefreq></url>
Luleå,Gnestad,1263,836,Avståndet mellan Luleå och Gnestad är 1263 km och Karl-Johan Gyllenstorm beräknade körtiden till cirka 836 minuter.,<url><loc>https://pendlings-app1.t-767929534-cloudflare.workers.dev/?fran=Luleå&amp;till=Gnestad</loc><changefreq>monthly</changefreq></url>
Kopparberg,Vetlanda,446,333,Avståndet mellan Kopparberg och Vetlanda är 446 km och Karl-Johan Gyllenstorm beräknade körtiden till cirka 333 minuter.,<url><loc>https://pendlings-app1.t-767929534-cloudflare.workers.dev/?fran=Kopparberg&amp;till=Vetlanda</loc><changefreq>monthly</changefreq></url>
Sveg,Svalöv,1427,964,Avståndet mellan Sveg och Svalöv är 1427 km och Karl-Johan Gyllenstorm beräknade körtiden till cirka 964 minuter.,<url><loc>https://pendlings-app1.t-767929534-cloudflare.workers.dev/?fran=Sveg&amp;till=Svalöv</loc><changefreq>monthly</changefreq></url>
Avesta,Tanum,1416,1037,Avståndet mellan Avesta och Tanum är 1416 km och Karl-Johan Gyllenstorm beräknade körtiden till cirka 1037 minuter.,<url><loc>https://pendlings-app1.t-767929534-cloudflare.workers.dev/?fran=Avesta&amp;till=Tanum</loc><changefreq>monthly</changefreq></url>
Kramfors,Sunne,1305,1025,Avståndet mellan Kramfors och Sunne är 1305 km och Karl-Johan Gyllenstorm beräknade körtiden till cirka 1025 minuter.,<url><loc>https://pendlings-app1.t-767929534-cloudflare.workers.dev/?fran=Kramfors&amp;till=Sunne</loc><changefreq>monthly</changefreq></url>
Ed,Östra Göinge,324,244,Avståndet mellan Ed och Östra Göinge är 324 km och Karl-Johan Gyllenstorm beräknade körtiden till cirka 244 minuter.,<url><loc>https://pendlings-app1.t-767929534-cloudflare.workers.dev/?fran=Ed&amp;till=Östra Göinge</loc><changefreq>monthly</changefreq></url>
Södertälje,Ludvika,893,624,Avståndet mellan Södertälje och Ludvika är 893 km och Karl-Johan Gyllenstorm beräknade körtiden till cirka 624 minuter.,<url><loc>https://pendlings-app1.t-767929534-cloudflare.workers.dev/?fran=Södertälje&amp;till=Ludvika</loc><changefreq>monthly</changefreq></url>
Eksjö,Tierp,222,176,Avståndet mellan Eksjö och Tierp är 222 km och Karl-Johan Gyllenstorm beräknade körtiden till cirka 176 minuter.,<url><loc>https://pendlings-app1.t-767929534-cloudflare.workers.dev/?fran=Eksjö&amp;till=Tierp</loc><changefreq>monthly</changefreq></url>
Sävsjö,Kalmar,523,343,Avståndet mellan Sävsjö och Kalmar är 523 km och Karl-Johan Gyllenstorm beräknade körtiden till cirka 343 minuter.,<url><loc>https://pendlings-app1.t-767929534-cloudflare.workers.dev/?fran=Sävsjö&amp;till=Kalmar</loc><changefreq>monthly</changefreq></url>
Bräcke,Köping,1386,1071,Avståndet mellan Bräcke och Köping är 1386 km och Karl-Johan Gyllenstorm beräknade körtiden till cirka 1071 minuter.,<url><loc>https://pendlings-app1.t-767929534-cloudflare.workers.dev/?fran=Bräcke&amp;till=Köping</loc><changefreq>monthly</changefreq></url>
Vimmerby,Trosa,378,297,Avståndet mellan Vimmerby och Trosa är 378 km och Karl-Johan Gyllenstorm beräknade körtiden till cirka 297 minuter.,<url><loc>https://pendlings-app1.t-767929534-cloudflare.workers.dev/?fran=Vimmerby&amp;till=Trosa</loc><changefreq>monthly</changefreq></url>
Skövde,Lomma,667,520,Avståndet mellan Skövde och Lomma är 667 km och Karl-Johan Gyllenstorm beräknade körtiden till cirka 520 minuter.,<url><loc>https://pendlings-app1.t-767929534-cloudflare.workers.dev/?fran=Skövde&amp;till=Lomma</loc><changefreq>monthly</changefreq></url>
Sollefteå,Bräcke,525,391,Avståndet mellan Sollefteå och Bräcke är 525 km och Karl-Johan Gyllenstorm beräknade körtiden till cirka 391 minuter.,<url><loc>https://pendlings-app1.t-767929534-cloudflare.workers.dev/?fran=Sollefteå&amp;till=Bräcke</loc><changefreq>monthly</changefreq></url>
Hörby,Borgholm,148,115,Avståndet mellan Hörby och Borgholm är 148 km och Karl-Johan Gyllenstorm beräknade körtiden till cirka 115 minuter.,<url><loc>https://pendlings-app1.t-767929534-cloudflare.workers.dev/?fran=Hörby&amp;till=Borgholm</loc><changefreq>monthly</changefreq></url>
Bengtsfors,Lindesberg,660,506,Avståndet mellan Bengtsfors och Lindesberg är 660 km och Karl-Johan Gyllenstorm beräknade körtiden till cirka 506 minuter.,<url><loc>https://pendlings-app1.t-767929534-cloudflare.workers.dev/?fran=Bengtsfors&amp;till=Lindesberg</loc><changefreq>monthly</changefreq></url>
Tibro,Lekeberg,30,23,Avståndet mellan Tibro och Lekeberg är 30 km och Karl-Johan Gyllenstorm beräknade körtiden till cirka 23 minuter.,<url><loc>https://pendlings-app1.t-767929534-cloudflare.workers.dev/?fran=Tibro&amp;till=Lekeberg</loc><changefreq>monthly</changefreq></url>
Mönsterås,Visby,1121,763,Avståndet mellan Mönsterås och Visby är 1121 km och Karl-Johan Gyllenstorm beräknade körtiden till cirka 763 minuter.,<url><loc>https://pendlings-app1.t-767929534-cloudflare.workers.dev/?fran=Mönsterås&amp;till=Visby</loc><changefreq>monthly</changefreq></url>
Sjöbo,Arvidsjaur,371,271,Avståndet mellan Sjöbo och Arvidsjaur är 371 km och Karl-Johan Gyllenstorm beräknade körtiden till cirka 271 minuter.,<url><loc>https://pendlings-app1.t-767929534-cloudflare.workers.dev/?fran=Sjöbo&amp;till=Arvidsjaur</loc><changefreq>monthly</changefreq></url>
Örnsköldsvik,Piteå,508,388,Avståndet mellan Örnsköldsvik och Piteå är 508 km och Karl-Johan Gyllenstorm beräknade körtiden till cirka 388 minuter.,<url><loc>https://pendlings-app1.t-767929534-cloudflare.workers.dev/?fran=Örnsköldsvik&amp;till=Piteå</loc><changefreq>monthly</changefreq></url>
Ulricehamn,Bromölla,1151,769,Avståndet mellan Ulricehamn och Bromölla är 1151 km och Karl-Johan Gyllenstorm beräknade körtiden till cirka 769 minuter.,<url><loc>https://pendlings-app1.t-767929534-cloudflare.workers.dev/?fran=Ulricehamn&amp;till=Bromölla</loc><changefreq>monthly</changefreq></url>
Örnsköldsvik,Fårösund,1428,956,Avståndet mellan Örnsköldsvik och Fårösund är 1428 km och Karl-Johan Gyllenstorm beräknade körtiden till cirka 956 minuter.,<url><loc>https://pendlings-app1.t-767929534-cloudflare.workers.dev/?fran=Örnsköldsvik&amp;till=Fårösund</loc><changefreq>monthly</changefreq></url>
Kopparberg,Borås,1401,1016,Avståndet mellan Kopparberg och Borås är 1401 km och Karl-Johan Gyllenstorm beräknade körtiden till cirka 1016 minuter.,<url><loc>https://pendlings-app1.t-767929534-cloudflare.workers.dev/?fran=Kopparberg&amp;till=Borås</loc><changefreq>monthly</changefreq></url>
Säffle,Skellefteå,273,183,Avståndet mellan Säffle och Skellefteå är 273 km och Karl-Johan Gyllenstorm beräknade körtiden till cirka 183 minuter.,<url><loc>https://pendlings-app1.t-767929534-cloudflare.workers.dev/?fran=Säffle&amp;till=Skellefteå</loc><changefreq>monthly</changefreq></url>
Lysekil,Surahammar,1329,958,Avståndet mellan Lysekil och Surahammar är 1329 km och Karl-Johan Gyllenstorm beräknade körtiden till cirka 958 minuter.,<url><loc>https://pendlings-app1.t-767929534-cloudflare.workers.dev/?fran=Lysekil&amp;till=Surahammar</loc><changefreq>monthly</changefreq></url>
Pajala,Degerfors,875,572,Avståndet mellan Pajala och Degerfors är 875 km och Karl-Johan Gyllenstorm beräknade körtiden till cirka 572 minuter.,<url><loc>https://pendlings-app1.t-767929534-cloudflare.workers.dev/?fran=Pajala&amp;till=Degerfors</loc><changefreq>monthly</changefreq></url>
Helsingborg,Berg,511,358,Avståndet mellan Helsingborg och Berg är 511 km och Karl-Johan Gyllenstorm beräknade körtiden till cirka 358 minuter.,<url><loc>https://pendlings-app1.t-767929534-cloudflare.workers.dev/?fran=Helsingborg&amp;till=Berg</loc><changefreq>monthly</changefreq></url>
Grästorp,Vänersborg,1410,958,Avståndet mellan Grästorp och Vänersborg är 1410 km och Karl-Johan Gyllenstorm beräknade körtiden till cirka 958 minuter.,<url><loc>https://pendlings-app1.t-767929534-cloudflare.workers.dev/?fran=Grästorp&amp;till=Vänersborg</loc><changefreq>monthly</changefreq></url>
Ockelbo,Nyköping,201,137,Avståndet mellan Ockelbo och Nyköping är 201 km och Karl-Johan Gyllenstorm beräknade körtiden till cirka 137 minuter.,<url><loc>https://pendlings-app1.t-767929534-cloudflare.workers.dev/?fran=Ockelbo&amp;till=Nyköping</loc><changefreq>monthly</changefreq></url>
Sorsele,Umeå,1005,636,Avståndet mellan Sorsele och Umeå är 1005 km och Karl-Johan Gyllenstorm beräknade körtiden till cirka 636 minuter.,<url><loc>https://pendlings-app1.t-767929534-cloudflare.workers.dev/?fran=Sorsele&amp;till=Umeå</loc><changefreq>monthly</changefreq></url>
Lekeberg,Kalix,804,554,Avståndet mellan Lekeberg och Kalix är 804 km och Karl-Johan Gyllenstorm beräknade körtiden till cirka 554 minuter.,<url><loc>https://pendlings-app1.t-767929534-cloudflare.workers.dev/?fran=Lekeberg&amp;till=Kalix</loc><changefreq>monthly</changefreq></url>
Osby,Trollhättan,979,653,Avståndet mellan Osby och Trollhättan är 979 km och Karl-Johan Gyllenstorm beräknade körtiden till cirka 653 minuter.,<url><loc>https://pendlings-app1.t-767929534-cloudflare.workers.dev/?fran=Osby&amp;till=Trollhättan</loc><changefreq>monthly</changefreq></url>
Säffle,Övertorneå,1238,833,Avståndet mellan Säffle och Övertorneå är 1238 km och Karl-Johan Gyllenstorm beräknade körtiden till cirka 833 minuter.,<url><loc>https://pendlings-app1.t-767929534-cloudflare.workers.dev/?fran=Säffle&amp;till=Övertorneå</loc><changefreq>monthly</changefreq></url>
Falkenberg,Lidköping,1352,957,Avståndet mellan Falkenberg och Lidköping är 1352 km och Karl-Johan Gyllenstorm beräknade körtiden till cirka 957 minuter.,<url><loc>https://pendlings-app1.t-767929534-cloudflare.workers.dev/?fran=Falkenberg&amp;till=Lidköping</loc><changefreq>monthly</changefreq></url>
Sjöbo,Ödeshög,1012,772,Avståndet mellan Sjöbo och Ödeshög är 1012 km och Karl-Johan Gyllenstorm beräknade körtiden till cirka 772 minuter.,<url><loc>https://pendlings-app1.t-767929534-cloudflare.workers.dev/?fran=Sjöbo&amp;till=Ödeshög</loc><changefreq>monthly</changefreq></url>
Falköping,Fårösund,112,89,Avståndet mellan Falköping och Fårösund är 112 km och Karl-Johan Gyllenstorm beräknade körtiden till cirka 89 minuter.,<url><loc>https://pendlings-app1.t-767929534-cloudflare.workers.dev/?fran=Falköping&amp;till=Fårösund</loc><changefreq>monthly</changefreq></url>
Säffle,Årjäng,290,227,Avståndet mellan Säffle och Årjäng är 290 km och Karl-Johan Gyllenstorm beräknade körtiden till cirka 227 minuter.,<url><loc>https://pendlings-app1.t-767929534-cloudflare.workers.dev/?fran=Säffle&amp;till=Årjäng</loc><changefreq>monthly</changefreq></url>
Roma,Sundsvall,229,152,Avståndet mellan Roma och Sundsvall är 229 km och Karl-Johan Gyllenstorm beräknade körtiden till cirka 152 minuter.,<url><loc>https://pendlings-app1.t-767929534-cloudflare.workers.dev/?fran=Roma&amp;till=Sundsvall</loc><changefreq>monthly</changefreq></url>
Munkedal,Lidköping,995,640,Avståndet mellan Munkedal och Lidköping är 995 km och Karl-Johan Gyllenstorm beräknade körtiden till cirka 640 minuter.,<url><loc>https://pendlings-app1.t-767929534-cloudflare.workers.dev/?fran=Munkedal&amp;till=Lidköping</loc><changefreq>monthly</changefreq></url>
Bålsta,Älvsbyn,960,745,Avståndet mellan Bålsta och Älvsbyn är 960 km och Karl-Johan Gyllenstorm beräknade körtiden till cirka 745 minuter.,<url><loc>https://pendlings-app1.t-767929534-cloudflare.workers.dev/?fran=Bålsta&amp;till=Älvsbyn</loc><changefreq>monthly</changefreq></url>
Skellefteå,Krokom,519,387,Avståndet mellan Skellefteå och Krokom är 519 km och Karl-Johan Gyllenstorm beräknade körtiden till cirka 387 minuter.,<url><loc>https://pendlings-app1.t-767929534-cloudflare.workers.dev/?fran=Skellefteå&amp;till=Krokom</loc><changefreq>monthly</changefreq></url>
Malung,Värnamo,772,501,Avståndet mellan Malung och Värnamo är 772 km och Karl-Johan Gyllenstorm beräknade körtiden till cirka 501 minuter.,<url><loc>https://pendlings-app1.t-767929534-cloudflare.workers.dev/?fran=Malung&amp;till=Värnamo</loc><changefreq>monthly</changefreq></url>
Västervik,Överkalix,81,53,Avståndet mellan Västervik och Överkalix är 81 km och Karl-Johan Gyllenstorm beräknade körtiden till cirka 53 minuter.,<url><loc>https://pendlings-app1.t-767929534-cloudflare.workers.dev/?fran=Västervik&amp;till=Överkalix</loc><changefreq>monthly</changefreq></url>
Åre,Hallsberg,1399,980,Avståndet mellan Åre och Hallsberg är 1399 km och Karl-Johan Gyllenstorm beräknade körtiden till cirka 980 minuter.,<url><loc>https://pendlings-app1.t-767929534-cloudflare.workers.dev/?fran=Åre&amp;till=Hallsberg</loc><changefreq>monthly</changefreq></url>
Vårgårda,Osby,1267,934,Avståndet mellan Vårgårda och Osby är 1267 km och Karl-Johan Gyllenstorm beräknade körtiden till cirka 934 minuter.,<url><loc>https://pendlings-app1.t-767929534-cloudflare.workers.dev/?fran=Vårgårda&amp;till=Osby</loc><changefreq>monthly</changefreq></url>
Luleå,Jönköping,394,298,Avståndet mellan Luleå och Jönköping är 394 km och Karl-Johan Gyllenstorm beräknade körtiden till cirka 298 minuter.,<url><loc>https://pendlings-app1.t-767929534-cloudflare.workers.dev/?fran=Luleå&amp;till=Jönköping</loc><changefreq>monthly</changefreq></url>
Sorsele,Osby,38,27,Avståndet mellan Sorsele och Osby är 38 km och Karl-Johan Gyllenstorm beräknade körtiden till cirka 27 minuter.,<url><loc>https://pendlings-app1.t-767929534-cloudflare.workers.dev/?fran=Sorsele&amp;till=Osby</loc><changefreq>monthly</changefreq></url>
Töreboda,Tomelilla,190,126,Avståndet mellan Töreboda och Tomelilla är 190 km och Karl-Johan Gyllenstorm beräknade körtiden till cirka 126 minuter.,<url><loc>https://pendlings-app1.t-767929534-cloudflare.workers.dev/?fran=Töreboda&amp;till=Tomelilla</loc><changefreq>monthly</changefreq></url>
Vänersborg,Båstad,1221,813,Avståndet mellan Vänersborg och Båstad är 1221 km och Karl-Johan Gyllenstorm beräknade körtiden till cirka 813 minuter.,<url><loc>https://pendlings-app1.t-767929534-cloudflare.workers.dev/?fran=Vänersborg&amp;till=Båstad</loc><changefreq>monthly</changefreq></url>
Ockelbo,Hudiksvall,1299,971,Avståndet mellan Ockelbo och Hudiksvall är 1299 km och Karl-Johan Gyllenstorm beräknade körtiden till cirka 971 minuter.,<url><loc>https://pendlings-app1.t-767929534-cloudflare.workers.dev/?fran=Ockelbo&amp;till=Hudiksvall</loc><changefreq>monthly</changefreq></url>
Simrishamn,Boden,1341,992,Avståndet mellan Simrishamn och Boden är 1341 km och Karl-Johan Gyllenstorm beräknade körtiden till cirka 992 minuter.,<url><loc>https://pendlings-app1.t-767929534-cloudflare.workers.dev/?fran=Simrishamn&amp;till=Boden</loc><changefreq>monthly</changefreq></url>
Bjuv,Ed,556,356,Avståndet mellan Bjuv och Ed är 556 km och Karl-Johan Gyllenstorm beräknade körtiden till cirka 356 minuter.,<url><loc>https://pendlings-app1.t-767929534-cloudflare.workers.dev/?fran=Bjuv&amp;till=Ed</loc><changefreq>monthly</changefreq></url>
Bräcke,Roma,885,610,Avståndet mellan Bräcke och Roma är 885 km och Karl-Johan Gyllenstorm beräknade körtiden till cirka 610 minuter.,<url><loc>https://pendlings-app1.t-767929534-cloudflare.workers.dev/?fran=Bräcke&amp;till=Roma</loc><changefreq>monthly</changefreq></url>
Sotenäs,Norberg,315,216,Avståndet mellan Sotenäs och Norberg är 315 km och Karl-Johan Gyllenstorm beräknade körtiden till cirka 216 minuter.,<url><loc>https://pendlings-app1.t-767929534-cloudflare.workers.dev/?fran=Sotenäs&amp;till=Norberg</loc><changefreq>monthly</changefreq></url>
Tibro,Jokkmokk,729,535,Avståndet mellan Tibro och Jokkmokk är 729 km och Karl-Johan Gyllenstorm beräknade körtiden till cirka 535 minuter.,<url><loc>https://pendlings-app1.t-767929534-cloudflare.workers.dev/?fran=Tibro&amp;till=Jokkmokk</loc><changefreq>monthly</changefreq></url>
Tranemo,Grythyttan,260,179,Avståndet mellan Tranemo och Grythyttan är 260 km och Karl-Johan Gyllenstorm beräknade körtiden till cirka 179 minuter.,<url><loc>https://pendlings-app1.t-767929534-cloudflare.workers.dev/?fran=Tranemo&amp;till=Grythyttan</loc><changefreq>monthly</changefreq></url>
Håbo,Tanum,953,684,Avståndet mellan Håbo och Tanum är 953 km och Karl-Johan Gyllenstorm beräknade körtiden till cirka 684 minuter.,<url><loc>https://pendlings-app1.t-767929534-cloudflare.workers.dev/?fran=Håbo&amp;till=Tanum</loc><changefreq>monthly</changefreq></url>
Kungsbacka,Ed,185,139,Avståndet mellan Kungsbacka och Ed är 185 km och Karl-Johan Gyllenstorm beräknade körtiden till cirka 139 minuter.,<url><loc>https://pendlings-app1.t-767929534-cloudflare.workers.dev/?fran=Kungsbacka&amp;till=Ed</loc><changefreq>monthly</changefreq></url>
Essunga,Visby,938,628,Avståndet mellan Essunga och Visby är 938 km och Karl-Johan Gyllenstorm beräknade körtiden till cirka 628 minuter.,<url><loc>https://pendlings-app1.t-767929534-cloudflare.workers.dev/?fran=Essunga&amp;till=Visby</loc><changefreq>monthly</changefreq></url>
Vara,Essunga,263,178,Avståndet mellan Vara och Essunga är 263 km och Karl-Johan Gyllenstorm beräknade körtiden till cirka 178 minuter.,<url><loc>https://pendlings-app1.t-767929534-cloudflare.workers.dev/?fran=Vara&amp;till=Essunga</loc><changefreq>monthly</changefreq></url>
Borås,Essunga,1408,994,Avståndet mellan Borås och Essunga är 1408 km och Karl-Johan Gyllenstorm beräknade körtiden till cirka 994 minuter.,<url><loc>https://pendlings-app1.t-767929534-cloudflare.workers.dev/?fran=Borås&amp;till=Essunga</loc><changefreq>monthly</changefreq></url>
Torsby,Sorsele,875,583,Avståndet mellan Torsby och Sorsele är 875 km och Karl-Johan Gyllenstorm beräknade körtiden till cirka 583 minuter.,<url><loc>https://pendlings-app1.t-767929534-cloudflare.workers.dev/?fran=Torsby&amp;till=Sorsele</loc><changefreq>monthly</changefreq></url>
Strömsund,Högsby,896,674,Avståndet mellan Strömsund och Högsby är 896 km och Karl-Johan Gyllenstorm beräknade körtiden till cirka 674 minuter.,<url><loc>https://pendlings-app1.t-767929534-cloudflare.workers.dev/?fran=Strömsund&amp;till=Högsby</loc><changefreq>monthly</changefreq></url>
Hyltebruk,Bollebygd,750,542,Avståndet mellan Hyltebruk och Bollebygd är 750 km och Karl-Johan Gyllenstorm beräknade körtiden till cirka 542 minuter.,<url><loc>https://pendlings-app1.t-767929534-cloudflare.workers.dev/?fran=Hyltebruk&amp;till=Bollebygd</loc><changefreq>monthly</changefreq></url>
Ånge,Aneby,300,200,Avståndet mellan Ånge och Aneby är 300 km och Karl-Johan Gyllenstorm beräknade körtiden till cirka 200 minuter.,<url><loc>https://pendlings-app1.t-767929534-cloudflare.workers.dev/?fran=Ånge&amp;till=Aneby</loc><changefreq>monthly</changefreq></url>
Visby,Nora,806,517,Avståndet mellan Visby och Nora är 806 km och Karl-Johan Gyllenstorm beräknade körtiden till cirka 517 minuter.,<url><loc>https://pendlings-app1.t-767929534-cloudflare.workers.dev/?fran=Visby&amp;till=Nora</loc><changefreq>monthly</changefreq></url>
Sjöbo,Pajala,927,648,Avståndet mellan Sjöbo och Pajala är 927 km och Karl-Johan Gyllenstorm beräknade körtiden till cirka 648 minuter.,<url><loc>https://pendlings-app1.t-767929534-cloudflare.workers.dev/?fran=Sjöbo&amp;till=Pajala</loc><changefreq>monthly</changefreq></url>
Kopparberg,Östra Göinge,76,55,Avståndet mellan Kopparberg och Östra Göinge är 76 km och Karl-Johan Gyllenstorm beräknade körtiden till cirka 55 minuter.,<url><loc>https://pendlings-app1.t-767929534-cloudflare.workers.dev/?fran=Kopparberg&amp;till=Östra Göinge</loc><changefreq>monthly</changefreq></url>
Dorotea,Strängnäs,1037,786,Avståndet mellan Dorotea och Strängnäs är 1037 km och Karl-Johan Gyllenstorm beräknade körtiden till cirka 786 minuter.,<url><loc>https://pendlings-app1.t-767929534-cloudflare.workers.dev/?fran=Dorotea&amp;till=Strängnäs</loc><changefreq>monthly</changefreq></url>
Sala,Färgelanda,226,172,Avståndet mellan Sala och Färgelanda är 226 km och Karl-Johan Gyllenstorm beräknade körtiden till cirka 172 minuter.,<url><loc>https://pendlings-app1.t-767929534-cloudflare.workers.dev/?fran=Sala&amp;till=Färgelanda</loc><changefreq>monthly</changefreq></url>
Tierp,Hagfors,1099,780,Avståndet mellan Tierp och Hagfors är 1099 km och Karl-Johan Gyllenstorm beräknade körtiden till cirka 780 minuter.,<url><loc>https://pendlings-app1.t-767929534-cloudflare.workers.dev/?fran=Tierp&amp;till=Hagfors</loc><changefreq>monthly</changefreq></url>
Kungsbacka,Skinnskatteberg,611,401,Avståndet mellan Kungsbacka och Skinnskatteberg är 611 km och Karl-Johan Gyllenstorm beräknade körtiden till cirka 401 minuter.,<url><loc>https://pendlings-app1.t-767929534-cloudflare.workers.dev/?fran=Kungsbacka&amp;till=Skinnskatteberg</loc><changefreq>monthly</changefreq></url>
Söderhamn,Klintehamn,120,92,Avståndet mellan Söderhamn och Klintehamn är 120 km och Karl-Johan Gyllenstorm beräknade körtiden till cirka 92 minuter.,<url><loc>https://pendlings-app1.t-767929534-cloudflare.workers.dev/?fran=Söderhamn&amp;till=Klintehamn</loc><changefreq>monthly</changefreq></url>
Roma,Mark,311,235,Avståndet mellan Roma och Mark är 311 km och Karl-Johan Gyllenstorm beräknade körtiden till cirka 235 minuter.,<url><loc>https://pendlings-app1.t-767929534-cloudflare.workers.dev/?fran=Roma&amp;till=Mark</loc><changefreq>monthly</changefreq></url>
Vingåker,Aneby,1367,877,Avståndet mellan Vingåker och Aneby är 1367 km och Karl-Johan Gyllenstorm beräknade körtiden till cirka 877 minuter.,<url><loc>https://pendlings-app1.t-767929534-cloudflare.workers.dev/?fran=Vingåker&amp;till=Aneby</loc><changefreq>monthly</changefreq></url>
Vara,Linköping,616,418,Avståndet mellan Vara och Linköping är 616 km och Karl-Johan Gyllenstorm beräknade körtiden till cirka 418 minuter.,<url><loc>https://pendlings-app1.t-767929534-cloudflare.workers.dev/?fran=Vara&amp;till=Linköping</loc><changefreq>monthly</changefreq></url>
Ljusnarsberg,Varberg,165,122,Avståndet mellan Ljusnarsberg och Varberg är 165 km och Karl-Johan Gyllenstorm beräknade körtiden till cirka 122 minuter.,<url><loc>https://pendlings-app1.t-767929534-cloudflare.workers.dev/?fran=Ljusnarsberg&amp;till=Varberg</loc><changefreq>monthly</changefreq></url>
Sälen,Tofta,825,534,Avståndet mellan Sälen och Tofta är 825 km och Karl-Johan Gyllenstorm beräknade körtiden till cirka 534 minuter.,<url><loc>https://pendlings-app1.t-767929534-cloudflare.workers.dev/?fran=Sälen&amp;till=Tofta</loc><changefreq>monthly</changefreq></url>
Munkfors,Charlottenberg,385,272,Avståndet mellan Munkfors och Charlottenberg är 385 km och Karl-Johan Gyllenstorm beräknade körtiden till cirka 272 minuter.,<url><loc>https://pendlings-app1.t-767929534-cloudflare.workers.dev/?fran=Munkfors&amp;till=Charlottenberg</loc><changefreq>monthly</changefreq></url>
Huddinge,Vibble,444,297,Avståndet mellan Huddinge och Vibble är 444 km och Karl-Johan Gyllenstorm beräknade körtiden till cirka 297 minuter.,<url><loc>https://pendlings-app1.t-767929534-cloudflare.workers.dev/?fran=Huddinge&amp;till=Vibble</loc><changefreq>monthly</changefreq></url>
Tofta,Östhammar,26,19,Avståndet mellan Tofta och Östhammar är 26 km och Karl-Johan Gyllenstorm beräknade körtiden till cirka 19 minuter.,<url><loc>https://pendlings-app1.t-767929534-cloudflare.workers.dev/?fran=Tofta&amp;till=Östhammar</loc><changefreq>monthly</changefreq></url>
Roma,Älvkarleby,1417,1101,Avståndet mellan Roma och Älvkarleby är 1417 km och Karl-Johan Gyllenstorm beräknade körtiden till cirka 1101 minuter.,<url><loc>https://pendlings-app1.t-767929534-cloudflare.workers.dev/?fran=Roma&amp;till=Älvkarleby</loc><changefreq>monthly</changefreq></url>
Ockelbo,Skara,961,692,Avståndet mellan Ockelbo och Skara är 961 km och Karl-Johan Gyllenstorm beräknade körtiden till cirka 692 minuter.,<url><loc>https://pendlings-app1.t-767929534-cloudflare.workers.dev/?fran=Ockelbo&amp;till=Skara</loc><changefreq>monthly</changefreq></url>
Vara,Härjedalen,223,151,Avståndet mellan Vara och Härjedalen är 223 km och Karl-Johan Gyllenstorm beräknade körtiden till cirka 151 minuter.,<url><loc>https://pendlings-app1.t-767929534-cloudflare.workers.dev/?fran=Vara&amp;till=Härjedalen</loc><changefreq>monthly</changefreq></url>
Klippan,Uddevalla,381,261,Avståndet mellan Klippan och Uddevalla är 381 km och Karl-Johan Gyllenstorm beräknade körtiden till cirka 261 minuter.,<url><loc>https://pendlings-app1.t-767929534-cloudflare.workers.dev/?fran=Klippan&amp;till=Uddevalla</loc><changefreq>monthly</changefreq></url>
Lund,Slite,234,170,Avståndet mellan Lund och Slite är 234 km och Karl-Johan Gyllenstorm beräknade körtiden till cirka 170 minuter.,<url><loc>https://pendlings-app1.t-767929534-cloudflare.workers.dev/?fran=Lund&amp;till=Slite</loc><changefreq>monthly</changefreq></url>
Bräcke,Bjuv,630,444,Avståndet mellan Bräcke och Bjuv är 630 km och Karl-Johan Gyllenstorm beräknade körtiden till cirka 444 minuter.,<url><loc>https://pendlings-app1.t-767929534-cloudflare.workers.dev/?fran=Bräcke&amp;till=Bjuv</loc><changefreq>monthly</changefreq></url>
Ystad,Finspång,255,176,Avståndet mellan Ystad och Finspång är 255 km och Karl-Johan Gyllenstorm beräknade körtiden till cirka 176 minuter.,<url><loc>https://pendlings-app1.t-767929534-cloudflare.workers.dev/?fran=Ystad&amp;till=Finspång</loc><changefreq>monthly</changefreq></url>
Linköping,Norrköping,1114,745,Avståndet mellan Linköping och Norrköping är 1114 km och Karl-Johan Gyllenstorm beräknade körtiden till cirka 745 minuter.,<url><loc>https://pendlings-app1.t-767929534-cloudflare.workers.dev/?fran=Linköping&amp;till=Norrköping</loc><changefreq>monthly</changefreq></url>
Östersund,Grythyttan,449,290,Avståndet mellan Östersund och Grythyttan är 449 km och Karl-Johan Gyllenstorm beräknade körtiden till cirka 290 minuter.,<url><loc>https://pendlings-app1.t-767929534-cloudflare.workers.dev/?fran=Östersund&amp;till=Grythyttan</loc><changefreq>monthly</changefreq></url>
Tierp,Köping,876,655,Avståndet mellan Tierp och Köping är 876 km och Karl-Johan Gyllenstorm beräknade körtiden till cirka 655 minuter.,<url><loc>https://pendlings-app1.t-767929534-cloudflare.workers.dev/?fran=Tierp&amp;till=Köping</loc><changefreq>monthly</changefreq></url>
Malmö,Älvsbyn,80,52,Avståndet mellan Malmö och Älvsbyn är 80 km och Karl-Johan Gyllenstorm beräknade körtiden till cirka 52 minuter.,<url><loc>https://pendlings-app1.t-767929534-cloudflare.workers.dev/?fran=Malmö&amp;till=Älvsbyn</loc><changefreq>monthly</changefreq></url>
Perstorp,Degerfors,820,605,Avståndet mellan Perstorp och Degerfors är 820 km och Karl-Johan Gyllenstorm beräknade körtiden till cirka 605 minuter.,<url><loc>https://pendlings-app1.t-767929534-cloudflare.workers.dev/?fran=Perstorp&amp;till=Degerfors</loc><changefreq>monthly</changefreq></url>
Lindesberg,Osby,1128,716,Avståndet mellan Lindesberg och Osby är 1128 km och Karl-Johan Gyllenstorm beräknade körtiden till cirka 716 minuter.,<url><loc>https://pendlings-app1.t-767929534-cloudflare.workers.dev/?fran=Lindesberg&amp;till=Osby</loc><changefreq>monthly</changefreq></url>
Sälen,Tibro,818,565,Avståndet mellan Sälen och Tibro är 818 km och Karl-Johan Gyllenstorm beräknade körtiden till cirka 565 minuter.,<url><loc>https://pendlings-app1.t-767929534-cloudflare.workers.dev/?fran=Sälen&amp;till=Tibro</loc><changefreq>monthly</changefreq></url>
Hagfors,Ystad,1014,650,Avståndet mellan Hagfors och Ystad är 1014 km och Karl-Johan Gyllenstorm beräknade körtiden till cirka 650 minuter.,<url><loc>https://pendlings-app1.t-767929534-cloudflare.workers.dev/?fran=Hagfors&amp;till=Ystad</loc><changefreq>monthly</changefreq></url>
Täby,Åre,468,340,Avståndet mellan Täby och Åre är 468 km och Karl-Johan Gyllenstorm beräknade körtiden till cirka 340 minuter.,<url><loc>https://pendlings-app1.t-767929534-cloudflare.workers.dev/?fran=Täby&amp;till=Åre</loc><changefreq>monthly</changefreq></url>
Västervik,Grythyttan,1169,774,Avståndet mellan Västervik och Grythyttan är 1169 km och Karl-Johan Gyllenstorm beräknade körtiden till cirka 774 minuter.,<url><loc>https://pendlings-app1.t-767929534-cloudflare.workers.dev/?fran=Västervik&amp;till=Grythyttan</loc><changefreq>monthly</changefreq></url>
Östhammar,Varberg,498,398,Avståndet mellan Östhammar och Varberg är 498 km och Karl-Johan Gyllenstorm beräknade körtiden till cirka 398 minuter.,<url><loc>https://pendlings-app1.t-767929534-cloudflare.workers.dev/?fran=Östhammar&amp;till=Varberg</loc><changefreq>monthly</changefreq></url>
Ockelbo,Timrå,594,415,Avståndet mellan Ockelbo och Timrå är 594 km och Karl-Johan Gyllenstorm beräknade körtiden till cirka 415 minuter.,<url><loc>https://pendlings-app1.t-767929534-cloudflare.workers.dev/?fran=Ockelbo&amp;till=Timrå</loc><changefreq>monthly</changefreq></url>
Vansbro,Karlskoga,1021,691,Avståndet mellan Vansbro och Karlskoga är 1021 km och Karl-Johan Gyllenstorm beräknade körtiden till cirka 691 minuter.,<url><loc>https://pendlings-app1.t-767929534-cloudflare.workers.dev/?fran=Vansbro&amp;till=Karlskoga</loc><changefreq>monthly</changefreq></url>
Flen,Ockelbo,1337,1008,Avståndet mellan Flen och Ockelbo är 1337 km och Karl-Johan Gyllenstorm beräknade körtiden till cirka 1008 minuter.,<url><loc>https://pendlings-app1.t-767929534-cloudflare.workers.dev/?fran=Flen&amp;till=Ockelbo</loc><changefreq>monthly</changefreq></url>
Sunne,Degerfors,489,330,Avståndet mellan Sunne och Degerfors är 489 km och Karl-Johan Gyllenstorm beräknade körtiden till cirka 330 minuter.,<url><loc>https://pendlings-app1.t-767929534-cloudflare.workers.dev/?fran=Sunne&amp;till=Degerfors</loc><changefreq>monthly</changefreq></url>
Halmstad,Malung,186,124,Avståndet mellan Halmstad och Malung är 186 km och Karl-Johan Gyllenstorm beräknade körtiden till cirka 124 minuter.,<url><loc>https://pendlings-app1.t-767929534-cloudflare.workers.dev/?fran=Halmstad&amp;till=Malung</loc><changefreq>monthly</changefreq></url>
Kils,Norrköping,1205,765,Avståndet mellan Kils och Norrköping är 1205 km och Karl-Johan Gyllenstorm beräknade körtiden till cirka 765 minuter.,<url><loc>https://pendlings-app1.t-767929534-cloudflare.workers.dev/?fran=Kils&amp;till=Norrköping</loc><changefreq>monthly</changefreq></url>
Tingstäde,Östersund,321,213,Avståndet mellan Tingstäde och Östersund är 321 km och Karl-Johan Gyllenstorm beräknade körtiden till cirka 213 minuter.,<url><loc>https://pendlings-app1.t-767929534-cloudflare.workers.dev/?fran=Tingstäde&amp;till=Östersund</loc><changefreq>monthly</changefreq></url>
Svedala,Svenljunga,1241,964,Avståndet mellan Svedala och Svenljunga är 1241 km och Karl-Johan Gyllenstorm beräknade körtiden till cirka 964 minuter.,<url><loc>https://pendlings-app1.t-767929534-cloudflare.workers.dev/?fran=Svedala&amp;till=Svenljunga</loc><changefreq>monthly</changefreq></url>
Stånga,Avesta,1343,1028,Avståndet mellan Stånga och Avesta är 1343 km och Karl-Johan Gyllenstorm beräknade körtiden till cirka 1028 minuter.,<url><loc>https://pendlings-app1.t-767929534-cloudflare.workers.dev/?fran=Stånga&amp;till=Avesta</loc><changefreq>monthly</changefreq></url>
Gislaved,Sorsele,143,104,Avståndet mellan Gislaved och Sorsele är 143 km och Karl-Johan Gyllenstorm beräknade körtiden till cirka 104 minuter.,<url><loc>https://pendlings-app1.t-767929534-cloudflare.workers.dev/?fran=Gislaved&amp;till=Sorsele</loc><changefreq>monthly</changefreq></url>
Tomelilla,Östra Göinge,1250,944,Avståndet mellan Tomelilla och Östra Göinge är 1250 km och Karl-Johan Gyllenstorm beräknade körtiden till cirka 944 minuter.,<url><loc>https://pendlings-app1.t-767929534-cloudflare.workers.dev/?fran=Tomelilla&amp;till=Östra Göinge</loc><changefreq>monthly</changefreq></url>
Sotenäs,Kungsör,156,123,Avståndet mellan Sotenäs och Kungsör är 156 km och Karl-Johan Gyllenstorm beräknade körtiden till cirka 123 minuter.,<url><loc>https://pendlings-app1.t-767929534-cloudflare.workers.dev/?fran=Sotenäs&amp;till=Kungsör</loc><changefreq>monthly</changefreq></url>
Göteborg,Dorotea,566,447,Avståndet mellan Göteborg och Dorotea är 566 km och Karl-Johan Gyllenstorm beräknade körtiden till cirka 447 minuter.,<url><loc>https://pendlings-app1.t-767929534-cloudflare.workers.dev/?fran=Göteborg&amp;till=Dorotea</loc><changefreq>monthly</changefreq></url>
Kopparberg,Finspång,1429,1101,Avståndet mellan Kopparberg och Finspång är 1429 km och Karl-Johan Gyllenstorm beräknade körtiden till cirka 1101 minuter.,<url><loc>https://pendlings-app1.t-767929534-cloudflare.workers.dev/?fran=Kopparberg&amp;till=Finspång</loc><changefreq>monthly</changefreq></url>
Gällivare,Jönköping,217,170,Avståndet mellan Gällivare och Jönköping är 217 km och Karl-Johan Gyllenstorm beräknade körtiden till cirka 170 minuter.,<url><loc>https://pendlings-app1.t-767929534-cloudflare.workers.dev/?fran=Gällivare&amp;till=Jönköping</loc><changefreq>monthly</changefreq></url>
Vårgårda,Täby,950,727,Avståndet mellan Vårgårda och Täby är 950 km och Karl-Johan Gyllenstorm beräknade körtiden till cirka 727 minuter.,<url><loc>https://pendlings-app1.t-767929534-cloudflare.workers.dev/?fran=Vårgårda&amp;till=Täby</loc><changefreq>monthly</changefreq></url>
Simrishamn,Sälen,1076,826,Avståndet mellan Simrishamn och Sälen är 1076 km och Karl-Johan Gyllenstorm beräknade körtiden till cirka 826 minuter.,<url><loc>https://pendlings-app1.t-767929534-cloudflare.workers.dev/?fran=Simrishamn&amp;till=Sälen</loc><changefreq>monthly</changefreq></url>
Svedala,Emmaboda,1007,780,Avståndet mellan Svedala och Emmaboda är 1007 km och Karl-Johan Gyllenstorm beräknade körtiden till cirka 780 minuter.,<url><loc>https://pendlings-app1.t-767929534-cloudflare.workers.dev/?fran=Svedala&amp;till=Emmaboda</loc><changefreq>monthly</changefreq></url>
Fagersta,Herrljunga,419,333,Avståndet mellan Fagersta och Herrljunga är 419 km och Karl-Johan Gyllenstorm beräknade körtiden till cirka 333 minuter.,<url><loc>https://pendlings-app1.t-767929534-cloudflare.workers.dev/?fran=Fagersta&amp;till=Herrljunga</loc><changefreq>monthly</changefreq></url>
Munkedal,Surahammar,1123,872,Avståndet mellan Munkedal och Surahammar är 1123 km och Karl-Johan Gyllenstorm beräknade körtiden till cirka 872 minuter.,<url><loc>https://pendlings-app1.t-767929534-cloudflare.workers.dev/?fran=Munkedal&amp;till=Surahammar</loc><changefreq>monthly</changefreq></url>
Gnestad,Kinda,1219,809,Avståndet mellan Gnestad och Kinda är 1219 km och Karl-Johan Gyllenstorm beräknade körtiden till cirka 809 minuter.,<url><loc>https://pendlings-app1.t-767929534-cloudflare.workers.dev/?fran=Gnestad&amp;till=Kinda</loc><changefreq>monthly</changefreq></url>
Varberg,Huddinge,845,576,Avståndet mellan Varberg och Huddinge är 845 km och Karl-Johan Gyllenstorm beräknade körtiden till cirka 576 minuter.,<url><loc>https://pendlings-app1.t-767929534-cloudflare.workers.dev/?fran=Varberg&amp;till=Huddinge</loc><changefreq>monthly</changefreq></url>
Falun,Norrköping,1008,740,Avståndet mellan Falun och Norrköping är 1008 km och Karl-Johan Gyllenstorm beräknade körtiden till cirka 740 minuter.,<url><loc>https://pendlings-app1.t-767929534-cloudflare.workers.dev/?fran=Falun&amp;till=Norrköping</loc><changefreq>monthly</changefreq></url>
Lycksele,Hagfors,942,661,Avståndet mellan Lycksele och Hagfors är 942 km och Karl-Johan Gyllenstorm beräknade körtiden till cirka 661 minuter.,<url><loc>https://pendlings-app1.t-767929534-cloudflare.workers.dev/?fran=Lycksele&amp;till=Hagfors</loc><changefreq>monthly</changefreq></url>
Lekeberg,Luleå,1091,743,Avståndet mellan Lekeberg och Luleå är 1091 km och Karl-Johan Gyllenstorm beräknade körtiden till cirka 743 minuter.,<url><loc>https://pendlings-app1.t-767929534-cloudflare.workers.dev/?fran=Lekeberg&amp;till=Luleå</loc><changefreq>monthly</changefreq></url>
Ängelholm,Skara,1205,855,Avståndet mellan Ängelholm och Skara är 1205 km och Karl-Johan Gyllenstorm beräknade körtiden till cirka 855 minuter.,<url><loc>https://pendlings-app1.t-767929534-cloudflare.workers.dev/?fran=Ängelholm&amp;till=Skara</loc><changefreq>monthly</changefreq></url>
Kramfors,Trosa,608,421,Avståndet mellan Kramfors och Trosa är 608 km och Karl-Johan Gyllenstorm beräknade körtiden till cirka 421 minuter.,<url><loc>https://pendlings-app1.t-767929534-cloudflare.workers.dev/?fran=Kramfors&amp;till=Trosa</loc><changefreq>monthly</changefreq></url>
Charlottenberg,Gimo,944,647,Avståndet mellan Charlottenberg och Gimo är 944 km och Karl-Johan Gyllenstorm beräknade körtiden till cirka 647 minuter.,<url><loc>https://pendlings-app1.t-767929534-cloudflare.workers.dev/?fran=Charlottenberg&amp;till=Gimo</loc><changefreq>monthly</changefreq></url>
Älvkarleby,Munkfors,141,104,Avståndet mellan Älvkarleby och Munkfors är 141 km och Karl-Johan Gyllenstorm beräknade körtiden till cirka 104 minuter.,<url><loc>https://pendlings-app1.t-767929534-cloudflare.workers.dev/?fran=Älvkarleby&amp;till=Munkfors</loc><changefreq>monthly</changefreq></url>
Lomma,Habon,301,234,Avståndet mellan Lomma och Habon är 301 km och Karl-Johan Gyllenstorm beräknade körtiden till cirka 234 minuter.,<url><loc>https://pendlings-app1.t-767929534-cloudflare.workers.dev/?fran=Lomma&amp;till=Habon</loc><changefreq>monthly</changefreq></url>
Roma,Västervik,279,217,Avståndet mellan Roma och Västervik är 279 km och Karl-Johan Gyllenstorm beräknade körtiden till cirka 217 minuter.,<url><loc>https://pendlings-app1.t-767929534-cloudflare.workers.dev/?fran=Roma&amp;till=Västervik</loc><changefreq>monthly</changefreq></url>
Pajala,Eslöv,1143,745,Avståndet mellan Pajala och Eslöv är 1143 km och Karl-Johan Gyllenstorm beräknade körtiden till cirka 745 minuter.,<url><loc>https://pendlings-app1.t-767929534-cloudflare.workers.dev/?fran=Pajala&amp;till=Eslöv</loc><changefreq>monthly</changefreq></url>
Trosa,Vellinge,712,451,Avståndet mellan Trosa och Vellinge är 712 km och Karl-Johan Gyllenstorm beräknade körtiden till cirka 451 minuter.,<url><loc>https://pendlings-app1.t-767929534-cloudflare.workers.dev/?fran=Trosa&amp;till=Vellinge</loc><changefreq>monthly</changefreq></url>
Hemse,Göteborg,753,529,Avståndet mellan Hemse och Göteborg är 753 km och Karl-Johan Gyllenstorm beräknade körtiden till cirka 529 minuter.,<url><loc>https://pendlings-app1.t-767929534-cloudflare.workers.dev/?fran=Hemse&amp;till=Göteborg</loc><changefreq>monthly</changefreq></url>
Eslöv,Slite,219,153,Avståndet mellan Eslöv och Slite är 219 km och Karl-Johan Gyllenstorm beräknade körtiden till cirka 153 minuter.,<url><loc>https://pendlings-app1.t-767929534-cloudflare.workers.dev/?fran=Eslöv&amp;till=Slite</loc><changefreq>monthly</changefreq></url>
Eskilstuna,Töreboda,1119,761,Avståndet mellan Eskilstuna och Töreboda är 1119 km och Karl-Johan Gyllenstorm beräknade körtiden till cirka 761 minuter.,<url><loc>https://pendlings-app1.t-767929534-cloudflare.workers.dev/?fran=Eskilstuna&amp;till=Töreboda</loc><changefreq>monthly</changefreq></url>
Hallsberg,Smedjebacken,44,32,Avståndet mellan Hallsberg och Smedjebacken är 44 km och Karl-Johan Gyllenstorm beräknade körtiden till cirka 32 minuter.,<url><loc>https://pendlings-app1.t-767929534-cloudflare.workers.dev/?fran=Hallsberg&amp;till=Smedjebacken</loc><changefreq>monthly</changefreq></url>
Östersund,Hultsfred,1033,782,Avståndet mellan Östersund och Hultsfred är 1033 km och Karl-Johan Gyllenstorm beräknade körtiden till cirka 782 minuter.,<url><loc>https://pendlings-app1.t-767929534-cloudflare.workers.dev/?fran=Östersund&amp;till=Hultsfred</loc><changefreq>monthly</changefreq></url>
Essunga,Mellerud,1427,930,Avståndet mellan Essunga och Mellerud är 1427 km och Karl-Johan Gyllenstorm beräknade körtiden till cirka 930 minuter.,<url><loc>https://pendlings-app1.t-767929534-cloudflare.workers.dev/?fran=Essunga&amp;till=Mellerud</loc><changefreq>monthly</changefreq></url>
Vingåker,Falkenberg,666,481,Avståndet mellan Vingåker och Falkenberg är 666 km och Karl-Johan Gyllenstorm beräknade körtiden till cirka 481 minuter.,<url><loc>https://pendlings-app1.t-767929534-cloudflare.workers.dev/?fran=Vingåker&amp;till=Falkenberg</loc><changefreq>monthly</changefreq></url>
Boden,Vingåker,523,408,Avståndet mellan Boden och Vingåker är 523 km och Karl-Johan Gyllenstorm beräknade körtiden till cirka 408 minuter.,<url><loc>https://pendlings-app1.t-767929534-cloudflare.workers.dev/?fran=Boden&amp;till=Vingåker</loc><changefreq>monthly</changefreq></url>
Ronehamn,Lund,860,653,Avståndet mellan Ronehamn och Lund är 860 km och Karl-Johan Gyllenstorm beräknade körtiden till cirka 653 minuter.,<url><loc>https://pendlings-app1.t-767929534-cloudflare.workers.dev/?fran=Ronehamn&amp;till=Lund</loc><changefreq>monthly</changefreq></url>
Ludvika,Essunga,217,166,Avståndet mellan Ludvika och Essunga är 217 km och Karl-Johan Gyllenstorm beräknade körtiden till cirka 166 minuter.,<url><loc>https://pendlings-app1.t-767929534-cloudflare.workers.dev/?fran=Ludvika&amp;till=Essunga</loc><changefreq>monthly</changefreq></url>
Eslöv,Strömstad,969,614,Avståndet mellan Eslöv och Strömstad är 969 km och Karl-Johan Gyllenstorm beräknade körtiden till cirka 614 minuter.,<url><loc>https://pendlings-app1.t-767929534-cloudflare.workers.dev/?fran=Eslöv&amp;till=Strömstad</loc><changefreq>monthly</changefreq></url>
Årjäng,Åtvidaberg,775,507,Avståndet mellan Årjäng och Åtvidaberg är 775 km och Karl-Johan Gyllenstorm beräknade körtiden till cirka 507 minuter.,<url><loc>https://pendlings-app1.t-767929534-cloudflare.workers.dev/?fran=Årjäng&amp;till=Åtvidaberg</loc><changefreq>monthly</changefreq></url>
Eksjö,Nordanstig,943,619,Avståndet mellan Eksjö och Nordanstig är 943 km och Karl-Johan Gyllenstorm beräknade körtiden till cirka 619 minuter.,<url><loc>https://pendlings-app1.t-767929534-cloudflare.workers.dev/?fran=Eksjö&amp;till=Nordanstig</loc><changefreq>monthly</changefreq></url>
Sälen,Åtvidaberg,873,680,Avståndet mellan Sälen och Åtvidaberg är 873 km och Karl-Johan Gyllenstorm beräknade körtiden till cirka 680 minuter.,<url><loc>https://pendlings-app1.t-767929534-cloudflare.workers.dev/?fran=Sälen&amp;till=Åtvidaberg</loc><changefreq>monthly</changefreq></url>
Lycksele,Arvika,1247,923,Avståndet mellan Lycksele och Arvika är 1247 km och Karl-Johan Gyllenstorm beräknade körtiden till cirka 923 minuter.,<url><loc>https://pendlings-app1.t-767929534-cloudflare.workers.dev/?fran=Lycksele&amp;till=Arvika</loc><changefreq>monthly</changefreq></url>
Östhammar,Örebro,865,654,Avståndet mellan Östhammar och Örebro är 865 km och Karl-Johan Gyllenstorm beräknade körtiden till cirka 654 minuter.,<url><loc>https://pendlings-app1.t-767929534-cloudflare.workers.dev/?fran=Östhammar&amp;till=Örebro</loc><changefreq>monthly</changefreq></url>
Nyköping,Ed,1173,827,Avståndet mellan Nyköping och Ed är 1173 km och Karl-Johan Gyllenstorm beräknade körtiden till cirka 827 minuter.,<url><loc>https://pendlings-app1.t-767929534-cloudflare.workers.dev/?fran=Nyköping&amp;till=Ed</loc><changefreq>monthly</changefreq></url>
Oskarshamn,Bollebygd,206,143,Avståndet mellan Oskarshamn och Bollebygd är 206 km och Karl-Johan Gyllenstorm beräknade körtiden till cirka 143 minuter.,<url><loc>https://pendlings-app1.t-767929534-cloudflare.workers.dev/?fran=Oskarshamn&amp;till=Bollebygd</loc><changefreq>monthly</changefreq></url>
Timrå,Mariestad,457,321,Avståndet mellan Timrå och Mariestad är 457 km och Karl-Johan Gyllenstorm beräknade körtiden till cirka 321 minuter.,<url><loc>https://pendlings-app1.t-767929534-cloudflare.workers.dev/?fran=Timrå&amp;till=Mariestad</loc><changefreq>monthly</changefreq></url>
Ånge,Arvidsjaur,1437,966,Avståndet mellan Ånge och Arvidsjaur är 1437 km och Karl-Johan Gyllenstorm beräknade körtiden till cirka 966 minuter.,<url><loc>https://pendlings-app1.t-767929534-cloudflare.workers.dev/?fran=Ånge&amp;till=Arvidsjaur</loc><changefreq>monthly</changefreq></url>
Töreboda,Karlskrona,1352,937,Avståndet mellan Töreboda och Karlskrona är 1352 km och Karl-Johan Gyllenstorm beräknade körtiden till cirka 937 minuter.,<url><loc>https://pendlings-app1.t-767929534-cloudflare.workers.dev/?fran=Töreboda&amp;till=Karlskrona</loc><changefreq>monthly</changefreq></url>
Forshaga,Mellerud,1223,965,Avståndet mellan Forshaga och Mellerud är 1223 km och Karl-Johan Gyllenstorm beräknade körtiden till cirka 965 minuter.,<url><loc>https://pendlings-app1.t-767929534-cloudflare.workers.dev/?fran=Forshaga&amp;till=Mellerud</loc><changefreq>monthly</changefreq></url>
Askersund,Halmstad,1111,705,Avståndet mellan Askersund och Halmstad är 1111 km och Karl-Johan Gyllenstorm beräknade körtiden till cirka 705 minuter.,<url><loc>https://pendlings-app1.t-767929534-cloudflare.workers.dev/?fran=Askersund&amp;till=Halmstad</loc><changefreq>monthly</changefreq></url>
Stånga,Kävlinge,366,247,Avståndet mellan Stånga och Kävlinge är 366 km och Karl-Johan Gyllenstorm beräknade körtiden till cirka 247 minuter.,<url><loc>https://pendlings-app1.t-767929534-cloudflare.workers.dev/?fran=Stånga&amp;till=Kävlinge</loc><changefreq>monthly</changefreq></url>
Hyltebruk,Grythyttan,258,171,Avståndet mellan Hyltebruk och Grythyttan är 258 km och Karl-Johan Gyllenstorm beräknade körtiden till cirka 171 minuter.,<url><loc>https://pendlings-app1.t-767929534-cloudflare.workers.dev/?fran=Hyltebruk&amp;till=Grythyttan</loc><changefreq>monthly</changefreq></url>
Gävle,Bollebygd,1341,880,Avståndet mellan Gävle och Bollebygd är 1341 km och Karl-Johan Gyllenstorm beräknade körtiden till cirka 880 minuter.,<url><loc>https://pendlings-app1.t-767929534-cloudflare.workers.dev/?fran=Gävle&amp;till=Bollebygd</loc><changefreq>monthly</changefreq></url>
Säffle,Karlsborg,1048,822,Avståndet mellan Säffle och Karlsborg är 1048 km och Karl-Johan Gyllenstorm beräknade körtiden till cirka 822 minuter.,<url><loc>https://pendlings-app1.t-767929534-cloudflare.workers.dev/?fran=Säffle&amp;till=Karlsborg</loc><changefreq>monthly</changefreq></url>
Vansbro,Havdhem,1036,758,Avståndet mellan Vansbro och Havdhem är 1036 km och Karl-Johan Gyllenstorm beräknade körtiden till cirka 758 minuter.,<url><loc>https://pendlings-app1.t-767929534-cloudflare.workers.dev/?fran=Vansbro&amp;till=Havdhem</loc><changefreq>monthly</changefreq></url>
Skara,Dorotea,1424,961,Avståndet mellan Skara och Dorotea är 1424 km och Karl-Johan Gyllenstorm beräknade körtiden till cirka 961 minuter.,<url><loc>https://pendlings-app1.t-767929534-cloudflare.workers.dev/?fran=Skara&amp;till=Dorotea</loc><changefreq>monthly</changefreq></url>
Färgelanda,Skinnskatteberg,260,188,Avståndet mellan Färgelanda och Skinnskatteberg är 260 km och Karl-Johan Gyllenstorm beräknade körtiden till cirka 188 minuter.,<url><loc>https://pendlings-app1.t-767929534-cloudflare.workers.dev/?fran=Färgelanda&amp;till=Skinnskatteberg</loc><changefreq>monthly</changefreq></url>
Vansbro,Klintehamn,1440,1095,Avståndet mellan Vansbro och Klintehamn är 1440 km och Karl-Johan Gyllenstorm beräknade körtiden till cirka 1095 minuter.,<url><loc>https://pendlings-app1.t-767929534-cloudflare.workers.dev/?fran=Vansbro&amp;till=Klintehamn</loc><changefreq>monthly</changefreq></url>
Mörbylånga,Helsingborg,271,179,Avståndet mellan Mörbylånga och Helsingborg är 271 km och Karl-Johan Gyllenstorm beräknade körtiden till cirka 179 minuter.,<url><loc>https://pendlings-app1.t-767929534-cloudflare.workers.dev/?fran=Mörbylånga&amp;till=Helsingborg</loc><changefreq>monthly</changefreq></url>
Köping,Kramfors,520,408,Avståndet mellan Köping och Kramfors är 520 km och Karl-Johan Gyllenstorm beräknade körtiden till cirka 408 minuter.,<url><loc>https://pendlings-app1.t-767929534-cloudflare.workers.dev/?fran=Köping&amp;till=Kramfors</loc><changefreq>monthly</changefreq></url>
Övertorneå,Västerås,1282,834,Avståndet mellan Övertorneå och Västerås är 1282 km och Karl-Johan Gyllenstorm beräknade körtiden till cirka 834 minuter.,<url><loc>https://pendlings-app1.t-767929534-cloudflare.workers.dev/?fran=Övertorneå&amp;till=Västerås</loc><changefreq>monthly</changefreq></url>
Laholm,Kiruna,699,522,Avståndet mellan Laholm och Kiruna är 699 km och Karl-Johan Gyllenstorm beräknade körtiden till cirka 522 minuter.,<url><loc>https://pendlings-app1.t-767929534-cloudflare.workers.dev/?fran=Laholm&amp;till=Kiruna</loc><changefreq>monthly</changefreq></url>
Jokkmokk,Sveg,100,67,Avståndet mellan Jokkmokk och Sveg är 100 km och Karl-Johan Gyllenstorm beräknade körtiden till cirka 67 minuter.,<url><loc>https://pendlings-app1.t-767929534-cloudflare.workers.dev/?fran=Jokkmokk&amp;till=Sveg</loc><changefreq>monthly</changefreq></url>
Tranemo,Arvika,117,86,Avståndet mellan Tranemo och Arvika är 117 km och Karl-Johan Gyllenstorm beräknade körtiden till cirka 86 minuter.,<url><loc>https://pendlings-app1.t-767929534-cloudflare.workers.dev/?fran=Tranemo&amp;till=Arvika</loc><changefreq>monthly</changefreq></url>
Ljusdal,Vänersborg,1258,823,Avståndet mellan Ljusdal och Vänersborg är 1258 km och Karl-Johan Gyllenstorm beräknade körtiden till cirka 823 minuter.,<url><loc>https://pendlings-app1.t-767929534-cloudflare.workers.dev/?fran=Ljusdal&amp;till=Vänersborg</loc><changefreq>monthly</changefreq></url>
Osby,Smedjebacken,521,370,Avståndet mellan Osby och Smedjebacken är 521 km och Karl-Johan Gyllenstorm beräknade körtiden till cirka 370 minuter.,<url><loc>https://pendlings-app1.t-767929534-cloudflare.workers.dev/?fran=Osby&amp;till=Smedjebacken</loc><changefreq>monthly</changefreq></url>
Ludvika,Härjedalen,359,248,Avståndet mellan Ludvika och Härjedalen är 359 km och Karl-Johan Gyllenstorm beräknade körtiden till cirka 248 minuter.,<url><loc>https://pendlings-app1.t-767929534-cloudflare.workers.dev/?fran=Ludvika&amp;till=Härjedalen</loc><changefreq>monthly</changefreq></url>
Ljusdal,Forshaga,630,459,Avståndet mellan Ljusdal och Forshaga är 630 km och Karl-Johan Gyllenstorm beräknade körtiden till cirka 459 minuter.,<url><loc>https://pendlings-app1.t-767929534-cloudflare.workers.dev/?fran=Ljusdal&amp;till=Forshaga</loc><changefreq>monthly</changefreq></url>
Boxholm,Tofta,706,498,Avståndet mellan Boxholm och Tofta är 706 km och Karl-Johan Gyllenstorm beräknade körtiden till cirka 498 minuter.,<url><loc>https://pendlings-app1.t-767929534-cloudflare.workers.dev/?fran=Boxholm&amp;till=Tofta</loc><changefreq>monthly</changefreq></url>
Kävlinge,Slite,724,489,Avståndet mellan Kävlinge och Slite är 724 km och Karl-Johan Gyllenstorm beräknade körtiden till cirka 489 minuter.,<url><loc>https://pendlings-app1.t-767929534-cloudflare.workers.dev/?fran=Kävlinge&amp;till=Slite</loc><changefreq>monthly</changefreq></url>
Laxå,Slite,505,342,Avståndet mellan Laxå och Slite är 505 km och Karl-Johan Gyllenstorm beräknade körtiden till cirka 342 minuter.,<url><loc>https://pendlings-app1.t-767929534-cloudflare.workers.dev/?fran=Laxå&amp;till=Slite</loc><changefreq>monthly</changefreq></url>
Sala,Mellerud,1225,855,Avståndet mellan Sala och Mellerud är 1225 km och Karl-Johan Gyllenstorm beräknade körtiden till cirka 855 minuter.,<url><loc>https://pendlings-app1.t-767929534-cloudflare.workers.dev/?fran=Sala&amp;till=Mellerud</loc><changefreq>monthly</changefreq></url>
Södertälje,Lomma,278,214,Avståndet mellan Södertälje och Lomma är 278 km och Karl-Johan Gyllenstorm beräknade körtiden till cirka 214 minuter.,<url><loc>https://pendlings-app1.t-767929534-cloudflare.workers.dev/?fran=Södertälje&amp;till=Lomma</loc><changefreq>monthly</changefreq></url>
Perstorp,Osby,595,376,Avståndet mellan Perstorp och Osby är 595 km och Karl-Johan Gyllenstorm beräknade körtiden till cirka 376 minuter.,<url><loc>https://pendlings-app1.t-767929534-cloudflare.workers.dev/?fran=Perstorp&amp;till=Osby</loc><changefreq>monthly</changefreq></url>
Vårgårda,Svedala,471,325,Avståndet mellan Vårgårda och Svedala är 471 km och Karl-Johan Gyllenstorm beräknade körtiden till cirka 325 minuter.,<url><loc>https://pendlings-app1.t-767929534-cloudflare.workers.dev/?fran=Vårgårda&amp;till=Svedala</loc><changefreq>monthly</changefreq></url>
Lärbro,Vetlanda,340,262,Avståndet mellan Lärbro och Vetlanda är 340 km och Karl-Johan Gyllenstorm beräknade körtiden till cirka 262 minuter.,<url><loc>https://pendlings-app1.t-767929534-cloudflare.workers.dev/?fran=Lärbro&amp;till=Vetlanda</loc><changefreq>monthly</changefreq></url>
Håbo,Alingsås,684,453,Avståndet mellan Håbo och Alingsås är 684 km och Karl-Johan Gyllenstorm beräknade körtiden till cirka 453 minuter.,<url><loc>https://pendlings-app1.t-767929534-cloudflare.workers.dev/?fran=Håbo&amp;till=Alingsås</loc><changefreq>monthly</changefreq></url>
Svalöv,Emmaboda,725,564,Avståndet mellan Svalöv och Emmaboda är 725 km och Karl-Johan Gyllenstorm beräknade körtiden till cirka 564 minuter.,<url><loc>https://pendlings-app1.t-767929534-cloudflare.workers.dev/?fran=Svalöv&amp;till=Emmaboda</loc><changefreq>monthly</changefreq></url>
Tierp,Älvkarleby,582,457,Avståndet mellan Tierp och Älvkarleby är 582 km och Karl-Johan Gyllenstorm beräknade körtiden till cirka 457 minuter.,<url><loc>https://pendlings-app1.t-767929534-cloudflare.workers.dev/?fran=Tierp&amp;till=Älvkarleby</loc><changefreq>monthly</changefreq></url>
Falköping,Gislaved,1254,845,Avståndet mellan Falköping och Gislaved är 1254 km och Karl-Johan Gyllenstorm beräknade körtiden till cirka 845 minuter.,<url><loc>https://pendlings-app1.t-767929534-cloudflare.workers.dev/?fran=Falköping&amp;till=Gislaved</loc><changefreq>monthly</changefreq></url>
Strömsund,Emmaboda,402,296,Avståndet mellan Strömsund och Emmaboda är 402 km och Karl-Johan Gyllenstorm beräknade körtiden till cirka 296 minuter.,<url><loc>https://pendlings-app1.t-767929534-cloudflare.workers.dev/?fran=Strömsund&amp;till=Emmaboda</loc><changefreq>monthly</changefreq></url>
Skurup,Borlänge,161,110,Avståndet mellan Skurup och Borlänge är 161 km och Karl-Johan Gyllenstorm beräknade körtiden till cirka 110 minuter.,<url><loc>https://pendlings-app1.t-767929534-cloudflare.workers.dev/?fran=Skurup&amp;till=Borlänge</loc><changefreq>monthly</changefreq></url>
Klippan,Eksjö,545,357,Avståndet mellan Klippan och Eksjö är 545 km och Karl-Johan Gyllenstorm beräknade körtiden till cirka 357 minuter.,<url><loc>https://pendlings-app1.t-767929534-cloudflare.workers.dev/?fran=Klippan&amp;till=Eksjö</loc><changefreq>monthly</changefreq></url>
Timrå,Ängelholm,887,573,Avståndet mellan Timrå och Ängelholm är 887 km och Karl-Johan Gyllenstorm beräknade körtiden till cirka 573 minuter.,<url><loc>https://pendlings-app1.t-767929534-cloudflare.workers.dev/?fran=Timrå&amp;till=Ängelholm</loc><changefreq>monthly</changefreq></url>
Östhammar,Gimo,242,159,Avståndet mellan Östhammar och Gimo är 242 km och Karl-Johan Gyllenstorm beräknade körtiden till cirka 159 minuter.,<url><loc>https://pendlings-app1.t-767929534-cloudflare.workers.dev/?fran=Östhammar&amp;till=Gimo</loc><changefreq>monthly</changefreq></url>
Ljusdal,Staffanstorp,398,268,Avståndet mellan Ljusdal och Staffanstorp är 398 km och Karl-Johan Gyllenstorm beräknade körtiden till cirka 268 minuter.,<url><loc>https://pendlings-app1.t-767929534-cloudflare.workers.dev/?fran=Ljusdal&amp;till=Staffanstorp</loc><changefreq>monthly</changefreq></url>
Älvdalen,Katrineholm,856,563,Avståndet mellan Älvdalen och Katrineholm är 856 km och Karl-Johan Gyllenstorm beräknade körtiden till cirka 563 minuter.,<url><loc>https://pendlings-app1.t-767929534-cloudflare.workers.dev/?fran=Älvdalen&amp;till=Katrineholm</loc><changefreq>monthly</changefreq></url>
Timrå,Malung,273,184,Avståndet mellan Timrå och Malung är 273 km och Karl-Johan Gyllenstorm beräknade körtiden till cirka 184 minuter.,<url><loc>https://pendlings-app1.t-767929534-cloudflare.workers.dev/?fran=Timrå&amp;till=Malung</loc><changefreq>monthly</changefreq></url>
Bjuv,Höganäs,834,628,Avståndet mellan Bjuv och Höganäs är 834 km och Karl-Johan Gyllenstorm beräknade körtiden till cirka 628 minuter.,<url><loc>https://pendlings-app1.t-767929534-cloudflare.workers.dev/?fran=Bjuv&amp;till=Höganäs</loc><changefreq>monthly</changefreq></url>
Köping,Åre,1250,935,Avståndet mellan Köping och Åre är 1250 km och Karl-Johan Gyllenstorm beräknade körtiden till cirka 935 minuter.,<url><loc>https://pendlings-app1.t-767929534-cloudflare.workers.dev/?fran=Köping&amp;till=Åre</loc><changefreq>monthly</changefreq></url>
Malmö,Gislaved,553,431,Avståndet mellan Malmö och Gislaved är 553 km och Karl-Johan Gyllenstorm beräknade körtiden till cirka 431 minuter.,<url><loc>https://pendlings-app1.t-767929534-cloudflare.workers.dev/?fran=Malmö&amp;till=Gislaved</loc><changefreq>monthly</changefreq></url>
Kungsör,Jönköping,450,302,Avståndet mellan Kungsör och Jönköping är 450 km och Karl-Johan Gyllenstorm beräknade körtiden till cirka 302 minuter.,<url><loc>https://pendlings-app1.t-767929534-cloudflare.workers.dev/?fran=Kungsör&amp;till=Jönköping</loc><changefreq>monthly</changefreq></url>
Gimo,Gagnef,1161,870,Avståndet mellan Gimo och Gagnef är 1161 km och Karl-Johan Gyllenstorm beräknade körtiden till cirka 870 minuter.,<url><loc>https://pendlings-app1.t-767929534-cloudflare.workers.dev/?fran=Gimo&amp;till=Gagnef</loc><changefreq>monthly</changefreq></url>
Helsingborg,Fårösund,503,393,Avståndet mellan Helsingborg och Fårösund är 503 km och Karl-Johan Gyllenstorm beräknade körtiden till cirka 393 minuter.,<url><loc>https://pendlings-app1.t-767929534-cloudflare.workers.dev/?fran=Helsingborg&amp;till=Fårösund</loc><changefreq>monthly</changefreq></url>
Pajala,Täby,822,622,Avståndet mellan Pajala och Täby är 822 km och Karl-Johan Gyllenstorm beräknade körtiden till cirka 622 minuter.,<url><loc>https://pendlings-app1.t-767929534-cloudflare.workers.dev/?fran=Pajala&amp;till=Täby</loc><changefreq>monthly</changefreq></url>
Västervik,Hagfors,132,91,Avståndet mellan Västervik och Hagfors är 132 km och Karl-Johan Gyllenstorm beräknade körtiden till cirka 91 minuter.,<url><loc>https://pendlings-app1.t-767929534-cloudflare.workers.dev/?fran=Västervik&amp;till=Hagfors</loc><changefreq>monthly</changefreq></url>
Hjo,Årjäng,42,27,Avståndet mellan Hjo och Årjäng är 42 km och Karl-Johan Gyllenstorm beräknade körtiden till cirka 27 minuter.,<url><loc>https://pendlings-app1.t-767929534-cloudflare.workers.dev/?fran=Hjo&amp;till=Årjäng</loc><changefreq>monthly</changefreq></url>
Umeå,Höganäs,988,682,Avståndet mellan Umeå och Höganäs är 988 km och Karl-Johan Gyllenstorm beräknade körtiden till cirka 682 minuter.,<url><loc>https://pendlings-app1.t-767929534-cloudflare.workers.dev/?fran=Umeå&amp;till=Höganäs</loc><changefreq>monthly</changefreq></url>
Mark,Ockelbo,1092,743,Avståndet mellan Mark och Ockelbo är 1092 km och Karl-Johan Gyllenstorm beräknade körtiden till cirka 743 minuter.,<url><loc>https://pendlings-app1.t-767929534-cloudflare.workers.dev/?fran=Mark&amp;till=Ockelbo</loc><changefreq>monthly</changefreq></url>
Visby,Täby,716,475,Avståndet mellan Visby och Täby är 716 km och Karl-Johan Gyllenstorm beräknade körtiden till cirka 475 minuter.,<url><loc>https://pendlings-app1.t-767929534-cloudflare.workers.dev/?fran=Visby&amp;till=Täby</loc><changefreq>monthly</changefreq></url>
Lund,Halmstad,1298,1026,Avståndet mellan Lund och Halmstad är 1298 km och Karl-Johan Gyllenstorm beräknade körtiden till cirka 1026 minuter.,<url><loc>https://pendlings-app1.t-767929534-cloudflare.workers.dev/?fran=Lund&amp;till=Halmstad</loc><changefreq>monthly</changefreq></url>
Söderköping,Värnamo,1227,881,Avståndet mellan Söderköping och Värnamo är 1227 km och Karl-Johan Gyllenstorm beräknade körtiden till cirka 881 minuter.,<url><loc>https://pendlings-app1.t-767929534-cloudflare.workers.dev/?fran=Söderköping&amp;till=Värnamo</loc><changefreq>monthly</changefreq></url>
Boden,Skurup,1379,1020,Avståndet mellan Boden och Skurup är 1379 km och Karl-Johan Gyllenstorm beräknade körtiden till cirka 1020 minuter.,<url><loc>https://pendlings-app1.t-767929534-cloudflare.workers.dev/?fran=Boden&amp;till=Skurup</loc><changefreq>monthly</changefreq></url>
Falun,Mönsterås,1211,847,Avståndet mellan Falun och Mönsterås är 1211 km och Karl-Johan Gyllenstorm beräknade körtiden till cirka 847 minuter.,<url><loc>https://pendlings-app1.t-767929534-cloudflare.workers.dev/?fran=Falun&amp;till=Mönsterås</loc><changefreq>monthly</changefreq></url>
Kristinehamn,Strömsund,302,207,Avståndet mellan Kristinehamn och Strömsund är 302 km och Karl-Johan Gyllenstorm beräknade körtiden till cirka 207 minuter.,<url><loc>https://pendlings-app1.t-767929534-cloudflare.workers.dev/?fran=Kristinehamn&amp;till=Strömsund</loc><changefreq>monthly</changefreq></url>
Oxelösund,Visby,90,63,Avståndet mellan Oxelösund och Visby är 90 km och Karl-Johan Gyllenstorm beräknade körtiden till cirka 63 minuter.,<url><loc>https://pendlings-app1.t-767929534-cloudflare.workers.dev/?fran=Oxelösund&amp;till=Visby</loc><changefreq>monthly</changefreq></url>
Götene,Kiruna,1276,879,Avståndet mellan Götene och Kiruna är 1276 km och Karl-Johan Gyllenstorm beräknade körtiden till cirka 879 minuter.,<url><loc>https://pendlings-app1.t-767929534-cloudflare.workers.dev/?fran=Götene&amp;till=Kiruna</loc><changefreq>monthly</changefreq></url>
Västervik,Arvika,385,259,Avståndet mellan Västervik och Arvika är 385 km och Karl-Johan Gyllenstorm beräknade körtiden till cirka 259 minuter.,<url><loc>https://pendlings-app1.t-767929534-cloudflare.workers.dev/?fran=Västervik&amp;till=Arvika</loc><changefreq>monthly</changefreq></url>
Vetlanda,Strängnäs,968,686,Avståndet mellan Vetlanda och Strängnäs är 968 km och Karl-Johan Gyllenstorm beräknade körtiden till cirka 686 minuter.,<url><loc>https://pendlings-app1.t-767929534-cloudflare.workers.dev/?fran=Vetlanda&amp;till=Strängnäs</loc><changefreq>monthly</changefreq></url>
Grästorp,Mjölby,410,302,Avståndet mellan Grästorp och Mjölby är 410 km och Karl-Johan Gyllenstorm beräknade körtiden till cirka 302 minuter.,<url><loc>https://pendlings-app1.t-767929534-cloudflare.workers.dev/?fran=Grästorp&amp;till=Mjölby</loc><changefreq>monthly</changefreq></url>
Kävlinge,Åmål,215,155,Avståndet mellan Kävlinge och Åmål är 215 km och Karl-Johan Gyllenstorm beräknade körtiden till cirka 155 minuter.,<url><loc>https://pendlings-app1.t-767929534-cloudflare.workers.dev/?fran=Kävlinge&amp;till=Åmål</loc><changefreq>monthly</changefreq></url>
Rättvik,Gullspång,1065,838,Avståndet mellan Rättvik och Gullspång är 1065 km och Karl-Johan Gyllenstorm beräknade körtiden till cirka 838 minuter.,<url><loc>https://pendlings-app1.t-767929534-cloudflare.workers.dev/?fran=Rättvik&amp;till=Gullspång</loc><changefreq>monthly</changefreq></url>
Laxå,Åmål,447,338,Avståndet mellan Laxå och Åmål är 447 km och Karl-Johan Gyllenstorm beräknade körtiden till cirka 338 minuter.,<url><loc>https://pendlings-app1.t-767929534-cloudflare.workers.dev/?fran=Laxå&amp;till=Åmål</loc><changefreq>monthly</changefreq></url>
Luleå,Vingåker,1298,923,Avståndet mellan Luleå och Vingåker är 1298 km och Karl-Johan Gyllenstorm beräknade körtiden till cirka 923 minuter.,<url><loc>https://pendlings-app1.t-767929534-cloudflare.workers.dev/?fran=Luleå&amp;till=Vingåker</loc><changefreq>monthly</changefreq></url>
Lekeberg,Forshaga,903,645,Avståndet mellan Lekeberg och Forshaga är 903 km och Karl-Johan Gyllenstorm beräknade körtiden till cirka 645 minuter.,<url><loc>https://pendlings-app1.t-767929534-cloudflare.workers.dev/?fran=Lekeberg&amp;till=Forshaga</loc><changefreq>monthly</changefreq></url>
Lindesberg,Svedala,1004,678,Avståndet mellan Lindesberg och Svedala är 1004 km och Karl-Johan Gyllenstorm beräknade körtiden till cirka 678 minuter.,<url><loc>https://pendlings-app1.t-767929534-cloudflare.workers.dev/?fran=Lindesberg&amp;till=Svedala</loc><changefreq>monthly</changefreq></url>
Storfors,Trollhättan,272,193,Avståndet mellan Storfors och Trollhättan är 272 km och Karl-Johan Gyllenstorm beräknade körtiden till cirka 193 minuter.,<url><loc>https://pendlings-app1.t-767929534-cloudflare.workers.dev/?fran=Storfors&amp;till=Trollhättan</loc><changefreq>monthly</changefreq></url>
Storuman,Skinnskatteberg,488,329,Avståndet mellan Storuman och Skinnskatteberg är 488 km och Karl-Johan Gyllenstorm beräknade körtiden till cirka 329 minuter.,<url><loc>https://pendlings-app1.t-767929534-cloudflare.workers.dev/?fran=Storuman&amp;till=Skinnskatteberg</loc><changefreq>monthly</changefreq></url>
Karlskrona,Munkedal,47,32,Avståndet mellan Karlskrona och Munkedal är 47 km och Karl-Johan Gyllenstorm beräknade körtiden till cirka 32 minuter.,<url><loc>https://pendlings-app1.t-767929534-cloudflare.workers.dev/?fran=Karlskrona&amp;till=Munkedal</loc><changefreq>monthly</changefreq></url>
Norberg,Alingsås,394,291,Avståndet mellan Norberg och Alingsås är 394 km och Karl-Johan Gyllenstorm beräknade körtiden till cirka 291 minuter.,<url><loc>https://pendlings-app1.t-767929534-cloudflare.workers.dev/?fran=Norberg&amp;till=Alingsås</loc><changefreq>monthly</changefreq></url>
Hultsfred,Ed,1357,1038,Avståndet mellan Hultsfred och Ed är 1357 km och Karl-Johan Gyllenstorm beräknade körtiden till cirka 1038 minuter.,<url><loc>https://pendlings-app1.t-767929534-cloudflare.workers.dev/?fran=Hultsfred&amp;till=Ed</loc><changefreq>monthly</changefreq></url>
Ödeshög,Trelleborg,374,250,Avståndet mellan Ödeshög och Trelleborg är 374 km och Karl-Johan Gyllenstorm beräknade körtiden till cirka 250 minuter.,<url><loc>https://pendlings-app1.t-767929534-cloudflare.workers.dev/?fran=Ödeshög&amp;till=Trelleborg</loc><changefreq>monthly</changefreq></url>
Rättvik,Borlänge,578,451,Avståndet mellan Rättvik och Borlänge är 578 km och Karl-Johan Gyllenstorm beräknade körtiden till cirka 451 minuter.,<url><loc>https://pendlings-app1.t-767929534-cloudflare.workers.dev/?fran=Rättvik&amp;till=Borlänge</loc><changefreq>monthly</changefreq></url>
Ödeshög,Gislaved,1288,904,Avståndet mellan Ödeshög och Gislaved är 1288 km och Karl-Johan Gyllenstorm beräknade körtiden till cirka 904 minuter.,<url><loc>https://pendlings-app1.t-767929534-cloudflare.workers.dev/?fran=Ödeshög&amp;till=Gislaved</loc><changefreq>monthly</changefreq></url>
Götene,Bollebygd,495,326,Avståndet mellan Götene och Bollebygd är 495 km och Karl-Johan Gyllenstorm beräknade körtiden till cirka 326 minuter.,<url><loc>https://pendlings-app1.t-767929534-cloudflare.workers.dev/?fran=Götene&amp;till=Bollebygd</loc><changefreq>monthly</changefreq></url>
Fårösund,Boden,150,108,Avståndet mellan Fårösund och Boden är 150 km och Karl-Johan Gyllenstorm beräknade körtiden till cirka 108 minuter.,<url><loc>https://pendlings-app1.t-767929534-cloudflare.workers.dev/?fran=Fårösund&amp;till=Boden</loc><changefreq>monthly</changefreq></url>
Vänersborg,Vimmerby,528,403,Avståndet mellan Vänersborg och Vimmerby är 528 km och Karl-Johan Gyllenstorm beräknade körtiden till cirka 403 minuter.,<url><loc>https://pendlings-app1.t-767929534-cloudflare.workers.dev/?fran=Vänersborg&amp;till=Vimmerby</loc><changefreq>monthly</changefreq></url>
Höör,Ödeshög,505,362,Avståndet mellan Höör och Ödeshög är 505 km och Karl-Johan Gyllenstorm beräknade körtiden till cirka 362 minuter.,<url><loc>https://pendlings-app1.t-767929534-cloudflare.workers.dev/?fran=Höör&amp;till=Ödeshög</loc><changefreq>monthly</changefreq></url>
Karlskoga,Jönköping,656,423,Avståndet mellan Karlskoga och Jönköping är 656 km och Karl-Johan Gyllenstorm beräknade körtiden till cirka 423 minuter.,<url><loc>https://pendlings-app1.t-767929534-cloudflare.workers.dev/?fran=Karlskoga&amp;till=Jönköping</loc><changefreq>monthly</changefreq></url>
Karlshamn,Tofta,217,140,Avståndet mellan Karlshamn och Tofta är 217 km och Karl-Johan Gyllenstorm beräknade körtiden till cirka 140 minuter.,<url><loc>https://pendlings-app1.t-767929534-cloudflare.workers.dev/?fran=Karlshamn&amp;till=Tofta</loc><changefreq>monthly</changefreq></url>
Laxå,Nybro,229,156,Avståndet mellan Laxå och Nybro är 229 km och Karl-Johan Gyllenstorm beräknade körtiden till cirka 156 minuter.,<url><loc>https://pendlings-app1.t-767929534-cloudflare.workers.dev/?fran=Laxå&amp;till=Nybro</loc><changefreq>monthly</changefreq></url>
Ludvika,Hudiksvall,659,489,Avståndet mellan Ludvika och Hudiksvall är 659 km och Karl-Johan Gyllenstorm beräknade körtiden till cirka 489 minuter.,<url><loc>https://pendlings-app1.t-767929534-cloudflare.workers.dev/?fran=Ludvika&amp;till=Hudiksvall</loc><changefreq>monthly</changefreq></url>
Skinnskatteberg,Boxholm,369,274,Avståndet mellan Skinnskatteberg och Boxholm är 369 km och Karl-Johan Gyllenstorm beräknade körtiden till cirka 274 minuter.,<url><loc>https://pendlings-app1.t-767929534-cloudflare.workers.dev/?fran=Skinnskatteberg&amp;till=Boxholm</loc><changefreq>monthly</changefreq></url>
Simrishamn,Leksand,1157,751,Avståndet mellan Simrishamn och Leksand är 1157 km och Karl-Johan Gyllenstorm beräknade körtiden till cirka 751 minuter.,<url><loc>https://pendlings-app1.t-767929534-cloudflare.workers.dev/?fran=Simrishamn&amp;till=Leksand</loc><changefreq>monthly</changefreq></url>
Mariestad,Tranemo,579,445,Avståndet mellan Mariestad och Tranemo är 579 km och Karl-Johan Gyllenstorm beräknade körtiden till cirka 445 minuter.,<url><loc>https://pendlings-app1.t-767929534-cloudflare.workers.dev/?fran=Mariestad&amp;till=Tranemo</loc><changefreq>monthly</changefreq></url>
Aneby,Kramfors,1393,1105,Avståndet mellan Aneby och Kramfors är 1393 km och Karl-Johan Gyllenstorm beräknade körtiden till cirka 1105 minuter.,<url><loc>https://pendlings-app1.t-767929534-cloudflare.workers.dev/?fran=Aneby&amp;till=Kramfors</loc><changefreq>monthly</changefreq></url>
Norsjö,Tranås,1444,1075,Avståndet mellan Norsjö och Tranås är 1444 km och Karl-Johan Gyllenstorm beräknade körtiden till cirka 1075 minuter.,<url><loc>https://pendlings-app1.t-767929534-cloudflare.workers.dev/?fran=Norsjö&amp;till=Tranås</loc><changefreq>monthly</changefreq></url>
Haparanda,Helsingborg,778,621,Avståndet mellan Haparanda och Helsingborg är 778 km och Karl-Johan Gyllenstorm beräknade körtiden till cirka 621 minuter.,<url><loc>https://pendlings-app1.t-767929534-cloudflare.workers.dev/?fran=Haparanda&amp;till=Helsingborg</loc><changefreq>monthly</changefreq></url>
Gullspång,Nyköping,1255,928,Avståndet mellan Gullspång och Nyköping är 1255 km och Karl-Johan Gyllenstorm beräknade körtiden till cirka 928 minuter.,<url><loc>https://pendlings-app1.t-767929534-cloudflare.workers.dev/?fran=Gullspång&amp;till=Nyköping</loc><changefreq>monthly</changefreq></url>
Skara,Karlskrona,867,634,Avståndet mellan Skara och Karlskrona är 867 km och Karl-Johan Gyllenstorm beräknade körtiden till cirka 634 minuter.,<url><loc>https://pendlings-app1.t-767929534-cloudflare.workers.dev/?fran=Skara&amp;till=Karlskrona</loc><changefreq>monthly</changefreq></url>
Boden,Hörby,211,164,Avståndet mellan Boden och Hörby är 211 km och Karl-Johan Gyllenstorm beräknade körtiden till cirka 164 minuter.,<url><loc>https://pendlings-app1.t-767929534-cloudflare.workers.dev/?fran=Boden&amp;till=Hörby</loc><changefreq>monthly</changefreq></url>
Hallstahammar,Vårgårda,1079,775,Avståndet mellan Hallstahammar och Vårgårda är 1079 km och Karl-Johan Gyllenstorm beräknade körtiden till cirka 775 minuter.,<url><loc>https://pendlings-app1.t-767929534-cloudflare.workers.dev/?fran=Hallstahammar&amp;till=Vårgårda</loc><changefreq>monthly</changefreq></url>
Vimmerby,Karlshamn,158,100,Avståndet mellan Vimmerby och Karlshamn är 158 km och Karl-Johan Gyllenstorm beräknade körtiden till cirka 100 minuter.,<url><loc>https://pendlings-app1.t-767929534-cloudflare.workers.dev/?fran=Vimmerby&amp;till=Karlshamn</loc><changefreq>monthly</changefreq></url>
Göteborg,Klippan,878,556,Avståndet mellan Göteborg och Klippan är 878 km och Karl-Johan Gyllenstorm beräknade körtiden till cirka 556 minuter.,<url><loc>https://pendlings-app1.t-767929534-cloudflare.workers.dev/?fran=Göteborg&amp;till=Klippan</loc><changefreq>monthly</changefreq></url>
Lycksele,Älvkarleby,41,28,Avståndet mellan Lycksele och Älvkarleby är 41 km och Karl-Johan Gyllenstorm beräknade körtiden till cirka 28 minuter.,<url><loc>https://pendlings-app1.t-767929534-cloudflare.workers.dev/?fran=Lycksele&amp;till=Älvkarleby</loc><changefreq>monthly</changefreq></url>
Täby,Ängelholm,1204,895,Avståndet mellan Täby och Ängelholm är 1204 km och Karl-Johan Gyllenstorm beräknade körtiden till cirka 895 minuter.,<url><loc>https://pendlings-app1.t-767929534-cloudflare.workers.dev/?fran=Täby&amp;till=Ängelholm</loc><changefreq>monthly</changefreq></url>
Tranås,Hagfors,657,464,Avståndet mellan Tranås och Hagfors är 657 km och Karl-Johan Gyllenstorm beräknade körtiden till cirka 464 minuter.,<url><loc>https://pendlings-app1.t-767929534-cloudflare.workers.dev/?fran=Tranås&amp;till=Hagfors</loc><changefreq>monthly</changefreq></url>
Örkelljunga,Hörby,419,288,Avståndet mellan Örkelljunga och Hörby är 419 km och Karl-Johan Gyllenstorm beräknade körtiden till cirka 288 minuter.,<url><loc>https://pendlings-app1.t-767929534-cloudflare.workers.dev/?fran=Örkelljunga&amp;till=Hörby</loc><changefreq>monthly</changefreq></url>
Hällefor,Norberg,1294,871,Avståndet mellan Hällefor och Norberg är 1294 km och Karl-Johan Gyllenstorm beräknade körtiden till cirka 871 minuter.,<url><loc>https://pendlings-app1.t-767929534-cloudflare.workers.dev/?fran=Hällefor&amp;till=Norberg</loc><changefreq>monthly</changefreq></url>
Trosa,Uddevalla,419,298,Avståndet mellan Trosa och Uddevalla är 419 km och Karl-Johan Gyllenstorm beräknade körtiden till cirka 298 minuter.,<url><loc>https://pendlings-app1.t-767929534-cloudflare.workers.dev/?fran=Trosa&amp;till=Uddevalla</loc><changefreq>monthly</changefreq></url>
Täby,Malung,680,502,Avståndet mellan Täby och Malung är 680 km och Karl-Johan Gyllenstorm beräknade körtiden till cirka 502 minuter.,<url><loc>https://pendlings-app1.t-767929534-cloudflare.workers.dev/?fran=Täby&amp;till=Malung</loc><changefreq>monthly</changefreq></url>
Gimo,Norsjö,1328,1026,Avståndet mellan Gimo och Norsjö är 1328 km och Karl-Johan Gyllenstorm beräknade körtiden till cirka 1026 minuter.,<url><loc>https://pendlings-app1.t-767929534-cloudflare.workers.dev/?fran=Gimo&amp;till=Norsjö</loc><changefreq>monthly</changefreq></url>
Höör,Pajala,690,437,Avståndet mellan Höör och Pajala är 690 km och Karl-Johan Gyllenstorm beräknade körtiden till cirka 437 minuter.,<url><loc>https://pendlings-app1.t-767929534-cloudflare.workers.dev/?fran=Höör&amp;till=Pajala</loc><changefreq>monthly</changefreq></url>
Hässleholm,Vibble,1426,976,Avståndet mellan Hässleholm och Vibble är 1426 km och Karl-Johan Gyllenstorm beräknade körtiden till cirka 976 minuter.,<url><loc>https://pendlings-app1.t-767929534-cloudflare.workers.dev/?fran=Hässleholm&amp;till=Vibble</loc><changefreq>monthly</changefreq></url>
Kils,Säffle,139,98,Avståndet mellan Kils och Säffle är 139 km och Karl-Johan Gyllenstorm beräknade körtiden till cirka 98 minuter.,<url><loc>https://pendlings-app1.t-767929534-cloudflare.workers.dev/?fran=Kils&amp;till=Säffle</loc><changefreq>monthly</changefreq></url>
Gällivare,Bollnäs,391,284,Avståndet mellan Gällivare och Bollnäs är 391 km och Karl-Johan Gyllenstorm beräknade körtiden till cirka 284 minuter.,<url><loc>https://pendlings-app1.t-767929534-cloudflare.workers.dev/?fran=Gällivare&amp;till=Bollnäs</loc><changefreq>monthly</changefreq></url>
Lidköping,Katrineholm,180,122,Avståndet mellan Lidköping och Katrineholm är 180 km och Karl-Johan Gyllenstorm beräknade körtiden till cirka 122 minuter.,<url><loc>https://pendlings-app1.t-767929534-cloudflare.workers.dev/?fran=Lidköping&amp;till=Katrineholm</loc><changefreq>monthly</changefreq></url>
Flen,Laholm,169,134,Avståndet mellan Flen och Laholm är 169 km och Karl-Johan Gyllenstorm beräknade körtiden till cirka 134 minuter.,<url><loc>https://pendlings-app1.t-767929534-cloudflare.workers.dev/?fran=Flen&amp;till=Laholm</loc><changefreq>monthly</changefreq></url>
Gislaved,Leksand,433,319,Avståndet mellan Gislaved och Leksand är 433 km och Karl-Johan Gyllenstorm beräknade körtiden till cirka 319 minuter.,<url><loc>https://pendlings-app1.t-767929534-cloudflare.workers.dev/?fran=Gislaved&amp;till=Leksand</loc><changefreq>monthly</changefreq></url>
Trollhättan,Hagfors,679,467,Avståndet mellan Trollhättan och Hagfors är 679 km och Karl-Johan Gyllenstorm beräknade körtiden till cirka 467 minuter.,<url><loc>https://pendlings-app1.t-767929534-cloudflare.workers.dev/?fran=Trollhättan&amp;till=Hagfors</loc><changefreq>monthly</changefreq></url>
Oskarshamn,Grythyttan,396,264,Avståndet mellan Oskarshamn och Grythyttan är 396 km och Karl-Johan Gyllenstorm beräknade körtiden till cirka 264 minuter.,<url><loc>https://pendlings-app1.t-767929534-cloudflare.workers.dev/?fran=Oskarshamn&amp;till=Grythyttan</loc><changefreq>monthly</changefreq></url>
Bräcke,Ronneby,1240,785,Avståndet mellan Bräcke och Ronneby är 1240 km och Karl-Johan Gyllenstorm beräknade körtiden till cirka 785 minuter.,<url><loc>https://pendlings-app1.t-767929534-cloudflare.workers.dev/?fran=Bräcke&amp;till=Ronneby</loc><changefreq>monthly</changefreq></url>
Vetlanda,Tranås,97,66,Avståndet mellan Vetlanda och Tranås är 97 km och Karl-Johan Gyllenstorm beräknade körtiden till cirka 66 minuter.,<url><loc>https://pendlings-app1.t-767929534-cloudflare.workers.dev/?fran=Vetlanda&amp;till=Tranås</loc><changefreq>monthly</changefreq></url>
Överkalix,Söderhamn,382,287,Avståndet mellan Överkalix och Söderhamn är 382 km och Karl-Johan Gyllenstorm beräknade körtiden till cirka 287 minuter.,<url><loc>https://pendlings-app1.t-767929534-cloudflare.workers.dev/?fran=Överkalix&amp;till=Söderhamn</loc><changefreq>monthly</changefreq></url>
Växjö,Åre,807,543,Avståndet mellan Växjö och Åre är 807 km och Karl-Johan Gyllenstorm beräknade körtiden till cirka 543 minuter.,<url><loc>https://pendlings-app1.t-767929534-cloudflare.workers.dev/?fran=Växjö&amp;till=Åre</loc><changefreq>monthly</changefreq></url>
Vimmerby,Sundsvall,911,631,Avståndet mellan Vimmerby och Sundsvall är 911 km och Karl-Johan Gyllenstorm beräknade körtiden till cirka 631 minuter.,<url><loc>https://pendlings-app1.t-767929534-cloudflare.workers.dev/?fran=Vimmerby&amp;till=Sundsvall</loc><changefreq>monthly</changefreq></url>
Bjuv,Grums,892,615,Avståndet mellan Bjuv och Grums är 892 km och Karl-Johan Gyllenstorm beräknade körtiden till cirka 615 minuter.,<url><loc>https://pendlings-app1.t-767929534-cloudflare.workers.dev/?fran=Bjuv&amp;till=Grums</loc><changefreq>monthly</changefreq></url>
Laholm,Mellerud,368,256,Avståndet mellan Laholm och Mellerud är 368 km och Karl-Johan Gyllenstorm beräknade körtiden till cirka 256 minuter.,<url><loc>https://pendlings-app1.t-767929534-cloudflare.workers.dev/?fran=Laholm&amp;till=Mellerud</loc><changefreq>monthly</changefreq></url>
Sjöbo,Herrljunga,503,379,Avståndet mellan Sjöbo och Herrljunga är 503 km och Karl-Johan Gyllenstorm beräknade körtiden till cirka 379 minuter.,<url><loc>https://pendlings-app1.t-767929534-cloudflare.workers.dev/?fran=Sjöbo&amp;till=Herrljunga</loc><changefreq>monthly</changefreq></url>
Sunne,Täby,810,632,Avståndet mellan Sunne och Täby är 810 km och Karl-Johan Gyllenstorm beräknade körtiden till cirka 632 minuter.,<url><loc>https://pendlings-app1.t-767929534-cloudflare.workers.dev/?fran=Sunne&amp;till=Täby</loc><changefreq>monthly</changefreq></url>
Västervik,Uppsala,537,419,Avståndet mellan Västervik och Uppsala är 537 km och Karl-Johan Gyllenstorm beräknade körtiden till cirka 419 minuter.,<url><loc>https://pendlings-app1.t-767929534-cloudflare.workers.dev/?fran=Västervik&amp;till=Uppsala</loc><changefreq>monthly</changefreq></url>
Östersund,Älvdalen,158,108,Avståndet mellan Östersund och Älvdalen är 158 km och Karl-Johan Gyllenstorm beräknade körtiden till cirka 108 minuter.,<url><loc>https://pendlings-app1.t-767929534-cloudflare.workers.dev/?fran=Östersund&amp;till=Älvdalen</loc><changefreq>monthly</changefreq></url>
Vilhelmina,Älvsbyn,1134,751,Avståndet mellan Vilhelmina och Älvsbyn är 1134 km och Karl-Johan Gyllenstorm beräknade körtiden till cirka 751 minuter.,<url><loc>https://pendlings-app1.t-767929534-cloudflare.workers.dev/?fran=Vilhelmina&amp;till=Älvsbyn</loc><changefreq>monthly</changefreq></url>
Östersund,Malmö,417,287,Avståndet mellan Östersund och Malmö är 417 km och Karl-Johan Gyllenstorm beräknade körtiden till cirka 287 minuter.,<url><loc>https://pendlings-app1.t-767929534-cloudflare.workers.dev/?fran=Östersund&amp;till=Malmö</loc><changefreq>monthly</changefreq></url>
Grästorp,Hässleholm,58,38,Avståndet mellan Grästorp och Hässleholm är 58 km och Karl-Johan Gyllenstorm beräknade körtiden till cirka 38 minuter.,<url><loc>https://pendlings-app1.t-767929534-cloudflare.workers.dev/?fran=Grästorp&amp;till=Hässleholm</loc><changefreq>monthly</changefreq></url>
Skara,Lekeberg,497,329,Avståndet mellan Skara och Lekeberg är 497 km och Karl-Johan Gyllenstorm beräknade körtiden till cirka 329 minuter.,<url><loc>https://pendlings-app1.t-767929534-cloudflare.workers.dev/?fran=Skara&amp;till=Lekeberg</loc><changefreq>monthly</changefreq></url>
Malå,Tierp,650,503,Avståndet mellan Malå och Tierp är 650 km och Karl-Johan Gyllenstorm beräknade körtiden till cirka 503 minuter.,<url><loc>https://pendlings-app1.t-767929534-cloudflare.workers.dev/?fran=Malå&amp;till=Tierp</loc><changefreq>monthly</changefreq></url>
Tofta,Oskarshamn,1363,933,Avståndet mellan Tofta och Oskarshamn är 1363 km och Karl-Johan Gyllenstorm beräknade körtiden till cirka 933 minuter.,<url><loc>https://pendlings-app1.t-767929534-cloudflare.workers.dev/?fran=Tofta&amp;till=Oskarshamn</loc><changefreq>monthly</changefreq></url>
Finspång,Tierp,329,244,Avståndet mellan Finspång och Tierp är 329 km och Karl-Johan Gyllenstorm beräknade körtiden till cirka 244 minuter.,<url><loc>https://pendlings-app1.t-767929534-cloudflare.workers.dev/?fran=Finspång&amp;till=Tierp</loc><changefreq>monthly</changefreq></url>
Umeå,Borlänge,800,575,Avståndet mellan Umeå och Borlänge är 800 km och Karl-Johan Gyllenstorm beräknade körtiden till cirka 575 minuter.,<url><loc>https://pendlings-app1.t-767929534-cloudflare.workers.dev/?fran=Umeå&amp;till=Borlänge</loc><changefreq>monthly</changefreq></url>
Färjestaden,Fårösund,388,273,Avståndet mellan Färjestaden och Fårösund är 388 km och Karl-Johan Gyllenstorm beräknade körtiden till cirka 273 minuter.,<url><loc>https://pendlings-app1.t-767929534-cloudflare.workers.dev/?fran=Färjestaden&amp;till=Fårösund</loc><changefreq>monthly</changefreq></url>
Grums,Mönsterås,409,305,Avståndet mellan Grums och Mönsterås är 409 km och Karl-Johan Gyllenstorm beräknade körtiden till cirka 305 minuter.,<url><loc>https://pendlings-app1.t-767929534-cloudflare.workers.dev/?fran=Grums&amp;till=Mönsterås</loc><changefreq>monthly</changefreq></url>
Ockelbo,Kiruna,416,316,Avståndet mellan Ockelbo och Kiruna är 416 km och Karl-Johan Gyllenstorm beräknade körtiden till cirka 316 minuter.,<url><loc>https://pendlings-app1.t-767929534-cloudflare.workers.dev/?fran=Ockelbo&amp;till=Kiruna</loc><changefreq>monthly</changefreq></url>
Vimmerby,Malmö,639,433,Avståndet mellan Vimmerby och Malmö är 639 km och Karl-Johan Gyllenstorm beräknade körtiden till cirka 433 minuter.,<url><loc>https://pendlings-app1.t-767929534-cloudflare.workers.dev/?fran=Vimmerby&amp;till=Malmö</loc><changefreq>monthly</changefreq></url>
Mönsterås,Uppsala,1128,777,Avståndet mellan Mönsterås och Uppsala är 1128 km och Karl-Johan Gyllenstorm beräknade körtiden till cirka 777 minuter.,<url><loc>https://pendlings-app1.t-767929534-cloudflare.workers.dev/?fran=Mönsterås&amp;till=Uppsala</loc><changefreq>monthly</changefreq></url>
Krokom,Hörby,512,383,Avståndet mellan Krokom och Hörby är 512 km och Karl-Johan Gyllenstorm beräknade körtiden till cirka 383 minuter.,<url><loc>https://pendlings-app1.t-767929534-cloudflare.workers.dev/?fran=Krokom&amp;till=Hörby</loc><changefreq>monthly</changefreq></url>
Sveg,Bjuv,992,722,Avståndet mellan Sveg och Bjuv är 992 km och Karl-Johan Gyllenstorm beräknade körtiden till cirka 722 minuter.,<url><loc>https://pendlings-app1.t-767929534-cloudflare.workers.dev/?fran=Sveg&amp;till=Bjuv</loc><changefreq>monthly</changefreq></url>
Sävsjö,Umeå,1103,801,Avståndet mellan Sävsjö och Umeå är 1103 km och Karl-Johan Gyllenstorm beräknade körtiden till cirka 801 minuter.,<url><loc>https://pendlings-app1.t-767929534-cloudflare.workers.dev/?fran=Sävsjö&amp;till=Umeå</loc><changefreq>monthly</changefreq></url>
Lomma,Avesta,1278,957,Avståndet mellan Lomma och Avesta är 1278 km och Karl-Johan Gyllenstorm beräknade körtiden till cirka 957 minuter.,<url><loc>https://pendlings-app1.t-767929534-cloudflare.workers.dev/?fran=Lomma&amp;till=Avesta</loc><changefreq>monthly</changefreq></url>
Östersund,Älvkarleby,101,71,Avståndet mellan Östersund och Älvkarleby är 101 km och Karl-Johan Gyllenstorm beräknade körtiden till cirka 71 minuter.,<url><loc>https://pendlings-app1.t-767929534-cloudflare.workers.dev/?fran=Östersund&amp;till=Älvkarleby</loc><changefreq>monthly</changefreq></url>
Sälen,Staffanstorp,766,504,Avståndet mellan Sälen och Staffanstorp är 766 km och Karl-Johan Gyllenstorm beräknade körtiden till cirka 504 minuter.,<url><loc>https://pendlings-app1.t-767929534-cloudflare.workers.dev/?fran=Sälen&amp;till=Staffanstorp</loc><changefreq>monthly</changefreq></url>
Slite,Landskrona,384,286,Avståndet mellan Slite och Landskrona är 384 km och Karl-Johan Gyllenstorm beräknade körtiden till cirka 286 minuter.,<url><loc>https://pendlings-app1.t-767929534-cloudflare.workers.dev/?fran=Slite&amp;till=Landskrona</loc><changefreq>monthly</changefreq></url>
Östhammar,Gällivare,1176,898,Avståndet mellan Östhammar och Gällivare är 1176 km och Karl-Johan Gyllenstorm beräknade körtiden till cirka 898 minuter.,<url><loc>https://pendlings-app1.t-767929534-cloudflare.workers.dev/?fran=Östhammar&amp;till=Gällivare</loc><changefreq>monthly</changefreq></url>
Staffanstorp,Flen,1295,828,Avståndet mellan Staffanstorp och Flen är 1295 km och Karl-Johan Gyllenstorm beräknade körtiden till cirka 828 minuter.,<url><loc>https://pendlings-app1.t-767929534-cloudflare.workers.dev/?fran=Staffanstorp&amp;till=Flen</loc><changefreq>monthly</changefreq></url>
Höganäs,Älvkarleby,1160,853,Avståndet mellan Höganäs och Älvkarleby är 1160 km och Karl-Johan Gyllenstorm beräknade körtiden till cirka 853 minuter.,<url><loc>https://pendlings-app1.t-767929534-cloudflare.workers.dev/?fran=Höganäs&amp;till=Älvkarleby</loc><changefreq>monthly</changefreq></url>
Kristianstad,Aneby,67,48,Avståndet mellan Kristianstad och Aneby är 67 km och Karl-Johan Gyllenstorm beräknade körtiden till cirka 48 minuter.,<url><loc>https://pendlings-app1.t-767929534-cloudflare.workers.dev/?fran=Kristianstad&amp;till=Aneby</loc><changefreq>monthly</changefreq></url>
Tibro,Storfors,443,325,Avståndet mellan Tibro och Storfors är 443 km och Karl-Johan Gyllenstorm beräknade körtiden till cirka 325 minuter.,<url><loc>https://pendlings-app1.t-767929534-cloudflare.workers.dev/?fran=Tibro&amp;till=Storfors</loc><changefreq>monthly</changefreq></url>
Lidköping,Kalix,69,48,Avståndet mellan Lidköping och Kalix är 69 km och Karl-Johan Gyllenstorm beräknade körtiden till cirka 48 minuter.,<url><loc>https://pendlings-app1.t-767929534-cloudflare.workers.dev/?fran=Lidköping&amp;till=Kalix</loc><changefreq>monthly</changefreq></url>
Torsby,Vansbro,736,564,Avståndet mellan Torsby och Vansbro är 736 km och Karl-Johan Gyllenstorm beräknade körtiden till cirka 564 minuter.,<url><loc>https://pendlings-app1.t-767929534-cloudflare.workers.dev/?fran=Torsby&amp;till=Vansbro</loc><changefreq>monthly</changefreq></url>
Finspång,Bengtsfors,1170,801,Avståndet mellan Finspång och Bengtsfors är 1170 km och Karl-Johan Gyllenstorm beräknade körtiden till cirka 801 minuter.,<url><loc>https://pendlings-app1.t-767929534-cloudflare.workers.dev/?fran=Finspång&amp;till=Bengtsfors</loc><changefreq>monthly</changefreq></url>
Gnosjö,Sölvesborg,1096,722,Avståndet mellan Gnosjö och Sölvesborg är 1096 km och Karl-Johan Gyllenstorm beräknade körtiden till cirka 722 minuter.,<url><loc>https://pendlings-app1.t-767929534-cloudflare.workers.dev/?fran=Gnosjö&amp;till=Sölvesborg</loc><changefreq>monthly</changefreq></url>
Klintehamn,Överkalix,789,543,Avståndet mellan Klintehamn och Överkalix är 789 km och Karl-Johan Gyllenstorm beräknade körtiden till cirka 543 minuter.,<url><loc>https://pendlings-app1.t-767929534-cloudflare.workers.dev/?fran=Klintehamn&amp;till=Överkalix</loc><changefreq>monthly</changefreq></url>
Lidköping,Sjöbo,1007,658,Avståndet mellan Lidköping och Sjöbo är 1007 km och Karl-Johan Gyllenstorm beräknade körtiden till cirka 658 minuter.,<url><loc>https://pendlings-app1.t-767929534-cloudflare.workers.dev/?fran=Lidköping&amp;till=Sjöbo</loc><changefreq>monthly</changefreq></url>
Hyltebruk,Habon,41,31,Avståndet mellan Hyltebruk och Habon är 41 km och Karl-Johan Gyllenstorm beräknade körtiden till cirka 31 minuter.,<url><loc>https://pendlings-app1.t-767929534-cloudflare.workers.dev/?fran=Hyltebruk&amp;till=Habon</loc><changefreq>monthly</changefreq></url>
Sollefteå,Hemse,899,592,Avståndet mellan Sollefteå och Hemse är 899 km och Karl-Johan Gyllenstorm beräknade körtiden till cirka 592 minuter.,<url><loc>https://pendlings-app1.t-767929534-cloudflare.workers.dev/?fran=Sollefteå&amp;till=Hemse</loc><changefreq>monthly</changefreq></url>
Timrå,Haparanda,1264,820,Avståndet mellan Timrå och Haparanda är 1264 km och Karl-Johan Gyllenstorm beräknade körtiden till cirka 820 minuter.,<url><loc>https://pendlings-app1.t-767929534-cloudflare.workers.dev/?fran=Timrå&amp;till=Haparanda</loc><changefreq>monthly</changefreq></url>
Västervik,Älvkarleby,889,661,Avståndet mellan Västervik och Älvkarleby är 889 km och Karl-Johan Gyllenstorm beräknade körtiden till cirka 661 minuter.,<url><loc>https://pendlings-app1.t-767929534-cloudflare.workers.dev/?fran=Västervik&amp;till=Älvkarleby</loc><changefreq>monthly</changefreq></url>
Gällivare,Karlshamn,454,334,Avståndet mellan Gällivare och Karlshamn är 454 km och Karl-Johan Gyllenstorm beräknade körtiden till cirka 334 minuter.,<url><loc>https://pendlings-app1.t-767929534-cloudflare.workers.dev/?fran=Gällivare&amp;till=Karlshamn</loc><changefreq>monthly</changefreq></url>
Degerfors,Årjäng,221,144,Avståndet mellan Degerfors och Årjäng är 221 km och Karl-Johan Gyllenstorm beräknade körtiden till cirka 144 minuter.,<url><loc>https://pendlings-app1.t-767929534-cloudflare.workers.dev/?fran=Degerfors&amp;till=Årjäng</loc><changefreq>monthly</changefreq></url>
Höganäs,Fårösund,988,713,Avståndet mellan Höganäs och Fårösund är 988 km och Karl-Johan Gyllenstorm beräknade körtiden till cirka 713 minuter.,<url><loc>https://pendlings-app1.t-767929534-cloudflare.workers.dev/?fran=Höganäs&amp;till=Fårösund</loc><changefreq>monthly</changefreq></url>
Kramfors,Växjö,116,87,Avståndet mellan Kramfors och Växjö är 116 km och Karl-Johan Gyllenstorm beräknade körtiden till cirka 87 minuter.,<url><loc>https://pendlings-app1.t-767929534-cloudflare.workers.dev/?fran=Kramfors&amp;till=Växjö</loc><changefreq>monthly</changefreq></url>
Vingåker,Ulricehamn,280,185,Avståndet mellan Vingåker och Ulricehamn är 280 km och Karl-Johan Gyllenstorm beräknade körtiden till cirka 185 minuter.,<url><loc>https://pendlings-app1.t-767929534-cloudflare.workers.dev/?fran=Vingåker&amp;till=Ulricehamn</loc><changefreq>monthly</changefreq></url>
Visby,Ludvika,1096,832,Avståndet mellan Visby och Ludvika är 1096 km och Karl-Johan Gyllenstorm beräknade körtiden till cirka 832 minuter.,<url><loc>https://pendlings-app1.t-767929534-cloudflare.workers.dev/?fran=Visby&amp;till=Ludvika</loc><changefreq>monthly</changefreq></url>
Mönsterås,Mark,102,68,Avståndet mellan Mönsterås och Mark är 102 km och Karl-Johan Gyllenstorm beräknade körtiden till cirka 68 minuter.,<url><loc>https://pendlings-app1.t-767929534-cloudflare.workers.dev/?fran=Mönsterås&amp;till=Mark</loc><changefreq>monthly</changefreq></url>
Ödeshög,Degerfors,1230,902,Avståndet mellan Ödeshög och Degerfors är 1230 km och Karl-Johan Gyllenstorm beräknade körtiden till cirka 902 minuter.,<url><loc>https://pendlings-app1.t-767929534-cloudflare.workers.dev/?fran=Ödeshög&amp;till=Degerfors</loc><changefreq>monthly</changefreq></url>
Haparanda,Havdhem,304,212,Avståndet mellan Haparanda och Havdhem är 304 km och Karl-Johan Gyllenstorm beräknade körtiden till cirka 212 minuter.,<url><loc>https://pendlings-app1.t-767929534-cloudflare.workers.dev/?fran=Haparanda&amp;till=Havdhem</loc><changefreq>monthly</changefreq></url>
Östhammar,Eskilstuna,957,725,Avståndet mellan Östhammar och Eskilstuna är 957 km och Karl-Johan Gyllenstorm beräknade körtiden till cirka 725 minuter.,<url><loc>https://pendlings-app1.t-767929534-cloudflare.workers.dev/?fran=Östhammar&amp;till=Eskilstuna</loc><changefreq>monthly</changefreq></url>
Enköping,Laholm,587,372,Avståndet mellan Enköping och Laholm är 587 km och Karl-Johan Gyllenstorm beräknade körtiden till cirka 372 minuter.,<url><loc>https://pendlings-app1.t-767929534-cloudflare.workers.dev/?fran=Enköping&amp;till=Laholm</loc><changefreq>monthly</changefreq></url>
Slite,Sandviken,1275,870,Avståndet mellan Slite och Sandviken är 1275 km och Karl-Johan Gyllenstorm beräknade körtiden till cirka 870 minuter.,<url><loc>https://pendlings-app1.t-767929534-cloudflare.workers.dev/?fran=Slite&amp;till=Sandviken</loc><changefreq>monthly</changefreq></url>
Stånga,Burgsvik,1390,1010,Avståndet mellan Stånga och Burgsvik är 1390 km och Karl-Johan Gyllenstorm beräknade körtiden till cirka 1010 minuter.,<url><loc>https://pendlings-app1.t-767929534-cloudflare.workers.dev/?fran=Stånga&amp;till=Burgsvik</loc><changefreq>monthly</changefreq></url>
Östra Göinge,Mellerud,913,655,Avståndet mellan Östra Göinge och Mellerud är 913 km och Karl-Johan Gyllenstorm beräknade körtiden till cirka 655 minuter.,<url><loc>https://pendlings-app1.t-767929534-cloudflare.workers.dev/?fran=Östra Göinge&amp;till=Mellerud</loc><changefreq>monthly</changefreq></url>
Kungsör,Bollnäs,1231,861,Avståndet mellan Kungsör och Bollnäs är 1231 km och Karl-Johan Gyllenstorm beräknade körtiden till cirka 861 minuter.,<url><loc>https://pendlings-app1.t-767929534-cloudflare.workers.dev/?fran=Kungsör&amp;till=Bollnäs</loc><changefreq>monthly</changefreq></url>
Sotenäs,Kristianstad,1211,906,Avståndet mellan Sotenäs och Kristianstad är 1211 km och Karl-Johan Gyllenstorm beräknade körtiden till cirka 906 minuter.,<url><loc>https://pendlings-app1.t-767929534-cloudflare.workers.dev/?fran=Sotenäs&amp;till=Kristianstad</loc><changefreq>monthly</changefreq></url>
Essunga,Uppsala,58,42,Avståndet mellan Essunga och Uppsala är 58 km och Karl-Johan Gyllenstorm beräknade körtiden till cirka 42 minuter.,<url><loc>https://pendlings-app1.t-767929534-cloudflare.workers.dev/?fran=Essunga&amp;till=Uppsala</loc><changefreq>monthly</changefreq></url>
Åre,Vårgårda,243,173,Avståndet mellan Åre och Vårgårda är 243 km och Karl-Johan Gyllenstorm beräknade körtiden till cirka 173 minuter.,<url><loc>https://pendlings-app1.t-767929534-cloudflare.workers.dev/?fran=Åre&amp;till=Vårgårda</loc><changefreq>monthly</changefreq></url>
Kalmar,Kramfors,1340,1066,Avståndet mellan Kalmar och Kramfors är 1340 km och Karl-Johan Gyllenstorm beräknade körtiden till cirka 1066 minuter.,<url><loc>https://pendlings-app1.t-767929534-cloudflare.workers.dev/?fran=Kalmar&amp;till=Kramfors</loc><changefreq>monthly</changefreq></url>
Hyltebruk,Uppsala,912,631,Avståndet mellan Hyltebruk och Uppsala är 912 km och Karl-Johan Gyllenstorm beräknade körtiden till cirka 631 minuter.,<url><loc>https://pendlings-app1.t-767929534-cloudflare.workers.dev/?fran=Hyltebruk&amp;till=Uppsala</loc><changefreq>monthly</changefreq></url>
Hässleholm,Lomma,199,130,Avståndet mellan Hässleholm och Lomma är 199 km och Karl-Johan Gyllenstorm beräknade körtiden till cirka 130 minuter.,<url><loc>https://pendlings-app1.t-767929534-cloudflare.workers.dev/?fran=Hässleholm&amp;till=Lomma</loc><changefreq>monthly</changefreq></url>
Borås,Töreboda,1297,929,Avståndet mellan Borås och Töreboda är 1297 km och Karl-Johan Gyllenstorm beräknade körtiden till cirka 929 minuter.,<url><loc>https://pendlings-app1.t-767929534-cloudflare.workers.dev/?fran=Borås&amp;till=Töreboda</loc><changefreq>monthly</changefreq></url>
Höör,Kristinehamn,193,151,Avståndet mellan Höör och Kristinehamn är 193 km och Karl-Johan Gyllenstorm beräknade körtiden till cirka 151 minuter.,<url><loc>https://pendlings-app1.t-767929534-cloudflare.workers.dev/?fran=Höör&amp;till=Kristinehamn</loc><changefreq>monthly</changefreq></url>
Fagersta,Malung,465,307,Avståndet mellan Fagersta och Malung är 465 km och Karl-Johan Gyllenstorm beräknade körtiden till cirka 307 minuter.,<url><loc>https://pendlings-app1.t-767929534-cloudflare.workers.dev/?fran=Fagersta&amp;till=Malung</loc><changefreq>monthly</changefreq></url>
Skara,Bålsta,558,368,Avståndet mellan Skara och Bålsta är 558 km och Karl-Johan Gyllenstorm beräknade körtiden till cirka 368 minuter.,<url><loc>https://pendlings-app1.t-767929534-cloudflare.workers.dev/?fran=Skara&amp;till=Bålsta</loc><changefreq>monthly</changefreq></url>
Lomma,Kävlinge,942,734,Avståndet mellan Lomma och Kävlinge är 942 km och Karl-Johan Gyllenstorm beräknade körtiden till cirka 734 minuter.,<url><loc>https://pendlings-app1.t-767929534-cloudflare.workers.dev/?fran=Lomma&amp;till=Kävlinge</loc><changefreq>monthly</changefreq></url>
Ydre,Skinnskatteberg,828,587,Avståndet mellan Ydre och Skinnskatteberg är 828 km och Karl-Johan Gyllenstorm beräknade körtiden till cirka 587 minuter.,<url><loc>https://pendlings-app1.t-767929534-cloudflare.workers.dev/?fran=Ydre&amp;till=Skinnskatteberg</loc><changefreq>monthly</changefreq></url>
Storfors,Sala,759,546,Avståndet mellan Storfors och Sala är 759 km och Karl-Johan Gyllenstorm beräknade körtiden till cirka 546 minuter.,<url><loc>https://pendlings-app1.t-767929534-cloudflare.workers.dev/?fran=Storfors&amp;till=Sala</loc><changefreq>monthly</changefreq></url>
Olofström,Strängnäs,692,554,Avståndet mellan Olofström och Strängnäs är 692 km och Karl-Johan Gyllenstorm beräknade körtiden till cirka 554 minuter.,<url><loc>https://pendlings-app1.t-767929534-cloudflare.workers.dev/?fran=Olofström&amp;till=Strängnäs</loc><changefreq>monthly</changefreq></url>
Piteå,Sorsele,718,563,Avståndet mellan Piteå och Sorsele är 718 km och Karl-Johan Gyllenstorm beräknade körtiden till cirka 563 minuter.,<url><loc>https://pendlings-app1.t-767929534-cloudflare.workers.dev/?fran=Piteå&amp;till=Sorsele</loc><changefreq>monthly</changefreq></url>
Olofström,Svedala,1059,761,Avståndet mellan Olofström och Svedala är 1059 km och Karl-Johan Gyllenstorm beräknade körtiden till cirka 761 minuter.,<url><loc>https://pendlings-app1.t-767929534-cloudflare.workers.dev/?fran=Olofström&amp;till=Svedala</loc><changefreq>monthly</changefreq></url>
Karlshamn,Perstorp,65,44,Avståndet mellan Karlshamn och Perstorp är 65 km och Karl-Johan Gyllenstorm beräknade körtiden till cirka 44 minuter.,<url><loc>https://pendlings-app1.t-767929534-cloudflare.workers.dev/?fran=Karlshamn&amp;till=Perstorp</loc><changefreq>monthly</changefreq></url>
Ängelholm,Kiruna,812,574,Avståndet mellan Ängelholm och Kiruna är 812 km och Karl-Johan Gyllenstorm beräknade körtiden till cirka 574 minuter.,<url><loc>https://pendlings-app1.t-767929534-cloudflare.workers.dev/?fran=Ängelholm&amp;till=Kiruna</loc><changefreq>monthly</changefreq></url>
Hallsberg,Helsingborg,624,467,Avståndet mellan Hallsberg och Helsingborg är 624 km och Karl-Johan Gyllenstorm beräknade körtiden till cirka 467 minuter.,<url><loc>https://pendlings-app1.t-767929534-cloudflare.workers.dev/?fran=Hallsberg&amp;till=Helsingborg</loc><changefreq>monthly</changefreq></url>
Sundsvall,Kalmar,1423,1086,Avståndet mellan Sundsvall och Kalmar är 1423 km och Karl-Johan Gyllenstorm beräknade körtiden till cirka 1086 minuter.,<url><loc>https://pendlings-app1.t-767929534-cloudflare.workers.dev/?fran=Sundsvall&amp;till=Kalmar</loc><changefreq>monthly</changefreq></url>
Älvkarleby,Roma,606,409,Avståndet mellan Älvkarleby och Roma är 606 km och Karl-Johan Gyllenstorm beräknade körtiden till cirka 409 minuter.,<url><loc>https://pendlings-app1.t-767929534-cloudflare.workers.dev/?fran=Älvkarleby&amp;till=Roma</loc><changefreq>monthly</changefreq></url>
Pajala,Krokom,778,535,Avståndet mellan Pajala och Krokom är 778 km och Karl-Johan Gyllenstorm beräknade körtiden till cirka 535 minuter.,<url><loc>https://pendlings-app1.t-767929534-cloudflare.workers.dev/?fran=Pajala&amp;till=Krokom</loc><changefreq>monthly</changefreq></url>
Norberg,Dorotea,1335,846,Avståndet mellan Norberg och Dorotea är 1335 km och Karl-Johan Gyllenstorm beräknade körtiden till cirka 846 minuter.,<url><loc>https://pendlings-app1.t-767929534-cloudflare.workers.dev/?fran=Norberg&amp;till=Dorotea</loc><changefreq>monthly</changefreq></url>
Ockelbo,Överkalix,1203,846,Avståndet mellan Ockelbo och Överkalix är 1203 km och Karl-Johan Gyllenstorm beräknade körtiden till cirka 846 minuter.,<url><loc>https://pendlings-app1.t-767929534-cloudflare.workers.dev/?fran=Ockelbo&amp;till=Överkalix</loc><changefreq>monthly</changefreq></url>
Klippan,Fagersta,63,41,Avståndet mellan Klippan och Fagersta är 63 km och Karl-Johan Gyllenstorm beräknade körtiden till cirka 41 minuter.,<url><loc>https://pendlings-app1.t-767929534-cloudflare.workers.dev/?fran=Klippan&amp;till=Fagersta</loc><changefreq>monthly</changefreq></url>
Flen,Skurup,594,437,Avståndet mellan Flen och Skurup är 594 km och Karl-Johan Gyllenstorm beräknade körtiden till cirka 437 minuter.,<url><loc>https://pendlings-app1.t-767929534-cloudflare.workers.dev/?fran=Flen&amp;till=Skurup</loc><changefreq>monthly</changefreq></url>
Lärbro,Hudiksvall,59,40,Avståndet mellan Lärbro och Hudiksvall är 59 km och Karl-Johan Gyllenstorm beräknade körtiden till cirka 40 minuter.,<url><loc>https://pendlings-app1.t-767929534-cloudflare.workers.dev/?fran=Lärbro&amp;till=Hudiksvall</loc><changefreq>monthly</changefreq></url>
Nordanstig,Bollebygd,862,622,Avståndet mellan Nordanstig och Bollebygd är 862 km och Karl-Johan Gyllenstorm beräknade körtiden till cirka 622 minuter.,<url><loc>https://pendlings-app1.t-767929534-cloudflare.workers.dev/?fran=Nordanstig&amp;till=Bollebygd</loc><changefreq>monthly</changefreq></url>
Falkenberg,Halmstad,1205,796,Avståndet mellan Falkenberg och Halmstad är 1205 km och Karl-Johan Gyllenstorm beräknade körtiden till cirka 796 minuter.,<url><loc>https://pendlings-app1.t-767929534-cloudflare.workers.dev/?fran=Falkenberg&amp;till=Halmstad</loc><changefreq>monthly</changefreq></url>
Kungsör,Motala,494,350,Avståndet mellan Kungsör och Motala är 494 km och Karl-Johan Gyllenstorm beräknade körtiden till cirka 350 minuter.,<url><loc>https://pendlings-app1.t-767929534-cloudflare.workers.dev/?fran=Kungsör&amp;till=Motala</loc><changefreq>monthly</changefreq></url>
Borgholm,Karlsborg,661,522,Avståndet mellan Borgholm och Karlsborg är 661 km och Karl-Johan Gyllenstorm beräknade körtiden till cirka 522 minuter.,<url><loc>https://pendlings-app1.t-767929534-cloudflare.workers.dev/?fran=Borgholm&amp;till=Karlsborg</loc><changefreq>monthly</changefreq></url>
Berg,Ystad,566,365,Avståndet mellan Berg och Ystad är 566 km och Karl-Johan Gyllenstorm beräknade körtiden till cirka 365 minuter.,<url><loc>https://pendlings-app1.t-767929534-cloudflare.workers.dev/?fran=Berg&amp;till=Ystad</loc><changefreq>monthly</changefreq></url>
Lidköping,Vansbro,1173,841,Avståndet mellan Lidköping och Vansbro är 1173 km och Karl-Johan Gyllenstorm beräknade körtiden till cirka 841 minuter.,<url><loc>https://pendlings-app1.t-767929534-cloudflare.workers.dev/?fran=Lidköping&amp;till=Vansbro</loc><changefreq>monthly</changefreq></url>
Östhammar,Svalöv,990,648,Avståndet mellan Östhammar och Svalöv är 990 km och Karl-Johan Gyllenstorm beräknade körtiden till cirka 648 minuter.,<url><loc>https://pendlings-app1.t-767929534-cloudflare.workers.dev/?fran=Östhammar&amp;till=Svalöv</loc><changefreq>monthly</changefreq></url>
Kinda,Lärbro,1124,777,Avståndet mellan Kinda och Lärbro är 1124 km och Karl-Johan Gyllenstorm beräknade körtiden till cirka 777 minuter.,<url><loc>https://pendlings-app1.t-767929534-cloudflare.workers.dev/?fran=Kinda&amp;till=Lärbro</loc><changefreq>monthly</changefreq></url>
Katrineholm,Landskrona,703,463,Avståndet mellan Katrineholm och Landskrona är 703 km och Karl-Johan Gyllenstorm beräknade körtiden till cirka 463 minuter.,<url><loc>https://pendlings-app1.t-767929534-cloudflare.workers.dev/?fran=Katrineholm&amp;till=Landskrona</loc><changefreq>monthly</changefreq></url>
Eskilstuna,Berg,279,207,Avståndet mellan Eskilstuna och Berg är 279 km och Karl-Johan Gyllenstorm beräknade körtiden till cirka 207 minuter.,<url><loc>https://pendlings-app1.t-767929534-cloudflare.workers.dev/?fran=Eskilstuna&amp;till=Berg</loc><changefreq>monthly</changefreq></url>
Mark,Tofta,93,61,Avståndet mellan Mark och Tofta är 93 km och Karl-Johan Gyllenstorm beräknade körtiden till cirka 61 minuter.,<url><loc>https://pendlings-app1.t-767929534-cloudflare.workers.dev/?fran=Mark&amp;till=Tofta</loc><changefreq>monthly</changefreq></url>
Karlskoga,Hagfors,701,553,Avståndet mellan Karlskoga och Hagfors är 701 km och Karl-Johan Gyllenstorm beräknade körtiden till cirka 553 minuter.,<url><loc>https://pendlings-app1.t-767929534-cloudflare.workers.dev/?fran=Karlskoga&amp;till=Hagfors</loc><changefreq>monthly</changefreq></url>
Växjö,Ragunda,1422,926,Avståndet mellan Växjö och Ragunda är 1422 km och Karl-Johan Gyllenstorm beräknade körtiden till cirka 926 minuter.,<url><loc>https://pendlings-app1.t-767929534-cloudflare.workers.dev/?fran=Växjö&amp;till=Ragunda</loc><changefreq>monthly</changefreq></url>
Mark,Tanum,1128,831,Avståndet mellan Mark och Tanum är 1128 km och Karl-Johan Gyllenstorm beräknade körtiden till cirka 831 minuter.,<url><loc>https://pendlings-app1.t-767929534-cloudflare.workers.dev/?fran=Mark&amp;till=Tanum</loc><changefreq>monthly</changefreq></url>
Motala,Landskrona,1029,739,Avståndet mellan Motala och Landskrona är 1029 km och Karl-Johan Gyllenstorm beräknade körtiden till cirka 739 minuter.,<url><loc>https://pendlings-app1.t-767929534-cloudflare.workers.dev/?fran=Motala&amp;till=Landskrona</loc><changefreq>monthly</changefreq></url>
Tofta,Linköping,378,252,Avståndet mellan Tofta och Linköping är 378 km och Karl-Johan Gyllenstorm beräknade körtiden till cirka 252 minuter.,<url><loc>https://pendlings-app1.t-767929534-cloudflare.workers.dev/?fran=Tofta&amp;till=Linköping</loc><changefreq>monthly</changefreq></url>
Sölvesborg,Härjedalen,641,451,Avståndet mellan Sölvesborg och Härjedalen är 641 km och Karl-Johan Gyllenstorm beräknade körtiden till cirka 451 minuter.,<url><loc>https://pendlings-app1.t-767929534-cloudflare.workers.dev/?fran=Sölvesborg&amp;till=Härjedalen</loc><changefreq>monthly</changefreq></url>
Hudiksvall,Mönsterås,171,117,Avståndet mellan Hudiksvall och Mönsterås är 171 km och Karl-Johan Gyllenstorm beräknade körtiden till cirka 117 minuter.,<url><loc>https://pendlings-app1.t-767929534-cloudflare.workers.dev/?fran=Hudiksvall&amp;till=Mönsterås</loc><changefreq>monthly</changefreq></url>
Perstorp,Norsjö,535,376,Avståndet mellan Perstorp och Norsjö är 535 km och Karl-Johan Gyllenstorm beräknade körtiden till cirka 376 minuter.,<url><loc>https://pendlings-app1.t-767929534-cloudflare.workers.dev/?fran=Perstorp&amp;till=Norsjö</loc><changefreq>monthly</changefreq></url>
Osby,Helsingborg,613,425,Avståndet mellan Osby och Helsingborg är 613 km och Karl-Johan Gyllenstorm beräknade körtiden till cirka 425 minuter.,<url><loc>https://pendlings-app1.t-767929534-cloudflare.workers.dev/?fran=Osby&amp;till=Helsingborg</loc><changefreq>monthly</changefreq></url>
Bromölla,Essunga,858,558,Avståndet mellan Bromölla och Essunga är 858 km och Karl-Johan Gyllenstorm beräknade körtiden till cirka 558 minuter.,<url><loc>https://pendlings-app1.t-767929534-cloudflare.workers.dev/?fran=Bromölla&amp;till=Essunga</loc><changefreq>monthly</changefreq></url>
Munkfors,Strömstad,131,89,Avståndet mellan Munkfors och Strömstad är 131 km och Karl-Johan Gyllenstorm beräknade körtiden till cirka 89 minuter.,<url><loc>https://pendlings-app1.t-767929534-cloudflare.workers.dev/?fran=Munkfors&amp;till=Strömstad</loc><changefreq>monthly</changefreq></url>
Forshaga,Mark,426,314,Avståndet mellan Forshaga och Mark är 426 km och Karl-Johan Gyllenstorm beräknade körtiden till cirka 314 minuter.,<url><loc>https://pendlings-app1.t-767929534-cloudflare.workers.dev/?fran=Forshaga&amp;till=Mark</loc><changefreq>monthly</changefreq></url>
Kungsbacka,Orsa,743,561,Avståndet mellan Kungsbacka och Orsa är 743 km och Karl-Johan Gyllenstorm beräknade körtiden till cirka 561 minuter.,<url><loc>https://pendlings-app1.t-767929534-cloudflare.workers.dev/?fran=Kungsbacka&amp;till=Orsa</loc><changefreq>monthly</changefreq></url>
Örebro,Lindesberg,198,157,Avståndet mellan Örebro och Lindesberg är 198 km och Karl-Johan Gyllenstorm beräknade körtiden till cirka 157 minuter.,<url><loc>https://pendlings-app1.t-767929534-cloudflare.workers.dev/?fran=Örebro&amp;till=Lindesberg</loc><changefreq>monthly</changefreq></url>
Falkenberg,Bräcke,187,122,Avståndet mellan Falkenberg och Bräcke är 187 km och Karl-Johan Gyllenstorm beräknade körtiden till cirka 122 minuter.,<url><loc>https://pendlings-app1.t-767929534-cloudflare.workers.dev/?fran=Falkenberg&amp;till=Bräcke</loc><changefreq>monthly</changefreq></url>
Kungsbacka,Boden,314,225,Avståndet mellan Kungsbacka och Boden är 314 km och Karl-Johan Gyllenstorm beräknade körtiden till cirka 225 minuter.,<url><loc>https://pendlings-app1.t-767929534-cloudflare.workers.dev/?fran=Kungsbacka&amp;till=Boden</loc><changefreq>monthly</changefreq></url>
Skinnskatteberg,Åtvidaberg,1208,878,Avståndet mellan Skinnskatteberg och Åtvidaberg är 1208 km och Karl-Johan Gyllenstorm beräknade körtiden till cirka 878 minuter.,<url><loc>https://pendlings-app1.t-767929534-cloudflare.workers.dev/?fran=Skinnskatteberg&amp;till=Åtvidaberg</loc><changefreq>monthly</changefreq></url>
Askersund,Olofström,707,553,Avståndet mellan Askersund och Olofström är 707 km och Karl-Johan Gyllenstorm beräknade körtiden till cirka 553 minuter.,<url><loc>https://pendlings-app1.t-767929534-cloudflare.workers.dev/?fran=Askersund&amp;till=Olofström</loc><changefreq>monthly</changefreq></url>
Tranås,Piteå,1275,870,Avståndet mellan Tranås och Piteå är 1275 km och Karl-Johan Gyllenstorm beräknade körtiden till cirka 870 minuter.,<url><loc>https://pendlings-app1.t-767929534-cloudflare.workers.dev/?fran=Tranås&amp;till=Piteå</loc><changefreq>monthly</changefreq></url>
Kinda,Hudiksvall,28,19,Avståndet mellan Kinda och Hudiksvall är 28 km och Karl-Johan Gyllenstorm beräknade körtiden till cirka 19 minuter.,<url><loc>https://pendlings-app1.t-767929534-cloudflare.workers.dev/?fran=Kinda&amp;till=Hudiksvall</loc><changefreq>monthly</changefreq></url>
Örebro,Ronehamn,1341,861,Avståndet mellan Örebro och Ronehamn är 1341 km och Karl-Johan Gyllenstorm beräknade körtiden till cirka 861 minuter.,<url><loc>https://pendlings-app1.t-767929534-cloudflare.workers.dev/?fran=Örebro&amp;till=Ronehamn</loc><changefreq>monthly</changefreq></url>
Västerås,Ed,780,600,Avståndet mellan Västerås och Ed är 780 km och Karl-Johan Gyllenstorm beräknade körtiden till cirka 600 minuter.,<url><loc>https://pendlings-app1.t-767929534-cloudflare.workers.dev/?fran=Västerås&amp;till=Ed</loc><changefreq>monthly</changefreq></url>
Sölvesborg,Hallstahammar,1027,732,Avståndet mellan Sölvesborg och Hallstahammar är 1027 km och Karl-Johan Gyllenstorm beräknade körtiden till cirka 732 minuter.,<url><loc>https://pendlings-app1.t-767929534-cloudflare.workers.dev/?fran=Sölvesborg&amp;till=Hallstahammar</loc><changefreq>monthly</changefreq></url>
Örkelljunga,Hofors,1098,798,Avståndet mellan Örkelljunga och Hofors är 1098 km och Karl-Johan Gyllenstorm beräknade körtiden till cirka 798 minuter.,<url><loc>https://pendlings-app1.t-767929534-cloudflare.workers.dev/?fran=Örkelljunga&amp;till=Hofors</loc><changefreq>monthly</changefreq></url>
Oxelösund,Charlottenberg,997,787,Avståndet mellan Oxelösund och Charlottenberg är 997 km och Karl-Johan Gyllenstorm beräknade körtiden till cirka 787 minuter.,<url><loc>https://pendlings-app1.t-767929534-cloudflare.workers.dev/?fran=Oxelösund&amp;till=Charlottenberg</loc><changefreq>monthly</changefreq></url>
Gnosjö,Osby,467,339,Avståndet mellan Gnosjö och Osby är 467 km och Karl-Johan Gyllenstorm beräknade körtiden till cirka 339 minuter.,<url><loc>https://pendlings-app1.t-767929534-cloudflare.workers.dev/?fran=Gnosjö&amp;till=Osby</loc><changefreq>monthly</changefreq></url>
Bromölla,Finspång,874,673,Avståndet mellan Bromölla och Finspång är 874 km och Karl-Johan Gyllenstorm beräknade körtiden till cirka 673 minuter.,<url><loc>https://pendlings-app1.t-767929534-cloudflare.workers.dev/?fran=Bromölla&amp;till=Finspång</loc><changefreq>monthly</changefreq></url>
Gällivare,Fårösund,422,281,Avståndet mellan Gällivare och Fårösund är 422 km och Karl-Johan Gyllenstorm beräknade körtiden till cirka 281 minuter.,<url><loc>https://pendlings-app1.t-767929534-cloudflare.workers.dev/?fran=Gällivare&amp;till=Fårösund</loc><changefreq>monthly</changefreq></url>
Munkedal,Ängelholm,466,349,Avståndet mellan Munkedal och Ängelholm är 466 km och Karl-Johan Gyllenstorm beräknade körtiden till cirka 349 minuter.,<url><loc>https://pendlings-app1.t-767929534-cloudflare.workers.dev/?fran=Munkedal&amp;till=Ängelholm</loc><changefreq>monthly</changefreq></url>
Trollhättan,Fårösund,1417,1055,Avståndet mellan Trollhättan och Fårösund är 1417 km och Karl-Johan Gyllenstorm beräknade körtiden till cirka 1055 minuter.,<url><loc>https://pendlings-app1.t-767929534-cloudflare.workers.dev/?fran=Trollhättan&amp;till=Fårösund</loc><changefreq>monthly</changefreq></url>
Nybro,Lycksele,1312,906,Avståndet mellan Nybro och Lycksele är 1312 km och Karl-Johan Gyllenstorm beräknade körtiden till cirka 906 minuter.,<url><loc>https://pendlings-app1.t-767929534-cloudflare.workers.dev/?fran=Nybro&amp;till=Lycksele</loc><changefreq>monthly</changefreq></url>
Eslöv,Kungsbacka,850,599,Avståndet mellan Eslöv och Kungsbacka är 850 km och Karl-Johan Gyllenstorm beräknade körtiden till cirka 599 minuter.,<url><loc>https://pendlings-app1.t-767929534-cloudflare.workers.dev/?fran=Eslöv&amp;till=Kungsbacka</loc><changefreq>monthly</changefreq></url>
Ånge,Skinnskatteberg,1249,908,Avståndet mellan Ånge och Skinnskatteberg är 1249 km och Karl-Johan Gyllenstorm beräknade körtiden till cirka 908 minuter.,<url><loc>https://pendlings-app1.t-767929534-cloudflare.workers.dev/?fran=Ånge&amp;till=Skinnskatteberg</loc><changefreq>monthly</changefreq></url>
Orsa,Tomelilla,525,395,Avståndet mellan Orsa och Tomelilla är 525 km och Karl-Johan Gyllenstorm beräknade körtiden till cirka 395 minuter.,<url><loc>https://pendlings-app1.t-767929534-cloudflare.workers.dev/?fran=Orsa&amp;till=Tomelilla</loc><changefreq>monthly</changefreq></url>
Jönköping,Gimo,1125,883,Avståndet mellan Jönköping och Gimo är 1125 km och Karl-Johan Gyllenstorm beräknade körtiden till cirka 883 minuter.,<url><loc>https://pendlings-app1.t-767929534-cloudflare.workers.dev/?fran=Jönköping&amp;till=Gimo</loc><changefreq>monthly</changefreq></url>
Visby,Vibble,333,253,Avståndet mellan Visby och Vibble är 333 km och Karl-Johan Gyllenstorm beräknade körtiden till cirka 253 minuter.,<url><loc>https://pendlings-app1.t-767929534-cloudflare.workers.dev/?fran=Visby&amp;till=Vibble</loc><changefreq>monthly</changefreq></url>
Fårösund,Katrineholm,784,561,Avståndet mellan Fårösund och Katrineholm är 784 km och Karl-Johan Gyllenstorm beräknade körtiden till cirka 561 minuter.,<url><loc>https://pendlings-app1.t-767929534-cloudflare.workers.dev/?fran=Fårösund&amp;till=Katrineholm</loc><changefreq>monthly</changefreq></url>
Hjo,Färjestaden,888,694,Avståndet mellan Hjo och Färjestaden är 888 km och Karl-Johan Gyllenstorm beräknade körtiden till cirka 694 minuter.,<url><loc>https://pendlings-app1.t-767929534-cloudflare.workers.dev/?fran=Hjo&amp;till=Färjestaden</loc><changefreq>monthly</changefreq></url>
Slite,Lidköping,122,87,Avståndet mellan Slite och Lidköping är 122 km och Karl-Johan Gyllenstorm beräknade körtiden till cirka 87 minuter.,<url><loc>https://pendlings-app1.t-767929534-cloudflare.workers.dev/?fran=Slite&amp;till=Lidköping</loc><changefreq>monthly</changefreq></url>
Munkfors,Övertorneå,475,311,Avståndet mellan Munkfors och Övertorneå är 475 km och Karl-Johan Gyllenstorm beräknade körtiden till cirka 311 minuter.,<url><loc>https://pendlings-app1.t-767929534-cloudflare.workers.dev/?fran=Munkfors&amp;till=Övertorneå</loc><changefreq>monthly</changefreq></url>
Lund,Kristianstad,939,695,Avståndet mellan Lund och Kristianstad är 939 km och Karl-Johan Gyllenstorm beräknade körtiden till cirka 695 minuter.,<url><loc>https://pendlings-app1.t-767929534-cloudflare.workers.dev/?fran=Lund&amp;till=Kristianstad</loc><changefreq>monthly</changefreq></url>
Bollebygd,Håbo,756,539,Avståndet mellan Bollebygd och Håbo är 756 km och Karl-Johan Gyllenstorm beräknade körtiden till cirka 539 minuter.,<url><loc>https://pendlings-app1.t-767929534-cloudflare.workers.dev/?fran=Bollebygd&amp;till=Håbo</loc><changefreq>monthly</changefreq></url>
Eskilstuna,Köping,901,689,Avståndet mellan Eskilstuna och Köping är 901 km och Karl-Johan Gyllenstorm beräknade körtiden till cirka 689 minuter.,<url><loc>https://pendlings-app1.t-767929534-cloudflare.workers.dev/?fran=Eskilstuna&amp;till=Köping</loc><changefreq>monthly</changefreq></url>
Knivsta,Havdhem,871,563,Avståndet mellan Knivsta och Havdhem är 871 km och Karl-Johan Gyllenstorm beräknade körtiden till cirka 563 minuter.,<url><loc>https://pendlings-app1.t-767929534-cloudflare.workers.dev/?fran=Knivsta&amp;till=Havdhem</loc><changefreq>monthly</changefreq></url>
Jokkmokk,Ånge,819,615,Avståndet mellan Jokkmokk och Ånge är 819 km och Karl-Johan Gyllenstorm beräknade körtiden till cirka 615 minuter.,<url><loc>https://pendlings-app1.t-767929534-cloudflare.workers.dev/?fran=Jokkmokk&amp;till=Ånge</loc><changefreq>monthly</changefreq></url>
Strängnäs,Knivsta,828,592,Avståndet mellan Strängnäs och Knivsta är 828 km och Karl-Johan Gyllenstorm beräknade körtiden till cirka 592 minuter.,<url><loc>https://pendlings-app1.t-767929534-cloudflare.workers.dev/?fran=Strängnäs&amp;till=Knivsta</loc><changefreq>monthly</changefreq></url>
Sveg,Avesta,666,449,Avståndet mellan Sveg och Avesta är 666 km och Karl-Johan Gyllenstorm beräknade körtiden till cirka 449 minuter.,<url><loc>https://pendlings-app1.t-767929534-cloudflare.workers.dev/?fran=Sveg&amp;till=Avesta</loc><changefreq>monthly</changefreq></url>
Höganäs,Söderköping,1068,734,Avståndet mellan Höganäs och Söderköping är 1068 km och Karl-Johan Gyllenstorm beräknade körtiden till cirka 734 minuter.,<url><loc>https://pendlings-app1.t-767929534-cloudflare.workers.dev/?fran=Höganäs&amp;till=Söderköping</loc><changefreq>monthly</changefreq></url>
Kopparberg,Kiruna,1160,746,Avståndet mellan Kopparberg och Kiruna är 1160 km och Karl-Johan Gyllenstorm beräknade körtiden till cirka 746 minuter.,<url><loc>https://pendlings-app1.t-767929534-cloudflare.workers.dev/?fran=Kopparberg&amp;till=Kiruna</loc><changefreq>monthly</changefreq></url>
Söderköping,Ljusdal,1264,895,Avståndet mellan Söderköping och Ljusdal är 1264 km och Karl-Johan Gyllenstorm beräknade körtiden till cirka 895 minuter.,<url><loc>https://pendlings-app1.t-767929534-cloudflare.workers.dev/?fran=Söderköping&amp;till=Ljusdal</loc><changefreq>monthly</changefreq></url>
Vansbro,Borgholm,1040,777,Avståndet mellan Vansbro och Borgholm är 1040 km och Karl-Johan Gyllenstorm beräknade körtiden till cirka 777 minuter.,<url><loc>https://pendlings-app1.t-767929534-cloudflare.workers.dev/?fran=Vansbro&amp;till=Borgholm</loc><changefreq>monthly</changefreq></url>
Hultsfred,Ljusnarsberg,1040,662,Avståndet mellan Hultsfred och Ljusnarsberg är 1040 km och Karl-Johan Gyllenstorm beräknade körtiden till cirka 662 minuter.,<url><loc>https://pendlings-app1.t-767929534-cloudflare.workers.dev/?fran=Hultsfred&amp;till=Ljusnarsberg</loc><changefreq>monthly</changefreq></url>
Ystad,Åsele,791,544,Avståndet mellan Ystad och Åsele är 791 km och Karl-Johan Gyllenstorm beräknade körtiden till cirka 544 minuter.,<url><loc>https://pendlings-app1.t-767929534-cloudflare.workers.dev/?fran=Ystad&amp;till=Åsele</loc><changefreq>monthly</changefreq></url>
Ånge,Simrishamn,1426,1060,Avståndet mellan Ånge och Simrishamn är 1426 km och Karl-Johan Gyllenstorm beräknade körtiden till cirka 1060 minuter.,<url><loc>https://pendlings-app1.t-767929534-cloudflare.workers.dev/?fran=Ånge&amp;till=Simrishamn</loc><changefreq>monthly</changefreq></url>
Skinnskatteberg,Luleå,515,329,Avståndet mellan Skinnskatteberg och Luleå är 515 km och Karl-Johan Gyllenstorm beräknade körtiden till cirka 329 minuter.,<url><loc>https://pendlings-app1.t-767929534-cloudflare.workers.dev/?fran=Skinnskatteberg&amp;till=Luleå</loc><changefreq>monthly</changefreq></url>
Eskilstuna,Motala,1053,708,Avståndet mellan Eskilstuna och Motala är 1053 km och Karl-Johan Gyllenstorm beräknade körtiden till cirka 708 minuter.,<url><loc>https://pendlings-app1.t-767929534-cloudflare.workers.dev/?fran=Eskilstuna&amp;till=Motala</loc><changefreq>monthly</changefreq></url>
Skurup,Boxholm,308,213,Avståndet mellan Skurup och Boxholm är 308 km och Karl-Johan Gyllenstorm beräknade körtiden till cirka 213 minuter.,<url><loc>https://pendlings-app1.t-767929534-cloudflare.workers.dev/?fran=Skurup&amp;till=Boxholm</loc><changefreq>monthly</changefreq></url>
Fagersta,Vilhelmina,414,296,Avståndet mellan Fagersta och Vilhelmina är 414 km och Karl-Johan Gyllenstorm beräknade körtiden till cirka 296 minuter.,<url><loc>https://pendlings-app1.t-767929534-cloudflare.workers.dev/?fran=Fagersta&amp;till=Vilhelmina</loc><changefreq>monthly</changefreq></url>
Vibble,Göteborg,966,639,Avståndet mellan Vibble och Göteborg är 966 km och Karl-Johan Gyllenstorm beräknade körtiden till cirka 639 minuter.,<url><loc>https://pendlings-app1.t-767929534-cloudflare.workers.dev/?fran=Vibble&amp;till=Göteborg</loc><changefreq>monthly</changefreq></url>
Åsele,Skurup,81,52,Avståndet mellan Åsele och Skurup är 81 km och Karl-Johan Gyllenstorm beräknade körtiden till cirka 52 minuter.,<url><loc>https://pendlings-app1.t-767929534-cloudflare.workers.dev/?fran=Åsele&amp;till=Skurup</loc><changefreq>monthly</changefreq></url>
Roma,Osby,516,366,Avståndet mellan Roma och Osby är 516 km och Karl-Johan Gyllenstorm beräknade körtiden till cirka 366 minuter.,<url><loc>https://pendlings-app1.t-767929534-cloudflare.workers.dev/?fran=Roma&amp;till=Osby</loc><changefreq>monthly</changefreq></url>
Falkenberg,Mora,978,704,Avståndet mellan Falkenberg och Mora är 978 km och Karl-Johan Gyllenstorm beräknade körtiden till cirka 704 minuter.,<url><loc>https://pendlings-app1.t-767929534-cloudflare.workers.dev/?fran=Falkenberg&amp;till=Mora</loc><changefreq>monthly</changefreq></url>
Kopparberg,Bollebygd,998,743,Avståndet mellan Kopparberg och Bollebygd är 998 km och Karl-Johan Gyllenstorm beräknade körtiden till cirka 743 minuter.,<url><loc>https://pendlings-app1.t-767929534-cloudflare.workers.dev/?fran=Kopparberg&amp;till=Bollebygd</loc><changefreq>monthly</changefreq></url>
Västervik,Söderköping,568,369,Avståndet mellan Västervik och Söderköping är 568 km och Karl-Johan Gyllenstorm beräknade körtiden till cirka 369 minuter.,<url><loc>https://pendlings-app1.t-767929534-cloudflare.workers.dev/?fran=Västervik&amp;till=Söderköping</loc><changefreq>monthly</changefreq></url>
Oskarshamn,Uppsala,71,45,Avståndet mellan Oskarshamn och Uppsala är 71 km och Karl-Johan Gyllenstorm beräknade körtiden till cirka 45 minuter.,<url><loc>https://pendlings-app1.t-767929534-cloudflare.workers.dev/?fran=Oskarshamn&amp;till=Uppsala</loc><changefreq>monthly</changefreq></url>
Laxå,Kungsbacka,1008,725,Avståndet mellan Laxå och Kungsbacka är 1008 km och Karl-Johan Gyllenstorm beräknade körtiden till cirka 725 minuter.,<url><loc>https://pendlings-app1.t-767929534-cloudflare.workers.dev/?fran=Laxå&amp;till=Kungsbacka</loc><changefreq>monthly</changefreq></url>
Örnsköldsvik,Täby,751,588,Avståndet mellan Örnsköldsvik och Täby är 751 km och Karl-Johan Gyllenstorm beräknade körtiden till cirka 588 minuter.,<url><loc>https://pendlings-app1.t-767929534-cloudflare.workers.dev/?fran=Örnsköldsvik&amp;till=Täby</loc><changefreq>monthly</changefreq></url>
Arboga,Hagfors,1247,892,Avståndet mellan Arboga och Hagfors är 1247 km och Karl-Johan Gyllenstorm beräknade körtiden till cirka 892 minuter.,<url><loc>https://pendlings-app1.t-767929534-cloudflare.workers.dev/?fran=Arboga&amp;till=Hagfors</loc><changefreq>monthly</changefreq></url>
Bengtsfors,Arboga,434,322,Avståndet mellan Bengtsfors och Arboga är 434 km och Karl-Johan Gyllenstorm beräknade körtiden till cirka 322 minuter.,<url><loc>https://pendlings-app1.t-767929534-cloudflare.workers.dev/?fran=Bengtsfors&amp;till=Arboga</loc><changefreq>monthly</changefreq></url>
Smedjebacken,Västervik,180,133,Avståndet mellan Smedjebacken och Västervik är 180 km och Karl-Johan Gyllenstorm beräknade körtiden till cirka 133 minuter.,<url><loc>https://pendlings-app1.t-767929534-cloudflare.workers.dev/?fran=Smedjebacken&amp;till=Västervik</loc><changefreq>monthly</changefreq></url>
Tranemo,Gislaved,989,657,Avståndet mellan Tranemo och Gislaved är 989 km och Karl-Johan Gyllenstorm beräknade körtiden till cirka 657 minuter.,<url><loc>https://pendlings-app1.t-767929534-cloudflare.workers.dev/?fran=Tranemo&amp;till=Gislaved</loc><changefreq>monthly</changefreq></url>
Årjäng,Lekeberg,1359,901,Avståndet mellan Årjäng och Lekeberg är 1359 km och Karl-Johan Gyllenstorm beräknade körtiden till cirka 901 minuter.,<url><loc>https://pendlings-app1.t-767929534-cloudflare.workers.dev/?fran=Årjäng&amp;till=Lekeberg</loc><changefreq>monthly</changefreq></url>
Mjölby,Linköping,146,100,Avståndet mellan Mjölby och Linköping är 146 km och Karl-Johan Gyllenstorm beräknade körtiden till cirka 100 minuter.,<url><loc>https://pendlings-app1.t-767929534-cloudflare.workers.dev/?fran=Mjölby&amp;till=Linköping</loc><changefreq>monthly</changefreq></url>
Strömstad,Göteborg,144,95,Avståndet mellan Strömstad och Göteborg är 144 km och Karl-Johan Gyllenstorm beräknade körtiden till cirka 95 minuter.,<url><loc>https://pendlings-app1.t-767929534-cloudflare.workers.dev/?fran=Strömstad&amp;till=Göteborg</loc><changefreq>monthly</changefreq></url>
Linköping,Borås,1342,901,Avståndet mellan Linköping och Borås är 1342 km och Karl-Johan Gyllenstorm beräknade körtiden till cirka 901 minuter.,<url><loc>https://pendlings-app1.t-767929534-cloudflare.workers.dev/?fran=Linköping&amp;till=Borås</loc><changefreq>monthly</changefreq></url>
Malmö,Lund,1194,779,Avståndet mellan Malmö och Lund är 1194 km och Karl-Johan Gyllenstorm beräknade körtiden till cirka 779 minuter.,<url><loc>https://pendlings-app1.t-767929534-cloudflare.workers.dev/?fran=Malmö&amp;till=Lund</loc><changefreq>monthly</changefreq></url>
Överkalix,Säffle,93,61,Avståndet mellan Överkalix och Säffle är 93 km och Karl-Johan Gyllenstorm beräknade körtiden till cirka 61 minuter.,<url><loc>https://pendlings-app1.t-767929534-cloudflare.workers.dev/?fran=Överkalix&amp;till=Säffle</loc><changefreq>monthly</changefreq></url>
Gnosjö,Hjo,788,570,Avståndet mellan Gnosjö och Hjo är 788 km och Karl-Johan Gyllenstorm beräknade körtiden till cirka 570 minuter.,<url><loc>https://pendlings-app1.t-767929534-cloudflare.workers.dev/?fran=Gnosjö&amp;till=Hjo</loc><changefreq>monthly</changefreq></url>
Storuman,Kumla,1061,816,Avståndet mellan Storuman och Kumla är 1061 km och Karl-Johan Gyllenstorm beräknade körtiden till cirka 816 minuter.,<url><loc>https://pendlings-app1.t-767929534-cloudflare.workers.dev/?fran=Storuman&amp;till=Kumla</loc><changefreq>monthly</changefreq></url>
Laxå,Göteborg,619,415,Avståndet mellan Laxå och Göteborg är 619 km och Karl-Johan Gyllenstorm beräknade körtiden till cirka 415 minuter.,<url><loc>https://pendlings-app1.t-767929534-cloudflare.workers.dev/?fran=Laxå&amp;till=Göteborg</loc><changefreq>monthly</changefreq></url>
Forshaga,Västervik,728,547,Avståndet mellan Forshaga och Västervik är 728 km och Karl-Johan Gyllenstorm beräknade körtiden till cirka 547 minuter.,<url><loc>https://pendlings-app1.t-767929534-cloudflare.workers.dev/?fran=Forshaga&amp;till=Västervik</loc><changefreq>monthly</changefreq></url>
Bräcke,Umeå,708,482,Avståndet mellan Bräcke och Umeå är 708 km och Karl-Johan Gyllenstorm beräknade körtiden till cirka 482 minuter.,<url><loc>https://pendlings-app1.t-767929534-cloudflare.workers.dev/?fran=Bräcke&amp;till=Umeå</loc><changefreq>monthly</changefreq></url>
Gnestad,Falköping,890,649,Avståndet mellan Gnestad och Falköping är 890 km och Karl-Johan Gyllenstorm beräknade körtiden till cirka 649 minuter.,<url><loc>https://pendlings-app1.t-767929534-cloudflare.workers.dev/?fran=Gnestad&amp;till=Falköping</loc><changefreq>monthly</changefreq></url>
Jokkmokk,Vetlanda,725,462,Avståndet mellan Jokkmokk och Vetlanda är 725 km och Karl-Johan Gyllenstorm beräknade körtiden till cirka 462 minuter.,<url><loc>https://pendlings-app1.t-767929534-cloudflare.workers.dev/?fran=Jokkmokk&amp;till=Vetlanda</loc><changefreq>monthly</changefreq></url>
Eksjö,Torsby,435,283,Avståndet mellan Eksjö och Torsby är 435 km och Karl-Johan Gyllenstorm beräknade körtiden till cirka 283 minuter.,<url><loc>https://pendlings-app1.t-767929534-cloudflare.workers.dev/?fran=Eksjö&amp;till=Torsby</loc><changefreq>monthly</changefreq></url>
Arvidsjaur,Tingstäde,291,186,Avståndet mellan Arvidsjaur och Tingstäde är 291 km och Karl-Johan Gyllenstorm beräknade körtiden till cirka 186 minuter.,<url><loc>https://pendlings-app1.t-767929534-cloudflare.workers.dev/?fran=Arvidsjaur&amp;till=Tingstäde</loc><changefreq>monthly</changefreq></url>
Berg,Herrljunga,905,574,Avståndet mellan Berg och Herrljunga är 905 km och Karl-Johan Gyllenstorm beräknade körtiden till cirka 574 minuter.,<url><loc>https://pendlings-app1.t-767929534-cloudflare.workers.dev/?fran=Berg&amp;till=Herrljunga</loc><changefreq>monthly</changefreq></url>
Herrljunga,Tierp,1317,891,Avståndet mellan Herrljunga och Tierp är 1317 km och Karl-Johan Gyllenstorm beräknade körtiden till cirka 891 minuter.,<url><loc>https://pendlings-app1.t-767929534-cloudflare.workers.dev/?fran=Herrljunga&amp;till=Tierp</loc><changefreq>monthly</changefreq></url>
Ragunda,Vårgårda,1399,930,Avståndet mellan Ragunda och Vårgårda är 1399 km och Karl-Johan Gyllenstorm beräknade körtiden till cirka 930 minuter.,<url><loc>https://pendlings-app1.t-767929534-cloudflare.workers.dev/?fran=Ragunda&amp;till=Vårgårda</loc><changefreq>monthly</changefreq></url>
Karlstad,Ockelbo,100,75,Avståndet mellan Karlstad och Ockelbo är 100 km och Karl-Johan Gyllenstorm beräknade körtiden till cirka 75 minuter.,<url><loc>https://pendlings-app1.t-767929534-cloudflare.workers.dev/?fran=Karlstad&amp;till=Ockelbo</loc><changefreq>monthly</changefreq></url>
Klippan,Östersund,84,55,Avståndet mellan Klippan och Östersund är 84 km och Karl-Johan Gyllenstorm beräknade körtiden till cirka 55 minuter.,<url><loc>https://pendlings-app1.t-767929534-cloudflare.workers.dev/?fran=Klippan&amp;till=Östersund</loc><changefreq>monthly</changefreq></url>
Hedemora,Högsby,1193,798,Avståndet mellan Hedemora och Högsby är 1193 km och Karl-Johan Gyllenstorm beräknade körtiden till cirka 798 minuter.,<url><loc>https://pendlings-app1.t-767929534-cloudflare.workers.dev/?fran=Hedemora&amp;till=Högsby</loc><changefreq>monthly</changefreq></url>
Eksjö,Lidköping,168,132,Avståndet mellan Eksjö och Lidköping är 168 km och Karl-Johan Gyllenstorm beräknade körtiden till cirka 132 minuter.,<url><loc>https://pendlings-app1.t-767929534-cloudflare.workers.dev/?fran=Eksjö&amp;till=Lidköping</loc><changefreq>monthly</changefreq></url>
Fagersta,Haparanda,527,346,Avståndet mellan Fagersta och Haparanda är 527 km och Karl-Johan Gyllenstorm beräknade körtiden till cirka 346 minuter.,<url><loc>https://pendlings-app1.t-767929534-cloudflare.workers.dev/?fran=Fagersta&amp;till=Haparanda</loc><changefreq>monthly</changefreq></url>
Ödeshög,Hjo,1222,773,Avståndet mellan Ödeshög och Hjo är 1222 km och Karl-Johan Gyllenstorm beräknade körtiden till cirka 773 minuter.,<url><loc>https://pendlings-app1.t-767929534-cloudflare.workers.dev/?fran=Ödeshög&amp;till=Hjo</loc><changefreq>monthly</changefreq></url>
Slite,Ulricehamn,1388,1013,Avståndet mellan Slite och Ulricehamn är 1388 km och Karl-Johan Gyllenstorm beräknade körtiden till cirka 1013 minuter.,<url><loc>https://pendlings-app1.t-767929534-cloudflare.workers.dev/?fran=Slite&amp;till=Ulricehamn</loc><changefreq>monthly</changefreq></url>
Klintehamn,Hagfors,888,696,Avståndet mellan Klintehamn och Hagfors är 888 km och Karl-Johan Gyllenstorm beräknade körtiden till cirka 696 minuter.,<url><loc>https://pendlings-app1.t-767929534-cloudflare.workers.dev/?fran=Klintehamn&amp;till=Hagfors</loc><changefreq>monthly</changefreq></url>
Sollefteå,Ljusdal,1253,847,Avståndet mellan Sollefteå och Ljusdal är 1253 km och Karl-Johan Gyllenstorm beräknade körtiden till cirka 847 minuter.,<url><loc>https://pendlings-app1.t-767929534-cloudflare.workers.dev/?fran=Sollefteå&amp;till=Ljusdal</loc><changefreq>monthly</changefreq></url>
Ängelholm,Grythyttan,1249,881,Avståndet mellan Ängelholm och Grythyttan är 1249 km och Karl-Johan Gyllenstorm beräknade körtiden till cirka 881 minuter.,<url><loc>https://pendlings-app1.t-767929534-cloudflare.workers.dev/?fran=Ängelholm&amp;till=Grythyttan</loc><changefreq>monthly</changefreq></url>
Vansbro,Åmål,1236,827,Avståndet mellan Vansbro och Åmål är 1236 km och Karl-Johan Gyllenstorm beräknade körtiden till cirka 827 minuter.,<url><loc>https://pendlings-app1.t-767929534-cloudflare.workers.dev/?fran=Vansbro&amp;till=Åmål</loc><changefreq>monthly</changefreq></url>
Härnösand,Bollnäs,668,422,Avståndet mellan Härnösand och Bollnäs är 668 km och Karl-Johan Gyllenstorm beräknade körtiden till cirka 422 minuter.,<url><loc>https://pendlings-app1.t-767929534-cloudflare.workers.dev/?fran=Härnösand&amp;till=Bollnäs</loc><changefreq>monthly</changefreq></url>
Vetlanda,Ödeshög,202,141,Avståndet mellan Vetlanda och Ödeshög är 202 km och Karl-Johan Gyllenstorm beräknade körtiden till cirka 141 minuter.,<url><loc>https://pendlings-app1.t-767929534-cloudflare.workers.dev/?fran=Vetlanda&amp;till=Ödeshög</loc><changefreq>monthly</changefreq></url>
Krokom,Mörbylånga,1423,921,Avståndet mellan Krokom och Mörbylånga är 1423 km och Karl-Johan Gyllenstorm beräknade körtiden till cirka 921 minuter.,<url><loc>https://pendlings-app1.t-767929534-cloudflare.workers.dev/?fran=Krokom&amp;till=Mörbylånga</loc><changefreq>monthly</changefreq></url>
Höganäs,Gislaved,1053,797,Avståndet mellan Höganäs och Gislaved är 1053 km och Karl-Johan Gyllenstorm beräknade körtiden till cirka 797 minuter.,<url><loc>https://pendlings-app1.t-767929534-cloudflare.workers.dev/?fran=Höganäs&amp;till=Gislaved</loc><changefreq>monthly</changefreq></url>
Åsele,Hörby,942,623,Avståndet mellan Åsele och Hörby är 942 km och Karl-Johan Gyllenstorm beräknade körtiden till cirka 623 minuter.,<url><loc>https://pendlings-app1.t-767929534-cloudflare.workers.dev/?fran=Åsele&amp;till=Hörby</loc><changefreq>monthly</changefreq></url>
Ockelbo,Hultsfred,591,427,Avståndet mellan Ockelbo och Hultsfred är 591 km och Karl-Johan Gyllenstorm beräknade körtiden till cirka 427 minuter.,<url><loc>https://pendlings-app1.t-767929534-cloudflare.workers.dev/?fran=Ockelbo&amp;till=Hultsfred</loc><changefreq>monthly</changefreq></url>
Visby,Eksjö,181,134,Avståndet mellan Visby och Eksjö är 181 km och Karl-Johan Gyllenstorm beräknade körtiden till cirka 134 minuter.,<url><loc>https://pendlings-app1.t-767929534-cloudflare.workers.dev/?fran=Visby&amp;till=Eksjö</loc><changefreq>monthly</changefreq></url>
Jokkmokk,Borås,652,463,Avståndet mellan Jokkmokk och Borås är 652 km och Karl-Johan Gyllenstorm beräknade körtiden till cirka 463 minuter.,<url><loc>https://pendlings-app1.t-767929534-cloudflare.workers.dev/?fran=Jokkmokk&amp;till=Borås</loc><changefreq>monthly</changefreq></url>
Eda,Östersund,895,575,Avståndet mellan Eda och Östersund är 895 km och Karl-Johan Gyllenstorm beräknade körtiden till cirka 575 minuter.,<url><loc>https://pendlings-app1.t-767929534-cloudflare.workers.dev/?fran=Eda&amp;till=Östersund</loc><changefreq>monthly</changefreq></url>
Åsele,Fårösund,1070,731,Avståndet mellan Åsele och Fårösund är 1070 km och Karl-Johan Gyllenstorm beräknade körtiden till cirka 731 minuter.,<url><loc>https://pendlings-app1.t-767929534-cloudflare.workers.dev/?fran=Åsele&amp;till=Fårösund</loc><changefreq>monthly</changefreq></url>
Degerfors,Härnösand,1351,975,Avståndet mellan Degerfors och Härnösand är 1351 km och Karl-Johan Gyllenstorm beräknade körtiden till cirka 975 minuter.,<url><loc>https://pendlings-app1.t-767929534-cloudflare.workers.dev/?fran=Degerfors&amp;till=Härnösand</loc><changefreq>monthly</changefreq></url>
Eslöv,Kristianstad,1022,694,Avståndet mellan Eslöv och Kristianstad är 1022 km och Karl-Johan Gyllenstorm beräknade körtiden till cirka 694 minuter.,<url><loc>https://pendlings-app1.t-767929534-cloudflare.workers.dev/?fran=Eslöv&amp;till=Kristianstad</loc><changefreq>monthly</changefreq></url>
Söderköping,Båstad,599,402,Avståndet mellan Söderköping och Båstad är 599 km och Karl-Johan Gyllenstorm beräknade körtiden till cirka 402 minuter.,<url><loc>https://pendlings-app1.t-767929534-cloudflare.workers.dev/?fran=Söderköping&amp;till=Båstad</loc><changefreq>monthly</changefreq></url>
Stånga,Hallsberg,1220,879,Avståndet mellan Stånga och Hallsberg är 1220 km och Karl-Johan Gyllenstorm beräknade körtiden till cirka 879 minuter.,<url><loc>https://pendlings-app1.t-767929534-cloudflare.workers.dev/?fran=Stånga&amp;till=Hallsberg</loc><changefreq>monthly</changefreq></url>
Vimmerby,Gislaved,1399,954,Avståndet mellan Vimmerby och Gislaved är 1399 km och Karl-Johan Gyllenstorm beräknade körtiden till cirka 954 minuter.,<url><loc>https://pendlings-app1.t-767929534-cloudflare.workers.dev/?fran=Vimmerby&amp;till=Gislaved</loc><changefreq>monthly</changefreq></url>
Hässleholm,Oskarshamn,810,565,Avståndet mellan Hässleholm och Oskarshamn är 810 km och Karl-Johan Gyllenstorm beräknade körtiden till cirka 565 minuter.,<url><loc>https://pendlings-app1.t-767929534-cloudflare.workers.dev/?fran=Hässleholm&amp;till=Oskarshamn</loc><changefreq>monthly</changefreq></url>
Sundsvall,Mörbylånga,326,219,Avståndet mellan Sundsvall och Mörbylånga är 326 km och Karl-Johan Gyllenstorm beräknade körtiden till cirka 219 minuter.,<url><loc>https://pendlings-app1.t-767929534-cloudflare.workers.dev/?fran=Sundsvall&amp;till=Mörbylånga</loc><changefreq>monthly</changefreq></url>
Hässleholm,Fagersta,57,38,Avståndet mellan Hässleholm och Fagersta är 57 km och Karl-Johan Gyllenstorm beräknade körtiden till cirka 38 minuter.,<url><loc>https://pendlings-app1.t-767929534-cloudflare.workers.dev/?fran=Hässleholm&amp;till=Fagersta</loc><changefreq>monthly</changefreq></url>
Sjöbo,Malung,297,216,Avståndet mellan Sjöbo och Malung är 297 km och Karl-Johan Gyllenstorm beräknade körtiden till cirka 216 minuter.,<url><loc>https://pendlings-app1.t-767929534-cloudflare.workers.dev/?fran=Sjöbo&amp;till=Malung</loc><changefreq>monthly</changefreq></url>
Katrineholm,Lidköping,727,461,Avståndet mellan Katrineholm och Lidköping är 727 km och Karl-Johan Gyllenstorm beräknade körtiden till cirka 461 minuter.,<url><loc>https://pendlings-app1.t-767929534-cloudflare.workers.dev/?fran=Katrineholm&amp;till=Lidköping</loc><changefreq>monthly</changefreq></url>
Hagfors,Lysekil,1225,891,Avståndet mellan Hagfors och Lysekil är 1225 km och Karl-Johan Gyllenstorm beräknade körtiden till cirka 891 minuter.,<url><loc>https://pendlings-app1.t-767929534-cloudflare.workers.dev/?fran=Hagfors&amp;till=Lysekil</loc><changefreq>monthly</changefreq></url>
Strömsund,Falun,1103,753,Avståndet mellan Strömsund och Falun är 1103 km och Karl-Johan Gyllenstorm beräknade körtiden till cirka 753 minuter.,<url><loc>https://pendlings-app1.t-767929534-cloudflare.workers.dev/?fran=Strömsund&amp;till=Falun</loc><changefreq>monthly</changefreq></url>
Götene,Karlshamn,163,121,Avståndet mellan Götene och Karlshamn är 163 km och Karl-Johan Gyllenstorm beräknade körtiden till cirka 121 minuter.,<url><loc>https://pendlings-app1.t-767929534-cloudflare.workers.dev/?fran=Götene&amp;till=Karlshamn</loc><changefreq>monthly</changefreq></url>
Laxå,Söderhamn,361,243,Avståndet mellan Laxå och Söderhamn är 361 km och Karl-Johan Gyllenstorm beräknade körtiden till cirka 243 minuter.,<url><loc>https://pendlings-app1.t-767929534-cloudflare.workers.dev/?fran=Laxå&amp;till=Söderhamn</loc><changefreq>monthly</changefreq></url>
Hagfors,Kungsbacka,1441,1086,Avståndet mellan Hagfors och Kungsbacka är 1441 km och Karl-Johan Gyllenstorm beräknade körtiden till cirka 1086 minuter.,<url><loc>https://pendlings-app1.t-767929534-cloudflare.workers.dev/?fran=Hagfors&amp;till=Kungsbacka</loc><changefreq>monthly</changefreq></url>
Håbo,Trollhättan,394,273,Avståndet mellan Håbo och Trollhättan är 394 km och Karl-Johan Gyllenstorm beräknade körtiden till cirka 273 minuter.,<url><loc>https://pendlings-app1.t-767929534-cloudflare.workers.dev/?fran=Håbo&amp;till=Trollhättan</loc><changefreq>monthly</changefreq></url>
Vellinge,Höganäs,405,286,Avståndet mellan Vellinge och Höganäs är 405 km och Karl-Johan Gyllenstorm beräknade körtiden till cirka 286 minuter.,<url><loc>https://pendlings-app1.t-767929534-cloudflare.workers.dev/?fran=Vellinge&amp;till=Höganäs</loc><changefreq>monthly</changefreq></url>
Charlottenberg,Berg,610,397,Avståndet mellan Charlottenberg och Berg är 610 km och Karl-Johan Gyllenstorm beräknade körtiden till cirka 397 minuter.,<url><loc>https://pendlings-app1.t-767929534-cloudflare.workers.dev/?fran=Charlottenberg&amp;till=Berg</loc><changefreq>monthly</changefreq></url>
Båstad,Lysekil,671,500,Avståndet mellan Båstad och Lysekil är 671 km och Karl-Johan Gyllenstorm beräknade körtiden till cirka 500 minuter.,<url><loc>https://pendlings-app1.t-767929534-cloudflare.workers.dev/?fran=Båstad&amp;till=Lysekil</loc><changefreq>monthly</changefreq></url>
Örnsköldsvik,Gagnef,1010,684,Avståndet mellan Örnsköldsvik och Gagnef är 1010 km och Karl-Johan Gyllenstorm beräknade körtiden till cirka 684 minuter.,<url><loc>https://pendlings-app1.t-767929534-cloudflare.workers.dev/?fran=Örnsköldsvik&amp;till=Gagnef</loc><changefreq>monthly</changefreq></url>
Luleå,Mörbylånga,1301,911,Avståndet mellan Luleå och Mörbylånga är 1301 km och Karl-Johan Gyllenstorm beräknade körtiden till cirka 911 minuter.,<url><loc>https://pendlings-app1.t-767929534-cloudflare.workers.dev/?fran=Luleå&amp;till=Mörbylånga</loc><changefreq>monthly</changefreq></url>
Tranemo,Lycksele,382,246,Avståndet mellan Tranemo och Lycksele är 382 km och Karl-Johan Gyllenstorm beräknade körtiden till cirka 246 minuter.,<url><loc>https://pendlings-app1.t-767929534-cloudflare.workers.dev/?fran=Tranemo&amp;till=Lycksele</loc><changefreq>monthly</changefreq></url>
Roma,Lund,162,121,Avståndet mellan Roma och Lund är 162 km och Karl-Johan Gyllenstorm beräknade körtiden till cirka 121 minuter.,<url><loc>https://pendlings-app1.t-767929534-cloudflare.workers.dev/?fran=Roma&amp;till=Lund</loc><changefreq>monthly</changefreq></url>
Tofta,Arboga,751,590,Avståndet mellan Tofta och Arboga är 751 km och Karl-Johan Gyllenstorm beräknade körtiden till cirka 590 minuter.,<url><loc>https://pendlings-app1.t-767929534-cloudflare.workers.dev/?fran=Tofta&amp;till=Arboga</loc><changefreq>monthly</changefreq></url>
Gullspång,Färgelanda,205,144,Avståndet mellan Gullspång och Färgelanda är 205 km och Karl-Johan Gyllenstorm beräknade körtiden till cirka 144 minuter.,<url><loc>https://pendlings-app1.t-767929534-cloudflare.workers.dev/?fran=Gullspång&amp;till=Färgelanda</loc><changefreq>monthly</changefreq></url>
Eskilstuna,Skurup,795,631,Avståndet mellan Eskilstuna och Skurup är 795 km och Karl-Johan Gyllenstorm beräknade körtiden till cirka 631 minuter.,<url><loc>https://pendlings-app1.t-767929534-cloudflare.workers.dev/?fran=Eskilstuna&amp;till=Skurup</loc><changefreq>monthly</changefreq></url>
Mark,Alingsås,1017,752,Avståndet mellan Mark och Alingsås är 1017 km och Karl-Johan Gyllenstorm beräknade körtiden till cirka 752 minuter.,<url><loc>https://pendlings-app1.t-767929534-cloudflare.workers.dev/?fran=Mark&amp;till=Alingsås</loc><changefreq>monthly</changefreq></url>
Munkedal,Lysekil,523,396,Avståndet mellan Munkedal och Lysekil är 523 km och Karl-Johan Gyllenstorm beräknade körtiden till cirka 396 minuter.,<url><loc>https://pendlings-app1.t-767929534-cloudflare.workers.dev/?fran=Munkedal&amp;till=Lysekil</loc><changefreq>monthly</changefreq></url>
Söderköping,Vänersborg,1234,807,Avståndet mellan Söderköping och Vänersborg är 1234 km och Karl-Johan Gyllenstorm beräknade körtiden till cirka 807 minuter.,<url><loc>https://pendlings-app1.t-767929534-cloudflare.workers.dev/?fran=Söderköping&amp;till=Vänersborg</loc><changefreq>monthly</changefreq></url>
Söderhamn,Karlsborg,543,388,Avståndet mellan Söderhamn och Karlsborg är 543 km och Karl-Johan Gyllenstorm beräknade körtiden till cirka 388 minuter.,<url><loc>https://pendlings-app1.t-767929534-cloudflare.workers.dev/?fran=Söderhamn&amp;till=Karlsborg</loc><changefreq>monthly</changefreq></url>
Laholm,Älvkarleby,1049,770,Avståndet mellan Laholm och Älvkarleby är 1049 km och Karl-Johan Gyllenstorm beräknade körtiden till cirka 770 minuter.,<url><loc>https://pendlings-app1.t-767929534-cloudflare.workers.dev/?fran=Laholm&amp;till=Älvkarleby</loc><changefreq>monthly</changefreq></url>
Sotenäs,Ronehamn,559,399,Avståndet mellan Sotenäs och Ronehamn är 559 km och Karl-Johan Gyllenstorm beräknade körtiden till cirka 399 minuter.,<url><loc>https://pendlings-app1.t-767929534-cloudflare.workers.dev/?fran=Sotenäs&amp;till=Ronehamn</loc><changefreq>monthly</changefreq></url>
Sveg,Munkedal,644,422,Avståndet mellan Sveg och Munkedal är 644 km och Karl-Johan Gyllenstorm beräknade körtiden till cirka 422 minuter.,<url><loc>https://pendlings-app1.t-767929534-cloudflare.workers.dev/?fran=Sveg&amp;till=Munkedal</loc><changefreq>monthly</changefreq></url>
Gävle,Fårösund,30,23,Avståndet mellan Gävle och Fårösund är 30 km och Karl-Johan Gyllenstorm beräknade körtiden till cirka 23 minuter.,<url><loc>https://pendlings-app1.t-767929534-cloudflare.workers.dev/?fran=Gävle&amp;till=Fårösund</loc><changefreq>monthly</changefreq></url>
Roma,Vadstena,1265,946,Avståndet mellan Roma och Vadstena är 1265 km och Karl-Johan Gyllenstorm beräknade körtiden till cirka 946 minuter.,<url><loc>https://pendlings-app1.t-767929534-cloudflare.workers.dev/?fran=Roma&amp;till=Vadstena</loc><changefreq>monthly</changefreq></url>
Kalmar,Gullspång,236,188,Avståndet mellan Kalmar och Gullspång är 236 km och Karl-Johan Gyllenstorm beräknade körtiden till cirka 188 minuter.,<url><loc>https://pendlings-app1.t-767929534-cloudflare.workers.dev/?fran=Kalmar&amp;till=Gullspång</loc><changefreq>monthly</changefreq></url>
Kristianstad,Sävsjö,1401,1073,Avståndet mellan Kristianstad och Sävsjö är 1401 km och Karl-Johan Gyllenstorm beräknade körtiden till cirka 1073 minuter.,<url><loc>https://pendlings-app1.t-767929534-cloudflare.workers.dev/?fran=Kristianstad&amp;till=Sävsjö</loc><changefreq>monthly</changefreq></url>
Piteå,Bromölla,487,322,Avståndet mellan Piteå och Bromölla är 487 km och Karl-Johan Gyllenstorm beräknade körtiden till cirka 322 minuter.,<url><loc>https://pendlings-app1.t-767929534-cloudflare.workers.dev/?fran=Piteå&amp;till=Bromölla</loc><changefreq>monthly</changefreq></url>
Norberg,Jokkmokk,1009,689,Avståndet mellan Norberg och Jokkmokk är 1009 km och Karl-Johan Gyllenstorm beräknade körtiden till cirka 689 minuter.,<url><loc>https://pendlings-app1.t-767929534-cloudflare.workers.dev/?fran=Norberg&amp;till=Jokkmokk</loc><changefreq>monthly</changefreq></url>
Älvsbyn,Ödeshög,756,478,Avståndet mellan Älvsbyn och Ödeshög är 756 km och Karl-Johan Gyllenstorm beräknade körtiden till cirka 478 minuter.,<url><loc>https://pendlings-app1.t-767929534-cloudflare.workers.dev/?fran=Älvsbyn&amp;till=Ödeshög</loc><changefreq>monthly</changefreq></url>
Ockelbo,Hagfors,1125,723,Avståndet mellan Ockelbo och Hagfors är 1125 km och Karl-Johan Gyllenstorm beräknade körtiden till cirka 723 minuter.,<url><loc>https://pendlings-app1.t-767929534-cloudflare.workers.dev/?fran=Ockelbo&amp;till=Hagfors</loc><changefreq>monthly</changefreq></url>
Hjo,Olofström,1421,958,Avståndet mellan Hjo och Olofström är 1421 km och Karl-Johan Gyllenstorm beräknade körtiden till cirka 958 minuter.,<url><loc>https://pendlings-app1.t-767929534-cloudflare.workers.dev/?fran=Hjo&amp;till=Olofström</loc><changefreq>monthly</changefreq></url>
Götene,Sundsvall,857,617,Avståndet mellan Götene och Sundsvall är 857 km och Karl-Johan Gyllenstorm beräknade körtiden till cirka 617 minuter.,<url><loc>https://pendlings-app1.t-767929534-cloudflare.workers.dev/?fran=Götene&amp;till=Sundsvall</loc><changefreq>monthly</changefreq></url>
Kungsör,Kalmar,1042,739,Avståndet mellan Kungsör och Kalmar är 1042 km och Karl-Johan Gyllenstorm beräknade körtiden till cirka 739 minuter.,<url><loc>https://pendlings-app1.t-767929534-cloudflare.workers.dev/?fran=Kungsör&amp;till=Kalmar</loc><changefreq>monthly</changefreq></url>
Trelleborg,Vibble,220,167,Avståndet mellan Trelleborg och Vibble är 220 km och Karl-Johan Gyllenstorm beräknade körtiden till cirka 167 minuter.,<url><loc>https://pendlings-app1.t-767929534-cloudflare.workers.dev/?fran=Trelleborg&amp;till=Vibble</loc><changefreq>monthly</changefreq></url>
Åsele,Kalmar,441,283,Avståndet mellan Åsele och Kalmar är 441 km och Karl-Johan Gyllenstorm beräknade körtiden till cirka 283 minuter.,<url><loc>https://pendlings-app1.t-767929534-cloudflare.workers.dev/?fran=Åsele&amp;till=Kalmar</loc><changefreq>monthly</changefreq></url>
Gnestad,Hedemora,181,128,Avståndet mellan Gnestad och Hedemora är 181 km och Karl-Johan Gyllenstorm beräknade körtiden till cirka 128 minuter.,<url><loc>https://pendlings-app1.t-767929534-cloudflare.workers.dev/?fran=Gnestad&amp;till=Hedemora</loc><changefreq>monthly</changefreq></url>
Åre,Surahammar,409,326,Avståndet mellan Åre och Surahammar är 409 km och Karl-Johan Gyllenstorm beräknade körtiden till cirka 326 minuter.,<url><loc>https://pendlings-app1.t-767929534-cloudflare.workers.dev/?fran=Åre&amp;till=Surahammar</loc><changefreq>monthly</changefreq></url>
Filipstad,Tofta,752,529,Avståndet mellan Filipstad och Tofta är 752 km och Karl-Johan Gyllenstorm beräknade körtiden till cirka 529 minuter.,<url><loc>https://pendlings-app1.t-767929534-cloudflare.workers.dev/?fran=Filipstad&amp;till=Tofta</loc><changefreq>monthly</changefreq></url>
Karlskoga,Fårösund,425,317,Avståndet mellan Karlskoga och Fårösund är 425 km och Karl-Johan Gyllenstorm beräknade körtiden till cirka 317 minuter.,<url><loc>https://pendlings-app1.t-767929534-cloudflare.workers.dev/?fran=Karlskoga&amp;till=Fårösund</loc><changefreq>monthly</changefreq></url>
Filipstad,Tanum,881,584,Avståndet mellan Filipstad och Tanum är 881 km och Karl-Johan Gyllenstorm beräknade körtiden till cirka 584 minuter.,<url><loc>https://pendlings-app1.t-767929534-cloudflare.workers.dev/?fran=Filipstad&amp;till=Tanum</loc><changefreq>monthly</changefreq></url>
Lekeberg,Bengtsfors,1119,735,Avståndet mellan Lekeberg och Bengtsfors är 1119 km och Karl-Johan Gyllenstorm beräknade körtiden till cirka 735 minuter.,<url><loc>https://pendlings-app1.t-767929534-cloudflare.workers.dev/?fran=Lekeberg&amp;till=Bengtsfors</loc><changefreq>monthly</changefreq></url>
Vilhelmina,Nora,740,561,Avståndet mellan Vilhelmina och Nora är 740 km och Karl-Johan Gyllenstorm beräknade körtiden till cirka 561 minuter.,<url><loc>https://pendlings-app1.t-767929534-cloudflare.workers.dev/?fran=Vilhelmina&amp;till=Nora</loc><changefreq>monthly</changefreq></url>
Grythyttan,Klippan,1298,831,Avståndet mellan Grythyttan och Klippan är 1298 km och Karl-Johan Gyllenstorm beräknade körtiden till cirka 831 minuter.,<url><loc>https://pendlings-app1.t-767929534-cloudflare.workers.dev/?fran=Grythyttan&amp;till=Klippan</loc><changefreq>monthly</changefreq></url>
Lomma,Burgsvik,1126,821,Avståndet mellan Lomma och Burgsvik är 1126 km och Karl-Johan Gyllenstorm beräknade körtiden till cirka 821 minuter.,<url><loc>https://pendlings-app1.t-767929534-cloudflare.workers.dev/?fran=Lomma&amp;till=Burgsvik</loc><changefreq>monthly</changefreq></url>
Osby,Torsby,368,248,Avståndet mellan Osby och Torsby är 368 km och Karl-Johan Gyllenstorm beräknade körtiden till cirka 248 minuter.,<url><loc>https://pendlings-app1.t-767929534-cloudflare.workers.dev/?fran=Osby&amp;till=Torsby</loc><changefreq>monthly</changefreq></url>
Arvidsjaur,Mellerud,1026,716,Avståndet mellan Arvidsjaur och Mellerud är 1026 km och Karl-Johan Gyllenstorm beräknade körtiden till cirka 716 minuter.,<url><loc>https://pendlings-app1.t-767929534-cloudflare.workers.dev/?fran=Arvidsjaur&amp;till=Mellerud</loc><changefreq>monthly</changefreq></url>
Burgsvik,Ånge,696,510,Avståndet mellan Burgsvik och Ånge är 696 km och Karl-Johan Gyllenstorm beräknade körtiden till cirka 510 minuter.,<url><loc>https://pendlings-app1.t-767929534-cloudflare.workers.dev/?fran=Burgsvik&amp;till=Ånge</loc><changefreq>monthly</changefreq></url>
Bromölla,Timrå,1300,856,Avståndet mellan Bromölla och Timrå är 1300 km och Karl-Johan Gyllenstorm beräknade körtiden till cirka 856 minuter.,<url><loc>https://pendlings-app1.t-767929534-cloudflare.workers.dev/?fran=Bromölla&amp;till=Timrå</loc><changefreq>monthly</changefreq></url>
Hörby,Lindesberg,143,94,Avståndet mellan Hörby och Lindesberg är 143 km och Karl-Johan Gyllenstorm beräknade körtiden till cirka 94 minuter.,<url><loc>https://pendlings-app1.t-767929534-cloudflare.workers.dev/?fran=Hörby&amp;till=Lindesberg</loc><changefreq>monthly</changefreq></url>
Hudiksvall,Filipstad,1095,810,Avståndet mellan Hudiksvall och Filipstad är 1095 km och Karl-Johan Gyllenstorm beräknade körtiden till cirka 810 minuter.,<url><loc>https://pendlings-app1.t-767929534-cloudflare.workers.dev/?fran=Hudiksvall&amp;till=Filipstad</loc><changefreq>monthly</changefreq></url>
Lycksele,Degerfors,1412,932,Avståndet mellan Lycksele och Degerfors är 1412 km och Karl-Johan Gyllenstorm beräknade körtiden till cirka 932 minuter.,<url><loc>https://pendlings-app1.t-767929534-cloudflare.workers.dev/?fran=Lycksele&amp;till=Degerfors</loc><changefreq>monthly</changefreq></url>
Kävlinge,Norrköping,180,116,Avståndet mellan Kävlinge och Norrköping är 180 km och Karl-Johan Gyllenstorm beräknade körtiden till cirka 116 minuter.,<url><loc>https://pendlings-app1.t-767929534-cloudflare.workers.dev/?fran=Kävlinge&amp;till=Norrköping</loc><changefreq>monthly</changefreq></url>
Leksand,Malmö,1159,735,Avståndet mellan Leksand och Malmö är 1159 km och Karl-Johan Gyllenstorm beräknade körtiden till cirka 735 minuter.,<url><loc>https://pendlings-app1.t-767929534-cloudflare.workers.dev/?fran=Leksand&amp;till=Malmö</loc><changefreq>monthly</changefreq></url>
Åtvidaberg,Lekeberg,701,512,Avståndet mellan Åtvidaberg och Lekeberg är 701 km och Karl-Johan Gyllenstorm beräknade körtiden till cirka 512 minuter.,<url><loc>https://pendlings-app1.t-767929534-cloudflare.workers.dev/?fran=Åtvidaberg&amp;till=Lekeberg</loc><changefreq>monthly</changefreq></url>
Sollefteå,Båstad,1087,711,Avståndet mellan Sollefteå och Båstad är 1087 km och Karl-Johan Gyllenstorm beräknade körtiden till cirka 711 minuter.,<url><loc>https://pendlings-app1.t-767929534-cloudflare.workers.dev/?fran=Sollefteå&amp;till=Båstad</loc><changefreq>monthly</changefreq></url>
Svenljunga,Piteå,251,182,Avståndet mellan Svenljunga och Piteå är 251 km och Karl-Johan Gyllenstorm beräknade körtiden till cirka 182 minuter.,<url><loc>https://pendlings-app1.t-767929534-cloudflare.workers.dev/?fran=Svenljunga&amp;till=Piteå</loc><changefreq>monthly</changefreq></url>
Charlottenberg,Laholm,731,486,Avståndet mellan Charlottenberg och Laholm är 731 km och Karl-Johan Gyllenstorm beräknade körtiden till cirka 486 minuter.,<url><loc>https://pendlings-app1.t-767929534-cloudflare.workers.dev/?fran=Charlottenberg&amp;till=Laholm</loc><changefreq>monthly</changefreq></url>
Askersund,Säffle,389,294,Avståndet mellan Askersund och Säffle är 389 km och Karl-Johan Gyllenstorm beräknade körtiden till cirka 294 minuter.,<url><loc>https://pendlings-app1.t-767929534-cloudflare.workers.dev/?fran=Askersund&amp;till=Säffle</loc><changefreq>monthly</changefreq></url>
Trelleborg,Östhammar,445,284,Avståndet mellan Trelleborg och Östhammar är 445 km och Karl-Johan Gyllenstorm beräknade körtiden till cirka 284 minuter.,<url><loc>https://pendlings-app1.t-767929534-cloudflare.workers.dev/?fran=Trelleborg&amp;till=Östhammar</loc><changefreq>monthly</changefreq></url>
Kävlinge,Olofström,223,154,Avståndet mellan Kävlinge och Olofström är 223 km och Karl-Johan Gyllenstorm beräknade körtiden till cirka 154 minuter.,<url><loc>https://pendlings-app1.t-767929534-cloudflare.workers.dev/?fran=Kävlinge&amp;till=Olofström</loc><changefreq>monthly</changefreq></url>
Vingåker,Norberg,662,464,Avståndet mellan Vingåker och Norberg är 662 km och Karl-Johan Gyllenstorm beräknade körtiden till cirka 464 minuter.,<url><loc>https://pendlings-app1.t-767929534-cloudflare.workers.dev/?fran=Vingåker&amp;till=Norberg</loc><changefreq>monthly</changefreq></url>
Aneby,Boden,1196,934,Avståndet mellan Aneby och Boden är 1196 km och Karl-Johan Gyllenstorm beräknade körtiden till cirka 934 minuter.,<url><loc>https://pendlings-app1.t-767929534-cloudflare.workers.dev/?fran=Aneby&amp;till=Boden</loc><changefreq>monthly</changefreq></url>
Götene,Älvdalen,109,73,Avståndet mellan Götene och Älvdalen är 109 km och Karl-Johan Gyllenstorm beräknade körtiden till cirka 73 minuter.,<url><loc>https://pendlings-app1.t-767929534-cloudflare.workers.dev/?fran=Götene&amp;till=Älvdalen</loc><changefreq>monthly</changefreq></url>
Havdhem,Storfors,426,271,Avståndet mellan Havdhem och Storfors är 426 km och Karl-Johan Gyllenstorm beräknade körtiden till cirka 271 minuter.,<url><loc>https://pendlings-app1.t-767929534-cloudflare.workers.dev/?fran=Havdhem&amp;till=Storfors</loc><changefreq>monthly</changefreq></url>
Färjestaden,Degerfors,158,104,Avståndet mellan Färjestaden och Degerfors är 158 km och Karl-Johan Gyllenstorm beräknade körtiden till cirka 104 minuter.,<url><loc>https://pendlings-app1.t-767929534-cloudflare.workers.dev/?fran=Färjestaden&amp;till=Degerfors</loc><changefreq>monthly</changefreq></url>
Färjestaden,Sölvesborg,813,619,Avståndet mellan Färjestaden och Sölvesborg är 813 km och Karl-Johan Gyllenstorm beräknade körtiden till cirka 619 minuter.,<url><loc>https://pendlings-app1.t-767929534-cloudflare.workers.dev/?fran=Färjestaden&amp;till=Sölvesborg</loc><changefreq>monthly</changefreq></url>
Staffanstorp,Höganäs,285,192,Avståndet mellan Staffanstorp och Höganäs är 285 km och Karl-Johan Gyllenstorm beräknade körtiden till cirka 192 minuter.,<url><loc>https://pendlings-app1.t-767929534-cloudflare.workers.dev/?fran=Staffanstorp&amp;till=Höganäs</loc><changefreq>monthly</changefreq></url>
Piteå,Sjöbo,379,280,Avståndet mellan Piteå och Sjöbo är 379 km och Karl-Johan Gyllenstorm beräknade körtiden till cirka 280 minuter.,<url><loc>https://pendlings-app1.t-767929534-cloudflare.workers.dev/?fran=Piteå&amp;till=Sjöbo</loc><changefreq>monthly</changefreq></url>
Malå,Svenljunga,346,269,Avståndet mellan Malå och Svenljunga är 346 km och Karl-Johan Gyllenstorm beräknade körtiden till cirka 269 minuter.,<url><loc>https://pendlings-app1.t-767929534-cloudflare.workers.dev/?fran=Malå&amp;till=Svenljunga</loc><changefreq>monthly</changefreq></url>
Askersund,Ronehamn,1270,824,Avståndet mellan Askersund och Ronehamn är 1270 km och Karl-Johan Gyllenstorm beräknade körtiden till cirka 824 minuter.,<url><loc>https://pendlings-app1.t-767929534-cloudflare.workers.dev/?fran=Askersund&amp;till=Ronehamn</loc><changefreq>monthly</changefreq></url>
Ånge,Höganäs,1201,855,Avståndet mellan Ånge och Höganäs är 1201 km och Karl-Johan Gyllenstorm beräknade körtiden till cirka 855 minuter.,<url><loc>https://pendlings-app1.t-767929534-cloudflare.workers.dev/?fran=Ånge&amp;till=Höganäs</loc><changefreq>monthly</changefreq></url>
Örebro,Ånge,520,330,Avståndet mellan Örebro och Ånge är 520 km och Karl-Johan Gyllenstorm beräknade körtiden till cirka 330 minuter.,<url><loc>https://pendlings-app1.t-767929534-cloudflare.workers.dev/?fran=Örebro&amp;till=Ånge</loc><changefreq>monthly</changefreq></url>
Gagnef,Skövde,131,86,Avståndet mellan Gagnef och Skövde är 131 km och Karl-Johan Gyllenstorm beräknade körtiden till cirka 86 minuter.,<url><loc>https://pendlings-app1.t-767929534-cloudflare.workers.dev/?fran=Gagnef&amp;till=Skövde</loc><changefreq>monthly</changefreq></url>
Stockholm,Slite,233,178,Avståndet mellan Stockholm och Slite är 233 km och Karl-Johan Gyllenstorm beräknade körtiden till cirka 178 minuter.,<url><loc>https://pendlings-app1.t-767929534-cloudflare.workers.dev/?fran=Stockholm&amp;till=Slite</loc><changefreq>monthly</changefreq></url>
Stockholm,Borgholm,1079,796,Avståndet mellan Stockholm och Borgholm är 1079 km och Karl-Johan Gyllenstorm beräknade körtiden till cirka 796 minuter.,<url><loc>https://pendlings-app1.t-767929534-cloudflare.workers.dev/?fran=Stockholm&amp;till=Borgholm</loc><changefreq>monthly</changefreq></url>
Hallstahammar,Kopparberg,992,639,Avståndet mellan Hallstahammar och Kopparberg är 992 km och Karl-Johan Gyllenstorm beräknade körtiden till cirka 639 minuter.,<url><loc>https://pendlings-app1.t-767929534-cloudflare.workers.dev/?fran=Hallstahammar&amp;till=Kopparberg</loc><changefreq>monthly</changefreq></url>
Alingsås,Grästorp,629,491,Avståndet mellan Alingsås och Grästorp är 629 km och Karl-Johan Gyllenstorm beräknade körtiden till cirka 491 minuter.,<url><loc>https://pendlings-app1.t-767929534-cloudflare.workers.dev/?fran=Alingsås&amp;till=Grästorp</loc><changefreq>monthly</changefreq></url>
Örkelljunga,Burgsvik,203,151,Avståndet mellan Örkelljunga och Burgsvik är 203 km och Karl-Johan Gyllenstorm beräknade körtiden till cirka 151 minuter.,<url><loc>https://pendlings-app1.t-767929534-cloudflare.workers.dev/?fran=Örkelljunga&amp;till=Burgsvik</loc><changefreq>monthly</changefreq></url>
Storuman,Orsa,847,662,Avståndet mellan Storuman och Orsa är 847 km och Karl-Johan Gyllenstorm beräknade körtiden till cirka 662 minuter.,<url><loc>https://pendlings-app1.t-767929534-cloudflare.workers.dev/?fran=Storuman&amp;till=Orsa</loc><changefreq>monthly</changefreq></url>
Bollebygd,Munkedal,535,419,Avståndet mellan Bollebygd och Munkedal är 535 km och Karl-Johan Gyllenstorm beräknade körtiden till cirka 419 minuter.,<url><loc>https://pendlings-app1.t-767929534-cloudflare.workers.dev/?fran=Bollebygd&amp;till=Munkedal</loc><changefreq>monthly</changefreq></url>
Täby,Leksand,1338,978,Avståndet mellan Täby och Leksand är 1338 km och Karl-Johan Gyllenstorm beräknade körtiden till cirka 978 minuter.,<url><loc>https://pendlings-app1.t-767929534-cloudflare.workers.dev/?fran=Täby&amp;till=Leksand</loc><changefreq>monthly</changefreq></url>
Klintehamn,Uppsala,425,277,Avståndet mellan Klintehamn och Uppsala är 425 km och Karl-Johan Gyllenstorm beräknade körtiden till cirka 277 minuter.,<url><loc>https://pendlings-app1.t-767929534-cloudflare.workers.dev/?fran=Klintehamn&amp;till=Uppsala</loc><changefreq>monthly</changefreq></url>
Mörbylånga,Storuman,153,113,Avståndet mellan Mörbylånga och Storuman är 153 km och Karl-Johan Gyllenstorm beräknade körtiden till cirka 113 minuter.,<url><loc>https://pendlings-app1.t-767929534-cloudflare.workers.dev/?fran=Mörbylånga&amp;till=Storuman</loc><changefreq>monthly</changefreq></url>
Gullspång,Trosa,104,79,Avståndet mellan Gullspång och Trosa är 104 km och Karl-Johan Gyllenstorm beräknade körtiden till cirka 79 minuter.,<url><loc>https://pendlings-app1.t-767929534-cloudflare.workers.dev/?fran=Gullspång&amp;till=Trosa</loc><changefreq>monthly</changefreq></url>
Mariestad,Övertorneå,654,485,Avståndet mellan Mariestad och Övertorneå är 654 km och Karl-Johan Gyllenstorm beräknade körtiden till cirka 485 minuter.,<url><loc>https://pendlings-app1.t-767929534-cloudflare.workers.dev/?fran=Mariestad&amp;till=Övertorneå</loc><changefreq>monthly</changefreq></url>
Rättvik,Tanum,946,677,Avståndet mellan Rättvik och Tanum är 946 km och Karl-Johan Gyllenstorm beräknade körtiden till cirka 677 minuter.,<url><loc>https://pendlings-app1.t-767929534-cloudflare.workers.dev/?fran=Rättvik&amp;till=Tanum</loc><changefreq>monthly</changefreq></url>
Borgholm,Olofström,205,139,Avståndet mellan Borgholm och Olofström är 205 km och Karl-Johan Gyllenstorm beräknade körtiden till cirka 139 minuter.,<url><loc>https://pendlings-app1.t-767929534-cloudflare.workers.dev/?fran=Borgholm&amp;till=Olofström</loc><changefreq>monthly</changefreq></url>
Gällivare,Gislaved,229,148,Avståndet mellan Gällivare och Gislaved är 229 km och Karl-Johan Gyllenstorm beräknade körtiden till cirka 148 minuter.,<url><loc>https://pendlings-app1.t-767929534-cloudflare.workers.dev/?fran=Gällivare&amp;till=Gislaved</loc><changefreq>monthly</changefreq></url>
Jönköping,Eskilstuna,1287,813,Avståndet mellan Jönköping och Eskilstuna är 1287 km och Karl-Johan Gyllenstorm beräknade körtiden till cirka 813 minuter.,<url><loc>https://pendlings-app1.t-767929534-cloudflare.workers.dev/?fran=Jönköping&amp;till=Eskilstuna</loc><changefreq>monthly</changefreq></url>
Eda,Örkelljunga,859,627,Avståndet mellan Eda och Örkelljunga är 859 km och Karl-Johan Gyllenstorm beräknade körtiden till cirka 627 minuter.,<url><loc>https://pendlings-app1.t-767929534-cloudflare.workers.dev/?fran=Eda&amp;till=Örkelljunga</loc><changefreq>monthly</changefreq></url>
Ludvika,Jönköping,1149,850,Avståndet mellan Ludvika och Jönköping är 1149 km och Karl-Johan Gyllenstorm beräknade körtiden till cirka 850 minuter.,<url><loc>https://pendlings-app1.t-767929534-cloudflare.workers.dev/?fran=Ludvika&amp;till=Jönköping</loc><changefreq>monthly</changefreq></url>
Vellinge,Ljusnarsberg,665,490,Avståndet mellan Vellinge och Ljusnarsberg är 665 km och Karl-Johan Gyllenstorm beräknade körtiden till cirka 490 minuter.,<url><loc>https://pendlings-app1.t-767929534-cloudflare.workers.dev/?fran=Vellinge&amp;till=Ljusnarsberg</loc><changefreq>monthly</changefreq></url>
Karlsborg,Göteborg,858,573,Avståndet mellan Karlsborg och Göteborg är 858 km och Karl-Johan Gyllenstorm beräknade körtiden till cirka 573 minuter.,<url><loc>https://pendlings-app1.t-767929534-cloudflare.workers.dev/?fran=Karlsborg&amp;till=Göteborg</loc><changefreq>monthly</changefreq></url>
Hultsfred,Orsa,910,685,Avståndet mellan Hultsfred och Orsa är 910 km och Karl-Johan Gyllenstorm beräknade körtiden till cirka 685 minuter.,<url><loc>https://pendlings-app1.t-767929534-cloudflare.workers.dev/?fran=Hultsfred&amp;till=Orsa</loc><changefreq>monthly</changefreq></url>
Uddevalla,Ljusnarsberg,650,478,Avståndet mellan Uddevalla och Ljusnarsberg är 650 km och Karl-Johan Gyllenstorm beräknade körtiden till cirka 478 minuter.,<url><loc>https://pendlings-app1.t-767929534-cloudflare.workers.dev/?fran=Uddevalla&amp;till=Ljusnarsberg</loc><changefreq>monthly</changefreq></url>
Charlottenberg,Vingåker,646,501,Avståndet mellan Charlottenberg och Vingåker är 646 km och Karl-Johan Gyllenstorm beräknade körtiden till cirka 501 minuter.,<url><loc>https://pendlings-app1.t-767929534-cloudflare.workers.dev/?fran=Charlottenberg&amp;till=Vingåker</loc><changefreq>monthly</changefreq></url>
Orsa,Lekeberg,1168,780,Avståndet mellan Orsa och Lekeberg är 1168 km och Karl-Johan Gyllenstorm beräknade körtiden till cirka 780 minuter.,<url><loc>https://pendlings-app1.t-767929534-cloudflare.workers.dev/?fran=Orsa&amp;till=Lekeberg</loc><changefreq>monthly</changefreq></url>
Lärbro,Töreboda,401,277,Avståndet mellan Lärbro och Töreboda är 401 km och Karl-Johan Gyllenstorm beräknade körtiden till cirka 277 minuter.,<url><loc>https://pendlings-app1.t-767929534-cloudflare.workers.dev/?fran=Lärbro&amp;till=Töreboda</loc><changefreq>monthly</changefreq></url>
Fårösund,Luleå,226,174,Avståndet mellan Fårösund och Luleå är 226 km och Karl-Johan Gyllenstorm beräknade körtiden till cirka 174 minuter.,<url><loc>https://pendlings-app1.t-767929534-cloudflare.workers.dev/?fran=Fårösund&amp;till=Luleå</loc><changefreq>monthly</changefreq></url>
Vårgårda,Fagersta,1282,835,Avståndet mellan Vårgårda och Fagersta är 1282 km och Karl-Johan Gyllenstorm beräknade körtiden till cirka 835 minuter.,<url><loc>https://pendlings-app1.t-767929534-cloudflare.workers.dev/?fran=Vårgårda&amp;till=Fagersta</loc><changefreq>monthly</changefreq></url>
Örnsköldsvik,Ludvika,1249,933,Avståndet mellan Örnsköldsvik och Ludvika är 1249 km och Karl-Johan Gyllenstorm beräknade körtiden till cirka 933 minuter.,<url><loc>https://pendlings-app1.t-767929534-cloudflare.workers.dev/?fran=Örnsköldsvik&amp;till=Ludvika</loc><changefreq>monthly</changefreq></url>
Herrljunga,Smedjebacken,337,266,Avståndet mellan Herrljunga och Smedjebacken är 337 km och Karl-Johan Gyllenstorm beräknade körtiden till cirka 266 minuter.,<url><loc>https://pendlings-app1.t-767929534-cloudflare.workers.dev/?fran=Herrljunga&amp;till=Smedjebacken</loc><changefreq>monthly</changefreq></url>
Kalix,Tofta,653,442,Avståndet mellan Kalix och Tofta är 653 km och Karl-Johan Gyllenstorm beräknade körtiden till cirka 442 minuter.,<url><loc>https://pendlings-app1.t-767929534-cloudflare.workers.dev/?fran=Kalix&amp;till=Tofta</loc><changefreq>monthly</changefreq></url>
Båstad,Kristianstad,1290,829,Avståndet mellan Båstad och Kristianstad är 1290 km och Karl-Johan Gyllenstorm beräknade körtiden till cirka 829 minuter.,<url><loc>https://pendlings-app1.t-767929534-cloudflare.workers.dev/?fran=Båstad&amp;till=Kristianstad</loc><changefreq>monthly</changefreq></url>
Östersund,Sölvesborg,235,187,Avståndet mellan Östersund och Sölvesborg är 235 km och Karl-Johan Gyllenstorm beräknade körtiden till cirka 187 minuter.,<url><loc>https://pendlings-app1.t-767929534-cloudflare.workers.dev/?fran=Östersund&amp;till=Sölvesborg</loc><changefreq>monthly</changefreq></url>
Kungsbacka,Katrineholm,239,154,Avståndet mellan Kungsbacka och Katrineholm är 239 km och Karl-Johan Gyllenstorm beräknade körtiden till cirka 154 minuter.,<url><loc>https://pendlings-app1.t-767929534-cloudflare.workers.dev/?fran=Kungsbacka&amp;till=Katrineholm</loc><changefreq>monthly</changefreq></url>
Sälen,Bengtsfors,808,512,Avståndet mellan Sälen och Bengtsfors är 808 km och Karl-Johan Gyllenstorm beräknade körtiden till cirka 512 minuter.,<url><loc>https://pendlings-app1.t-767929534-cloudflare.workers.dev/?fran=Sälen&amp;till=Bengtsfors</loc><changefreq>monthly</changefreq></url>
Höganäs,Sölvesborg,804,543,Avståndet mellan Höganäs och Sölvesborg är 804 km och Karl-Johan Gyllenstorm beräknade körtiden till cirka 543 minuter.,<url><loc>https://pendlings-app1.t-767929534-cloudflare.workers.dev/?fran=Höganäs&amp;till=Sölvesborg</loc><changefreq>monthly</changefreq></url>
Falun,Essunga,216,172,Avståndet mellan Falun och Essunga är 216 km och Karl-Johan Gyllenstorm beräknade körtiden till cirka 172 minuter.,<url><loc>https://pendlings-app1.t-767929534-cloudflare.workers.dev/?fran=Falun&amp;till=Essunga</loc><changefreq>monthly</changefreq></url>
Surahammar,Uddevalla,1103,754,Avståndet mellan Surahammar och Uddevalla är 1103 km och Karl-Johan Gyllenstorm beräknade körtiden till cirka 754 minuter.,<url><loc>https://pendlings-app1.t-767929534-cloudflare.workers.dev/?fran=Surahammar&amp;till=Uddevalla</loc><changefreq>monthly</changefreq></url>
Götene,Fårösund,352,239,Avståndet mellan Götene och Fårösund är 352 km och Karl-Johan Gyllenstorm beräknade körtiden till cirka 239 minuter.,<url><loc>https://pendlings-app1.t-767929534-cloudflare.workers.dev/?fran=Götene&amp;till=Fårösund</loc><changefreq>monthly</changefreq></url>
Falkenberg,Sollefteå,299,197,Avståndet mellan Falkenberg och Sollefteå är 299 km och Karl-Johan Gyllenstorm beräknade körtiden till cirka 197 minuter.,<url><loc>https://pendlings-app1.t-767929534-cloudflare.workers.dev/?fran=Falkenberg&amp;till=Sollefteå</loc><changefreq>monthly</changefreq></url>
Stockholm,Storuman,277,200,Avståndet mellan Stockholm och Storuman är 277 km och Karl-Johan Gyllenstorm beräknade körtiden till cirka 200 minuter.,<url><loc>https://pendlings-app1.t-767929534-cloudflare.workers.dev/?fran=Stockholm&amp;till=Storuman</loc><changefreq>monthly</changefreq></url>
Vellinge,Borlänge,314,226,Avståndet mellan Vellinge och Borlänge är 314 km och Karl-Johan Gyllenstorm beräknade körtiden till cirka 226 minuter.,<url><loc>https://pendlings-app1.t-767929534-cloudflare.workers.dev/?fran=Vellinge&amp;till=Borlänge</loc><changefreq>monthly</changefreq></url>
Charlottenberg,Roma,1056,678,Avståndet mellan Charlottenberg och Roma är 1056 km och Karl-Johan Gyllenstorm beräknade körtiden till cirka 678 minuter.,<url><loc>https://pendlings-app1.t-767929534-cloudflare.workers.dev/?fran=Charlottenberg&amp;till=Roma</loc><changefreq>monthly</changefreq></url>
Kävlinge,Sveg,336,227,Avståndet mellan Kävlinge och Sveg är 336 km och Karl-Johan Gyllenstorm beräknade körtiden till cirka 227 minuter.,<url><loc>https://pendlings-app1.t-767929534-cloudflare.workers.dev/?fran=Kävlinge&amp;till=Sveg</loc><changefreq>monthly</changefreq></url>
Kalix,Tibro,1321,869,Avståndet mellan Kalix och Tibro är 1321 km och Karl-Johan Gyllenstorm beräknade körtiden till cirka 869 minuter.,<url><loc>https://pendlings-app1.t-767929534-cloudflare.workers.dev/?fran=Kalix&amp;till=Tibro</loc><changefreq>monthly</changefreq></url>
Lund,Sjöbo,753,483,Avståndet mellan Lund och Sjöbo är 753 km och Karl-Johan Gyllenstorm beräknade körtiden till cirka 483 minuter.,<url><loc>https://pendlings-app1.t-767929534-cloudflare.workers.dev/?fran=Lund&amp;till=Sjöbo</loc><changefreq>monthly</changefreq></url>
Arboga,Fårösund,848,649,Avståndet mellan Arboga och Fårösund är 848 km och Karl-Johan Gyllenstorm beräknade körtiden till cirka 649 minuter.,<url><loc>https://pendlings-app1.t-767929534-cloudflare.workers.dev/?fran=Arboga&amp;till=Fårösund</loc><changefreq>monthly</changefreq></url>
Lysekil,Katrineholm,805,527,Avståndet mellan Lysekil och Katrineholm är 805 km och Karl-Johan Gyllenstorm beräknade körtiden till cirka 527 minuter.,<url><loc>https://pendlings-app1.t-767929534-cloudflare.workers.dev/?fran=Lysekil&amp;till=Katrineholm</loc><changefreq>monthly</changefreq></url>
Sjöbo,Orsa,1189,788,Avståndet mellan Sjöbo och Orsa är 1189 km och Karl-Johan Gyllenstorm beräknade körtiden till cirka 788 minuter.,<url><loc>https://pendlings-app1.t-767929534-cloudflare.workers.dev/?fran=Sjöbo&amp;till=Orsa</loc><changefreq>monthly</changefreq></url>
Åtvidaberg,Bålsta,324,257,Avståndet mellan Åtvidaberg och Bålsta är 324 km och Karl-Johan Gyllenstorm beräknade körtiden till cirka 257 minuter.,<url><loc>https://pendlings-app1.t-767929534-cloudflare.workers.dev/?fran=Åtvidaberg&amp;till=Bålsta</loc><changefreq>monthly</changefreq></url>
Töreboda,Örnsköldsvik,421,288,Avståndet mellan Töreboda och Örnsköldsvik är 421 km och Karl-Johan Gyllenstorm beräknade körtiden till cirka 288 minuter.,<url><loc>https://pendlings-app1.t-767929534-cloudflare.workers.dev/?fran=Töreboda&amp;till=Örnsköldsvik</loc><changefreq>monthly</changefreq></url>
Hörby,Filipstad,1041,722,Avståndet mellan Hörby och Filipstad är 1041 km och Karl-Johan Gyllenstorm beräknade körtiden till cirka 722 minuter.,<url><loc>https://pendlings-app1.t-767929534-cloudflare.workers.dev/?fran=Hörby&amp;till=Filipstad</loc><changefreq>monthly</changefreq></url>
Ockelbo,Uppsala,201,134,Avståndet mellan Ockelbo och Uppsala är 201 km och Karl-Johan Gyllenstorm beräknade körtiden till cirka 134 minuter.,<url><loc>https://pendlings-app1.t-767929534-cloudflare.workers.dev/?fran=Ockelbo&amp;till=Uppsala</loc><changefreq>monthly</changefreq></url>
Örebro,Askersund,47,34,Avståndet mellan Örebro och Askersund är 47 km och Karl-Johan Gyllenstorm beräknade körtiden till cirka 34 minuter.,<url><loc>https://pendlings-app1.t-767929534-cloudflare.workers.dev/?fran=Örebro&amp;till=Askersund</loc><changefreq>monthly</changefreq></url>
Härnösand,Älvkarleby,496,383,Avståndet mellan Härnösand och Älvkarleby är 496 km och Karl-Johan Gyllenstorm beräknade körtiden till cirka 383 minuter.,<url><loc>https://pendlings-app1.t-767929534-cloudflare.workers.dev/?fran=Härnösand&amp;till=Älvkarleby</loc><changefreq>monthly</changefreq></url>
Hedemora,Emmaboda,1323,905,Avståndet mellan Hedemora och Emmaboda är 1323 km och Karl-Johan Gyllenstorm beräknade körtiden till cirka 905 minuter.,<url><loc>https://pendlings-app1.t-767929534-cloudflare.workers.dev/?fran=Hedemora&amp;till=Emmaboda</loc><changefreq>monthly</changefreq></url>
Göteborg,Aneby,1322,967,Avståndet mellan Göteborg och Aneby är 1322 km och Karl-Johan Gyllenstorm beräknade körtiden till cirka 967 minuter.,<url><loc>https://pendlings-app1.t-767929534-cloudflare.workers.dev/?fran=Göteborg&amp;till=Aneby</loc><changefreq>monthly</changefreq></url>
Storfors,Karlskoga,290,193,Avståndet mellan Storfors och Karlskoga är 290 km och Karl-Johan Gyllenstorm beräknade körtiden till cirka 193 minuter.,<url><loc>https://pendlings-app1.t-767929534-cloudflare.workers.dev/?fran=Storfors&amp;till=Karlskoga</loc><changefreq>monthly</changefreq></url>
Östersund,Nora,1153,790,Avståndet mellan Östersund och Nora är 1153 km och Karl-Johan Gyllenstorm beräknade körtiden till cirka 790 minuter.,<url><loc>https://pendlings-app1.t-767929534-cloudflare.workers.dev/?fran=Östersund&amp;till=Nora</loc><changefreq>monthly</changefreq></url>
Strängnäs,Eskilstuna,125,84,Avståndet mellan Strängnäs och Eskilstuna är 125 km och Karl-Johan Gyllenstorm beräknade körtiden till cirka 84 minuter.,<url><loc>https://pendlings-app1.t-767929534-cloudflare.workers.dev/?fran=Strängnäs&amp;till=Eskilstuna</loc><changefreq>monthly</changefreq></url>
Älvsbyn,Lidköping,348,268,Avståndet mellan Älvsbyn och Lidköping är 348 km och Karl-Johan Gyllenstorm beräknade körtiden till cirka 268 minuter.,<url><loc>https://pendlings-app1.t-767929534-cloudflare.workers.dev/?fran=Älvsbyn&amp;till=Lidköping</loc><changefreq>monthly</changefreq></url>
Arvika,Tierp,120,76,Avståndet mellan Arvika och Tierp är 120 km och Karl-Johan Gyllenstorm beräknade körtiden till cirka 76 minuter.,<url><loc>https://pendlings-app1.t-767929534-cloudflare.workers.dev/?fran=Arvika&amp;till=Tierp</loc><changefreq>monthly</changefreq></url>
Trelleborg,Lomma,1378,981,Avståndet mellan Trelleborg och Lomma är 1378 km och Karl-Johan Gyllenstorm beräknade körtiden till cirka 981 minuter.,<url><loc>https://pendlings-app1.t-767929534-cloudflare.workers.dev/?fran=Trelleborg&amp;till=Lomma</loc><changefreq>monthly</changefreq></url>
Örebro,Borås,572,398,Avståndet mellan Örebro och Borås är 572 km och Karl-Johan Gyllenstorm beräknade körtiden till cirka 398 minuter.,<url><loc>https://pendlings-app1.t-767929534-cloudflare.workers.dev/?fran=Örebro&amp;till=Borås</loc><changefreq>monthly</changefreq></url>
Hallsberg,Eda,1285,908,Avståndet mellan Hallsberg och Eda är 1285 km och Karl-Johan Gyllenstorm beräknade körtiden till cirka 908 minuter.,<url><loc>https://pendlings-app1.t-767929534-cloudflare.workers.dev/?fran=Hallsberg&amp;till=Eda</loc><changefreq>monthly</changefreq></url>
Skövde,Åsele,288,216,Avståndet mellan Skövde och Åsele är 288 km och Karl-Johan Gyllenstorm beräknade körtiden till cirka 216 minuter.,<url><loc>https://pendlings-app1.t-767929534-cloudflare.workers.dev/?fran=Skövde&amp;till=Åsele</loc><changefreq>monthly</changefreq></url>
Ystad,Bollnäs,416,290,Avståndet mellan Ystad och Bollnäs är 416 km och Karl-Johan Gyllenstorm beräknade körtiden till cirka 290 minuter.,<url><loc>https://pendlings-app1.t-767929534-cloudflare.workers.dev/?fran=Ystad&amp;till=Bollnäs</loc><changefreq>monthly</changefreq></url>
Kungsbacka,Tanum,275,212,Avståndet mellan Kungsbacka och Tanum är 275 km och Karl-Johan Gyllenstorm beräknade körtiden till cirka 212 minuter.,<url><loc>https://pendlings-app1.t-767929534-cloudflare.workers.dev/?fran=Kungsbacka&amp;till=Tanum</loc><changefreq>monthly</changefreq></url>
Leksand,Älvsbyn,741,579,Avståndet mellan Leksand och Älvsbyn är 741 km och Karl-Johan Gyllenstorm beräknade körtiden till cirka 579 minuter.,<url><loc>https://pendlings-app1.t-767929534-cloudflare.workers.dev/?fran=Leksand&amp;till=Älvsbyn</loc><changefreq>monthly</changefreq></url>
Mönsterås,Degerfors,710,541,Avståndet mellan Mönsterås och Degerfors är 710 km och Karl-Johan Gyllenstorm beräknade körtiden till cirka 541 minuter.,<url><loc>https://pendlings-app1.t-767929534-cloudflare.workers.dev/?fran=Mönsterås&amp;till=Degerfors</loc><changefreq>monthly</changefreq></url>
Smedjebacken,Lycksele,116,85,Avståndet mellan Smedjebacken och Lycksele är 116 km och Karl-Johan Gyllenstorm beräknade körtiden till cirka 85 minuter.,<url><loc>https://pendlings-app1.t-767929534-cloudflare.workers.dev/?fran=Smedjebacken&amp;till=Lycksele</loc><changefreq>monthly</changefreq></url>
Färjestaden,Umeå,1073,695,Avståndet mellan Färjestaden och Umeå är 1073 km och Karl-Johan Gyllenstorm beräknade körtiden till cirka 695 minuter.,<url><loc>https://pendlings-app1.t-767929534-cloudflare.workers.dev/?fran=Färjestaden&amp;till=Umeå</loc><changefreq>monthly</changefreq></url>
Övertorneå,Södertälje,1340,1065,Avståndet mellan Övertorneå och Södertälje är 1340 km och Karl-Johan Gyllenstorm beräknade körtiden till cirka 1065 minuter.,<url><loc>https://pendlings-app1.t-767929534-cloudflare.workers.dev/?fran=Övertorneå&amp;till=Södertälje</loc><changefreq>monthly</changefreq></url>
Härnösand,Fårösund,326,210,Avståndet mellan Härnösand och Fårösund är 326 km och Karl-Johan Gyllenstorm beräknade körtiden till cirka 210 minuter.,<url><loc>https://pendlings-app1.t-767929534-cloudflare.workers.dev/?fran=Härnösand&amp;till=Fårösund</loc><changefreq>monthly</changefreq></url>
Malå,Karlskoga,1081,782,Avståndet mellan Malå och Karlskoga är 1081 km och Karl-Johan Gyllenstorm beräknade körtiden till cirka 782 minuter.,<url><loc>https://pendlings-app1.t-767929534-cloudflare.workers.dev/?fran=Malå&amp;till=Karlskoga</loc><changefreq>monthly</changefreq></url>
Arvika,Bengtsfors,803,635,Avståndet mellan Arvika och Bengtsfors är 803 km och Karl-Johan Gyllenstorm beräknade körtiden till cirka 635 minuter.,<url><loc>https://pendlings-app1.t-767929534-cloudflare.workers.dev/?fran=Arvika&amp;till=Bengtsfors</loc><changefreq>monthly</changefreq></url>
Örkelljunga,Eslöv,1156,918,Avståndet mellan Örkelljunga och Eslöv är 1156 km och Karl-Johan Gyllenstorm beräknade körtiden till cirka 918 minuter.,<url><loc>https://pendlings-app1.t-767929534-cloudflare.workers.dev/?fran=Örkelljunga&amp;till=Eslöv</loc><changefreq>monthly</changefreq></url>
Svalöv,Nybro,397,297,Avståndet mellan Svalöv och Nybro är 397 km och Karl-Johan Gyllenstorm beräknade körtiden till cirka 297 minuter.,<url><loc>https://pendlings-app1.t-767929534-cloudflare.workers.dev/?fran=Svalöv&amp;till=Nybro</loc><changefreq>monthly</changefreq></url>
Degerfors,Norrköping,882,584,Avståndet mellan Degerfors och Norrköping är 882 km och Karl-Johan Gyllenstorm beräknade körtiden till cirka 584 minuter.,<url><loc>https://pendlings-app1.t-767929534-cloudflare.workers.dev/?fran=Degerfors&amp;till=Norrköping</loc><changefreq>monthly</changefreq></url>
Övertorneå,Mora,640,414,Avståndet mellan Övertorneå och Mora är 640 km och Karl-Johan Gyllenstorm beräknade körtiden till cirka 414 minuter.,<url><loc>https://pendlings-app1.t-767929534-cloudflare.workers.dev/?fran=Övertorneå&amp;till=Mora</loc><changefreq>monthly</changefreq></url>
Vansbro,Södertälje,564,403,Avståndet mellan Vansbro och Södertälje är 564 km och Karl-Johan Gyllenstorm beräknade körtiden till cirka 403 minuter.,<url><loc>https://pendlings-app1.t-767929534-cloudflare.workers.dev/?fran=Vansbro&amp;till=Södertälje</loc><changefreq>monthly</changefreq></url>
Lomma,Strömsund,842,569,Avståndet mellan Lomma och Strömsund är 842 km och Karl-Johan Gyllenstorm beräknade körtiden till cirka 569 minuter.,<url><loc>https://pendlings-app1.t-767929534-cloudflare.workers.dev/?fran=Lomma&amp;till=Strömsund</loc><changefreq>monthly</changefreq></url>
Charlottenberg,Skurup,1268,807,Avståndet mellan Charlottenberg och Skurup är 1268 km och Karl-Johan Gyllenstorm beräknade körtiden till cirka 807 minuter.,<url><loc>https://pendlings-app1.t-767929534-cloudflare.workers.dev/?fran=Charlottenberg&amp;till=Skurup</loc><changefreq>monthly</changefreq></url>
Umeå,Tibro,110,74,Avståndet mellan Umeå och Tibro är 110 km och Karl-Johan Gyllenstorm beräknade körtiden till cirka 74 minuter.,<url><loc>https://pendlings-app1.t-767929534-cloudflare.workers.dev/?fran=Umeå&amp;till=Tibro</loc><changefreq>monthly</changefreq></url>
Mellerud,Kils,72,54,Avståndet mellan Mellerud och Kils är 72 km och Karl-Johan Gyllenstorm beräknade körtiden till cirka 54 minuter.,<url><loc>https://pendlings-app1.t-767929534-cloudflare.workers.dev/?fran=Mellerud&amp;till=Kils</loc><changefreq>monthly</changefreq></url>
Emmaboda,Visby,195,133,Avståndet mellan Emmaboda och Visby är 195 km och Karl-Johan Gyllenstorm beräknade körtiden till cirka 133 minuter.,<url><loc>https://pendlings-app1.t-767929534-cloudflare.workers.dev/?fran=Emmaboda&amp;till=Visby</loc><changefreq>monthly</changefreq></url>
Malå,Stånga,1221,861,Avståndet mellan Malå och Stånga är 1221 km och Karl-Johan Gyllenstorm beräknade körtiden till cirka 861 minuter.,<url><loc>https://pendlings-app1.t-767929534-cloudflare.workers.dev/?fran=Malå&amp;till=Stånga</loc><changefreq>monthly</changefreq></url>
Färjestaden,Osby,917,664,Avståndet mellan Färjestaden och Osby är 917 km och Karl-Johan Gyllenstorm beräknade körtiden till cirka 664 minuter.,<url><loc>https://pendlings-app1.t-767929534-cloudflare.workers.dev/?fran=Färjestaden&amp;till=Osby</loc><changefreq>monthly</changefreq></url>
Högsby,Enköping,1433,1072,Avståndet mellan Högsby och Enköping är 1433 km och Karl-Johan Gyllenstorm beräknade körtiden till cirka 1072 minuter.,<url><loc>https://pendlings-app1.t-767929534-cloudflare.workers.dev/?fran=Högsby&amp;till=Enköping</loc><changefreq>monthly</changefreq></url>
Göteborg,Örnsköldsvik,97,76,Avståndet mellan Göteborg och Örnsköldsvik är 97 km och Karl-Johan Gyllenstorm beräknade körtiden till cirka 76 minuter.,<url><loc>https://pendlings-app1.t-767929534-cloudflare.workers.dev/?fran=Göteborg&amp;till=Örnsköldsvik</loc><changefreq>monthly</changefreq></url>
Ljusnarsberg,Bjuv,821,604,Avståndet mellan Ljusnarsberg och Bjuv är 821 km och Karl-Johan Gyllenstorm beräknade körtiden till cirka 604 minuter.,<url><loc>https://pendlings-app1.t-767929534-cloudflare.workers.dev/?fran=Ljusnarsberg&amp;till=Bjuv</loc><changefreq>monthly</changefreq></url>
Skellefteå,Gullspång,750,538,Avståndet mellan Skellefteå och Gullspång är 750 km och Karl-Johan Gyllenstorm beräknade körtiden till cirka 538 minuter.,<url><loc>https://pendlings-app1.t-767929534-cloudflare.workers.dev/?fran=Skellefteå&amp;till=Gullspång</loc><changefreq>monthly</changefreq></url>
Staffanstorp,Kumla,300,227,Avståndet mellan Staffanstorp och Kumla är 300 km och Karl-Johan Gyllenstorm beräknade körtiden till cirka 227 minuter.,<url><loc>https://pendlings-app1.t-767929534-cloudflare.workers.dev/?fran=Staffanstorp&amp;till=Kumla</loc><changefreq>monthly</changefreq></url>
Vingåker,Gnosjö,1169,827,Avståndet mellan Vingåker och Gnosjö är 1169 km och Karl-Johan Gyllenstorm beräknade körtiden till cirka 827 minuter.,<url><loc>https://pendlings-app1.t-767929534-cloudflare.workers.dev/?fran=Vingåker&amp;till=Gnosjö</loc><changefreq>monthly</changefreq></url>
Ånge,Kumla,1066,684,Avståndet mellan Ånge och Kumla är 1066 km och Karl-Johan Gyllenstorm beräknade körtiden till cirka 684 minuter.,<url><loc>https://pendlings-app1.t-767929534-cloudflare.workers.dev/?fran=Ånge&amp;till=Kumla</loc><changefreq>monthly</changefreq></url>
Mora,Ockelbo,931,624,Avståndet mellan Mora och Ockelbo är 931 km och Karl-Johan Gyllenstorm beräknade körtiden till cirka 624 minuter.,<url><loc>https://pendlings-app1.t-767929534-cloudflare.workers.dev/?fran=Mora&amp;till=Ockelbo</loc><changefreq>monthly</changefreq></url>
Arvidsjaur,Växjö,805,589,Avståndet mellan Arvidsjaur och Växjö är 805 km och Karl-Johan Gyllenstorm beräknade körtiden till cirka 589 minuter.,<url><loc>https://pendlings-app1.t-767929534-cloudflare.workers.dev/?fran=Arvidsjaur&amp;till=Växjö</loc><changefreq>monthly</changefreq></url>
Eslöv,Säffle,1281,879,Avståndet mellan Eslöv och Säffle är 1281 km och Karl-Johan Gyllenstorm beräknade körtiden till cirka 879 minuter.,<url><loc>https://pendlings-app1.t-767929534-cloudflare.workers.dev/?fran=Eslöv&amp;till=Säffle</loc><changefreq>monthly</changefreq></url>
Malå,Vara,511,401,Avståndet mellan Malå och Vara är 511 km och Karl-Johan Gyllenstorm beräknade körtiden till cirka 401 minuter.,<url><loc>https://pendlings-app1.t-767929534-cloudflare.workers.dev/?fran=Malå&amp;till=Vara</loc><changefreq>monthly</changefreq></url>
Sveg,Burgsvik,822,559,Avståndet mellan Sveg och Burgsvik är 822 km och Karl-Johan Gyllenstorm beräknade körtiden till cirka 559 minuter.,<url><loc>https://pendlings-app1.t-767929534-cloudflare.workers.dev/?fran=Sveg&amp;till=Burgsvik</loc><changefreq>monthly</changefreq></url>
Köping,Katrineholm,132,95,Avståndet mellan Köping och Katrineholm är 132 km och Karl-Johan Gyllenstorm beräknade körtiden till cirka 95 minuter.,<url><loc>https://pendlings-app1.t-767929534-cloudflare.workers.dev/?fran=Köping&amp;till=Katrineholm</loc><changefreq>monthly</changefreq></url>
Östersund,Umeå,287,186,Avståndet mellan Östersund och Umeå är 287 km och Karl-Johan Gyllenstorm beräknade körtiden till cirka 186 minuter.,<url><loc>https://pendlings-app1.t-767929534-cloudflare.workers.dev/?fran=Östersund&amp;till=Umeå</loc><changefreq>monthly</changefreq></url>
Kopparberg,Hagfors,307,201,Avståndet mellan Kopparberg och Hagfors är 307 km och Karl-Johan Gyllenstorm beräknade körtiden till cirka 201 minuter.,<url><loc>https://pendlings-app1.t-767929534-cloudflare.workers.dev/?fran=Kopparberg&amp;till=Hagfors</loc><changefreq>monthly</changefreq></url>
Karlskoga,Ronneby,72,47,Avståndet mellan Karlskoga och Ronneby är 72 km och Karl-Johan Gyllenstorm beräknade körtiden till cirka 47 minuter.,<url><loc>https://pendlings-app1.t-767929534-cloudflare.workers.dev/?fran=Karlskoga&amp;till=Ronneby</loc><changefreq>monthly</changefreq></url>
Tranås,Sölvesborg,225,148,Avståndet mellan Tranås och Sölvesborg är 225 km och Karl-Johan Gyllenstorm beräknade körtiden till cirka 148 minuter.,<url><loc>https://pendlings-app1.t-767929534-cloudflare.workers.dev/?fran=Tranås&amp;till=Sölvesborg</loc><changefreq>monthly</changefreq></url>
Kalix,Åtvidaberg,421,293,Avståndet mellan Kalix och Åtvidaberg är 421 km och Karl-Johan Gyllenstorm beräknade körtiden till cirka 293 minuter.,<url><loc>https://pendlings-app1.t-767929534-cloudflare.workers.dev/?fran=Kalix&amp;till=Åtvidaberg</loc><changefreq>monthly</changefreq></url>
Eslöv,Sjöbo,43,28,Avståndet mellan Eslöv och Sjöbo är 43 km och Karl-Johan Gyllenstorm beräknade körtiden till cirka 28 minuter.,<url><loc>https://pendlings-app1.t-767929534-cloudflare.workers.dev/?fran=Eslöv&amp;till=Sjöbo</loc><changefreq>monthly</changefreq></url>
Essunga,Sölvesborg,1012,663,Avståndet mellan Essunga och Sölvesborg är 1012 km och Karl-Johan Gyllenstorm beräknade körtiden till cirka 663 minuter.,<url><loc>https://pendlings-app1.t-767929534-cloudflare.workers.dev/?fran=Essunga&amp;till=Sölvesborg</loc><changefreq>monthly</changefreq></url>
Åmål,Örnsköldsvik,592,402,Avståndet mellan Åmål och Örnsköldsvik är 592 km och Karl-Johan Gyllenstorm beräknade körtiden till cirka 402 minuter.,<url><loc>https://pendlings-app1.t-767929534-cloudflare.workers.dev/?fran=Åmål&amp;till=Örnsköldsvik</loc><changefreq>monthly</changefreq></url>
Fårösund,Vänersborg,940,606,Avståndet mellan Fårösund och Vänersborg är 940 km och Karl-Johan Gyllenstorm beräknade körtiden till cirka 606 minuter.,<url><loc>https://pendlings-app1.t-767929534-cloudflare.workers.dev/?fran=Fårösund&amp;till=Vänersborg</loc><changefreq>monthly</changefreq></url>
Boden,Malå,188,125,Avståndet mellan Boden och Malå är 188 km och Karl-Johan Gyllenstorm beräknade körtiden till cirka 125 minuter.,<url><loc>https://pendlings-app1.t-767929534-cloudflare.workers.dev/?fran=Boden&amp;till=Malå</loc><changefreq>monthly</changefreq></url>
Fagersta,Bromölla,1285,1024,Avståndet mellan Fagersta och Bromölla är 1285 km och Karl-Johan Gyllenstorm beräknade körtiden till cirka 1024 minuter.,<url><loc>https://pendlings-app1.t-767929534-cloudflare.workers.dev/?fran=Fagersta&amp;till=Bromölla</loc><changefreq>monthly</changefreq></url>
Skurup,Håbo,1067,850,Avståndet mellan Skurup och Håbo är 1067 km och Karl-Johan Gyllenstorm beräknade körtiden till cirka 850 minuter.,<url><loc>https://pendlings-app1.t-767929534-cloudflare.workers.dev/?fran=Skurup&amp;till=Håbo</loc><changefreq>monthly</changefreq></url>
Simrishamn,Mjölby,699,542,Avståndet mellan Simrishamn och Mjölby är 699 km och Karl-Johan Gyllenstorm beräknade körtiden till cirka 542 minuter.,<url><loc>https://pendlings-app1.t-767929534-cloudflare.workers.dev/?fran=Simrishamn&amp;till=Mjölby</loc><changefreq>monthly</changefreq></url>
Östersund,Osby,550,358,Avståndet mellan Östersund och Osby är 550 km och Karl-Johan Gyllenstorm beräknade körtiden till cirka 358 minuter.,<url><loc>https://pendlings-app1.t-767929534-cloudflare.workers.dev/?fran=Östersund&amp;till=Osby</loc><changefreq>monthly</changefreq></url>
Hjo,Ronehamn,1092,755,Avståndet mellan Hjo och Ronehamn är 1092 km och Karl-Johan Gyllenstorm beräknade körtiden till cirka 755 minuter.,<url><loc>https://pendlings-app1.t-767929534-cloudflare.workers.dev/?fran=Hjo&amp;till=Ronehamn</loc><changefreq>monthly</changefreq></url>
Falun,Hudiksvall,685,459,Avståndet mellan Falun och Hudiksvall är 685 km och Karl-Johan Gyllenstorm beräknade körtiden till cirka 459 minuter.,<url><loc>https://pendlings-app1.t-767929534-cloudflare.workers.dev/?fran=Falun&amp;till=Hudiksvall</loc><changefreq>monthly</changefreq></url>
Älvdalen,Trollhättan,1172,897,Avståndet mellan Älvdalen och Trollhättan är 1172 km och Karl-Johan Gyllenstorm beräknade körtiden till cirka 897 minuter.,<url><loc>https://pendlings-app1.t-767929534-cloudflare.workers.dev/?fran=Älvdalen&amp;till=Trollhättan</loc><changefreq>monthly</changefreq></url>
Kramfors,Lycksele,1191,884,Avståndet mellan Kramfors och Lycksele är 1191 km och Karl-Johan Gyllenstorm beräknade körtiden till cirka 884 minuter.,<url><loc>https://pendlings-app1.t-767929534-cloudflare.workers.dev/?fran=Kramfors&amp;till=Lycksele</loc><changefreq>monthly</changefreq></url>
Kristianstad,Herrljunga,175,121,Avståndet mellan Kristianstad och Herrljunga är 175 km och Karl-Johan Gyllenstorm beräknade körtiden till cirka 121 minuter.,<url><loc>https://pendlings-app1.t-767929534-cloudflare.workers.dev/?fran=Kristianstad&amp;till=Herrljunga</loc><changefreq>monthly</changefreq></url>
Nordanstig,Älvdalen,274,205,Avståndet mellan Nordanstig och Älvdalen är 274 km och Karl-Johan Gyllenstorm beräknade körtiden till cirka 205 minuter.,<url><loc>https://pendlings-app1.t-767929534-cloudflare.workers.dev/?fran=Nordanstig&amp;till=Älvdalen</loc><changefreq>monthly</changefreq></url>
Falun,Skutskär,1178,789,Avståndet mellan Falun och Skutskär är 1178 km och Karl-Johan Gyllenstorm beräknade körtiden till cirka 789 minuter.,<url><loc>https://pendlings-app1.t-767929534-cloudflare.workers.dev/?fran=Falun&amp;till=Skutskär</loc><changefreq>monthly</changefreq></url>
Lekeberg,Hedemora,765,576,Avståndet mellan Lekeberg och Hedemora är 765 km och Karl-Johan Gyllenstorm beräknade körtiden till cirka 576 minuter.,<url><loc>https://pendlings-app1.t-767929534-cloudflare.workers.dev/?fran=Lekeberg&amp;till=Hedemora</loc><changefreq>monthly</changefreq></url>
Landskrona,Hässleholm,927,717,Avståndet mellan Landskrona och Hässleholm är 927 km och Karl-Johan Gyllenstorm beräknade körtiden till cirka 717 minuter.,<url><loc>https://pendlings-app1.t-767929534-cloudflare.workers.dev/?fran=Landskrona&amp;till=Hässleholm</loc><changefreq>monthly</changefreq></url>
Eskilstuna,Ronneby,515,356,Avståndet mellan Eskilstuna och Ronneby är 515 km och Karl-Johan Gyllenstorm beräknade körtiden till cirka 356 minuter.,<url><loc>https://pendlings-app1.t-767929534-cloudflare.workers.dev/?fran=Eskilstuna&amp;till=Ronneby</loc><changefreq>monthly</changefreq></url>
Töreboda,Ödeshög,215,137,Avståndet mellan Töreboda och Ödeshög är 215 km och Karl-Johan Gyllenstorm beräknade körtiden till cirka 137 minuter.,<url><loc>https://pendlings-app1.t-767929534-cloudflare.workers.dev/?fran=Töreboda&amp;till=Ödeshög</loc><changefreq>monthly</changefreq></url>
Ydre,Boden,862,612,Avståndet mellan Ydre och Boden är 862 km och Karl-Johan Gyllenstorm beräknade körtiden till cirka 612 minuter.,<url><loc>https://pendlings-app1.t-767929534-cloudflare.workers.dev/?fran=Ydre&amp;till=Boden</loc><changefreq>monthly</changefreq></url>
Sälen,Falköping,1334,1051,Avståndet mellan Sälen och Falköping är 1334 km och Karl-Johan Gyllenstorm beräknade körtiden till cirka 1051 minuter.,<url><loc>https://pendlings-app1.t-767929534-cloudflare.workers.dev/?fran=Sälen&amp;till=Falköping</loc><changefreq>monthly</changefreq></url>
Kristinehamn,Flen,1180,867,Avståndet mellan Kristinehamn och Flen är 1180 km och Karl-Johan Gyllenstorm beräknade körtiden till cirka 867 minuter.,<url><loc>https://pendlings-app1.t-767929534-cloudflare.workers.dev/?fran=Kristinehamn&amp;till=Flen</loc><changefreq>monthly</changefreq></url>
Malmö,Vibble,477,369,Avståndet mellan Malmö och Vibble är 477 km och Karl-Johan Gyllenstorm beräknade körtiden till cirka 369 minuter.,<url><loc>https://pendlings-app1.t-767929534-cloudflare.workers.dev/?fran=Malmö&amp;till=Vibble</loc><changefreq>monthly</changefreq></url>
Höör,Bräcke,831,587,Avståndet mellan Höör och Bräcke är 831 km och Karl-Johan Gyllenstorm beräknade körtiden till cirka 587 minuter.,<url><loc>https://pendlings-app1.t-767929534-cloudflare.workers.dev/?fran=Höör&amp;till=Bräcke</loc><changefreq>monthly</changefreq></url>
Karlshamn,Trollhättan,1164,872,Avståndet mellan Karlshamn och Trollhättan är 1164 km och Karl-Johan Gyllenstorm beräknade körtiden till cirka 872 minuter.,<url><loc>https://pendlings-app1.t-767929534-cloudflare.workers.dev/?fran=Karlshamn&amp;till=Trollhättan</loc><changefreq>monthly</changefreq></url>
Eksjö,Strömstad,1070,712,Avståndet mellan Eksjö och Strömstad är 1070 km och Karl-Johan Gyllenstorm beräknade körtiden till cirka 712 minuter.,<url><loc>https://pendlings-app1.t-767929534-cloudflare.workers.dev/?fran=Eksjö&amp;till=Strömstad</loc><changefreq>monthly</changefreq></url>
Laholm,Trelleborg,852,560,Avståndet mellan Laholm och Trelleborg är 852 km och Karl-Johan Gyllenstorm beräknade körtiden till cirka 560 minuter.,<url><loc>https://pendlings-app1.t-767929534-cloudflare.workers.dev/?fran=Laholm&amp;till=Trelleborg</loc><changefreq>monthly</changefreq></url>
Vara,Sundsvall,1107,738,Avståndet mellan Vara och Sundsvall är 1107 km och Karl-Johan Gyllenstorm beräknade körtiden till cirka 738 minuter.,<url><loc>https://pendlings-app1.t-767929534-cloudflare.workers.dev/?fran=Vara&amp;till=Sundsvall</loc><changefreq>monthly</changefreq></url>
Tingstäde,Roma,872,571,Avståndet mellan Tingstäde och Roma är 872 km och Karl-Johan Gyllenstorm beräknade körtiden till cirka 571 minuter.,<url><loc>https://pendlings-app1.t-767929534-cloudflare.workers.dev/?fran=Tingstäde&amp;till=Roma</loc><changefreq>monthly</changefreq></url>
Strömstad,Lindesberg,704,511,Avståndet mellan Strömstad och Lindesberg är 704 km och Karl-Johan Gyllenstorm beräknade körtiden till cirka 511 minuter.,<url><loc>https://pendlings-app1.t-767929534-cloudflare.workers.dev/?fran=Strömstad&amp;till=Lindesberg</loc><changefreq>monthly</changefreq></url>
Tierp,Svedala,1378,1060,Avståndet mellan Tierp och Svedala är 1378 km och Karl-Johan Gyllenstorm beräknade körtiden till cirka 1060 minuter.,<url><loc>https://pendlings-app1.t-767929534-cloudflare.workers.dev/?fran=Tierp&amp;till=Svedala</loc><changefreq>monthly</changefreq></url>
Rättvik,Alingsås,366,267,Avståndet mellan Rättvik och Alingsås är 366 km och Karl-Johan Gyllenstorm beräknade körtiden till cirka 267 minuter.,<url><loc>https://pendlings-app1.t-767929534-cloudflare.workers.dev/?fran=Rättvik&amp;till=Alingsås</loc><changefreq>monthly</changefreq></url>
Grums,Härjedalen,1383,885,Avståndet mellan Grums och Härjedalen är 1383 km och Karl-Johan Gyllenstorm beräknade körtiden till cirka 885 minuter.,<url><loc>https://pendlings-app1.t-767929534-cloudflare.workers.dev/?fran=Grums&amp;till=Härjedalen</loc><changefreq>monthly</changefreq></url>
Sundsvall,Skövde,1120,761,Avståndet mellan Sundsvall och Skövde är 1120 km och Karl-Johan Gyllenstorm beräknade körtiden till cirka 761 minuter.,<url><loc>https://pendlings-app1.t-767929534-cloudflare.workers.dev/?fran=Sundsvall&amp;till=Skövde</loc><changefreq>monthly</changefreq></url>
Eda,Grums,350,246,Avståndet mellan Eda och Grums är 350 km och Karl-Johan Gyllenstorm beräknade körtiden till cirka 246 minuter.,<url><loc>https://pendlings-app1.t-767929534-cloudflare.workers.dev/?fran=Eda&amp;till=Grums</loc><changefreq>monthly</changefreq></url>
Dorotea,Höganäs,362,243,Avståndet mellan Dorotea och Höganäs är 362 km och Karl-Johan Gyllenstorm beräknade körtiden till cirka 243 minuter.,<url><loc>https://pendlings-app1.t-767929534-cloudflare.workers.dev/?fran=Dorotea&amp;till=Höganäs</loc><changefreq>monthly</changefreq></url>
Hemse,Härjedalen,28,19,Avståndet mellan Hemse och Härjedalen är 28 km och Karl-Johan Gyllenstorm beräknade körtiden till cirka 19 minuter.,<url><loc>https://pendlings-app1.t-767929534-cloudflare.workers.dev/?fran=Hemse&amp;till=Härjedalen</loc><changefreq>monthly</changefreq></url>
Hagfors,Hemse,251,176,Avståndet mellan Hagfors och Hemse är 251 km och Karl-Johan Gyllenstorm beräknade körtiden till cirka 176 minuter.,<url><loc>https://pendlings-app1.t-767929534-cloudflare.workers.dev/?fran=Hagfors&amp;till=Hemse</loc><changefreq>monthly</changefreq></url>
Kalix,Perstorp,340,255,Avståndet mellan Kalix och Perstorp är 340 km och Karl-Johan Gyllenstorm beräknade körtiden till cirka 255 minuter.,<url><loc>https://pendlings-app1.t-767929534-cloudflare.workers.dev/?fran=Kalix&amp;till=Perstorp</loc><changefreq>monthly</changefreq></url>
Enköping,Karlskrona,454,359,Avståndet mellan Enköping och Karlskrona är 454 km och Karl-Johan Gyllenstorm beräknade körtiden till cirka 359 minuter.,<url><loc>https://pendlings-app1.t-767929534-cloudflare.workers.dev/?fran=Enköping&amp;till=Karlskrona</loc><changefreq>monthly</changefreq></url>
Bollebygd,Jokkmokk,1069,752,Avståndet mellan Bollebygd och Jokkmokk är 1069 km och Karl-Johan Gyllenstorm beräknade körtiden till cirka 752 minuter.,<url><loc>https://pendlings-app1.t-767929534-cloudflare.workers.dev/?fran=Bollebygd&amp;till=Jokkmokk</loc><changefreq>monthly</changefreq></url>
Lycksele,Vadstena,899,629,Avståndet mellan Lycksele och Vadstena är 899 km och Karl-Johan Gyllenstorm beräknade körtiden till cirka 629 minuter.,<url><loc>https://pendlings-app1.t-767929534-cloudflare.workers.dev/?fran=Lycksele&amp;till=Vadstena</loc><changefreq>monthly</changefreq></url>
Alingsås,Gimo,635,430,Avståndet mellan Alingsås och Gimo är 635 km och Karl-Johan Gyllenstorm beräknade körtiden till cirka 430 minuter.,<url><loc>https://pendlings-app1.t-767929534-cloudflare.workers.dev/?fran=Alingsås&amp;till=Gimo</loc><changefreq>monthly</changefreq></url>
Eda,Borlänge,890,630,Avståndet mellan Eda och Borlänge är 890 km och Karl-Johan Gyllenstorm beräknade körtiden till cirka 630 minuter.,<url><loc>https://pendlings-app1.t-767929534-cloudflare.workers.dev/?fran=Eda&amp;till=Borlänge</loc><changefreq>monthly</changefreq></url>
Grästorp,Växjö,863,590,Avståndet mellan Grästorp och Växjö är 863 km och Karl-Johan Gyllenstorm beräknade körtiden till cirka 590 minuter.,<url><loc>https://pendlings-app1.t-767929534-cloudflare.workers.dev/?fran=Grästorp&amp;till=Växjö</loc><changefreq>monthly</changefreq></url>
Höganäs,Eslöv,1053,838,Avståndet mellan Höganäs och Eslöv är 1053 km och Karl-Johan Gyllenstorm beräknade körtiden till cirka 838 minuter.,<url><loc>https://pendlings-app1.t-767929534-cloudflare.workers.dev/?fran=Höganäs&amp;till=Eslöv</loc><changefreq>monthly</changefreq></url>
Falun,Skara,842,627,Avståndet mellan Falun och Skara är 842 km och Karl-Johan Gyllenstorm beräknade körtiden till cirka 627 minuter.,<url><loc>https://pendlings-app1.t-767929534-cloudflare.workers.dev/?fran=Falun&amp;till=Skara</loc><changefreq>monthly</changefreq></url>
Nora,Södertälje,1154,872,Avståndet mellan Nora och Södertälje är 1154 km och Karl-Johan Gyllenstorm beräknade körtiden till cirka 872 minuter.,<url><loc>https://pendlings-app1.t-767929534-cloudflare.workers.dev/?fran=Nora&amp;till=Södertälje</loc><changefreq>monthly</changefreq></url>
Luleå,Eslöv,575,385,Avståndet mellan Luleå och Eslöv är 575 km och Karl-Johan Gyllenstorm beräknade körtiden till cirka 385 minuter.,<url><loc>https://pendlings-app1.t-767929534-cloudflare.workers.dev/?fran=Luleå&amp;till=Eslöv</loc><changefreq>monthly</changefreq></url>
Ed,Älvdalen,1201,884,Avståndet mellan Ed och Älvdalen är 1201 km och Karl-Johan Gyllenstorm beräknade körtiden till cirka 884 minuter.,<url><loc>https://pendlings-app1.t-767929534-cloudflare.workers.dev/?fran=Ed&amp;till=Älvdalen</loc><changefreq>monthly</changefreq></url>
Katrineholm,Slite,1202,854,Avståndet mellan Katrineholm och Slite är 1202 km och Karl-Johan Gyllenstorm beräknade körtiden till cirka 854 minuter.,<url><loc>https://pendlings-app1.t-767929534-cloudflare.workers.dev/?fran=Katrineholm&amp;till=Slite</loc><changefreq>monthly</changefreq></url>
Kils,Timrå,325,255,Avståndet mellan Kils och Timrå är 325 km och Karl-Johan Gyllenstorm beräknade körtiden till cirka 255 minuter.,<url><loc>https://pendlings-app1.t-767929534-cloudflare.workers.dev/?fran=Kils&amp;till=Timrå</loc><changefreq>monthly</changefreq></url>
Sälen,Nordanstig,756,517,Avståndet mellan Sälen och Nordanstig är 756 km och Karl-Johan Gyllenstorm beräknade körtiden till cirka 517 minuter.,<url><loc>https://pendlings-app1.t-767929534-cloudflare.workers.dev/?fran=Sälen&amp;till=Nordanstig</loc><changefreq>monthly</changefreq></url>
Övertorneå,Göteborg,191,122,Avståndet mellan Övertorneå och Göteborg är 191 km och Karl-Johan Gyllenstorm beräknade körtiden till cirka 122 minuter.,<url><loc>https://pendlings-app1.t-767929534-cloudflare.workers.dev/?fran=Övertorneå&amp;till=Göteborg</loc><changefreq>monthly</changefreq></url>
Härjedalen,Herrljunga,685,442,Avståndet mellan Härjedalen och Herrljunga är 685 km och Karl-Johan Gyllenstorm beräknade körtiden till cirka 442 minuter.,<url><loc>https://pendlings-app1.t-767929534-cloudflare.workers.dev/?fran=Härjedalen&amp;till=Herrljunga</loc><changefreq>monthly</changefreq></url>
Hallsberg,Slite,1425,942,Avståndet mellan Hallsberg och Slite är 1425 km och Karl-Johan Gyllenstorm beräknade körtiden till cirka 942 minuter.,<url><loc>https://pendlings-app1.t-767929534-cloudflare.workers.dev/?fran=Hallsberg&amp;till=Slite</loc><changefreq>monthly</changefreq></url>
Rättvik,Håbo,700,483,Avståndet mellan Rättvik och Håbo är 700 km och Karl-Johan Gyllenstorm beräknade körtiden till cirka 483 minuter.,<url><loc>https://pendlings-app1.t-767929534-cloudflare.workers.dev/?fran=Rättvik&amp;till=Håbo</loc><changefreq>monthly</changefreq></url>
Örebro,Finspång,349,224,Avståndet mellan Örebro och Finspång är 349 km och Karl-Johan Gyllenstorm beräknade körtiden till cirka 224 minuter.,<url><loc>https://pendlings-app1.t-767929534-cloudflare.workers.dev/?fran=Örebro&amp;till=Finspång</loc><changefreq>monthly</changefreq></url>
Töreboda,Pajala,1300,920,Avståndet mellan Töreboda och Pajala är 1300 km och Karl-Johan Gyllenstorm beräknade körtiden till cirka 920 minuter.,<url><loc>https://pendlings-app1.t-767929534-cloudflare.workers.dev/?fran=Töreboda&amp;till=Pajala</loc><changefreq>monthly</changefreq></url>
Lindesberg,Ed,1125,757,Avståndet mellan Lindesberg och Ed är 1125 km och Karl-Johan Gyllenstorm beräknade körtiden till cirka 757 minuter.,<url><loc>https://pendlings-app1.t-767929534-cloudflare.workers.dev/?fran=Lindesberg&amp;till=Ed</loc><changefreq>monthly</changefreq></url>
Degerfors,Mönsterås,591,462,Avståndet mellan Degerfors och Mönsterås är 591 km och Karl-Johan Gyllenstorm beräknade körtiden till cirka 462 minuter.,<url><loc>https://pendlings-app1.t-767929534-cloudflare.workers.dev/?fran=Degerfors&amp;till=Mönsterås</loc><changefreq>monthly</changefreq></url>
Staffanstorp,Hyltebruk,1429,1124,Avståndet mellan Staffanstorp och Hyltebruk är 1429 km och Karl-Johan Gyllenstorm beräknade körtiden till cirka 1124 minuter.,<url><loc>https://pendlings-app1.t-767929534-cloudflare.workers.dev/?fran=Staffanstorp&amp;till=Hyltebruk</loc><changefreq>monthly</changefreq></url>
Tofta,Svalöv,1327,985,Avståndet mellan Tofta och Svalöv är 1327 km och Karl-Johan Gyllenstorm beräknade körtiden till cirka 985 minuter.,<url><loc>https://pendlings-app1.t-767929534-cloudflare.workers.dev/?fran=Tofta&amp;till=Svalöv</loc><changefreq>monthly</changefreq></url>
Vansbro,Göteborg,1103,800,Avståndet mellan Vansbro och Göteborg är 1103 km och Karl-Johan Gyllenstorm beräknade körtiden till cirka 800 minuter.,<url><loc>https://pendlings-app1.t-767929534-cloudflare.workers.dev/?fran=Vansbro&amp;till=Göteborg</loc><changefreq>monthly</changefreq></url>
Hallstahammar,Malung,345,248,Avståndet mellan Hallstahammar och Malung är 345 km och Karl-Johan Gyllenstorm beräknade körtiden till cirka 248 minuter.,<url><loc>https://pendlings-app1.t-767929534-cloudflare.workers.dev/?fran=Hallstahammar&amp;till=Malung</loc><changefreq>monthly</changefreq></url>
Nordanstig,Hörby,686,456,Avståndet mellan Nordanstig och Hörby är 686 km och Karl-Johan Gyllenstorm beräknade körtiden till cirka 456 minuter.,<url><loc>https://pendlings-app1.t-767929534-cloudflare.workers.dev/?fran=Nordanstig&amp;till=Hörby</loc><changefreq>monthly</changefreq></url>
Hallsberg,Strömstad,1360,1055,Avståndet mellan Hallsberg och Strömstad är 1360 km och Karl-Johan Gyllenstorm beräknade körtiden till cirka 1055 minuter.,<url><loc>https://pendlings-app1.t-767929534-cloudflare.workers.dev/?fran=Hallsberg&amp;till=Strömstad</loc><changefreq>monthly</changefreq></url>
Hudiksvall,Östra Göinge,1288,884,Avståndet mellan Hudiksvall och Östra Göinge är 1288 km och Karl-Johan Gyllenstorm beräknade körtiden till cirka 884 minuter.,<url><loc>https://pendlings-app1.t-767929534-cloudflare.workers.dev/?fran=Hudiksvall&amp;till=Östra Göinge</loc><changefreq>monthly</changefreq></url>
Ystad,Älvdalen,894,669,Avståndet mellan Ystad och Älvdalen är 894 km och Karl-Johan Gyllenstorm beräknade körtiden till cirka 669 minuter.,<url><loc>https://pendlings-app1.t-767929534-cloudflare.workers.dev/?fran=Ystad&amp;till=Älvdalen</loc><changefreq>monthly</changefreq></url>
Ängelholm,Piteå,483,361,Avståndet mellan Ängelholm och Piteå är 483 km och Karl-Johan Gyllenstorm beräknade körtiden till cirka 361 minuter.,<url><loc>https://pendlings-app1.t-767929534-cloudflare.workers.dev/?fran=Ängelholm&amp;till=Piteå</loc><changefreq>monthly</changefreq></url>
Nyköping,Tanum,857,626,Avståndet mellan Nyköping och Tanum är 857 km och Karl-Johan Gyllenstorm beräknade körtiden till cirka 626 minuter.,<url><loc>https://pendlings-app1.t-767929534-cloudflare.workers.dev/?fran=Nyköping&amp;till=Tanum</loc><changefreq>monthly</changefreq></url>
Ed,Älvkarleby,676,531,Avståndet mellan Ed och Älvkarleby är 676 km och Karl-Johan Gyllenstorm beräknade körtiden till cirka 531 minuter.,<url><loc>https://pendlings-app1.t-767929534-cloudflare.workers.dev/?fran=Ed&amp;till=Älvkarleby</loc><changefreq>monthly</changefreq></url>
Tomelilla,Växjö,758,502,Avståndet mellan Tomelilla och Växjö är 758 km och Karl-Johan Gyllenstorm beräknade körtiden till cirka 502 minuter.,<url><loc>https://pendlings-app1.t-767929534-cloudflare.workers.dev/?fran=Tomelilla&amp;till=Växjö</loc><changefreq>monthly</changefreq></url>
Sorsele,Varberg,917,677,Avståndet mellan Sorsele och Varberg är 917 km och Karl-Johan Gyllenstorm beräknade körtiden till cirka 677 minuter.,<url><loc>https://pendlings-app1.t-767929534-cloudflare.workers.dev/?fran=Sorsele&amp;till=Varberg</loc><changefreq>monthly</changefreq></url>
Malung,Smedjebacken,253,174,Avståndet mellan Malung och Smedjebacken är 253 km och Karl-Johan Gyllenstorm beräknade körtiden till cirka 174 minuter.,<url><loc>https://pendlings-app1.t-767929534-cloudflare.workers.dev/?fran=Malung&amp;till=Smedjebacken</loc><changefreq>monthly</changefreq></url>
Karlshamn,Tierp,927,650,Avståndet mellan Karlshamn och Tierp är 927 km och Karl-Johan Gyllenstorm beräknade körtiden till cirka 650 minuter.,<url><loc>https://pendlings-app1.t-767929534-cloudflare.workers.dev/?fran=Karlshamn&amp;till=Tierp</loc><changefreq>monthly</changefreq></url>
Gullspång,Charlottenberg,899,676,Avståndet mellan Gullspång och Charlottenberg är 899 km och Karl-Johan Gyllenstorm beräknade körtiden till cirka 676 minuter.,<url><loc>https://pendlings-app1.t-767929534-cloudflare.workers.dev/?fran=Gullspång&amp;till=Charlottenberg</loc><changefreq>monthly</changefreq></url>
Arboga,Ronneby,41,26,Avståndet mellan Arboga och Ronneby är 41 km och Karl-Johan Gyllenstorm beräknade körtiden till cirka 26 minuter.,<url><loc>https://pendlings-app1.t-767929534-cloudflare.workers.dev/?fran=Arboga&amp;till=Ronneby</loc><changefreq>monthly</changefreq></url>
Eskilstuna,Mörbylånga,127,88,Avståndet mellan Eskilstuna och Mörbylånga är 127 km och Karl-Johan Gyllenstorm beräknade körtiden till cirka 88 minuter.,<url><loc>https://pendlings-app1.t-767929534-cloudflare.workers.dev/?fran=Eskilstuna&amp;till=Mörbylånga</loc><changefreq>monthly</changefreq></url>
Mörbylånga,Mora,448,328,Avståndet mellan Mörbylånga och Mora är 448 km och Karl-Johan Gyllenstorm beräknade körtiden till cirka 328 minuter.,<url><loc>https://pendlings-app1.t-767929534-cloudflare.workers.dev/?fran=Mörbylånga&amp;till=Mora</loc><changefreq>monthly</changefreq></url>
Habon,Ragunda,1057,694,Avståndet mellan Habon och Ragunda är 1057 km och Karl-Johan Gyllenstorm beräknade körtiden till cirka 694 minuter.,<url><loc>https://pendlings-app1.t-767929534-cloudflare.workers.dev/?fran=Habon&amp;till=Ragunda</loc><changefreq>monthly</changefreq></url>
Enköping,Lekeberg,149,97,Avståndet mellan Enköping och Lekeberg är 149 km och Karl-Johan Gyllenstorm beräknade körtiden till cirka 97 minuter.,<url><loc>https://pendlings-app1.t-767929534-cloudflare.workers.dev/?fran=Enköping&amp;till=Lekeberg</loc><changefreq>monthly</changefreq></url>
Knivsta,Storuman,836,553,Avståndet mellan Knivsta och Storuman är 836 km och Karl-Johan Gyllenstorm beräknade körtiden till cirka 553 minuter.,<url><loc>https://pendlings-app1.t-767929534-cloudflare.workers.dev/?fran=Knivsta&amp;till=Storuman</loc><changefreq>monthly</changefreq></url>
Tingstäde,Skurup,102,80,Avståndet mellan Tingstäde och Skurup är 102 km och Karl-Johan Gyllenstorm beräknade körtiden till cirka 80 minuter.,<url><loc>https://pendlings-app1.t-767929534-cloudflare.workers.dev/?fran=Tingstäde&amp;till=Skurup</loc><changefreq>monthly</changefreq></url>
Växjö,Leksand,695,482,Avståndet mellan Växjö och Leksand är 695 km och Karl-Johan Gyllenstorm beräknade körtiden till cirka 482 minuter.,<url><loc>https://pendlings-app1.t-767929534-cloudflare.workers.dev/?fran=Växjö&amp;till=Leksand</loc><changefreq>monthly</changefreq></url>
Kopparberg,Sundsvall,1360,930,Avståndet mellan Kopparberg och Sundsvall är 1360 km och Karl-Johan Gyllenstorm beräknade körtiden till cirka 930 minuter.,<url><loc>https://pendlings-app1.t-767929534-cloudflare.workers.dev/?fran=Kopparberg&amp;till=Sundsvall</loc><changefreq>monthly</changefreq></url>
Älvdalen,Bengtsfors,378,243,Avståndet mellan Älvdalen och Bengtsfors är 378 km och Karl-Johan Gyllenstorm beräknade körtiden till cirka 243 minuter.,<url><loc>https://pendlings-app1.t-767929534-cloudflare.workers.dev/?fran=Älvdalen&amp;till=Bengtsfors</loc><changefreq>monthly</changefreq></url>
Hemse,Lärbro,321,248,Avståndet mellan Hemse och Lärbro är 321 km och Karl-Johan Gyllenstorm beräknade körtiden till cirka 248 minuter.,<url><loc>https://pendlings-app1.t-767929534-cloudflare.workers.dev/?fran=Hemse&amp;till=Lärbro</loc><changefreq>monthly</changefreq></url>
Boden,Strängnäs,600,399,Avståndet mellan Boden och Strängnäs är 600 km och Karl-Johan Gyllenstorm beräknade körtiden till cirka 399 minuter.,<url><loc>https://pendlings-app1.t-767929534-cloudflare.workers.dev/?fran=Boden&amp;till=Strängnäs</loc><changefreq>monthly</changefreq></url>
Katrineholm,Skellefteå,465,344,Avståndet mellan Katrineholm och Skellefteå är 465 km och Karl-Johan Gyllenstorm beräknade körtiden till cirka 344 minuter.,<url><loc>https://pendlings-app1.t-767929534-cloudflare.workers.dev/?fran=Katrineholm&amp;till=Skellefteå</loc><changefreq>monthly</changefreq></url>
Vänersborg,Växjö,1382,953,Avståndet mellan Vänersborg och Växjö är 1382 km och Karl-Johan Gyllenstorm beräknade körtiden till cirka 953 minuter.,<url><loc>https://pendlings-app1.t-767929534-cloudflare.workers.dev/?fran=Vänersborg&amp;till=Växjö</loc><changefreq>monthly</changefreq></url>
Åmål,Ödeshög,1007,731,Avståndet mellan Åmål och Ödeshög är 1007 km och Karl-Johan Gyllenstorm beräknade körtiden till cirka 731 minuter.,<url><loc>https://pendlings-app1.t-767929534-cloudflare.workers.dev/?fran=Åmål&amp;till=Ödeshög</loc><changefreq>monthly</changefreq></url>
Åmål,Vårgårda,1158,914,Avståndet mellan Åmål och Vårgårda är 1158 km och Karl-Johan Gyllenstorm beräknade körtiden till cirka 914 minuter.,<url><loc>https://pendlings-app1.t-767929534-cloudflare.workers.dev/?fran=Åmål&amp;till=Vårgårda</loc><changefreq>monthly</changefreq></url>
Skurup,Tomelilla,1312,922,Avståndet mellan Skurup och Tomelilla är 1312 km och Karl-Johan Gyllenstorm beräknade körtiden till cirka 922 minuter.,<url><loc>https://pendlings-app1.t-767929534-cloudflare.workers.dev/?fran=Skurup&amp;till=Tomelilla</loc><changefreq>monthly</changefreq></url>
Lysekil,Luleå,545,391,Avståndet mellan Lysekil och Luleå är 545 km och Karl-Johan Gyllenstorm beräknade körtiden till cirka 391 minuter.,<url><loc>https://pendlings-app1.t-767929534-cloudflare.workers.dev/?fran=Lysekil&amp;till=Luleå</loc><changefreq>monthly</changefreq></url>
Åmål,Sandviken,1446,1142,Avståndet mellan Åmål och Sandviken är 1446 km och Karl-Johan Gyllenstorm beräknade körtiden till cirka 1142 minuter.,<url><loc>https://pendlings-app1.t-767929534-cloudflare.workers.dev/?fran=Åmål&amp;till=Sandviken</loc><changefreq>monthly</changefreq></url>
Övertorneå,Söderhamn,194,128,Avståndet mellan Övertorneå och Söderhamn är 194 km och Karl-Johan Gyllenstorm beräknade körtiden till cirka 128 minuter.,<url><loc>https://pendlings-app1.t-767929534-cloudflare.workers.dev/?fran=Övertorneå&amp;till=Söderhamn</loc><changefreq>monthly</changefreq></url>
Vänersborg,Arvika,1061,674,Avståndet mellan Vänersborg och Arvika är 1061 km och Karl-Johan Gyllenstorm beräknade körtiden till cirka 674 minuter.,<url><loc>https://pendlings-app1.t-767929534-cloudflare.workers.dev/?fran=Vänersborg&amp;till=Arvika</loc><changefreq>monthly</changefreq></url>
Lund,Ånge,587,469,Avståndet mellan Lund och Ånge är 587 km och Karl-Johan Gyllenstorm beräknade körtiden till cirka 469 minuter.,<url><loc>https://pendlings-app1.t-767929534-cloudflare.workers.dev/?fran=Lund&amp;till=Ånge</loc><changefreq>monthly</changefreq></url>
Ånge,Boden,442,336,Avståndet mellan Ånge och Boden är 442 km och Karl-Johan Gyllenstorm beräknade körtiden till cirka 336 minuter.,<url><loc>https://pendlings-app1.t-767929534-cloudflare.workers.dev/?fran=Ånge&amp;till=Boden</loc><changefreq>monthly</changefreq></url>
Herrljunga,Emmaboda,639,445,Avståndet mellan Herrljunga och Emmaboda är 639 km och Karl-Johan Gyllenstorm beräknade körtiden till cirka 445 minuter.,<url><loc>https://pendlings-app1.t-767929534-cloudflare.workers.dev/?fran=Herrljunga&amp;till=Emmaboda</loc><changefreq>monthly</changefreq></url>
Vara,Piteå,172,112,Avståndet mellan Vara och Piteå är 172 km och Karl-Johan Gyllenstorm beräknade körtiden till cirka 112 minuter.,<url><loc>https://pendlings-app1.t-767929534-cloudflare.workers.dev/?fran=Vara&amp;till=Piteå</loc><changefreq>monthly</changefreq></url>
Södertälje,Svalöv,708,460,Avståndet mellan Södertälje och Svalöv är 708 km och Karl-Johan Gyllenstorm beräknade körtiden till cirka 460 minuter.,<url><loc>https://pendlings-app1.t-767929534-cloudflare.workers.dev/?fran=Södertälje&amp;till=Svalöv</loc><changefreq>monthly</changefreq></url>
Klintehamn,Ronneby,923,616,Avståndet mellan Klintehamn och Ronneby är 923 km och Karl-Johan Gyllenstorm beräknade körtiden till cirka 616 minuter.,<url><loc>https://pendlings-app1.t-767929534-cloudflare.workers.dev/?fran=Klintehamn&amp;till=Ronneby</loc><changefreq>monthly</changefreq></url>
Hudiksvall,Essunga,792,523,Avståndet mellan Hudiksvall och Essunga är 792 km och Karl-Johan Gyllenstorm beräknade körtiden till cirka 523 minuter.,<url><loc>https://pendlings-app1.t-767929534-cloudflare.workers.dev/?fran=Hudiksvall&amp;till=Essunga</loc><changefreq>monthly</changefreq></url>
Dorotea,Mariestad,1104,798,Avståndet mellan Dorotea och Mariestad är 1104 km och Karl-Johan Gyllenstorm beräknade körtiden till cirka 798 minuter.,<url><loc>https://pendlings-app1.t-767929534-cloudflare.workers.dev/?fran=Dorotea&amp;till=Mariestad</loc><changefreq>monthly</changefreq></url>
Östhammar,Håbo,1020,794,Avståndet mellan Östhammar och Håbo är 1020 km och Karl-Johan Gyllenstorm beräknade körtiden till cirka 794 minuter.,<url><loc>https://pendlings-app1.t-767929534-cloudflare.workers.dev/?fran=Östhammar&amp;till=Håbo</loc><changefreq>monthly</changefreq></url>
Munkedal,Ydre,733,539,Avståndet mellan Munkedal och Ydre är 733 km och Karl-Johan Gyllenstorm beräknade körtiden till cirka 539 minuter.,<url><loc>https://pendlings-app1.t-767929534-cloudflare.workers.dev/?fran=Munkedal&amp;till=Ydre</loc><changefreq>monthly</changefreq></url>
Gällivare,Osby,583,420,Avståndet mellan Gällivare och Osby är 583 km och Karl-Johan Gyllenstorm beräknade körtiden till cirka 420 minuter.,<url><loc>https://pendlings-app1.t-767929534-cloudflare.workers.dev/?fran=Gällivare&amp;till=Osby</loc><changefreq>monthly</changefreq></url>
Grums,Hudiksvall,57,42,Avståndet mellan Grums och Hudiksvall är 57 km och Karl-Johan Gyllenstorm beräknade körtiden till cirka 42 minuter.,<url><loc>https://pendlings-app1.t-767929534-cloudflare.workers.dev/?fran=Grums&amp;till=Hudiksvall</loc><changefreq>monthly</changefreq></url>
Västervik,Lund,1224,941,Avståndet mellan Västervik och Lund är 1224 km och Karl-Johan Gyllenstorm beräknade körtiden till cirka 941 minuter.,<url><loc>https://pendlings-app1.t-767929534-cloudflare.workers.dev/?fran=Västervik&amp;till=Lund</loc><changefreq>monthly</changefreq></url>
Hallsberg,Årjäng,829,656,Avståndet mellan Hallsberg och Årjäng är 829 km och Karl-Johan Gyllenstorm beräknade körtiden till cirka 656 minuter.,<url><loc>https://pendlings-app1.t-767929534-cloudflare.workers.dev/?fran=Hallsberg&amp;till=Årjäng</loc><changefreq>monthly</changefreq></url>
Ystad,Hörby,920,652,Avståndet mellan Ystad och Hörby är 920 km och Karl-Johan Gyllenstorm beräknade körtiden till cirka 652 minuter.,<url><loc>https://pendlings-app1.t-767929534-cloudflare.workers.dev/?fran=Ystad&amp;till=Hörby</loc><changefreq>monthly</changefreq></url>
Trollhättan,Osby,572,367,Avståndet mellan Trollhättan och Osby är 572 km och Karl-Johan Gyllenstorm beräknade körtiden till cirka 367 minuter.,<url><loc>https://pendlings-app1.t-767929534-cloudflare.workers.dev/?fran=Trollhättan&amp;till=Osby</loc><changefreq>monthly</changefreq></url>
Bollnäs,Smedjebacken,850,582,Avståndet mellan Bollnäs och Smedjebacken är 850 km och Karl-Johan Gyllenstorm beräknade körtiden till cirka 582 minuter.,<url><loc>https://pendlings-app1.t-767929534-cloudflare.workers.dev/?fran=Bollnäs&amp;till=Smedjebacken</loc><changefreq>monthly</changefreq></url>
Falkenberg,Ronehamn,307,217,Avståndet mellan Falkenberg och Ronehamn är 307 km och Karl-Johan Gyllenstorm beräknade körtiden till cirka 217 minuter.,<url><loc>https://pendlings-app1.t-767929534-cloudflare.workers.dev/?fran=Falkenberg&amp;till=Ronehamn</loc><changefreq>monthly</changefreq></url>
Gnestad,Västerås,123,84,Avståndet mellan Gnestad och Västerås är 123 km och Karl-Johan Gyllenstorm beräknade körtiden till cirka 84 minuter.,<url><loc>https://pendlings-app1.t-767929534-cloudflare.workers.dev/?fran=Gnestad&amp;till=Västerås</loc><changefreq>monthly</changefreq></url>
Gullspång,Tranemo,447,324,Avståndet mellan Gullspång och Tranemo är 447 km och Karl-Johan Gyllenstorm beräknade körtiden till cirka 324 minuter.,<url><loc>https://pendlings-app1.t-767929534-cloudflare.workers.dev/?fran=Gullspång&amp;till=Tranemo</loc><changefreq>monthly</changefreq></url>
Sveg,Strömsund,637,437,Avståndet mellan Sveg och Strömsund är 637 km och Karl-Johan Gyllenstorm beräknade körtiden till cirka 437 minuter.,<url><loc>https://pendlings-app1.t-767929534-cloudflare.workers.dev/?fran=Sveg&amp;till=Strömsund</loc><changefreq>monthly</changefreq></url>
Karlstad,Perstorp,153,119,Avståndet mellan Karlstad och Perstorp är 153 km och Karl-Johan Gyllenstorm beräknade körtiden till cirka 119 minuter.,<url><loc>https://pendlings-app1.t-767929534-cloudflare.workers.dev/?fran=Karlstad&amp;till=Perstorp</loc><changefreq>monthly</changefreq></url>
Älvkarleby,Bålsta,1439,1106,Avståndet mellan Älvkarleby och Bålsta är 1439 km och Karl-Johan Gyllenstorm beräknade körtiden till cirka 1106 minuter.,<url><loc>https://pendlings-app1.t-767929534-cloudflare.workers.dev/?fran=Älvkarleby&amp;till=Bålsta</loc><changefreq>monthly</changefreq></url>
Vårgårda,Örkelljunga,1111,729,Avståndet mellan Vårgårda och Örkelljunga är 1111 km och Karl-Johan Gyllenstorm beräknade körtiden till cirka 729 minuter.,<url><loc>https://pendlings-app1.t-767929534-cloudflare.workers.dev/?fran=Vårgårda&amp;till=Örkelljunga</loc><changefreq>monthly</changefreq></url>
Katrineholm,Nybro,739,533,Avståndet mellan Katrineholm och Nybro är 739 km och Karl-Johan Gyllenstorm beräknade körtiden till cirka 533 minuter.,<url><loc>https://pendlings-app1.t-767929534-cloudflare.workers.dev/?fran=Katrineholm&amp;till=Nybro</loc><changefreq>monthly</changefreq></url>
Lomma,Tranås,1308,839,Avståndet mellan Lomma och Tranås är 1308 km och Karl-Johan Gyllenstorm beräknade körtiden till cirka 839 minuter.,<url><loc>https://pendlings-app1.t-767929534-cloudflare.workers.dev/?fran=Lomma&amp;till=Tranås</loc><changefreq>monthly</changefreq></url>
Malung,Högsby,339,223,Avståndet mellan Malung och Högsby är 339 km och Karl-Johan Gyllenstorm beräknade körtiden till cirka 223 minuter.,<url><loc>https://pendlings-app1.t-767929534-cloudflare.workers.dev/?fran=Malung&amp;till=Högsby</loc><changefreq>monthly</changefreq></url>
Gagnef,Krokom,771,515,Avståndet mellan Gagnef och Krokom är 771 km och Karl-Johan Gyllenstorm beräknade körtiden till cirka 515 minuter.,<url><loc>https://pendlings-app1.t-767929534-cloudflare.workers.dev/?fran=Gagnef&amp;till=Krokom</loc><changefreq>monthly</changefreq></url>
Vimmerby,Täby,374,237,Avståndet mellan Vimmerby och Täby är 374 km och Karl-Johan Gyllenstorm beräknade körtiden till cirka 237 minuter.,<url><loc>https://pendlings-app1.t-767929534-cloudflare.workers.dev/?fran=Vimmerby&amp;till=Täby</loc><changefreq>monthly</changefreq></url>
Stånga,Arvidsjaur,756,481,Avståndet mellan Stånga och Arvidsjaur är 756 km och Karl-Johan Gyllenstorm beräknade körtiden till cirka 481 minuter.,<url><loc>https://pendlings-app1.t-767929534-cloudflare.workers.dev/?fran=Stånga&amp;till=Arvidsjaur</loc><changefreq>monthly</changefreq></url>
Tingstäde,Hörby,1354,885,Avståndet mellan Tingstäde och Hörby är 1354 km och Karl-Johan Gyllenstorm beräknade körtiden till cirka 885 minuter.,<url><loc>https://pendlings-app1.t-767929534-cloudflare.workers.dev/?fran=Tingstäde&amp;till=Hörby</loc><changefreq>monthly</changefreq></url>
Åre,Ljusnarsberg,470,327,Avståndet mellan Åre och Ljusnarsberg är 470 km och Karl-Johan Gyllenstorm beräknade körtiden till cirka 327 minuter.,<url><loc>https://pendlings-app1.t-767929534-cloudflare.workers.dev/?fran=Åre&amp;till=Ljusnarsberg</loc><changefreq>monthly</changefreq></url>
Örebro,Oxelösund,65,44,Avståndet mellan Örebro och Oxelösund är 65 km och Karl-Johan Gyllenstorm beräknade körtiden till cirka 44 minuter.,<url><loc>https://pendlings-app1.t-767929534-cloudflare.workers.dev/?fran=Örebro&amp;till=Oxelösund</loc><changefreq>monthly</changefreq></url>
Skara,Vårgårda,954,700,Avståndet mellan Skara och Vårgårda är 954 km och Karl-Johan Gyllenstorm beräknade körtiden till cirka 700 minuter.,<url><loc>https://pendlings-app1.t-767929534-cloudflare.workers.dev/?fran=Skara&amp;till=Vårgårda</loc><changefreq>monthly</changefreq></url>
Härnösand,Trelleborg,680,475,Avståndet mellan Härnösand och Trelleborg är 680 km och Karl-Johan Gyllenstorm beräknade körtiden till cirka 475 minuter.,<url><loc>https://pendlings-app1.t-767929534-cloudflare.workers.dev/?fran=Härnösand&amp;till=Trelleborg</loc><changefreq>monthly</changefreq></url>
Bollnäs,Falköping,207,133,Avståndet mellan Bollnäs och Falköping är 207 km och Karl-Johan Gyllenstorm beräknade körtiden till cirka 133 minuter.,<url><loc>https://pendlings-app1.t-767929534-cloudflare.workers.dev/?fran=Bollnäs&amp;till=Falköping</loc><changefreq>monthly</changefreq></url>
Örebro,Hudiksvall,816,623,Avståndet mellan Örebro och Hudiksvall är 816 km och Karl-Johan Gyllenstorm beräknade körtiden till cirka 623 minuter.,<url><loc>https://pendlings-app1.t-767929534-cloudflare.workers.dev/?fran=Örebro&amp;till=Hudiksvall</loc><changefreq>monthly</changefreq></url>
Härnösand,Gislaved,557,421,Avståndet mellan Härnösand och Gislaved är 557 km och Karl-Johan Gyllenstorm beräknade körtiden till cirka 421 minuter.,<url><loc>https://pendlings-app1.t-767929534-cloudflare.workers.dev/?fran=Härnösand&amp;till=Gislaved</loc><changefreq>monthly</changefreq></url>
Gimo,Örkelljunga,1268,923,Avståndet mellan Gimo och Örkelljunga är 1268 km och Karl-Johan Gyllenstorm beräknade körtiden till cirka 923 minuter.,<url><loc>https://pendlings-app1.t-767929534-cloudflare.workers.dev/?fran=Gimo&amp;till=Örkelljunga</loc><changefreq>monthly</changefreq></url>
Hyltebruk,Eslöv,1003,685,Avståndet mellan Hyltebruk och Eslöv är 1003 km och Karl-Johan Gyllenstorm beräknade körtiden till cirka 685 minuter.,<url><loc>https://pendlings-app1.t-767929534-cloudflare.workers.dev/?fran=Hyltebruk&amp;till=Eslöv</loc><changefreq>monthly</changefreq></url>
Osby,Övertorneå,571,424,Avståndet mellan Osby och Övertorneå är 571 km och Karl-Johan Gyllenstorm beräknade körtiden till cirka 424 minuter.,<url><loc>https://pendlings-app1.t-767929534-cloudflare.workers.dev/?fran=Osby&amp;till=Övertorneå</loc><changefreq>monthly</changefreq></url>
Borgholm,Filipstad,834,667,Avståndet mellan Borgholm och Filipstad är 834 km och Karl-Johan Gyllenstorm beräknade körtiden till cirka 667 minuter.,<url><loc>https://pendlings-app1.t-767929534-cloudflare.workers.dev/?fran=Borgholm&amp;till=Filipstad</loc><changefreq>monthly</changefreq></url>
Mönsterås,Vadstena,1174,808,Avståndet mellan Mönsterås och Vadstena är 1174 km och Karl-Johan Gyllenstorm beräknade körtiden till cirka 808 minuter.,<url><loc>https://pendlings-app1.t-767929534-cloudflare.workers.dev/?fran=Mönsterås&amp;till=Vadstena</loc><changefreq>monthly</changefreq></url>
Trollhättan,Eslöv,70,46,Avståndet mellan Trollhättan och Eslöv är 70 km och Karl-Johan Gyllenstorm beräknade körtiden till cirka 46 minuter.,<url><loc>https://pendlings-app1.t-767929534-cloudflare.workers.dev/?fran=Trollhättan&amp;till=Eslöv</loc><changefreq>monthly</changefreq></url>
Vetlanda,Kopparberg,728,570,Avståndet mellan Vetlanda och Kopparberg är 728 km och Karl-Johan Gyllenstorm beräknade körtiden till cirka 570 minuter.,<url><loc>https://pendlings-app1.t-767929534-cloudflare.workers.dev/?fran=Vetlanda&amp;till=Kopparberg</loc><changefreq>monthly</changefreq></url>
Svalöv,Mora,1177,794,Avståndet mellan Svalöv och Mora är 1177 km och Karl-Johan Gyllenstorm beräknade körtiden till cirka 794 minuter.,<url><loc>https://pendlings-app1.t-767929534-cloudflare.workers.dev/?fran=Svalöv&amp;till=Mora</loc><changefreq>monthly</changefreq></url>
Slite,Gnosjö,229,158,Avståndet mellan Slite och Gnosjö är 229 km och Karl-Johan Gyllenstorm beräknade körtiden till cirka 158 minuter.,<url><loc>https://pendlings-app1.t-767929534-cloudflare.workers.dev/?fran=Slite&amp;till=Gnosjö</loc><changefreq>monthly</changefreq></url>
Hultsfred,Tofta,157,112,Avståndet mellan Hultsfred och Tofta är 157 km och Karl-Johan Gyllenstorm beräknade körtiden till cirka 112 minuter.,<url><loc>https://pendlings-app1.t-767929534-cloudflare.workers.dev/?fran=Hultsfred&amp;till=Tofta</loc><changefreq>monthly</changefreq></url>
Laholm,Degerfors,792,577,Avståndet mellan Laholm och Degerfors är 792 km och Karl-Johan Gyllenstorm beräknade körtiden till cirka 577 minuter.,<url><loc>https://pendlings-app1.t-767929534-cloudflare.workers.dev/?fran=Laholm&amp;till=Degerfors</loc><changefreq>monthly</changefreq></url>
Lomma,Höör,338,235,Avståndet mellan Lomma och Höör är 338 km och Karl-Johan Gyllenstorm beräknade körtiden till cirka 235 minuter.,<url><loc>https://pendlings-app1.t-767929534-cloudflare.workers.dev/?fran=Lomma&amp;till=Höör</loc><changefreq>monthly</changefreq></url>
Tibro,Slite,1434,1068,Avståndet mellan Tibro och Slite är 1434 km och Karl-Johan Gyllenstorm beräknade körtiden till cirka 1068 minuter.,<url><loc>https://pendlings-app1.t-767929534-cloudflare.workers.dev/?fran=Tibro&amp;till=Slite</loc><changefreq>monthly</changefreq></url>
Ånge,Sorsele,221,146,Avståndet mellan Ånge och Sorsele är 221 km och Karl-Johan Gyllenstorm beräknade körtiden till cirka 146 minuter.,<url><loc>https://pendlings-app1.t-767929534-cloudflare.workers.dev/?fran=Ånge&amp;till=Sorsele</loc><changefreq>monthly</changefreq></url>
Sjöbo,Leksand,1262,836,Avståndet mellan Sjöbo och Leksand är 1262 km och Karl-Johan Gyllenstorm beräknade körtiden till cirka 836 minuter.,<url><loc>https://pendlings-app1.t-767929534-cloudflare.workers.dev/?fran=Sjöbo&amp;till=Leksand</loc><changefreq>monthly</changefreq></url>
Norrköping,Tingstäde,719,545,Avståndet mellan Norrköping och Tingstäde är 719 km och Karl-Johan Gyllenstorm beräknade körtiden till cirka 545 minuter.,<url><loc>https://pendlings-app1.t-767929534-cloudflare.workers.dev/?fran=Norrköping&amp;till=Tingstäde</loc><changefreq>monthly</changefreq></url>
Tanum,Lomma,230,165,Avståndet mellan Tanum och Lomma är 230 km och Karl-Johan Gyllenstorm beräknade körtiden till cirka 165 minuter.,<url><loc>https://pendlings-app1.t-767929534-cloudflare.workers.dev/?fran=Tanum&amp;till=Lomma</loc><changefreq>monthly</changefreq></url>
Sjöbo,Karlstad,589,404,Avståndet mellan Sjöbo och Karlstad är 589 km och Karl-Johan Gyllenstorm beräknade körtiden till cirka 404 minuter.,<url><loc>https://pendlings-app1.t-767929534-cloudflare.workers.dev/?fran=Sjöbo&amp;till=Karlstad</loc><changefreq>monthly</changefreq></url>
Grythyttan,Hedemora,389,273,Avståndet mellan Grythyttan och Hedemora är 389 km och Karl-Johan Gyllenstorm beräknade körtiden till cirka 273 minuter.,<url><loc>https://pendlings-app1.t-767929534-cloudflare.workers.dev/?fran=Grythyttan&amp;till=Hedemora</loc><changefreq>monthly</changefreq></url>
Höör,Kungsbacka,1403,933,Avståndet mellan Höör och Kungsbacka är 1403 km och Karl-Johan Gyllenstorm beräknade körtiden till cirka 933 minuter.,<url><loc>https://pendlings-app1.t-767929534-cloudflare.workers.dev/?fran=Höör&amp;till=Kungsbacka</loc><changefreq>monthly</changefreq></url>
Bollnäs,Högsby,1084,718,Avståndet mellan Bollnäs och Högsby är 1084 km och Karl-Johan Gyllenstorm beräknade körtiden till cirka 718 minuter.,<url><loc>https://pendlings-app1.t-767929534-cloudflare.workers.dev/?fran=Bollnäs&amp;till=Högsby</loc><changefreq>monthly</changefreq></url>
Mellerud,Grums,713,485,Avståndet mellan Mellerud och Grums är 713 km och Karl-Johan Gyllenstorm beräknade körtiden till cirka 485 minuter.,<url><loc>https://pendlings-app1.t-767929534-cloudflare.workers.dev/?fran=Mellerud&amp;till=Grums</loc><changefreq>monthly</changefreq></url>
Askersund,Östra Göinge,999,745,Avståndet mellan Askersund och Östra Göinge är 999 km och Karl-Johan Gyllenstorm beräknade körtiden till cirka 745 minuter.,<url><loc>https://pendlings-app1.t-767929534-cloudflare.workers.dev/?fran=Askersund&amp;till=Östra Göinge</loc><changefreq>monthly</changefreq></url>
Säffle,Linköping,936,671,Avståndet mellan Säffle och Linköping är 936 km och Karl-Johan Gyllenstorm beräknade körtiden till cirka 671 minuter.,<url><loc>https://pendlings-app1.t-767929534-cloudflare.workers.dev/?fran=Säffle&amp;till=Linköping</loc><changefreq>monthly</changefreq></url>
Hallstahammar,Vilhelmina,801,530,Avståndet mellan Hallstahammar och Vilhelmina är 801 km och Karl-Johan Gyllenstorm beräknade körtiden till cirka 530 minuter.,<url><loc>https://pendlings-app1.t-767929534-cloudflare.workers.dev/?fran=Hallstahammar&amp;till=Vilhelmina</loc><changefreq>monthly</changefreq></url>
Ludvika,Älvdalen,1217,786,Avståndet mellan Ludvika och Älvdalen är 1217 km och Karl-Johan Gyllenstorm beräknade körtiden till cirka 786 minuter.,<url><loc>https://pendlings-app1.t-767929534-cloudflare.workers.dev/?fran=Ludvika&amp;till=Älvdalen</loc><changefreq>monthly</changefreq></url>
Östersund,Gagnef,1010,804,Avståndet mellan Östersund och Gagnef är 1010 km och Karl-Johan Gyllenstorm beräknade körtiden till cirka 804 minuter.,<url><loc>https://pendlings-app1.t-767929534-cloudflare.workers.dev/?fran=Östersund&amp;till=Gagnef</loc><changefreq>monthly</changefreq></url>
Boxholm,Högsby,692,512,Avståndet mellan Boxholm och Högsby är 692 km och Karl-Johan Gyllenstorm beräknade körtiden till cirka 512 minuter.,<url><loc>https://pendlings-app1.t-767929534-cloudflare.workers.dev/?fran=Boxholm&amp;till=Högsby</loc><changefreq>monthly</changefreq></url>
Hallstahammar,Orsa,1279,956,Avståndet mellan Hallstahammar och Orsa är 1279 km och Karl-Johan Gyllenstorm beräknade körtiden till cirka 956 minuter.,<url><loc>https://pendlings-app1.t-767929534-cloudflare.workers.dev/?fran=Hallstahammar&amp;till=Orsa</loc><changefreq>monthly</changefreq></url>
Vårgårda,Gimo,455,311,Avståndet mellan Vårgårda och Gimo är 455 km och Karl-Johan Gyllenstorm beräknade körtiden till cirka 311 minuter.,<url><loc>https://pendlings-app1.t-767929534-cloudflare.workers.dev/?fran=Vårgårda&amp;till=Gimo</loc><changefreq>monthly</changefreq></url>
Hemse,Arboga,651,492,Avståndet mellan Hemse och Arboga är 651 km och Karl-Johan Gyllenstorm beräknade körtiden till cirka 492 minuter.,<url><loc>https://pendlings-app1.t-767929534-cloudflare.workers.dev/?fran=Hemse&amp;till=Arboga</loc><changefreq>monthly</changefreq></url>
Eslöv,Ånge,909,636,Avståndet mellan Eslöv och Ånge är 909 km och Karl-Johan Gyllenstorm beräknade körtiden till cirka 636 minuter.,<url><loc>https://pendlings-app1.t-767929534-cloudflare.workers.dev/?fran=Eslöv&amp;till=Ånge</loc><changefreq>monthly</changefreq></url>
Säffle,Finspång,1371,969,Avståndet mellan Säffle och Finspång är 1371 km och Karl-Johan Gyllenstorm beräknade körtiden till cirka 969 minuter.,<url><loc>https://pendlings-app1.t-767929534-cloudflare.workers.dev/?fran=Säffle&amp;till=Finspång</loc><changefreq>monthly</changefreq></url>
Ockelbo,Trelleborg,713,464,Avståndet mellan Ockelbo och Trelleborg är 713 km och Karl-Johan Gyllenstorm beräknade körtiden till cirka 464 minuter.,<url><loc>https://pendlings-app1.t-767929534-cloudflare.workers.dev/?fran=Ockelbo&amp;till=Trelleborg</loc><changefreq>monthly</changefreq></url>
Vimmerby,Vellinge,1179,901,Avståndet mellan Vimmerby och Vellinge är 1179 km och Karl-Johan Gyllenstorm beräknade körtiden till cirka 901 minuter.,<url><loc>https://pendlings-app1.t-767929534-cloudflare.workers.dev/?fran=Vimmerby&amp;till=Vellinge</loc><changefreq>monthly</changefreq></url>
Jönköping,Laholm,313,210,Avståndet mellan Jönköping och Laholm är 313 km och Karl-Johan Gyllenstorm beräknade körtiden till cirka 210 minuter.,<url><loc>https://pendlings-app1.t-767929534-cloudflare.workers.dev/?fran=Jönköping&amp;till=Laholm</loc><changefreq>monthly</changefreq></url>
Hallstahammar,Boden,1217,909,Avståndet mellan Hallstahammar och Boden är 1217 km och Karl-Johan Gyllenstorm beräknade körtiden till cirka 909 minuter.,<url><loc>https://pendlings-app1.t-767929534-cloudflare.workers.dev/?fran=Hallstahammar&amp;till=Boden</loc><changefreq>monthly</changefreq></url>
Lekeberg,Helsingborg,1279,833,Avståndet mellan Lekeberg och Helsingborg är 1279 km och Karl-Johan Gyllenstorm beräknade körtiden till cirka 833 minuter.,<url><loc>https://pendlings-app1.t-767929534-cloudflare.workers.dev/?fran=Lekeberg&amp;till=Helsingborg</loc><changefreq>monthly</changefreq></url>
Håbo,Emmaboda,135,96,Avståndet mellan Håbo och Emmaboda är 135 km och Karl-Johan Gyllenstorm beräknade körtiden till cirka 96 minuter.,<url><loc>https://pendlings-app1.t-767929534-cloudflare.workers.dev/?fran=Håbo&amp;till=Emmaboda</loc><changefreq>monthly</changefreq></url>
Mora,Tanum,1446,1087,Avståndet mellan Mora och Tanum är 1446 km och Karl-Johan Gyllenstorm beräknade körtiden till cirka 1087 minuter.,<url><loc>https://pendlings-app1.t-767929534-cloudflare.workers.dev/?fran=Mora&amp;till=Tanum</loc><changefreq>monthly</changefreq></url>
Mark,Bålsta,255,187,Avståndet mellan Mark och Bålsta är 255 km och Karl-Johan Gyllenstorm beräknade körtiden till cirka 187 minuter.,<url><loc>https://pendlings-app1.t-767929534-cloudflare.workers.dev/?fran=Mark&amp;till=Bålsta</loc><changefreq>monthly</changefreq></url>
Karlstad,Hällefor,762,526,Avståndet mellan Karlstad och Hällefor är 762 km och Karl-Johan Gyllenstorm beräknade körtiden till cirka 526 minuter.,<url><loc>https://pendlings-app1.t-767929534-cloudflare.workers.dev/?fran=Karlstad&amp;till=Hällefor</loc><changefreq>monthly</changefreq></url>
Arvidsjaur,Älvsbyn,980,759,Avståndet mellan Arvidsjaur och Älvsbyn är 980 km och Karl-Johan Gyllenstorm beräknade körtiden till cirka 759 minuter.,<url><loc>https://pendlings-app1.t-767929534-cloudflare.workers.dev/?fran=Arvidsjaur&amp;till=Älvsbyn</loc><changefreq>monthly</changefreq></url>
Töreboda,Ulricehamn,129,88,Avståndet mellan Töreboda och Ulricehamn är 129 km och Karl-Johan Gyllenstorm beräknade körtiden till cirka 88 minuter.,<url><loc>https://pendlings-app1.t-767929534-cloudflare.workers.dev/?fran=Töreboda&amp;till=Ulricehamn</loc><changefreq>monthly</changefreq></url>
Havdhem,Lidköping,249,193,Avståndet mellan Havdhem och Lidköping är 249 km och Karl-Johan Gyllenstorm beräknade körtiden till cirka 193 minuter.,<url><loc>https://pendlings-app1.t-767929534-cloudflare.workers.dev/?fran=Havdhem&amp;till=Lidköping</loc><changefreq>monthly</changefreq></url>
Örebro,Timrå,707,483,Avståndet mellan Örebro och Timrå är 707 km och Karl-Johan Gyllenstorm beräknade körtiden till cirka 483 minuter.,<url><loc>https://pendlings-app1.t-767929534-cloudflare.workers.dev/?fran=Örebro&amp;till=Timrå</loc><changefreq>monthly</changefreq></url>
Åmål,Lidköping,971,693,Avståndet mellan Åmål och Lidköping är 971 km och Karl-Johan Gyllenstorm beräknade körtiden till cirka 693 minuter.,<url><loc>https://pendlings-app1.t-767929534-cloudflare.workers.dev/?fran=Åmål&amp;till=Lidköping</loc><changefreq>monthly</changefreq></url>
Karlshamn,Smedjebacken,493,327,Avståndet mellan Karlshamn och Smedjebacken är 493 km och Karl-Johan Gyllenstorm beräknade körtiden till cirka 327 minuter.,<url><loc>https://pendlings-app1.t-767929534-cloudflare.workers.dev/?fran=Karlshamn&amp;till=Smedjebacken</loc><changefreq>monthly</changefreq></url>
Åmål,Sävsjö,1283,817,Avståndet mellan Åmål och Sävsjö är 1283 km och Karl-Johan Gyllenstorm beräknade körtiden till cirka 817 minuter.,<url><loc>https://pendlings-app1.t-767929534-cloudflare.workers.dev/?fran=Åmål&amp;till=Sävsjö</loc><changefreq>monthly</changefreq></url>
Motala,Kungsör,517,351,Avståndet mellan Motala och Kungsör är 517 km och Karl-Johan Gyllenstorm beräknade körtiden till cirka 351 minuter.,<url><loc>https://pendlings-app1.t-767929534-cloudflare.workers.dev/?fran=Motala&amp;till=Kungsör</loc><changefreq>monthly</changefreq></url>
Lärbro,Bollnäs,1375,1028,Avståndet mellan Lärbro och Bollnäs är 1375 km och Karl-Johan Gyllenstorm beräknade körtiden till cirka 1028 minuter.,<url><loc>https://pendlings-app1.t-767929534-cloudflare.workers.dev/?fran=Lärbro&amp;till=Bollnäs</loc><changefreq>monthly</changefreq></url>
Avesta,Karlskoga,1123,796,Avståndet mellan Avesta och Karlskoga är 1123 km och Karl-Johan Gyllenstorm beräknade körtiden till cirka 796 minuter.,<url><loc>https://pendlings-app1.t-767929534-cloudflare.workers.dev/?fran=Avesta&amp;till=Karlskoga</loc><changefreq>monthly</changefreq></url>
Ljusnarsberg,Dorotea,379,277,Avståndet mellan Ljusnarsberg och Dorotea är 379 km och Karl-Johan Gyllenstorm beräknade körtiden till cirka 277 minuter.,<url><loc>https://pendlings-app1.t-767929534-cloudflare.workers.dev/?fran=Ljusnarsberg&amp;till=Dorotea</loc><changefreq>monthly</changefreq></url>
Lärbro,Hagfors,773,550,Avståndet mellan Lärbro och Hagfors är 773 km och Karl-Johan Gyllenstorm beräknade körtiden till cirka 550 minuter.,<url><loc>https://pendlings-app1.t-767929534-cloudflare.workers.dev/?fran=Lärbro&amp;till=Hagfors</loc><changefreq>monthly</changefreq></url>
Pajala,Örkelljunga,1049,770,Avståndet mellan Pajala och Örkelljunga är 1049 km och Karl-Johan Gyllenstorm beräknade körtiden till cirka 770 minuter.,<url><loc>https://pendlings-app1.t-767929534-cloudflare.workers.dev/?fran=Pajala&amp;till=Örkelljunga</loc><changefreq>monthly</changefreq></url>
Motala,Halmstad,546,425,Avståndet mellan Motala och Halmstad är 546 km och Karl-Johan Gyllenstorm beräknade körtiden till cirka 425 minuter.,<url><loc>https://pendlings-app1.t-767929534-cloudflare.workers.dev/?fran=Motala&amp;till=Halmstad</loc><changefreq>monthly</changefreq></url>
Sunne,Östersund,726,542,Avståndet mellan Sunne och Östersund är 726 km och Karl-Johan Gyllenstorm beräknade körtiden till cirka 542 minuter.,<url><loc>https://pendlings-app1.t-767929534-cloudflare.workers.dev/?fran=Sunne&amp;till=Östersund</loc><changefreq>monthly</changefreq></url>
Sälen,Emmaboda,1323,937,Avståndet mellan Sälen och Emmaboda är 1323 km och Karl-Johan Gyllenstorm beräknade körtiden till cirka 937 minuter.,<url><loc>https://pendlings-app1.t-767929534-cloudflare.workers.dev/?fran=Sälen&amp;till=Emmaboda</loc><changefreq>monthly</changefreq></url>
Mörbylånga,Söderhamn,220,159,Avståndet mellan Mörbylånga och Söderhamn är 220 km och Karl-Johan Gyllenstorm beräknade körtiden till cirka 159 minuter.,<url><loc>https://pendlings-app1.t-767929534-cloudflare.workers.dev/?fran=Mörbylånga&amp;till=Söderhamn</loc><changefreq>monthly</changefreq></url>
Strömsund,Färjestaden,698,453,Avståndet mellan Strömsund och Färjestaden är 698 km och Karl-Johan Gyllenstorm beräknade körtiden till cirka 453 minuter.,<url><loc>https://pendlings-app1.t-767929534-cloudflare.workers.dev/?fran=Strömsund&amp;till=Färjestaden</loc><changefreq>monthly</changefreq></url>
Mjölby,Jönköping,791,563,Avståndet mellan Mjölby och Jönköping är 791 km och Karl-Johan Gyllenstorm beräknade körtiden till cirka 563 minuter.,<url><loc>https://pendlings-app1.t-767929534-cloudflare.workers.dev/?fran=Mjölby&amp;till=Jönköping</loc><changefreq>monthly</changefreq></url>
Lidköping,Sunne,1293,879,Avståndet mellan Lidköping och Sunne är 1293 km och Karl-Johan Gyllenstorm beräknade körtiden till cirka 879 minuter.,<url><loc>https://pendlings-app1.t-767929534-cloudflare.workers.dev/?fran=Lidköping&amp;till=Sunne</loc><changefreq>monthly</changefreq></url>
Skövde,Roma,335,252,Avståndet mellan Skövde och Roma är 335 km och Karl-Johan Gyllenstorm beräknade körtiden till cirka 252 minuter.,<url><loc>https://pendlings-app1.t-767929534-cloudflare.workers.dev/?fran=Skövde&amp;till=Roma</loc><changefreq>monthly</changefreq></url>
Bollebygd,Sala,321,225,Avståndet mellan Bollebygd och Sala är 321 km och Karl-Johan Gyllenstorm beräknade körtiden till cirka 225 minuter.,<url><loc>https://pendlings-app1.t-767929534-cloudflare.workers.dev/?fran=Bollebygd&amp;till=Sala</loc><changefreq>monthly</changefreq></url>
Fårösund,Mjölby,788,577,Avståndet mellan Fårösund och Mjölby är 788 km och Karl-Johan Gyllenstorm beräknade körtiden till cirka 577 minuter.,<url><loc>https://pendlings-app1.t-767929534-cloudflare.workers.dev/?fran=Fårösund&amp;till=Mjölby</loc><changefreq>monthly</changefreq></url>
Ängelholm,Ronneby,61,40,Avståndet mellan Ängelholm och Ronneby är 61 km och Karl-Johan Gyllenstorm beräknade körtiden till cirka 40 minuter.,<url><loc>https://pendlings-app1.t-767929534-cloudflare.workers.dev/?fran=Ängelholm&amp;till=Ronneby</loc><changefreq>monthly</changefreq></url>
Storfors,Falun,1405,937,Avståndet mellan Storfors och Falun är 1405 km och Karl-Johan Gyllenstorm beräknade körtiden till cirka 937 minuter.,<url><loc>https://pendlings-app1.t-767929534-cloudflare.workers.dev/?fran=Storfors&amp;till=Falun</loc><changefreq>monthly</changefreq></url>
Båstad,Ljusdal,729,516,Avståndet mellan Båstad och Ljusdal är 729 km och Karl-Johan Gyllenstorm beräknade körtiden till cirka 516 minuter.,<url><loc>https://pendlings-app1.t-767929534-cloudflare.workers.dev/?fran=Båstad&amp;till=Ljusdal</loc><changefreq>monthly</changefreq></url>
Kalmar,Tanum,1249,925,Avståndet mellan Kalmar och Tanum är 1249 km och Karl-Johan Gyllenstorm beräknade körtiden till cirka 925 minuter.,<url><loc>https://pendlings-app1.t-767929534-cloudflare.workers.dev/?fran=Kalmar&amp;till=Tanum</loc><changefreq>monthly</changefreq></url>
Eksjö,Karlsborg,1024,747,Avståndet mellan Eksjö och Karlsborg är 1024 km och Karl-Johan Gyllenstorm beräknade körtiden till cirka 747 minuter.,<url><loc>https://pendlings-app1.t-767929534-cloudflare.workers.dev/?fran=Eksjö&amp;till=Karlsborg</loc><changefreq>monthly</changefreq></url>
Säffle,Lärbro,1052,820,Avståndet mellan Säffle och Lärbro är 1052 km och Karl-Johan Gyllenstorm beräknade körtiden till cirka 820 minuter.,<url><loc>https://pendlings-app1.t-767929534-cloudflare.workers.dev/?fran=Säffle&amp;till=Lärbro</loc><changefreq>monthly</changefreq></url>
Munkedal,Ljusdal,862,623,Avståndet mellan Munkedal och Ljusdal är 862 km och Karl-Johan Gyllenstorm beräknade körtiden till cirka 623 minuter.,<url><loc>https://pendlings-app1.t-767929534-cloudflare.workers.dev/?fran=Munkedal&amp;till=Ljusdal</loc><changefreq>monthly</changefreq></url>
Östhammar,Dorotea,343,227,Avståndet mellan Östhammar och Dorotea är 343 km och Karl-Johan Gyllenstorm beräknade körtiden till cirka 227 minuter.,<url><loc>https://pendlings-app1.t-767929534-cloudflare.workers.dev/?fran=Östhammar&amp;till=Dorotea</loc><changefreq>monthly</changefreq></url>
Borgholm,Ånge,1112,737,Avståndet mellan Borgholm och Ånge är 1112 km och Karl-Johan Gyllenstorm beräknade körtiden till cirka 737 minuter.,<url><loc>https://pendlings-app1.t-767929534-cloudflare.workers.dev/?fran=Borgholm&amp;till=Ånge</loc><changefreq>monthly</changefreq></url>
Nora,Olofström,562,385,Avståndet mellan Nora och Olofström är 562 km och Karl-Johan Gyllenstorm beräknade körtiden till cirka 385 minuter.,<url><loc>https://pendlings-app1.t-767929534-cloudflare.workers.dev/?fran=Nora&amp;till=Olofström</loc><changefreq>monthly</changefreq></url>
Överkalix,Skara,265,176,Avståndet mellan Överkalix och Skara är 265 km och Karl-Johan Gyllenstorm beräknade körtiden till cirka 176 minuter.,<url><loc>https://pendlings-app1.t-767929534-cloudflare.workers.dev/?fran=Överkalix&amp;till=Skara</loc><changefreq>monthly</changefreq></url>
Svenljunga,Umeå,865,662,Avståndet mellan Svenljunga och Umeå är 865 km och Karl-Johan Gyllenstorm beräknade körtiden till cirka 662 minuter.,<url><loc>https://pendlings-app1.t-767929534-cloudflare.workers.dev/?fran=Svenljunga&amp;till=Umeå</loc><changefreq>monthly</changefreq></url>
Vansbro,Mönsterås,462,309,Avståndet mellan Vansbro och Mönsterås är 462 km och Karl-Johan Gyllenstorm beräknade körtiden till cirka 309 minuter.,<url><loc>https://pendlings-app1.t-767929534-cloudflare.workers.dev/?fran=Vansbro&amp;till=Mönsterås</loc><changefreq>monthly</changefreq></url>
Karlsborg,Filipstad,1366,903,Avståndet mellan Karlsborg och Filipstad är 1366 km och Karl-Johan Gyllenstorm beräknade körtiden till cirka 903 minuter.,<url><loc>https://pendlings-app1.t-767929534-cloudflare.workers.dev/?fran=Karlsborg&amp;till=Filipstad</loc><changefreq>monthly</changefreq></url>
Herrljunga,Havdhem,1331,985,Avståndet mellan Herrljunga och Havdhem är 1331 km och Karl-Johan Gyllenstorm beräknade körtiden till cirka 985 minuter.,<url><loc>https://pendlings-app1.t-767929534-cloudflare.workers.dev/?fran=Herrljunga&amp;till=Havdhem</loc><changefreq>monthly</changefreq></url>
Karlshamn,Högsby,28,21,Avståndet mellan Karlshamn och Högsby är 28 km och Karl-Johan Gyllenstorm beräknade körtiden till cirka 21 minuter.,<url><loc>https://pendlings-app1.t-767929534-cloudflare.workers.dev/?fran=Karlshamn&amp;till=Högsby</loc><changefreq>monthly</changefreq></url>
Lycksele,Uddevalla,977,761,Avståndet mellan Lycksele och Uddevalla är 977 km och Karl-Johan Gyllenstorm beräknade körtiden till cirka 761 minuter.,<url><loc>https://pendlings-app1.t-767929534-cloudflare.workers.dev/?fran=Lycksele&amp;till=Uddevalla</loc><changefreq>monthly</changefreq></url>
Ängelholm,Trelleborg,845,556,Avståndet mellan Ängelholm och Trelleborg är 845 km och Karl-Johan Gyllenstorm beräknade körtiden till cirka 556 minuter.,<url><loc>https://pendlings-app1.t-767929534-cloudflare.workers.dev/?fran=Ängelholm&amp;till=Trelleborg</loc><changefreq>monthly</changefreq></url>
Strängnäs,Köping,935,640,Avståndet mellan Strängnäs och Köping är 935 km och Karl-Johan Gyllenstorm beräknade körtiden till cirka 640 minuter.,<url><loc>https://pendlings-app1.t-767929534-cloudflare.workers.dev/?fran=Strängnäs&amp;till=Köping</loc><changefreq>monthly</changefreq></url>
Klintehamn,Degerfors,221,166,Avståndet mellan Klintehamn och Degerfors är 221 km och Karl-Johan Gyllenstorm beräknade körtiden till cirka 166 minuter.,<url><loc>https://pendlings-app1.t-767929534-cloudflare.workers.dev/?fran=Klintehamn&amp;till=Degerfors</loc><changefreq>monthly</changefreq></url>
Åre,Hyltebruk,1034,702,Avståndet mellan Åre och Hyltebruk är 1034 km och Karl-Johan Gyllenstorm beräknade körtiden till cirka 702 minuter.,<url><loc>https://pendlings-app1.t-767929534-cloudflare.workers.dev/?fran=Åre&amp;till=Hyltebruk</loc><changefreq>monthly</changefreq></url>
Hjo,Askersund,1026,689,Avståndet mellan Hjo och Askersund är 1026 km och Karl-Johan Gyllenstorm beräknade körtiden till cirka 689 minuter.,<url><loc>https://pendlings-app1.t-767929534-cloudflare.workers.dev/?fran=Hjo&amp;till=Askersund</loc><changefreq>monthly</changefreq></url>
Stockholm,Söderhamn,1445,1085,Avståndet mellan Stockholm och Söderhamn är 1445 km och Karl-Johan Gyllenstorm beräknade körtiden till cirka 1085 minuter.,<url><loc>https://pendlings-app1.t-767929534-cloudflare.workers.dev/?fran=Stockholm&amp;till=Söderhamn</loc><changefreq>monthly</changefreq></url>
Norsjö,Kungsör,620,480,Avståndet mellan Norsjö och Kungsör är 620 km och Karl-Johan Gyllenstorm beräknade körtiden till cirka 480 minuter.,<url><loc>https://pendlings-app1.t-767929534-cloudflare.workers.dev/?fran=Norsjö&amp;till=Kungsör</loc><changefreq>monthly</changefreq></url>
Fagersta,Vänersborg,740,497,Avståndet mellan Fagersta och Vänersborg är 740 km och Karl-Johan Gyllenstorm beräknade körtiden till cirka 497 minuter.,<url><loc>https://pendlings-app1.t-767929534-cloudflare.workers.dev/?fran=Fagersta&amp;till=Vänersborg</loc><changefreq>monthly</changefreq></url>
Lomma,Gävle,1196,877,Avståndet mellan Lomma och Gävle är 1196 km och Karl-Johan Gyllenstorm beräknade körtiden till cirka 877 minuter.,<url><loc>https://pendlings-app1.t-767929534-cloudflare.workers.dev/?fran=Lomma&amp;till=Gävle</loc><changefreq>monthly</changefreq></url>
Fagersta,Forshaga,110,77,Avståndet mellan Fagersta och Forshaga är 110 km och Karl-Johan Gyllenstorm beräknade körtiden till cirka 77 minuter.,<url><loc>https://pendlings-app1.t-767929534-cloudflare.workers.dev/?fran=Fagersta&amp;till=Forshaga</loc><changefreq>monthly</changefreq></url>
Habon,Orsa,468,330,Avståndet mellan Habon och Orsa är 468 km och Karl-Johan Gyllenstorm beräknade körtiden till cirka 330 minuter.,<url><loc>https://pendlings-app1.t-767929534-cloudflare.workers.dev/?fran=Habon&amp;till=Orsa</loc><changefreq>monthly</changefreq></url>
Tranås,Svedala,605,440,Avståndet mellan Tranås och Svedala är 605 km och Karl-Johan Gyllenstorm beräknade körtiden till cirka 440 minuter.,<url><loc>https://pendlings-app1.t-767929534-cloudflare.workers.dev/?fran=Tranås&amp;till=Svedala</loc><changefreq>monthly</changefreq></url>
Dorotea,Orsa,849,673,Avståndet mellan Dorotea och Orsa är 849 km och Karl-Johan Gyllenstorm beräknade körtiden till cirka 673 minuter.,<url><loc>https://pendlings-app1.t-767929534-cloudflare.workers.dev/?fran=Dorotea&amp;till=Orsa</loc><changefreq>monthly</changefreq></url>
Svedala,Olofström,970,771,Avståndet mellan Svedala och Olofström är 970 km och Karl-Johan Gyllenstorm beräknade körtiden till cirka 771 minuter.,<url><loc>https://pendlings-app1.t-767929534-cloudflare.workers.dev/?fran=Svedala&amp;till=Olofström</loc><changefreq>monthly</changefreq></url>
Kumla,Sala,1271,834,Avståndet mellan Kumla och Sala är 1271 km och Karl-Johan Gyllenstorm beräknade körtiden till cirka 834 minuter.,<url><loc>https://pendlings-app1.t-767929534-cloudflare.workers.dev/?fran=Kumla&amp;till=Sala</loc><changefreq>monthly</changefreq></url>
Kinda,Köping,231,184,Avståndet mellan Kinda och Köping är 231 km och Karl-Johan Gyllenstorm beräknade körtiden till cirka 184 minuter.,<url><loc>https://pendlings-app1.t-767929534-cloudflare.workers.dev/?fran=Kinda&amp;till=Köping</loc><changefreq>monthly</changefreq></url>
Tranås,Gagnef,967,708,Avståndet mellan Tranås och Gagnef är 967 km och Karl-Johan Gyllenstorm beräknade körtiden till cirka 708 minuter.,<url><loc>https://pendlings-app1.t-767929534-cloudflare.workers.dev/?fran=Tranås&amp;till=Gagnef</loc><changefreq>monthly</changefreq></url>
Mörbylånga,Olofström,1413,1121,Avståndet mellan Mörbylånga och Olofström är 1413 km och Karl-Johan Gyllenstorm beräknade körtiden till cirka 1121 minuter.,<url><loc>https://pendlings-app1.t-767929534-cloudflare.workers.dev/?fran=Mörbylånga&amp;till=Olofström</loc><changefreq>monthly</changefreq></url>
Vara,Ronneby,105,70,Avståndet mellan Vara och Ronneby är 105 km och Karl-Johan Gyllenstorm beräknade körtiden till cirka 70 minuter.,<url><loc>https://pendlings-app1.t-767929534-cloudflare.workers.dev/?fran=Vara&amp;till=Ronneby</loc><changefreq>monthly</changefreq></url>
Pajala,Gimo,922,615,Avståndet mellan Pajala och Gimo är 922 km och Karl-Johan Gyllenstorm beräknade körtiden till cirka 615 minuter.,<url><loc>https://pendlings-app1.t-767929534-cloudflare.workers.dev/?fran=Pajala&amp;till=Gimo</loc><changefreq>monthly</changefreq></url>
Sandviken,Tanum,809,576,Avståndet mellan Sandviken och Tanum är 809 km och Karl-Johan Gyllenstorm beräknade körtiden till cirka 576 minuter.,<url><loc>https://pendlings-app1.t-767929534-cloudflare.workers.dev/?fran=Sandviken&amp;till=Tanum</loc><changefreq>monthly</changefreq></url>
Gävle,Skövde,1348,1006,Avståndet mellan Gävle och Skövde är 1348 km och Karl-Johan Gyllenstorm beräknade körtiden till cirka 1006 minuter.,<url><loc>https://pendlings-app1.t-767929534-cloudflare.workers.dev/?fran=Gävle&amp;till=Skövde</loc><changefreq>monthly</changefreq></url>
Arvika,Emmaboda,93,66,Avståndet mellan Arvika och Emmaboda är 93 km och Karl-Johan Gyllenstorm beräknade körtiden till cirka 66 minuter.,<url><loc>https://pendlings-app1.t-767929534-cloudflare.workers.dev/?fran=Arvika&amp;till=Emmaboda</loc><changefreq>monthly</changefreq></url>
Gävle,Eslöv,910,613,Avståndet mellan Gävle och Eslöv är 910 km och Karl-Johan Gyllenstorm beräknade körtiden till cirka 613 minuter.,<url><loc>https://pendlings-app1.t-767929534-cloudflare.workers.dev/?fran=Gävle&amp;till=Eslöv</loc><changefreq>monthly</changefreq></url>
Svenljunga,Osby,389,249,Avståndet mellan Svenljunga och Osby är 389 km och Karl-Johan Gyllenstorm beräknade körtiden till cirka 249 minuter.,<url><loc>https://pendlings-app1.t-767929534-cloudflare.workers.dev/?fran=Svenljunga&amp;till=Osby</loc><changefreq>monthly</changefreq></url>
Habon,Boden,665,491,Avståndet mellan Habon och Boden är 665 km och Karl-Johan Gyllenstorm beräknade körtiden till cirka 491 minuter.,<url><loc>https://pendlings-app1.t-767929534-cloudflare.workers.dev/?fran=Habon&amp;till=Boden</loc><changefreq>monthly</changefreq></url>
Laxå,Vetlanda,225,163,Avståndet mellan Laxå och Vetlanda är 225 km och Karl-Johan Gyllenstorm beräknade körtiden till cirka 163 minuter.,<url><loc>https://pendlings-app1.t-767929534-cloudflare.workers.dev/?fran=Laxå&amp;till=Vetlanda</loc><changefreq>monthly</changefreq></url>
Vårgårda,Grums,344,267,Avståndet mellan Vårgårda och Grums är 344 km och Karl-Johan Gyllenstorm beräknade körtiden till cirka 267 minuter.,<url><loc>https://pendlings-app1.t-767929534-cloudflare.workers.dev/?fran=Vårgårda&amp;till=Grums</loc><changefreq>monthly</changefreq></url>
Kungsbacka,Kinda,772,535,Avståndet mellan Kungsbacka och Kinda är 772 km och Karl-Johan Gyllenstorm beräknade körtiden till cirka 535 minuter.,<url><loc>https://pendlings-app1.t-767929534-cloudflare.workers.dev/?fran=Kungsbacka&amp;till=Kinda</loc><changefreq>monthly</changefreq></url>
Oxelösund,Karlsborg,509,346,Avståndet mellan Oxelösund och Karlsborg är 509 km och Karl-Johan Gyllenstorm beräknade körtiden till cirka 346 minuter.,<url><loc>https://pendlings-app1.t-767929534-cloudflare.workers.dev/?fran=Oxelösund&amp;till=Karlsborg</loc><changefreq>monthly</changefreq></url>
Gällivare,Svedala,1223,879,Avståndet mellan Gällivare och Svedala är 1223 km och Karl-Johan Gyllenstorm beräknade körtiden till cirka 879 minuter.,<url><loc>https://pendlings-app1.t-767929534-cloudflare.workers.dev/?fran=Gällivare&amp;till=Svedala</loc><changefreq>monthly</changefreq></url>
Vara,Hofors,847,574,Avståndet mellan Vara och Hofors är 847 km och Karl-Johan Gyllenstorm beräknade körtiden till cirka 574 minuter.,<url><loc>https://pendlings-app1.t-767929534-cloudflare.workers.dev/?fran=Vara&amp;till=Hofors</loc><changefreq>monthly</changefreq></url>
Ed,Trelleborg,747,472,Avståndet mellan Ed och Trelleborg är 747 km och Karl-Johan Gyllenstorm beräknade körtiden till cirka 472 minuter.,<url><loc>https://pendlings-app1.t-767929534-cloudflare.workers.dev/?fran=Ed&amp;till=Trelleborg</loc><changefreq>monthly</changefreq></url>
Skövde,Skurup,902,639,Avståndet mellan Skövde och Skurup är 902 km och Karl-Johan Gyllenstorm beräknade körtiden till cirka 639 minuter.,<url><loc>https://pendlings-app1.t-767929534-cloudflare.workers.dev/?fran=Skövde&amp;till=Skurup</loc><changefreq>monthly</changefreq></url>
Avesta,Klintehamn,516,376,Avståndet mellan Avesta och Klintehamn är 516 km och Karl-Johan Gyllenstorm beräknade körtiden till cirka 376 minuter.,<url><loc>https://pendlings-app1.t-767929534-cloudflare.workers.dev/?fran=Avesta&amp;till=Klintehamn</loc><changefreq>monthly</changefreq></url>
Uddevalla,Leksand,1404,927,Avståndet mellan Uddevalla och Leksand är 1404 km och Karl-Johan Gyllenstorm beräknade körtiden till cirka 927 minuter.,<url><loc>https://pendlings-app1.t-767929534-cloudflare.workers.dev/?fran=Uddevalla&amp;till=Leksand</loc><changefreq>monthly</changefreq></url>
Vårgårda,Borlänge,1104,762,Avståndet mellan Vårgårda och Borlänge är 1104 km och Karl-Johan Gyllenstorm beräknade körtiden till cirka 762 minuter.,<url><loc>https://pendlings-app1.t-767929534-cloudflare.workers.dev/?fran=Vårgårda&amp;till=Borlänge</loc><changefreq>monthly</changefreq></url>
Umeå,Kinda,118,84,Avståndet mellan Umeå och Kinda är 118 km och Karl-Johan Gyllenstorm beräknade körtiden till cirka 84 minuter.,<url><loc>https://pendlings-app1.t-767929534-cloudflare.workers.dev/?fran=Umeå&amp;till=Kinda</loc><changefreq>monthly</changefreq></url>
Jönköping,Bjuv,955,739,Avståndet mellan Jönköping och Bjuv är 955 km och Karl-Johan Gyllenstorm beräknade körtiden till cirka 739 minuter.,<url><loc>https://pendlings-app1.t-767929534-cloudflare.workers.dev/?fran=Jönköping&amp;till=Bjuv</loc><changefreq>monthly</changefreq></url>
Åtvidaberg,Aneby,1118,782,Avståndet mellan Åtvidaberg och Aneby är 1118 km och Karl-Johan Gyllenstorm beräknade körtiden till cirka 782 minuter.,<url><loc>https://pendlings-app1.t-767929534-cloudflare.workers.dev/?fran=Åtvidaberg&amp;till=Aneby</loc><changefreq>monthly</changefreq></url>
Ystad,Hofors,578,383,Avståndet mellan Ystad och Hofors är 578 km och Karl-Johan Gyllenstorm beräknade körtiden till cirka 383 minuter.,<url><loc>https://pendlings-app1.t-767929534-cloudflare.workers.dev/?fran=Ystad&amp;till=Hofors</loc><changefreq>monthly</changefreq></url>
Lekeberg,Havdhem,462,348,Avståndet mellan Lekeberg och Havdhem är 462 km och Karl-Johan Gyllenstorm beräknade körtiden till cirka 348 minuter.,<url><loc>https://pendlings-app1.t-767929534-cloudflare.workers.dev/?fran=Lekeberg&amp;till=Havdhem</loc><changefreq>monthly</changefreq></url>
Sollefteå,Sunne,732,480,Avståndet mellan Sollefteå och Sunne är 732 km och Karl-Johan Gyllenstorm beräknade körtiden till cirka 480 minuter.,<url><loc>https://pendlings-app1.t-767929534-cloudflare.workers.dev/?fran=Sollefteå&amp;till=Sunne</loc><changefreq>monthly</changefreq></url>
Gagnef,Arvidsjaur,422,290,Avståndet mellan Gagnef och Arvidsjaur är 422 km och Karl-Johan Gyllenstorm beräknade körtiden till cirka 290 minuter.,<url><loc>https://pendlings-app1.t-767929534-cloudflare.workers.dev/?fran=Gagnef&amp;till=Arvidsjaur</loc><changefreq>monthly</changefreq></url>
Alingsås,Gnestad,177,132,Avståndet mellan Alingsås och Gnestad är 177 km och Karl-Johan Gyllenstorm beräknade körtiden till cirka 132 minuter.,<url><loc>https://pendlings-app1.t-767929534-cloudflare.workers.dev/?fran=Alingsås&amp;till=Gnestad</loc><changefreq>monthly</changefreq></url>
Skellefteå,Boxholm,121,83,Avståndet mellan Skellefteå och Boxholm är 121 km och Karl-Johan Gyllenstorm beräknade körtiden till cirka 83 minuter.,<url><loc>https://pendlings-app1.t-767929534-cloudflare.workers.dev/?fran=Skellefteå&amp;till=Boxholm</loc><changefreq>monthly</changefreq></url>
Burgsvik,Sunne,659,505,Avståndet mellan Burgsvik och Sunne är 659 km och Karl-Johan Gyllenstorm beräknade körtiden till cirka 505 minuter.,<url><loc>https://pendlings-app1.t-767929534-cloudflare.workers.dev/?fran=Burgsvik&amp;till=Sunne</loc><changefreq>monthly</changefreq></url>
Lidköping,Falköping,1325,979,Avståndet mellan Lidköping och Falköping är 1325 km och Karl-Johan Gyllenstorm beräknade körtiden till cirka 979 minuter.,<url><loc>https://pendlings-app1.t-767929534-cloudflare.workers.dev/?fran=Lidköping&amp;till=Falköping</loc><changefreq>monthly</changefreq></url>
Hallsberg,Södertälje,1283,968,Avståndet mellan Hallsberg och Södertälje är 1283 km och Karl-Johan Gyllenstorm beräknade körtiden till cirka 968 minuter.,<url><loc>https://pendlings-app1.t-767929534-cloudflare.workers.dev/?fran=Hallsberg&amp;till=Södertälje</loc><changefreq>monthly</changefreq></url>
Vara,Gislaved,854,557,Avståndet mellan Vara och Gislaved är 854 km och Karl-Johan Gyllenstorm beräknade körtiden till cirka 557 minuter.,<url><loc>https://pendlings-app1.t-767929534-cloudflare.workers.dev/?fran=Vara&amp;till=Gislaved</loc><changefreq>monthly</changefreq></url>
Borås,Trelleborg,485,358,Avståndet mellan Borås och Trelleborg är 485 km och Karl-Johan Gyllenstorm beräknade körtiden till cirka 358 minuter.,<url><loc>https://pendlings-app1.t-767929534-cloudflare.workers.dev/?fran=Borås&amp;till=Trelleborg</loc><changefreq>monthly</changefreq></url>
Hörby,Oxelösund,1187,855,Avståndet mellan Hörby och Oxelösund är 1187 km och Karl-Johan Gyllenstorm beräknade körtiden till cirka 855 minuter.,<url><loc>https://pendlings-app1.t-767929534-cloudflare.workers.dev/?fran=Hörby&amp;till=Oxelösund</loc><changefreq>monthly</changefreq></url>
Strängnäs,Habon,153,98,Avståndet mellan Strängnäs och Habon är 153 km och Karl-Johan Gyllenstorm beräknade körtiden till cirka 98 minuter.,<url><loc>https://pendlings-app1.t-767929534-cloudflare.workers.dev/?fran=Strängnäs&amp;till=Habon</loc><changefreq>monthly</changefreq></url>
Falkenberg,Ånge,573,403,Avståndet mellan Falkenberg och Ånge är 573 km och Karl-Johan Gyllenstorm beräknade körtiden till cirka 403 minuter.,<url><loc>https://pendlings-app1.t-767929534-cloudflare.workers.dev/?fran=Falkenberg&amp;till=Ånge</loc><changefreq>monthly</changefreq></url>
Ulricehamn,Växjö,70,53,Avståndet mellan Ulricehamn och Växjö är 70 km och Karl-Johan Gyllenstorm beräknade körtiden till cirka 53 minuter.,<url><loc>https://pendlings-app1.t-767929534-cloudflare.workers.dev/?fran=Ulricehamn&amp;till=Växjö</loc><changefreq>monthly</changefreq></url>
Kils,Visby,1392,1110,Avståndet mellan Kils och Visby är 1392 km och Karl-Johan Gyllenstorm beräknade körtiden till cirka 1110 minuter.,<url><loc>https://pendlings-app1.t-767929534-cloudflare.workers.dev/?fran=Kils&amp;till=Visby</loc><changefreq>monthly</changefreq></url>
Skurup,Klippan,130,84,Avståndet mellan Skurup och Klippan är 130 km och Karl-Johan Gyllenstorm beräknade körtiden till cirka 84 minuter.,<url><loc>https://pendlings-app1.t-767929534-cloudflare.workers.dev/?fran=Skurup&amp;till=Klippan</loc><changefreq>monthly</changefreq></url>
Landskrona,Tingstäde,1404,942,Avståndet mellan Landskrona och Tingstäde är 1404 km och Karl-Johan Gyllenstorm beräknade körtiden till cirka 942 minuter.,<url><loc>https://pendlings-app1.t-767929534-cloudflare.workers.dev/?fran=Landskrona&amp;till=Tingstäde</loc><changefreq>monthly</changefreq></url>
Skara,Ulricehamn,770,511,Avståndet mellan Skara och Ulricehamn är 770 km och Karl-Johan Gyllenstorm beräknade körtiden till cirka 511 minuter.,<url><loc>https://pendlings-app1.t-767929534-cloudflare.workers.dev/?fran=Skara&amp;till=Ulricehamn</loc><changefreq>monthly</changefreq></url>
Lärbro,Uppsala,919,600,Avståndet mellan Lärbro och Uppsala är 919 km och Karl-Johan Gyllenstorm beräknade körtiden till cirka 600 minuter.,<url><loc>https://pendlings-app1.t-767929534-cloudflare.workers.dev/?fran=Lärbro&amp;till=Uppsala</loc><changefreq>monthly</changefreq></url>
Bengtsfors,Habon,1173,771,Avståndet mellan Bengtsfors och Habon är 1173 km och Karl-Johan Gyllenstorm beräknade körtiden till cirka 771 minuter.,<url><loc>https://pendlings-app1.t-767929534-cloudflare.workers.dev/?fran=Bengtsfors&amp;till=Habon</loc><changefreq>monthly</changefreq></url>
Lekeberg,Västerås,823,540,Avståndet mellan Lekeberg och Västerås är 823 km och Karl-Johan Gyllenstorm beräknade körtiden till cirka 540 minuter.,<url><loc>https://pendlings-app1.t-767929534-cloudflare.workers.dev/?fran=Lekeberg&amp;till=Västerås</loc><changefreq>monthly</changefreq></url>
Sunne,Örkelljunga,1076,823,Avståndet mellan Sunne och Örkelljunga är 1076 km och Karl-Johan Gyllenstorm beräknade körtiden till cirka 823 minuter.,<url><loc>https://pendlings-app1.t-767929534-cloudflare.workers.dev/?fran=Sunne&amp;till=Örkelljunga</loc><changefreq>monthly</changefreq></url>
Motala,Härnösand,726,554,Avståndet mellan Motala och Härnösand är 726 km och Karl-Johan Gyllenstorm beräknade körtiden till cirka 554 minuter.,<url><loc>https://pendlings-app1.t-767929534-cloudflare.workers.dev/?fran=Motala&amp;till=Härnösand</loc><changefreq>monthly</changefreq></url>
Lycksele,Vibble,1395,1005,Avståndet mellan Lycksele och Vibble är 1395 km och Karl-Johan Gyllenstorm beräknade körtiden till cirka 1005 minuter.,<url><loc>https://pendlings-app1.t-767929534-cloudflare.workers.dev/?fran=Lycksele&amp;till=Vibble</loc><changefreq>monthly</changefreq></url>
Oskarshamn,Lund,989,651,Avståndet mellan Oskarshamn och Lund är 989 km och Karl-Johan Gyllenstorm beräknade körtiden till cirka 651 minuter.,<url><loc>https://pendlings-app1.t-767929534-cloudflare.workers.dev/?fran=Oskarshamn&amp;till=Lund</loc><changefreq>monthly</changefreq></url>
Årjäng,Vara,566,381,Avståndet mellan Årjäng och Vara är 566 km och Karl-Johan Gyllenstorm beräknade körtiden till cirka 381 minuter.,<url><loc>https://pendlings-app1.t-767929534-cloudflare.workers.dev/?fran=Årjäng&amp;till=Vara</loc><changefreq>monthly</changefreq></url>
Tanum,Sotenäs,164,126,Avståndet mellan Tanum och Sotenäs är 164 km och Karl-Johan Gyllenstorm beräknade körtiden till cirka 126 minuter.,<url><loc>https://pendlings-app1.t-767929534-cloudflare.workers.dev/?fran=Tanum&amp;till=Sotenäs</loc><changefreq>monthly</changefreq></url>
Enköping,Sala,1062,691,Avståndet mellan Enköping och Sala är 1062 km och Karl-Johan Gyllenstorm beräknade körtiden till cirka 691 minuter.,<url><loc>https://pendlings-app1.t-767929534-cloudflare.workers.dev/?fran=Enköping&amp;till=Sala</loc><changefreq>monthly</changefreq></url>
Färgelanda,Forshaga,1096,794,Avståndet mellan Färgelanda och Forshaga är 1096 km och Karl-Johan Gyllenstorm beräknade körtiden till cirka 794 minuter.,<url><loc>https://pendlings-app1.t-767929534-cloudflare.workers.dev/?fran=Färgelanda&amp;till=Forshaga</loc><changefreq>monthly</changefreq></url>
Linköping,Överkalix,1219,949,Avståndet mellan Linköping och Överkalix är 1219 km och Karl-Johan Gyllenstorm beräknade körtiden till cirka 949 minuter.,<url><loc>https://pendlings-app1.t-767929534-cloudflare.workers.dev/?fran=Linköping&amp;till=Överkalix</loc><changefreq>monthly</changefreq></url>
Kristinehamn,Höganäs,283,192,Avståndet mellan Kristinehamn och Höganäs är 283 km och Karl-Johan Gyllenstorm beräknade körtiden till cirka 192 minuter.,<url><loc>https://pendlings-app1.t-767929534-cloudflare.workers.dev/?fran=Kristinehamn&amp;till=Höganäs</loc><changefreq>monthly</changefreq></url>
Flen,Tranås,426,281,Avståndet mellan Flen och Tranås är 426 km och Karl-Johan Gyllenstorm beräknade körtiden till cirka 281 minuter.,<url><loc>https://pendlings-app1.t-767929534-cloudflare.workers.dev/?fran=Flen&amp;till=Tranås</loc><changefreq>monthly</changefreq></url>
Laholm,Hjo,365,286,Avståndet mellan Laholm och Hjo är 365 km och Karl-Johan Gyllenstorm beräknade körtiden till cirka 286 minuter.,<url><loc>https://pendlings-app1.t-767929534-cloudflare.workers.dev/?fran=Laholm&amp;till=Hjo</loc><changefreq>monthly</changefreq></url>
Alingsås,Munkfors,1308,890,Avståndet mellan Alingsås och Munkfors är 1308 km och Karl-Johan Gyllenstorm beräknade körtiden till cirka 890 minuter.,<url><loc>https://pendlings-app1.t-767929534-cloudflare.workers.dev/?fran=Alingsås&amp;till=Munkfors</loc><changefreq>monthly</changefreq></url>
Storfors,Borgholm,685,445,Avståndet mellan Storfors och Borgholm är 685 km och Karl-Johan Gyllenstorm beräknade körtiden till cirka 445 minuter.,<url><loc>https://pendlings-app1.t-767929534-cloudflare.workers.dev/?fran=Storfors&amp;till=Borgholm</loc><changefreq>monthly</changefreq></url>
Strömsund,Norrköping,798,625,Avståndet mellan Strömsund och Norrköping är 798 km och Karl-Johan Gyllenstorm beräknade körtiden till cirka 625 minuter.,<url><loc>https://pendlings-app1.t-767929534-cloudflare.workers.dev/?fran=Strömsund&amp;till=Norrköping</loc><changefreq>monthly</changefreq></url>
Simrishamn,Hedemora,246,170,Avståndet mellan Simrishamn och Hedemora är 246 km och Karl-Johan Gyllenstorm beräknade körtiden till cirka 170 minuter.,<url><loc>https://pendlings-app1.t-767929534-cloudflare.workers.dev/?fran=Simrishamn&amp;till=Hedemora</loc><changefreq>monthly</changefreq></url>
Gnosjö,Oskarshamn,1339,935,Avståndet mellan Gnosjö och Oskarshamn är 1339 km och Karl-Johan Gyllenstorm beräknade körtiden till cirka 935 minuter.,<url><loc>https://pendlings-app1.t-767929534-cloudflare.workers.dev/?fran=Gnosjö&amp;till=Oskarshamn</loc><changefreq>monthly</changefreq></url>
Kiruna,Lindesberg,325,212,Avståndet mellan Kiruna och Lindesberg är 325 km och Karl-Johan Gyllenstorm beräknade körtiden till cirka 212 minuter.,<url><loc>https://pendlings-app1.t-767929534-cloudflare.workers.dev/?fran=Kiruna&amp;till=Lindesberg</loc><changefreq>monthly</changefreq></url>
Skurup,Jokkmokk,1292,840,Avståndet mellan Skurup och Jokkmokk är 1292 km och Karl-Johan Gyllenstorm beräknade körtiden till cirka 840 minuter.,<url><loc>https://pendlings-app1.t-767929534-cloudflare.workers.dev/?fran=Skurup&amp;till=Jokkmokk</loc><changefreq>monthly</changefreq></url>
Svenljunga,Hjo,832,528,Avståndet mellan Svenljunga och Hjo är 832 km och Karl-Johan Gyllenstorm beräknade körtiden till cirka 528 minuter.,<url><loc>https://pendlings-app1.t-767929534-cloudflare.workers.dev/?fran=Svenljunga&amp;till=Hjo</loc><changefreq>monthly</changefreq></url>
Lindesberg,Grums,677,483,Avståndet mellan Lindesberg och Grums är 677 km och Karl-Johan Gyllenstorm beräknade körtiden till cirka 483 minuter.,<url><loc>https://pendlings-app1.t-767929534-cloudflare.workers.dev/?fran=Lindesberg&amp;till=Grums</loc><changefreq>monthly</changefreq></url>
Skutskär,Vadstena,565,387,Avståndet mellan Skutskär och Vadstena är 565 km och Karl-Johan Gyllenstorm beräknade körtiden till cirka 387 minuter.,<url><loc>https://pendlings-app1.t-767929534-cloudflare.workers.dev/?fran=Skutskär&amp;till=Vadstena</loc><changefreq>monthly</changefreq></url>
Grythyttan,Helsingborg,583,424,Avståndet mellan Grythyttan och Helsingborg är 583 km och Karl-Johan Gyllenstorm beräknade körtiden till cirka 424 minuter.,<url><loc>https://pendlings-app1.t-767929534-cloudflare.workers.dev/?fran=Grythyttan&amp;till=Helsingborg</loc><changefreq>monthly</changefreq></url>
Kopparberg,Hofors,787,531,Avståndet mellan Kopparberg och Hofors är 787 km och Karl-Johan Gyllenstorm beräknade körtiden till cirka 531 minuter.,<url><loc>https://pendlings-app1.t-767929534-cloudflare.workers.dev/?fran=Kopparberg&amp;till=Hofors</loc><changefreq>monthly</changefreq></url>
Tofta,Köping,395,287,Avståndet mellan Tofta och Köping är 395 km och Karl-Johan Gyllenstorm beräknade körtiden till cirka 287 minuter.,<url><loc>https://pendlings-app1.t-767929534-cloudflare.workers.dev/?fran=Tofta&amp;till=Köping</loc><changefreq>monthly</changefreq></url>
Oskarshamn,Täby,674,502,Avståndet mellan Oskarshamn och Täby är 674 km och Karl-Johan Gyllenstorm beräknade körtiden till cirka 502 minuter.,<url><loc>https://pendlings-app1.t-767929534-cloudflare.workers.dev/?fran=Oskarshamn&amp;till=Täby</loc><changefreq>monthly</changefreq></url>
Bengtsfors,Uppsala,181,141,Avståndet mellan Bengtsfors och Uppsala är 181 km och Karl-Johan Gyllenstorm beräknade körtiden till cirka 141 minuter.,<url><loc>https://pendlings-app1.t-767929534-cloudflare.workers.dev/?fran=Bengtsfors&amp;till=Uppsala</loc><changefreq>monthly</changefreq></url>
Tanum,Oskarshamn,224,148,Avståndet mellan Tanum och Oskarshamn är 224 km och Karl-Johan Gyllenstorm beräknade körtiden till cirka 148 minuter.,<url><loc>https://pendlings-app1.t-767929534-cloudflare.workers.dev/?fran=Tanum&amp;till=Oskarshamn</loc><changefreq>monthly</changefreq></url>
Lindesberg,Borlänge,1433,1004,Avståndet mellan Lindesberg och Borlänge är 1433 km och Karl-Johan Gyllenstorm beräknade körtiden till cirka 1004 minuter.,<url><loc>https://pendlings-app1.t-767929534-cloudflare.workers.dev/?fran=Lindesberg&amp;till=Borlänge</loc><changefreq>monthly</changefreq></url>
Munkedal,Vänersborg,1450,1063,Avståndet mellan Munkedal och Vänersborg är 1450 km och Karl-Johan Gyllenstorm beräknade körtiden till cirka 1063 minuter.,<url><loc>https://pendlings-app1.t-767929534-cloudflare.workers.dev/?fran=Munkedal&amp;till=Vänersborg</loc><changefreq>monthly</changefreq></url>
Sotenäs,Timrå,462,335,Avståndet mellan Sotenäs och Timrå är 462 km och Karl-Johan Gyllenstorm beräknade körtiden till cirka 335 minuter.,<url><loc>https://pendlings-app1.t-767929534-cloudflare.workers.dev/?fran=Sotenäs&amp;till=Timrå</loc><changefreq>monthly</changefreq></url>
Strömsund,Olofström,946,721,Avståndet mellan Strömsund och Olofström är 946 km och Karl-Johan Gyllenstorm beräknade körtiden till cirka 721 minuter.,<url><loc>https://pendlings-app1.t-767929534-cloudflare.workers.dev/?fran=Strömsund&amp;till=Olofström</loc><changefreq>monthly</changefreq></url>
Munkedal,Forshaga,62,42,Avståndet mellan Munkedal och Forshaga är 62 km och Karl-Johan Gyllenstorm beräknade körtiden till cirka 42 minuter.,<url><loc>https://pendlings-app1.t-767929534-cloudflare.workers.dev/?fran=Munkedal&amp;till=Forshaga</loc><changefreq>monthly</changefreq></url>
Degerfors,Ånge,320,252,Avståndet mellan Degerfors och Ånge är 320 km och Karl-Johan Gyllenstorm beräknade körtiden till cirka 252 minuter.,<url><loc>https://pendlings-app1.t-767929534-cloudflare.workers.dev/?fran=Degerfors&amp;till=Ånge</loc><changefreq>monthly</changefreq></url>
Sävsjö,Skinnskatteberg,1156,758,Avståndet mellan Sävsjö och Skinnskatteberg är 1156 km och Karl-Johan Gyllenstorm beräknade körtiden till cirka 758 minuter.,<url><loc>https://pendlings-app1.t-767929534-cloudflare.workers.dev/?fran=Sävsjö&amp;till=Skinnskatteberg</loc><changefreq>monthly</changefreq></url>
Havdhem,Falun,1342,938,Avståndet mellan Havdhem och Falun är 1342 km och Karl-Johan Gyllenstorm beräknade körtiden till cirka 938 minuter.,<url><loc>https://pendlings-app1.t-767929534-cloudflare.workers.dev/?fran=Havdhem&amp;till=Falun</loc><changefreq>monthly</changefreq></url>
Hofors,Emmaboda,1438,993,Avståndet mellan Hofors och Emmaboda är 1438 km och Karl-Johan Gyllenstorm beräknade körtiden till cirka 993 minuter.,<url><loc>https://pendlings-app1.t-767929534-cloudflare.workers.dev/?fran=Hofors&amp;till=Emmaboda</loc><changefreq>monthly</changefreq></url>
Hagfors,Staffanstorp,935,611,Avståndet mellan Hagfors och Staffanstorp är 935 km och Karl-Johan Gyllenstorm beräknade körtiden till cirka 611 minuter.,<url><loc>https://pendlings-app1.t-767929534-cloudflare.workers.dev/?fran=Hagfors&amp;till=Staffanstorp</loc><changefreq>monthly</changefreq></url>
Mark,Sala,903,635,Avståndet mellan Mark och Sala är 903 km och Karl-Johan Gyllenstorm beräknade körtiden till cirka 635 minuter.,<url><loc>https://pendlings-app1.t-767929534-cloudflare.workers.dev/?fran=Mark&amp;till=Sala</loc><changefreq>monthly</changefreq></url>
Kalix,Götene,229,160,Avståndet mellan Kalix och Götene är 229 km och Karl-Johan Gyllenstorm beräknade körtiden till cirka 160 minuter.,<url><loc>https://pendlings-app1.t-767929534-cloudflare.workers.dev/?fran=Kalix&amp;till=Götene</loc><changefreq>monthly</changefreq></url>
Ånge,Bromölla,597,388,Avståndet mellan Ånge och Bromölla är 597 km och Karl-Johan Gyllenstorm beräknade körtiden till cirka 388 minuter.,<url><loc>https://pendlings-app1.t-767929534-cloudflare.workers.dev/?fran=Ånge&amp;till=Bromölla</loc><changefreq>monthly</changefreq></url>
Essunga,Ludvika,189,141,Avståndet mellan Essunga och Ludvika är 189 km och Karl-Johan Gyllenstorm beräknade körtiden till cirka 141 minuter.,<url><loc>https://pendlings-app1.t-767929534-cloudflare.workers.dev/?fran=Essunga&amp;till=Ludvika</loc><changefreq>monthly</changefreq></url>
Malå,Borgholm,1398,1080,Avståndet mellan Malå och Borgholm är 1398 km och Karl-Johan Gyllenstorm beräknade körtiden till cirka 1080 minuter.,<url><loc>https://pendlings-app1.t-767929534-cloudflare.workers.dev/?fran=Malå&amp;till=Borgholm</loc><changefreq>monthly</changefreq></url>
Malung,Karlskoga,82,52,Avståndet mellan Malung och Karlskoga är 82 km och Karl-Johan Gyllenstorm beräknade körtiden till cirka 52 minuter.,<url><loc>https://pendlings-app1.t-767929534-cloudflare.workers.dev/?fran=Malung&amp;till=Karlskoga</loc><changefreq>monthly</changefreq></url>
Falkenberg,Askersund,559,380,Avståndet mellan Falkenberg och Askersund är 559 km och Karl-Johan Gyllenstorm beräknade körtiden till cirka 380 minuter.,<url><loc>https://pendlings-app1.t-767929534-cloudflare.workers.dev/?fran=Falkenberg&amp;till=Askersund</loc><changefreq>monthly</changefreq></url>
Grums,Töreboda,524,398,Avståndet mellan Grums och Töreboda är 524 km och Karl-Johan Gyllenstorm beräknade körtiden till cirka 398 minuter.,<url><loc>https://pendlings-app1.t-767929534-cloudflare.workers.dev/?fran=Grums&amp;till=Töreboda</loc><changefreq>monthly</changefreq></url>
Sälen,Havdhem,687,513,Avståndet mellan Sälen och Havdhem är 687 km och Karl-Johan Gyllenstorm beräknade körtiden till cirka 513 minuter.,<url><loc>https://pendlings-app1.t-767929534-cloudflare.workers.dev/?fran=Sälen&amp;till=Havdhem</loc><changefreq>monthly</changefreq></url>
Hemse,Töreboda,147,95,Avståndet mellan Hemse och Töreboda är 147 km och Karl-Johan Gyllenstorm beräknade körtiden till cirka 95 minuter.,<url><loc>https://pendlings-app1.t-767929534-cloudflare.workers.dev/?fran=Hemse&amp;till=Töreboda</loc><changefreq>monthly</changefreq></url>
Arboga,Eslöv,252,192,Avståndet mellan Arboga och Eslöv är 252 km och Karl-Johan Gyllenstorm beräknade körtiden till cirka 192 minuter.,<url><loc>https://pendlings-app1.t-767929534-cloudflare.workers.dev/?fran=Arboga&amp;till=Eslöv</loc><changefreq>monthly</changefreq></url>
Sunne,Gimo,371,259,Avståndet mellan Sunne och Gimo är 371 km och Karl-Johan Gyllenstorm beräknade körtiden till cirka 259 minuter.,<url><loc>https://pendlings-app1.t-767929534-cloudflare.workers.dev/?fran=Sunne&amp;till=Gimo</loc><changefreq>monthly</changefreq></url>
Haparanda,Olofström,822,656,Avståndet mellan Haparanda och Olofström är 822 km och Karl-Johan Gyllenstorm beräknade körtiden till cirka 656 minuter.,<url><loc>https://pendlings-app1.t-767929534-cloudflare.workers.dev/?fran=Haparanda&amp;till=Olofström</loc><changefreq>monthly</changefreq></url>
Härnösand,Osby,28,20,Avståndet mellan Härnösand och Osby är 28 km och Karl-Johan Gyllenstorm beräknade körtiden till cirka 20 minuter.,<url><loc>https://pendlings-app1.t-767929534-cloudflare.workers.dev/?fran=Härnösand&amp;till=Osby</loc><changefreq>monthly</changefreq></url>
Vibble,Essunga,833,535,Avståndet mellan Vibble och Essunga är 833 km och Karl-Johan Gyllenstorm beräknade körtiden till cirka 535 minuter.,<url><loc>https://pendlings-app1.t-767929534-cloudflare.workers.dev/?fran=Vibble&amp;till=Essunga</loc><changefreq>monthly</changefreq></url>
Hällefor,Östra Göinge,984,634,Avståndet mellan Hällefor och Östra Göinge är 984 km och Karl-Johan Gyllenstorm beräknade körtiden till cirka 634 minuter.,<url><loc>https://pendlings-app1.t-767929534-cloudflare.workers.dev/?fran=Hällefor&amp;till=Östra Göinge</loc><changefreq>monthly</changefreq></url>
Landskrona,Mellerud,119,80,Avståndet mellan Landskrona och Mellerud är 119 km och Karl-Johan Gyllenstorm beräknade körtiden till cirka 80 minuter.,<url><loc>https://pendlings-app1.t-767929534-cloudflare.workers.dev/?fran=Landskrona&amp;till=Mellerud</loc><changefreq>monthly</changefreq></url>
Lund,Oxelösund,46,29,Avståndet mellan Lund och Oxelösund är 46 km och Karl-Johan Gyllenstorm beräknade körtiden till cirka 29 minuter.,<url><loc>https://pendlings-app1.t-767929534-cloudflare.workers.dev/?fran=Lund&amp;till=Oxelösund</loc><changefreq>monthly</changefreq></url>
Göteborg,Herrljunga,1379,937,Avståndet mellan Göteborg och Herrljunga är 1379 km och Karl-Johan Gyllenstorm beräknade körtiden till cirka 937 minuter.,<url><loc>https://pendlings-app1.t-767929534-cloudflare.workers.dev/?fran=Göteborg&amp;till=Herrljunga</loc><changefreq>monthly</changefreq></url>
Motala,Lysekil,916,712,Avståndet mellan Motala och Lysekil är 916 km och Karl-Johan Gyllenstorm beräknade körtiden till cirka 712 minuter.,<url><loc>https://pendlings-app1.t-767929534-cloudflare.workers.dev/?fran=Motala&amp;till=Lysekil</loc><changefreq>monthly</changefreq></url>
Ängelholm,Degerfors,1138,856,Avståndet mellan Ängelholm och Degerfors är 1138 km och Karl-Johan Gyllenstorm beräknade körtiden till cirka 856 minuter.,<url><loc>https://pendlings-app1.t-767929534-cloudflare.workers.dev/?fran=Ängelholm&amp;till=Degerfors</loc><changefreq>monthly</changefreq></url>
Slite,Sollefteå,977,710,Avståndet mellan Slite och Sollefteå är 977 km och Karl-Johan Gyllenstorm beräknade körtiden till cirka 710 minuter.,<url><loc>https://pendlings-app1.t-767929534-cloudflare.workers.dev/?fran=Slite&amp;till=Sollefteå</loc><changefreq>monthly</changefreq></url>
Uppsala,Älvdalen,1261,917,Avståndet mellan Uppsala och Älvdalen är 1261 km och Karl-Johan Gyllenstorm beräknade körtiden till cirka 917 minuter.,<url><loc>https://pendlings-app1.t-767929534-cloudflare.workers.dev/?fran=Uppsala&amp;till=Älvdalen</loc><changefreq>monthly</changefreq></url>
Norrköping,Arvika,1014,729,Avståndet mellan Norrköping och Arvika är 1014 km och Karl-Johan Gyllenstorm beräknade körtiden till cirka 729 minuter.,<url><loc>https://pendlings-app1.t-767929534-cloudflare.workers.dev/?fran=Norrköping&amp;till=Arvika</loc><changefreq>monthly</changefreq></url>
Örkelljunga,Arvidsjaur,1013,685,Avståndet mellan Örkelljunga och Arvidsjaur är 1013 km och Karl-Johan Gyllenstorm beräknade körtiden till cirka 685 minuter.,<url><loc>https://pendlings-app1.t-767929534-cloudflare.workers.dev/?fran=Örkelljunga&amp;till=Arvidsjaur</loc><changefreq>monthly</changefreq></url>
Tranås,Krokom,159,109,Avståndet mellan Tranås och Krokom är 159 km och Karl-Johan Gyllenstorm beräknade körtiden till cirka 109 minuter.,<url><loc>https://pendlings-app1.t-767929534-cloudflare.workers.dev/?fran=Tranås&amp;till=Krokom</loc><changefreq>monthly</changefreq></url>
Örnsköldsvik,Ed,404,257,Avståndet mellan Örnsköldsvik och Ed är 404 km och Karl-Johan Gyllenstorm beräknade körtiden till cirka 257 minuter.,<url><loc>https://pendlings-app1.t-767929534-cloudflare.workers.dev/?fran=Örnsköldsvik&amp;till=Ed</loc><changefreq>monthly</changefreq></url>
Lidköping,Tingstäde,1046,805,Avståndet mellan Lidköping och Tingstäde är 1046 km och Karl-Johan Gyllenstorm beräknade körtiden till cirka 805 minuter.,<url><loc>https://pendlings-app1.t-767929534-cloudflare.workers.dev/?fran=Lidköping&amp;till=Tingstäde</loc><changefreq>monthly</changefreq></url>
Älvdalen,Emmaboda,602,420,Avståndet mellan Älvdalen och Emmaboda är 602 km och Karl-Johan Gyllenstorm beräknade körtiden till cirka 420 minuter.,<url><loc>https://pendlings-app1.t-767929534-cloudflare.workers.dev/?fran=Älvdalen&amp;till=Emmaboda</loc><changefreq>monthly</changefreq></url>
Gällivare,Krokom,1082,783,Avståndet mellan Gällivare och Krokom är 1082 km och Karl-Johan Gyllenstorm beräknade körtiden till cirka 783 minuter.,<url><loc>https://pendlings-app1.t-767929534-cloudflare.workers.dev/?fran=Gällivare&amp;till=Krokom</loc><changefreq>monthly</changefreq></url>
Kalix,Jokkmokk,126,86,Avståndet mellan Kalix och Jokkmokk är 126 km och Karl-Johan Gyllenstorm beräknade körtiden till cirka 86 minuter.,<url><loc>https://pendlings-app1.t-767929534-cloudflare.workers.dev/?fran=Kalix&amp;till=Jokkmokk</loc><changefreq>monthly</changefreq></url>
Sölvesborg,Uppsala,235,166,Avståndet mellan Sölvesborg och Uppsala är 235 km och Karl-Johan Gyllenstorm beräknade körtiden till cirka 166 minuter.,<url><loc>https://pendlings-app1.t-767929534-cloudflare.workers.dev/?fran=Sölvesborg&amp;till=Uppsala</loc><changefreq>monthly</changefreq></url>
Arvidsjaur,Lycksele,1201,907,Avståndet mellan Arvidsjaur och Lycksele är 1201 km och Karl-Johan Gyllenstorm beräknade körtiden till cirka 907 minuter.,<url><loc>https://pendlings-app1.t-767929534-cloudflare.workers.dev/?fran=Arvidsjaur&amp;till=Lycksele</loc><changefreq>monthly</changefreq></url>
Karlsborg,Sotenäs,488,316,Avståndet mellan Karlsborg och Sotenäs är 488 km och Karl-Johan Gyllenstorm beräknade körtiden till cirka 316 minuter.,<url><loc>https://pendlings-app1.t-767929534-cloudflare.workers.dev/?fran=Karlsborg&amp;till=Sotenäs</loc><changefreq>monthly</changefreq></url>
Ed,Sölvesborg,1399,1073,Avståndet mellan Ed och Sölvesborg är 1399 km och Karl-Johan Gyllenstorm beräknade körtiden till cirka 1073 minuter.,<url><loc>https://pendlings-app1.t-767929534-cloudflare.workers.dev/?fran=Ed&amp;till=Sölvesborg</loc><changefreq>monthly</changefreq></url>
Umeå,Götene,634,432,Avståndet mellan Umeå och Götene är 634 km och Karl-Johan Gyllenstorm beräknade körtiden till cirka 432 minuter.,<url><loc>https://pendlings-app1.t-767929534-cloudflare.workers.dev/?fran=Umeå&amp;till=Götene</loc><changefreq>monthly</changefreq></url>
Falköping,Ed,845,633,Avståndet mellan Falköping och Ed är 845 km och Karl-Johan Gyllenstorm beräknade körtiden till cirka 633 minuter.,<url><loc>https://pendlings-app1.t-767929534-cloudflare.workers.dev/?fran=Falköping&amp;till=Ed</loc><changefreq>monthly</changefreq></url>
Rättvik,Bålsta,904,643,Avståndet mellan Rättvik och Bålsta är 904 km och Karl-Johan Gyllenstorm beräknade körtiden till cirka 643 minuter.,<url><loc>https://pendlings-app1.t-767929534-cloudflare.workers.dev/?fran=Rättvik&amp;till=Bålsta</loc><changefreq>monthly</changefreq></url>
Gällivare,Uddevalla,248,171,Avståndet mellan Gällivare och Uddevalla är 248 km och Karl-Johan Gyllenstorm beräknade körtiden till cirka 171 minuter.,<url><loc>https://pendlings-app1.t-767929534-cloudflare.workers.dev/?fran=Gällivare&amp;till=Uddevalla</loc><changefreq>monthly</changefreq></url>
Boxholm,Karlskoga,195,141,Avståndet mellan Boxholm och Karlskoga är 195 km och Karl-Johan Gyllenstorm beräknade körtiden till cirka 141 minuter.,<url><loc>https://pendlings-app1.t-767929534-cloudflare.workers.dev/?fran=Boxholm&amp;till=Karlskoga</loc><changefreq>monthly</changefreq></url>
Osby,Färjestaden,686,461,Avståndet mellan Osby och Färjestaden är 686 km och Karl-Johan Gyllenstorm beräknade körtiden till cirka 461 minuter.,<url><loc>https://pendlings-app1.t-767929534-cloudflare.workers.dev/?fran=Osby&amp;till=Färjestaden</loc><changefreq>monthly</changefreq></url>
Vadstena,Grästorp,1427,951,Avståndet mellan Vadstena och Grästorp är 1427 km och Karl-Johan Gyllenstorm beräknade körtiden till cirka 951 minuter.,<url><loc>https://pendlings-app1.t-767929534-cloudflare.workers.dev/?fran=Vadstena&amp;till=Grästorp</loc><changefreq>monthly</changefreq></url>
Karlskoga,Gagnef,1272,861,Avståndet mellan Karlskoga och Gagnef är 1272 km och Karl-Johan Gyllenstorm beräknade körtiden till cirka 861 minuter.,<url><loc>https://pendlings-app1.t-767929534-cloudflare.workers.dev/?fran=Karlskoga&amp;till=Gagnef</loc><changefreq>monthly</changefreq></url>
Orsa,Falkenberg,817,541,Avståndet mellan Orsa och Falkenberg är 817 km och Karl-Johan Gyllenstorm beräknade körtiden till cirka 541 minuter.,<url><loc>https://pendlings-app1.t-767929534-cloudflare.workers.dev/?fran=Orsa&amp;till=Falkenberg</loc><changefreq>monthly</changefreq></url>
Mjölby,Köping,537,354,Avståndet mellan Mjölby och Köping är 537 km och Karl-Johan Gyllenstorm beräknade körtiden till cirka 354 minuter.,<url><loc>https://pendlings-app1.t-767929534-cloudflare.workers.dev/?fran=Mjölby&amp;till=Köping</loc><changefreq>monthly</changefreq></url>
Örebro,Färgelanda,1190,944,Avståndet mellan Örebro och Färgelanda är 1190 km och Karl-Johan Gyllenstorm beräknade körtiden till cirka 944 minuter.,<url><loc>https://pendlings-app1.t-767929534-cloudflare.workers.dev/?fran=Örebro&amp;till=Färgelanda</loc><changefreq>monthly</changefreq></url>
Hedemora,Mullsjö,1181,793,Avståndet mellan Hedemora och Mullsjö är 1181 km och Karl-Johan Gyllenstorm beräknade körtiden till cirka 793 minuter.,<url><loc>https://pendlings-app1.t-767929534-cloudflare.workers.dev/?fran=Hedemora&amp;till=Mullsjö</loc><changefreq>monthly</changefreq></url>
Jönköping,Hällefor,1021,697,Avståndet mellan Jönköping och Hällefor är 1021 km och Karl-Johan Gyllenstorm beräknade körtiden till cirka 697 minuter.,<url><loc>https://pendlings-app1.t-767929534-cloudflare.workers.dev/?fran=Jönköping&amp;till=Hällefor</loc><changefreq>monthly</changefreq></url>
Gnestad,Slite,494,366,Avståndet mellan Gnestad och Slite är 494 km och Karl-Johan Gyllenstorm beräknade körtiden till cirka 366 minuter.,<url><loc>https://pendlings-app1.t-767929534-cloudflare.workers.dev/?fran=Gnestad&amp;till=Slite</loc><changefreq>monthly</changefreq></url>
Klippan,Tanum,713,469,Avståndet mellan Klippan och Tanum är 713 km och Karl-Johan Gyllenstorm beräknade körtiden till cirka 469 minuter.,<url><loc>https://pendlings-app1.t-767929534-cloudflare.workers.dev/?fran=Klippan&amp;till=Tanum</loc><changefreq>monthly</changefreq></url>
Burgsvik,Visby,259,174,Avståndet mellan Burgsvik och Visby är 259 km och Karl-Johan Gyllenstorm beräknade körtiden till cirka 174 minuter.,<url><loc>https://pendlings-app1.t-767929534-cloudflare.workers.dev/?fran=Burgsvik&amp;till=Visby</loc><changefreq>monthly</changefreq></url>
Hemse,Bollebygd,1245,889,Avståndet mellan Hemse och Bollebygd är 1245 km och Karl-Johan Gyllenstorm beräknade körtiden till cirka 889 minuter.,<url><loc>https://pendlings-app1.t-767929534-cloudflare.workers.dev/?fran=Hemse&amp;till=Bollebygd</loc><changefreq>monthly</changefreq></url>
Kalix,Bålsta,133,103,Avståndet mellan Kalix och Bålsta är 133 km och Karl-Johan Gyllenstorm beräknade körtiden till cirka 103 minuter.,<url><loc>https://pendlings-app1.t-767929534-cloudflare.workers.dev/?fran=Kalix&amp;till=Bålsta</loc><changefreq>monthly</changefreq></url>
Härnösand,Hjo,166,111,Avståndet mellan Härnösand och Hjo är 166 km och Karl-Johan Gyllenstorm beräknade körtiden till cirka 111 minuter.,<url><loc>https://pendlings-app1.t-767929534-cloudflare.workers.dev/?fran=Härnösand&amp;till=Hjo</loc><changefreq>monthly</changefreq></url>
Årjäng,Torsby,790,550,Avståndet mellan Årjäng och Torsby är 790 km och Karl-Johan Gyllenstorm beräknade körtiden till cirka 550 minuter.,<url><loc>https://pendlings-app1.t-767929534-cloudflare.workers.dev/?fran=Årjäng&amp;till=Torsby</loc><changefreq>monthly</changefreq></url>
Norsjö,Lysekil,229,174,Avståndet mellan Norsjö och Lysekil är 229 km och Karl-Johan Gyllenstorm beräknade körtiden till cirka 174 minuter.,<url><loc>https://pendlings-app1.t-767929534-cloudflare.workers.dev/?fran=Norsjö&amp;till=Lysekil</loc><changefreq>monthly</changefreq></url>
Bollebygd,Aneby,1140,879,Avståndet mellan Bollebygd och Aneby är 1140 km och Karl-Johan Gyllenstorm beräknade körtiden till cirka 879 minuter.,<url><loc>https://pendlings-app1.t-767929534-cloudflare.workers.dev/?fran=Bollebygd&amp;till=Aneby</loc><changefreq>monthly</changefreq></url>
Trosa,Ockelbo,826,588,Avståndet mellan Trosa och Ockelbo är 826 km och Karl-Johan Gyllenstorm beräknade körtiden till cirka 588 minuter.,<url><loc>https://pendlings-app1.t-767929534-cloudflare.workers.dev/?fran=Trosa&amp;till=Ockelbo</loc><changefreq>monthly</changefreq></url>
Ed,Nora,47,33,Avståndet mellan Ed och Nora är 47 km och Karl-Johan Gyllenstorm beräknade körtiden till cirka 33 minuter.,<url><loc>https://pendlings-app1.t-767929534-cloudflare.workers.dev/?fran=Ed&amp;till=Nora</loc><changefreq>monthly</changefreq></url>
Svedala,Säffle,383,297,Avståndet mellan Svedala och Säffle är 383 km och Karl-Johan Gyllenstorm beräknade körtiden till cirka 297 minuter.,<url><loc>https://pendlings-app1.t-767929534-cloudflare.workers.dev/?fran=Svedala&amp;till=Säffle</loc><changefreq>monthly</changefreq></url>
Hallstahammar,Bromölla,705,453,Avståndet mellan Hallstahammar och Bromölla är 705 km och Karl-Johan Gyllenstorm beräknade körtiden till cirka 453 minuter.,<url><loc>https://pendlings-app1.t-767929534-cloudflare.workers.dev/?fran=Hallstahammar&amp;till=Bromölla</loc><changefreq>monthly</changefreq></url>
Lysekil,Mjölby,162,112,Avståndet mellan Lysekil och Mjölby är 162 km och Karl-Johan Gyllenstorm beräknade körtiden till cirka 112 minuter.,<url><loc>https://pendlings-app1.t-767929534-cloudflare.workers.dev/?fran=Lysekil&amp;till=Mjölby</loc><changefreq>monthly</changefreq></url>
Berg,Ydre,1330,858,Avståndet mellan Berg och Ydre är 1330 km och Karl-Johan Gyllenstorm beräknade körtiden till cirka 858 minuter.,<url><loc>https://pendlings-app1.t-767929534-cloudflare.workers.dev/?fran=Berg&amp;till=Ydre</loc><changefreq>monthly</changefreq></url>
Mörbylånga,Säffle,308,204,Avståndet mellan Mörbylånga och Säffle är 308 km och Karl-Johan Gyllenstorm beräknade körtiden till cirka 204 minuter.,<url><loc>https://pendlings-app1.t-767929534-cloudflare.workers.dev/?fran=Mörbylånga&amp;till=Säffle</loc><changefreq>monthly</changefreq></url>
Bjuv,Jokkmokk,723,461,Avståndet mellan Bjuv och Jokkmokk är 723 km och Karl-Johan Gyllenstorm beräknade körtiden till cirka 461 minuter.,<url><loc>https://pendlings-app1.t-767929534-cloudflare.workers.dev/?fran=Bjuv&amp;till=Jokkmokk</loc><changefreq>monthly</changefreq></url>
Högsby,Töreboda,847,559,Avståndet mellan Högsby och Töreboda är 847 km och Karl-Johan Gyllenstorm beräknade körtiden till cirka 559 minuter.,<url><loc>https://pendlings-app1.t-767929534-cloudflare.workers.dev/?fran=Högsby&amp;till=Töreboda</loc><changefreq>monthly</changefreq></url>
Berg,Sjöbo,312,239,Avståndet mellan Berg och Sjöbo är 312 km och Karl-Johan Gyllenstorm beräknade körtiden till cirka 239 minuter.,<url><loc>https://pendlings-app1.t-767929534-cloudflare.workers.dev/?fran=Berg&amp;till=Sjöbo</loc><changefreq>monthly</changefreq></url>
Östersund,Eksjö,892,619,Avståndet mellan Östersund och Eksjö är 892 km och Karl-Johan Gyllenstorm beräknade körtiden till cirka 619 minuter.,<url><loc>https://pendlings-app1.t-767929534-cloudflare.workers.dev/?fran=Östersund&amp;till=Eksjö</loc><changefreq>monthly</changefreq></url>
Strängnäs,Kalmar,76,53,Avståndet mellan Strängnäs och Kalmar är 76 km och Karl-Johan Gyllenstorm beräknade körtiden till cirka 53 minuter.,<url><loc>https://pendlings-app1.t-767929534-cloudflare.workers.dev/?fran=Strängnäs&amp;till=Kalmar</loc><changefreq>monthly</changefreq></url>
Sölvesborg,Älvkarleby,1069,763,Avståndet mellan Sölvesborg och Älvkarleby är 1069 km och Karl-Johan Gyllenstorm beräknade körtiden till cirka 763 minuter.,<url><loc>https://pendlings-app1.t-767929534-cloudflare.workers.dev/?fran=Sölvesborg&amp;till=Älvkarleby</loc><changefreq>monthly</changefreq></url>
Haparanda,Mönsterås,590,415,Avståndet mellan Haparanda och Mönsterås är 590 km och Karl-Johan Gyllenstorm beräknade körtiden till cirka 415 minuter.,<url><loc>https://pendlings-app1.t-767929534-cloudflare.workers.dev/?fran=Haparanda&amp;till=Mönsterås</loc><changefreq>monthly</changefreq></url>
Vetlanda,Vilhelmina,314,204,Avståndet mellan Vetlanda och Vilhelmina är 314 km och Karl-Johan Gyllenstorm beräknade körtiden till cirka 204 minuter.,<url><loc>https://pendlings-app1.t-767929534-cloudflare.workers.dev/?fran=Vetlanda&amp;till=Vilhelmina</loc><changefreq>monthly</changefreq></url>
Vellinge,Luleå,1260,949,Avståndet mellan Vellinge och Luleå är 1260 km och Karl-Johan Gyllenstorm beräknade körtiden till cirka 949 minuter.,<url><loc>https://pendlings-app1.t-767929534-cloudflare.workers.dev/?fran=Vellinge&amp;till=Luleå</loc><changefreq>monthly</changefreq></url>
Tanum,Grästorp,778,543,Avståndet mellan Tanum och Grästorp är 778 km och Karl-Johan Gyllenstorm beräknade körtiden till cirka 543 minuter.,<url><loc>https://pendlings-app1.t-767929534-cloudflare.workers.dev/?fran=Tanum&amp;till=Grästorp</loc><changefreq>monthly</changefreq></url>
Gislaved,Svenljunga,1056,692,Avståndet mellan Gislaved och Svenljunga är 1056 km och Karl-Johan Gyllenstorm beräknade körtiden till cirka 692 minuter.,<url><loc>https://pendlings-app1.t-767929534-cloudflare.workers.dev/?fran=Gislaved&amp;till=Svenljunga</loc><changefreq>monthly</changefreq></url>
Hemse,Gnestad,418,283,Avståndet mellan Hemse och Gnestad är 418 km och Karl-Johan Gyllenstorm beräknade körtiden till cirka 283 minuter.,<url><loc>https://pendlings-app1.t-767929534-cloudflare.workers.dev/?fran=Hemse&amp;till=Gnestad</loc><changefreq>monthly</changefreq></url>
Eksjö,Olofström,1297,887,Avståndet mellan Eksjö och Olofström är 1297 km och Karl-Johan Gyllenstorm beräknade körtiden till cirka 887 minuter.,<url><loc>https://pendlings-app1.t-767929534-cloudflare.workers.dev/?fran=Eksjö&amp;till=Olofström</loc><changefreq>monthly</changefreq></url>
Hemse,Åsele,33,24,Avståndet mellan Hemse och Åsele är 33 km och Karl-Johan Gyllenstorm beräknade körtiden till cirka 24 minuter.,<url><loc>https://pendlings-app1.t-767929534-cloudflare.workers.dev/?fran=Hemse&amp;till=Åsele</loc><changefreq>monthly</changefreq></url>
Sunne,Grums,943,709,Avståndet mellan Sunne och Grums är 943 km och Karl-Johan Gyllenstorm beräknade körtiden till cirka 709 minuter.,<url><loc>https://pendlings-app1.t-767929534-cloudflare.workers.dev/?fran=Sunne&amp;till=Grums</loc><changefreq>monthly</changefreq></url>
Norsjö,Haparanda,693,452,Avståndet mellan Norsjö och Haparanda är 693 km och Karl-Johan Gyllenstorm beräknade körtiden till cirka 452 minuter.,<url><loc>https://pendlings-app1.t-767929534-cloudflare.workers.dev/?fran=Norsjö&amp;till=Haparanda</loc><changefreq>monthly</changefreq></url>
Mora,Tomelilla,1008,745,Avståndet mellan Mora och Tomelilla är 1008 km och Karl-Johan Gyllenstorm beräknade körtiden till cirka 745 minuter.,<url><loc>https://pendlings-app1.t-767929534-cloudflare.workers.dev/?fran=Mora&amp;till=Tomelilla</loc><changefreq>monthly</changefreq></url>
Krokom,Vårgårda,544,395,Avståndet mellan Krokom och Vårgårda är 544 km och Karl-Johan Gyllenstorm beräknade körtiden till cirka 395 minuter.,<url><loc>https://pendlings-app1.t-767929534-cloudflare.workers.dev/?fran=Krokom&amp;till=Vårgårda</loc><changefreq>monthly</changefreq></url>
Katrineholm,Kristianstad,470,312,Avståndet mellan Katrineholm och Kristianstad är 470 km och Karl-Johan Gyllenstorm beräknade körtiden till cirka 312 minuter.,<url><loc>https://pendlings-app1.t-767929534-cloudflare.workers.dev/?fran=Katrineholm&amp;till=Kristianstad</loc><changefreq>monthly</changefreq></url>
Hjo,Hudiksvall,731,566,Avståndet mellan Hjo och Hudiksvall är 731 km och Karl-Johan Gyllenstorm beräknade körtiden till cirka 566 minuter.,<url><loc>https://pendlings-app1.t-767929534-cloudflare.workers.dev/?fran=Hjo&amp;till=Hudiksvall</loc><changefreq>monthly</changefreq></url>
Härjedalen,Haparanda,358,239,Avståndet mellan Härjedalen och Haparanda är 358 km och Karl-Johan Gyllenstorm beräknade körtiden till cirka 239 minuter.,<url><loc>https://pendlings-app1.t-767929534-cloudflare.workers.dev/?fran=Härjedalen&amp;till=Haparanda</loc><changefreq>monthly</changefreq></url>
Gnestad,Storuman,648,512,Avståndet mellan Gnestad och Storuman är 648 km och Karl-Johan Gyllenstorm beräknade körtiden till cirka 512 minuter.,<url><loc>https://pendlings-app1.t-767929534-cloudflare.workers.dev/?fran=Gnestad&amp;till=Storuman</loc><changefreq>monthly</changefreq></url>
Vadstena,Lärbro,206,158,Avståndet mellan Vadstena och Lärbro är 206 km och Karl-Johan Gyllenstorm beräknade körtiden till cirka 158 minuter.,<url><loc>https://pendlings-app1.t-767929534-cloudflare.workers.dev/?fran=Vadstena&amp;till=Lärbro</loc><changefreq>monthly</changefreq></url>
Motala,Kristianstad,1137,854,Avståndet mellan Motala och Kristianstad är 1137 km och Karl-Johan Gyllenstorm beräknade körtiden till cirka 854 minuter.,<url><loc>https://pendlings-app1.t-767929534-cloudflare.workers.dev/?fran=Motala&amp;till=Kristianstad</loc><changefreq>monthly</changefreq></url>
Bollnäs,Havdhem,202,140,Avståndet mellan Bollnäs och Havdhem är 202 km och Karl-Johan Gyllenstorm beräknade körtiden till cirka 140 minuter.,<url><loc>https://pendlings-app1.t-767929534-cloudflare.workers.dev/?fran=Bollnäs&amp;till=Havdhem</loc><changefreq>monthly</changefreq></url>
Kopparberg,Degerfors,777,547,Avståndet mellan Kopparberg och Degerfors är 777 km och Karl-Johan Gyllenstorm beräknade körtiden till cirka 547 minuter.,<url><loc>https://pendlings-app1.t-767929534-cloudflare.workers.dev/?fran=Kopparberg&amp;till=Degerfors</loc><changefreq>monthly</changefreq></url>
Fagersta,Stockholm,1325,917,Avståndet mellan Fagersta och Stockholm är 1325 km och Karl-Johan Gyllenstorm beräknade körtiden till cirka 917 minuter.,<url><loc>https://pendlings-app1.t-767929534-cloudflare.workers.dev/?fran=Fagersta&amp;till=Stockholm</loc><changefreq>monthly</changefreq></url>
Älvdalen,Karlskoga,1012,703,Avståndet mellan Älvdalen och Karlskoga är 1012 km och Karl-Johan Gyllenstorm beräknade körtiden till cirka 703 minuter.,<url><loc>https://pendlings-app1.t-767929534-cloudflare.workers.dev/?fran=Älvdalen&amp;till=Karlskoga</loc><changefreq>monthly</changefreq></url>
Vårgårda,Ockelbo,49,31,Avståndet mellan Vårgårda och Ockelbo är 49 km och Karl-Johan Gyllenstorm beräknade körtiden till cirka 31 minuter.,<url><loc>https://pendlings-app1.t-767929534-cloudflare.workers.dev/?fran=Vårgårda&amp;till=Ockelbo</loc><changefreq>monthly</changefreq></url>
Hjo,Skutskär,719,473,Avståndet mellan Hjo och Skutskär är 719 km och Karl-Johan Gyllenstorm beräknade körtiden till cirka 473 minuter.,<url><loc>https://pendlings-app1.t-767929534-cloudflare.workers.dev/?fran=Hjo&amp;till=Skutskär</loc><changefreq>monthly</changefreq></url>
Orsa,Vårgårda,1259,898,Avståndet mellan Orsa och Vårgårda är 1259 km och Karl-Johan Gyllenstorm beräknade körtiden till cirka 898 minuter.,<url><loc>https://pendlings-app1.t-767929534-cloudflare.workers.dev/?fran=Orsa&amp;till=Vårgårda</loc><changefreq>monthly</changefreq></url>
Gnestad,Åmål,1034,663,Avståndet mellan Gnestad och Åmål är 1034 km och Karl-Johan Gyllenstorm beräknade körtiden till cirka 663 minuter.,<url><loc>https://pendlings-app1.t-767929534-cloudflare.workers.dev/?fran=Gnestad&amp;till=Åmål</loc><changefreq>monthly</changefreq></url>
Hallstahammar,Sjöbo,191,124,Avståndet mellan Hallstahammar och Sjöbo är 191 km och Karl-Johan Gyllenstorm beräknade körtiden till cirka 124 minuter.,<url><loc>https://pendlings-app1.t-767929534-cloudflare.workers.dev/?fran=Hallstahammar&amp;till=Sjöbo</loc><changefreq>monthly</changefreq></url>
Vingåker,Vansbro,79,60,Avståndet mellan Vingåker och Vansbro är 79 km och Karl-Johan Gyllenstorm beräknade körtiden till cirka 60 minuter.,<url><loc>https://pendlings-app1.t-767929534-cloudflare.workers.dev/?fran=Vingåker&amp;till=Vansbro</loc><changefreq>monthly</changefreq></url>
Olofström,Gullspång,732,528,Avståndet mellan Olofström och Gullspång är 732 km och Karl-Johan Gyllenstorm beräknade körtiden till cirka 528 minuter.,<url><loc>https://pendlings-app1.t-767929534-cloudflare.workers.dev/?fran=Olofström&amp;till=Gullspång</loc><changefreq>monthly</changefreq></url>
Oskarshamn,Norsjö,950,612,Avståndet mellan Oskarshamn och Norsjö är 950 km och Karl-Johan Gyllenstorm beräknade körtiden till cirka 612 minuter.,<url><loc>https://pendlings-app1.t-767929534-cloudflare.workers.dev/?fran=Oskarshamn&amp;till=Norsjö</loc><changefreq>monthly</changefreq></url>
Alingsås,Berg,1198,887,Avståndet mellan Alingsås och Berg är 1198 km och Karl-Johan Gyllenstorm beräknade körtiden till cirka 887 minuter.,<url><loc>https://pendlings-app1.t-767929534-cloudflare.workers.dev/?fran=Alingsås&amp;till=Berg</loc><changefreq>monthly</changefreq></url>
Stockholm,Säffle,290,217,Avståndet mellan Stockholm och Säffle är 290 km och Karl-Johan Gyllenstorm beräknade körtiden till cirka 217 minuter.,<url><loc>https://pendlings-app1.t-767929534-cloudflare.workers.dev/?fran=Stockholm&amp;till=Säffle</loc><changefreq>monthly</changefreq></url>
Götene,Vellinge,807,645,Avståndet mellan Götene och Vellinge är 807 km och Karl-Johan Gyllenstorm beräknade körtiden till cirka 645 minuter.,<url><loc>https://pendlings-app1.t-767929534-cloudflare.workers.dev/?fran=Götene&amp;till=Vellinge</loc><changefreq>monthly</changefreq></url>
Olofström,Grums,215,137,Avståndet mellan Olofström och Grums är 215 km och Karl-Johan Gyllenstorm beräknade körtiden till cirka 137 minuter.,<url><loc>https://pendlings-app1.t-767929534-cloudflare.workers.dev/?fran=Olofström&amp;till=Grums</loc><changefreq>monthly</changefreq></url>
Falköping,Kils,543,380,Avståndet mellan Falköping och Kils är 543 km och Karl-Johan Gyllenstorm beräknade körtiden till cirka 380 minuter.,<url><loc>https://pendlings-app1.t-767929534-cloudflare.workers.dev/?fran=Falköping&amp;till=Kils</loc><changefreq>monthly</changefreq></url>
Bromölla,Älvkarleby,499,332,Avståndet mellan Bromölla och Älvkarleby är 499 km och Karl-Johan Gyllenstorm beräknade körtiden till cirka 332 minuter.,<url><loc>https://pendlings-app1.t-767929534-cloudflare.workers.dev/?fran=Bromölla&amp;till=Älvkarleby</loc><changefreq>monthly</changefreq></url>
Karlshamn,Karlskoga,1317,918,Avståndet mellan Karlshamn och Karlskoga är 1317 km och Karl-Johan Gyllenstorm beräknade körtiden till cirka 918 minuter.,<url><loc>https://pendlings-app1.t-767929534-cloudflare.workers.dev/?fran=Karlshamn&amp;till=Karlskoga</loc><changefreq>monthly</changefreq></url>
Storfors,Halmstad,681,516,Avståndet mellan Storfors och Halmstad är 681 km och Karl-Johan Gyllenstorm beräknade körtiden till cirka 516 minuter.,<url><loc>https://pendlings-app1.t-767929534-cloudflare.workers.dev/?fran=Storfors&amp;till=Halmstad</loc><changefreq>monthly</changefreq></url>
Helsingborg,Flen,942,683,Avståndet mellan Helsingborg och Flen är 942 km och Karl-Johan Gyllenstorm beräknade körtiden till cirka 683 minuter.,<url><loc>https://pendlings-app1.t-767929534-cloudflare.workers.dev/?fran=Helsingborg&amp;till=Flen</loc><changefreq>monthly</changefreq></url>
Ängelholm,Osby,555,431,Avståndet mellan Ängelholm och Osby är 555 km och Karl-Johan Gyllenstorm beräknade körtiden till cirka 431 minuter.,<url><loc>https://pendlings-app1.t-767929534-cloudflare.workers.dev/?fran=Ängelholm&amp;till=Osby</loc><changefreq>monthly</changefreq></url>
Hällefor,Vimmerby,1166,832,Avståndet mellan Hällefor och Vimmerby är 1166 km och Karl-Johan Gyllenstorm beräknade körtiden till cirka 832 minuter.,<url><loc>https://pendlings-app1.t-767929534-cloudflare.workers.dev/?fran=Hällefor&amp;till=Vimmerby</loc><changefreq>monthly</changefreq></url>
Kävlinge,Oxelösund,851,607,Avståndet mellan Kävlinge och Oxelösund är 851 km och Karl-Johan Gyllenstorm beräknade körtiden till cirka 607 minuter.,<url><loc>https://pendlings-app1.t-767929534-cloudflare.workers.dev/?fran=Kävlinge&amp;till=Oxelösund</loc><changefreq>monthly</changefreq></url>
Ed,Umeå,1391,997,Avståndet mellan Ed och Umeå är 1391 km och Karl-Johan Gyllenstorm beräknade körtiden till cirka 997 minuter.,<url><loc>https://pendlings-app1.t-767929534-cloudflare.workers.dev/?fran=Ed&amp;till=Umeå</loc><changefreq>monthly</changefreq></url>
Simrishamn,Helsingborg,149,119,Avståndet mellan Simrishamn och Helsingborg är 149 km och Karl-Johan Gyllenstorm beräknade körtiden till cirka 119 minuter.,<url><loc>https://pendlings-app1.t-767929534-cloudflare.workers.dev/?fran=Simrishamn&amp;till=Helsingborg</loc><changefreq>monthly</changefreq></url>
Hofors,Klintehamn,598,451,Avståndet mellan Hofors och Klintehamn är 598 km och Karl-Johan Gyllenstorm beräknade körtiden till cirka 451 minuter.,<url><loc>https://pendlings-app1.t-767929534-cloudflare.workers.dev/?fran=Hofors&amp;till=Klintehamn</loc><changefreq>monthly</changefreq></url>
Sala,Vibble,689,441,Avståndet mellan Sala och Vibble är 689 km och Karl-Johan Gyllenstorm beräknade körtiden till cirka 441 minuter.,<url><loc>https://pendlings-app1.t-767929534-cloudflare.workers.dev/?fran=Sala&amp;till=Vibble</loc><changefreq>monthly</changefreq></url>
Kils,Hultsfred,1368,894,Avståndet mellan Kils och Hultsfred är 1368 km och Karl-Johan Gyllenstorm beräknade körtiden till cirka 894 minuter.,<url><loc>https://pendlings-app1.t-767929534-cloudflare.workers.dev/?fran=Kils&amp;till=Hultsfred</loc><changefreq>monthly</changefreq></url>
Hemse,Jönköping,1227,809,Avståndet mellan Hemse och Jönköping är 1227 km och Karl-Johan Gyllenstorm beräknade körtiden till cirka 809 minuter.,<url><loc>https://pendlings-app1.t-767929534-cloudflare.workers.dev/?fran=Hemse&amp;till=Jönköping</loc><changefreq>monthly</changefreq></url>
Karlstad,Bålsta,956,648,Avståndet mellan Karlstad och Bålsta är 956 km och Karl-Johan Gyllenstorm beräknade körtiden till cirka 648 minuter.,<url><loc>https://pendlings-app1.t-767929534-cloudflare.workers.dev/?fran=Karlstad&amp;till=Bålsta</loc><changefreq>monthly</changefreq></url>
Säffle,Töreboda,1393,910,Avståndet mellan Säffle och Töreboda är 1393 km och Karl-Johan Gyllenstorm beräknade körtiden till cirka 910 minuter.,<url><loc>https://pendlings-app1.t-767929534-cloudflare.workers.dev/?fran=Säffle&amp;till=Töreboda</loc><changefreq>monthly</changefreq></url>
Fårösund,Högsby,188,129,Avståndet mellan Fårösund och Högsby är 188 km och Karl-Johan Gyllenstorm beräknade körtiden till cirka 129 minuter.,<url><loc>https://pendlings-app1.t-767929534-cloudflare.workers.dev/?fran=Fårösund&amp;till=Högsby</loc><changefreq>monthly</changefreq></url>
Nora,Filipstad,992,660,Avståndet mellan Nora och Filipstad är 992 km och Karl-Johan Gyllenstorm beräknade körtiden till cirka 660 minuter.,<url><loc>https://pendlings-app1.t-767929534-cloudflare.workers.dev/?fran=Nora&amp;till=Filipstad</loc><changefreq>monthly</changefreq></url>
Älvkarleby,Gävle,116,87,Avståndet mellan Älvkarleby och Gävle är 116 km och Karl-Johan Gyllenstorm beräknade körtiden till cirka 87 minuter.,<url><loc>https://pendlings-app1.t-767929534-cloudflare.workers.dev/?fran=Älvkarleby&amp;till=Gävle</loc><changefreq>monthly</changefreq></url>
Malå,Halmstad,387,289,Avståndet mellan Malå och Halmstad är 387 km och Karl-Johan Gyllenstorm beräknade körtiden till cirka 289 minuter.,<url><loc>https://pendlings-app1.t-767929534-cloudflare.workers.dev/?fran=Malå&amp;till=Halmstad</loc><changefreq>monthly</changefreq></url>
Laholm,Ludvika,885,590,Avståndet mellan Laholm och Ludvika är 885 km och Karl-Johan Gyllenstorm beräknade körtiden till cirka 590 minuter.,<url><loc>https://pendlings-app1.t-767929534-cloudflare.workers.dev/?fran=Laholm&amp;till=Ludvika</loc><changefreq>monthly</changefreq></url>
Färgelanda,Vimmerby,949,697,Avståndet mellan Färgelanda och Vimmerby är 949 km och Karl-Johan Gyllenstorm beräknade körtiden till cirka 697 minuter.,<url><loc>https://pendlings-app1.t-767929534-cloudflare.workers.dev/?fran=Färgelanda&amp;till=Vimmerby</loc><changefreq>monthly</changefreq></url>
Strömsund,Ydre,1048,677,Avståndet mellan Strömsund och Ydre är 1048 km och Karl-Johan Gyllenstorm beräknade körtiden till cirka 677 minuter.,<url><loc>https://pendlings-app1.t-767929534-cloudflare.workers.dev/?fran=Strömsund&amp;till=Ydre</loc><changefreq>monthly</changefreq></url>
Perstorp,Eskilstuna,565,357,Avståndet mellan Perstorp och Eskilstuna är 565 km och Karl-Johan Gyllenstorm beräknade körtiden till cirka 357 minuter.,<url><loc>https://pendlings-app1.t-767929534-cloudflare.workers.dev/?fran=Perstorp&amp;till=Eskilstuna</loc><changefreq>monthly</changefreq></url>
Kristinehamn,Hyltebruk,721,559,Avståndet mellan Kristinehamn och Hyltebruk är 721 km och Karl-Johan Gyllenstorm beräknade körtiden till cirka 559 minuter.,<url><loc>https://pendlings-app1.t-767929534-cloudflare.workers.dev/?fran=Kristinehamn&amp;till=Hyltebruk</loc><changefreq>monthly</changefreq></url>
Hällefor,Oxelösund,25,19,Avståndet mellan Hällefor och Oxelösund är 25 km och Karl-Johan Gyllenstorm beräknade körtiden till cirka 19 minuter.,<url><loc>https://pendlings-app1.t-767929534-cloudflare.workers.dev/?fran=Hällefor&amp;till=Oxelösund</loc><changefreq>monthly</changefreq></url>
Varberg,Oskarshamn,600,387,Avståndet mellan Varberg och Oskarshamn är 600 km och Karl-Johan Gyllenstorm beräknade körtiden till cirka 387 minuter.,<url><loc>https://pendlings-app1.t-767929534-cloudflare.workers.dev/?fran=Varberg&amp;till=Oskarshamn</loc><changefreq>monthly</changefreq></url>
Gislaved,Helsingborg,113,78,Avståndet mellan Gislaved och Helsingborg är 113 km och Karl-Johan Gyllenstorm beräknade körtiden till cirka 78 minuter.,<url><loc>https://pendlings-app1.t-767929534-cloudflare.workers.dev/?fran=Gislaved&amp;till=Helsingborg</loc><changefreq>monthly</changefreq></url>
Slite,Karlstad,923,619,Avståndet mellan Slite och Karlstad är 923 km och Karl-Johan Gyllenstorm beräknade körtiden till cirka 619 minuter.,<url><loc>https://pendlings-app1.t-767929534-cloudflare.workers.dev/?fran=Slite&amp;till=Karlstad</loc><changefreq>monthly</changefreq></url>
Ljusnarsberg,Strömsund,469,306,Avståndet mellan Ljusnarsberg och Strömsund är 469 km och Karl-Johan Gyllenstorm beräknade körtiden till cirka 306 minuter.,<url><loc>https://pendlings-app1.t-767929534-cloudflare.workers.dev/?fran=Ljusnarsberg&amp;till=Strömsund</loc><changefreq>monthly</changefreq></url>
Sveg,Vårgårda,1133,885,Avståndet mellan Sveg och Vårgårda är 1133 km och Karl-Johan Gyllenstorm beräknade körtiden till cirka 885 minuter.,<url><loc>https://pendlings-app1.t-767929534-cloudflare.workers.dev/?fran=Sveg&amp;till=Vårgårda</loc><changefreq>monthly</changefreq></url>
Norsjö,Sälen,730,529,Avståndet mellan Norsjö och Sälen är 730 km och Karl-Johan Gyllenstorm beräknade körtiden till cirka 529 minuter.,<url><loc>https://pendlings-app1.t-767929534-cloudflare.workers.dev/?fran=Norsjö&amp;till=Sälen</loc><changefreq>monthly</changefreq></url>
Sollefteå,Mellerud,723,472,Avståndet mellan Sollefteå och Mellerud är 723 km och Karl-Johan Gyllenstorm beräknade körtiden till cirka 472 minuter.,<url><loc>https://pendlings-app1.t-767929534-cloudflare.workers.dev/?fran=Sollefteå&amp;till=Mellerud</loc><changefreq>monthly</changefreq></url>
Klintehamn,Gagnef,357,253,Avståndet mellan Klintehamn och Gagnef är 357 km och Karl-Johan Gyllenstorm beräknade körtiden till cirka 253 minuter.,<url><loc>https://pendlings-app1.t-767929534-cloudflare.workers.dev/?fran=Klintehamn&amp;till=Gagnef</loc><changefreq>monthly</changefreq></url>
Degerfors,Finspång,956,660,Avståndet mellan Degerfors och Finspång är 956 km och Karl-Johan Gyllenstorm beräknade körtiden till cirka 660 minuter.,<url><loc>https://pendlings-app1.t-767929534-cloudflare.workers.dev/?fran=Degerfors&amp;till=Finspång</loc><changefreq>monthly</changefreq></url>
Tranås,Eksjö,1220,789,Avståndet mellan Tranås och Eksjö är 1220 km och Karl-Johan Gyllenstorm beräknade körtiden till cirka 789 minuter.,<url><loc>https://pendlings-app1.t-767929534-cloudflare.workers.dev/?fran=Tranås&amp;till=Eksjö</loc><changefreq>monthly</changefreq></url>
Åtvidaberg,Lidköping,762,500,Avståndet mellan Åtvidaberg och Lidköping är 762 km och Karl-Johan Gyllenstorm beräknade körtiden till cirka 500 minuter.,<url><loc>https://pendlings-app1.t-767929534-cloudflare.workers.dev/?fran=Åtvidaberg&amp;till=Lidköping</loc><changefreq>monthly</changefreq></url>
Habon,Tanum,637,420,Avståndet mellan Habon och Tanum är 637 km och Karl-Johan Gyllenstorm beräknade körtiden till cirka 420 minuter.,<url><loc>https://pendlings-app1.t-767929534-cloudflare.workers.dev/?fran=Habon&amp;till=Tanum</loc><changefreq>monthly</changefreq></url>
Huddinge,Håbo,871,570,Avståndet mellan Huddinge och Håbo är 871 km och Karl-Johan Gyllenstorm beräknade körtiden till cirka 570 minuter.,<url><loc>https://pendlings-app1.t-767929534-cloudflare.workers.dev/?fran=Huddinge&amp;till=Håbo</loc><changefreq>monthly</changefreq></url>
Munkedal,Vimmerby,240,187,Avståndet mellan Munkedal och Vimmerby är 240 km och Karl-Johan Gyllenstorm beräknade körtiden till cirka 187 minuter.,<url><loc>https://pendlings-app1.t-767929534-cloudflare.workers.dev/?fran=Munkedal&amp;till=Vimmerby</loc><changefreq>monthly</changefreq></url>
Åtvidaberg,Sävsjö,1016,648,Avståndet mellan Åtvidaberg och Sävsjö är 1016 km och Karl-Johan Gyllenstorm beräknade körtiden till cirka 648 minuter.,<url><loc>https://pendlings-app1.t-767929534-cloudflare.workers.dev/?fran=Åtvidaberg&amp;till=Sävsjö</loc><changefreq>monthly</changefreq></url>
Vadstena,Örebro,1204,855,Avståndet mellan Vadstena och Örebro är 1204 km och Karl-Johan Gyllenstorm beräknade körtiden till cirka 855 minuter.,<url><loc>https://pendlings-app1.t-767929534-cloudflare.workers.dev/?fran=Vadstena&amp;till=Örebro</loc><changefreq>monthly</changefreq></url>
Håbo,Eda,653,423,Avståndet mellan Håbo och Eda är 653 km och Karl-Johan Gyllenstorm beräknade körtiden till cirka 423 minuter.,<url><loc>https://pendlings-app1.t-767929534-cloudflare.workers.dev/?fran=Håbo&amp;till=Eda</loc><changefreq>monthly</changefreq></url>
Karlsborg,Grästorp,766,569,Avståndet mellan Karlsborg och Grästorp är 766 km och Karl-Johan Gyllenstorm beräknade körtiden till cirka 569 minuter.,<url><loc>https://pendlings-app1.t-767929534-cloudflare.workers.dev/?fran=Karlsborg&amp;till=Grästorp</loc><changefreq>monthly</changefreq></url>
Bräcke,Skinnskatteberg,744,535,Avståndet mellan Bräcke och Skinnskatteberg är 744 km och Karl-Johan Gyllenstorm beräknade körtiden till cirka 535 minuter.,<url><loc>https://pendlings-app1.t-767929534-cloudflare.workers.dev/?fran=Bräcke&amp;till=Skinnskatteberg</loc><changefreq>monthly</changefreq></url>
Bollebygd,Stånga,969,745,Avståndet mellan Bollebygd och Stånga är 969 km och Karl-Johan Gyllenstorm beräknade körtiden till cirka 745 minuter.,<url><loc>https://pendlings-app1.t-767929534-cloudflare.workers.dev/?fran=Bollebygd&amp;till=Stånga</loc><changefreq>monthly</changefreq></url>
Borgholm,Skara,1182,781,Avståndet mellan Borgholm och Skara är 1182 km och Karl-Johan Gyllenstorm beräknade körtiden till cirka 781 minuter.,<url><loc>https://pendlings-app1.t-767929534-cloudflare.workers.dev/?fran=Borgholm&amp;till=Skara</loc><changefreq>monthly</changefreq></url>
Trollhättan,Eksjö,335,257,Avståndet mellan Trollhättan och Eksjö är 335 km och Karl-Johan Gyllenstorm beräknade körtiden till cirka 257 minuter.,<url><loc>https://pendlings-app1.t-767929534-cloudflare.workers.dev/?fran=Trollhättan&amp;till=Eksjö</loc><changefreq>monthly</changefreq></url>
Jokkmokk,Hagfors,1424,987,Avståndet mellan Jokkmokk och Hagfors är 1424 km och Karl-Johan Gyllenstorm beräknade körtiden till cirka 987 minuter.,<url><loc>https://pendlings-app1.t-767929534-cloudflare.workers.dev/?fran=Jokkmokk&amp;till=Hagfors</loc><changefreq>monthly</changefreq></url>
Skinnskatteberg,Helsingborg,631,445,Avståndet mellan Skinnskatteberg och Helsingborg är 631 km och Karl-Johan Gyllenstorm beräknade körtiden till cirka 445 minuter.,<url><loc>https://pendlings-app1.t-767929534-cloudflare.workers.dev/?fran=Skinnskatteberg&amp;till=Helsingborg</loc><changefreq>monthly</changefreq></url>
Grums,Grythyttan,574,367,Avståndet mellan Grums och Grythyttan är 574 km och Karl-Johan Gyllenstorm beräknade körtiden till cirka 367 minuter.,<url><loc>https://pendlings-app1.t-767929534-cloudflare.workers.dev/?fran=Grums&amp;till=Grythyttan</loc><changefreq>monthly</changefreq></url>
Skara,Norberg,1418,1127,Avståndet mellan Skara och Norberg är 1418 km och Karl-Johan Gyllenstorm beräknade körtiden till cirka 1127 minuter.,<url><loc>https://pendlings-app1.t-767929534-cloudflare.workers.dev/?fran=Skara&amp;till=Norberg</loc><changefreq>monthly</changefreq></url>
Strömstad,Arboga,441,306,Avståndet mellan Strömstad och Arboga är 441 km och Karl-Johan Gyllenstorm beräknade körtiden till cirka 306 minuter.,<url><loc>https://pendlings-app1.t-767929534-cloudflare.workers.dev/?fran=Strömstad&amp;till=Arboga</loc><changefreq>monthly</changefreq></url>
Hudiksvall,Trosa,1271,896,Avståndet mellan Hudiksvall och Trosa är 1271 km och Karl-Johan Gyllenstorm beräknade körtiden till cirka 896 minuter.,<url><loc>https://pendlings-app1.t-767929534-cloudflare.workers.dev/?fran=Hudiksvall&amp;till=Trosa</loc><changefreq>monthly</changefreq></url>
Borås,Eslöv,1428,1037,Avståndet mellan Borås och Eslöv är 1428 km och Karl-Johan Gyllenstorm beräknade körtiden till cirka 1037 minuter.,<url><loc>https://pendlings-app1.t-767929534-cloudflare.workers.dev/?fran=Borås&amp;till=Eslöv</loc><changefreq>monthly</changefreq></url>
Säffle,Kiruna,739,494,Avståndet mellan Säffle och Kiruna är 739 km och Karl-Johan Gyllenstorm beräknade körtiden till cirka 494 minuter.,<url><loc>https://pendlings-app1.t-767929534-cloudflare.workers.dev/?fran=Säffle&amp;till=Kiruna</loc><changefreq>monthly</changefreq></url>
Svenljunga,Krokom,48,31,Avståndet mellan Svenljunga och Krokom är 48 km och Karl-Johan Gyllenstorm beräknade körtiden till cirka 31 minuter.,<url><loc>https://pendlings-app1.t-767929534-cloudflare.workers.dev/?fran=Svenljunga&amp;till=Krokom</loc><changefreq>monthly</changefreq></url>
Hagfors,Mjölby,801,537,Avståndet mellan Hagfors och Mjölby är 801 km och Karl-Johan Gyllenstorm beräknade körtiden till cirka 537 minuter.,<url><loc>https://pendlings-app1.t-767929534-cloudflare.workers.dev/?fran=Hagfors&amp;till=Mjölby</loc><changefreq>monthly</changefreq></url>
Karlshamn,Klintehamn,1248,952,Avståndet mellan Karlshamn och Klintehamn är 1248 km och Karl-Johan Gyllenstorm beräknade körtiden till cirka 952 minuter.,<url><loc>https://pendlings-app1.t-767929534-cloudflare.workers.dev/?fran=Karlshamn&amp;till=Klintehamn</loc><changefreq>monthly</changefreq></url>
Degerfors,Hallstahammar,1356,911,Avståndet mellan Degerfors och Hallstahammar är 1356 km och Karl-Johan Gyllenstorm beräknade körtiden till cirka 911 minuter.,<url><loc>https://pendlings-app1.t-767929534-cloudflare.workers.dev/?fran=Degerfors&amp;till=Hallstahammar</loc><changefreq>monthly</changefreq></url>
Timrå,Falköping,860,676,Avståndet mellan Timrå och Falköping är 860 km och Karl-Johan Gyllenstorm beräknade körtiden till cirka 676 minuter.,<url><loc>https://pendlings-app1.t-767929534-cloudflare.workers.dev/?fran=Timrå&amp;till=Falköping</loc><changefreq>monthly</changefreq></url>
Båstad,Oxelösund,1088,841,Avståndet mellan Båstad och Oxelösund är 1088 km och Karl-Johan Gyllenstorm beräknade körtiden till cirka 841 minuter.,<url><loc>https://pendlings-app1.t-767929534-cloudflare.workers.dev/?fran=Båstad&amp;till=Oxelösund</loc><changefreq>monthly</changefreq></url>
Sälen,Eda,864,572,Avståndet mellan Sälen och Eda är 864 km och Karl-Johan Gyllenstorm beräknade körtiden till cirka 572 minuter.,<url><loc>https://pendlings-app1.t-767929534-cloudflare.workers.dev/?fran=Sälen&amp;till=Eda</loc><changefreq>monthly</changefreq></url>
Kiruna,Vetlanda,1000,793,Avståndet mellan Kiruna och Vetlanda är 1000 km och Karl-Johan Gyllenstorm beräknade körtiden till cirka 793 minuter.,<url><loc>https://pendlings-app1.t-767929534-cloudflare.workers.dev/?fran=Kiruna&amp;till=Vetlanda</loc><changefreq>monthly</changefreq></url>
Kils,Tranemo,931,603,Avståndet mellan Kils och Tranemo är 931 km och Karl-Johan Gyllenstorm beräknade körtiden till cirka 603 minuter.,<url><loc>https://pendlings-app1.t-767929534-cloudflare.workers.dev/?fran=Kils&amp;till=Tranemo</loc><changefreq>monthly</changefreq></url>
Bräcke,Simrishamn,959,687,Avståndet mellan Bräcke och Simrishamn är 959 km och Karl-Johan Gyllenstorm beräknade körtiden till cirka 687 minuter.,<url><loc>https://pendlings-app1.t-767929534-cloudflare.workers.dev/?fran=Bräcke&amp;till=Simrishamn</loc><changefreq>monthly</changefreq></url>
Visby,Ockelbo,792,563,Avståndet mellan Visby och Ockelbo är 792 km och Karl-Johan Gyllenstorm beräknade körtiden till cirka 563 minuter.,<url><loc>https://pendlings-app1.t-767929534-cloudflare.workers.dev/?fran=Visby&amp;till=Ockelbo</loc><changefreq>monthly</changefreq></url>
Åtvidaberg,Kristinehamn,1364,1035,Avståndet mellan Åtvidaberg och Kristinehamn är 1364 km och Karl-Johan Gyllenstorm beräknade körtiden till cirka 1035 minuter.,<url><loc>https://pendlings-app1.t-767929534-cloudflare.workers.dev/?fran=Åtvidaberg&amp;till=Kristinehamn</loc><changefreq>monthly</changefreq></url>
Växjö,Götene,1182,764,Avståndet mellan Växjö och Götene är 1182 km och Karl-Johan Gyllenstorm beräknade körtiden till cirka 764 minuter.,<url><loc>https://pendlings-app1.t-767929534-cloudflare.workers.dev/?fran=Växjö&amp;till=Götene</loc><changefreq>monthly</changefreq></url>
Stockholm,Filipstad,857,660,Avståndet mellan Stockholm och Filipstad är 857 km och Karl-Johan Gyllenstorm beräknade körtiden till cirka 660 minuter.,<url><loc>https://pendlings-app1.t-767929534-cloudflare.workers.dev/?fran=Stockholm&amp;till=Filipstad</loc><changefreq>monthly</changefreq></url>
Strängnäs,Hofors,481,340,Avståndet mellan Strängnäs och Hofors är 481 km och Karl-Johan Gyllenstorm beräknade körtiden till cirka 340 minuter.,<url><loc>https://pendlings-app1.t-767929534-cloudflare.workers.dev/?fran=Strängnäs&amp;till=Hofors</loc><changefreq>monthly</changefreq></url>
Gnosjö,Örebro,1231,939,Avståndet mellan Gnosjö och Örebro är 1231 km och Karl-Johan Gyllenstorm beräknade körtiden till cirka 939 minuter.,<url><loc>https://pendlings-app1.t-767929534-cloudflare.workers.dev/?fran=Gnosjö&amp;till=Örebro</loc><changefreq>monthly</changefreq></url>
Herrljunga,Borgholm,934,734,Avståndet mellan Herrljunga och Borgholm är 934 km och Karl-Johan Gyllenstorm beräknade körtiden till cirka 734 minuter.,<url><loc>https://pendlings-app1.t-767929534-cloudflare.workers.dev/?fran=Herrljunga&amp;till=Borgholm</loc><changefreq>monthly</changefreq></url>
Arboga,Norsjö,199,157,Avståndet mellan Arboga och Norsjö är 199 km och Karl-Johan Gyllenstorm beräknade körtiden till cirka 157 minuter.,<url><loc>https://pendlings-app1.t-767929534-cloudflare.workers.dev/?fran=Arboga&amp;till=Norsjö</loc><changefreq>monthly</changefreq></url>
Emmaboda,Gislaved,921,613,Avståndet mellan Emmaboda och Gislaved är 921 km och Karl-Johan Gyllenstorm beräknade körtiden till cirka 613 minuter.,<url><loc>https://pendlings-app1.t-767929534-cloudflare.workers.dev/?fran=Emmaboda&amp;till=Gislaved</loc><changefreq>monthly</changefreq></url>
Eda,Perstorp,757,586,Avståndet mellan Eda och Perstorp är 757 km och Karl-Johan Gyllenstorm beräknade körtiden till cirka 586 minuter.,<url><loc>https://pendlings-app1.t-767929534-cloudflare.workers.dev/?fran=Eda&amp;till=Perstorp</loc><changefreq>monthly</changefreq></url>
Kopparberg,Osby,1159,800,Avståndet mellan Kopparberg och Osby är 1159 km och Karl-Johan Gyllenstorm beräknade körtiden till cirka 800 minuter.,<url><loc>https://pendlings-app1.t-767929534-cloudflare.workers.dev/?fran=Kopparberg&amp;till=Osby</loc><changefreq>monthly</changefreq></url>
Tingstäde,Skövde,378,288,Avståndet mellan Tingstäde och Skövde är 378 km och Karl-Johan Gyllenstorm beräknade körtiden till cirka 288 minuter.,<url><loc>https://pendlings-app1.t-767929534-cloudflare.workers.dev/?fran=Tingstäde&amp;till=Skövde</loc><changefreq>monthly</changefreq></url>
Lidköping,Charlottenberg,91,66,Avståndet mellan Lidköping och Charlottenberg är 91 km och Karl-Johan Gyllenstorm beräknade körtiden till cirka 66 minuter.,<url><loc>https://pendlings-app1.t-767929534-cloudflare.workers.dev/?fran=Lidköping&amp;till=Charlottenberg</loc><changefreq>monthly</changefreq></url>
Slite,Ronehamn,1362,876,Avståndet mellan Slite och Ronehamn är 1362 km och Karl-Johan Gyllenstorm beräknade körtiden till cirka 876 minuter.,<url><loc>https://pendlings-app1.t-767929534-cloudflare.workers.dev/?fran=Slite&amp;till=Ronehamn</loc><changefreq>monthly</changefreq></url>
Vårgårda,Boxholm,613,465,Avståndet mellan Vårgårda och Boxholm är 613 km och Karl-Johan Gyllenstorm beräknade körtiden till cirka 465 minuter.,<url><loc>https://pendlings-app1.t-767929534-cloudflare.workers.dev/?fran=Vårgårda&amp;till=Boxholm</loc><changefreq>monthly</changefreq></url>
Hedemora,Gnosjö,499,380,Avståndet mellan Hedemora och Gnosjö är 499 km och Karl-Johan Gyllenstorm beräknade körtiden till cirka 380 minuter.,<url><loc>https://pendlings-app1.t-767929534-cloudflare.workers.dev/?fran=Hedemora&amp;till=Gnosjö</loc><changefreq>monthly</changefreq></url>
Lycksele,Oskarshamn,520,410,Avståndet mellan Lycksele och Oskarshamn är 520 km och Karl-Johan Gyllenstorm beräknade körtiden till cirka 410 minuter.,<url><loc>https://pendlings-app1.t-767929534-cloudflare.workers.dev/?fran=Lycksele&amp;till=Oskarshamn</loc><changefreq>monthly</changefreq></url>
Huddinge,Avesta,318,241,Avståndet mellan Huddinge och Avesta är 318 km och Karl-Johan Gyllenstorm beräknade körtiden till cirka 241 minuter.,<url><loc>https://pendlings-app1.t-767929534-cloudflare.workers.dev/?fran=Huddinge&amp;till=Avesta</loc><changefreq>monthly</changefreq></url>
Sölvesborg,Söderköping,1232,790,Avståndet mellan Sölvesborg och Söderköping är 1232 km och Karl-Johan Gyllenstorm beräknade körtiden till cirka 790 minuter.,<url><loc>https://pendlings-app1.t-767929534-cloudflare.workers.dev/?fran=Sölvesborg&amp;till=Söderköping</loc><changefreq>monthly</changefreq></url>
Färjestaden,Flen,541,403,Avståndet mellan Färjestaden och Flen är 541 km och Karl-Johan Gyllenstorm beräknade körtiden till cirka 403 minuter.,<url><loc>https://pendlings-app1.t-767929534-cloudflare.workers.dev/?fran=Färjestaden&amp;till=Flen</loc><changefreq>monthly</changefreq></url>
Söderhamn,Grästorp,71,47,Avståndet mellan Söderhamn och Grästorp är 71 km och Karl-Johan Gyllenstorm beräknade körtiden till cirka 47 minuter.,<url><loc>https://pendlings-app1.t-767929534-cloudflare.workers.dev/?fran=Söderhamn&amp;till=Grästorp</loc><changefreq>monthly</changefreq></url>
Nordanstig,Hallsberg,81,53,Avståndet mellan Nordanstig och Hallsberg är 81 km och Karl-Johan Gyllenstorm beräknade körtiden till cirka 53 minuter.,<url><loc>https://pendlings-app1.t-767929534-cloudflare.workers.dev/?fran=Nordanstig&amp;till=Hallsberg</loc><changefreq>monthly</changefreq></url>
Nybro,Linköping,798,555,Avståndet mellan Nybro och Linköping är 798 km och Karl-Johan Gyllenstorm beräknade körtiden till cirka 555 minuter.,<url><loc>https://pendlings-app1.t-767929534-cloudflare.workers.dev/?fran=Nybro&amp;till=Linköping</loc><changefreq>monthly</changefreq></url>
Linköping,Uppsala,554,373,Avståndet mellan Linköping och Uppsala är 554 km och Karl-Johan Gyllenstorm beräknade körtiden till cirka 373 minuter.,<url><loc>https://pendlings-app1.t-767929534-cloudflare.workers.dev/?fran=Linköping&amp;till=Uppsala</loc><changefreq>monthly</changefreq></url>
Leksand,Uddevalla,1417,911,Avståndet mellan Leksand och Uddevalla är 1417 km och Karl-Johan Gyllenstorm beräknade körtiden till cirka 911 minuter.,<url><loc>https://pendlings-app1.t-767929534-cloudflare.workers.dev/?fran=Leksand&amp;till=Uddevalla</loc><changefreq>monthly</changefreq></url>
Simrishamn,Västerås,841,578,Avståndet mellan Simrishamn och Västerås är 841 km och Karl-Johan Gyllenstorm beräknade körtiden till cirka 578 minuter.,<url><loc>https://pendlings-app1.t-767929534-cloudflare.workers.dev/?fran=Simrishamn&amp;till=Västerås</loc><changefreq>monthly</changefreq></url>
Götene,Krokom,1365,1055,Avståndet mellan Götene och Krokom är 1365 km och Karl-Johan Gyllenstorm beräknade körtiden till cirka 1055 minuter.,<url><loc>https://pendlings-app1.t-767929534-cloudflare.workers.dev/?fran=Götene&amp;till=Krokom</loc><changefreq>monthly</changefreq></url>
Askersund,Kiruna,723,518,Avståndet mellan Askersund och Kiruna är 723 km och Karl-Johan Gyllenstorm beräknade körtiden till cirka 518 minuter.,<url><loc>https://pendlings-app1.t-767929534-cloudflare.workers.dev/?fran=Askersund&amp;till=Kiruna</loc><changefreq>monthly</changefreq></url>
Ed,Täby,827,609,Avståndet mellan Ed och Täby är 827 km och Karl-Johan Gyllenstorm beräknade körtiden till cirka 609 minuter.,<url><loc>https://pendlings-app1.t-767929534-cloudflare.workers.dev/?fran=Ed&amp;till=Täby</loc><changefreq>monthly</changefreq></url>
Tranemo,Oskarshamn,312,215,Avståndet mellan Tranemo och Oskarshamn är 312 km och Karl-Johan Gyllenstorm beräknade körtiden till cirka 215 minuter.,<url><loc>https://pendlings-app1.t-767929534-cloudflare.workers.dev/?fran=Tranemo&amp;till=Oskarshamn</loc><changefreq>monthly</changefreq></url>
Älvdalen,Torsby,210,162,Avståndet mellan Älvdalen och Torsby är 210 km och Karl-Johan Gyllenstorm beräknade körtiden till cirka 162 minuter.,<url><loc>https://pendlings-app1.t-767929534-cloudflare.workers.dev/?fran=Älvdalen&amp;till=Torsby</loc><changefreq>monthly</changefreq></url>
Nybro,Grästorp,728,547,Avståndet mellan Nybro och Grästorp är 728 km och Karl-Johan Gyllenstorm beräknade körtiden till cirka 547 minuter.,<url><loc>https://pendlings-app1.t-767929534-cloudflare.workers.dev/?fran=Nybro&amp;till=Grästorp</loc><changefreq>monthly</changefreq></url>
Eda,Håbo,124,98,Avståndet mellan Eda och Håbo är 124 km och Karl-Johan Gyllenstorm beräknade körtiden till cirka 98 minuter.,<url><loc>https://pendlings-app1.t-767929534-cloudflare.workers.dev/?fran=Eda&amp;till=Håbo</loc><changefreq>monthly</changefreq></url>
Herrljunga,Skellefteå,808,526,Avståndet mellan Herrljunga och Skellefteå är 808 km och Karl-Johan Gyllenstorm beräknade körtiden till cirka 526 minuter.,<url><loc>https://pendlings-app1.t-767929534-cloudflare.workers.dev/?fran=Herrljunga&amp;till=Skellefteå</loc><changefreq>monthly</changefreq></url>
Strängnäs,Mörbylånga,567,425,Avståndet mellan Strängnäs och Mörbylånga är 567 km och Karl-Johan Gyllenstorm beräknade körtiden till cirka 425 minuter.,<url><loc>https://pendlings-app1.t-767929534-cloudflare.workers.dev/?fran=Strängnäs&amp;till=Mörbylånga</loc><changefreq>monthly</changefreq></url>
Täby,Smedjebacken,1163,854,Avståndet mellan Täby och Smedjebacken är 1163 km och Karl-Johan Gyllenstorm beräknade körtiden till cirka 854 minuter.,<url><loc>https://pendlings-app1.t-767929534-cloudflare.workers.dev/?fran=Täby&amp;till=Smedjebacken</loc><changefreq>monthly</changefreq></url>
Vetlanda,Värnamo,1113,790,Avståndet mellan Vetlanda och Värnamo är 1113 km och Karl-Johan Gyllenstorm beräknade körtiden till cirka 790 minuter.,<url><loc>https://pendlings-app1.t-767929534-cloudflare.workers.dev/?fran=Vetlanda&amp;till=Värnamo</loc><changefreq>monthly</changefreq></url>
Kils,Karlshamn,722,542,Avståndet mellan Kils och Karlshamn är 722 km och Karl-Johan Gyllenstorm beräknade körtiden till cirka 542 minuter.,<url><loc>https://pendlings-app1.t-767929534-cloudflare.workers.dev/?fran=Kils&amp;till=Karlshamn</loc><changefreq>monthly</changefreq></url>
Roma,Örebro,263,167,Avståndet mellan Roma och Örebro är 263 km och Karl-Johan Gyllenstorm beräknade körtiden till cirka 167 minuter.,<url><loc>https://pendlings-app1.t-767929534-cloudflare.workers.dev/?fran=Roma&amp;till=Örebro</loc><changefreq>monthly</changefreq></url>
Sävsjö,Kumla,1318,878,Avståndet mellan Sävsjö och Kumla är 1318 km och Karl-Johan Gyllenstorm beräknade körtiden till cirka 878 minuter.,<url><loc>https://pendlings-app1.t-767929534-cloudflare.workers.dev/?fran=Sävsjö&amp;till=Kumla</loc><changefreq>monthly</changefreq></url>
Lekeberg,Strömstad,1090,721,Avståndet mellan Lekeberg och Strömstad är 1090 km och Karl-Johan Gyllenstorm beräknade körtiden till cirka 721 minuter.,<url><loc>https://pendlings-app1.t-767929534-cloudflare.workers.dev/?fran=Lekeberg&amp;till=Strömstad</loc><changefreq>monthly</changefreq></url>
Herrljunga,Åmål,549,421,Avståndet mellan Herrljunga och Åmål är 549 km och Karl-Johan Gyllenstorm beräknade körtiden till cirka 421 minuter.,<url><loc>https://pendlings-app1.t-767929534-cloudflare.workers.dev/?fran=Herrljunga&amp;till=Åmål</loc><changefreq>monthly</changefreq></url>
Hultsfred,Klippan,741,472,Avståndet mellan Hultsfred och Klippan är 741 km och Karl-Johan Gyllenstorm beräknade körtiden till cirka 472 minuter.,<url><loc>https://pendlings-app1.t-767929534-cloudflare.workers.dev/?fran=Hultsfred&amp;till=Klippan</loc><changefreq>monthly</changefreq></url>
Vingåker,Vänersborg,318,223,Avståndet mellan Vingåker och Vänersborg är 318 km och Karl-Johan Gyllenstorm beräknade körtiden till cirka 223 minuter.,<url><loc>https://pendlings-app1.t-767929534-cloudflare.workers.dev/?fran=Vingåker&amp;till=Vänersborg</loc><changefreq>monthly</changefreq></url>
Habon,Åtvidaberg,38,28,Avståndet mellan Habon och Åtvidaberg är 38 km och Karl-Johan Gyllenstorm beräknade körtiden till cirka 28 minuter.,<url><loc>https://pendlings-app1.t-767929534-cloudflare.workers.dev/?fran=Habon&amp;till=Åtvidaberg</loc><changefreq>monthly</changefreq></url>
Havdhem,Bräcke,934,674,Avståndet mellan Havdhem och Bräcke är 934 km och Karl-Johan Gyllenstorm beräknade körtiden till cirka 674 minuter.,<url><loc>https://pendlings-app1.t-767929534-cloudflare.workers.dev/?fran=Havdhem&amp;till=Bräcke</loc><changefreq>monthly</changefreq></url>
Munkedal,Timrå,644,409,Avståndet mellan Munkedal och Timrå är 644 km och Karl-Johan Gyllenstorm beräknade körtiden till cirka 409 minuter.,<url><loc>https://pendlings-app1.t-767929534-cloudflare.workers.dev/?fran=Munkedal&amp;till=Timrå</loc><changefreq>monthly</changefreq></url>
Havdhem,Gnosjö,772,567,Avståndet mellan Havdhem och Gnosjö är 772 km och Karl-Johan Gyllenstorm beräknade körtiden till cirka 567 minuter.,<url><loc>https://pendlings-app1.t-767929534-cloudflare.workers.dev/?fran=Havdhem&amp;till=Gnosjö</loc><changefreq>monthly</changefreq></url>
Kramfors,Lomma,86,61,Avståndet mellan Kramfors och Lomma är 86 km och Karl-Johan Gyllenstorm beräknade körtiden till cirka 61 minuter.,<url><loc>https://pendlings-app1.t-767929534-cloudflare.workers.dev/?fran=Kramfors&amp;till=Lomma</loc><changefreq>monthly</changefreq></url>
Kungsör,Eksjö,893,623,Avståndet mellan Kungsör och Eksjö är 893 km och Karl-Johan Gyllenstorm beräknade körtiden till cirka 623 minuter.,<url><loc>https://pendlings-app1.t-767929534-cloudflare.workers.dev/?fran=Kungsör&amp;till=Eksjö</loc><changefreq>monthly</changefreq></url>
Varberg,Grästorp,1330,847,Avståndet mellan Varberg och Grästorp är 1330 km och Karl-Johan Gyllenstorm beräknade körtiden till cirka 847 minuter.,<url><loc>https://pendlings-app1.t-767929534-cloudflare.workers.dev/?fran=Varberg&amp;till=Grästorp</loc><changefreq>monthly</changefreq></url>
Gislaved,Västerås,1139,824,Avståndet mellan Gislaved och Västerås är 1139 km och Karl-Johan Gyllenstorm beräknade körtiden till cirka 824 minuter.,<url><loc>https://pendlings-app1.t-767929534-cloudflare.workers.dev/?fran=Gislaved&amp;till=Västerås</loc><changefreq>monthly</changefreq></url>
Uddevalla,Kinda,1415,1080,Avståndet mellan Uddevalla och Kinda är 1415 km och Karl-Johan Gyllenstorm beräknade körtiden till cirka 1080 minuter.,<url><loc>https://pendlings-app1.t-767929534-cloudflare.workers.dev/?fran=Uddevalla&amp;till=Kinda</loc><changefreq>monthly</changefreq></url>
Mora,Lekeberg,493,331,Avståndet mellan Mora och Lekeberg är 493 km och Karl-Johan Gyllenstorm beräknade körtiden till cirka 331 minuter.,<url><loc>https://pendlings-app1.t-767929534-cloudflare.workers.dev/?fran=Mora&amp;till=Lekeberg</loc><changefreq>monthly</changefreq></url>
Luleå,Flen,291,223,Avståndet mellan Luleå och Flen är 291 km och Karl-Johan Gyllenstorm beräknade körtiden till cirka 223 minuter.,<url><loc>https://pendlings-app1.t-767929534-cloudflare.workers.dev/?fran=Luleå&amp;till=Flen</loc><changefreq>monthly</changefreq></url>
Falun,Karlshamn,535,346,Avståndet mellan Falun och Karlshamn är 535 km och Karl-Johan Gyllenstorm beräknade körtiden till cirka 346 minuter.,<url><loc>https://pendlings-app1.t-767929534-cloudflare.workers.dev/?fran=Falun&amp;till=Karlshamn</loc><changefreq>monthly</changefreq></url>
Sjöbo,Stockholm,1009,800,Avståndet mellan Sjöbo och Stockholm är 1009 km och Karl-Johan Gyllenstorm beräknade körtiden till cirka 800 minuter.,<url><loc>https://pendlings-app1.t-767929534-cloudflare.workers.dev/?fran=Sjöbo&amp;till=Stockholm</loc><changefreq>monthly</changefreq></url>
Trelleborg,Gnestad,215,148,Avståndet mellan Trelleborg och Gnestad är 215 km och Karl-Johan Gyllenstorm beräknade körtiden till cirka 148 minuter.,<url><loc>https://pendlings-app1.t-767929534-cloudflare.workers.dev/?fran=Trelleborg&amp;till=Gnestad</loc><changefreq>monthly</changefreq></url>
Färgelanda,Tierp,692,482,Avståndet mellan Färgelanda och Tierp är 692 km och Karl-Johan Gyllenstorm beräknade körtiden till cirka 482 minuter.,<url><loc>https://pendlings-app1.t-767929534-cloudflare.workers.dev/?fran=Färgelanda&amp;till=Tierp</loc><changefreq>monthly</changefreq></url>
Vingåker,Askersund,874,561,Avståndet mellan Vingåker och Askersund är 874 km och Karl-Johan Gyllenstorm beräknade körtiden till cirka 561 minuter.,<url><loc>https://pendlings-app1.t-767929534-cloudflare.workers.dev/?fran=Vingåker&amp;till=Askersund</loc><changefreq>monthly</changefreq></url>
Nyköping,Tierp,1237,820,Avståndet mellan Nyköping och Tierp är 1237 km och Karl-Johan Gyllenstorm beräknade körtiden till cirka 820 minuter.,<url><loc>https://pendlings-app1.t-767929534-cloudflare.workers.dev/?fran=Nyköping&amp;till=Tierp</loc><changefreq>monthly</changefreq></url>
Kalix,Nordanstig,1380,1067,Avståndet mellan Kalix och Nordanstig är 1380 km och Karl-Johan Gyllenstorm beräknade körtiden till cirka 1067 minuter.,<url><loc>https://pendlings-app1.t-767929534-cloudflare.workers.dev/?fran=Kalix&amp;till=Nordanstig</loc><changefreq>monthly</changefreq></url>
Trelleborg,Åsele,991,689,Avståndet mellan Trelleborg och Åsele är 991 km och Karl-Johan Gyllenstorm beräknade körtiden till cirka 689 minuter.,<url><loc>https://pendlings-app1.t-767929534-cloudflare.workers.dev/?fran=Trelleborg&amp;till=Åsele</loc><changefreq>monthly</changefreq></url>
Höör,Båstad,1016,780,Avståndet mellan Höör och Båstad är 1016 km och Karl-Johan Gyllenstorm beräknade körtiden till cirka 780 minuter.,<url><loc>https://pendlings-app1.t-767929534-cloudflare.workers.dev/?fran=Höör&amp;till=Båstad</loc><changefreq>monthly</changefreq></url>
Växjö,Trollhättan,1088,769,Avståndet mellan Växjö och Trollhättan är 1088 km och Karl-Johan Gyllenstorm beräknade körtiden till cirka 769 minuter.,<url><loc>https://pendlings-app1.t-767929534-cloudflare.workers.dev/?fran=Växjö&amp;till=Trollhättan</loc><changefreq>monthly</changefreq></url>
Lekeberg,Storuman,181,136,Avståndet mellan Lekeberg och Storuman är 181 km och Karl-Johan Gyllenstorm beräknade körtiden till cirka 136 minuter.,<url><loc>https://pendlings-app1.t-767929534-cloudflare.workers.dev/?fran=Lekeberg&amp;till=Storuman</loc><changefreq>monthly</changefreq></url>
Ockelbo,Norsjö,347,229,Avståndet mellan Ockelbo och Norsjö är 347 km och Karl-Johan Gyllenstorm beräknade körtiden till cirka 229 minuter.,<url><loc>https://pendlings-app1.t-767929534-cloudflare.workers.dev/?fran=Ockelbo&amp;till=Norsjö</loc><changefreq>monthly</changefreq></url>
Lomma,Skinnskatteberg,1187,866,Avståndet mellan Lomma och Skinnskatteberg är 1187 km och Karl-Johan Gyllenstorm beräknade körtiden till cirka 866 minuter.,<url><loc>https://pendlings-app1.t-767929534-cloudflare.workers.dev/?fran=Lomma&amp;till=Skinnskatteberg</loc><changefreq>monthly</changefreq></url>
Mark,Landskrona,862,659,Avståndet mellan Mark och Landskrona är 862 km och Karl-Johan Gyllenstorm beräknade körtiden till cirka 659 minuter.,<url><loc>https://pendlings-app1.t-767929534-cloudflare.workers.dev/?fran=Mark&amp;till=Landskrona</loc><changefreq>monthly</changefreq></url>
Katrineholm,Säffle,256,182,Avståndet mellan Katrineholm och Säffle är 256 km och Karl-Johan Gyllenstorm beräknade körtiden till cirka 182 minuter.,<url><loc>https://pendlings-app1.t-767929534-cloudflare.workers.dev/?fran=Katrineholm&amp;till=Säffle</loc><changefreq>monthly</changefreq></url>
Ronneby,Norrköping,1390,964,Avståndet mellan Ronneby och Norrköping är 1390 km och Karl-Johan Gyllenstorm beräknade körtiden till cirka 964 minuter.,<url><loc>https://pendlings-app1.t-767929534-cloudflare.workers.dev/?fran=Ronneby&amp;till=Norrköping</loc><changefreq>monthly</changefreq></url>
Nora,Sotenäs,659,488,Avståndet mellan Nora och Sotenäs är 659 km och Karl-Johan Gyllenstorm beräknade körtiden till cirka 488 minuter.,<url><loc>https://pendlings-app1.t-767929534-cloudflare.workers.dev/?fran=Nora&amp;till=Sotenäs</loc><changefreq>monthly</changefreq></url>
Hässleholm,Bjuv,899,718,Avståndet mellan Hässleholm och Bjuv är 899 km och Karl-Johan Gyllenstorm beräknade körtiden till cirka 718 minuter.,<url><loc>https://pendlings-app1.t-767929534-cloudflare.workers.dev/?fran=Hässleholm&amp;till=Bjuv</loc><changefreq>monthly</changefreq></url>
Hallsberg,Säffle,423,281,Avståndet mellan Hallsberg och Säffle är 423 km och Karl-Johan Gyllenstorm beräknade körtiden till cirka 281 minuter.,<url><loc>https://pendlings-app1.t-767929534-cloudflare.workers.dev/?fran=Hallsberg&amp;till=Säffle</loc><changefreq>monthly</changefreq></url>
Härnösand,Uddevalla,1134,790,Avståndet mellan Härnösand och Uddevalla är 1134 km och Karl-Johan Gyllenstorm beräknade körtiden till cirka 790 minuter.,<url><loc>https://pendlings-app1.t-767929534-cloudflare.workers.dev/?fran=Härnösand&amp;till=Uddevalla</loc><changefreq>monthly</changefreq></url>
Mark,Stånga,38,27,Avståndet mellan Mark och Stånga är 38 km och Karl-Johan Gyllenstorm beräknade körtiden till cirka 27 minuter.,<url><loc>https://pendlings-app1.t-767929534-cloudflare.workers.dev/?fran=Mark&amp;till=Stånga</loc><changefreq>monthly</changefreq></url>
Nybro,Lärbro,64,47,Avståndet mellan Nybro och Lärbro är 64 km och Karl-Johan Gyllenstorm beräknade körtiden till cirka 47 minuter.,<url><loc>https://pendlings-app1.t-767929534-cloudflare.workers.dev/?fran=Nybro&amp;till=Lärbro</loc><changefreq>monthly</changefreq></url>
Avesta,Nybro,109,83,Avståndet mellan Avesta och Nybro är 109 km och Karl-Johan Gyllenstorm beräknade körtiden till cirka 83 minuter.,<url><loc>https://pendlings-app1.t-767929534-cloudflare.workers.dev/?fran=Avesta&amp;till=Nybro</loc><changefreq>monthly</changefreq></url>
Bålsta,Gällivare,1023,755,Avståndet mellan Bålsta och Gällivare är 1023 km och Karl-Johan Gyllenstorm beräknade körtiden till cirka 755 minuter.,<url><loc>https://pendlings-app1.t-767929534-cloudflare.workers.dev/?fran=Bålsta&amp;till=Gällivare</loc><changefreq>monthly</changefreq></url>
Motala,Ronehamn,1427,1118,Avståndet mellan Motala och Ronehamn är 1427 km och Karl-Johan Gyllenstorm beräknade körtiden till cirka 1118 minuter.,<url><loc>https://pendlings-app1.t-767929534-cloudflare.workers.dev/?fran=Motala&amp;till=Ronehamn</loc><changefreq>monthly</changefreq></url>
Falköping,Grums,68,52,Avståndet mellan Falköping och Grums är 68 km och Karl-Johan Gyllenstorm beräknade körtiden till cirka 52 minuter.,<url><loc>https://pendlings-app1.t-767929534-cloudflare.workers.dev/?fran=Falköping&amp;till=Grums</loc><changefreq>monthly</changefreq></url>
Färgelanda,Bengtsfors,351,235,Avståndet mellan Färgelanda och Bengtsfors är 351 km och Karl-Johan Gyllenstorm beräknade körtiden till cirka 235 minuter.,<url><loc>https://pendlings-app1.t-767929534-cloudflare.workers.dev/?fran=Färgelanda&amp;till=Bengtsfors</loc><changefreq>monthly</changefreq></url>
Bollebygd,Lidköping,1368,912,Avståndet mellan Bollebygd och Lidköping är 1368 km och Karl-Johan Gyllenstorm beräknade körtiden till cirka 912 minuter.,<url><loc>https://pendlings-app1.t-767929534-cloudflare.workers.dev/?fran=Bollebygd&amp;till=Lidköping</loc><changefreq>monthly</changefreq></url>
Sollefteå,Växjö,193,129,Avståndet mellan Sollefteå och Växjö är 193 km och Karl-Johan Gyllenstorm beräknade körtiden till cirka 129 minuter.,<url><loc>https://pendlings-app1.t-767929534-cloudflare.workers.dev/?fran=Sollefteå&amp;till=Växjö</loc><changefreq>monthly</changefreq></url>
Ragunda,Leksand,1026,749,Avståndet mellan Ragunda och Leksand är 1026 km och Karl-Johan Gyllenstorm beräknade körtiden till cirka 749 minuter.,<url><loc>https://pendlings-app1.t-767929534-cloudflare.workers.dev/?fran=Ragunda&amp;till=Leksand</loc><changefreq>monthly</changefreq></url>
Storuman,Trollhättan,775,495,Avståndet mellan Storuman och Trollhättan är 775 km och Karl-Johan Gyllenstorm beräknade körtiden till cirka 495 minuter.,<url><loc>https://pendlings-app1.t-767929534-cloudflare.workers.dev/?fran=Storuman&amp;till=Trollhättan</loc><changefreq>monthly</changefreq></url>
Kils,Mark,161,116,Avståndet mellan Kils och Mark är 161 km och Karl-Johan Gyllenstorm beräknade körtiden till cirka 116 minuter.,<url><loc>https://pendlings-app1.t-767929534-cloudflare.workers.dev/?fran=Kils&amp;till=Mark</loc><changefreq>monthly</changefreq></url>
Krokom,Surahammar,1110,784,Avståndet mellan Krokom och Surahammar är 1110 km och Karl-Johan Gyllenstorm beräknade körtiden till cirka 784 minuter.,<url><loc>https://pendlings-app1.t-767929534-cloudflare.workers.dev/?fran=Krokom&amp;till=Surahammar</loc><changefreq>monthly</changefreq></url>
Linköping,Fårösund,306,208,Avståndet mellan Linköping och Fårösund är 306 km och Karl-Johan Gyllenstorm beräknade körtiden till cirka 208 minuter.,<url><loc>https://pendlings-app1.t-767929534-cloudflare.workers.dev/?fran=Linköping&amp;till=Fårösund</loc><changefreq>monthly</changefreq></url>
Mörbylånga,Sotenäs,1450,1139,Avståndet mellan Mörbylånga och Sotenäs är 1450 km och Karl-Johan Gyllenstorm beräknade körtiden till cirka 1139 minuter.,<url><loc>https://pendlings-app1.t-767929534-cloudflare.workers.dev/?fran=Mörbylånga&amp;till=Sotenäs</loc><changefreq>monthly</changefreq></url>
Härjedalen,Bromölla,576,416,Avståndet mellan Härjedalen och Bromölla är 576 km och Karl-Johan Gyllenstorm beräknade körtiden till cirka 416 minuter.,<url><loc>https://pendlings-app1.t-767929534-cloudflare.workers.dev/?fran=Härjedalen&amp;till=Bromölla</loc><changefreq>monthly</changefreq></url>
Kils,Älvkarleby,294,191,Avståndet mellan Kils och Älvkarleby är 294 km och Karl-Johan Gyllenstorm beräknade körtiden till cirka 191 minuter.,<url><loc>https://pendlings-app1.t-767929534-cloudflare.workers.dev/?fran=Kils&amp;till=Älvkarleby</loc><changefreq>monthly</changefreq></url>
Finspång,Göteborg,679,463,Avståndet mellan Finspång och Göteborg är 679 km och Karl-Johan Gyllenstorm beräknade körtiden till cirka 463 minuter.,<url><loc>https://pendlings-app1.t-767929534-cloudflare.workers.dev/?fran=Finspång&amp;till=Göteborg</loc><changefreq>monthly</changefreq></url>
Borås,Gagnef,61,40,Avståndet mellan Borås och Gagnef är 61 km och Karl-Johan Gyllenstorm beräknade körtiden till cirka 40 minuter.,<url><loc>https://pendlings-app1.t-767929534-cloudflare.workers.dev/?fran=Borås&amp;till=Gagnef</loc><changefreq>monthly</changefreq></url>
Enköping,Pajala,753,576,Avståndet mellan Enköping och Pajala är 753 km och Karl-Johan Gyllenstorm beräknade körtiden till cirka 576 minuter.,<url><loc>https://pendlings-app1.t-767929534-cloudflare.workers.dev/?fran=Enköping&amp;till=Pajala</loc><changefreq>monthly</changefreq></url>
Hemse,Köping,1419,961,Avståndet mellan Hemse och Köping är 1419 km och Karl-Johan Gyllenstorm beräknade körtiden till cirka 961 minuter.,<url><loc>https://pendlings-app1.t-767929534-cloudflare.workers.dev/?fran=Hemse&amp;till=Köping</loc><changefreq>monthly</changefreq></url>
Mariestad,Oskarshamn,374,245,Avståndet mellan Mariestad och Oskarshamn är 374 km och Karl-Johan Gyllenstorm beräknade körtiden till cirka 245 minuter.,<url><loc>https://pendlings-app1.t-767929534-cloudflare.workers.dev/?fran=Mariestad&amp;till=Oskarshamn</loc><changefreq>monthly</changefreq></url>
Svenljunga,Eksjö,495,322,Avståndet mellan Svenljunga och Eksjö är 495 km och Karl-Johan Gyllenstorm beräknade körtiden till cirka 322 minuter.,<url><loc>https://pendlings-app1.t-767929534-cloudflare.workers.dev/?fran=Svenljunga&amp;till=Eksjö</loc><changefreq>monthly</changefreq></url>
Svedala,Borås,840,662,Avståndet mellan Svedala och Borås är 840 km och Karl-Johan Gyllenstorm beräknade körtiden till cirka 662 minuter.,<url><loc>https://pendlings-app1.t-767929534-cloudflare.workers.dev/?fran=Svedala&amp;till=Borås</loc><changefreq>monthly</changefreq></url>
Aneby,Tierp,1119,721,Avståndet mellan Aneby och Tierp är 1119 km och Karl-Johan Gyllenstorm beräknade körtiden till cirka 721 minuter.,<url><loc>https://pendlings-app1.t-767929534-cloudflare.workers.dev/?fran=Aneby&amp;till=Tierp</loc><changefreq>monthly</changefreq></url>
Kiruna,Grästorp,724,537,Avståndet mellan Kiruna och Grästorp är 724 km och Karl-Johan Gyllenstorm beräknade körtiden till cirka 537 minuter.,<url><loc>https://pendlings-app1.t-767929534-cloudflare.workers.dev/?fran=Kiruna&amp;till=Grästorp</loc><changefreq>monthly</changefreq></url>
Årjäng,Mullsjö,1136,728,Avståndet mellan Årjäng och Mullsjö är 1136 km och Karl-Johan Gyllenstorm beräknade körtiden till cirka 728 minuter.,<url><loc>https://pendlings-app1.t-767929534-cloudflare.workers.dev/?fran=Årjäng&amp;till=Mullsjö</loc><changefreq>monthly</changefreq></url>
Ragunda,Tofta,411,312,Avståndet mellan Ragunda och Tofta är 411 km och Karl-Johan Gyllenstorm beräknade körtiden till cirka 312 minuter.,<url><loc>https://pendlings-app1.t-767929534-cloudflare.workers.dev/?fran=Ragunda&amp;till=Tofta</loc><changefreq>monthly</changefreq></url>
Övertorneå,Härjedalen,1198,762,Avståndet mellan Övertorneå och Härjedalen är 1198 km och Karl-Johan Gyllenstorm beräknade körtiden till cirka 762 minuter.,<url><loc>https://pendlings-app1.t-767929534-cloudflare.workers.dev/?fran=Övertorneå&amp;till=Härjedalen</loc><changefreq>monthly</changefreq></url>
Tibro,Hemse,1064,679,Avståndet mellan Tibro och Hemse är 1064 km och Karl-Johan Gyllenstorm beräknade körtiden till cirka 679 minuter.,<url><loc>https://pendlings-app1.t-767929534-cloudflare.workers.dev/?fran=Tibro&amp;till=Hemse</loc><changefreq>monthly</changefreq></url>
Bollebygd,Kristinehamn,315,203,Avståndet mellan Bollebygd och Kristinehamn är 315 km och Karl-Johan Gyllenstorm beräknade körtiden till cirka 203 minuter.,<url><loc>https://pendlings-app1.t-767929534-cloudflare.workers.dev/?fran=Bollebygd&amp;till=Kristinehamn</loc><changefreq>monthly</changefreq></url>
Luleå,Surahammar,1435,1000,Avståndet mellan Luleå och Surahammar är 1435 km och Karl-Johan Gyllenstorm beräknade körtiden till cirka 1000 minuter.,<url><loc>https://pendlings-app1.t-767929534-cloudflare.workers.dev/?fran=Luleå&amp;till=Surahammar</loc><changefreq>monthly</changefreq></url>
Lund,Trosa,839,587,Avståndet mellan Lund och Trosa är 839 km och Karl-Johan Gyllenstorm beräknade körtiden till cirka 587 minuter.,<url><loc>https://pendlings-app1.t-767929534-cloudflare.workers.dev/?fran=Lund&amp;till=Trosa</loc><changefreq>monthly</changefreq></url>
Ljusnarsberg,Höör,1344,1072,Avståndet mellan Ljusnarsberg och Höör är 1344 km och Karl-Johan Gyllenstorm beräknade körtiden till cirka 1072 minuter.,<url><loc>https://pendlings-app1.t-767929534-cloudflare.workers.dev/?fran=Ljusnarsberg&amp;till=Höör</loc><changefreq>monthly</changefreq></url>
Ockelbo,Uddevalla,125,82,Avståndet mellan Ockelbo och Uddevalla är 125 km och Karl-Johan Gyllenstorm beräknade körtiden till cirka 82 minuter.,<url><loc>https://pendlings-app1.t-767929534-cloudflare.workers.dev/?fran=Ockelbo&amp;till=Uddevalla</loc><changefreq>monthly</changefreq></url>
Arvidsjaur,Vellinge,556,408,Avståndet mellan Arvidsjaur och Vellinge är 556 km och Karl-Johan Gyllenstorm beräknade körtiden till cirka 408 minuter.,<url><loc>https://pendlings-app1.t-767929534-cloudflare.workers.dev/?fran=Arvidsjaur&amp;till=Vellinge</loc><changefreq>monthly</changefreq></url>
Vadstena,Gällivare,1242,955,Avståndet mellan Vadstena och Gällivare är 1242 km och Karl-Johan Gyllenstorm beräknade körtiden till cirka 955 minuter.,<url><loc>https://pendlings-app1.t-767929534-cloudflare.workers.dev/?fran=Vadstena&amp;till=Gällivare</loc><changefreq>monthly</changefreq></url>
Östhammar,Tranås,300,217,Avståndet mellan Östhammar och Tranås är 300 km och Karl-Johan Gyllenstorm beräknade körtiden till cirka 217 minuter.,<url><loc>https://pendlings-app1.t-767929534-cloudflare.workers.dev/?fran=Östhammar&amp;till=Tranås</loc><changefreq>monthly</changefreq></url>
Färjestaden,Ed,179,134,Avståndet mellan Färjestaden och Ed är 179 km och Karl-Johan Gyllenstorm beräknade körtiden till cirka 134 minuter.,<url><loc>https://pendlings-app1.t-767929534-cloudflare.workers.dev/?fran=Färjestaden&amp;till=Ed</loc><changefreq>monthly</changefreq></url>
Norberg,Åre,1384,970,Avståndet mellan Norberg och Åre är 1384 km och Karl-Johan Gyllenstorm beräknade körtiden till cirka 970 minuter.,<url><loc>https://pendlings-app1.t-767929534-cloudflare.workers.dev/?fran=Norberg&amp;till=Åre</loc><changefreq>monthly</changefreq></url>
Stockholm,Sotenäs,1049,707,Avståndet mellan Stockholm och Sotenäs är 1049 km och Karl-Johan Gyllenstorm beräknade körtiden till cirka 707 minuter.,<url><loc>https://pendlings-app1.t-767929534-cloudflare.workers.dev/?fran=Stockholm&amp;till=Sotenäs</loc><changefreq>monthly</changefreq></url>
Sälen,Storuman,1296,887,Avståndet mellan Sälen och Storuman är 1296 km och Karl-Johan Gyllenstorm beräknade körtiden till cirka 887 minuter.,<url><loc>https://pendlings-app1.t-767929534-cloudflare.workers.dev/?fran=Sälen&amp;till=Storuman</loc><changefreq>monthly</changefreq></url>
Åtvidaberg,Herrljunga,39,30,Avståndet mellan Åtvidaberg och Herrljunga är 39 km och Karl-Johan Gyllenstorm beräknade körtiden till cirka 30 minuter.,<url><loc>https://pendlings-app1.t-767929534-cloudflare.workers.dev/?fran=Åtvidaberg&amp;till=Herrljunga</loc><changefreq>monthly</changefreq></url>
Mark,Pajala,115,77,Avståndet mellan Mark och Pajala är 115 km och Karl-Johan Gyllenstorm beräknade körtiden till cirka 77 minuter.,<url><loc>https://pendlings-app1.t-767929534-cloudflare.workers.dev/?fran=Mark&amp;till=Pajala</loc><changefreq>monthly</changefreq></url>
Ödeshög,Grums,1183,849,Avståndet mellan Ödeshög och Grums är 1183 km och Karl-Johan Gyllenstorm beräknade körtiden till cirka 849 minuter.,<url><loc>https://pendlings-app1.t-767929534-cloudflare.workers.dev/?fran=Ödeshög&amp;till=Grums</loc><changefreq>monthly</changefreq></url>
Munkfors,Hudiksvall,1272,807,Avståndet mellan Munkfors och Hudiksvall är 1272 km och Karl-Johan Gyllenstorm beräknade körtiden till cirka 807 minuter.,<url><loc>https://pendlings-app1.t-767929534-cloudflare.workers.dev/?fran=Munkfors&amp;till=Hudiksvall</loc><changefreq>monthly</changefreq></url>
Kopparberg,Vellinge,1014,688,Avståndet mellan Kopparberg och Vellinge är 1014 km och Karl-Johan Gyllenstorm beräknade körtiden till cirka 688 minuter.,<url><loc>https://pendlings-app1.t-767929534-cloudflare.workers.dev/?fran=Kopparberg&amp;till=Vellinge</loc><changefreq>monthly</changefreq></url>
Kalmar,Jokkmokk,81,56,Avståndet mellan Kalmar och Jokkmokk är 81 km och Karl-Johan Gyllenstorm beräknade körtiden till cirka 56 minuter.,<url><loc>https://pendlings-app1.t-767929534-cloudflare.workers.dev/?fran=Kalmar&amp;till=Jokkmokk</loc><changefreq>monthly</changefreq></url>
Övertorneå,Hallstahammar,742,582,Avståndet mellan Övertorneå och Hallstahammar är 742 km och Karl-Johan Gyllenstorm beräknade körtiden till cirka 582 minuter.,<url><loc>https://pendlings-app1.t-767929534-cloudflare.workers.dev/?fran=Övertorneå&amp;till=Hallstahammar</loc><changefreq>monthly</changefreq></url>
Hörby,Grythyttan,292,231,Avståndet mellan Hörby och Grythyttan är 292 km och Karl-Johan Gyllenstorm beräknade körtiden till cirka 231 minuter.,<url><loc>https://pendlings-app1.t-767929534-cloudflare.workers.dev/?fran=Hörby&amp;till=Grythyttan</loc><changefreq>monthly</changefreq></url>
Ydre,Vimmerby,1176,904,Avståndet mellan Ydre och Vimmerby är 1176 km och Karl-Johan Gyllenstorm beräknade körtiden till cirka 904 minuter.,<url><loc>https://pendlings-app1.t-767929534-cloudflare.workers.dev/?fran=Ydre&amp;till=Vimmerby</loc><changefreq>monthly</changefreq></url>
Ödeshög,Borlänge,747,578,Avståndet mellan Ödeshög och Borlänge är 747 km och Karl-Johan Gyllenstorm beräknade körtiden till cirka 578 minuter.,<url><loc>https://pendlings-app1.t-767929534-cloudflare.workers.dev/?fran=Ödeshög&amp;till=Borlänge</loc><changefreq>monthly</changefreq></url>
Hemse,Habon,489,329,Avståndet mellan Hemse och Habon är 489 km och Karl-Johan Gyllenstorm beräknade körtiden till cirka 329 minuter.,<url><loc>https://pendlings-app1.t-767929534-cloudflare.workers.dev/?fran=Hemse&amp;till=Habon</loc><changefreq>monthly</changefreq></url>
Knivsta,Filipstad,1182,844,Avståndet mellan Knivsta och Filipstad är 1182 km och Karl-Johan Gyllenstorm beräknade körtiden till cirka 844 minuter.,<url><loc>https://pendlings-app1.t-767929534-cloudflare.workers.dev/?fran=Knivsta&amp;till=Filipstad</loc><changefreq>monthly</changefreq></url>
Bollebygd,Ulricehamn,32,21,Avståndet mellan Bollebygd och Ulricehamn är 32 km och Karl-Johan Gyllenstorm beräknade körtiden till cirka 21 minuter.,<url><loc>https://pendlings-app1.t-767929534-cloudflare.workers.dev/?fran=Bollebygd&amp;till=Ulricehamn</loc><changefreq>monthly</changefreq></url>
Falun,Piteå,1203,821,Avståndet mellan Falun och Piteå är 1203 km och Karl-Johan Gyllenstorm beräknade körtiden till cirka 821 minuter.,<url><loc>https://pendlings-app1.t-767929534-cloudflare.workers.dev/?fran=Falun&amp;till=Piteå</loc><changefreq>monthly</changefreq></url>
Båstad,Sunne,429,286,Avståndet mellan Båstad och Sunne är 429 km och Karl-Johan Gyllenstorm beräknade körtiden till cirka 286 minuter.,<url><loc>https://pendlings-app1.t-767929534-cloudflare.workers.dev/?fran=Båstad&amp;till=Sunne</loc><changefreq>monthly</changefreq></url>
Arvika,Strömstad,1224,898,Avståndet mellan Arvika och Strömstad är 1224 km och Karl-Johan Gyllenstorm beräknade körtiden till cirka 898 minuter.,<url><loc>https://pendlings-app1.t-767929534-cloudflare.workers.dev/?fran=Arvika&amp;till=Strömstad</loc><changefreq>monthly</changefreq></url>
Bräcke,Ragunda,355,245,Avståndet mellan Bräcke och Ragunda är 355 km och Karl-Johan Gyllenstorm beräknade körtiden till cirka 245 minuter.,<url><loc>https://pendlings-app1.t-767929534-cloudflare.workers.dev/?fran=Bräcke&amp;till=Ragunda</loc><changefreq>monthly</changefreq></url>
Trollhättan,Fagersta,236,173,Avståndet mellan Trollhättan och Fagersta är 236 km och Karl-Johan Gyllenstorm beräknade körtiden till cirka 173 minuter.,<url><loc>https://pendlings-app1.t-767929534-cloudflare.workers.dev/?fran=Trollhättan&amp;till=Fagersta</loc><changefreq>monthly</changefreq></url>
Storuman,Bengtsfors,1318,849,Avståndet mellan Storuman och Bengtsfors är 1318 km och Karl-Johan Gyllenstorm beräknade körtiden till cirka 849 minuter.,<url><loc>https://pendlings-app1.t-767929534-cloudflare.workers.dev/?fran=Storuman&amp;till=Bengtsfors</loc><changefreq>monthly</changefreq></url>
Sälen,Nybro,685,451,Avståndet mellan Sälen och Nybro är 685 km och Karl-Johan Gyllenstorm beräknade körtiden till cirka 451 minuter.,<url><loc>https://pendlings-app1.t-767929534-cloudflare.workers.dev/?fran=Sälen&amp;till=Nybro</loc><changefreq>monthly</changefreq></url>
Storfors,Norrköping,183,131,Avståndet mellan Storfors och Norrköping är 183 km och Karl-Johan Gyllenstorm beräknade körtiden till cirka 131 minuter.,<url><loc>https://pendlings-app1.t-767929534-cloudflare.workers.dev/?fran=Storfors&amp;till=Norrköping</loc><changefreq>monthly</changefreq></url>
Ludvika,Hallsberg,457,301,Avståndet mellan Ludvika och Hallsberg är 457 km och Karl-Johan Gyllenstorm beräknade körtiden till cirka 301 minuter.,<url><loc>https://pendlings-app1.t-767929534-cloudflare.workers.dev/?fran=Ludvika&amp;till=Hallsberg</loc><changefreq>monthly</changefreq></url>
Ed,Ludvika,1347,964,Avståndet mellan Ed och Ludvika är 1347 km och Karl-Johan Gyllenstorm beräknade körtiden till cirka 964 minuter.,<url><loc>https://pendlings-app1.t-767929534-cloudflare.workers.dev/?fran=Ed&amp;till=Ludvika</loc><changefreq>monthly</changefreq></url>
Hässleholm,Håbo,603,416,Avståndet mellan Hässleholm och Håbo är 603 km och Karl-Johan Gyllenstorm beräknade körtiden till cirka 416 minuter.,<url><loc>https://pendlings-app1.t-767929534-cloudflare.workers.dev/?fran=Hässleholm&amp;till=Håbo</loc><changefreq>monthly</changefreq></url>
Strömsund,Askersund,64,41,Avståndet mellan Strömsund och Askersund är 64 km och Karl-Johan Gyllenstorm beräknade körtiden till cirka 41 minuter.,<url><loc>https://pendlings-app1.t-767929534-cloudflare.workers.dev/?fran=Strömsund&amp;till=Askersund</loc><changefreq>monthly</changefreq></url>
Kils,Älvsbyn,980,720,Avståndet mellan Kils och Älvsbyn är 980 km och Karl-Johan Gyllenstorm beräknade körtiden till cirka 720 minuter.,<url><loc>https://pendlings-app1.t-767929534-cloudflare.workers.dev/?fran=Kils&amp;till=Älvsbyn</loc><changefreq>monthly</changefreq></url>
Högsby,Laholm,966,715,Avståndet mellan Högsby och Laholm är 966 km och Karl-Johan Gyllenstorm beräknade körtiden till cirka 715 minuter.,<url><loc>https://pendlings-app1.t-767929534-cloudflare.workers.dev/?fran=Högsby&amp;till=Laholm</loc><changefreq>monthly</changefreq></url>
Svalöv,Borås,251,159,Avståndet mellan Svalöv och Borås är 251 km och Karl-Johan Gyllenstorm beräknade körtiden till cirka 159 minuter.,<url><loc>https://pendlings-app1.t-767929534-cloudflare.workers.dev/?fran=Svalöv&amp;till=Borås</loc><changefreq>monthly</changefreq></url>
Ockelbo,Vibble,659,424,Avståndet mellan Ockelbo och Vibble är 659 km och Karl-Johan Gyllenstorm beräknade körtiden till cirka 424 minuter.,<url><loc>https://pendlings-app1.t-767929534-cloudflare.workers.dev/?fran=Ockelbo&amp;till=Vibble</loc><changefreq>monthly</changefreq></url>
Nordanstig,Krokom,637,443,Avståndet mellan Nordanstig och Krokom är 637 km och Karl-Johan Gyllenstorm beräknade körtiden till cirka 443 minuter.,<url><loc>https://pendlings-app1.t-767929534-cloudflare.workers.dev/?fran=Nordanstig&amp;till=Krokom</loc><changefreq>monthly</changefreq></url>
Åmål,Kungsbacka,982,644,Avståndet mellan Åmål och Kungsbacka är 982 km och Karl-Johan Gyllenstorm beräknade körtiden till cirka 644 minuter.,<url><loc>https://pendlings-app1.t-767929534-cloudflare.workers.dev/?fran=Åmål&amp;till=Kungsbacka</loc><changefreq>monthly</changefreq></url>
Ängelholm,Krokom,1218,878,Avståndet mellan Ängelholm och Krokom är 1218 km och Karl-Johan Gyllenstorm beräknade körtiden till cirka 878 minuter.,<url><loc>https://pendlings-app1.t-767929534-cloudflare.workers.dev/?fran=Ängelholm&amp;till=Krokom</loc><changefreq>monthly</changefreq></url>
Strömsund,Borås,814,629,Avståndet mellan Strömsund och Borås är 814 km och Karl-Johan Gyllenstorm beräknade körtiden till cirka 629 minuter.,<url><loc>https://pendlings-app1.t-767929534-cloudflare.workers.dev/?fran=Strömsund&amp;till=Borås</loc><changefreq>monthly</changefreq></url>
Nora,Essunga,1256,984,Avståndet mellan Nora och Essunga är 1256 km och Karl-Johan Gyllenstorm beräknade körtiden till cirka 984 minuter.,<url><loc>https://pendlings-app1.t-767929534-cloudflare.workers.dev/?fran=Nora&amp;till=Essunga</loc><changefreq>monthly</changefreq></url>
Laxå,Färgelanda,1142,859,Avståndet mellan Laxå och Färgelanda är 1142 km och Karl-Johan Gyllenstorm beräknade körtiden till cirka 859 minuter.,<url><loc>https://pendlings-app1.t-767929534-cloudflare.workers.dev/?fran=Laxå&amp;till=Färgelanda</loc><changefreq>monthly</changefreq></url>
Överkalix,Hagfors,168,128,Avståndet mellan Överkalix och Hagfors är 168 km och Karl-Johan Gyllenstorm beräknade körtiden till cirka 128 minuter.,<url><loc>https://pendlings-app1.t-767929534-cloudflare.workers.dev/?fran=Överkalix&amp;till=Hagfors</loc><changefreq>monthly</changefreq></url>
Sala,Fagersta,1362,945,Avståndet mellan Sala och Fagersta är 1362 km och Karl-Johan Gyllenstorm beräknade körtiden till cirka 945 minuter.,<url><loc>https://pendlings-app1.t-767929534-cloudflare.workers.dev/?fran=Sala&amp;till=Fagersta</loc><changefreq>monthly</changefreq></url>
Mjölby,Mörbylånga,987,661,Avståndet mellan Mjölby och Mörbylånga är 987 km och Karl-Johan Gyllenstorm beräknade körtiden till cirka 661 minuter.,<url><loc>https://pendlings-app1.t-767929534-cloudflare.workers.dev/?fran=Mjölby&amp;till=Mörbylånga</loc><changefreq>monthly</changefreq></url>
Surahammar,Gnestad,507,337,Avståndet mellan Surahammar och Gnestad är 507 km och Karl-Johan Gyllenstorm beräknade körtiden till cirka 337 minuter.,<url><loc>https://pendlings-app1.t-767929534-cloudflare.workers.dev/?fran=Surahammar&amp;till=Gnestad</loc><changefreq>monthly</changefreq></url>
Ängelholm,Uddevalla,1347,966,Avståndet mellan Ängelholm och Uddevalla är 1347 km och Karl-Johan Gyllenstorm beräknade körtiden till cirka 966 minuter.,<url><loc>https://pendlings-app1.t-767929534-cloudflare.workers.dev/?fran=Ängelholm&amp;till=Uddevalla</loc><changefreq>monthly</changefreq></url>
Göteborg,Haparanda,969,687,Avståndet mellan Göteborg och Haparanda är 969 km och Karl-Johan Gyllenstorm beräknade körtiden till cirka 687 minuter.,<url><loc>https://pendlings-app1.t-767929534-cloudflare.workers.dev/?fran=Göteborg&amp;till=Haparanda</loc><changefreq>monthly</changefreq></url>
Halmstad,Klintehamn,553,410,Avståndet mellan Halmstad och Klintehamn är 553 km och Karl-Johan Gyllenstorm beräknade körtiden till cirka 410 minuter.,<url><loc>https://pendlings-app1.t-767929534-cloudflare.workers.dev/?fran=Halmstad&amp;till=Klintehamn</loc><changefreq>monthly</changefreq></url>
Vibble,Bollebygd,1326,981,Avståndet mellan Vibble och Bollebygd är 1326 km och Karl-Johan Gyllenstorm beräknade körtiden till cirka 981 minuter.,<url><loc>https://pendlings-app1.t-767929534-cloudflare.workers.dev/?fran=Vibble&amp;till=Bollebygd</loc><changefreq>monthly</changefreq></url>
Tierp,Höganäs,1314,851,Avståndet mellan Tierp och Höganäs är 1314 km och Karl-Johan Gyllenstorm beräknade körtiden till cirka 851 minuter.,<url><loc>https://pendlings-app1.t-767929534-cloudflare.workers.dev/?fran=Tierp&amp;till=Höganäs</loc><changefreq>monthly</changefreq></url>
Bålsta,Gnestad,648,445,Avståndet mellan Bålsta och Gnestad är 648 km och Karl-Johan Gyllenstorm beräknade körtiden till cirka 445 minuter.,<url><loc>https://pendlings-app1.t-767929534-cloudflare.workers.dev/?fran=Bålsta&amp;till=Gnestad</loc><changefreq>monthly</changefreq></url>
Haparanda,Askersund,972,683,Avståndet mellan Haparanda och Askersund är 972 km och Karl-Johan Gyllenstorm beräknade körtiden till cirka 683 minuter.,<url><loc>https://pendlings-app1.t-767929534-cloudflare.workers.dev/?fran=Haparanda&amp;till=Askersund</loc><changefreq>monthly</changefreq></url>
Osby,Filipstad,362,249,Avståndet mellan Osby och Filipstad är 362 km och Karl-Johan Gyllenstorm beräknade körtiden till cirka 249 minuter.,<url><loc>https://pendlings-app1.t-767929534-cloudflare.workers.dev/?fran=Osby&amp;till=Filipstad</loc><changefreq>monthly</changefreq></url>
Vilhelmina,Örebro,795,580,Avståndet mellan Vilhelmina och Örebro är 795 km och Karl-Johan Gyllenstorm beräknade körtiden till cirka 580 minuter.,<url><loc>https://pendlings-app1.t-767929534-cloudflare.workers.dev/?fran=Vilhelmina&amp;till=Örebro</loc><changefreq>monthly</changefreq></url>
Södertälje,Karlskrona,250,183,Avståndet mellan Södertälje och Karlskrona är 250 km och Karl-Johan Gyllenstorm beräknade körtiden till cirka 183 minuter.,<url><loc>https://pendlings-app1.t-767929534-cloudflare.workers.dev/?fran=Södertälje&amp;till=Karlskrona</loc><changefreq>monthly</changefreq></url>
Älvsbyn,Ydre,856,570,Avståndet mellan Älvsbyn och Ydre är 856 km och Karl-Johan Gyllenstorm beräknade körtiden till cirka 570 minuter.,<url><loc>https://pendlings-app1.t-767929534-cloudflare.workers.dev/?fran=Älvsbyn&amp;till=Ydre</loc><changefreq>monthly</changefreq></url>
Klintehamn,Eksjö,654,494,Avståndet mellan Klintehamn och Eksjö är 654 km och Karl-Johan Gyllenstorm beräknade körtiden till cirka 494 minuter.,<url><loc>https://pendlings-app1.t-767929534-cloudflare.workers.dev/?fran=Klintehamn&amp;till=Eksjö</loc><changefreq>monthly</changefreq></url>
Härjedalen,Vansbro,1086,706,Avståndet mellan Härjedalen och Vansbro är 1086 km och Karl-Johan Gyllenstorm beräknade körtiden till cirka 706 minuter.,<url><loc>https://pendlings-app1.t-767929534-cloudflare.workers.dev/?fran=Härjedalen&amp;till=Vansbro</loc><changefreq>monthly</changefreq></url>
Överkalix,Tranemo,1351,1069,Avståndet mellan Överkalix och Tranemo är 1351 km och Karl-Johan Gyllenstorm beräknade körtiden till cirka 1069 minuter.,<url><loc>https://pendlings-app1.t-767929534-cloudflare.workers.dev/?fran=Överkalix&amp;till=Tranemo</loc><changefreq>monthly</changefreq></url>
Överkalix,Arvika,345,237,Avståndet mellan Överkalix och Arvika är 345 km och Karl-Johan Gyllenstorm beräknade körtiden till cirka 237 minuter.,<url><loc>https://pendlings-app1.t-767929534-cloudflare.workers.dev/?fran=Överkalix&amp;till=Arvika</loc><changefreq>monthly</changefreq></url>
Luleå,Simrishamn,1195,944,Avståndet mellan Luleå och Simrishamn är 1195 km och Karl-Johan Gyllenstorm beräknade körtiden till cirka 944 minuter.,<url><loc>https://pendlings-app1.t-767929534-cloudflare.workers.dev/?fran=Luleå&amp;till=Simrishamn</loc><changefreq>monthly</changefreq></url>
Hässleholm,Hällefor,488,364,Avståndet mellan Hässleholm och Hällefor är 488 km och Karl-Johan Gyllenstorm beräknade körtiden till cirka 364 minuter.,<url><loc>https://pendlings-app1.t-767929534-cloudflare.workers.dev/?fran=Hässleholm&amp;till=Hällefor</loc><changefreq>monthly</changefreq></url>
Mark,Lidköping,1118,763,Avståndet mellan Mark och Lidköping är 1118 km och Karl-Johan Gyllenstorm beräknade körtiden till cirka 763 minuter.,<url><loc>https://pendlings-app1.t-767929534-cloudflare.workers.dev/?fran=Mark&amp;till=Lidköping</loc><changefreq>monthly</changefreq></url>
Älvsbyn,Ronehamn,1337,991,Avståndet mellan Älvsbyn och Ronehamn är 1337 km och Karl-Johan Gyllenstorm beräknade körtiden till cirka 991 minuter.,<url><loc>https://pendlings-app1.t-767929534-cloudflare.workers.dev/?fran=Älvsbyn&amp;till=Ronehamn</loc><changefreq>monthly</changefreq></url>
Grythyttan,Åmål,625,444,Avståndet mellan Grythyttan och Åmål är 625 km och Karl-Johan Gyllenstorm beräknade körtiden till cirka 444 minuter.,<url><loc>https://pendlings-app1.t-767929534-cloudflare.workers.dev/?fran=Grythyttan&amp;till=Åmål</loc><changefreq>monthly</changefreq></url>
Ragunda,Åtvidaberg,882,562,Avståndet mellan Ragunda och Åtvidaberg är 882 km och Karl-Johan Gyllenstorm beräknade körtiden till cirka 562 minuter.,<url><loc>https://pendlings-app1.t-767929534-cloudflare.workers.dev/?fran=Ragunda&amp;till=Åtvidaberg</loc><changefreq>monthly</changefreq></url>
Skara,Lysekil,1308,1038,Avståndet mellan Skara och Lysekil är 1308 km och Karl-Johan Gyllenstorm beräknade körtiden till cirka 1038 minuter.,<url><loc>https://pendlings-app1.t-767929534-cloudflare.workers.dev/?fran=Skara&amp;till=Lysekil</loc><changefreq>monthly</changefreq></url>
Grythyttan,Årjäng,127,88,Avståndet mellan Grythyttan och Årjäng är 127 km och Karl-Johan Gyllenstorm beräknade körtiden till cirka 88 minuter.,<url><loc>https://pendlings-app1.t-767929534-cloudflare.workers.dev/?fran=Grythyttan&amp;till=Årjäng</loc><changefreq>monthly</changefreq></url>
Linköping,Söderköping,44,30,Avståndet mellan Linköping och Söderköping är 44 km och Karl-Johan Gyllenstorm beräknade körtiden till cirka 30 minuter.,<url><loc>https://pendlings-app1.t-767929534-cloudflare.workers.dev/?fran=Linköping&amp;till=Söderköping</loc><changefreq>monthly</changefreq></url>
Ludvika,Gagnef,883,595,Avståndet mellan Ludvika och Gagnef är 883 km och Karl-Johan Gyllenstorm beräknade körtiden till cirka 595 minuter.,<url><loc>https://pendlings-app1.t-767929534-cloudflare.workers.dev/?fran=Ludvika&amp;till=Gagnef</loc><changefreq>monthly</changefreq></url>
Skara,Kungsbacka,1014,765,Avståndet mellan Skara och Kungsbacka är 1014 km och Karl-Johan Gyllenstorm beräknade körtiden till cirka 765 minuter.,<url><loc>https://pendlings-app1.t-767929534-cloudflare.workers.dev/?fran=Skara&amp;till=Kungsbacka</loc><changefreq>monthly</changefreq></url>
Sölvesborg,Nora,875,677,Avståndet mellan Sölvesborg och Nora är 875 km och Karl-Johan Gyllenstorm beräknade körtiden till cirka 677 minuter.,<url><loc>https://pendlings-app1.t-767929534-cloudflare.workers.dev/?fran=Sölvesborg&amp;till=Nora</loc><changefreq>monthly</changefreq></url>
Herrljunga,Södertälje,368,266,Avståndet mellan Herrljunga och Södertälje är 368 km och Karl-Johan Gyllenstorm beräknade körtiden till cirka 266 minuter.,<url><loc>https://pendlings-app1.t-767929534-cloudflare.workers.dev/?fran=Herrljunga&amp;till=Södertälje</loc><changefreq>monthly</changefreq></url>
Vara,Krokom,1447,958,Avståndet mellan Vara och Krokom är 1447 km och Karl-Johan Gyllenstorm beräknade körtiden till cirka 958 minuter.,<url><loc>https://pendlings-app1.t-767929534-cloudflare.workers.dev/?fran=Vara&amp;till=Krokom</loc><changefreq>monthly</changefreq></url>
Boxholm,Strömstad,1446,946,Avståndet mellan Boxholm och Strömstad är 1446 km och Karl-Johan Gyllenstorm beräknade körtiden till cirka 946 minuter.,<url><loc>https://pendlings-app1.t-767929534-cloudflare.workers.dev/?fran=Boxholm&amp;till=Strömstad</loc><changefreq>monthly</changefreq></url>
Borås,Krokom,282,206,Avståndet mellan Borås och Krokom är 282 km och Karl-Johan Gyllenstorm beräknade körtiden till cirka 206 minuter.,<url><loc>https://pendlings-app1.t-767929534-cloudflare.workers.dev/?fran=Borås&amp;till=Krokom</loc><changefreq>monthly</changefreq></url>
Värnamo,Karlskoga,1241,954,Avståndet mellan Värnamo och Karlskoga är 1241 km och Karl-Johan Gyllenstorm beräknade körtiden till cirka 954 minuter.,<url><loc>https://pendlings-app1.t-767929534-cloudflare.workers.dev/?fran=Värnamo&amp;till=Karlskoga</loc><changefreq>monthly</changefreq></url>
Mariestad,Grästorp,92,70,Avståndet mellan Mariestad och Grästorp är 92 km och Karl-Johan Gyllenstorm beräknade körtiden till cirka 70 minuter.,<url><loc>https://pendlings-app1.t-767929534-cloudflare.workers.dev/?fran=Mariestad&amp;till=Grästorp</loc><changefreq>monthly</changefreq></url>
Kalmar,Tierp,1252,943,Avståndet mellan Kalmar och Tierp är 1252 km och Karl-Johan Gyllenstorm beräknade körtiden till cirka 943 minuter.,<url><loc>https://pendlings-app1.t-767929534-cloudflare.workers.dev/?fran=Kalmar&amp;till=Tierp</loc><changefreq>monthly</changefreq></url>
Mariestad,Härjedalen,1244,827,Avståndet mellan Mariestad och Härjedalen är 1244 km och Karl-Johan Gyllenstorm beräknade körtiden till cirka 827 minuter.,<url><loc>https://pendlings-app1.t-767929534-cloudflare.workers.dev/?fran=Mariestad&amp;till=Härjedalen</loc><changefreq>monthly</changefreq></url>
Vetlanda,Vansbro,574,369,Avståndet mellan Vetlanda och Vansbro är 574 km och Karl-Johan Gyllenstorm beräknade körtiden till cirka 369 minuter.,<url><loc>https://pendlings-app1.t-767929534-cloudflare.workers.dev/?fran=Vetlanda&amp;till=Vansbro</loc><changefreq>monthly</changefreq></url>
Övertorneå,Skara,1314,834,Avståndet mellan Övertorneå och Skara är 1314 km och Karl-Johan Gyllenstorm beräknade körtiden till cirka 834 minuter.,<url><loc>https://pendlings-app1.t-767929534-cloudflare.workers.dev/?fran=Övertorneå&amp;till=Skara</loc><changefreq>monthly</changefreq></url>
Värnamo,Landskrona,230,156,Avståndet mellan Värnamo och Landskrona är 230 km och Karl-Johan Gyllenstorm beräknade körtiden till cirka 156 minuter.,<url><loc>https://pendlings-app1.t-767929534-cloudflare.workers.dev/?fran=Värnamo&amp;till=Landskrona</loc><changefreq>monthly</changefreq></url>
Vibble,Åsele,328,233,Avståndet mellan Vibble och Åsele är 328 km och Karl-Johan Gyllenstorm beräknade körtiden till cirka 233 minuter.,<url><loc>https://pendlings-app1.t-767929534-cloudflare.workers.dev/?fran=Vibble&amp;till=Åsele</loc><changefreq>monthly</changefreq></url>
Östhammar,Aneby,247,158,Avståndet mellan Östhammar och Aneby är 247 km och Karl-Johan Gyllenstorm beräknade körtiden till cirka 158 minuter.,<url><loc>https://pendlings-app1.t-767929534-cloudflare.workers.dev/?fran=Östhammar&amp;till=Aneby</loc><changefreq>monthly</changefreq></url>
Mörbylånga,Finspång,257,171,Avståndet mellan Mörbylånga och Finspång är 257 km och Karl-Johan Gyllenstorm beräknade körtiden till cirka 171 minuter.,<url><loc>https://pendlings-app1.t-767929534-cloudflare.workers.dev/?fran=Mörbylånga&amp;till=Finspång</loc><changefreq>monthly</changefreq></url>
Slite,Askersund,402,264,Avståndet mellan Slite och Askersund är 402 km och Karl-Johan Gyllenstorm beräknade körtiden till cirka 264 minuter.,<url><loc>https://pendlings-app1.t-767929534-cloudflare.workers.dev/?fran=Slite&amp;till=Askersund</loc><changefreq>monthly</changefreq></url>
Östersund,Varberg,836,618,Avståndet mellan Östersund och Varberg är 836 km och Karl-Johan Gyllenstorm beräknade körtiden till cirka 618 minuter.,<url><loc>https://pendlings-app1.t-767929534-cloudflare.workers.dev/?fran=Östersund&amp;till=Varberg</loc><changefreq>monthly</changefreq></url>
Täby,Emmaboda,159,119,Avståndet mellan Täby och Emmaboda är 159 km och Karl-Johan Gyllenstorm beräknade körtiden till cirka 119 minuter.,<url><loc>https://pendlings-app1.t-767929534-cloudflare.workers.dev/?fran=Täby&amp;till=Emmaboda</loc><changefreq>monthly</changefreq></url>
Ånge,Stockholm,697,501,Avståndet mellan Ånge och Stockholm är 697 km och Karl-Johan Gyllenstorm beräknade körtiden till cirka 501 minuter.,<url><loc>https://pendlings-app1.t-767929534-cloudflare.workers.dev/?fran=Ånge&amp;till=Stockholm</loc><changefreq>monthly</changefreq></url>
Uppsala,Umeå,51,33,Avståndet mellan Uppsala och Umeå är 51 km och Karl-Johan Gyllenstorm beräknade körtiden till cirka 33 minuter.,<url><loc>https://pendlings-app1.t-767929534-cloudflare.workers.dev/?fran=Uppsala&amp;till=Umeå</loc><changefreq>monthly</changefreq></url>
Nyköping,Nordanstig,1323,1040,Avståndet mellan Nyköping och Nordanstig är 1323 km och Karl-Johan Gyllenstorm beräknade körtiden till cirka 1040 minuter.,<url><loc>https://pendlings-app1.t-767929534-cloudflare.workers.dev/?fran=Nyköping&amp;till=Nordanstig</loc><changefreq>monthly</changefreq></url>
Högsby,Roma,569,440,Avståndet mellan Högsby och Roma är 569 km och Karl-Johan Gyllenstorm beräknade körtiden till cirka 440 minuter.,<url><loc>https://pendlings-app1.t-767929534-cloudflare.workers.dev/?fran=Högsby&amp;till=Roma</loc><changefreq>monthly</changefreq></url>
Växjö,Smedjebacken,1275,841,Avståndet mellan Växjö och Smedjebacken är 1275 km och Karl-Johan Gyllenstorm beräknade körtiden till cirka 841 minuter.,<url><loc>https://pendlings-app1.t-767929534-cloudflare.workers.dev/?fran=Växjö&amp;till=Smedjebacken</loc><changefreq>monthly</changefreq></url>
Strömstad,Gnestad,470,298,Avståndet mellan Strömstad och Gnestad är 470 km och Karl-Johan Gyllenstorm beräknade körtiden till cirka 298 minuter.,<url><loc>https://pendlings-app1.t-767929534-cloudflare.workers.dev/?fran=Strömstad&amp;till=Gnestad</loc><changefreq>monthly</changefreq></url>
Kävlinge,Trosa,1275,894,Avståndet mellan Kävlinge och Trosa är 1275 km och Karl-Johan Gyllenstorm beräknade körtiden till cirka 894 minuter.,<url><loc>https://pendlings-app1.t-767929534-cloudflare.workers.dev/?fran=Kävlinge&amp;till=Trosa</loc><changefreq>monthly</changefreq></url>
Lycksele,Örebro,583,417,Avståndet mellan Lycksele och Örebro är 583 km och Karl-Johan Gyllenstorm beräknade körtiden till cirka 417 minuter.,<url><loc>https://pendlings-app1.t-767929534-cloudflare.workers.dev/?fran=Lycksele&amp;till=Örebro</loc><changefreq>monthly</changefreq></url>
Mark,Kristinehamn,652,500,Avståndet mellan Mark och Kristinehamn är 652 km och Karl-Johan Gyllenstorm beräknade körtiden till cirka 500 minuter.,<url><loc>https://pendlings-app1.t-767929534-cloudflare.workers.dev/?fran=Mark&amp;till=Kristinehamn</loc><changefreq>monthly</changefreq></url>
Tofta,Burgsvik,1203,842,Avståndet mellan Tofta och Burgsvik är 1203 km och Karl-Johan Gyllenstorm beräknade körtiden till cirka 842 minuter.,<url><loc>https://pendlings-app1.t-767929534-cloudflare.workers.dev/?fran=Tofta&amp;till=Burgsvik</loc><changefreq>monthly</changefreq></url>
Gimo,Perstorp,521,341,Avståndet mellan Gimo och Perstorp är 521 km och Karl-Johan Gyllenstorm beräknade körtiden till cirka 341 minuter.,<url><loc>https://pendlings-app1.t-767929534-cloudflare.workers.dev/?fran=Gimo&amp;till=Perstorp</loc><changefreq>monthly</changefreq></url>
Filipstad,Stånga,1350,898,Avståndet mellan Filipstad och Stånga är 1350 km och Karl-Johan Gyllenstorm beräknade körtiden till cirka 898 minuter.,<url><loc>https://pendlings-app1.t-767929534-cloudflare.workers.dev/?fran=Filipstad&amp;till=Stånga</loc><changefreq>monthly</changefreq></url>
Skara,Haparanda,1287,927,Avståndet mellan Skara och Haparanda är 1287 km och Karl-Johan Gyllenstorm beräknade körtiden till cirka 927 minuter.,<url><loc>https://pendlings-app1.t-767929534-cloudflare.workers.dev/?fran=Skara&amp;till=Haparanda</loc><changefreq>monthly</changefreq></url>
Mellerud,Tomelilla,875,563,Avståndet mellan Mellerud och Tomelilla är 875 km och Karl-Johan Gyllenstorm beräknade körtiden till cirka 563 minuter.,<url><loc>https://pendlings-app1.t-767929534-cloudflare.workers.dev/?fran=Mellerud&amp;till=Tomelilla</loc><changefreq>monthly</changefreq></url>
Kungsbacka,Svenljunga,1010,668,Avståndet mellan Kungsbacka och Svenljunga är 1010 km och Karl-Johan Gyllenstorm beräknade körtiden till cirka 668 minuter.,<url><loc>https://pendlings-app1.t-767929534-cloudflare.workers.dev/?fran=Kungsbacka&amp;till=Svenljunga</loc><changefreq>monthly</changefreq></url>
Boxholm,Storuman,193,122,Avståndet mellan Boxholm och Storuman är 193 km och Karl-Johan Gyllenstorm beräknade körtiden till cirka 122 minuter.,<url><loc>https://pendlings-app1.t-767929534-cloudflare.workers.dev/?fran=Boxholm&amp;till=Storuman</loc><changefreq>monthly</changefreq></url>
Sotenäs,Växjö,535,348,Avståndet mellan Sotenäs och Växjö är 535 km och Karl-Johan Gyllenstorm beräknade körtiden till cirka 348 minuter.,<url><loc>https://pendlings-app1.t-767929534-cloudflare.workers.dev/?fran=Sotenäs&amp;till=Växjö</loc><changefreq>monthly</changefreq></url>
Vimmerby,Kils,65,43,Avståndet mellan Vimmerby och Kils är 65 km och Karl-Johan Gyllenstorm beräknade körtiden till cirka 43 minuter.,<url><loc>https://pendlings-app1.t-767929534-cloudflare.workers.dev/?fran=Vimmerby&amp;till=Kils</loc><changefreq>monthly</changefreq></url>
Växjö,Falköping,365,262,Avståndet mellan Växjö och Falköping är 365 km och Karl-Johan Gyllenstorm beräknade körtiden till cirka 262 minuter.,<url><loc>https://pendlings-app1.t-767929534-cloudflare.workers.dev/?fran=Växjö&amp;till=Falköping</loc><changefreq>monthly</changefreq></url>
Malmö,Åsele,359,240,Avståndet mellan Malmö och Åsele är 359 km och Karl-Johan Gyllenstorm beräknade körtiden till cirka 240 minuter.,<url><loc>https://pendlings-app1.t-767929534-cloudflare.workers.dev/?fran=Malmö&amp;till=Åsele</loc><changefreq>monthly</changefreq></url>
Skutskär,Enköping,977,654,Avståndet mellan Skutskär och Enköping är 977 km och Karl-Johan Gyllenstorm beräknade körtiden till cirka 654 minuter.,<url><loc>https://pendlings-app1.t-767929534-cloudflare.workers.dev/?fran=Skutskär&amp;till=Enköping</loc><changefreq>monthly</changefreq></url>
Storuman,Smedjebacken,508,367,Avståndet mellan Storuman och Smedjebacken är 508 km och Karl-Johan Gyllenstorm beräknade körtiden till cirka 367 minuter.,<url><loc>https://pendlings-app1.t-767929534-cloudflare.workers.dev/?fran=Storuman&amp;till=Smedjebacken</loc><changefreq>monthly</changefreq></url>
Filipstad,Vara,46,36,Avståndet mellan Filipstad och Vara är 46 km och Karl-Johan Gyllenstorm beräknade körtiden till cirka 36 minuter.,<url><loc>https://pendlings-app1.t-767929534-cloudflare.workers.dev/?fran=Filipstad&amp;till=Vara</loc><changefreq>monthly</changefreq></url>
Boxholm,Åmål,440,339,Avståndet mellan Boxholm och Åmål är 440 km och Karl-Johan Gyllenstorm beräknade körtiden till cirka 339 minuter.,<url><loc>https://pendlings-app1.t-767929534-cloudflare.workers.dev/?fran=Boxholm&amp;till=Åmål</loc><changefreq>monthly</changefreq></url>
Hässleholm,Tomelilla,1177,938,Avståndet mellan Hässleholm och Tomelilla är 1177 km och Karl-Johan Gyllenstorm beräknade körtiden till cirka 938 minuter.,<url><loc>https://pendlings-app1.t-767929534-cloudflare.workers.dev/?fran=Hässleholm&amp;till=Tomelilla</loc><changefreq>monthly</changefreq></url>
Arvidsjaur,Uddevalla,102,69,Avståndet mellan Arvidsjaur och Uddevalla är 102 km och Karl-Johan Gyllenstorm beräknade körtiden till cirka 69 minuter.,<url><loc>https://pendlings-app1.t-767929534-cloudflare.workers.dev/?fran=Arvidsjaur&amp;till=Uddevalla</loc><changefreq>monthly</changefreq></url>
Flen,Skinnskatteberg,1327,1046,Avståndet mellan Flen och Skinnskatteberg är 1327 km och Karl-Johan Gyllenstorm beräknade körtiden till cirka 1046 minuter.,<url><loc>https://pendlings-app1.t-767929534-cloudflare.workers.dev/?fran=Flen&amp;till=Skinnskatteberg</loc><changefreq>monthly</changefreq></url>
Halmstad,Sävsjö,640,418,Avståndet mellan Halmstad och Sävsjö är 640 km och Karl-Johan Gyllenstorm beräknade körtiden till cirka 418 minuter.,<url><loc>https://pendlings-app1.t-767929534-cloudflare.workers.dev/?fran=Halmstad&amp;till=Sävsjö</loc><changefreq>monthly</changefreq></url>
Smedjebacken,Härjedalen,857,673,Avståndet mellan Smedjebacken och Härjedalen är 857 km och Karl-Johan Gyllenstorm beräknade körtiden till cirka 673 minuter.,<url><loc>https://pendlings-app1.t-767929534-cloudflare.workers.dev/?fran=Smedjebacken&amp;till=Härjedalen</loc><changefreq>monthly</changefreq></url>
Norberg,Kungsör,1345,993,Avståndet mellan Norberg och Kungsör är 1345 km och Karl-Johan Gyllenstorm beräknade körtiden till cirka 993 minuter.,<url><loc>https://pendlings-app1.t-767929534-cloudflare.workers.dev/?fran=Norberg&amp;till=Kungsör</loc><changefreq>monthly</changefreq></url>
Havdhem,Sollefteå,323,231,Avståndet mellan Havdhem och Sollefteå är 323 km och Karl-Johan Gyllenstorm beräknade körtiden till cirka 231 minuter.,<url><loc>https://pendlings-app1.t-767929534-cloudflare.workers.dev/?fran=Havdhem&amp;till=Sollefteå</loc><changefreq>monthly</changefreq></url>
Älvdalen,Borgholm,1026,770,Avståndet mellan Älvdalen och Borgholm är 1026 km och Karl-Johan Gyllenstorm beräknade körtiden till cirka 770 minuter.,<url><loc>https://pendlings-app1.t-767929534-cloudflare.workers.dev/?fran=Älvdalen&amp;till=Borgholm</loc><changefreq>monthly</changefreq></url>
Dorotea,Kinda,690,509,Avståndet mellan Dorotea och Kinda är 690 km och Karl-Johan Gyllenstorm beräknade körtiden till cirka 509 minuter.,<url><loc>https://pendlings-app1.t-767929534-cloudflare.workers.dev/?fran=Dorotea&amp;till=Kinda</loc><changefreq>monthly</changefreq></url>
Skurup,Sandviken,1373,879,Avståndet mellan Skurup och Sandviken är 1373 km och Karl-Johan Gyllenstorm beräknade körtiden till cirka 879 minuter.,<url><loc>https://pendlings-app1.t-767929534-cloudflare.workers.dev/?fran=Skurup&amp;till=Sandviken</loc><changefreq>monthly</changefreq></url>
Älvsbyn,Vansbro,606,463,Avståndet mellan Älvsbyn och Vansbro är 606 km och Karl-Johan Gyllenstorm beräknade körtiden till cirka 463 minuter.,<url><loc>https://pendlings-app1.t-767929534-cloudflare.workers.dev/?fran=Älvsbyn&amp;till=Vansbro</loc><changefreq>monthly</changefreq></url>
Vansbro,Arboga,534,413,Avståndet mellan Vansbro och Arboga är 534 km och Karl-Johan Gyllenstorm beräknade körtiden till cirka 413 minuter.,<url><loc>https://pendlings-app1.t-767929534-cloudflare.workers.dev/?fran=Vansbro&amp;till=Arboga</loc><changefreq>monthly</changefreq></url>
Berg,Nyköping,1293,914,Avståndet mellan Berg och Nyköping är 1293 km och Karl-Johan Gyllenstorm beräknade körtiden till cirka 914 minuter.,<url><loc>https://pendlings-app1.t-767929534-cloudflare.workers.dev/?fran=Berg&amp;till=Nyköping</loc><changefreq>monthly</changefreq></url>
Trosa,Avesta,319,214,Avståndet mellan Trosa och Avesta är 319 km och Karl-Johan Gyllenstorm beräknade körtiden till cirka 214 minuter.,<url><loc>https://pendlings-app1.t-767929534-cloudflare.workers.dev/?fran=Trosa&amp;till=Avesta</loc><changefreq>monthly</changefreq></url>
Gagnef,Malung,150,100,Avståndet mellan Gagnef och Malung är 150 km och Karl-Johan Gyllenstorm beräknade körtiden till cirka 100 minuter.,<url><loc>https://pendlings-app1.t-767929534-cloudflare.workers.dev/?fran=Gagnef&amp;till=Malung</loc><changefreq>monthly</changefreq></url>
Oskarshamn,Fagersta,932,595,Avståndet mellan Oskarshamn och Fagersta är 932 km och Karl-Johan Gyllenstorm beräknade körtiden till cirka 595 minuter.,<url><loc>https://pendlings-app1.t-767929534-cloudflare.workers.dev/?fran=Oskarshamn&amp;till=Fagersta</loc><changefreq>monthly</changefreq></url>
Ockelbo,Lomma,573,366,Avståndet mellan Ockelbo och Lomma är 573 km och Karl-Johan Gyllenstorm beräknade körtiden till cirka 366 minuter.,<url><loc>https://pendlings-app1.t-767929534-cloudflare.workers.dev/?fran=Ockelbo&amp;till=Lomma</loc><changefreq>monthly</changefreq></url>
Östersund,Örkelljunga,485,333,Avståndet mellan Östersund och Örkelljunga är 485 km och Karl-Johan Gyllenstorm beräknade körtiden till cirka 333 minuter.,<url><loc>https://pendlings-app1.t-767929534-cloudflare.workers.dev/?fran=Östersund&amp;till=Örkelljunga</loc><changefreq>monthly</changefreq></url>
Sälen,Gnosjö,651,415,Avståndet mellan Sälen och Gnosjö är 651 km och Karl-Johan Gyllenstorm beräknade körtiden till cirka 415 minuter.,<url><loc>https://pendlings-app1.t-767929534-cloudflare.workers.dev/?fran=Sälen&amp;till=Gnosjö</loc><changefreq>monthly</changefreq></url>
Karlshamn,Slite,1425,989,Avståndet mellan Karlshamn och Slite är 1425 km och Karl-Johan Gyllenstorm beräknade körtiden till cirka 989 minuter.,<url><loc>https://pendlings-app1.t-767929534-cloudflare.workers.dev/?fran=Karlshamn&amp;till=Slite</loc><changefreq>monthly</changefreq></url>
Skutskär,Oskarshamn,1228,977,Avståndet mellan Skutskär och Oskarshamn är 1228 km och Karl-Johan Gyllenstorm beräknade körtiden till cirka 977 minuter.,<url><loc>https://pendlings-app1.t-767929534-cloudflare.workers.dev/?fran=Skutskär&amp;till=Oskarshamn</loc><changefreq>monthly</changefreq></url>
Växjö,Högsby,679,442,Avståndet mellan Växjö och Högsby är 679 km och Karl-Johan Gyllenstorm beräknade körtiden till cirka 442 minuter.,<url><loc>https://pendlings-app1.t-767929534-cloudflare.workers.dev/?fran=Växjö&amp;till=Högsby</loc><changefreq>monthly</changefreq></url>
Tofta,Umeå,1400,968,Avståndet mellan Tofta och Umeå är 1400 km och Karl-Johan Gyllenstorm beräknade körtiden till cirka 968 minuter.,<url><loc>https://pendlings-app1.t-767929534-cloudflare.workers.dev/?fran=Tofta&amp;till=Umeå</loc><changefreq>monthly</changefreq></url>
Karlshamn,Borgholm,400,264,Avståndet mellan Karlshamn och Borgholm är 400 km och Karl-Johan Gyllenstorm beräknade körtiden till cirka 264 minuter.,<url><loc>https://pendlings-app1.t-767929534-cloudflare.workers.dev/?fran=Karlshamn&amp;till=Borgholm</loc><changefreq>monthly</changefreq></url>
Falkenberg,Visby,1435,1051,Avståndet mellan Falkenberg och Visby är 1435 km och Karl-Johan Gyllenstorm beräknade körtiden till cirka 1051 minuter.,<url><loc>https://pendlings-app1.t-767929534-cloudflare.workers.dev/?fran=Falkenberg&amp;till=Visby</loc><changefreq>monthly</changefreq></url>
Trelleborg,Laholm,1076,765,Avståndet mellan Trelleborg och Laholm är 1076 km och Karl-Johan Gyllenstorm beräknade körtiden till cirka 765 minuter.,<url><loc>https://pendlings-app1.t-767929534-cloudflare.workers.dev/?fran=Trelleborg&amp;till=Laholm</loc><changefreq>monthly</changefreq></url>
Höör,Vimmerby,1446,1092,Avståndet mellan Höör och Vimmerby är 1446 km och Karl-Johan Gyllenstorm beräknade körtiden till cirka 1092 minuter.,<url><loc>https://pendlings-app1.t-767929534-cloudflare.workers.dev/?fran=Höör&amp;till=Vimmerby</loc><changefreq>monthly</changefreq></url>
Stånga,Sorsele,960,729,Avståndet mellan Stånga och Sorsele är 960 km och Karl-Johan Gyllenstorm beräknade körtiden till cirka 729 minuter.,<url><loc>https://pendlings-app1.t-767929534-cloudflare.workers.dev/?fran=Stånga&amp;till=Sorsele</loc><changefreq>monthly</changefreq></url>
Jönköping,Hallsberg,1071,835,Avståndet mellan Jönköping och Hallsberg är 1071 km och Karl-Johan Gyllenstorm beräknade körtiden till cirka 835 minuter.,<url><loc>https://pendlings-app1.t-767929534-cloudflare.workers.dev/?fran=Jönköping&amp;till=Hallsberg</loc><changefreq>monthly</changefreq></url>
Strängnäs,Strömsund,478,359,Avståndet mellan Strängnäs och Strömsund är 478 km och Karl-Johan Gyllenstorm beräknade körtiden till cirka 359 minuter.,<url><loc>https://pendlings-app1.t-767929534-cloudflare.workers.dev/?fran=Strängnäs&amp;till=Strömsund</loc><changefreq>monthly</changefreq></url>
Tierp,Grums,1010,761,Avståndet mellan Tierp och Grums är 1010 km och Karl-Johan Gyllenstorm beräknade körtiden till cirka 761 minuter.,<url><loc>https://pendlings-app1.t-767929534-cloudflare.workers.dev/?fran=Tierp&amp;till=Grums</loc><changefreq>monthly</changefreq></url>
Lindesberg,Alingsås,722,542,Avståndet mellan Lindesberg och Alingsås är 722 km och Karl-Johan Gyllenstorm beräknade körtiden till cirka 542 minuter.,<url><loc>https://pendlings-app1.t-767929534-cloudflare.workers.dev/?fran=Lindesberg&amp;till=Alingsås</loc><changefreq>monthly</changefreq></url>
Kristianstad,Båstad,1416,1073,Avståndet mellan Kristianstad och Båstad är 1416 km och Karl-Johan Gyllenstorm beräknade körtiden till cirka 1073 minuter.,<url><loc>https://pendlings-app1.t-767929534-cloudflare.workers.dev/?fran=Kristianstad&amp;till=Båstad</loc><changefreq>monthly</changefreq></url>
Burgsvik,Älvsbyn,395,250,Avståndet mellan Burgsvik och Älvsbyn är 395 km och Karl-Johan Gyllenstorm beräknade körtiden till cirka 250 minuter.,<url><loc>https://pendlings-app1.t-767929534-cloudflare.workers.dev/?fran=Burgsvik&amp;till=Älvsbyn</loc><changefreq>monthly</changefreq></url>
Sollefteå,Västervik,891,658,Avståndet mellan Sollefteå och Västervik är 891 km och Karl-Johan Gyllenstorm beräknade körtiden till cirka 658 minuter.,<url><loc>https://pendlings-app1.t-767929534-cloudflare.workers.dev/?fran=Sollefteå&amp;till=Västervik</loc><changefreq>monthly</changefreq></url>
Eslöv,Grythyttan,391,301,Avståndet mellan Eslöv och Grythyttan är 391 km och Karl-Johan Gyllenstorm beräknade körtiden till cirka 301 minuter.,<url><loc>https://pendlings-app1.t-767929534-cloudflare.workers.dev/?fran=Eslöv&amp;till=Grythyttan</loc><changefreq>monthly</changefreq></url>
Timrå,Klintehamn,999,640,Avståndet mellan Timrå och Klintehamn är 999 km och Karl-Johan Gyllenstorm beräknade körtiden till cirka 640 minuter.,<url><loc>https://pendlings-app1.t-767929534-cloudflare.workers.dev/?fran=Timrå&amp;till=Klintehamn</loc><changefreq>monthly</changefreq></url>
Knivsta,Sotenäs,69,47,Avståndet mellan Knivsta och Sotenäs är 69 km och Karl-Johan Gyllenstorm beräknade körtiden till cirka 47 minuter.,<url><loc>https://pendlings-app1.t-767929534-cloudflare.workers.dev/?fran=Knivsta&amp;till=Sotenäs</loc><changefreq>monthly</changefreq></url>
Västervik,Örkelljunga,1128,821,Avståndet mellan Västervik och Örkelljunga är 1128 km och Karl-Johan Gyllenstorm beräknade körtiden till cirka 821 minuter.,<url><loc>https://pendlings-app1.t-767929534-cloudflare.workers.dev/?fran=Västervik&amp;till=Örkelljunga</loc><changefreq>monthly</changefreq></url>
Haparanda,Essunga,964,740,Avståndet mellan Haparanda och Essunga är 964 km och Karl-Johan Gyllenstorm beräknade körtiden till cirka 740 minuter.,<url><loc>https://pendlings-app1.t-767929534-cloudflare.workers.dev/?fran=Haparanda&amp;till=Essunga</loc><changefreq>monthly</changefreq></url>
Rättvik,Vara,520,392,Avståndet mellan Rättvik och Vara är 520 km och Karl-Johan Gyllenstorm beräknade körtiden till cirka 392 minuter.,<url><loc>https://pendlings-app1.t-767929534-cloudflare.workers.dev/?fran=Rättvik&amp;till=Vara</loc><changefreq>monthly</changefreq></url>
Skara,Kristianstad,116,85,Avståndet mellan Skara och Kristianstad är 116 km och Karl-Johan Gyllenstorm beräknade körtiden till cirka 85 minuter.,<url><loc>https://pendlings-app1.t-767929534-cloudflare.workers.dev/?fran=Skara&amp;till=Kristianstad</loc><changefreq>monthly</changefreq></url>
Piteå,Tranemo,173,125,Avståndet mellan Piteå och Tranemo är 173 km och Karl-Johan Gyllenstorm beräknade körtiden till cirka 125 minuter.,<url><loc>https://pendlings-app1.t-767929534-cloudflare.workers.dev/?fran=Piteå&amp;till=Tranemo</loc><changefreq>monthly</changefreq></url>
Tibro,Ljusdal,282,212,Avståndet mellan Tibro och Ljusdal är 282 km och Karl-Johan Gyllenstorm beräknade körtiden till cirka 212 minuter.,<url><loc>https://pendlings-app1.t-767929534-cloudflare.workers.dev/?fran=Tibro&amp;till=Ljusdal</loc><changefreq>monthly</changefreq></url>
Kinda,Malå,295,217,Avståndet mellan Kinda och Malå är 295 km och Karl-Johan Gyllenstorm beräknade körtiden till cirka 217 minuter.,<url><loc>https://pendlings-app1.t-767929534-cloudflare.workers.dev/?fran=Kinda&amp;till=Malå</loc><changefreq>monthly</changefreq></url>
Skövde,Strängnäs,83,59,Avståndet mellan Skövde och Strängnäs är 83 km och Karl-Johan Gyllenstorm beräknade körtiden till cirka 59 minuter.,<url><loc>https://pendlings-app1.t-767929534-cloudflare.workers.dev/?fran=Skövde&amp;till=Strängnäs</loc><changefreq>monthly</changefreq></url>
Hallstahammar,Stockholm,208,152,Avståndet mellan Hallstahammar och Stockholm är 208 km och Karl-Johan Gyllenstorm beräknade körtiden till cirka 152 minuter.,<url><loc>https://pendlings-app1.t-767929534-cloudflare.workers.dev/?fran=Hallstahammar&amp;till=Stockholm</loc><changefreq>monthly</changefreq></url>
Älvdalen,Storuman,755,556,Avståndet mellan Älvdalen och Storuman är 755 km och Karl-Johan Gyllenstorm beräknade körtiden till cirka 556 minuter.,<url><loc>https://pendlings-app1.t-767929534-cloudflare.workers.dev/?fran=Älvdalen&amp;till=Storuman</loc><changefreq>monthly</changefreq></url>
Hallsberg,Vetlanda,1046,825,Avståndet mellan Hallsberg och Vetlanda är 1046 km och Karl-Johan Gyllenstorm beräknade körtiden till cirka 825 minuter.,<url><loc>https://pendlings-app1.t-767929534-cloudflare.workers.dev/?fran=Hallsberg&amp;till=Vetlanda</loc><changefreq>monthly</changefreq></url>
Sorsele,Avesta,1228,783,Avståndet mellan Sorsele och Avesta är 1228 km och Karl-Johan Gyllenstorm beräknade körtiden till cirka 783 minuter.,<url><loc>https://pendlings-app1.t-767929534-cloudflare.workers.dev/?fran=Sorsele&amp;till=Avesta</loc><changefreq>monthly</changefreq></url>
Hudiksvall,Mark,571,391,Avståndet mellan Hudiksvall och Mark är 571 km och Karl-Johan Gyllenstorm beräknade körtiden till cirka 391 minuter.,<url><loc>https://pendlings-app1.t-767929534-cloudflare.workers.dev/?fran=Hudiksvall&amp;till=Mark</loc><changefreq>monthly</changefreq></url>
Lund,Charlottenberg,132,98,Avståndet mellan Lund och Charlottenberg är 132 km och Karl-Johan Gyllenstorm beräknade körtiden till cirka 98 minuter.,<url><loc>https://pendlings-app1.t-767929534-cloudflare.workers.dev/?fran=Lund&amp;till=Charlottenberg</loc><changefreq>monthly</changefreq></url>
Trelleborg,Vingåker,336,217,Avståndet mellan Trelleborg och Vingåker är 336 km och Karl-Johan Gyllenstorm beräknade körtiden till cirka 217 minuter.,<url><loc>https://pendlings-app1.t-767929534-cloudflare.workers.dev/?fran=Trelleborg&amp;till=Vingåker</loc><changefreq>monthly</changefreq></url>
Katrineholm,Askersund,1432,971,Avståndet mellan Katrineholm och Askersund är 1432 km och Karl-Johan Gyllenstorm beräknade körtiden till cirka 971 minuter.,<url><loc>https://pendlings-app1.t-767929534-cloudflare.workers.dev/?fran=Katrineholm&amp;till=Askersund</loc><changefreq>monthly</changefreq></url>
Arvidsjaur,Vibble,723,523,Avståndet mellan Arvidsjaur och Vibble är 723 km och Karl-Johan Gyllenstorm beräknade körtiden till cirka 523 minuter.,<url><loc>https://pendlings-app1.t-767929534-cloudflare.workers.dev/?fran=Arvidsjaur&amp;till=Vibble</loc><changefreq>monthly</changefreq></url>
Smedjebacken,Lärbro,170,133,Avståndet mellan Smedjebacken och Lärbro är 170 km och Karl-Johan Gyllenstorm beräknade körtiden till cirka 133 minuter.,<url><loc>https://pendlings-app1.t-767929534-cloudflare.workers.dev/?fran=Smedjebacken&amp;till=Lärbro</loc><changefreq>monthly</changefreq></url>
Örebro,Älvsbyn,1296,995,Avståndet mellan Örebro och Älvsbyn är 1296 km och Karl-Johan Gyllenstorm beräknade körtiden till cirka 995 minuter.,<url><loc>https://pendlings-app1.t-767929534-cloudflare.workers.dev/?fran=Örebro&amp;till=Älvsbyn</loc><changefreq>monthly</changefreq></url>
Mönsterås,Örkelljunga,787,513,Avståndet mellan Mönsterås och Örkelljunga är 787 km och Karl-Johan Gyllenstorm beräknade körtiden till cirka 513 minuter.,<url><loc>https://pendlings-app1.t-767929534-cloudflare.workers.dev/?fran=Mönsterås&amp;till=Örkelljunga</loc><changefreq>monthly</changefreq></url>
Perstorp,Bjuv,294,217,Avståndet mellan Perstorp och Bjuv är 294 km och Karl-Johan Gyllenstorm beräknade körtiden till cirka 217 minuter.,<url><loc>https://pendlings-app1.t-767929534-cloudflare.workers.dev/?fran=Perstorp&amp;till=Bjuv</loc><changefreq>monthly</changefreq></url>
Ängelholm,Eksjö,1070,705,Avståndet mellan Ängelholm och Eksjö är 1070 km och Karl-Johan Gyllenstorm beräknade körtiden till cirka 705 minuter.,<url><loc>https://pendlings-app1.t-767929534-cloudflare.workers.dev/?fran=Ängelholm&amp;till=Eksjö</loc><changefreq>monthly</changefreq></url>
Boden,Ljusnarsberg,97,62,Avståndet mellan Boden och Ljusnarsberg är 97 km och Karl-Johan Gyllenstorm beräknade körtiden till cirka 62 minuter.,<url><loc>https://pendlings-app1.t-767929534-cloudflare.workers.dev/?fran=Boden&amp;till=Ljusnarsberg</loc><changefreq>monthly</changefreq></url>
Bengtsfors,Täby,1083,849,Avståndet mellan Bengtsfors och Täby är 1083 km och Karl-Johan Gyllenstorm beräknade körtiden till cirka 849 minuter.,<url><loc>https://pendlings-app1.t-767929534-cloudflare.workers.dev/?fran=Bengtsfors&amp;till=Täby</loc><changefreq>monthly</changefreq></url>
Ödeshög,Ockelbo,211,138,Avståndet mellan Ödeshög och Ockelbo är 211 km och Karl-Johan Gyllenstorm beräknade körtiden till cirka 138 minuter.,<url><loc>https://pendlings-app1.t-767929534-cloudflare.workers.dev/?fran=Ödeshög&amp;till=Ockelbo</loc><changefreq>monthly</changefreq></url>
Tofta,Eslöv,732,472,Avståndet mellan Tofta och Eslöv är 732 km och Karl-Johan Gyllenstorm beräknade körtiden till cirka 472 minuter.,<url><loc>https://pendlings-app1.t-767929534-cloudflare.workers.dev/?fran=Tofta&amp;till=Eslöv</loc><changefreq>monthly</changefreq></url>
Kramfors,Grästorp,740,497,Avståndet mellan Kramfors och Grästorp är 740 km och Karl-Johan Gyllenstorm beräknade körtiden till cirka 497 minuter.,<url><loc>https://pendlings-app1.t-767929534-cloudflare.workers.dev/?fran=Kramfors&amp;till=Grästorp</loc><changefreq>monthly</changefreq></url>
Jönköping,Strängnäs,482,323,Avståndet mellan Jönköping och Strängnäs är 482 km och Karl-Johan Gyllenstorm beräknade körtiden till cirka 323 minuter.,<url><loc>https://pendlings-app1.t-767929534-cloudflare.workers.dev/?fran=Jönköping&amp;till=Strängnäs</loc><changefreq>monthly</changefreq></url>
Landskrona,Lycksele,660,454,Avståndet mellan Landskrona och Lycksele är 660 km och Karl-Johan Gyllenstorm beräknade körtiden till cirka 454 minuter.,<url><loc>https://pendlings-app1.t-767929534-cloudflare.workers.dev/?fran=Landskrona&amp;till=Lycksele</loc><changefreq>monthly</changefreq></url>
Bräcke,Orsa,545,349,Avståndet mellan Bräcke och Orsa är 545 km och Karl-Johan Gyllenstorm beräknade körtiden till cirka 349 minuter.,<url><loc>https://pendlings-app1.t-767929534-cloudflare.workers.dev/?fran=Bräcke&amp;till=Orsa</loc><changefreq>monthly</changefreq></url>
Töreboda,Hemse,165,113,Avståndet mellan Töreboda och Hemse är 165 km och Karl-Johan Gyllenstorm beräknade körtiden till cirka 113 minuter.,<url><loc>https://pendlings-app1.t-767929534-cloudflare.workers.dev/?fran=Töreboda&amp;till=Hemse</loc><changefreq>monthly</changefreq></url>
Flen,Åre,988,768,Avståndet mellan Flen och Åre är 988 km och Karl-Johan Gyllenstorm beräknade körtiden till cirka 768 minuter.,<url><loc>https://pendlings-app1.t-767929534-cloudflare.workers.dev/?fran=Flen&amp;till=Åre</loc><changefreq>monthly</changefreq></url>
Älvdalen,Nybro,1442,1019,Avståndet mellan Älvdalen och Nybro är 1442 km och Karl-Johan Gyllenstorm beräknade körtiden till cirka 1019 minuter.,<url><loc>https://pendlings-app1.t-767929534-cloudflare.workers.dev/?fran=Älvdalen&amp;till=Nybro</loc><changefreq>monthly</changefreq></url>
Kalix,Sandviken,668,488,Avståndet mellan Kalix och Sandviken är 668 km och Karl-Johan Gyllenstorm beräknade körtiden till cirka 488 minuter.,<url><loc>https://pendlings-app1.t-767929534-cloudflare.workers.dev/?fran=Kalix&amp;till=Sandviken</loc><changefreq>monthly</changefreq></url>
Vingåker,Hässleholm,273,176,Avståndet mellan Vingåker och Hässleholm är 273 km och Karl-Johan Gyllenstorm beräknade körtiden till cirka 176 minuter.,<url><loc>https://pendlings-app1.t-767929534-cloudflare.workers.dev/?fran=Vingåker&amp;till=Hässleholm</loc><changefreq>monthly</changefreq></url>
Trelleborg,Roma,828,594,Avståndet mellan Trelleborg och Roma är 828 km och Karl-Johan Gyllenstorm beräknade körtiden till cirka 594 minuter.,<url><loc>https://pendlings-app1.t-767929534-cloudflare.workers.dev/?fran=Trelleborg&amp;till=Roma</loc><changefreq>monthly</changefreq></url>
Grythyttan,Gnosjö,497,380,Avståndet mellan Grythyttan och Gnosjö är 497 km och Karl-Johan Gyllenstorm beräknade körtiden till cirka 380 minuter.,<url><loc>https://pendlings-app1.t-767929534-cloudflare.workers.dev/?fran=Grythyttan&amp;till=Gnosjö</loc><changefreq>monthly</changefreq></url>
Uppsala,Täby,1079,739,Avståndet mellan Uppsala och Täby är 1079 km och Karl-Johan Gyllenstorm beräknade körtiden till cirka 739 minuter.,<url><loc>https://pendlings-app1.t-767929534-cloudflare.workers.dev/?fran=Uppsala&amp;till=Täby</loc><changefreq>monthly</changefreq></url>
Staffanstorp,Tierp,294,186,Avståndet mellan Staffanstorp och Tierp är 294 km och Karl-Johan Gyllenstorm beräknade körtiden till cirka 186 minuter.,<url><loc>https://pendlings-app1.t-767929534-cloudflare.workers.dev/?fran=Staffanstorp&amp;till=Tierp</loc><changefreq>monthly</changefreq></url>
Lysekil,Karlskoga,863,648,Avståndet mellan Lysekil och Karlskoga är 863 km och Karl-Johan Gyllenstorm beräknade körtiden till cirka 648 minuter.,<url><loc>https://pendlings-app1.t-767929534-cloudflare.workers.dev/?fran=Lysekil&amp;till=Karlskoga</loc><changefreq>monthly</changefreq></url>
Karlshamn,Nybro,906,702,Avståndet mellan Karlshamn och Nybro är 906 km och Karl-Johan Gyllenstorm beräknade körtiden till cirka 702 minuter.,<url><loc>https://pendlings-app1.t-767929534-cloudflare.workers.dev/?fran=Karlshamn&amp;till=Nybro</loc><changefreq>monthly</changefreq></url>
Hudiksvall,Fårösund,865,668,Avståndet mellan Hudiksvall och Fårösund är 865 km och Karl-Johan Gyllenstorm beräknade körtiden till cirka 668 minuter.,<url><loc>https://pendlings-app1.t-767929534-cloudflare.workers.dev/?fran=Hudiksvall&amp;till=Fårösund</loc><changefreq>monthly</changefreq></url>
Kinda,Hallsberg,177,120,Avståndet mellan Kinda och Hallsberg är 177 km och Karl-Johan Gyllenstorm beräknade körtiden till cirka 120 minuter.,<url><loc>https://pendlings-app1.t-767929534-cloudflare.workers.dev/?fran=Kinda&amp;till=Hallsberg</loc><changefreq>monthly</changefreq></url>
Ronehamn,Avesta,1123,764,Avståndet mellan Ronehamn och Avesta är 1123 km och Karl-Johan Gyllenstorm beräknade körtiden till cirka 764 minuter.,<url><loc>https://pendlings-app1.t-767929534-cloudflare.workers.dev/?fran=Ronehamn&amp;till=Avesta</loc><changefreq>monthly</changefreq></url>
Örkelljunga,Borlänge,910,685,Avståndet mellan Örkelljunga och Borlänge är 910 km och Karl-Johan Gyllenstorm beräknade körtiden till cirka 685 minuter.,<url><loc>https://pendlings-app1.t-767929534-cloudflare.workers.dev/?fran=Örkelljunga&amp;till=Borlänge</loc><changefreq>monthly</changefreq></url>
Borås,Eksjö,294,235,Avståndet mellan Borås och Eksjö är 294 km och Karl-Johan Gyllenstorm beräknade körtiden till cirka 235 minuter.,<url><loc>https://pendlings-app1.t-767929534-cloudflare.workers.dev/?fran=Borås&amp;till=Eksjö</loc><changefreq>monthly</changefreq></url>
Simrishamn,Storuman,26,19,Avståndet mellan Simrishamn och Storuman är 26 km och Karl-Johan Gyllenstorm beräknade körtiden till cirka 19 minuter.,<url><loc>https://pendlings-app1.t-767929534-cloudflare.workers.dev/?fran=Simrishamn&amp;till=Storuman</loc><changefreq>monthly</changefreq></url>
Hultsfred,Storfors,174,128,Avståndet mellan Hultsfred och Storfors är 174 km och Karl-Johan Gyllenstorm beräknade körtiden till cirka 128 minuter.,<url><loc>https://pendlings-app1.t-767929534-cloudflare.workers.dev/?fran=Hultsfred&amp;till=Storfors</loc><changefreq>monthly</changefreq></url>
Åsele,Skinnskatteberg,617,474,Avståndet mellan Åsele och Skinnskatteberg är 617 km och Karl-Johan Gyllenstorm beräknade körtiden till cirka 474 minuter.,<url><loc>https://pendlings-app1.t-767929534-cloudflare.workers.dev/?fran=Åsele&amp;till=Skinnskatteberg</loc><changefreq>monthly</changefreq></url>
Ystad,Eksjö,668,460,Avståndet mellan Ystad och Eksjö är 668 km och Karl-Johan Gyllenstorm beräknade körtiden till cirka 460 minuter.,<url><loc>https://pendlings-app1.t-767929534-cloudflare.workers.dev/?fran=Ystad&amp;till=Eksjö</loc><changefreq>monthly</changefreq></url>
Värnamo,Sävsjö,1375,997,Avståndet mellan Värnamo och Sävsjö är 1375 km och Karl-Johan Gyllenstorm beräknade körtiden till cirka 997 minuter.,<url><loc>https://pendlings-app1.t-767929534-cloudflare.workers.dev/?fran=Värnamo&amp;till=Sävsjö</loc><changefreq>monthly</changefreq></url>
Färgelanda,Svenljunga,759,515,Avståndet mellan Färgelanda och Svenljunga är 759 km och Karl-Johan Gyllenstorm beräknade körtiden till cirka 515 minuter.,<url><loc>https://pendlings-app1.t-767929534-cloudflare.workers.dev/?fran=Färgelanda&amp;till=Svenljunga</loc><changefreq>monthly</changefreq></url>
Arboga,Fagersta,885,611,Avståndet mellan Arboga och Fagersta är 885 km och Karl-Johan Gyllenstorm beräknade körtiden till cirka 611 minuter.,<url><loc>https://pendlings-app1.t-767929534-cloudflare.workers.dev/?fran=Arboga&amp;till=Fagersta</loc><changefreq>monthly</changefreq></url>
Surahammar,Berg,968,628,Avståndet mellan Surahammar och Berg är 968 km och Karl-Johan Gyllenstorm beräknade körtiden till cirka 628 minuter.,<url><loc>https://pendlings-app1.t-767929534-cloudflare.workers.dev/?fran=Surahammar&amp;till=Berg</loc><changefreq>monthly</changefreq></url>
Gimo,Tomelilla,651,496,Avståndet mellan Gimo och Tomelilla är 651 km och Karl-Johan Gyllenstorm beräknade körtiden till cirka 496 minuter.,<url><loc>https://pendlings-app1.t-767929534-cloudflare.workers.dev/?fran=Gimo&amp;till=Tomelilla</loc><changefreq>monthly</changefreq></url>
Östra Göinge,Oskarshamn,466,315,Avståndet mellan Östra Göinge och Oskarshamn är 466 km och Karl-Johan Gyllenstorm beräknade körtiden till cirka 315 minuter.,<url><loc>https://pendlings-app1.t-767929534-cloudflare.workers.dev/?fran=Östra Göinge&amp;till=Oskarshamn</loc><changefreq>monthly</changefreq></url>
Östhammar,Vårgårda,890,707,Avståndet mellan Östhammar och Vårgårda är 890 km och Karl-Johan Gyllenstorm beräknade körtiden till cirka 707 minuter.,<url><loc>https://pendlings-app1.t-767929534-cloudflare.workers.dev/?fran=Östhammar&amp;till=Vårgårda</loc><changefreq>monthly</changefreq></url>
Åtvidaberg,Gnosjö,1059,838,Avståndet mellan Åtvidaberg och Gnosjö är 1059 km och Karl-Johan Gyllenstorm beräknade körtiden till cirka 838 minuter.,<url><loc>https://pendlings-app1.t-767929534-cloudflare.workers.dev/?fran=Åtvidaberg&amp;till=Gnosjö</loc><changefreq>monthly</changefreq></url>
Stockholm,Skara,1239,981,Avståndet mellan Stockholm och Skara är 1239 km och Karl-Johan Gyllenstorm beräknade körtiden till cirka 981 minuter.,<url><loc>https://pendlings-app1.t-767929534-cloudflare.workers.dev/?fran=Stockholm&amp;till=Skara</loc><changefreq>monthly</changefreq></url>
Bjuv,Rättvik,115,90,Avståndet mellan Bjuv och Rättvik är 115 km och Karl-Johan Gyllenstorm beräknade körtiden till cirka 90 minuter.,<url><loc>https://pendlings-app1.t-767929534-cloudflare.workers.dev/?fran=Bjuv&amp;till=Rättvik</loc><changefreq>monthly</changefreq></url>
Filipstad,Lidköping,607,403,Avståndet mellan Filipstad och Lidköping är 607 km och Karl-Johan Gyllenstorm beräknade körtiden till cirka 403 minuter.,<url><loc>https://pendlings-app1.t-767929534-cloudflare.workers.dev/?fran=Filipstad&amp;till=Lidköping</loc><changefreq>monthly</changefreq></url>
Bjuv,Ödeshög,880,589,Avståndet mellan Bjuv och Ödeshög är 880 km och Karl-Johan Gyllenstorm beräknade körtiden till cirka 589 minuter.,<url><loc>https://pendlings-app1.t-767929534-cloudflare.workers.dev/?fran=Bjuv&amp;till=Ödeshög</loc><changefreq>monthly</changefreq></url>
Motala,Östra Göinge,127,85,Avståndet mellan Motala och Östra Göinge är 127 km och Karl-Johan Gyllenstorm beräknade körtiden till cirka 85 minuter.,<url><loc>https://pendlings-app1.t-767929534-cloudflare.workers.dev/?fran=Motala&amp;till=Östra Göinge</loc><changefreq>monthly</changefreq></url>
Krokom,Ljusnarsberg,1253,964,Avståndet mellan Krokom och Ljusnarsberg är 1253 km och Karl-Johan Gyllenstorm beräknade körtiden till cirka 964 minuter.,<url><loc>https://pendlings-app1.t-767929534-cloudflare.workers.dev/?fran=Krokom&amp;till=Ljusnarsberg</loc><changefreq>monthly</changefreq></url>
Mullsjö,Grums,1076,755,Avståndet mellan Mullsjö och Grums är 1076 km och Karl-Johan Gyllenstorm beräknade körtiden till cirka 755 minuter.,<url><loc>https://pendlings-app1.t-767929534-cloudflare.workers.dev/?fran=Mullsjö&amp;till=Grums</loc><changefreq>monthly</changefreq></url>
Hjo,Hultsfred,1166,909,Avståndet mellan Hjo och Hultsfred är 1166 km och Karl-Johan Gyllenstorm beräknade körtiden till cirka 909 minuter.,<url><loc>https://pendlings-app1.t-767929534-cloudflare.workers.dev/?fran=Hjo&amp;till=Hultsfred</loc><changefreq>monthly</changefreq></url>
Åsele,Simrishamn,1241,941,Avståndet mellan Åsele och Simrishamn är 1241 km och Karl-Johan Gyllenstorm beräknade körtiden till cirka 941 minuter.,<url><loc>https://pendlings-app1.t-767929534-cloudflare.workers.dev/?fran=Åsele&amp;till=Simrishamn</loc><changefreq>monthly</changefreq></url>
Gagnef,Orsa,600,396,Avståndet mellan Gagnef och Orsa är 600 km och Karl-Johan Gyllenstorm beräknade körtiden till cirka 396 minuter.,<url><loc>https://pendlings-app1.t-767929534-cloudflare.workers.dev/?fran=Gagnef&amp;till=Orsa</loc><changefreq>monthly</changefreq></url>
Gislaved,Storuman,825,562,Avståndet mellan Gislaved och Storuman är 825 km och Karl-Johan Gyllenstorm beräknade körtiden till cirka 562 minuter.,<url><loc>https://pendlings-app1.t-767929534-cloudflare.workers.dev/?fran=Gislaved&amp;till=Storuman</loc><changefreq>monthly</changefreq></url>
Skutskär,Linköping,815,522,Avståndet mellan Skutskär och Linköping är 815 km och Karl-Johan Gyllenstorm beräknade körtiden till cirka 522 minuter.,<url><loc>https://pendlings-app1.t-767929534-cloudflare.workers.dev/?fran=Skutskär&amp;till=Linköping</loc><changefreq>monthly</changefreq></url>
Linköping,Degerfors,1161,815,Avståndet mellan Linköping och Degerfors är 1161 km och Karl-Johan Gyllenstorm beräknade körtiden till cirka 815 minuter.,<url><loc>https://pendlings-app1.t-767929534-cloudflare.workers.dev/?fran=Linköping&amp;till=Degerfors</loc><changefreq>monthly</changefreq></url>
Göteborg,Karlstad,859,546,Avståndet mellan Göteborg och Karlstad är 859 km och Karl-Johan Gyllenstorm beräknade körtiden till cirka 546 minuter.,<url><loc>https://pendlings-app1.t-767929534-cloudflare.workers.dev/?fran=Göteborg&amp;till=Karlstad</loc><changefreq>monthly</changefreq></url>
Köping,Helsingborg,993,668,Avståndet mellan Köping och Helsingborg är 993 km och Karl-Johan Gyllenstorm beräknade körtiden till cirka 668 minuter.,<url><loc>https://pendlings-app1.t-767929534-cloudflare.workers.dev/?fran=Köping&amp;till=Helsingborg</loc><changefreq>monthly</changefreq></url>
Örebro,Söderköping,746,583,Avståndet mellan Örebro och Söderköping är 746 km och Karl-Johan Gyllenstorm beräknade körtiden till cirka 583 minuter.,<url><loc>https://pendlings-app1.t-767929534-cloudflare.workers.dev/?fran=Örebro&amp;till=Söderköping</loc><changefreq>monthly</changefreq></url>
Hässleholm,Karlskrona,1427,1043,Avståndet mellan Hässleholm och Karlskrona är 1427 km och Karl-Johan Gyllenstorm beräknade körtiden till cirka 1043 minuter.,<url><loc>https://pendlings-app1.t-767929534-cloudflare.workers.dev/?fran=Hässleholm&amp;till=Karlskrona</loc><changefreq>monthly</changefreq></url>
Mora,Storfors,886,568,Avståndet mellan Mora och Storfors är 886 km och Karl-Johan Gyllenstorm beräknade körtiden till cirka 568 minuter.,<url><loc>https://pendlings-app1.t-767929534-cloudflare.workers.dev/?fran=Mora&amp;till=Storfors</loc><changefreq>monthly</changefreq></url>
Säffle,Fårösund,118,75,Avståndet mellan Säffle och Fårösund är 118 km och Karl-Johan Gyllenstorm beräknade körtiden till cirka 75 minuter.,<url><loc>https://pendlings-app1.t-767929534-cloudflare.workers.dev/?fran=Säffle&amp;till=Fårösund</loc><changefreq>monthly</changefreq></url>
Haparanda,Oxelösund,1310,1038,Avståndet mellan Haparanda och Oxelösund är 1310 km och Karl-Johan Gyllenstorm beräknade körtiden till cirka 1038 minuter.,<url><loc>https://pendlings-app1.t-767929534-cloudflare.workers.dev/?fran=Haparanda&amp;till=Oxelösund</loc><changefreq>monthly</changefreq></url>
Strömsund,Skara,1235,897,Avståndet mellan Strömsund och Skara är 1235 km och Karl-Johan Gyllenstorm beräknade körtiden till cirka 897 minuter.,<url><loc>https://pendlings-app1.t-767929534-cloudflare.workers.dev/?fran=Strömsund&amp;till=Skara</loc><changefreq>monthly</changefreq></url>
Falkenberg,Grythyttan,844,562,Avståndet mellan Falkenberg och Grythyttan är 844 km och Karl-Johan Gyllenstorm beräknade körtiden till cirka 562 minuter.,<url><loc>https://pendlings-app1.t-767929534-cloudflare.workers.dev/?fran=Falkenberg&amp;till=Grythyttan</loc><changefreq>monthly</changefreq></url>
Slite,Nyköping,1123,747,Avståndet mellan Slite och Nyköping är 1123 km och Karl-Johan Gyllenstorm beräknade körtiden till cirka 747 minuter.,<url><loc>https://pendlings-app1.t-767929534-cloudflare.workers.dev/?fran=Slite&amp;till=Nyköping</loc><changefreq>monthly</changefreq></url>
Knivsta,Essunga,803,570,Avståndet mellan Knivsta och Essunga är 803 km och Karl-Johan Gyllenstorm beräknade körtiden till cirka 570 minuter.,<url><loc>https://pendlings-app1.t-767929534-cloudflare.workers.dev/?fran=Knivsta&amp;till=Essunga</loc><changefreq>monthly</changefreq></url>
Hemse,Ronneby,1098,870,Avståndet mellan Hemse och Ronneby är 1098 km och Karl-Johan Gyllenstorm beräknade körtiden till cirka 870 minuter.,<url><loc>https://pendlings-app1.t-767929534-cloudflare.workers.dev/?fran=Hemse&amp;till=Ronneby</loc><changefreq>monthly</changefreq></url>
Göteborg,Bromölla,1006,642,Avståndet mellan Göteborg och Bromölla är 1006 km och Karl-Johan Gyllenstorm beräknade körtiden till cirka 642 minuter.,<url><loc>https://pendlings-app1.t-767929534-cloudflare.workers.dev/?fran=Göteborg&amp;till=Bromölla</loc><changefreq>monthly</changefreq></url>
Uppsala,Svedala,1024,786,Avståndet mellan Uppsala och Svedala är 1024 km och Karl-Johan Gyllenstorm beräknade körtiden till cirka 786 minuter.,<url><loc>https://pendlings-app1.t-767929534-cloudflare.workers.dev/?fran=Uppsala&amp;till=Svedala</loc><changefreq>monthly</changefreq></url>
Luleå,Ljusnarsberg,28,19,Avståndet mellan Luleå och Ljusnarsberg är 28 km och Karl-Johan Gyllenstorm beräknade körtiden till cirka 19 minuter.,<url><loc>https://pendlings-app1.t-767929534-cloudflare.workers.dev/?fran=Luleå&amp;till=Ljusnarsberg</loc><changefreq>monthly</changefreq></url>
Mjölby,Eslöv,1159,900,Avståndet mellan Mjölby och Eslöv är 1159 km och Karl-Johan Gyllenstorm beräknade körtiden till cirka 900 minuter.,<url><loc>https://pendlings-app1.t-767929534-cloudflare.workers.dev/?fran=Mjölby&amp;till=Eslöv</loc><changefreq>monthly</changefreq></url>
Högsby,Avesta,1394,891,Avståndet mellan Högsby och Avesta är 1394 km och Karl-Johan Gyllenstorm beräknade körtiden till cirka 891 minuter.,<url><loc>https://pendlings-app1.t-767929534-cloudflare.workers.dev/?fran=Högsby&amp;till=Avesta</loc><changefreq>monthly</changefreq></url>
Täby,Huddinge,619,442,Avståndet mellan Täby och Huddinge är 619 km och Karl-Johan Gyllenstorm beräknade körtiden till cirka 442 minuter.,<url><loc>https://pendlings-app1.t-767929534-cloudflare.workers.dev/?fran=Täby&amp;till=Huddinge</loc><changefreq>monthly</changefreq></url>
Lomma,Hyltebruk,1319,1004,Avståndet mellan Lomma och Hyltebruk är 1319 km och Karl-Johan Gyllenstorm beräknade körtiden till cirka 1004 minuter.,<url><loc>https://pendlings-app1.t-767929534-cloudflare.workers.dev/?fran=Lomma&amp;till=Hyltebruk</loc><changefreq>monthly</changefreq></url>
Krokom,Ängelholm,456,334,Avståndet mellan Krokom och Ängelholm är 456 km och Karl-Johan Gyllenstorm beräknade körtiden till cirka 334 minuter.,<url><loc>https://pendlings-app1.t-767929534-cloudflare.workers.dev/?fran=Krokom&amp;till=Ängelholm</loc><changefreq>monthly</changefreq></url>
Strömstad,Berg,604,481,Avståndet mellan Strömstad och Berg är 604 km och Karl-Johan Gyllenstorm beräknade körtiden till cirka 481 minuter.,<url><loc>https://pendlings-app1.t-767929534-cloudflare.workers.dev/?fran=Strömstad&amp;till=Berg</loc><changefreq>monthly</changefreq></url>
Tofta,Hallsberg,1081,816,Avståndet mellan Tofta och Hallsberg är 1081 km och Karl-Johan Gyllenstorm beräknade körtiden till cirka 816 minuter.,<url><loc>https://pendlings-app1.t-767929534-cloudflare.workers.dev/?fran=Tofta&amp;till=Hallsberg</loc><changefreq>monthly</changefreq></url>
Sälen,Göteborg,83,53,Avståndet mellan Sälen och Göteborg är 83 km och Karl-Johan Gyllenstorm beräknade körtiden till cirka 53 minuter.,<url><loc>https://pendlings-app1.t-767929534-cloudflare.workers.dev/?fran=Sälen&amp;till=Göteborg</loc><changefreq>monthly</changefreq></url>
Skinnskatteberg,Storuman,479,378,Avståndet mellan Skinnskatteberg och Storuman är 479 km och Karl-Johan Gyllenstorm beräknade körtiden till cirka 378 minuter.,<url><loc>https://pendlings-app1.t-767929534-cloudflare.workers.dev/?fran=Skinnskatteberg&amp;till=Storuman</loc><changefreq>monthly</changefreq></url>
Sunne,Alingsås,844,582,Avståndet mellan Sunne och Alingsås är 844 km och Karl-Johan Gyllenstorm beräknade körtiden till cirka 582 minuter.,<url><loc>https://pendlings-app1.t-767929534-cloudflare.workers.dev/?fran=Sunne&amp;till=Alingsås</loc><changefreq>monthly</changefreq></url>
Boxholm,Karlsborg,1090,725,Avståndet mellan Boxholm och Karlsborg är 1090 km och Karl-Johan Gyllenstorm beräknade körtiden till cirka 725 minuter.,<url><loc>https://pendlings-app1.t-767929534-cloudflare.workers.dev/?fran=Boxholm&amp;till=Karlsborg</loc><changefreq>monthly</changefreq></url>
Karlstad,Sandviken,1221,837,Avståndet mellan Karlstad och Sandviken är 1221 km och Karl-Johan Gyllenstorm beräknade körtiden till cirka 837 minuter.,<url><loc>https://pendlings-app1.t-767929534-cloudflare.workers.dev/?fran=Karlstad&amp;till=Sandviken</loc><changefreq>monthly</changefreq></url>
Krokom,Malung,1191,867,Avståndet mellan Krokom och Malung är 1191 km och Karl-Johan Gyllenstorm beräknade körtiden till cirka 867 minuter.,<url><loc>https://pendlings-app1.t-767929534-cloudflare.workers.dev/?fran=Krokom&amp;till=Malung</loc><changefreq>monthly</changefreq></url>
Linköping,Nora,1338,1002,Avståndet mellan Linköping och Nora är 1338 km och Karl-Johan Gyllenstorm beräknade körtiden till cirka 1002 minuter.,<url><loc>https://pendlings-app1.t-767929534-cloudflare.workers.dev/?fran=Linköping&amp;till=Nora</loc><changefreq>monthly</changefreq></url>
Lysekil,Havdhem,606,417,Avståndet mellan Lysekil och Havdhem är 606 km och Karl-Johan Gyllenstorm beräknade körtiden till cirka 417 minuter.,<url><loc>https://pendlings-app1.t-767929534-cloudflare.workers.dev/?fran=Lysekil&amp;till=Havdhem</loc><changefreq>monthly</changefreq></url>
Söderhamn,Gnestad,443,319,Avståndet mellan Söderhamn och Gnestad är 443 km och Karl-Johan Gyllenstorm beräknade körtiden till cirka 319 minuter.,<url><loc>https://pendlings-app1.t-767929534-cloudflare.workers.dev/?fran=Söderhamn&amp;till=Gnestad</loc><changefreq>monthly</changefreq></url>
Ydre,Falköping,187,140,Avståndet mellan Ydre och Falköping är 187 km och Karl-Johan Gyllenstorm beräknade körtiden till cirka 140 minuter.,<url><loc>https://pendlings-app1.t-767929534-cloudflare.workers.dev/?fran=Ydre&amp;till=Falköping</loc><changefreq>monthly</changefreq></url>
Tomelilla,Östhammar,1009,754,Avståndet mellan Tomelilla och Östhammar är 1009 km och Karl-Johan Gyllenstorm beräknade körtiden till cirka 754 minuter.,<url><loc>https://pendlings-app1.t-767929534-cloudflare.workers.dev/?fran=Tomelilla&amp;till=Östhammar</loc><changefreq>monthly</changefreq></url>
Lysekil,Klintehamn,97,62,Avståndet mellan Lysekil och Klintehamn är 97 km och Karl-Johan Gyllenstorm beräknade körtiden till cirka 62 minuter.,<url><loc>https://pendlings-app1.t-767929534-cloudflare.workers.dev/?fran=Lysekil&amp;till=Klintehamn</loc><changefreq>monthly</changefreq></url>
Älvdalen,Halmstad,801,562,Avståndet mellan Älvdalen och Halmstad är 801 km och Karl-Johan Gyllenstorm beräknade körtiden till cirka 562 minuter.,<url><loc>https://pendlings-app1.t-767929534-cloudflare.workers.dev/?fran=Älvdalen&amp;till=Halmstad</loc><changefreq>monthly</changefreq></url>
Eslöv,Växjö,880,629,Avståndet mellan Eslöv och Växjö är 880 km och Karl-Johan Gyllenstorm beräknade körtiden till cirka 629 minuter.,<url><loc>https://pendlings-app1.t-767929534-cloudflare.workers.dev/?fran=Eslöv&amp;till=Växjö</loc><changefreq>monthly</changefreq></url>
Hjo,Hagfors,165,107,Avståndet mellan Hjo och Hagfors är 165 km och Karl-Johan Gyllenstorm beräknade körtiden till cirka 107 minuter.,<url><loc>https://pendlings-app1.t-767929534-cloudflare.workers.dev/?fran=Hjo&amp;till=Hagfors</loc><changefreq>monthly</changefreq></url>
Essunga,Gimo,716,476,Avståndet mellan Essunga och Gimo är 716 km och Karl-Johan Gyllenstorm beräknade körtiden till cirka 476 minuter.,<url><loc>https://pendlings-app1.t-767929534-cloudflare.workers.dev/?fran=Essunga&amp;till=Gimo</loc><changefreq>monthly</changefreq></url>
Munkfors,Kiruna,231,181,Avståndet mellan Munkfors och Kiruna är 231 km och Karl-Johan Gyllenstorm beräknade körtiden till cirka 181 minuter.,<url><loc>https://pendlings-app1.t-767929534-cloudflare.workers.dev/?fran=Munkfors&amp;till=Kiruna</loc><changefreq>monthly</changefreq></url>
Orsa,Malung,648,474,Avståndet mellan Orsa och Malung är 648 km och Karl-Johan Gyllenstorm beräknade körtiden till cirka 474 minuter.,<url><loc>https://pendlings-app1.t-767929534-cloudflare.workers.dev/?fran=Orsa&amp;till=Malung</loc><changefreq>monthly</changefreq></url>
Gimo,Munkedal,118,86,Avståndet mellan Gimo och Munkedal är 118 km och Karl-Johan Gyllenstorm beräknade körtiden till cirka 86 minuter.,<url><loc>https://pendlings-app1.t-767929534-cloudflare.workers.dev/?fran=Gimo&amp;till=Munkedal</loc><changefreq>monthly</changefreq></url>
Bålsta,Köping,1269,838,Avståndet mellan Bålsta och Köping är 1269 km och Karl-Johan Gyllenstorm beräknade körtiden till cirka 838 minuter.,<url><loc>https://pendlings-app1.t-767929534-cloudflare.workers.dev/?fran=Bålsta&amp;till=Köping</loc><changefreq>monthly</changefreq></url>
Haparanda,Skara,848,643,Avståndet mellan Haparanda och Skara är 848 km och Karl-Johan Gyllenstorm beräknade körtiden till cirka 643 minuter.,<url><loc>https://pendlings-app1.t-767929534-cloudflare.workers.dev/?fran=Haparanda&amp;till=Skara</loc><changefreq>monthly</changefreq></url>
Luleå,Grums,646,485,Avståndet mellan Luleå och Grums är 646 km och Karl-Johan Gyllenstorm beräknade körtiden till cirka 485 minuter.,<url><loc>https://pendlings-app1.t-767929534-cloudflare.workers.dev/?fran=Luleå&amp;till=Grums</loc><changefreq>monthly</changefreq></url>
Alingsås,Burgsvik,208,147,Avståndet mellan Alingsås och Burgsvik är 208 km och Karl-Johan Gyllenstorm beräknade körtiden till cirka 147 minuter.,<url><loc>https://pendlings-app1.t-767929534-cloudflare.workers.dev/?fran=Alingsås&amp;till=Burgsvik</loc><changefreq>monthly</changefreq></url>
Trelleborg,Hörby,1306,889,Avståndet mellan Trelleborg och Hörby är 1306 km och Karl-Johan Gyllenstorm beräknade körtiden till cirka 889 minuter.,<url><loc>https://pendlings-app1.t-767929534-cloudflare.workers.dev/?fran=Trelleborg&amp;till=Hörby</loc><changefreq>monthly</changefreq></url>
Åre,Mjölby,454,314,Avståndet mellan Åre och Mjölby är 454 km och Karl-Johan Gyllenstorm beräknade körtiden till cirka 314 minuter.,<url><loc>https://pendlings-app1.t-767929534-cloudflare.workers.dev/?fran=Åre&amp;till=Mjölby</loc><changefreq>monthly</changefreq></url>
Kalix,Sävsjö,325,259,Avståndet mellan Kalix och Sävsjö är 325 km och Karl-Johan Gyllenstorm beräknade körtiden till cirka 259 minuter.,<url><loc>https://pendlings-app1.t-767929534-cloudflare.workers.dev/?fran=Kalix&amp;till=Sävsjö</loc><changefreq>monthly</changefreq></url>
Olofström,Alingsås,91,70,Avståndet mellan Olofström och Alingsås är 91 km och Karl-Johan Gyllenstorm beräknade körtiden till cirka 70 minuter.,<url><loc>https://pendlings-app1.t-767929534-cloudflare.workers.dev/?fran=Olofström&amp;till=Alingsås</loc><changefreq>monthly</changefreq></url>
Eksjö,Hallstahammar,1108,725,Avståndet mellan Eksjö och Hallstahammar är 1108 km och Karl-Johan Gyllenstorm beräknade körtiden till cirka 725 minuter.,<url><loc>https://pendlings-app1.t-767929534-cloudflare.workers.dev/?fran=Eksjö&amp;till=Hallstahammar</loc><changefreq>monthly</changefreq></url>
Hallsberg,Linköping,733,526,Avståndet mellan Hallsberg och Linköping är 733 km och Karl-Johan Gyllenstorm beräknade körtiden till cirka 526 minuter.,<url><loc>https://pendlings-app1.t-767929534-cloudflare.workers.dev/?fran=Hallsberg&amp;till=Linköping</loc><changefreq>monthly</changefreq></url>
Katrineholm,Finspång,463,348,Avståndet mellan Katrineholm och Finspång är 463 km och Karl-Johan Gyllenstorm beräknade körtiden till cirka 348 minuter.,<url><loc>https://pendlings-app1.t-767929534-cloudflare.workers.dev/?fran=Katrineholm&amp;till=Finspång</loc><changefreq>monthly</changefreq></url>
Vänersborg,Lindesberg,986,664,Avståndet mellan Vänersborg och Lindesberg är 986 km och Karl-Johan Gyllenstorm beräknade körtiden till cirka 664 minuter.,<url><loc>https://pendlings-app1.t-767929534-cloudflare.workers.dev/?fran=Vänersborg&amp;till=Lindesberg</loc><changefreq>monthly</changefreq></url>
Skinnskatteberg,Nybro,1012,668,Avståndet mellan Skinnskatteberg och Nybro är 1012 km och Karl-Johan Gyllenstorm beräknade körtiden till cirka 668 minuter.,<url><loc>https://pendlings-app1.t-767929534-cloudflare.workers.dev/?fran=Skinnskatteberg&amp;till=Nybro</loc><changefreq>monthly</changefreq></url>
Älvkarleby,Norberg,62,42,Avståndet mellan Älvkarleby och Norberg är 62 km och Karl-Johan Gyllenstorm beräknade körtiden till cirka 42 minuter.,<url><loc>https://pendlings-app1.t-767929534-cloudflare.workers.dev/?fran=Älvkarleby&amp;till=Norberg</loc><changefreq>monthly</changefreq></url>
Västerås,Sala,228,166,Avståndet mellan Västerås och Sala är 228 km och Karl-Johan Gyllenstorm beräknade körtiden till cirka 166 minuter.,<url><loc>https://pendlings-app1.t-767929534-cloudflare.workers.dev/?fran=Västerås&amp;till=Sala</loc><changefreq>monthly</changefreq></url>
Askersund,Fårösund,1433,998,Avståndet mellan Askersund och Fårösund är 1433 km och Karl-Johan Gyllenstorm beräknade körtiden till cirka 998 minuter.,<url><loc>https://pendlings-app1.t-767929534-cloudflare.workers.dev/?fran=Askersund&amp;till=Fårösund</loc><changefreq>monthly</changefreq></url>
Luleå,Malung,246,170,Avståndet mellan Luleå och Malung är 246 km och Karl-Johan Gyllenstorm beräknade körtiden till cirka 170 minuter.,<url><loc>https://pendlings-app1.t-767929534-cloudflare.workers.dev/?fran=Luleå&amp;till=Malung</loc><changefreq>monthly</changefreq></url>
Falun,Degerfors,354,231,Avståndet mellan Falun och Degerfors är 354 km och Karl-Johan Gyllenstorm beräknade körtiden till cirka 231 minuter.,<url><loc>https://pendlings-app1.t-767929534-cloudflare.workers.dev/?fran=Falun&amp;till=Degerfors</loc><changefreq>monthly</changefreq></url>
Sotenäs,Älvsbyn,245,178,Avståndet mellan Sotenäs och Älvsbyn är 245 km och Karl-Johan Gyllenstorm beräknade körtiden till cirka 178 minuter.,<url><loc>https://pendlings-app1.t-767929534-cloudflare.workers.dev/?fran=Sotenäs&amp;till=Älvsbyn</loc><changefreq>monthly</changefreq></url>
Oxelösund,Härjedalen,1146,813,Avståndet mellan Oxelösund och Härjedalen är 1146 km och Karl-Johan Gyllenstorm beräknade körtiden till cirka 813 minuter.,<url><loc>https://pendlings-app1.t-767929534-cloudflare.workers.dev/?fran=Oxelösund&amp;till=Härjedalen</loc><changefreq>monthly</changefreq></url>
Varberg,Gnestad,339,270,Avståndet mellan Varberg och Gnestad är 339 km och Karl-Johan Gyllenstorm beräknade körtiden till cirka 270 minuter.,<url><loc>https://pendlings-app1.t-767929534-cloudflare.workers.dev/?fran=Varberg&amp;till=Gnestad</loc><changefreq>monthly</changefreq></url>
Lund,Malmö,236,182,Avståndet mellan Lund och Malmö är 236 km och Karl-Johan Gyllenstorm beräknade körtiden till cirka 182 minuter.,<url><loc>https://pendlings-app1.t-767929534-cloudflare.workers.dev/?fran=Lund&amp;till=Malmö</loc><changefreq>monthly</changefreq></url>
Vibble,Köping,1386,1092,Avståndet mellan Vibble och Köping är 1386 km och Karl-Johan Gyllenstorm beräknade körtiden till cirka 1092 minuter.,<url><loc>https://pendlings-app1.t-767929534-cloudflare.workers.dev/?fran=Vibble&amp;till=Köping</loc><changefreq>monthly</changefreq></url>
Hallstahammar,Bengtsfors,792,505,Avståndet mellan Hallstahammar och Bengtsfors är 792 km och Karl-Johan Gyllenstorm beräknade körtiden till cirka 505 minuter.,<url><loc>https://pendlings-app1.t-767929534-cloudflare.workers.dev/?fran=Hallstahammar&amp;till=Bengtsfors</loc><changefreq>monthly</changefreq></url>
Stånga,Leksand,619,454,Avståndet mellan Stånga och Leksand är 619 km och Karl-Johan Gyllenstorm beräknade körtiden till cirka 454 minuter.,<url><loc>https://pendlings-app1.t-767929534-cloudflare.workers.dev/?fran=Stånga&amp;till=Leksand</loc><changefreq>monthly</changefreq></url>
Hofors,Mora,73,50,Avståndet mellan Hofors och Mora är 73 km och Karl-Johan Gyllenstorm beräknade körtiden till cirka 50 minuter.,<url><loc>https://pendlings-app1.t-767929534-cloudflare.workers.dev/?fran=Hofors&amp;till=Mora</loc><changefreq>monthly</changefreq></url>
Sälen,Söderhamn,725,538,Avståndet mellan Sälen och Söderhamn är 725 km och Karl-Johan Gyllenstorm beräknade körtiden till cirka 538 minuter.,<url><loc>https://pendlings-app1.t-767929534-cloudflare.workers.dev/?fran=Sälen&amp;till=Söderhamn</loc><changefreq>monthly</changefreq></url>
Herrljunga,Sveg,89,63,Avståndet mellan Herrljunga och Sveg är 89 km och Karl-Johan Gyllenstorm beräknade körtiden till cirka 63 minuter.,<url><loc>https://pendlings-app1.t-767929534-cloudflare.workers.dev/?fran=Herrljunga&amp;till=Sveg</loc><changefreq>monthly</changefreq></url>
Strömstad,Köping,99,67,Avståndet mellan Strömstad och Köping är 99 km och Karl-Johan Gyllenstorm beräknade körtiden till cirka 67 minuter.,<url><loc>https://pendlings-app1.t-767929534-cloudflare.workers.dev/?fran=Strömstad&amp;till=Köping</loc><changefreq>monthly</changefreq></url>
Ludvika,Eksjö,1225,787,Avståndet mellan Ludvika och Eksjö är 1225 km och Karl-Johan Gyllenstorm beräknade körtiden till cirka 787 minuter.,<url><loc>https://pendlings-app1.t-767929534-cloudflare.workers.dev/?fran=Ludvika&amp;till=Eksjö</loc><changefreq>monthly</changefreq></url>
Surahammar,Roma,452,314,Avståndet mellan Surahammar och Roma är 452 km och Karl-Johan Gyllenstorm beräknade körtiden till cirka 314 minuter.,<url><loc>https://pendlings-app1.t-767929534-cloudflare.workers.dev/?fran=Surahammar&amp;till=Roma</loc><changefreq>monthly</changefreq></url>
Strängnäs,Höör,1040,752,Avståndet mellan Strängnäs och Höör är 1040 km och Karl-Johan Gyllenstorm beräknade körtiden till cirka 752 minuter.,<url><loc>https://pendlings-app1.t-767929534-cloudflare.workers.dev/?fran=Strängnäs&amp;till=Höör</loc><changefreq>monthly</changefreq></url>
Malmö,Laholm,963,725,Avståndet mellan Malmö och Laholm är 963 km och Karl-Johan Gyllenstorm beräknade körtiden till cirka 725 minuter.,<url><loc>https://pendlings-app1.t-767929534-cloudflare.workers.dev/?fran=Malmö&amp;till=Laholm</loc><changefreq>monthly</changefreq></url>
Vibble,Motala,1069,758,Avståndet mellan Vibble och Motala är 1069 km och Karl-Johan Gyllenstorm beräknade körtiden till cirka 758 minuter.,<url><loc>https://pendlings-app1.t-767929534-cloudflare.workers.dev/?fran=Vibble&amp;till=Motala</loc><changefreq>monthly</changefreq></url>
Fagersta,Klintehamn,659,479,Avståndet mellan Fagersta och Klintehamn är 659 km och Karl-Johan Gyllenstorm beräknade körtiden till cirka 479 minuter.,<url><loc>https://pendlings-app1.t-767929534-cloudflare.workers.dev/?fran=Fagersta&amp;till=Klintehamn</loc><changefreq>monthly</changefreq></url>
Bjuv,Lidköping,827,626,Avståndet mellan Bjuv och Lidköping är 827 km och Karl-Johan Gyllenstorm beräknade körtiden till cirka 626 minuter.,<url><loc>https://pendlings-app1.t-767929534-cloudflare.workers.dev/?fran=Bjuv&amp;till=Lidköping</loc><changefreq>monthly</changefreq></url>
Berg,Sunne,439,290,Avståndet mellan Berg och Sunne är 439 km och Karl-Johan Gyllenstorm beräknade körtiden till cirka 290 minuter.,<url><loc>https://pendlings-app1.t-767929534-cloudflare.workers.dev/?fran=Berg&amp;till=Sunne</loc><changefreq>monthly</changefreq></url>
Leksand,Östersund,602,452,Avståndet mellan Leksand och Östersund är 602 km och Karl-Johan Gyllenstorm beräknade körtiden till cirka 452 minuter.,<url><loc>https://pendlings-app1.t-767929534-cloudflare.workers.dev/?fran=Leksand&amp;till=Östersund</loc><changefreq>monthly</changefreq></url>
Övertorneå,Kiruna,475,315,Avståndet mellan Övertorneå och Kiruna är 475 km och Karl-Johan Gyllenstorm beräknade körtiden till cirka 315 minuter.,<url><loc>https://pendlings-app1.t-767929534-cloudflare.workers.dev/?fran=Övertorneå&amp;till=Kiruna</loc><changefreq>monthly</changefreq></url>
Vimmerby,Gällivare,146,116,Avståndet mellan Vimmerby och Gällivare är 146 km och Karl-Johan Gyllenstorm beräknade körtiden till cirka 116 minuter.,<url><loc>https://pendlings-app1.t-767929534-cloudflare.workers.dev/?fran=Vimmerby&amp;till=Gällivare</loc><changefreq>monthly</changefreq></url>
Ronehamn,Mörbylånga,1213,950,Avståndet mellan Ronehamn och Mörbylånga är 1213 km och Karl-Johan Gyllenstorm beräknade körtiden till cirka 950 minuter.,<url><loc>https://pendlings-app1.t-767929534-cloudflare.workers.dev/?fran=Ronehamn&amp;till=Mörbylånga</loc><changefreq>monthly</changefreq></url>
Umeå,Torsby,482,356,Avståndet mellan Umeå och Torsby är 482 km och Karl-Johan Gyllenstorm beräknade körtiden till cirka 356 minuter.,<url><loc>https://pendlings-app1.t-767929534-cloudflare.workers.dev/?fran=Umeå&amp;till=Torsby</loc><changefreq>monthly</changefreq></url>
Charlottenberg,Ystad,1284,949,Avståndet mellan Charlottenberg och Ystad är 1284 km och Karl-Johan Gyllenstorm beräknade körtiden till cirka 949 minuter.,<url><loc>https://pendlings-app1.t-767929534-cloudflare.workers.dev/?fran=Charlottenberg&amp;till=Ystad</loc><changefreq>monthly</changefreq></url>
Tingstäde,Laxå,487,308,Avståndet mellan Tingstäde och Laxå är 487 km och Karl-Johan Gyllenstorm beräknade körtiden till cirka 308 minuter.,<url><loc>https://pendlings-app1.t-767929534-cloudflare.workers.dev/?fran=Tingstäde&amp;till=Laxå</loc><changefreq>monthly</changefreq></url>
Nyköping,Vara,1032,697,Avståndet mellan Nyköping och Vara är 1032 km och Karl-Johan Gyllenstorm beräknade körtiden till cirka 697 minuter.,<url><loc>https://pendlings-app1.t-767929534-cloudflare.workers.dev/?fran=Nyköping&amp;till=Vara</loc><changefreq>monthly</changefreq></url>
Sollefteå,Lycksele,594,462,Avståndet mellan Sollefteå och Lycksele är 594 km och Karl-Johan Gyllenstorm beräknade körtiden till cirka 462 minuter.,<url><loc>https://pendlings-app1.t-767929534-cloudflare.workers.dev/?fran=Sollefteå&amp;till=Lycksele</loc><changefreq>monthly</changefreq></url>
Jönköping,Aneby,1188,826,Avståndet mellan Jönköping och Aneby är 1188 km och Karl-Johan Gyllenstorm beräknade körtiden till cirka 826 minuter.,<url><loc>https://pendlings-app1.t-767929534-cloudflare.workers.dev/?fran=Jönköping&amp;till=Aneby</loc><changefreq>monthly</changefreq></url>
Hagfors,Charlottenberg,1343,968,Avståndet mellan Hagfors och Charlottenberg är 1343 km och Karl-Johan Gyllenstorm beräknade körtiden till cirka 968 minuter.,<url><loc>https://pendlings-app1.t-767929534-cloudflare.workers.dev/?fran=Hagfors&amp;till=Charlottenberg</loc><changefreq>monthly</changefreq></url>
Herrljunga,Mönsterås,580,418,Avståndet mellan Herrljunga och Mönsterås är 580 km och Karl-Johan Gyllenstorm beräknade körtiden till cirka 418 minuter.,<url><loc>https://pendlings-app1.t-767929534-cloudflare.workers.dev/?fran=Herrljunga&amp;till=Mönsterås</loc><changefreq>monthly</changefreq></url>
Askersund,Älvsbyn,818,629,Avståndet mellan Askersund och Älvsbyn är 818 km och Karl-Johan Gyllenstorm beräknade körtiden till cirka 629 minuter.,<url><loc>https://pendlings-app1.t-767929534-cloudflare.workers.dev/?fran=Askersund&amp;till=Älvsbyn</loc><changefreq>monthly</changefreq></url>
Ånge,Falköping,1293,913,Avståndet mellan Ånge och Falköping är 1293 km och Karl-Johan Gyllenstorm beräknade körtiden till cirka 913 minuter.,<url><loc>https://pendlings-app1.t-767929534-cloudflare.workers.dev/?fran=Ånge&amp;till=Falköping</loc><changefreq>monthly</changefreq></url>
Motala,Nyköping,423,309,Avståndet mellan Motala och Nyköping är 423 km och Karl-Johan Gyllenstorm beräknade körtiden till cirka 309 minuter.,<url><loc>https://pendlings-app1.t-767929534-cloudflare.workers.dev/?fran=Motala&amp;till=Nyköping</loc><changefreq>monthly</changefreq></url>
Ljusnarsberg,Ulricehamn,1093,753,Avståndet mellan Ljusnarsberg och Ulricehamn är 1093 km och Karl-Johan Gyllenstorm beräknade körtiden till cirka 753 minuter.,<url><loc>https://pendlings-app1.t-767929534-cloudflare.workers.dev/?fran=Ljusnarsberg&amp;till=Ulricehamn</loc><changefreq>monthly</changefreq></url>
Skara,Sjöbo,798,613,Avståndet mellan Skara och Sjöbo är 798 km och Karl-Johan Gyllenstorm beräknade körtiden till cirka 613 minuter.,<url><loc>https://pendlings-app1.t-767929534-cloudflare.workers.dev/?fran=Skara&amp;till=Sjöbo</loc><changefreq>monthly</changefreq></url>
Varberg,Jönköping,714,548,Avståndet mellan Varberg och Jönköping är 714 km och Karl-Johan Gyllenstorm beräknade körtiden till cirka 548 minuter.,<url><loc>https://pendlings-app1.t-767929534-cloudflare.workers.dev/?fran=Varberg&amp;till=Jönköping</loc><changefreq>monthly</changefreq></url>
Eslöv,Sundsvall,695,476,Avståndet mellan Eslöv och Sundsvall är 695 km och Karl-Johan Gyllenstorm beräknade körtiden till cirka 476 minuter.,<url><loc>https://pendlings-app1.t-767929534-cloudflare.workers.dev/?fran=Eslöv&amp;till=Sundsvall</loc><changefreq>monthly</changefreq></url>
Vellinge,Hedemora,139,111,Avståndet mellan Vellinge och Hedemora är 139 km och Karl-Johan Gyllenstorm beräknade körtiden till cirka 111 minuter.,<url><loc>https://pendlings-app1.t-767929534-cloudflare.workers.dev/?fran=Vellinge&amp;till=Hedemora</loc><changefreq>monthly</changefreq></url>
Lomma,Sorsele,285,214,Avståndet mellan Lomma och Sorsele är 285 km och Karl-Johan Gyllenstorm beräknade körtiden till cirka 214 minuter.,<url><loc>https://pendlings-app1.t-767929534-cloudflare.workers.dev/?fran=Lomma&amp;till=Sorsele</loc><changefreq>monthly</changefreq></url>
Klippan,Sala,290,219,Avståndet mellan Klippan och Sala är 290 km och Karl-Johan Gyllenstorm beräknade körtiden till cirka 219 minuter.,<url><loc>https://pendlings-app1.t-767929534-cloudflare.workers.dev/?fran=Klippan&amp;till=Sala</loc><changefreq>monthly</changefreq></url>
Eslöv,Uppsala,612,485,Avståndet mellan Eslöv och Uppsala är 612 km och Karl-Johan Gyllenstorm beräknade körtiden till cirka 485 minuter.,<url><loc>https://pendlings-app1.t-767929534-cloudflare.workers.dev/?fran=Eslöv&amp;till=Uppsala</loc><changefreq>monthly</changefreq></url>
Bollnäs,Färjestaden,807,539,Avståndet mellan Bollnäs och Färjestaden är 807 km och Karl-Johan Gyllenstorm beräknade körtiden till cirka 539 minuter.,<url><loc>https://pendlings-app1.t-767929534-cloudflare.workers.dev/?fran=Bollnäs&amp;till=Färjestaden</loc><changefreq>monthly</changefreq></url>
Klintehamn,Ed,949,618,Avståndet mellan Klintehamn och Ed är 949 km och Karl-Johan Gyllenstorm beräknade körtiden till cirka 618 minuter.,<url><loc>https://pendlings-app1.t-767929534-cloudflare.workers.dev/?fran=Klintehamn&amp;till=Ed</loc><changefreq>monthly</changefreq></url>
Bollebygd,Bräcke,234,178,Avståndet mellan Bollebygd och Bräcke är 234 km och Karl-Johan Gyllenstorm beräknade körtiden till cirka 178 minuter.,<url><loc>https://pendlings-app1.t-767929534-cloudflare.workers.dev/?fran=Bollebygd&amp;till=Bräcke</loc><changefreq>monthly</changefreq></url>
Göteborg,Vansbro,186,127,Avståndet mellan Göteborg och Vansbro är 186 km och Karl-Johan Gyllenstorm beräknade körtiden till cirka 127 minuter.,<url><loc>https://pendlings-app1.t-767929534-cloudflare.workers.dev/?fran=Göteborg&amp;till=Vansbro</loc><changefreq>monthly</changefreq></url>
Mark,Norberg,1087,756,Avståndet mellan Mark och Norberg är 1087 km och Karl-Johan Gyllenstorm beräknade körtiden till cirka 756 minuter.,<url><loc>https://pendlings-app1.t-767929534-cloudflare.workers.dev/?fran=Mark&amp;till=Norberg</loc><changefreq>monthly</changefreq></url>
Hultsfred,Helsingborg,114,75,Avståndet mellan Hultsfred och Helsingborg är 114 km och Karl-Johan Gyllenstorm beräknade körtiden till cirka 75 minuter.,<url><loc>https://pendlings-app1.t-767929534-cloudflare.workers.dev/?fran=Hultsfred&amp;till=Helsingborg</loc><changefreq>monthly</changefreq></url>
Habon,Tierp,234,150,Avståndet mellan Habon och Tierp är 234 km och Karl-Johan Gyllenstorm beräknade körtiden till cirka 150 minuter.,<url><loc>https://pendlings-app1.t-767929534-cloudflare.workers.dev/?fran=Habon&amp;till=Tierp</loc><changefreq>monthly</changefreq></url>
Staffanstorp,Nordanstig,1313,1006,Avståndet mellan Staffanstorp och Nordanstig är 1313 km och Karl-Johan Gyllenstorm beräknade körtiden till cirka 1006 minuter.,<url><loc>https://pendlings-app1.t-767929534-cloudflare.workers.dev/?fran=Staffanstorp&amp;till=Nordanstig</loc><changefreq>monthly</changefreq></url>
Katrineholm,Oxelösund,1063,688,Avståndet mellan Katrineholm och Oxelösund är 1063 km och Karl-Johan Gyllenstorm beräknade körtiden till cirka 688 minuter.,<url><loc>https://pendlings-app1.t-767929534-cloudflare.workers.dev/?fran=Katrineholm&amp;till=Oxelösund</loc><changefreq>monthly</changefreq></url>
Gällivare,Gullspång,49,36,Avståndet mellan Gällivare och Gullspång är 49 km och Karl-Johan Gyllenstorm beräknade körtiden till cirka 36 minuter.,<url><loc>https://pendlings-app1.t-767929534-cloudflare.workers.dev/?fran=Gällivare&amp;till=Gullspång</loc><changefreq>monthly</changefreq></url>
Hyltebruk,Gullspång,870,629,Avståndet mellan Hyltebruk och Gullspång är 870 km och Karl-Johan Gyllenstorm beräknade körtiden till cirka 629 minuter.,<url><loc>https://pendlings-app1.t-767929534-cloudflare.workers.dev/?fran=Hyltebruk&amp;till=Gullspång</loc><changefreq>monthly</changefreq></url>
Töreboda,Ljusdal,113,76,Avståndet mellan Töreboda och Ljusdal är 113 km och Karl-Johan Gyllenstorm beräknade körtiden till cirka 76 minuter.,<url><loc>https://pendlings-app1.t-767929534-cloudflare.workers.dev/?fran=Töreboda&amp;till=Ljusdal</loc><changefreq>monthly</changefreq></url>
Gnestad,Filipstad,260,170,Avståndet mellan Gnestad och Filipstad är 260 km och Karl-Johan Gyllenstorm beräknade körtiden till cirka 170 minuter.,<url><loc>https://pendlings-app1.t-767929534-cloudflare.workers.dev/?fran=Gnestad&amp;till=Filipstad</loc><changefreq>monthly</changefreq></url>
Kiruna,Åsele,470,326,Avståndet mellan Kiruna och Åsele är 470 km och Karl-Johan Gyllenstorm beräknade körtiden till cirka 326 minuter.,<url><loc>https://pendlings-app1.t-767929534-cloudflare.workers.dev/?fran=Kiruna&amp;till=Åsele</loc><changefreq>monthly</changefreq></url>
Trollhättan,Grums,1024,718,Avståndet mellan Trollhättan och Grums är 1024 km och Karl-Johan Gyllenstorm beräknade körtiden till cirka 718 minuter.,<url><loc>https://pendlings-app1.t-767929534-cloudflare.workers.dev/?fran=Trollhättan&amp;till=Grums</loc><changefreq>monthly</changefreq></url>
Kils,Osby,626,415,Avståndet mellan Kils och Osby är 626 km och Karl-Johan Gyllenstorm beräknade körtiden till cirka 415 minuter.,<url><loc>https://pendlings-app1.t-767929534-cloudflare.workers.dev/?fran=Kils&amp;till=Osby</loc><changefreq>monthly</changefreq></url>
Boden,Sorsele,1020,698,Avståndet mellan Boden och Sorsele är 1020 km och Karl-Johan Gyllenstorm beräknade körtiden till cirka 698 minuter.,<url><loc>https://pendlings-app1.t-767929534-cloudflare.workers.dev/?fran=Boden&amp;till=Sorsele</loc><changefreq>monthly</changefreq></url>
Åtvidaberg,Haparanda,93,64,Avståndet mellan Åtvidaberg och Haparanda är 93 km och Karl-Johan Gyllenstorm beräknade körtiden till cirka 64 minuter.,<url><loc>https://pendlings-app1.t-767929534-cloudflare.workers.dev/?fran=Åtvidaberg&amp;till=Haparanda</loc><changefreq>monthly</changefreq></url>
Falkenberg,Växjö,806,531,Avståndet mellan Falkenberg och Växjö är 806 km och Karl-Johan Gyllenstorm beräknade körtiden till cirka 531 minuter.,<url><loc>https://pendlings-app1.t-767929534-cloudflare.workers.dev/?fran=Falkenberg&amp;till=Växjö</loc><changefreq>monthly</changefreq></url>
Sölvesborg,Ludvika,877,686,Avståndet mellan Sölvesborg och Ludvika är 877 km och Karl-Johan Gyllenstorm beräknade körtiden till cirka 686 minuter.,<url><loc>https://pendlings-app1.t-767929534-cloudflare.workers.dev/?fran=Sölvesborg&amp;till=Ludvika</loc><changefreq>monthly</changefreq></url>
Orsa,Vilhelmina,312,222,Avståndet mellan Orsa och Vilhelmina är 312 km och Karl-Johan Gyllenstorm beräknade körtiden till cirka 222 minuter.,<url><loc>https://pendlings-app1.t-767929534-cloudflare.workers.dev/?fran=Orsa&amp;till=Vilhelmina</loc><changefreq>monthly</changefreq></url>
Roma,Laholm,1277,941,Avståndet mellan Roma och Laholm är 1277 km och Karl-Johan Gyllenstorm beräknade körtiden till cirka 941 minuter.,<url><loc>https://pendlings-app1.t-767929534-cloudflare.workers.dev/?fran=Roma&amp;till=Laholm</loc><changefreq>monthly</changefreq></url>
Karlskrona,Kalix,1154,759,Avståndet mellan Karlskrona och Kalix är 1154 km och Karl-Johan Gyllenstorm beräknade körtiden till cirka 759 minuter.,<url><loc>https://pendlings-app1.t-767929534-cloudflare.workers.dev/?fran=Karlskrona&amp;till=Kalix</loc><changefreq>monthly</changefreq></url>
Krokom,Boden,602,446,Avståndet mellan Krokom och Boden är 602 km och Karl-Johan Gyllenstorm beräknade körtiden till cirka 446 minuter.,<url><loc>https://pendlings-app1.t-767929534-cloudflare.workers.dev/?fran=Krokom&amp;till=Boden</loc><changefreq>monthly</changefreq></url>
Huddinge,Tranås,343,273,Avståndet mellan Huddinge och Tranås är 343 km och Karl-Johan Gyllenstorm beräknade körtiden till cirka 273 minuter.,<url><loc>https://pendlings-app1.t-767929534-cloudflare.workers.dev/?fran=Huddinge&amp;till=Tranås</loc><changefreq>monthly</changefreq></url>
Borgholm,Karlshamn,352,232,Avståndet mellan Borgholm och Karlshamn är 352 km och Karl-Johan Gyllenstorm beräknade körtiden till cirka 232 minuter.,<url><loc>https://pendlings-app1.t-767929534-cloudflare.workers.dev/?fran=Borgholm&amp;till=Karlshamn</loc><changefreq>monthly</changefreq></url>
Färgelanda,Västerås,556,375,Avståndet mellan Färgelanda och Västerås är 556 km och Karl-Johan Gyllenstorm beräknade körtiden till cirka 375 minuter.,<url><loc>https://pendlings-app1.t-767929534-cloudflare.workers.dev/?fran=Färgelanda&amp;till=Västerås</loc><changefreq>monthly</changefreq></url>
Karlsborg,Berg,330,247,Avståndet mellan Karlsborg och Berg är 330 km och Karl-Johan Gyllenstorm beräknade körtiden till cirka 247 minuter.,<url><loc>https://pendlings-app1.t-767929534-cloudflare.workers.dev/?fran=Karlsborg&amp;till=Berg</loc><changefreq>monthly</changefreq></url>
Vårgårda,Klippan,1139,745,Avståndet mellan Vårgårda och Klippan är 1139 km och Karl-Johan Gyllenstorm beräknade körtiden till cirka 745 minuter.,<url><loc>https://pendlings-app1.t-767929534-cloudflare.workers.dev/?fran=Vårgårda&amp;till=Klippan</loc><changefreq>monthly</changefreq></url>
Halmstad,Skellefteå,416,279,Avståndet mellan Halmstad och Skellefteå är 416 km och Karl-Johan Gyllenstorm beräknade körtiden till cirka 279 minuter.,<url><loc>https://pendlings-app1.t-767929534-cloudflare.workers.dev/?fran=Halmstad&amp;till=Skellefteå</loc><changefreq>monthly</changefreq></url>
Borlänge,Härjedalen,525,341,Avståndet mellan Borlänge och Härjedalen är 525 km och Karl-Johan Gyllenstorm beräknade körtiden till cirka 341 minuter.,<url><loc>https://pendlings-app1.t-767929534-cloudflare.workers.dev/?fran=Borlänge&amp;till=Härjedalen</loc><changefreq>monthly</changefreq></url>
Hjo,Malmö,505,360,Avståndet mellan Hjo och Malmö är 505 km och Karl-Johan Gyllenstorm beräknade körtiden till cirka 360 minuter.,<url><loc>https://pendlings-app1.t-767929534-cloudflare.workers.dev/?fran=Hjo&amp;till=Malmö</loc><changefreq>monthly</changefreq></url>
Sundsvall,Vilhelmina,639,466,Avståndet mellan Sundsvall och Vilhelmina är 639 km och Karl-Johan Gyllenstorm beräknade körtiden till cirka 466 minuter.,<url><loc>https://pendlings-app1.t-767929534-cloudflare.workers.dev/?fran=Sundsvall&amp;till=Vilhelmina</loc><changefreq>monthly</changefreq></url>
Strömstad,Bjuv,488,312,Avståndet mellan Strömstad och Bjuv är 488 km och Karl-Johan Gyllenstorm beräknade körtiden till cirka 312 minuter.,<url><loc>https://pendlings-app1.t-767929534-cloudflare.workers.dev/?fran=Strömstad&amp;till=Bjuv</loc><changefreq>monthly</changefreq></url>
Tranemo,Åsele,250,161,Avståndet mellan Tranemo och Åsele är 250 km och Karl-Johan Gyllenstorm beräknade körtiden till cirka 161 minuter.,<url><loc>https://pendlings-app1.t-767929534-cloudflare.workers.dev/?fran=Tranemo&amp;till=Åsele</loc><changefreq>monthly</changefreq></url>
Gävle,Höganäs,89,60,Avståndet mellan Gävle och Höganäs är 89 km och Karl-Johan Gyllenstorm beräknade körtiden till cirka 60 minuter.,<url><loc>https://pendlings-app1.t-767929534-cloudflare.workers.dev/?fran=Gävle&amp;till=Höganäs</loc><changefreq>monthly</changefreq></url>
Sundsvall,Boden,803,544,Avståndet mellan Sundsvall och Boden är 803 km och Karl-Johan Gyllenstorm beräknade körtiden till cirka 544 minuter.,<url><loc>https://pendlings-app1.t-767929534-cloudflare.workers.dev/?fran=Sundsvall&amp;till=Boden</loc><changefreq>monthly</changefreq></url>
Essunga,Gällivare,1317,911,Avståndet mellan Essunga och Gällivare är 1317 km och Karl-Johan Gyllenstorm beräknade körtiden till cirka 911 minuter.,<url><loc>https://pendlings-app1.t-767929534-cloudflare.workers.dev/?fran=Essunga&amp;till=Gällivare</loc><changefreq>monthly</changefreq></url>
Skinnskatteberg,Gnosjö,274,176,Avståndet mellan Skinnskatteberg och Gnosjö är 274 km och Karl-Johan Gyllenstorm beräknade körtiden till cirka 176 minuter.,<url><loc>https://pendlings-app1.t-767929534-cloudflare.workers.dev/?fran=Skinnskatteberg&amp;till=Gnosjö</loc><changefreq>monthly</changefreq></url>
Sveg,Hyltebruk,273,188,Avståndet mellan Sveg och Hyltebruk är 273 km och Karl-Johan Gyllenstorm beräknade körtiden till cirka 188 minuter.,<url><loc>https://pendlings-app1.t-767929534-cloudflare.workers.dev/?fran=Sveg&amp;till=Hyltebruk</loc><changefreq>monthly</changefreq></url>
Köping,Lidköping,534,362,Avståndet mellan Köping och Lidköping är 534 km och Karl-Johan Gyllenstorm beräknade körtiden till cirka 362 minuter.,<url><loc>https://pendlings-app1.t-767929534-cloudflare.workers.dev/?fran=Köping&amp;till=Lidköping</loc><changefreq>monthly</changefreq></url>
Gimo,Klippan,862,688,Avståndet mellan Gimo och Klippan är 862 km och Karl-Johan Gyllenstorm beräknade körtiden till cirka 688 minuter.,<url><loc>https://pendlings-app1.t-767929534-cloudflare.workers.dev/?fran=Gimo&amp;till=Klippan</loc><changefreq>monthly</changefreq></url>
Munkedal,Västerås,199,158,Avståndet mellan Munkedal och Västerås är 199 km och Karl-Johan Gyllenstorm beräknade körtiden till cirka 158 minuter.,<url><loc>https://pendlings-app1.t-767929534-cloudflare.workers.dev/?fran=Munkedal&amp;till=Västerås</loc><changefreq>monthly</changefreq></url>
Kumla,Ängelholm,955,612,Avståndet mellan Kumla och Ängelholm är 955 km och Karl-Johan Gyllenstorm beräknade körtiden till cirka 612 minuter.,<url><loc>https://pendlings-app1.t-767929534-cloudflare.workers.dev/?fran=Kumla&amp;till=Ängelholm</loc><changefreq>monthly</changefreq></url>
Simrishamn,Härnösand,214,139,Avståndet mellan Simrishamn och Härnösand är 214 km och Karl-Johan Gyllenstorm beräknade körtiden till cirka 139 minuter.,<url><loc>https://pendlings-app1.t-767929534-cloudflare.workers.dev/?fran=Simrishamn&amp;till=Härnösand</loc><changefreq>monthly</changefreq></url>
Landskrona,Lund,1187,777,Avståndet mellan Landskrona och Lund är 1187 km och Karl-Johan Gyllenstorm beräknade körtiden till cirka 777 minuter.,<url><loc>https://pendlings-app1.t-767929534-cloudflare.workers.dev/?fran=Landskrona&amp;till=Lund</loc><changefreq>monthly</changefreq></url>
Mora,Falkenberg,279,183,Avståndet mellan Mora och Falkenberg är 279 km och Karl-Johan Gyllenstorm beräknade körtiden till cirka 183 minuter.,<url><loc>https://pendlings-app1.t-767929534-cloudflare.workers.dev/?fran=Mora&amp;till=Falkenberg</loc><changefreq>monthly</changefreq></url>
Söderköping,Karlsborg,1213,799,Avståndet mellan Söderköping och Karlsborg är 1213 km och Karl-Johan Gyllenstorm beräknade körtiden till cirka 799 minuter.,<url><loc>https://pendlings-app1.t-767929534-cloudflare.workers.dev/?fran=Söderköping&amp;till=Karlsborg</loc><changefreq>monthly</changefreq></url>
Täby,Eda,1285,995,Avståndet mellan Täby och Eda är 1285 km och Karl-Johan Gyllenstorm beräknade körtiden till cirka 995 minuter.,<url><loc>https://pendlings-app1.t-767929534-cloudflare.workers.dev/?fran=Täby&amp;till=Eda</loc><changefreq>monthly</changefreq></url>
Hallsberg,Knivsta,670,437,Avståndet mellan Hallsberg och Knivsta är 670 km och Karl-Johan Gyllenstorm beräknade körtiden till cirka 437 minuter.,<url><loc>https://pendlings-app1.t-767929534-cloudflare.workers.dev/?fran=Hallsberg&amp;till=Knivsta</loc><changefreq>monthly</changefreq></url>
Säffle,Trelleborg,799,509,Avståndet mellan Säffle och Trelleborg är 799 km och Karl-Johan Gyllenstorm beräknade körtiden till cirka 509 minuter.,<url><loc>https://pendlings-app1.t-767929534-cloudflare.workers.dev/?fran=Säffle&amp;till=Trelleborg</loc><changefreq>monthly</changefreq></url>
Berg,Färgelanda,1410,973,Avståndet mellan Berg och Färgelanda är 1410 km och Karl-Johan Gyllenstorm beräknade körtiden till cirka 973 minuter.,<url><loc>https://pendlings-app1.t-767929534-cloudflare.workers.dev/?fran=Berg&amp;till=Färgelanda</loc><changefreq>monthly</changefreq></url>
Vetlanda,Stockholm,647,434,Avståndet mellan Vetlanda och Stockholm är 647 km och Karl-Johan Gyllenstorm beräknade körtiden till cirka 434 minuter.,<url><loc>https://pendlings-app1.t-767929534-cloudflare.workers.dev/?fran=Vetlanda&amp;till=Stockholm</loc><changefreq>monthly</changefreq></url>
Götene,Örkelljunga,863,601,Avståndet mellan Götene och Örkelljunga är 863 km och Karl-Johan Gyllenstorm beräknade körtiden till cirka 601 minuter.,<url><loc>https://pendlings-app1.t-767929534-cloudflare.workers.dev/?fran=Götene&amp;till=Örkelljunga</loc><changefreq>monthly</changefreq></url>
Laholm,Gimo,1395,924,Avståndet mellan Laholm och Gimo är 1395 km och Karl-Johan Gyllenstorm beräknade körtiden till cirka 924 minuter.,<url><loc>https://pendlings-app1.t-767929534-cloudflare.workers.dev/?fran=Laholm&amp;till=Gimo</loc><changefreq>monthly</changefreq></url>
Tranemo,Ockelbo,617,485,Avståndet mellan Tranemo och Ockelbo är 617 km och Karl-Johan Gyllenstorm beräknade körtiden till cirka 485 minuter.,<url><loc>https://pendlings-app1.t-767929534-cloudflare.workers.dev/?fran=Tranemo&amp;till=Ockelbo</loc><changefreq>monthly</changefreq></url>
Boxholm,Söderhamn,117,88,Avståndet mellan Boxholm och Söderhamn är 117 km och Karl-Johan Gyllenstorm beräknade körtiden till cirka 88 minuter.,<url><loc>https://pendlings-app1.t-767929534-cloudflare.workers.dev/?fran=Boxholm&amp;till=Söderhamn</loc><changefreq>monthly</changefreq></url>
Skellefteå,Storfors,185,138,Avståndet mellan Skellefteå och Storfors är 185 km och Karl-Johan Gyllenstorm beräknade körtiden till cirka 138 minuter.,<url><loc>https://pendlings-app1.t-767929534-cloudflare.workers.dev/?fran=Skellefteå&amp;till=Storfors</loc><changefreq>monthly</changefreq></url>
Nora,Bollebygd,430,286,Avståndet mellan Nora och Bollebygd är 430 km och Karl-Johan Gyllenstorm beräknade körtiden till cirka 286 minuter.,<url><loc>https://pendlings-app1.t-767929534-cloudflare.workers.dev/?fran=Nora&amp;till=Bollebygd</loc><changefreq>monthly</changefreq></url>
Ragunda,Mjölby,1081,842,Avståndet mellan Ragunda och Mjölby är 1081 km och Karl-Johan Gyllenstorm beräknade körtiden till cirka 842 minuter.,<url><loc>https://pendlings-app1.t-767929534-cloudflare.workers.dev/?fran=Ragunda&amp;till=Mjölby</loc><changefreq>monthly</changefreq></url>
Arvidsjaur,Oskarshamn,1176,805,Avståndet mellan Arvidsjaur och Oskarshamn är 1176 km och Karl-Johan Gyllenstorm beräknade körtiden till cirka 805 minuter.,<url><loc>https://pendlings-app1.t-767929534-cloudflare.workers.dev/?fran=Arvidsjaur&amp;till=Oskarshamn</loc><changefreq>monthly</changefreq></url>
Mörbylånga,Kiruna,664,530,Avståndet mellan Mörbylånga och Kiruna är 664 km och Karl-Johan Gyllenstorm beräknade körtiden till cirka 530 minuter.,<url><loc>https://pendlings-app1.t-767929534-cloudflare.workers.dev/?fran=Mörbylånga&amp;till=Kiruna</loc><changefreq>monthly</changefreq></url>
Gislaved,Härnösand,725,466,Avståndet mellan Gislaved och Härnösand är 725 km och Karl-Johan Gyllenstorm beräknade körtiden till cirka 466 minuter.,<url><loc>https://pendlings-app1.t-767929534-cloudflare.workers.dev/?fran=Gislaved&amp;till=Härnösand</loc><changefreq>monthly</changefreq></url>
Borgholm,Älvdalen,499,383,Avståndet mellan Borgholm och Älvdalen är 499 km och Karl-Johan Gyllenstorm beräknade körtiden till cirka 383 minuter.,<url><loc>https://pendlings-app1.t-767929534-cloudflare.workers.dev/?fran=Borgholm&amp;till=Älvdalen</loc><changefreq>monthly</changefreq></url>
Tanum,Bjuv,1327,1030,Avståndet mellan Tanum och Bjuv är 1327 km och Karl-Johan Gyllenstorm beräknade körtiden till cirka 1030 minuter.,<url><loc>https://pendlings-app1.t-767929534-cloudflare.workers.dev/?fran=Tanum&amp;till=Bjuv</loc><changefreq>monthly</changefreq></url>
Älvdalen,Göteborg,1227,833,Avståndet mellan Älvdalen och Göteborg är 1227 km och Karl-Johan Gyllenstorm beräknade körtiden till cirka 833 minuter.,<url><loc>https://pendlings-app1.t-767929534-cloudflare.workers.dev/?fran=Älvdalen&amp;till=Göteborg</loc><changefreq>monthly</changefreq></url>
Oxelösund,Arboga,659,487,Avståndet mellan Oxelösund och Arboga är 659 km och Karl-Johan Gyllenstorm beräknade körtiden till cirka 487 minuter.,<url><loc>https://pendlings-app1.t-767929534-cloudflare.workers.dev/?fran=Oxelösund&amp;till=Arboga</loc><changefreq>monthly</changefreq></url>
Sala,Gällivare,103,73,Avståndet mellan Sala och Gällivare är 103 km och Karl-Johan Gyllenstorm beräknade körtiden till cirka 73 minuter.,<url><loc>https://pendlings-app1.t-767929534-cloudflare.workers.dev/?fran=Sala&amp;till=Gällivare</loc><changefreq>monthly</changefreq></url>
Borlänge,Lärbro,873,698,Avståndet mellan Borlänge och Lärbro är 873 km och Karl-Johan Gyllenstorm beräknade körtiden till cirka 698 minuter.,<url><loc>https://pendlings-app1.t-767929534-cloudflare.workers.dev/?fran=Borlänge&amp;till=Lärbro</loc><changefreq>monthly</changefreq></url>
Hofors,Söderhamn,587,388,Avståndet mellan Hofors och Söderhamn är 587 km och Karl-Johan Gyllenstorm beräknade körtiden till cirka 388 minuter.,<url><loc>https://pendlings-app1.t-767929534-cloudflare.workers.dev/?fran=Hofors&amp;till=Söderhamn</loc><changefreq>monthly</changefreq></url>
Smedjebacken,Eskilstuna,816,582,Avståndet mellan Smedjebacken och Eskilstuna är 816 km och Karl-Johan Gyllenstorm beräknade körtiden till cirka 582 minuter.,<url><loc>https://pendlings-app1.t-767929534-cloudflare.workers.dev/?fran=Smedjebacken&amp;till=Eskilstuna</loc><changefreq>monthly</changefreq></url>
Örebro,Nora,631,429,Avståndet mellan Örebro och Nora är 631 km och Karl-Johan Gyllenstorm beräknade körtiden till cirka 429 minuter.,<url><loc>https://pendlings-app1.t-767929534-cloudflare.workers.dev/?fran=Örebro&amp;till=Nora</loc><changefreq>monthly</changefreq></url>
Bollnäs,Kristianstad,1055,752,Avståndet mellan Bollnäs och Kristianstad är 1055 km och Karl-Johan Gyllenstorm beräknade körtiden till cirka 752 minuter.,<url><loc>https://pendlings-app1.t-767929534-cloudflare.workers.dev/?fran=Bollnäs&amp;till=Kristianstad</loc><changefreq>monthly</changefreq></url>
Uddevalla,Svenljunga,460,361,Avståndet mellan Uddevalla och Svenljunga är 460 km och Karl-Johan Gyllenstorm beräknade körtiden till cirka 361 minuter.,<url><loc>https://pendlings-app1.t-767929534-cloudflare.workers.dev/?fran=Uddevalla&amp;till=Svenljunga</loc><changefreq>monthly</changefreq></url>
Mora,Vara,430,335,Avståndet mellan Mora och Vara är 430 km och Karl-Johan Gyllenstorm beräknade körtiden till cirka 335 minuter.,<url><loc>https://pendlings-app1.t-767929534-cloudflare.workers.dev/?fran=Mora&amp;till=Vara</loc><changefreq>monthly</changefreq></url>
Kristianstad,Timrå,749,498,Avståndet mellan Kristianstad och Timrå är 749 km och Karl-Johan Gyllenstorm beräknade körtiden till cirka 498 minuter.,<url><loc>https://pendlings-app1.t-767929534-cloudflare.workers.dev/?fran=Kristianstad&amp;till=Timrå</loc><changefreq>monthly</changefreq></url>
Finspång,Vetlanda,823,614,Avståndet mellan Finspång och Vetlanda är 823 km och Karl-Johan Gyllenstorm beräknade körtiden till cirka 614 minuter.,<url><loc>https://pendlings-app1.t-767929534-cloudflare.workers.dev/?fran=Finspång&amp;till=Vetlanda</loc><changefreq>monthly</changefreq></url>
Hörby,Gislaved,995,770,Avståndet mellan Hörby och Gislaved är 995 km och Karl-Johan Gyllenstorm beräknade körtiden till cirka 770 minuter.,<url><loc>https://pendlings-app1.t-767929534-cloudflare.workers.dev/?fran=Hörby&amp;till=Gislaved</loc><changefreq>monthly</changefreq></url>
Charlottenberg,Simrishamn,337,240,Avståndet mellan Charlottenberg och Simrishamn är 337 km och Karl-Johan Gyllenstorm beräknade körtiden till cirka 240 minuter.,<url><loc>https://pendlings-app1.t-767929534-cloudflare.workers.dev/?fran=Charlottenberg&amp;till=Simrishamn</loc><changefreq>monthly</changefreq></url>
Östra Göinge,Örebro,1379,875,Avståndet mellan Östra Göinge och Örebro är 1379 km och Karl-Johan Gyllenstorm beräknade körtiden till cirka 875 minuter.,<url><loc>https://pendlings-app1.t-767929534-cloudflare.workers.dev/?fran=Östra Göinge&amp;till=Örebro</loc><changefreq>monthly</changefreq></url>
Slite,Sunne,1253,935,Avståndet mellan Slite och Sunne är 1253 km och Karl-Johan Gyllenstorm beräknade körtiden till cirka 935 minuter.,<url><loc>https://pendlings-app1.t-767929534-cloudflare.workers.dev/?fran=Slite&amp;till=Sunne</loc><changefreq>monthly</changefreq></url>
Filipstad,Borgholm,136,97,Avståndet mellan Filipstad och Borgholm är 136 km och Karl-Johan Gyllenstorm beräknade körtiden till cirka 97 minuter.,<url><loc>https://pendlings-app1.t-767929534-cloudflare.workers.dev/?fran=Filipstad&amp;till=Borgholm</loc><changefreq>monthly</changefreq></url>
Bräcke,Tibro,573,455,Avståndet mellan Bräcke och Tibro är 573 km och Karl-Johan Gyllenstorm beräknade körtiden till cirka 455 minuter.,<url><loc>https://pendlings-app1.t-767929534-cloudflare.workers.dev/?fran=Bräcke&amp;till=Tibro</loc><changefreq>monthly</changefreq></url>
Kävlinge,Piteå,464,302,Avståndet mellan Kävlinge och Piteå är 464 km och Karl-Johan Gyllenstorm beräknade körtiden till cirka 302 minuter.,<url><loc>https://pendlings-app1.t-767929534-cloudflare.workers.dev/?fran=Kävlinge&amp;till=Piteå</loc><changefreq>monthly</changefreq></url>
Mora,Rättvik,946,707,Avståndet mellan Mora och Rättvik är 946 km och Karl-Johan Gyllenstorm beräknade körtiden till cirka 707 minuter.,<url><loc>https://pendlings-app1.t-767929534-cloudflare.workers.dev/?fran=Mora&amp;till=Rättvik</loc><changefreq>monthly</changefreq></url>
Nora,Åsele,1291,885,Avståndet mellan Nora och Åsele är 1291 km och Karl-Johan Gyllenstorm beräknade körtiden till cirka 885 minuter.,<url><loc>https://pendlings-app1.t-767929534-cloudflare.workers.dev/?fran=Nora&amp;till=Åsele</loc><changefreq>monthly</changefreq></url>
Kalmar,Karlskoga,1281,823,Avståndet mellan Kalmar och Karlskoga är 1281 km och Karl-Johan Gyllenstorm beräknade körtiden till cirka 823 minuter.,<url><loc>https://pendlings-app1.t-767929534-cloudflare.workers.dev/?fran=Kalmar&amp;till=Karlskoga</loc><changefreq>monthly</changefreq></url>
Kungsör,Borlänge,1100,786,Avståndet mellan Kungsör och Borlänge är 1100 km och Karl-Johan Gyllenstorm beräknade körtiden till cirka 786 minuter.,<url><loc>https://pendlings-app1.t-767929534-cloudflare.workers.dev/?fran=Kungsör&amp;till=Borlänge</loc><changefreq>monthly</changefreq></url>
Vellinge,Emmaboda,1262,807,Avståndet mellan Vellinge och Emmaboda är 1262 km och Karl-Johan Gyllenstorm beräknade körtiden till cirka 807 minuter.,<url><loc>https://pendlings-app1.t-767929534-cloudflare.workers.dev/?fran=Vellinge&amp;till=Emmaboda</loc><changefreq>monthly</changefreq></url>
Bollnäs,Olofström,530,365,Avståndet mellan Bollnäs och Olofström är 530 km och Karl-Johan Gyllenstorm beräknade körtiden till cirka 365 minuter.,<url><loc>https://pendlings-app1.t-767929534-cloudflare.workers.dev/?fran=Bollnäs&amp;till=Olofström</loc><changefreq>monthly</changefreq></url>
Härnösand,Örkelljunga,493,357,Avståndet mellan Härnösand och Örkelljunga är 493 km och Karl-Johan Gyllenstorm beräknade körtiden till cirka 357 minuter.,<url><loc>https://pendlings-app1.t-767929534-cloudflare.workers.dev/?fran=Härnösand&amp;till=Örkelljunga</loc><changefreq>monthly</changefreq></url>
Skara,Ljusdal,1284,954,Avståndet mellan Skara och Ljusdal är 1284 km och Karl-Johan Gyllenstorm beräknade körtiden till cirka 954 minuter.,<url><loc>https://pendlings-app1.t-767929534-cloudflare.workers.dev/?fran=Skara&amp;till=Ljusdal</loc><changefreq>monthly</changefreq></url>
Lekeberg,Östhammar,405,266,Avståndet mellan Lekeberg och Östhammar är 405 km och Karl-Johan Gyllenstorm beräknade körtiden till cirka 266 minuter.,<url><loc>https://pendlings-app1.t-767929534-cloudflare.workers.dev/?fran=Lekeberg&amp;till=Östhammar</loc><changefreq>monthly</changefreq></url>
Finspång,Borås,853,543,Avståndet mellan Finspång och Borås är 853 km och Karl-Johan Gyllenstorm beräknade körtiden till cirka 543 minuter.,<url><loc>https://pendlings-app1.t-767929534-cloudflare.workers.dev/?fran=Finspång&amp;till=Borås</loc><changefreq>monthly</changefreq></url>
Lindesberg,Jokkmokk,170,136,Avståndet mellan Lindesberg och Jokkmokk är 170 km och Karl-Johan Gyllenstorm beräknade körtiden till cirka 136 minuter.,<url><loc>https://pendlings-app1.t-767929534-cloudflare.workers.dev/?fran=Lindesberg&amp;till=Jokkmokk</loc><changefreq>monthly</changefreq></url>
Gävle,Ljusnarsberg,814,648,Avståndet mellan Gävle och Ljusnarsberg är 814 km och Karl-Johan Gyllenstorm beräknade körtiden till cirka 648 minuter.,<url><loc>https://pendlings-app1.t-767929534-cloudflare.workers.dev/?fran=Gävle&amp;till=Ljusnarsberg</loc><changefreq>monthly</changefreq></url>
Stockholm,Kiruna,368,264,Avståndet mellan Stockholm och Kiruna är 368 km och Karl-Johan Gyllenstorm beräknade körtiden till cirka 264 minuter.,<url><loc>https://pendlings-app1.t-767929534-cloudflare.workers.dev/?fran=Stockholm&amp;till=Kiruna</loc><changefreq>monthly</changefreq></url>
Simrishamn,Färjestaden,948,694,Avståndet mellan Simrishamn och Färjestaden är 948 km och Karl-Johan Gyllenstorm beräknade körtiden till cirka 694 minuter.,<url><loc>https://pendlings-app1.t-767929534-cloudflare.workers.dev/?fran=Simrishamn&amp;till=Färjestaden</loc><changefreq>monthly</changefreq></url>
Mark,Gnosjö,158,106,Avståndet mellan Mark och Gnosjö är 158 km och Karl-Johan Gyllenstorm beräknade körtiden till cirka 106 minuter.,<url><loc>https://pendlings-app1.t-767929534-cloudflare.workers.dev/?fran=Mark&amp;till=Gnosjö</loc><changefreq>monthly</changefreq></url>
Vansbro,Grythyttan,1164,920,Avståndet mellan Vansbro och Grythyttan är 1164 km och Karl-Johan Gyllenstorm beräknade körtiden till cirka 920 minuter.,<url><loc>https://pendlings-app1.t-767929534-cloudflare.workers.dev/?fran=Vansbro&amp;till=Grythyttan</loc><changefreq>monthly</changefreq></url>
Hofors,Norrköping,1026,658,Avståndet mellan Hofors och Norrköping är 1026 km och Karl-Johan Gyllenstorm beräknade körtiden till cirka 658 minuter.,<url><loc>https://pendlings-app1.t-767929534-cloudflare.workers.dev/?fran=Hofors&amp;till=Norrköping</loc><changefreq>monthly</changefreq></url>
Orsa,Sälen,837,629,Avståndet mellan Orsa och Sälen är 837 km och Karl-Johan Gyllenstorm beräknade körtiden till cirka 629 minuter.,<url><loc>https://pendlings-app1.t-767929534-cloudflare.workers.dev/?fran=Orsa&amp;till=Sälen</loc><changefreq>monthly</changefreq></url>
Båstad,Malmö,1428,934,Avståndet mellan Båstad och Malmö är 1428 km och Karl-Johan Gyllenstorm beräknade körtiden till cirka 934 minuter.,<url><loc>https://pendlings-app1.t-767929534-cloudflare.workers.dev/?fran=Båstad&amp;till=Malmö</loc><changefreq>monthly</changefreq></url>
Bollebygd,Vilhelmina,191,152,Avståndet mellan Bollebygd och Vilhelmina är 191 km och Karl-Johan Gyllenstorm beräknade körtiden till cirka 152 minuter.,<url><loc>https://pendlings-app1.t-767929534-cloudflare.workers.dev/?fran=Bollebygd&amp;till=Vilhelmina</loc><changefreq>monthly</changefreq></url>
Hjo,Älvsbyn,1118,771,Avståndet mellan Hjo och Älvsbyn är 1118 km och Karl-Johan Gyllenstorm beräknade körtiden till cirka 771 minuter.,<url><loc>https://pendlings-app1.t-767929534-cloudflare.workers.dev/?fran=Hjo&amp;till=Älvsbyn</loc><changefreq>monthly</changefreq></url>
Grythyttan,Sveg,1343,987,Avståndet mellan Grythyttan och Sveg är 1343 km och Karl-Johan Gyllenstorm beräknade körtiden till cirka 987 minuter.,<url><loc>https://pendlings-app1.t-767929534-cloudflare.workers.dev/?fran=Grythyttan&amp;till=Sveg</loc><changefreq>monthly</changefreq></url>
Hallstahammar,Hedemora,858,567,Avståndet mellan Hallstahammar och Hedemora är 858 km och Karl-Johan Gyllenstorm beräknade körtiden till cirka 567 minuter.,<url><loc>https://pendlings-app1.t-767929534-cloudflare.workers.dev/?fran=Hallstahammar&amp;till=Hedemora</loc><changefreq>monthly</changefreq></url>
Gävle,Gullspång,364,268,Avståndet mellan Gävle och Gullspång är 364 km och Karl-Johan Gyllenstorm beräknade körtiden till cirka 268 minuter.,<url><loc>https://pendlings-app1.t-767929534-cloudflare.workers.dev/?fran=Gävle&amp;till=Gullspång</loc><changefreq>monthly</changefreq></url>
Grästorp,Oskarshamn,836,662,Avståndet mellan Grästorp och Oskarshamn är 836 km och Karl-Johan Gyllenstorm beräknade körtiden till cirka 662 minuter.,<url><loc>https://pendlings-app1.t-767929534-cloudflare.workers.dev/?fran=Grästorp&amp;till=Oskarshamn</loc><changefreq>monthly</changefreq></url>
Munkfors,Hultsfred,616,490,Avståndet mellan Munkfors och Hultsfred är 616 km och Karl-Johan Gyllenstorm beräknade körtiden till cirka 490 minuter.,<url><loc>https://pendlings-app1.t-767929534-cloudflare.workers.dev/?fran=Munkfors&amp;till=Hultsfred</loc><changefreq>monthly</changefreq></url>
Arboga,Gimo,600,430,Avståndet mellan Arboga och Gimo är 600 km och Karl-Johan Gyllenstorm beräknade körtiden till cirka 430 minuter.,<url><loc>https://pendlings-app1.t-767929534-cloudflare.workers.dev/?fran=Arboga&amp;till=Gimo</loc><changefreq>monthly</changefreq></url>
Överkalix,Degerfors,1092,789,Avståndet mellan Överkalix och Degerfors är 1092 km och Karl-Johan Gyllenstorm beräknade körtiden till cirka 789 minuter.,<url><loc>https://pendlings-app1.t-767929534-cloudflare.workers.dev/?fran=Överkalix&amp;till=Degerfors</loc><changefreq>monthly</changefreq></url>
Gagnef,Tanum,1252,927,Avståndet mellan Gagnef och Tanum är 1252 km och Karl-Johan Gyllenstorm beräknade körtiden till cirka 927 minuter.,<url><loc>https://pendlings-app1.t-767929534-cloudflare.workers.dev/?fran=Gagnef&amp;till=Tanum</loc><changefreq>monthly</changefreq></url>
Ängelholm,Östersund,1174,853,Avståndet mellan Ängelholm och Östersund är 1174 km och Karl-Johan Gyllenstorm beräknade körtiden till cirka 853 minuter.,<url><loc>https://pendlings-app1.t-767929534-cloudflare.workers.dev/?fran=Ängelholm&amp;till=Östersund</loc><changefreq>monthly</changefreq></url>
Båstad,Mark,1326,907,Avståndet mellan Båstad och Mark är 1326 km och Karl-Johan Gyllenstorm beräknade körtiden till cirka 907 minuter.,<url><loc>https://pendlings-app1.t-767929534-cloudflare.workers.dev/?fran=Båstad&amp;till=Mark</loc><changefreq>monthly</changefreq></url>
Älvsbyn,Skutskär,1087,751,Avståndet mellan Älvsbyn och Skutskär är 1087 km och Karl-Johan Gyllenstorm beräknade körtiden till cirka 751 minuter.,<url><loc>https://pendlings-app1.t-767929534-cloudflare.workers.dev/?fran=Älvsbyn&amp;till=Skutskär</loc><changefreq>monthly</changefreq></url>
Svalöv,Kiruna,1066,799,Avståndet mellan Svalöv och Kiruna är 1066 km och Karl-Johan Gyllenstorm beräknade körtiden till cirka 799 minuter.,<url><loc>https://pendlings-app1.t-767929534-cloudflare.workers.dev/?fran=Svalöv&amp;till=Kiruna</loc><changefreq>monthly</changefreq></url>
Munkfors,Berg,167,119,Avståndet mellan Munkfors och Berg är 167 km och Karl-Johan Gyllenstorm beräknade körtiden till cirka 119 minuter.,<url><loc>https://pendlings-app1.t-767929534-cloudflare.workers.dev/?fran=Munkfors&amp;till=Berg</loc><changefreq>monthly</changefreq></url>
Lindesberg,Bålsta,1355,1017,Avståndet mellan Lindesberg och Bålsta är 1355 km och Karl-Johan Gyllenstorm beräknade körtiden till cirka 1017 minuter.,<url><loc>https://pendlings-app1.t-767929534-cloudflare.workers.dev/?fran=Lindesberg&amp;till=Bålsta</loc><changefreq>monthly</changefreq></url>
Söderhamn,Köping,243,193,Avståndet mellan Söderhamn och Köping är 243 km och Karl-Johan Gyllenstorm beräknade körtiden till cirka 193 minuter.,<url><loc>https://pendlings-app1.t-767929534-cloudflare.workers.dev/?fran=Söderhamn&amp;till=Köping</loc><changefreq>monthly</changefreq></url>
Karlshamn,Söderhamn,134,86,Avståndet mellan Karlshamn och Söderhamn är 134 km och Karl-Johan Gyllenstorm beräknade körtiden till cirka 86 minuter.,<url><loc>https://pendlings-app1.t-767929534-cloudflare.workers.dev/?fran=Karlshamn&amp;till=Söderhamn</loc><changefreq>monthly</changefreq></url>
Linköping,Gagnef,958,632,Avståndet mellan Linköping och Gagnef är 958 km och Karl-Johan Gyllenstorm beräknade körtiden till cirka 632 minuter.,<url><loc>https://pendlings-app1.t-767929534-cloudflare.workers.dev/?fran=Linköping&amp;till=Gagnef</loc><changefreq>monthly</changefreq></url>
Mönsterås,Ockelbo,33,22,Avståndet mellan Mönsterås och Ockelbo är 33 km och Karl-Johan Gyllenstorm beräknade körtiden till cirka 22 minuter.,<url><loc>https://pendlings-app1.t-767929534-cloudflare.workers.dev/?fran=Mönsterås&amp;till=Ockelbo</loc><changefreq>monthly</changefreq></url>
Skellefteå,Aneby,935,662,Avståndet mellan Skellefteå och Aneby är 935 km och Karl-Johan Gyllenstorm beräknade körtiden till cirka 662 minuter.,<url><loc>https://pendlings-app1.t-767929534-cloudflare.workers.dev/?fran=Skellefteå&amp;till=Aneby</loc><changefreq>monthly</changefreq></url>
Borås,Ed,479,326,Avståndet mellan Borås och Ed är 479 km och Karl-Johan Gyllenstorm beräknade körtiden till cirka 326 minuter.,<url><loc>https://pendlings-app1.t-767929534-cloudflare.workers.dev/?fran=Borås&amp;till=Ed</loc><changefreq>monthly</changefreq></url>
Gagnef,Tibro,666,462,Avståndet mellan Gagnef och Tibro är 666 km och Karl-Johan Gyllenstorm beräknade körtiden till cirka 462 minuter.,<url><loc>https://pendlings-app1.t-767929534-cloudflare.workers.dev/?fran=Gagnef&amp;till=Tibro</loc><changefreq>monthly</changefreq></url>
Laholm,Gullspång,659,455,Avståndet mellan Laholm och Gullspång är 659 km och Karl-Johan Gyllenstorm beräknade körtiden till cirka 455 minuter.,<url><loc>https://pendlings-app1.t-767929534-cloudflare.workers.dev/?fran=Laholm&amp;till=Gullspång</loc><changefreq>monthly</changefreq></url>
Laxå,Älvsbyn,438,288,Avståndet mellan Laxå och Älvsbyn är 438 km och Karl-Johan Gyllenstorm beräknade körtiden till cirka 288 minuter.,<url><loc>https://pendlings-app1.t-767929534-cloudflare.workers.dev/?fran=Laxå&amp;till=Älvsbyn</loc><changefreq>monthly</changefreq></url>
Gnestad,Sotenäs,100,72,Avståndet mellan Gnestad och Sotenäs är 100 km och Karl-Johan Gyllenstorm beräknade körtiden till cirka 72 minuter.,<url><loc>https://pendlings-app1.t-767929534-cloudflare.workers.dev/?fran=Gnestad&amp;till=Sotenäs</loc><changefreq>monthly</changefreq></url>
Uppsala,Eksjö,236,183,Avståndet mellan Uppsala och Eksjö är 236 km och Karl-Johan Gyllenstorm beräknade körtiden till cirka 183 minuter.,<url><loc>https://pendlings-app1.t-767929534-cloudflare.workers.dev/?fran=Uppsala&amp;till=Eksjö</loc><changefreq>monthly</changefreq></url>
Gislaved,Göteborg,176,126,Avståndet mellan Gislaved och Göteborg är 176 km och Karl-Johan Gyllenstorm beräknade körtiden till cirka 126 minuter.,<url><loc>https://pendlings-app1.t-767929534-cloudflare.workers.dev/?fran=Gislaved&amp;till=Göteborg</loc><changefreq>monthly</changefreq></url>
Svenljunga,Gullspång,1200,808,Avståndet mellan Svenljunga och Gullspång är 1200 km och Karl-Johan Gyllenstorm beräknade körtiden till cirka 808 minuter.,<url><loc>https://pendlings-app1.t-767929534-cloudflare.workers.dev/?fran=Svenljunga&amp;till=Gullspång</loc><changefreq>monthly</changefreq></url>
Håbo,Ronehamn,891,583,Avståndet mellan Håbo och Ronehamn är 891 km och Karl-Johan Gyllenstorm beräknade körtiden till cirka 583 minuter.,<url><loc>https://pendlings-app1.t-767929534-cloudflare.workers.dev/?fran=Håbo&amp;till=Ronehamn</loc><changefreq>monthly</changefreq></url>
Lomma,Katrineholm,99,74,Avståndet mellan Lomma och Katrineholm är 99 km och Karl-Johan Gyllenstorm beräknade körtiden till cirka 74 minuter.,<url><loc>https://pendlings-app1.t-767929534-cloudflare.workers.dev/?fran=Lomma&amp;till=Katrineholm</loc><changefreq>monthly</changefreq></url>
Flen,Haparanda,73,56,Avståndet mellan Flen och Haparanda är 73 km och Karl-Johan Gyllenstorm beräknade körtiden till cirka 56 minuter.,<url><loc>https://pendlings-app1.t-767929534-cloudflare.workers.dev/?fran=Flen&amp;till=Haparanda</loc><changefreq>monthly</changefreq></url>
Hudiksvall,Nora,215,161,Avståndet mellan Hudiksvall och Nora är 215 km och Karl-Johan Gyllenstorm beräknade körtiden till cirka 161 minuter.,<url><loc>https://pendlings-app1.t-767929534-cloudflare.workers.dev/?fran=Hudiksvall&amp;till=Nora</loc><changefreq>monthly</changefreq></url>
Skurup,Norberg,626,490,Avståndet mellan Skurup och Norberg är 626 km och Karl-Johan Gyllenstorm beräknade körtiden till cirka 490 minuter.,<url><loc>https://pendlings-app1.t-767929534-cloudflare.workers.dev/?fran=Skurup&amp;till=Norberg</loc><changefreq>monthly</changefreq></url>
Staffanstorp,Emmaboda,755,555,Avståndet mellan Staffanstorp och Emmaboda är 755 km och Karl-Johan Gyllenstorm beräknade körtiden till cirka 555 minuter.,<url><loc>https://pendlings-app1.t-767929534-cloudflare.workers.dev/?fran=Staffanstorp&amp;till=Emmaboda</loc><changefreq>monthly</changefreq></url>
Söderköping,Vadstena,1237,889,Avståndet mellan Söderköping och Vadstena är 1237 km och Karl-Johan Gyllenstorm beräknade körtiden till cirka 889 minuter.,<url><loc>https://pendlings-app1.t-767929534-cloudflare.workers.dev/?fran=Söderköping&amp;till=Vadstena</loc><changefreq>monthly</changefreq></url>
Bollnäs,Sveg,597,450,Avståndet mellan Bollnäs och Sveg är 597 km och Karl-Johan Gyllenstorm beräknade körtiden till cirka 450 minuter.,<url><loc>https://pendlings-app1.t-767929534-cloudflare.workers.dev/?fran=Bollnäs&amp;till=Sveg</loc><changefreq>monthly</changefreq></url>
Tierp,Tanum,502,341,Avståndet mellan Tierp och Tanum är 502 km och Karl-Johan Gyllenstorm beräknade körtiden till cirka 341 minuter.,<url><loc>https://pendlings-app1.t-767929534-cloudflare.workers.dev/?fran=Tierp&amp;till=Tanum</loc><changefreq>monthly</changefreq></url>
Grums,Eslöv,1087,805,Avståndet mellan Grums och Eslöv är 1087 km och Karl-Johan Gyllenstorm beräknade körtiden till cirka 805 minuter.,<url><loc>https://pendlings-app1.t-767929534-cloudflare.workers.dev/?fran=Grums&amp;till=Eslöv</loc><changefreq>monthly</changefreq></url>
Sandviken,Vara,1181,791,Avståndet mellan Sandviken och Vara är 1181 km och Karl-Johan Gyllenstorm beräknade körtiden till cirka 791 minuter.,<url><loc>https://pendlings-app1.t-767929534-cloudflare.workers.dev/?fran=Sandviken&amp;till=Vara</loc><changefreq>monthly</changefreq></url>
Hultsfred,Torsby,726,528,Avståndet mellan Hultsfred och Torsby är 726 km och Karl-Johan Gyllenstorm beräknade körtiden till cirka 528 minuter.,<url><loc>https://pendlings-app1.t-767929534-cloudflare.workers.dev/?fran=Hultsfred&amp;till=Torsby</loc><changefreq>monthly</changefreq></url>
Lund,Gislaved,356,268,Avståndet mellan Lund och Gislaved är 356 km och Karl-Johan Gyllenstorm beräknade körtiden till cirka 268 minuter.,<url><loc>https://pendlings-app1.t-767929534-cloudflare.workers.dev/?fran=Lund&amp;till=Gislaved</loc><changefreq>monthly</changefreq></url>
Mörbylånga,Jönköping,248,176,Avståndet mellan Mörbylånga och Jönköping är 248 km och Karl-Johan Gyllenstorm beräknade körtiden till cirka 176 minuter.,<url><loc>https://pendlings-app1.t-767929534-cloudflare.workers.dev/?fran=Mörbylånga&amp;till=Jönköping</loc><changefreq>monthly</changefreq></url>
Göteborg,Askersund,1417,1126,Avståndet mellan Göteborg och Askersund är 1417 km och Karl-Johan Gyllenstorm beräknade körtiden till cirka 1126 minuter.,<url><loc>https://pendlings-app1.t-767929534-cloudflare.workers.dev/?fran=Göteborg&amp;till=Askersund</loc><changefreq>monthly</changefreq></url>
Hemse,Eslöv,457,306,Avståndet mellan Hemse och Eslöv är 457 km och Karl-Johan Gyllenstorm beräknade körtiden till cirka 306 minuter.,<url><loc>https://pendlings-app1.t-767929534-cloudflare.workers.dev/?fran=Hemse&amp;till=Eslöv</loc><changefreq>monthly</changefreq></url>
Svenljunga,Borlänge,762,572,Avståndet mellan Svenljunga och Borlänge är 762 km och Karl-Johan Gyllenstorm beräknade körtiden till cirka 572 minuter.,<url><loc>https://pendlings-app1.t-767929534-cloudflare.workers.dev/?fran=Svenljunga&amp;till=Borlänge</loc><changefreq>monthly</changefreq></url>
Hemse,Skövde,27,18,Avståndet mellan Hemse och Skövde är 27 km och Karl-Johan Gyllenstorm beräknade körtiden till cirka 18 minuter.,<url><loc>https://pendlings-app1.t-767929534-cloudflare.workers.dev/?fran=Hemse&amp;till=Skövde</loc><changefreq>monthly</changefreq></url>
Tibro,Timrå,138,102,Avståndet mellan Tibro och Timrå är 138 km och Karl-Johan Gyllenstorm beräknade körtiden till cirka 102 minuter.,<url><loc>https://pendlings-app1.t-767929534-cloudflare.workers.dev/?fran=Tibro&amp;till=Timrå</loc><changefreq>monthly</changefreq></url>
Köping,Eda,1447,955,Avståndet mellan Köping och Eda är 1447 km och Karl-Johan Gyllenstorm beräknade körtiden till cirka 955 minuter.,<url><loc>https://pendlings-app1.t-767929534-cloudflare.workers.dev/?fran=Köping&amp;till=Eda</loc><changefreq>monthly</changefreq></url>
Eskilstuna,Grums,1220,931,Avståndet mellan Eskilstuna och Grums är 1220 km och Karl-Johan Gyllenstorm beräknade körtiden till cirka 931 minuter.,<url><loc>https://pendlings-app1.t-767929534-cloudflare.workers.dev/?fran=Eskilstuna&amp;till=Grums</loc><changefreq>monthly</changefreq></url>
Halmstad,Gnosjö,1308,945,Avståndet mellan Halmstad och Gnosjö är 1308 km och Karl-Johan Gyllenstorm beräknade körtiden till cirka 945 minuter.,<url><loc>https://pendlings-app1.t-767929534-cloudflare.workers.dev/?fran=Halmstad&amp;till=Gnosjö</loc><changefreq>monthly</changefreq></url>
Forshaga,Åsele,737,558,Avståndet mellan Forshaga och Åsele är 737 km och Karl-Johan Gyllenstorm beräknade körtiden till cirka 558 minuter.,<url><loc>https://pendlings-app1.t-767929534-cloudflare.workers.dev/?fran=Forshaga&amp;till=Åsele</loc><changefreq>monthly</changefreq></url>
Täby,Strömstad,815,547,Avståndet mellan Täby och Strömstad är 815 km och Karl-Johan Gyllenstorm beräknade körtiden till cirka 547 minuter.,<url><loc>https://pendlings-app1.t-767929534-cloudflare.workers.dev/?fran=Täby&amp;till=Strömstad</loc><changefreq>monthly</changefreq></url>
Säffle,Sölvesborg,1281,909,Avståndet mellan Säffle och Sölvesborg är 1281 km och Karl-Johan Gyllenstorm beräknade körtiden till cirka 909 minuter.,<url><loc>https://pendlings-app1.t-767929534-cloudflare.workers.dev/?fran=Säffle&amp;till=Sölvesborg</loc><changefreq>monthly</changefreq></url>
Årjäng,Ronehamn,959,722,Avståndet mellan Årjäng och Ronehamn är 959 km och Karl-Johan Gyllenstorm beräknade körtiden till cirka 722 minuter.,<url><loc>https://pendlings-app1.t-767929534-cloudflare.workers.dev/?fran=Årjäng&amp;till=Ronehamn</loc><changefreq>monthly</changefreq></url>
Uddevalla,Karlskoga,955,722,Avståndet mellan Uddevalla och Karlskoga är 955 km och Karl-Johan Gyllenstorm beräknade körtiden till cirka 722 minuter.,<url><loc>https://pendlings-app1.t-767929534-cloudflare.workers.dev/?fran=Uddevalla&amp;till=Karlskoga</loc><changefreq>monthly</changefreq></url>
Karlshamn,Norrköping,1188,772,Avståndet mellan Karlshamn och Norrköping är 1188 km och Karl-Johan Gyllenstorm beräknade körtiden till cirka 772 minuter.,<url><loc>https://pendlings-app1.t-767929534-cloudflare.workers.dev/?fran=Karlshamn&amp;till=Norrköping</loc><changefreq>monthly</changefreq></url>
Karlsborg,Skurup,900,607,Avståndet mellan Karlsborg och Skurup är 900 km och Karl-Johan Gyllenstorm beräknade körtiden till cirka 607 minuter.,<url><loc>https://pendlings-app1.t-767929534-cloudflare.workers.dev/?fran=Karlsborg&amp;till=Skurup</loc><changefreq>monthly</changefreq></url>
Ronneby,Oxelösund,341,254,Avståndet mellan Ronneby och Oxelösund är 341 km och Karl-Johan Gyllenstorm beräknade körtiden till cirka 254 minuter.,<url><loc>https://pendlings-app1.t-767929534-cloudflare.workers.dev/?fran=Ronneby&amp;till=Oxelösund</loc><changefreq>monthly</changefreq></url>
Tingstäde,Skinnskatteberg,1039,698,Avståndet mellan Tingstäde och Skinnskatteberg är 1039 km och Karl-Johan Gyllenstorm beräknade körtiden till cirka 698 minuter.,<url><loc>https://pendlings-app1.t-767929534-cloudflare.workers.dev/?fran=Tingstäde&amp;till=Skinnskatteberg</loc><changefreq>monthly</changefreq></url>
Grythyttan,Hemse,336,215,Avståndet mellan Grythyttan och Hemse är 336 km och Karl-Johan Gyllenstorm beräknade körtiden till cirka 215 minuter.,<url><loc>https://pendlings-app1.t-767929534-cloudflare.workers.dev/?fran=Grythyttan&amp;till=Hemse</loc><changefreq>monthly</changefreq></url>
Eslöv,Söderköping,426,281,Avståndet mellan Eslöv och Söderköping är 426 km och Karl-Johan Gyllenstorm beräknade körtiden till cirka 281 minuter.,<url><loc>https://pendlings-app1.t-767929534-cloudflare.workers.dev/?fran=Eslöv&amp;till=Söderköping</loc><changefreq>monthly</changefreq></url>
Klippan,Aneby,1172,769,Avståndet mellan Klippan och Aneby är 1172 km och Karl-Johan Gyllenstorm beräknade körtiden till cirka 769 minuter.,<url><loc>https://pendlings-app1.t-767929534-cloudflare.workers.dev/?fran=Klippan&amp;till=Aneby</loc><changefreq>monthly</changefreq></url>
Flen,Sorsele,1102,801,Avståndet mellan Flen och Sorsele är 1102 km och Karl-Johan Gyllenstorm beräknade körtiden till cirka 801 minuter.,<url><loc>https://pendlings-app1.t-767929534-cloudflare.workers.dev/?fran=Flen&amp;till=Sorsele</loc><changefreq>monthly</changefreq></url>
Gullspång,Oskarshamn,699,444,Avståndet mellan Gullspång och Oskarshamn är 699 km och Karl-Johan Gyllenstorm beräknade körtiden till cirka 444 minuter.,<url><loc>https://pendlings-app1.t-767929534-cloudflare.workers.dev/?fran=Gullspång&amp;till=Oskarshamn</loc><changefreq>monthly</changefreq></url>
Essunga,Ockelbo,523,342,Avståndet mellan Essunga och Ockelbo är 523 km och Karl-Johan Gyllenstorm beräknade körtiden till cirka 342 minuter.,<url><loc>https://pendlings-app1.t-767929534-cloudflare.workers.dev/?fran=Essunga&amp;till=Ockelbo</loc><changefreq>monthly</changefreq></url>
Havdhem,Borås,339,220,Avståndet mellan Havdhem och Borås är 339 km och Karl-Johan Gyllenstorm beräknade körtiden till cirka 220 minuter.,<url><loc>https://pendlings-app1.t-767929534-cloudflare.workers.dev/?fran=Havdhem&amp;till=Borås</loc><changefreq>monthly</changefreq></url>
Grums,Hjo,1374,904,Avståndet mellan Grums och Hjo är 1374 km och Karl-Johan Gyllenstorm beräknade körtiden till cirka 904 minuter.,<url><loc>https://pendlings-app1.t-767929534-cloudflare.workers.dev/?fran=Grums&amp;till=Hjo</loc><changefreq>monthly</changefreq></url>
Örkelljunga,Leksand,1158,827,Avståndet mellan Örkelljunga och Leksand är 1158 km och Karl-Johan Gyllenstorm beräknade körtiden till cirka 827 minuter.,<url><loc>https://pendlings-app1.t-767929534-cloudflare.workers.dev/?fran=Örkelljunga&amp;till=Leksand</loc><changefreq>monthly</changefreq></url>
Gällivare,Ockelbo,214,160,Avståndet mellan Gällivare och Ockelbo är 214 km och Karl-Johan Gyllenstorm beräknade körtiden till cirka 160 minuter.,<url><loc>https://pendlings-app1.t-767929534-cloudflare.workers.dev/?fran=Gällivare&amp;till=Ockelbo</loc><changefreq>monthly</changefreq></url>
Sölvesborg,Eksjö,185,117,Avståndet mellan Sölvesborg och Eksjö är 185 km och Karl-Johan Gyllenstorm beräknade körtiden till cirka 117 minuter.,<url><loc>https://pendlings-app1.t-767929534-cloudflare.workers.dev/?fran=Sölvesborg&amp;till=Eksjö</loc><changefreq>monthly</changefreq></url>
Eda,Aneby,519,387,Avståndet mellan Eda och Aneby är 519 km och Karl-Johan Gyllenstorm beräknade körtiden till cirka 387 minuter.,<url><loc>https://pendlings-app1.t-767929534-cloudflare.workers.dev/?fran=Eda&amp;till=Aneby</loc><changefreq>monthly</changefreq></url>
Smedjebacken,Jönköping,436,288,Avståndet mellan Smedjebacken och Jönköping är 436 km och Karl-Johan Gyllenstorm beräknade körtiden till cirka 288 minuter.,<url><loc>https://pendlings-app1.t-767929534-cloudflare.workers.dev/?fran=Smedjebacken&amp;till=Jönköping</loc><changefreq>monthly</changefreq></url>
Ånge,Helsingborg,1011,650,Avståndet mellan Ånge och Helsingborg är 1011 km och Karl-Johan Gyllenstorm beräknade körtiden till cirka 650 minuter.,<url><loc>https://pendlings-app1.t-767929534-cloudflare.workers.dev/?fran=Ånge&amp;till=Helsingborg</loc><changefreq>monthly</changefreq></url>
Tingstäde,Simrishamn,824,590,Avståndet mellan Tingstäde och Simrishamn är 824 km och Karl-Johan Gyllenstorm beräknade körtiden till cirka 590 minuter.,<url><loc>https://pendlings-app1.t-767929534-cloudflare.workers.dev/?fran=Tingstäde&amp;till=Simrishamn</loc><changefreq>monthly</changefreq></url>
Habon,Hedemora,93,67,Avståndet mellan Habon och Hedemora är 93 km och Karl-Johan Gyllenstorm beräknade körtiden till cirka 67 minuter.,<url><loc>https://pendlings-app1.t-767929534-cloudflare.workers.dev/?fran=Habon&amp;till=Hedemora</loc><changefreq>monthly</changefreq></url>
Hörby,Degerfors,773,564,Avståndet mellan Hörby och Degerfors är 773 km och Karl-Johan Gyllenstorm beräknade körtiden till cirka 564 minuter.,<url><loc>https://pendlings-app1.t-767929534-cloudflare.workers.dev/?fran=Hörby&amp;till=Degerfors</loc><changefreq>monthly</changefreq></url>
Sunne,Klippan,1337,1041,Avståndet mellan Sunne och Klippan är 1337 km och Karl-Johan Gyllenstorm beräknade körtiden till cirka 1041 minuter.,<url><loc>https://pendlings-app1.t-767929534-cloudflare.workers.dev/?fran=Sunne&amp;till=Klippan</loc><changefreq>monthly</changefreq></url>
Höör,Mellerud,493,323,Avståndet mellan Höör och Mellerud är 493 km och Karl-Johan Gyllenstorm beräknade körtiden till cirka 323 minuter.,<url><loc>https://pendlings-app1.t-767929534-cloudflare.workers.dev/?fran=Höör&amp;till=Mellerud</loc><changefreq>monthly</changefreq></url>
Enköping,Orsa,972,669,Avståndet mellan Enköping och Orsa är 972 km och Karl-Johan Gyllenstorm beräknade körtiden till cirka 669 minuter.,<url><loc>https://pendlings-app1.t-767929534-cloudflare.workers.dev/?fran=Enköping&amp;till=Orsa</loc><changefreq>monthly</changefreq></url>
Bålsta,Ronneby,267,173,Avståndet mellan Bålsta och Ronneby är 267 km och Karl-Johan Gyllenstorm beräknade körtiden till cirka 173 minuter.,<url><loc>https://pendlings-app1.t-767929534-cloudflare.workers.dev/?fran=Bålsta&amp;till=Ronneby</loc><changefreq>monthly</changefreq></url>
Strömsund,Överkalix,273,198,Avståndet mellan Strömsund och Överkalix är 273 km och Karl-Johan Gyllenstorm beräknade körtiden till cirka 198 minuter.,<url><loc>https://pendlings-app1.t-767929534-cloudflare.workers.dev/?fran=Strömsund&amp;till=Överkalix</loc><changefreq>monthly</changefreq></url>
Örebro,Hjo,719,571,Avståndet mellan Örebro och Hjo är 719 km och Karl-Johan Gyllenstorm beräknade körtiden till cirka 571 minuter.,<url><loc>https://pendlings-app1.t-767929534-cloudflare.workers.dev/?fran=Örebro&amp;till=Hjo</loc><changefreq>monthly</changefreq></url>
Åtvidaberg,Karlstad,1228,855,Avståndet mellan Åtvidaberg och Karlstad är 1228 km och Karl-Johan Gyllenstorm beräknade körtiden till cirka 855 minuter.,<url><loc>https://pendlings-app1.t-767929534-cloudflare.workers.dev/?fran=Åtvidaberg&amp;till=Karlstad</loc><changefreq>monthly</changefreq></url>
Bollebygd,Sollefteå,409,262,Avståndet mellan Bollebygd och Sollefteå är 409 km och Karl-Johan Gyllenstorm beräknade körtiden till cirka 262 minuter.,<url><loc>https://pendlings-app1.t-767929534-cloudflare.workers.dev/?fran=Bollebygd&amp;till=Sollefteå</loc><changefreq>monthly</changefreq></url>
Varberg,Roma,784,523,Avståndet mellan Varberg och Roma är 784 km och Karl-Johan Gyllenstorm beräknade körtiden till cirka 523 minuter.,<url><loc>https://pendlings-app1.t-767929534-cloudflare.workers.dev/?fran=Varberg&amp;till=Roma</loc><changefreq>monthly</changefreq></url>
Falkenberg,Västervik,830,614,Avståndet mellan Falkenberg och Västervik är 830 km och Karl-Johan Gyllenstorm beräknade körtiden till cirka 614 minuter.,<url><loc>https://pendlings-app1.t-767929534-cloudflare.workers.dev/?fran=Falkenberg&amp;till=Västervik</loc><changefreq>monthly</changefreq></url>
Charlottenberg,Höganäs,452,297,Avståndet mellan Charlottenberg och Höganäs är 452 km och Karl-Johan Gyllenstorm beräknade körtiden till cirka 297 minuter.,<url><loc>https://pendlings-app1.t-767929534-cloudflare.workers.dev/?fran=Charlottenberg&amp;till=Höganäs</loc><changefreq>monthly</changefreq></url>
Bjuv,Mullsjö,1120,756,Avståndet mellan Bjuv och Mullsjö är 1120 km och Karl-Johan Gyllenstorm beräknade körtiden till cirka 756 minuter.,<url><loc>https://pendlings-app1.t-767929534-cloudflare.workers.dev/?fran=Bjuv&amp;till=Mullsjö</loc><changefreq>monthly</changefreq></url>
Tingstäde,Kramfors,942,750,Avståndet mellan Tingstäde och Kramfors är 942 km och Karl-Johan Gyllenstorm beräknade körtiden till cirka 750 minuter.,<url><loc>https://pendlings-app1.t-767929534-cloudflare.workers.dev/?fran=Tingstäde&amp;till=Kramfors</loc><changefreq>monthly</changefreq></url>
Finspång,Härjedalen,631,429,Avståndet mellan Finspång och Härjedalen är 631 km och Karl-Johan Gyllenstorm beräknade körtiden till cirka 429 minuter.,<url><loc>https://pendlings-app1.t-767929534-cloudflare.workers.dev/?fran=Finspång&amp;till=Härjedalen</loc><changefreq>monthly</changefreq></url>
Olofström,Klippan,1311,895,Avståndet mellan Olofström och Klippan är 1311 km och Karl-Johan Gyllenstorm beräknade körtiden till cirka 895 minuter.,<url><loc>https://pendlings-app1.t-767929534-cloudflare.workers.dev/?fran=Olofström&amp;till=Klippan</loc><changefreq>monthly</changefreq></url>
Arboga,Borlänge,763,540,Avståndet mellan Arboga och Borlänge är 763 km och Karl-Johan Gyllenstorm beräknade körtiden till cirka 540 minuter.,<url><loc>https://pendlings-app1.t-767929534-cloudflare.workers.dev/?fran=Arboga&amp;till=Borlänge</loc><changefreq>monthly</changefreq></url>
Nybro,Bjuv,497,343,Avståndet mellan Nybro och Bjuv är 497 km och Karl-Johan Gyllenstorm beräknade körtiden till cirka 343 minuter.,<url><loc>https://pendlings-app1.t-767929534-cloudflare.workers.dev/?fran=Nybro&amp;till=Bjuv</loc><changefreq>monthly</changefreq></url>
Malung,Säffle,511,383,Avståndet mellan Malung och Säffle är 511 km och Karl-Johan Gyllenstorm beräknade körtiden till cirka 383 minuter.,<url><loc>https://pendlings-app1.t-767929534-cloudflare.workers.dev/?fran=Malung&amp;till=Säffle</loc><changefreq>monthly</changefreq></url>
Vansbro,Bollnäs,295,209,Avståndet mellan Vansbro och Bollnäs är 295 km och Karl-Johan Gyllenstorm beräknade körtiden till cirka 209 minuter.,<url><loc>https://pendlings-app1.t-767929534-cloudflare.workers.dev/?fran=Vansbro&amp;till=Bollnäs</loc><changefreq>monthly</changefreq></url>
Eda,Gävle,227,152,Avståndet mellan Eda och Gävle är 227 km och Karl-Johan Gyllenstorm beräknade körtiden till cirka 152 minuter.,<url><loc>https://pendlings-app1.t-767929534-cloudflare.workers.dev/?fran=Eda&amp;till=Gävle</loc><changefreq>monthly</changefreq></url>
Halmstad,Härnösand,834,603,Avståndet mellan Halmstad och Härnösand är 834 km och Karl-Johan Gyllenstorm beräknade körtiden till cirka 603 minuter.,<url><loc>https://pendlings-app1.t-767929534-cloudflare.workers.dev/?fran=Halmstad&amp;till=Härnösand</loc><changefreq>monthly</changefreq></url>
Skinnskatteberg,Söderhamn,1219,776,Avståndet mellan Skinnskatteberg och Söderhamn är 1219 km och Karl-Johan Gyllenstorm beräknade körtiden till cirka 776 minuter.,<url><loc>https://pendlings-app1.t-767929534-cloudflare.workers.dev/?fran=Skinnskatteberg&amp;till=Söderhamn</loc><changefreq>monthly</changefreq></url>
Surahammar,Munkedal,766,564,Avståndet mellan Surahammar och Munkedal är 766 km och Karl-Johan Gyllenstorm beräknade körtiden till cirka 564 minuter.,<url><loc>https://pendlings-app1.t-767929534-cloudflare.workers.dev/?fran=Surahammar&amp;till=Munkedal</loc><changefreq>monthly</changefreq></url>
Norsjö,Sunne,1262,826,Avståndet mellan Norsjö och Sunne är 1262 km och Karl-Johan Gyllenstorm beräknade körtiden till cirka 826 minuter.,<url><loc>https://pendlings-app1.t-767929534-cloudflare.workers.dev/?fran=Norsjö&amp;till=Sunne</loc><changefreq>monthly</changefreq></url>
Karlstad,Slite,1353,1067,Avståndet mellan Karlstad och Slite är 1353 km och Karl-Johan Gyllenstorm beräknade körtiden till cirka 1067 minuter.,<url><loc>https://pendlings-app1.t-767929534-cloudflare.workers.dev/?fran=Karlstad&amp;till=Slite</loc><changefreq>monthly</changefreq></url>
Hudiksvall,Osby,73,50,Avståndet mellan Hudiksvall och Osby är 73 km och Karl-Johan Gyllenstorm beräknade körtiden till cirka 50 minuter.,<url><loc>https://pendlings-app1.t-767929534-cloudflare.workers.dev/?fran=Hudiksvall&amp;till=Osby</loc><changefreq>monthly</changefreq></url>
Vårgårda,Sala,380,275,Avståndet mellan Vårgårda och Sala är 380 km och Karl-Johan Gyllenstorm beräknade körtiden till cirka 275 minuter.,<url><loc>https://pendlings-app1.t-767929534-cloudflare.workers.dev/?fran=Vårgårda&amp;till=Sala</loc><changefreq>monthly</changefreq></url>
Leksand,Gällivare,134,107,Avståndet mellan Leksand och Gällivare är 134 km och Karl-Johan Gyllenstorm beräknade körtiden till cirka 107 minuter.,<url><loc>https://pendlings-app1.t-767929534-cloudflare.workers.dev/?fran=Leksand&amp;till=Gällivare</loc><changefreq>monthly</changefreq></url>
Ydre,Västerås,1390,1089,Avståndet mellan Ydre och Västerås är 1390 km och Karl-Johan Gyllenstorm beräknade körtiden till cirka 1089 minuter.,<url><loc>https://pendlings-app1.t-767929534-cloudflare.workers.dev/?fran=Ydre&amp;till=Västerås</loc><changefreq>monthly</changefreq></url>
Kalmar,Torsby,252,171,Avståndet mellan Kalmar och Torsby är 252 km och Karl-Johan Gyllenstorm beräknade körtiden till cirka 171 minuter.,<url><loc>https://pendlings-app1.t-767929534-cloudflare.workers.dev/?fran=Kalmar&amp;till=Torsby</loc><changefreq>monthly</changefreq></url>
Enköping,Haparanda,138,108,Avståndet mellan Enköping och Haparanda är 138 km och Karl-Johan Gyllenstorm beräknade körtiden till cirka 108 minuter.,<url><loc>https://pendlings-app1.t-767929534-cloudflare.workers.dev/?fran=Enköping&amp;till=Haparanda</loc><changefreq>monthly</changefreq></url>
Mark,Kungsbacka,694,499,Avståndet mellan Mark och Kungsbacka är 694 km och Karl-Johan Gyllenstorm beräknade körtiden till cirka 499 minuter.,<url><loc>https://pendlings-app1.t-767929534-cloudflare.workers.dev/?fran=Mark&amp;till=Kungsbacka</loc><changefreq>monthly</changefreq></url>
Kils,Norsjö,875,687,Avståndet mellan Kils och Norsjö är 875 km och Karl-Johan Gyllenstorm beräknade körtiden till cirka 687 minuter.,<url><loc>https://pendlings-app1.t-767929534-cloudflare.workers.dev/?fran=Kils&amp;till=Norsjö</loc><changefreq>monthly</changefreq></url>
Karlshamn,Sveg,1223,872,Avståndet mellan Karlshamn och Sveg är 1223 km och Karl-Johan Gyllenstorm beräknade körtiden till cirka 872 minuter.,<url><loc>https://pendlings-app1.t-767929534-cloudflare.workers.dev/?fran=Karlshamn&amp;till=Sveg</loc><changefreq>monthly</changefreq></url>
Vilhelmina,Roma,1175,880,Avståndet mellan Vilhelmina och Roma är 1175 km och Karl-Johan Gyllenstorm beräknade körtiden till cirka 880 minuter.,<url><loc>https://pendlings-app1.t-767929534-cloudflare.workers.dev/?fran=Vilhelmina&amp;till=Roma</loc><changefreq>monthly</changefreq></url>
Uddevalla,Klintehamn,541,344,Avståndet mellan Uddevalla och Klintehamn är 541 km och Karl-Johan Gyllenstorm beräknade körtiden till cirka 344 minuter.,<url><loc>https://pendlings-app1.t-767929534-cloudflare.workers.dev/?fran=Uddevalla&amp;till=Klintehamn</loc><changefreq>monthly</changefreq></url>
Oxelösund,Töreboda,1301,892,Avståndet mellan Oxelösund och Töreboda är 1301 km och Karl-Johan Gyllenstorm beräknade körtiden till cirka 892 minuter.,<url><loc>https://pendlings-app1.t-767929534-cloudflare.workers.dev/?fran=Oxelösund&amp;till=Töreboda</loc><changefreq>monthly</changefreq></url>
Bjuv,Åmål,192,148,Avståndet mellan Bjuv och Åmål är 192 km och Karl-Johan Gyllenstorm beräknade körtiden till cirka 148 minuter.,<url><loc>https://pendlings-app1.t-767929534-cloudflare.workers.dev/?fran=Bjuv&amp;till=Åmål</loc><changefreq>monthly</changefreq></url>
Tranemo,Laholm,204,133,Avståndet mellan Tranemo och Laholm är 204 km och Karl-Johan Gyllenstorm beräknade körtiden till cirka 133 minuter.,<url><loc>https://pendlings-app1.t-767929534-cloudflare.workers.dev/?fran=Tranemo&amp;till=Laholm</loc><changefreq>monthly</changefreq></url>
Västerås,Vara,27,21,Avståndet mellan Västerås och Vara är 27 km och Karl-Johan Gyllenstorm beräknade körtiden till cirka 21 minuter.,<url><loc>https://pendlings-app1.t-767929534-cloudflare.workers.dev/?fran=Västerås&amp;till=Vara</loc><changefreq>monthly</changefreq></url>
Huddinge,Vara,1163,819,Avståndet mellan Huddinge och Vara är 1163 km och Karl-Johan Gyllenstorm beräknade körtiden till cirka 819 minuter.,<url><loc>https://pendlings-app1.t-767929534-cloudflare.workers.dev/?fran=Huddinge&amp;till=Vara</loc><changefreq>monthly</changefreq></url>
Hjo,Gislaved,1366,908,Avståndet mellan Hjo och Gislaved är 1366 km och Karl-Johan Gyllenstorm beräknade körtiden till cirka 908 minuter.,<url><loc>https://pendlings-app1.t-767929534-cloudflare.workers.dev/?fran=Hjo&amp;till=Gislaved</loc><changefreq>monthly</changefreq></url>
Orsa,Leksand,1112,725,Avståndet mellan Orsa och Leksand är 1112 km och Karl-Johan Gyllenstorm beräknade körtiden till cirka 725 minuter.,<url><loc>https://pendlings-app1.t-767929534-cloudflare.workers.dev/?fran=Orsa&amp;till=Leksand</loc><changefreq>monthly</changefreq></url>
Sälen,Filipstad,1388,882,Avståndet mellan Sälen och Filipstad är 1388 km och Karl-Johan Gyllenstorm beräknade körtiden till cirka 882 minuter.,<url><loc>https://pendlings-app1.t-767929534-cloudflare.workers.dev/?fran=Sälen&amp;till=Filipstad</loc><changefreq>monthly</changefreq></url>
Fårösund,Mora,1198,822,Avståndet mellan Fårösund och Mora är 1198 km och Karl-Johan Gyllenstorm beräknade körtiden till cirka 822 minuter.,<url><loc>https://pendlings-app1.t-767929534-cloudflare.workers.dev/?fran=Fårösund&amp;till=Mora</loc><changefreq>monthly</changefreq></url>
Aneby,Eda,1418,959,Avståndet mellan Aneby och Eda är 1418 km och Karl-Johan Gyllenstorm beräknade körtiden till cirka 959 minuter.,<url><loc>https://pendlings-app1.t-767929534-cloudflare.workers.dev/?fran=Aneby&amp;till=Eda</loc><changefreq>monthly</changefreq></url>
Klintehamn,Borlänge,1173,765,Avståndet mellan Klintehamn och Borlänge är 1173 km och Karl-Johan Gyllenstorm beräknade körtiden till cirka 765 minuter.,<url><loc>https://pendlings-app1.t-767929534-cloudflare.workers.dev/?fran=Klintehamn&amp;till=Borlänge</loc><changefreq>monthly</changefreq></url>
Gävle,Orsa,1004,777,Avståndet mellan Gävle och Orsa är 1004 km och Karl-Johan Gyllenstorm beräknade körtiden till cirka 777 minuter.,<url><loc>https://pendlings-app1.t-767929534-cloudflare.workers.dev/?fran=Gävle&amp;till=Orsa</loc><changefreq>monthly</changefreq></url>
Fårösund,Härnösand,1405,900,Avståndet mellan Fårösund och Härnösand är 1405 km och Karl-Johan Gyllenstorm beräknade körtiden till cirka 900 minuter.,<url><loc>https://pendlings-app1.t-767929534-cloudflare.workers.dev/?fran=Fårösund&amp;till=Härnösand</loc><changefreq>monthly</changefreq></url>
Färjestaden,Tofta,175,138,Avståndet mellan Färjestaden och Tofta är 175 km och Karl-Johan Gyllenstorm beräknade körtiden till cirka 138 minuter.,<url><loc>https://pendlings-app1.t-767929534-cloudflare.workers.dev/?fran=Färjestaden&amp;till=Tofta</loc><changefreq>monthly</changefreq></url>
Älvkarleby,Sollefteå,1387,1037,Avståndet mellan Älvkarleby och Sollefteå är 1387 km och Karl-Johan Gyllenstorm beräknade körtiden till cirka 1037 minuter.,<url><loc>https://pendlings-app1.t-767929534-cloudflare.workers.dev/?fran=Älvkarleby&amp;till=Sollefteå</loc><changefreq>monthly</changefreq></url>
Strömsund,Mellerud,280,198,Avståndet mellan Strömsund och Mellerud är 280 km och Karl-Johan Gyllenstorm beräknade körtiden till cirka 198 minuter.,<url><loc>https://pendlings-app1.t-767929534-cloudflare.workers.dev/?fran=Strömsund&amp;till=Mellerud</loc><changefreq>monthly</changefreq></url>
Luleå,Katrineholm,979,625,Avståndet mellan Luleå och Katrineholm är 979 km och Karl-Johan Gyllenstorm beräknade körtiden till cirka 625 minuter.,<url><loc>https://pendlings-app1.t-767929534-cloudflare.workers.dev/?fran=Luleå&amp;till=Katrineholm</loc><changefreq>monthly</changefreq></url>
Huddinge,Sandviken,526,360,Avståndet mellan Huddinge och Sandviken är 526 km och Karl-Johan Gyllenstorm beräknade körtiden till cirka 360 minuter.,<url><loc>https://pendlings-app1.t-767929534-cloudflare.workers.dev/?fran=Huddinge&amp;till=Sandviken</loc><changefreq>monthly</changefreq></url>
Åtvidaberg,Sjöbo,870,567,Avståndet mellan Åtvidaberg och Sjöbo är 870 km och Karl-Johan Gyllenstorm beräknade körtiden till cirka 567 minuter.,<url><loc>https://pendlings-app1.t-767929534-cloudflare.workers.dev/?fran=Åtvidaberg&amp;till=Sjöbo</loc><changefreq>monthly</changefreq></url>
Kungsbacka,Nybro,768,488,Avståndet mellan Kungsbacka och Nybro är 768 km och Karl-Johan Gyllenstorm beräknade körtiden till cirka 488 minuter.,<url><loc>https://pendlings-app1.t-767929534-cloudflare.workers.dev/?fran=Kungsbacka&amp;till=Nybro</loc><changefreq>monthly</changefreq></url>
Värnamo,Gnosjö,883,693,Avståndet mellan Värnamo och Gnosjö är 883 km och Karl-Johan Gyllenstorm beräknade körtiden till cirka 693 minuter.,<url><loc>https://pendlings-app1.t-767929534-cloudflare.workers.dev/?fran=Värnamo&amp;till=Gnosjö</loc><changefreq>monthly</changefreq></url>
Kristinehamn,Tierp,308,238,Avståndet mellan Kristinehamn och Tierp är 308 km och Karl-Johan Gyllenstorm beräknade körtiden till cirka 238 minuter.,<url><loc>https://pendlings-app1.t-767929534-cloudflare.workers.dev/?fran=Kristinehamn&amp;till=Tierp</loc><changefreq>monthly</changefreq></url>
Leksand,Eskilstuna,172,114,Avståndet mellan Leksand och Eskilstuna är 172 km och Karl-Johan Gyllenstorm beräknade körtiden till cirka 114 minuter.,<url><loc>https://pendlings-app1.t-767929534-cloudflare.workers.dev/?fran=Leksand&amp;till=Eskilstuna</loc><changefreq>monthly</changefreq></url>
Sandviken,Torsby,1111,776,Avståndet mellan Sandviken och Torsby är 1111 km och Karl-Johan Gyllenstorm beräknade körtiden till cirka 776 minuter.,<url><loc>https://pendlings-app1.t-767929534-cloudflare.workers.dev/?fran=Sandviken&amp;till=Torsby</loc><changefreq>monthly</changefreq></url>
Ljusdal,Vetlanda,311,247,Avståndet mellan Ljusdal och Vetlanda är 311 km och Karl-Johan Gyllenstorm beräknade körtiden till cirka 247 minuter.,<url><loc>https://pendlings-app1.t-767929534-cloudflare.workers.dev/?fran=Ljusdal&amp;till=Vetlanda</loc><changefreq>monthly</changefreq></url>
Katrineholm,Färgelanda,461,307,Avståndet mellan Katrineholm och Färgelanda är 461 km och Karl-Johan Gyllenstorm beräknade körtiden till cirka 307 minuter.,<url><loc>https://pendlings-app1.t-767929534-cloudflare.workers.dev/?fran=Katrineholm&amp;till=Färgelanda</loc><changefreq>monthly</changefreq></url>
Motala,Färgelanda,1102,738,Avståndet mellan Motala och Färgelanda är 1102 km och Karl-Johan Gyllenstorm beräknade körtiden till cirka 738 minuter.,<url><loc>https://pendlings-app1.t-767929534-cloudflare.workers.dev/?fran=Motala&amp;till=Färgelanda</loc><changefreq>monthly</changefreq></url>
Storuman,Eda,839,551,Avståndet mellan Storuman och Eda är 839 km och Karl-Johan Gyllenstorm beräknade körtiden till cirka 551 minuter.,<url><loc>https://pendlings-app1.t-767929534-cloudflare.workers.dev/?fran=Storuman&amp;till=Eda</loc><changefreq>monthly</changefreq></url>
Laxå,Gislaved,273,194,Avståndet mellan Laxå och Gislaved är 273 km och Karl-Johan Gyllenstorm beräknade körtiden till cirka 194 minuter.,<url><loc>https://pendlings-app1.t-767929534-cloudflare.workers.dev/?fran=Laxå&amp;till=Gislaved</loc><changefreq>monthly</changefreq></url>
Vadstena,Munkedal,154,105,Avståndet mellan Vadstena och Munkedal är 154 km och Karl-Johan Gyllenstorm beräknade körtiden till cirka 105 minuter.,<url><loc>https://pendlings-app1.t-767929534-cloudflare.workers.dev/?fran=Vadstena&amp;till=Munkedal</loc><changefreq>monthly</changefreq></url>
Bollnäs,Ronehamn,1309,831,Avståndet mellan Bollnäs och Ronehamn är 1309 km och Karl-Johan Gyllenstorm beräknade körtiden till cirka 831 minuter.,<url><loc>https://pendlings-app1.t-767929534-cloudflare.workers.dev/?fran=Bollnäs&amp;till=Ronehamn</loc><changefreq>monthly</changefreq></url>
Boxholm,Säffle,482,316,Avståndet mellan Boxholm och Säffle är 482 km och Karl-Johan Gyllenstorm beräknade körtiden till cirka 316 minuter.,<url><loc>https://pendlings-app1.t-767929534-cloudflare.workers.dev/?fran=Boxholm&amp;till=Säffle</loc><changefreq>monthly</changefreq></url>
Vänersborg,Linköping,343,261,Avståndet mellan Vänersborg och Linköping är 343 km och Karl-Johan Gyllenstorm beräknade körtiden till cirka 261 minuter.,<url><loc>https://pendlings-app1.t-767929534-cloudflare.workers.dev/?fran=Vänersborg&amp;till=Linköping</loc><changefreq>monthly</changefreq></url>
Köping,Borgholm,561,373,Avståndet mellan Köping och Borgholm är 561 km och Karl-Johan Gyllenstorm beräknade körtiden till cirka 373 minuter.,<url><loc>https://pendlings-app1.t-767929534-cloudflare.workers.dev/?fran=Köping&amp;till=Borgholm</loc><changefreq>monthly</changefreq></url>
Lärbro,Flen,1438,985,Avståndet mellan Lärbro och Flen är 1438 km och Karl-Johan Gyllenstorm beräknade körtiden till cirka 985 minuter.,<url><loc>https://pendlings-app1.t-767929534-cloudflare.workers.dev/?fran=Lärbro&amp;till=Flen</loc><changefreq>monthly</changefreq></url>
Trosa,Tranås,1269,954,Avståndet mellan Trosa och Tranås är 1269 km och Karl-Johan Gyllenstorm beräknade körtiden till cirka 954 minuter.,<url><loc>https://pendlings-app1.t-767929534-cloudflare.workers.dev/?fran=Trosa&amp;till=Tranås</loc><changefreq>monthly</changefreq></url>
Nybro,Hörby,1062,809,Avståndet mellan Nybro och Hörby är 1062 km och Karl-Johan Gyllenstorm beräknade körtiden till cirka 809 minuter.,<url><loc>https://pendlings-app1.t-767929534-cloudflare.workers.dev/?fran=Nybro&amp;till=Hörby</loc><changefreq>monthly</changefreq></url>
Hudiksvall,Hjo,1306,899,Avståndet mellan Hudiksvall och Hjo är 1306 km och Karl-Johan Gyllenstorm beräknade körtiden till cirka 899 minuter.,<url><loc>https://pendlings-app1.t-767929534-cloudflare.workers.dev/?fran=Hudiksvall&amp;till=Hjo</loc><changefreq>monthly</changefreq></url>
Krokom,Tibro,160,115,Avståndet mellan Krokom och Tibro är 160 km och Karl-Johan Gyllenstorm beräknade körtiden till cirka 115 minuter.,<url><loc>https://pendlings-app1.t-767929534-cloudflare.workers.dev/?fran=Krokom&amp;till=Tibro</loc><changefreq>monthly</changefreq></url>
Jönköping,Ystad,972,697,Avståndet mellan Jönköping och Ystad är 972 km och Karl-Johan Gyllenstorm beräknade körtiden till cirka 697 minuter.,<url><loc>https://pendlings-app1.t-767929534-cloudflare.workers.dev/?fran=Jönköping&amp;till=Ystad</loc><changefreq>monthly</changefreq></url>
Skellefteå,Sandviken,55,36,Avståndet mellan Skellefteå och Sandviken är 55 km och Karl-Johan Gyllenstorm beräknade körtiden till cirka 36 minuter.,<url><loc>https://pendlings-app1.t-767929534-cloudflare.workers.dev/?fran=Skellefteå&amp;till=Sandviken</loc><changefreq>monthly</changefreq></url>
Herrljunga,Vetlanda,326,246,Avståndet mellan Herrljunga och Vetlanda är 326 km och Karl-Johan Gyllenstorm beräknade körtiden till cirka 246 minuter.,<url><loc>https://pendlings-app1.t-767929534-cloudflare.workers.dev/?fran=Herrljunga&amp;till=Vetlanda</loc><changefreq>monthly</changefreq></url>
Hemse,Svedala,1207,820,Avståndet mellan Hemse och Svedala är 1207 km och Karl-Johan Gyllenstorm beräknade körtiden till cirka 820 minuter.,<url><loc>https://pendlings-app1.t-767929534-cloudflare.workers.dev/?fran=Hemse&amp;till=Svedala</loc><changefreq>monthly</changefreq></url>
Tranås,Boxholm,1195,799,Avståndet mellan Tranås och Boxholm är 1195 km och Karl-Johan Gyllenstorm beräknade körtiden till cirka 799 minuter.,<url><loc>https://pendlings-app1.t-767929534-cloudflare.workers.dev/?fran=Tranås&amp;till=Boxholm</loc><changefreq>monthly</changefreq></url>
Kils,Uddevalla,1373,1048,Avståndet mellan Kils och Uddevalla är 1373 km och Karl-Johan Gyllenstorm beräknade körtiden till cirka 1048 minuter.,<url><loc>https://pendlings-app1.t-767929534-cloudflare.workers.dev/?fran=Kils&amp;till=Uddevalla</loc><changefreq>monthly</changefreq></url>
Norsjö,Falköping,728,561,Avståndet mellan Norsjö och Falköping är 728 km och Karl-Johan Gyllenstorm beräknade körtiden till cirka 561 minuter.,<url><loc>https://pendlings-app1.t-767929534-cloudflare.workers.dev/?fran=Norsjö&amp;till=Falköping</loc><changefreq>monthly</changefreq></url>
Staffanstorp,Klintehamn,1117,859,Avståndet mellan Staffanstorp och Klintehamn är 1117 km och Karl-Johan Gyllenstorm beräknade körtiden till cirka 859 minuter.,<url><loc>https://pendlings-app1.t-767929534-cloudflare.workers.dev/?fran=Staffanstorp&amp;till=Klintehamn</loc><changefreq>monthly</changefreq></url>
Halmstad,Kungsbacka,1325,873,Avståndet mellan Halmstad och Kungsbacka är 1325 km och Karl-Johan Gyllenstorm beräknade körtiden till cirka 873 minuter.,<url><loc>https://pendlings-app1.t-767929534-cloudflare.workers.dev/?fran=Halmstad&amp;till=Kungsbacka</loc><changefreq>monthly</changefreq></url>
Helsingborg,Alingsås,955,615,Avståndet mellan Helsingborg och Alingsås är 955 km och Karl-Johan Gyllenstorm beräknade körtiden till cirka 615 minuter.,<url><loc>https://pendlings-app1.t-767929534-cloudflare.workers.dev/?fran=Helsingborg&amp;till=Alingsås</loc><changefreq>monthly</changefreq></url>
Malå,Skutskär,383,278,Avståndet mellan Malå och Skutskär är 383 km och Karl-Johan Gyllenstorm beräknade körtiden till cirka 278 minuter.,<url><loc>https://pendlings-app1.t-767929534-cloudflare.workers.dev/?fran=Malå&amp;till=Skutskär</loc><changefreq>monthly</changefreq></url>
Skövde,Surahammar,1258,946,Avståndet mellan Skövde och Surahammar är 1258 km och Karl-Johan Gyllenstorm beräknade körtiden till cirka 946 minuter.,<url><loc>https://pendlings-app1.t-767929534-cloudflare.workers.dev/?fran=Skövde&amp;till=Surahammar</loc><changefreq>monthly</changefreq></url>
Eslöv,Lycksele,1219,912,Avståndet mellan Eslöv och Lycksele är 1219 km och Karl-Johan Gyllenstorm beräknade körtiden till cirka 912 minuter.,<url><loc>https://pendlings-app1.t-767929534-cloudflare.workers.dev/?fran=Eslöv&amp;till=Lycksele</loc><changefreq>monthly</changefreq></url>
Arvika,Filipstad,1304,906,Avståndet mellan Arvika och Filipstad är 1304 km och Karl-Johan Gyllenstorm beräknade körtiden till cirka 906 minuter.,<url><loc>https://pendlings-app1.t-767929534-cloudflare.workers.dev/?fran=Arvika&amp;till=Filipstad</loc><changefreq>monthly</changefreq></url>
Motala,Visby,363,232,Avståndet mellan Motala och Visby är 363 km och Karl-Johan Gyllenstorm beräknade körtiden till cirka 232 minuter.,<url><loc>https://pendlings-app1.t-767929534-cloudflare.workers.dev/?fran=Motala&amp;till=Visby</loc><changefreq>monthly</changefreq></url>
Herrljunga,Borås,666,508,Avståndet mellan Herrljunga och Borås är 666 km och Karl-Johan Gyllenstorm beräknade körtiden till cirka 508 minuter.,<url><loc>https://pendlings-app1.t-767929534-cloudflare.workers.dev/?fran=Herrljunga&amp;till=Borås</loc><changefreq>monthly</changefreq></url>
Falun,Krokom,1284,925,Avståndet mellan Falun och Krokom är 1284 km och Karl-Johan Gyllenstorm beräknade körtiden till cirka 925 minuter.,<url><loc>https://pendlings-app1.t-767929534-cloudflare.workers.dev/?fran=Falun&amp;till=Krokom</loc><changefreq>monthly</changefreq></url>
Ronehamn,Strängnäs,551,412,Avståndet mellan Ronehamn och Strängnäs är 551 km och Karl-Johan Gyllenstorm beräknade körtiden till cirka 412 minuter.,<url><loc>https://pendlings-app1.t-767929534-cloudflare.workers.dev/?fran=Ronehamn&amp;till=Strängnäs</loc><changefreq>monthly</changefreq></url>
Skellefteå,Pajala,1425,1001,Avståndet mellan Skellefteå och Pajala är 1425 km och Karl-Johan Gyllenstorm beräknade körtiden till cirka 1001 minuter.,<url><loc>https://pendlings-app1.t-767929534-cloudflare.workers.dev/?fran=Skellefteå&amp;till=Pajala</loc><changefreq>monthly</changefreq></url>
Knivsta,Gnestad,533,351,Avståndet mellan Knivsta och Gnestad är 533 km och Karl-Johan Gyllenstorm beräknade körtiden till cirka 351 minuter.,<url><loc>https://pendlings-app1.t-767929534-cloudflare.workers.dev/?fran=Knivsta&amp;till=Gnestad</loc><changefreq>monthly</changefreq></url>
Åre,Svenljunga,1314,943,Avståndet mellan Åre och Svenljunga är 1314 km och Karl-Johan Gyllenstorm beräknade körtiden till cirka 943 minuter.,<url><loc>https://pendlings-app1.t-767929534-cloudflare.workers.dev/?fran=Åre&amp;till=Svenljunga</loc><changefreq>monthly</changefreq></url>
Klippan,Ödeshög,1135,814,Avståndet mellan Klippan och Ödeshög är 1135 km och Karl-Johan Gyllenstorm beräknade körtiden till cirka 814 minuter.,<url><loc>https://pendlings-app1.t-767929534-cloudflare.workers.dev/?fran=Klippan&amp;till=Ödeshög</loc><changefreq>monthly</changefreq></url>
Sjöbo,Eda,256,166,Avståndet mellan Sjöbo och Eda är 256 km och Karl-Johan Gyllenstorm beräknade körtiden till cirka 166 minuter.,<url><loc>https://pendlings-app1.t-767929534-cloudflare.workers.dev/?fran=Sjöbo&amp;till=Eda</loc><changefreq>monthly</changefreq></url>
Mönsterås,Laholm,262,206,Avståndet mellan Mönsterås och Laholm är 262 km och Karl-Johan Gyllenstorm beräknade körtiden till cirka 206 minuter.,<url><loc>https://pendlings-app1.t-767929534-cloudflare.workers.dev/?fran=Mönsterås&amp;till=Laholm</loc><changefreq>monthly</changefreq></url>
Kristianstad,Visby,480,363,Avståndet mellan Kristianstad och Visby är 480 km och Karl-Johan Gyllenstorm beräknade körtiden till cirka 363 minuter.,<url><loc>https://pendlings-app1.t-767929534-cloudflare.workers.dev/?fran=Kristianstad&amp;till=Visby</loc><changefreq>monthly</changefreq></url>
Huddinge,Laxå,897,671,Avståndet mellan Huddinge och Laxå är 897 km och Karl-Johan Gyllenstorm beräknade körtiden till cirka 671 minuter.,<url><loc>https://pendlings-app1.t-767929534-cloudflare.workers.dev/?fran=Huddinge&amp;till=Laxå</loc><changefreq>monthly</changefreq></url>
Högsby,Hallsberg,1264,851,Avståndet mellan Högsby och Hallsberg är 1264 km och Karl-Johan Gyllenstorm beräknade körtiden till cirka 851 minuter.,<url><loc>https://pendlings-app1.t-767929534-cloudflare.workers.dev/?fran=Högsby&amp;till=Hallsberg</loc><changefreq>monthly</changefreq></url>
Färgelanda,Strömstad,75,55,Avståndet mellan Färgelanda och Strömstad är 75 km och Karl-Johan Gyllenstorm beräknade körtiden till cirka 55 minuter.,<url><loc>https://pendlings-app1.t-767929534-cloudflare.workers.dev/?fran=Färgelanda&amp;till=Strömstad</loc><changefreq>monthly</changefreq></url>
Munkfors,Piteå,1048,743,Avståndet mellan Munkfors och Piteå är 1048 km och Karl-Johan Gyllenstorm beräknade körtiden till cirka 743 minuter.,<url><loc>https://pendlings-app1.t-767929534-cloudflare.workers.dev/?fran=Munkfors&amp;till=Piteå</loc><changefreq>monthly</changefreq></url>
Lekeberg,Sotenäs,708,522,Avståndet mellan Lekeberg och Sotenäs är 708 km och Karl-Johan Gyllenstorm beräknade körtiden till cirka 522 minuter.,<url><loc>https://pendlings-app1.t-767929534-cloudflare.workers.dev/?fran=Lekeberg&amp;till=Sotenäs</loc><changefreq>monthly</changefreq></url>
Göteborg,Vimmerby,737,509,Avståndet mellan Göteborg och Vimmerby är 737 km och Karl-Johan Gyllenstorm beräknade körtiden till cirka 509 minuter.,<url><loc>https://pendlings-app1.t-767929534-cloudflare.workers.dev/?fran=Göteborg&amp;till=Vimmerby</loc><changefreq>monthly</changefreq></url>
Laholm,Munkfors,1376,911,Avståndet mellan Laholm och Munkfors är 1376 km och Karl-Johan Gyllenstorm beräknade körtiden till cirka 911 minuter.,<url><loc>https://pendlings-app1.t-767929534-cloudflare.workers.dev/?fran=Laholm&amp;till=Munkfors</loc><changefreq>monthly</changefreq></url>
Mark,Sollefteå,139,92,Avståndet mellan Mark och Sollefteå är 139 km och Karl-Johan Gyllenstorm beräknade körtiden till cirka 92 minuter.,<url><loc>https://pendlings-app1.t-767929534-cloudflare.workers.dev/?fran=Mark&amp;till=Sollefteå</loc><changefreq>monthly</changefreq></url>
Ljusnarsberg,Bräcke,820,553,Avståndet mellan Ljusnarsberg och Bräcke är 820 km och Karl-Johan Gyllenstorm beräknade körtiden till cirka 553 minuter.,<url><loc>https://pendlings-app1.t-767929534-cloudflare.workers.dev/?fran=Ljusnarsberg&amp;till=Bräcke</loc><changefreq>monthly</changefreq></url>
Hässleholm,Aneby,366,242,Avståndet mellan Hässleholm och Aneby är 366 km och Karl-Johan Gyllenstorm beräknade körtiden till cirka 242 minuter.,<url><loc>https://pendlings-app1.t-767929534-cloudflare.workers.dev/?fran=Hässleholm&amp;till=Aneby</loc><changefreq>monthly</changefreq></url>
Laholm,Ockelbo,1111,788,Avståndet mellan Laholm och Ockelbo är 1111 km och Karl-Johan Gyllenstorm beräknade körtiden till cirka 788 minuter.,<url><loc>https://pendlings-app1.t-767929534-cloudflare.workers.dev/?fran=Laholm&amp;till=Ockelbo</loc><changefreq>monthly</changefreq></url>
Nordanstig,Ljusnarsberg,1273,1004,Avståndet mellan Nordanstig och Ljusnarsberg är 1273 km och Karl-Johan Gyllenstorm beräknade körtiden till cirka 1004 minuter.,<url><loc>https://pendlings-app1.t-767929534-cloudflare.workers.dev/?fran=Nordanstig&amp;till=Ljusnarsberg</loc><changefreq>monthly</changefreq></url>
Eda,Sandviken,754,523,Avståndet mellan Eda och Sandviken är 754 km och Karl-Johan Gyllenstorm beräknade körtiden till cirka 523 minuter.,<url><loc>https://pendlings-app1.t-767929534-cloudflare.workers.dev/?fran=Eda&amp;till=Sandviken</loc><changefreq>monthly</changefreq></url>
Karlshamn,Säffle,1434,1103,Avståndet mellan Karlshamn och Säffle är 1434 km och Karl-Johan Gyllenstorm beräknade körtiden till cirka 1103 minuter.,<url><loc>https://pendlings-app1.t-767929534-cloudflare.workers.dev/?fran=Karlshamn&amp;till=Säffle</loc><changefreq>monthly</changefreq></url>
Torsby,Lindesberg,570,363,Avståndet mellan Torsby och Lindesberg är 570 km och Karl-Johan Gyllenstorm beräknade körtiden till cirka 363 minuter.,<url><loc>https://pendlings-app1.t-767929534-cloudflare.workers.dev/?fran=Torsby&amp;till=Lindesberg</loc><changefreq>monthly</changefreq></url>
Åmål,Vimmerby,507,361,Avståndet mellan Åmål och Vimmerby är 507 km och Karl-Johan Gyllenstorm beräknade körtiden till cirka 361 minuter.,<url><loc>https://pendlings-app1.t-767929534-cloudflare.workers.dev/?fran=Åmål&amp;till=Vimmerby</loc><changefreq>monthly</changefreq></url>
Eslöv,Degerfors,263,190,Avståndet mellan Eslöv och Degerfors är 263 km och Karl-Johan Gyllenstorm beräknade körtiden till cirka 190 minuter.,<url><loc>https://pendlings-app1.t-767929534-cloudflare.workers.dev/?fran=Eslöv&amp;till=Degerfors</loc><changefreq>monthly</changefreq></url>
Falköping,Karlskrona,837,606,Avståndet mellan Falköping och Karlskrona är 837 km och Karl-Johan Gyllenstorm beräknade körtiden till cirka 606 minuter.,<url><loc>https://pendlings-app1.t-767929534-cloudflare.workers.dev/?fran=Falköping&amp;till=Karlskrona</loc><changefreq>monthly</changefreq></url>
Ljusnarsberg,Malung,71,54,Avståndet mellan Ljusnarsberg och Malung är 71 km och Karl-Johan Gyllenstorm beräknade körtiden till cirka 54 minuter.,<url><loc>https://pendlings-app1.t-767929534-cloudflare.workers.dev/?fran=Ljusnarsberg&amp;till=Malung</loc><changefreq>monthly</changefreq></url>
Katrineholm,Överkalix,414,305,Avståndet mellan Katrineholm och Överkalix är 414 km och Karl-Johan Gyllenstorm beräknade körtiden till cirka 305 minuter.,<url><loc>https://pendlings-app1.t-767929534-cloudflare.workers.dev/?fran=Katrineholm&amp;till=Överkalix</loc><changefreq>monthly</changefreq></url>
Mönsterås,Vingåker,633,497,Avståndet mellan Mönsterås och Vingåker är 633 km och Karl-Johan Gyllenstorm beräknade körtiden till cirka 497 minuter.,<url><loc>https://pendlings-app1.t-767929534-cloudflare.workers.dev/?fran=Mönsterås&amp;till=Vingåker</loc><changefreq>monthly</changefreq></url>
Malå,Timrå,38,29,Avståndet mellan Malå och Timrå är 38 km och Karl-Johan Gyllenstorm beräknade körtiden till cirka 29 minuter.,<url><loc>https://pendlings-app1.t-767929534-cloudflare.workers.dev/?fran=Malå&amp;till=Timrå</loc><changefreq>monthly</changefreq></url>
Ystad,Ragunda,679,497,Avståndet mellan Ystad och Ragunda är 679 km och Karl-Johan Gyllenstorm beräknade körtiden till cirka 497 minuter.,<url><loc>https://pendlings-app1.t-767929534-cloudflare.workers.dev/?fran=Ystad&amp;till=Ragunda</loc><changefreq>monthly</changefreq></url>
Herrljunga,Östra Göinge,1293,894,Avståndet mellan Herrljunga och Östra Göinge är 1293 km och Karl-Johan Gyllenstorm beräknade körtiden till cirka 894 minuter.,<url><loc>https://pendlings-app1.t-767929534-cloudflare.workers.dev/?fran=Herrljunga&amp;till=Östra Göinge</loc><changefreq>monthly</changefreq></url>
Skinnskatteberg,Mönsterås,1027,730,Avståndet mellan Skinnskatteberg och Mönsterås är 1027 km och Karl-Johan Gyllenstorm beräknade körtiden till cirka 730 minuter.,<url><loc>https://pendlings-app1.t-767929534-cloudflare.workers.dev/?fran=Skinnskatteberg&amp;till=Mönsterås</loc><changefreq>monthly</changefreq></url>
Hallsberg,Överkalix,490,329,Avståndet mellan Hallsberg och Överkalix är 490 km och Karl-Johan Gyllenstorm beräknade körtiden till cirka 329 minuter.,<url><loc>https://pendlings-app1.t-767929534-cloudflare.workers.dev/?fran=Hallsberg&amp;till=Överkalix</loc><changefreq>monthly</changefreq></url>
Färgelanda,Storuman,1194,908,Avståndet mellan Färgelanda och Storuman är 1194 km och Karl-Johan Gyllenstorm beräknade körtiden till cirka 908 minuter.,<url><loc>https://pendlings-app1.t-767929534-cloudflare.workers.dev/?fran=Färgelanda&amp;till=Storuman</loc><changefreq>monthly</changefreq></url>
Grästorp,Knivsta,760,482,Avståndet mellan Grästorp och Knivsta är 760 km och Karl-Johan Gyllenstorm beräknade körtiden till cirka 482 minuter.,<url><loc>https://pendlings-app1.t-767929534-cloudflare.workers.dev/?fran=Grästorp&amp;till=Knivsta</loc><changefreq>monthly</changefreq></url>
Staffanstorp,Torsby,1210,893,Avståndet mellan Staffanstorp och Torsby är 1210 km och Karl-Johan Gyllenstorm beräknade körtiden till cirka 893 minuter.,<url><loc>https://pendlings-app1.t-767929534-cloudflare.workers.dev/?fran=Staffanstorp&amp;till=Torsby</loc><changefreq>monthly</changefreq></url>
Göteborg,Oxelösund,734,577,Avståndet mellan Göteborg och Oxelösund är 734 km och Karl-Johan Gyllenstorm beräknade körtiden till cirka 577 minuter.,<url><loc>https://pendlings-app1.t-767929534-cloudflare.workers.dev/?fran=Göteborg&amp;till=Oxelösund</loc><changefreq>monthly</changefreq></url>
Nordanstig,Grums,1342,882,Avståndet mellan Nordanstig och Grums är 1342 km och Karl-Johan Gyllenstorm beräknade körtiden till cirka 882 minuter.,<url><loc>https://pendlings-app1.t-767929534-cloudflare.workers.dev/?fran=Nordanstig&amp;till=Grums</loc><changefreq>monthly</changefreq></url>
Dorotea,Helsingborg,546,366,Avståndet mellan Dorotea och Helsingborg är 546 km och Karl-Johan Gyllenstorm beräknade körtiden till cirka 366 minuter.,<url><loc>https://pendlings-app1.t-767929534-cloudflare.workers.dev/?fran=Dorotea&amp;till=Helsingborg</loc><changefreq>monthly</changefreq></url>
Mellerud,Örnsköldsvik,576,390,Avståndet mellan Mellerud och Örnsköldsvik är 576 km och Karl-Johan Gyllenstorm beräknade körtiden till cirka 390 minuter.,<url><loc>https://pendlings-app1.t-767929534-cloudflare.workers.dev/?fran=Mellerud&amp;till=Örnsköldsvik</loc><changefreq>monthly</changefreq></url>
Staffanstorp,Sävsjö,175,138,Avståndet mellan Staffanstorp och Sävsjö är 175 km och Karl-Johan Gyllenstorm beräknade körtiden till cirka 138 minuter.,<url><loc>https://pendlings-app1.t-767929534-cloudflare.workers.dev/?fran=Staffanstorp&amp;till=Sävsjö</loc><changefreq>monthly</changefreq></url>
Burgsvik,Ludvika,1408,1065,Avståndet mellan Burgsvik och Ludvika är 1408 km och Karl-Johan Gyllenstorm beräknade körtiden till cirka 1065 minuter.,<url><loc>https://pendlings-app1.t-767929534-cloudflare.workers.dev/?fran=Burgsvik&amp;till=Ludvika</loc><changefreq>monthly</changefreq></url>
Sotenäs,Vadstena,826,526,Avståndet mellan Sotenäs och Vadstena är 826 km och Karl-Johan Gyllenstorm beräknade körtiden till cirka 526 minuter.,<url><loc>https://pendlings-app1.t-767929534-cloudflare.workers.dev/?fran=Sotenäs&amp;till=Vadstena</loc><changefreq>monthly</changefreq></url>
Flen,Bromölla,958,764,Avståndet mellan Flen och Bromölla är 958 km och Karl-Johan Gyllenstorm beräknade körtiden till cirka 764 minuter.,<url><loc>https://pendlings-app1.t-767929534-cloudflare.workers.dev/?fran=Flen&amp;till=Bromölla</loc><changefreq>monthly</changefreq></url>
Säffle,Täby,1105,794,Avståndet mellan Säffle och Täby är 1105 km och Karl-Johan Gyllenstorm beräknade körtiden till cirka 794 minuter.,<url><loc>https://pendlings-app1.t-767929534-cloudflare.workers.dev/?fran=Säffle&amp;till=Täby</loc><changefreq>monthly</changefreq></url>
Leksand,Munkfors,752,545,Avståndet mellan Leksand och Munkfors är 752 km och Karl-Johan Gyllenstorm beräknade körtiden till cirka 545 minuter.,<url><loc>https://pendlings-app1.t-767929534-cloudflare.workers.dev/?fran=Leksand&amp;till=Munkfors</loc><changefreq>monthly</changefreq></url>
Örnsköldsvik,Lekeberg,1362,970,Avståndet mellan Örnsköldsvik och Lekeberg är 1362 km och Karl-Johan Gyllenstorm beräknade körtiden till cirka 970 minuter.,<url><loc>https://pendlings-app1.t-767929534-cloudflare.workers.dev/?fran=Örnsköldsvik&amp;till=Lekeberg</loc><changefreq>monthly</changefreq></url>
Ljusdal,Essunga,907,706,Avståndet mellan Ljusdal och Essunga är 907 km och Karl-Johan Gyllenstorm beräknade körtiden till cirka 706 minuter.,<url><loc>https://pendlings-app1.t-767929534-cloudflare.workers.dev/?fran=Ljusdal&amp;till=Essunga</loc><changefreq>monthly</changefreq></url>
Eslöv,Nora,353,257,Avståndet mellan Eslöv och Nora är 353 km och Karl-Johan Gyllenstorm beräknade körtiden till cirka 257 minuter.,<url><loc>https://pendlings-app1.t-767929534-cloudflare.workers.dev/?fran=Eslöv&amp;till=Nora</loc><changefreq>monthly</changefreq></url>
Borlänge,Kiruna,1162,863,Avståndet mellan Borlänge och Kiruna är 1162 km och Karl-Johan Gyllenstorm beräknade körtiden till cirka 863 minuter.,<url><loc>https://pendlings-app1.t-767929534-cloudflare.workers.dev/?fran=Borlänge&amp;till=Kiruna</loc><changefreq>monthly</changefreq></url>
Årjäng,Vänersborg,353,268,Avståndet mellan Årjäng och Vänersborg är 353 km och Karl-Johan Gyllenstorm beräknade körtiden till cirka 268 minuter.,<url><loc>https://pendlings-app1.t-767929534-cloudflare.workers.dev/?fran=Årjäng&amp;till=Vänersborg</loc><changefreq>monthly</changefreq></url>
Ed,Gullspång,87,57,Avståndet mellan Ed och Gullspång är 87 km och Karl-Johan Gyllenstorm beräknade körtiden till cirka 57 minuter.,<url><loc>https://pendlings-app1.t-767929534-cloudflare.workers.dev/?fran=Ed&amp;till=Gullspång</loc><changefreq>monthly</changefreq></url>
Mora,Herrljunga,1137,899,Avståndet mellan Mora och Herrljunga är 1137 km och Karl-Johan Gyllenstorm beräknade körtiden till cirka 899 minuter.,<url><loc>https://pendlings-app1.t-767929534-cloudflare.workers.dev/?fran=Mora&amp;till=Herrljunga</loc><changefreq>monthly</changefreq></url>
Övertorneå,Fårösund,839,535,Avståndet mellan Övertorneå och Fårösund är 839 km och Karl-Johan Gyllenstorm beräknade körtiden till cirka 535 minuter.,<url><loc>https://pendlings-app1.t-767929534-cloudflare.workers.dev/?fran=Övertorneå&amp;till=Fårösund</loc><changefreq>monthly</changefreq></url>
Trelleborg,Strömsund,90,60,Avståndet mellan Trelleborg och Strömsund är 90 km och Karl-Johan Gyllenstorm beräknade körtiden till cirka 60 minuter.,<url><loc>https://pendlings-app1.t-767929534-cloudflare.workers.dev/?fran=Trelleborg&amp;till=Strömsund</loc><changefreq>monthly</changefreq></url>
Skara,Vimmerby,1065,718,Avståndet mellan Skara och Vimmerby är 1065 km och Karl-Johan Gyllenstorm beräknade körtiden till cirka 718 minuter.,<url><loc>https://pendlings-app1.t-767929534-cloudflare.workers.dev/?fran=Skara&amp;till=Vimmerby</loc><changefreq>monthly</changefreq></url>
Berg,Huddinge,1208,769,Avståndet mellan Berg och Huddinge är 1208 km och Karl-Johan Gyllenstorm beräknade körtiden till cirka 769 minuter.,<url><loc>https://pendlings-app1.t-767929534-cloudflare.workers.dev/?fran=Berg&amp;till=Huddinge</loc><changefreq>monthly</changefreq></url>
Surahammar,Burgsvik,1311,983,Avståndet mellan Surahammar och Burgsvik är 1311 km och Karl-Johan Gyllenstorm beräknade körtiden till cirka 983 minuter.,<url><loc>https://pendlings-app1.t-767929534-cloudflare.workers.dev/?fran=Surahammar&amp;till=Burgsvik</loc><changefreq>monthly</changefreq></url>
Åtvidaberg,Ljusdal,1330,926,Avståndet mellan Åtvidaberg och Ljusdal är 1330 km och Karl-Johan Gyllenstorm beräknade körtiden till cirka 926 minuter.,<url><loc>https://pendlings-app1.t-767929534-cloudflare.workers.dev/?fran=Åtvidaberg&amp;till=Ljusdal</loc><changefreq>monthly</changefreq></url>
Storuman,Borgholm,1072,763,Avståndet mellan Storuman och Borgholm är 1072 km och Karl-Johan Gyllenstorm beräknade körtiden till cirka 763 minuter.,<url><loc>https://pendlings-app1.t-767929534-cloudflare.workers.dev/?fran=Storuman&amp;till=Borgholm</loc><changefreq>monthly</changefreq></url>
Perstorp,Sala,375,247,Avståndet mellan Perstorp och Sala är 375 km och Karl-Johan Gyllenstorm beräknade körtiden till cirka 247 minuter.,<url><loc>https://pendlings-app1.t-767929534-cloudflare.workers.dev/?fran=Perstorp&amp;till=Sala</loc><changefreq>monthly</changefreq></url>
Trelleborg,Malå,105,68,Avståndet mellan Trelleborg och Malå är 105 km och Karl-Johan Gyllenstorm beräknade körtiden till cirka 68 minuter.,<url><loc>https://pendlings-app1.t-767929534-cloudflare.workers.dev/?fran=Trelleborg&amp;till=Malå</loc><changefreq>monthly</changefreq></url>
Umeå,Gnosjö,1423,956,Avståndet mellan Umeå och Gnosjö är 1423 km och Karl-Johan Gyllenstorm beräknade körtiden till cirka 956 minuter.,<url><loc>https://pendlings-app1.t-767929534-cloudflare.workers.dev/?fran=Umeå&amp;till=Gnosjö</loc><changefreq>monthly</changefreq></url>
Hyltebruk,Tofta,1099,834,Avståndet mellan Hyltebruk och Tofta är 1099 km och Karl-Johan Gyllenstorm beräknade körtiden till cirka 834 minuter.,<url><loc>https://pendlings-app1.t-767929534-cloudflare.workers.dev/?fran=Hyltebruk&amp;till=Tofta</loc><changefreq>monthly</changefreq></url>
Aneby,Mullsjö,376,257,Avståndet mellan Aneby och Mullsjö är 376 km och Karl-Johan Gyllenstorm beräknade körtiden till cirka 257 minuter.,<url><loc>https://pendlings-app1.t-767929534-cloudflare.workers.dev/?fran=Aneby&amp;till=Mullsjö</loc><changefreq>monthly</changefreq></url>
Linköping,Eksjö,495,332,Avståndet mellan Linköping och Eksjö är 495 km och Karl-Johan Gyllenstorm beräknade körtiden till cirka 332 minuter.,<url><loc>https://pendlings-app1.t-767929534-cloudflare.workers.dev/?fran=Linköping&amp;till=Eksjö</loc><changefreq>monthly</changefreq></url>
Falköping,Lekeberg,748,497,Avståndet mellan Falköping och Lekeberg är 748 km och Karl-Johan Gyllenstorm beräknade körtiden till cirka 497 minuter.,<url><loc>https://pendlings-app1.t-767929534-cloudflare.workers.dev/?fran=Falköping&amp;till=Lekeberg</loc><changefreq>monthly</changefreq></url>
Luleå,Åtvidaberg,620,433,Avståndet mellan Luleå och Åtvidaberg är 620 km och Karl-Johan Gyllenstorm beräknade körtiden till cirka 433 minuter.,<url><loc>https://pendlings-app1.t-767929534-cloudflare.workers.dev/?fran=Luleå&amp;till=Åtvidaberg</loc><changefreq>monthly</changefreq></url>
Örebro,Ludvika,330,252,Avståndet mellan Örebro och Ludvika är 330 km och Karl-Johan Gyllenstorm beräknade körtiden till cirka 252 minuter.,<url><loc>https://pendlings-app1.t-767929534-cloudflare.workers.dev/?fran=Örebro&amp;till=Ludvika</loc><changefreq>monthly</changefreq></url>
Laxå,Sölvesborg,991,766,Avståndet mellan Laxå och Sölvesborg är 991 km och Karl-Johan Gyllenstorm beräknade körtiden till cirka 766 minuter.,<url><loc>https://pendlings-app1.t-767929534-cloudflare.workers.dev/?fran=Laxå&amp;till=Sölvesborg</loc><changefreq>monthly</changefreq></url>
Norsjö,Tingstäde,156,107,Avståndet mellan Norsjö och Tingstäde är 156 km och Karl-Johan Gyllenstorm beräknade körtiden till cirka 107 minuter.,<url><loc>https://pendlings-app1.t-767929534-cloudflare.workers.dev/?fran=Norsjö&amp;till=Tingstäde</loc><changefreq>monthly</changefreq></url>
Flen,Kalix,71,50,Avståndet mellan Flen och Kalix är 71 km och Karl-Johan Gyllenstorm beräknade körtiden till cirka 50 minuter.,<url><loc>https://pendlings-app1.t-767929534-cloudflare.workers.dev/?fran=Flen&amp;till=Kalix</loc><changefreq>monthly</changefreq></url>
Strömsund,Hagfors,307,214,Avståndet mellan Strömsund och Hagfors är 307 km och Karl-Johan Gyllenstorm beräknade körtiden till cirka 214 minuter.,<url><loc>https://pendlings-app1.t-767929534-cloudflare.workers.dev/?fran=Strömsund&amp;till=Hagfors</loc><changefreq>monthly</changefreq></url>
Älvsbyn,Färgelanda,543,356,Avståndet mellan Älvsbyn och Färgelanda är 543 km och Karl-Johan Gyllenstorm beräknade körtiden till cirka 356 minuter.,<url><loc>https://pendlings-app1.t-767929534-cloudflare.workers.dev/?fran=Älvsbyn&amp;till=Färgelanda</loc><changefreq>monthly</changefreq></url>
Lindesberg,Storfors,167,120,Avståndet mellan Lindesberg och Storfors är 167 km och Karl-Johan Gyllenstorm beräknade körtiden till cirka 120 minuter.,<url><loc>https://pendlings-app1.t-767929534-cloudflare.workers.dev/?fran=Lindesberg&amp;till=Storfors</loc><changefreq>monthly</changefreq></url>
Borlänge,Bollebygd,353,250,Avståndet mellan Borlänge och Bollebygd är 353 km och Karl-Johan Gyllenstorm beräknade körtiden till cirka 250 minuter.,<url><loc>https://pendlings-app1.t-767929534-cloudflare.workers.dev/?fran=Borlänge&amp;till=Bollebygd</loc><changefreq>monthly</changefreq></url>
Lärbro,Ed,905,602,Avståndet mellan Lärbro och Ed är 905 km och Karl-Johan Gyllenstorm beräknade körtiden till cirka 602 minuter.,<url><loc>https://pendlings-app1.t-767929534-cloudflare.workers.dev/?fran=Lärbro&amp;till=Ed</loc><changefreq>monthly</changefreq></url>
Herrljunga,Essunga,453,310,Avståndet mellan Herrljunga och Essunga är 453 km och Karl-Johan Gyllenstorm beräknade körtiden till cirka 310 minuter.,<url><loc>https://pendlings-app1.t-767929534-cloudflare.workers.dev/?fran=Herrljunga&amp;till=Essunga</loc><changefreq>monthly</changefreq></url>
Bollebygd,Ydre,693,545,Avståndet mellan Bollebygd och Ydre är 693 km och Karl-Johan Gyllenstorm beräknade körtiden till cirka 545 minuter.,<url><loc>https://pendlings-app1.t-767929534-cloudflare.workers.dev/?fran=Bollebygd&amp;till=Ydre</loc><changefreq>monthly</changefreq></url>
Smedjebacken,Motala,1304,873,Avståndet mellan Smedjebacken och Motala är 1304 km och Karl-Johan Gyllenstorm beräknade körtiden till cirka 873 minuter.,<url><loc>https://pendlings-app1.t-767929534-cloudflare.workers.dev/?fran=Smedjebacken&amp;till=Motala</loc><changefreq>monthly</changefreq></url>
Tingstäde,Ljusnarsberg,695,508,Avståndet mellan Tingstäde och Ljusnarsberg är 695 km och Karl-Johan Gyllenstorm beräknade körtiden till cirka 508 minuter.,<url><loc>https://pendlings-app1.t-767929534-cloudflare.workers.dev/?fran=Tingstäde&amp;till=Ljusnarsberg</loc><changefreq>monthly</changefreq></url>
Hagfors,Lycksele,212,143,Avståndet mellan Hagfors och Lycksele är 212 km och Karl-Johan Gyllenstorm beräknade körtiden till cirka 143 minuter.,<url><loc>https://pendlings-app1.t-767929534-cloudflare.workers.dev/?fran=Hagfors&amp;till=Lycksele</loc><changefreq>monthly</changefreq></url>
Gnestad,Knivsta,64,51,Avståndet mellan Gnestad och Knivsta är 64 km och Karl-Johan Gyllenstorm beräknade körtiden till cirka 51 minuter.,<url><loc>https://pendlings-app1.t-767929534-cloudflare.workers.dev/?fran=Gnestad&amp;till=Knivsta</loc><changefreq>monthly</changefreq></url>
Sala,Laholm,769,498,Avståndet mellan Sala och Laholm är 769 km och Karl-Johan Gyllenstorm beräknade körtiden till cirka 498 minuter.,<url><loc>https://pendlings-app1.t-767929534-cloudflare.workers.dev/?fran=Sala&amp;till=Laholm</loc><changefreq>monthly</changefreq></url>
Åre,Karlskoga,91,64,Avståndet mellan Åre och Karlskoga är 91 km och Karl-Johan Gyllenstorm beräknade körtiden till cirka 64 minuter.,<url><loc>https://pendlings-app1.t-767929534-cloudflare.workers.dev/?fran=Åre&amp;till=Karlskoga</loc><changefreq>monthly</changefreq></url>
Hedemora,Hässleholm,1291,955,Avståndet mellan Hedemora och Hässleholm är 1291 km och Karl-Johan Gyllenstorm beräknade körtiden till cirka 955 minuter.,<url><loc>https://pendlings-app1.t-767929534-cloudflare.workers.dev/?fran=Hedemora&amp;till=Hässleholm</loc><changefreq>monthly</changefreq></url>
Krokom,Luleå,1126,748,Avståndet mellan Krokom och Luleå är 1126 km och Karl-Johan Gyllenstorm beräknade körtiden till cirka 748 minuter.,<url><loc>https://pendlings-app1.t-767929534-cloudflare.workers.dev/?fran=Krokom&amp;till=Luleå</loc><changefreq>monthly</changefreq></url>
Sunne,Sala,288,223,Avståndet mellan Sunne och Sala är 288 km och Karl-Johan Gyllenstorm beräknade körtiden till cirka 223 minuter.,<url><loc>https://pendlings-app1.t-767929534-cloudflare.workers.dev/?fran=Sunne&amp;till=Sala</loc><changefreq>monthly</changefreq></url>
Strömsund,Tranemo,379,287,Avståndet mellan Strömsund och Tranemo är 379 km och Karl-Johan Gyllenstorm beräknade körtiden till cirka 287 minuter.,<url><loc>https://pendlings-app1.t-767929534-cloudflare.workers.dev/?fran=Strömsund&amp;till=Tranemo</loc><changefreq>monthly</changefreq></url>
Grythyttan,Ånge,122,97,Avståndet mellan Grythyttan och Ånge är 122 km och Karl-Johan Gyllenstorm beräknade körtiden till cirka 97 minuter.,<url><loc>https://pendlings-app1.t-767929534-cloudflare.workers.dev/?fran=Grythyttan&amp;till=Ånge</loc><changefreq>monthly</changefreq></url>
Ydre,Eda,881,703,Avståndet mellan Ydre och Eda är 881 km och Karl-Johan Gyllenstorm beräknade körtiden till cirka 703 minuter.,<url><loc>https://pendlings-app1.t-767929534-cloudflare.workers.dev/?fran=Ydre&amp;till=Eda</loc><changefreq>monthly</changefreq></url>
Klippan,Sävsjö,950,734,Avståndet mellan Klippan och Sävsjö är 950 km och Karl-Johan Gyllenstorm beräknade körtiden till cirka 734 minuter.,<url><loc>https://pendlings-app1.t-767929534-cloudflare.workers.dev/?fran=Klippan&amp;till=Sävsjö</loc><changefreq>monthly</changefreq></url>
Haparanda,Hagfors,517,381,Avståndet mellan Haparanda och Hagfors är 517 km och Karl-Johan Gyllenstorm beräknade körtiden till cirka 381 minuter.,<url><loc>https://pendlings-app1.t-767929534-cloudflare.workers.dev/?fran=Haparanda&amp;till=Hagfors</loc><changefreq>monthly</changefreq></url>
Örnsköldsvik,Jokkmokk,339,226,Avståndet mellan Örnsköldsvik och Jokkmokk är 339 km och Karl-Johan Gyllenstorm beräknade körtiden till cirka 226 minuter.,<url><loc>https://pendlings-app1.t-767929534-cloudflare.workers.dev/?fran=Örnsköldsvik&amp;till=Jokkmokk</loc><changefreq>monthly</changefreq></url>
Nora,Älvdalen,1108,835,Avståndet mellan Nora och Älvdalen är 1108 km och Karl-Johan Gyllenstorm beräknade körtiden till cirka 835 minuter.,<url><loc>https://pendlings-app1.t-767929534-cloudflare.workers.dev/?fran=Nora&amp;till=Älvdalen</loc><changefreq>monthly</changefreq></url>
Gnosjö,Lekeberg,414,281,Avståndet mellan Gnosjö och Lekeberg är 414 km och Karl-Johan Gyllenstorm beräknade körtiden till cirka 281 minuter.,<url><loc>https://pendlings-app1.t-767929534-cloudflare.workers.dev/?fran=Gnosjö&amp;till=Lekeberg</loc><changefreq>monthly</changefreq></url>
Mellerud,Landskrona,1423,1097,Avståndet mellan Mellerud och Landskrona är 1423 km och Karl-Johan Gyllenstorm beräknade körtiden till cirka 1097 minuter.,<url><loc>https://pendlings-app1.t-767929534-cloudflare.workers.dev/?fran=Mellerud&amp;till=Landskrona</loc><changefreq>monthly</changefreq></url>
Högsby,Tranås,1335,995,Avståndet mellan Högsby och Tranås är 1335 km och Karl-Johan Gyllenstorm beräknade körtiden till cirka 995 minuter.,<url><loc>https://pendlings-app1.t-767929534-cloudflare.workers.dev/?fran=Högsby&amp;till=Tranås</loc><changefreq>monthly</changefreq></url>
Älvdalen,Filipstad,960,706,Avståndet mellan Älvdalen och Filipstad är 960 km och Karl-Johan Gyllenstorm beräknade körtiden till cirka 706 minuter.,<url><loc>https://pendlings-app1.t-767929534-cloudflare.workers.dev/?fran=Älvdalen&amp;till=Filipstad</loc><changefreq>monthly</changefreq></url>
Storuman,Skellefteå,444,308,Avståndet mellan Storuman och Skellefteå är 444 km och Karl-Johan Gyllenstorm beräknade körtiden till cirka 308 minuter.,<url><loc>https://pendlings-app1.t-767929534-cloudflare.workers.dev/?fran=Storuman&amp;till=Skellefteå</loc><changefreq>monthly</changefreq></url>
Skurup,Haparanda,915,608,Avståndet mellan Skurup och Haparanda är 915 km och Karl-Johan Gyllenstorm beräknade körtiden till cirka 608 minuter.,<url><loc>https://pendlings-app1.t-767929534-cloudflare.workers.dev/?fran=Skurup&amp;till=Haparanda</loc><changefreq>monthly</changefreq></url>
Trosa,Örnsköldsvik,314,205,Avståndet mellan Trosa och Örnsköldsvik är 314 km och Karl-Johan Gyllenstorm beräknade körtiden till cirka 205 minuter.,<url><loc>https://pendlings-app1.t-767929534-cloudflare.workers.dev/?fran=Trosa&amp;till=Örnsköldsvik</loc><changefreq>monthly</changefreq></url>
Strömstad,Burgsvik,1172,930,Avståndet mellan Strömstad och Burgsvik är 1172 km och Karl-Johan Gyllenstorm beräknade körtiden till cirka 930 minuter.,<url><loc>https://pendlings-app1.t-767929534-cloudflare.workers.dev/?fran=Strömstad&amp;till=Burgsvik</loc><changefreq>monthly</changefreq></url>
Aneby,Nybro,1266,983,Avståndet mellan Aneby och Nybro är 1266 km och Karl-Johan Gyllenstorm beräknade körtiden till cirka 983 minuter.,<url><loc>https://pendlings-app1.t-767929534-cloudflare.workers.dev/?fran=Aneby&amp;till=Nybro</loc><changefreq>monthly</changefreq></url>
Enköping,Karlstad,876,589,Avståndet mellan Enköping och Karlstad är 876 km och Karl-Johan Gyllenstorm beräknade körtiden till cirka 589 minuter.,<url><loc>https://pendlings-app1.t-767929534-cloudflare.workers.dev/?fran=Enköping&amp;till=Karlstad</loc><changefreq>monthly</changefreq></url>
Håbo,Östra Göinge,477,369,Avståndet mellan Håbo och Östra Göinge är 477 km och Karl-Johan Gyllenstorm beräknade körtiden till cirka 369 minuter.,<url><loc>https://pendlings-app1.t-767929534-cloudflare.workers.dev/?fran=Håbo&amp;till=Östra Göinge</loc><changefreq>monthly</changefreq></url>
Havdhem,Timrå,898,618,Avståndet mellan Havdhem och Timrå är 898 km och Karl-Johan Gyllenstorm beräknade körtiden till cirka 618 minuter.,<url><loc>https://pendlings-app1.t-767929534-cloudflare.workers.dev/?fran=Havdhem&amp;till=Timrå</loc><changefreq>monthly</changefreq></url>
Göteborg,Hässleholm,1168,830,Avståndet mellan Göteborg och Hässleholm är 1168 km och Karl-Johan Gyllenstorm beräknade körtiden till cirka 830 minuter.,<url><loc>https://pendlings-app1.t-767929534-cloudflare.workers.dev/?fran=Göteborg&amp;till=Hässleholm</loc><changefreq>monthly</changefreq></url>
Borgholm,Nora,1409,1042,Avståndet mellan Borgholm och Nora är 1409 km och Karl-Johan Gyllenstorm beräknade körtiden till cirka 1042 minuter.,<url><loc>https://pendlings-app1.t-767929534-cloudflare.workers.dev/?fran=Borgholm&amp;till=Nora</loc><changefreq>monthly</changefreq></url>
Älvkarleby,Kalix,534,405,Avståndet mellan Älvkarleby och Kalix är 534 km och Karl-Johan Gyllenstorm beräknade körtiden till cirka 405 minuter.,<url><loc>https://pendlings-app1.t-767929534-cloudflare.workers.dev/?fran=Älvkarleby&amp;till=Kalix</loc><changefreq>monthly</changefreq></url>
Karlskrona,Stockholm,27,20,Avståndet mellan Karlskrona och Stockholm är 27 km och Karl-Johan Gyllenstorm beräknade körtiden till cirka 20 minuter.,<url><loc>https://pendlings-app1.t-767929534-cloudflare.workers.dev/?fran=Karlskrona&amp;till=Stockholm</loc><changefreq>monthly</changefreq></url>
Svedala,Malmö,595,383,Avståndet mellan Svedala och Malmö är 595 km och Karl-Johan Gyllenstorm beräknade körtiden till cirka 383 minuter.,<url><loc>https://pendlings-app1.t-767929534-cloudflare.workers.dev/?fran=Svedala&amp;till=Malmö</loc><changefreq>monthly</changefreq></url>
Gagnef,Kinda,156,100,Avståndet mellan Gagnef och Kinda är 156 km och Karl-Johan Gyllenstorm beräknade körtiden till cirka 100 minuter.,<url><loc>https://pendlings-app1.t-767929534-cloudflare.workers.dev/?fran=Gagnef&amp;till=Kinda</loc><changefreq>monthly</changefreq></url>
Mörbylånga,Älvdalen,822,641,Avståndet mellan Mörbylånga och Älvdalen är 822 km och Karl-Johan Gyllenstorm beräknade körtiden till cirka 641 minuter.,<url><loc>https://pendlings-app1.t-767929534-cloudflare.workers.dev/?fran=Mörbylånga&amp;till=Älvdalen</loc><changefreq>monthly</changefreq></url>
Rättvik,Kungsbacka,825,617,Avståndet mellan Rättvik och Kungsbacka är 825 km och Karl-Johan Gyllenstorm beräknade körtiden till cirka 617 minuter.,<url><loc>https://pendlings-app1.t-767929534-cloudflare.workers.dev/?fran=Rättvik&amp;till=Kungsbacka</loc><changefreq>monthly</changefreq></url>
Arvika,Vetlanda,975,779,Avståndet mellan Arvika och Vetlanda är 975 km och Karl-Johan Gyllenstorm beräknade körtiden till cirka 779 minuter.,<url><loc>https://pendlings-app1.t-767929534-cloudflare.workers.dev/?fran=Arvika&amp;till=Vetlanda</loc><changefreq>monthly</changefreq></url>
Ronneby,Färgelanda,1429,998,Avståndet mellan Ronneby och Färgelanda är 1429 km och Karl-Johan Gyllenstorm beräknade körtiden till cirka 998 minuter.,<url><loc>https://pendlings-app1.t-767929534-cloudflare.workers.dev/?fran=Ronneby&amp;till=Färgelanda</loc><changefreq>monthly</changefreq></url>
Varberg,Kävlinge,619,409,Avståndet mellan Varberg och Kävlinge är 619 km och Karl-Johan Gyllenstorm beräknade körtiden till cirka 409 minuter.,<url><loc>https://pendlings-app1.t-767929534-cloudflare.workers.dev/?fran=Varberg&amp;till=Kävlinge</loc><changefreq>monthly</changefreq></url>
Kramfors,Köping,703,490,Avståndet mellan Kramfors och Köping är 703 km och Karl-Johan Gyllenstorm beräknade körtiden till cirka 490 minuter.,<url><loc>https://pendlings-app1.t-767929534-cloudflare.workers.dev/?fran=Kramfors&amp;till=Köping</loc><changefreq>monthly</changefreq></url>
Berg,Mark,229,168,Avståndet mellan Berg och Mark är 229 km och Karl-Johan Gyllenstorm beräknade körtiden till cirka 168 minuter.,<url><loc>https://pendlings-app1.t-767929534-cloudflare.workers.dev/?fran=Berg&amp;till=Mark</loc><changefreq>monthly</changefreq></url>
Klippan,Kristinehamn,1368,1067,Avståndet mellan Klippan och Kristinehamn är 1368 km och Karl-Johan Gyllenstorm beräknade körtiden till cirka 1067 minuter.,<url><loc>https://pendlings-app1.t-767929534-cloudflare.workers.dev/?fran=Klippan&amp;till=Kristinehamn</loc><changefreq>monthly</changefreq></url>
Havdhem,Hässleholm,858,636,Avståndet mellan Havdhem och Hässleholm är 858 km och Karl-Johan Gyllenstorm beräknade körtiden till cirka 636 minuter.,<url><loc>https://pendlings-app1.t-767929534-cloudflare.workers.dev/?fran=Havdhem&amp;till=Hässleholm</loc><changefreq>monthly</changefreq></url>
Stockholm,Sundsvall,1213,775,Avståndet mellan Stockholm och Sundsvall är 1213 km och Karl-Johan Gyllenstorm beräknade körtiden till cirka 775 minuter.,<url><loc>https://pendlings-app1.t-767929534-cloudflare.workers.dev/?fran=Stockholm&amp;till=Sundsvall</loc><changefreq>monthly</changefreq></url>
Nordanstig,Hyltebruk,1444,1105,Avståndet mellan Nordanstig och Hyltebruk är 1444 km och Karl-Johan Gyllenstorm beräknade körtiden till cirka 1105 minuter.,<url><loc>https://pendlings-app1.t-767929534-cloudflare.workers.dev/?fran=Nordanstig&amp;till=Hyltebruk</loc><changefreq>monthly</changefreq></url>
Högsby,Höör,32,22,Avståndet mellan Högsby och Höör är 32 km och Karl-Johan Gyllenstorm beräknade körtiden till cirka 22 minuter.,<url><loc>https://pendlings-app1.t-767929534-cloudflare.workers.dev/?fran=Högsby&amp;till=Höör</loc><changefreq>monthly</changefreq></url>
Vellinge,Falun,630,491,Avståndet mellan Vellinge och Falun är 630 km och Karl-Johan Gyllenstorm beräknade körtiden till cirka 491 minuter.,<url><loc>https://pendlings-app1.t-767929534-cloudflare.workers.dev/?fran=Vellinge&amp;till=Falun</loc><changefreq>monthly</changefreq></url>
Strängnäs,Simrishamn,759,606,Avståndet mellan Strängnäs och Simrishamn är 759 km och Karl-Johan Gyllenstorm beräknade körtiden till cirka 606 minuter.,<url><loc>https://pendlings-app1.t-767929534-cloudflare.workers.dev/?fran=Strängnäs&amp;till=Simrishamn</loc><changefreq>monthly</changefreq></url>
Sorsele,Gävle,62,42,Avståndet mellan Sorsele och Gävle är 62 km och Karl-Johan Gyllenstorm beräknade körtiden till cirka 42 minuter.,<url><loc>https://pendlings-app1.t-767929534-cloudflare.workers.dev/?fran=Sorsele&amp;till=Gävle</loc><changefreq>monthly</changefreq></url>
Dorotea,Klintehamn,860,591,Avståndet mellan Dorotea och Klintehamn är 860 km och Karl-Johan Gyllenstorm beräknade körtiden till cirka 591 minuter.,<url><loc>https://pendlings-app1.t-767929534-cloudflare.workers.dev/?fran=Dorotea&amp;till=Klintehamn</loc><changefreq>monthly</changefreq></url>
Falkenberg,Degerfors,876,683,Avståndet mellan Falkenberg och Degerfors är 876 km och Karl-Johan Gyllenstorm beräknade körtiden till cirka 683 minuter.,<url><loc>https://pendlings-app1.t-767929534-cloudflare.workers.dev/?fran=Falkenberg&amp;till=Degerfors</loc><changefreq>monthly</changefreq></url>
Malung,Vetlanda,424,328,Avståndet mellan Malung och Vetlanda är 424 km och Karl-Johan Gyllenstorm beräknade körtiden till cirka 328 minuter.,<url><loc>https://pendlings-app1.t-767929534-cloudflare.workers.dev/?fran=Malung&amp;till=Vetlanda</loc><changefreq>monthly</changefreq></url>
Osby,Grythyttan,357,240,Avståndet mellan Osby och Grythyttan är 357 km och Karl-Johan Gyllenstorm beräknade körtiden till cirka 240 minuter.,<url><loc>https://pendlings-app1.t-767929534-cloudflare.workers.dev/?fran=Osby&amp;till=Grythyttan</loc><changefreq>monthly</changefreq></url>
Hudiksvall,Norsjö,787,604,Avståndet mellan Hudiksvall och Norsjö är 787 km och Karl-Johan Gyllenstorm beräknade körtiden till cirka 604 minuter.,<url><loc>https://pendlings-app1.t-767929534-cloudflare.workers.dev/?fran=Hudiksvall&amp;till=Norsjö</loc><changefreq>monthly</changefreq></url>
Östersund,Håbo,525,354,Avståndet mellan Östersund och Håbo är 525 km och Karl-Johan Gyllenstorm beräknade körtiden till cirka 354 minuter.,<url><loc>https://pendlings-app1.t-767929534-cloudflare.workers.dev/?fran=Östersund&amp;till=Håbo</loc><changefreq>monthly</changefreq></url>
Sollefteå,Vibble,297,202,Avståndet mellan Sollefteå och Vibble är 297 km och Karl-Johan Gyllenstorm beräknade körtiden till cirka 202 minuter.,<url><loc>https://pendlings-app1.t-767929534-cloudflare.workers.dev/?fran=Sollefteå&amp;till=Vibble</loc><changefreq>monthly</changefreq></url>
Älvsbyn,Tingstäde,1156,740,Avståndet mellan Älvsbyn och Tingstäde är 1156 km och Karl-Johan Gyllenstorm beräknade körtiden till cirka 740 minuter.,<url><loc>https://pendlings-app1.t-767929534-cloudflare.workers.dev/?fran=Älvsbyn&amp;till=Tingstäde</loc><changefreq>monthly</changefreq></url>
Helsingborg,Kinda,689,486,Avståndet mellan Helsingborg och Kinda är 689 km och Karl-Johan Gyllenstorm beräknade körtiden till cirka 486 minuter.,<url><loc>https://pendlings-app1.t-767929534-cloudflare.workers.dev/?fran=Helsingborg&amp;till=Kinda</loc><changefreq>monthly</changefreq></url>
Ragunda,Svenljunga,1147,873,Avståndet mellan Ragunda och Svenljunga är 1147 km och Karl-Johan Gyllenstorm beräknade körtiden till cirka 873 minuter.,<url><loc>https://pendlings-app1.t-767929534-cloudflare.workers.dev/?fran=Ragunda&amp;till=Svenljunga</loc><changefreq>monthly</changefreq></url>
Arvika,Borås,958,653,Avståndet mellan Arvika och Borås är 958 km och Karl-Johan Gyllenstorm beräknade körtiden till cirka 653 minuter.,<url><loc>https://pendlings-app1.t-767929534-cloudflare.workers.dev/?fran=Arvika&amp;till=Borås</loc><changefreq>monthly</changefreq></url>
Hudiksvall,Ludvika,1327,982,Avståndet mellan Hudiksvall och Ludvika är 1327 km och Karl-Johan Gyllenstorm beräknade körtiden till cirka 982 minuter.,<url><loc>https://pendlings-app1.t-767929534-cloudflare.workers.dev/?fran=Hudiksvall&amp;till=Ludvika</loc><changefreq>monthly</changefreq></url>
Fagersta,Karlsborg,741,476,Avståndet mellan Fagersta och Karlsborg är 741 km och Karl-Johan Gyllenstorm beräknade körtiden till cirka 476 minuter.,<url><loc>https://pendlings-app1.t-767929534-cloudflare.workers.dev/?fran=Fagersta&amp;till=Karlsborg</loc><changefreq>monthly</changefreq></url>
Överkalix,Ludvika,142,91,Avståndet mellan Överkalix och Ludvika är 142 km och Karl-Johan Gyllenstorm beräknade körtiden till cirka 91 minuter.,<url><loc>https://pendlings-app1.t-767929534-cloudflare.workers.dev/?fran=Överkalix&amp;till=Ludvika</loc><changefreq>monthly</changefreq></url>
Nora,Fårösund,651,460,Avståndet mellan Nora och Fårösund är 651 km och Karl-Johan Gyllenstorm beräknade körtiden till cirka 460 minuter.,<url><loc>https://pendlings-app1.t-767929534-cloudflare.workers.dev/?fran=Nora&amp;till=Fårösund</loc><changefreq>monthly</changefreq></url>
Ockelbo,Munkfors,853,652,Avståndet mellan Ockelbo och Munkfors är 853 km och Karl-Johan Gyllenstorm beräknade körtiden till cirka 652 minuter.,<url><loc>https://pendlings-app1.t-767929534-cloudflare.workers.dev/?fran=Ockelbo&amp;till=Munkfors</loc><changefreq>monthly</changefreq></url>
Kalmar,Slite,721,481,Avståndet mellan Kalmar och Slite är 721 km och Karl-Johan Gyllenstorm beräknade körtiden till cirka 481 minuter.,<url><loc>https://pendlings-app1.t-767929534-cloudflare.workers.dev/?fran=Kalmar&amp;till=Slite</loc><changefreq>monthly</changefreq></url>
Surahammar,Skövde,1410,1071,Avståndet mellan Surahammar och Skövde är 1410 km och Karl-Johan Gyllenstorm beräknade körtiden till cirka 1071 minuter.,<url><loc>https://pendlings-app1.t-767929534-cloudflare.workers.dev/?fran=Surahammar&amp;till=Skövde</loc><changefreq>monthly</changefreq></url>
Hofors,Ånge,770,608,Avståndet mellan Hofors och Ånge är 770 km och Karl-Johan Gyllenstorm beräknade körtiden till cirka 608 minuter.,<url><loc>https://pendlings-app1.t-767929534-cloudflare.workers.dev/?fran=Hofors&amp;till=Ånge</loc><changefreq>monthly</changefreq></url>
Trelleborg,Strängnäs,243,190,Avståndet mellan Trelleborg och Strängnäs är 243 km och Karl-Johan Gyllenstorm beräknade körtiden till cirka 190 minuter.,<url><loc>https://pendlings-app1.t-767929534-cloudflare.workers.dev/?fran=Trelleborg&amp;till=Strängnäs</loc><changefreq>monthly</changefreq></url>
Skara,Timrå,700,464,Avståndet mellan Skara och Timrå är 700 km och Karl-Johan Gyllenstorm beräknade körtiden till cirka 464 minuter.,<url><loc>https://pendlings-app1.t-767929534-cloudflare.workers.dev/?fran=Skara&amp;till=Timrå</loc><changefreq>monthly</changefreq></url>
Ronneby,Visby,689,508,Avståndet mellan Ronneby och Visby är 689 km och Karl-Johan Gyllenstorm beräknade körtiden till cirka 508 minuter.,<url><loc>https://pendlings-app1.t-767929534-cloudflare.workers.dev/?fran=Ronneby&amp;till=Visby</loc><changefreq>monthly</changefreq></url>
Vimmerby,Håbo,1429,1024,Avståndet mellan Vimmerby och Håbo är 1429 km och Karl-Johan Gyllenstorm beräknade körtiden till cirka 1024 minuter.,<url><loc>https://pendlings-app1.t-767929534-cloudflare.workers.dev/?fran=Vimmerby&amp;till=Håbo</loc><changefreq>monthly</changefreq></url>
Vilhelmina,Kävlinge,396,282,Avståndet mellan Vilhelmina och Kävlinge är 396 km och Karl-Johan Gyllenstorm beräknade körtiden till cirka 282 minuter.,<url><loc>https://pendlings-app1.t-767929534-cloudflare.workers.dev/?fran=Vilhelmina&amp;till=Kävlinge</loc><changefreq>monthly</changefreq></url>
Åre,Klintehamn,1137,793,Avståndet mellan Åre och Klintehamn är 1137 km och Karl-Johan Gyllenstorm beräknade körtiden till cirka 793 minuter.,<url><loc>https://pendlings-app1.t-767929534-cloudflare.workers.dev/?fran=Åre&amp;till=Klintehamn</loc><changefreq>monthly</changefreq></url>
Stockholm,Älvdalen,387,280,Avståndet mellan Stockholm och Älvdalen är 387 km och Karl-Johan Gyllenstorm beräknade körtiden till cirka 280 minuter.,<url><loc>https://pendlings-app1.t-767929534-cloudflare.workers.dev/?fran=Stockholm&amp;till=Älvdalen</loc><changefreq>monthly</changefreq></url>
Tranemo,Avesta,477,373,Avståndet mellan Tranemo och Avesta är 477 km och Karl-Johan Gyllenstorm beräknade körtiden till cirka 373 minuter.,<url><loc>https://pendlings-app1.t-767929534-cloudflare.workers.dev/?fran=Tranemo&amp;till=Avesta</loc><changefreq>monthly</changefreq></url>
Bålsta,Skövde,936,697,Avståndet mellan Bålsta och Skövde är 936 km och Karl-Johan Gyllenstorm beräknade körtiden till cirka 697 minuter.,<url><loc>https://pendlings-app1.t-767929534-cloudflare.workers.dev/?fran=Bålsta&amp;till=Skövde</loc><changefreq>monthly</changefreq></url>
Sjöbo,Övertorneå,1228,978,Avståndet mellan Sjöbo och Övertorneå är 1228 km och Karl-Johan Gyllenstorm beräknade körtiden till cirka 978 minuter.,<url><loc>https://pendlings-app1.t-767929534-cloudflare.workers.dev/?fran=Sjöbo&amp;till=Övertorneå</loc><changefreq>monthly</changefreq></url>
Mark,Bromölla,512,407,Avståndet mellan Mark och Bromölla är 512 km och Karl-Johan Gyllenstorm beräknade körtiden till cirka 407 minuter.,<url><loc>https://pendlings-app1.t-767929534-cloudflare.workers.dev/?fran=Mark&amp;till=Bromölla</loc><changefreq>monthly</changefreq></url>
Skurup,Kristianstad,759,500,Avståndet mellan Skurup och Kristianstad är 759 km och Karl-Johan Gyllenstorm beräknade körtiden till cirka 500 minuter.,<url><loc>https://pendlings-app1.t-767929534-cloudflare.workers.dev/?fran=Skurup&amp;till=Kristianstad</loc><changefreq>monthly</changefreq></url>
Strömsund,Sundsvall,1117,722,Avståndet mellan Strömsund och Sundsvall är 1117 km och Karl-Johan Gyllenstorm beräknade körtiden till cirka 722 minuter.,<url><loc>https://pendlings-app1.t-767929534-cloudflare.workers.dev/?fran=Strömsund&amp;till=Sundsvall</loc><changefreq>monthly</changefreq></url>
Värnamo,Sollefteå,1064,850,Avståndet mellan Värnamo och Sollefteå är 1064 km och Karl-Johan Gyllenstorm beräknade körtiden till cirka 850 minuter.,<url><loc>https://pendlings-app1.t-767929534-cloudflare.workers.dev/?fran=Värnamo&amp;till=Sollefteå</loc><changefreq>monthly</changefreq></url>
Falkenberg,Nora,1239,881,Avståndet mellan Falkenberg och Nora är 1239 km och Karl-Johan Gyllenstorm beräknade körtiden till cirka 881 minuter.,<url><loc>https://pendlings-app1.t-767929534-cloudflare.workers.dev/?fran=Falkenberg&amp;till=Nora</loc><changefreq>monthly</changefreq></url>
Skutskär,Bollnäs,1138,816,Avståndet mellan Skutskär och Bollnäs är 1138 km och Karl-Johan Gyllenstorm beräknade körtiden till cirka 816 minuter.,<url><loc>https://pendlings-app1.t-767929534-cloudflare.workers.dev/?fran=Skutskär&amp;till=Bollnäs</loc><changefreq>monthly</changefreq></url>
Skurup,Sälen,658,431,Avståndet mellan Skurup och Sälen är 658 km och Karl-Johan Gyllenstorm beräknade körtiden till cirka 431 minuter.,<url><loc>https://pendlings-app1.t-767929534-cloudflare.workers.dev/?fran=Skurup&amp;till=Sälen</loc><changefreq>monthly</changefreq></url>
Orsa,Båstad,293,224,Avståndet mellan Orsa och Båstad är 293 km och Karl-Johan Gyllenstorm beräknade körtiden till cirka 224 minuter.,<url><loc>https://pendlings-app1.t-767929534-cloudflare.workers.dev/?fran=Orsa&amp;till=Båstad</loc><changefreq>monthly</changefreq></url>
Örebro,Vibble,475,346,Avståndet mellan Örebro och Vibble är 475 km och Karl-Johan Gyllenstorm beräknade körtiden till cirka 346 minuter.,<url><loc>https://pendlings-app1.t-767929534-cloudflare.workers.dev/?fran=Örebro&amp;till=Vibble</loc><changefreq>monthly</changefreq></url>
Ljusnarsberg,Haparanda,697,444,Avståndet mellan Ljusnarsberg och Haparanda är 697 km och Karl-Johan Gyllenstorm beräknade körtiden till cirka 444 minuter.,<url><loc>https://pendlings-app1.t-767929534-cloudflare.workers.dev/?fran=Ljusnarsberg&amp;till=Haparanda</loc><changefreq>monthly</changefreq></url>
Eda,Ulricehamn,629,428,Avståndet mellan Eda och Ulricehamn är 629 km och Karl-Johan Gyllenstorm beräknade körtiden till cirka 428 minuter.,<url><loc>https://pendlings-app1.t-767929534-cloudflare.workers.dev/?fran=Eda&amp;till=Ulricehamn</loc><changefreq>monthly</changefreq></url>
Laxå,Osby,771,532,Avståndet mellan Laxå och Osby är 771 km och Karl-Johan Gyllenstorm beräknade körtiden till cirka 532 minuter.,<url><loc>https://pendlings-app1.t-767929534-cloudflare.workers.dev/?fran=Laxå&amp;till=Osby</loc><changefreq>monthly</changefreq></url>
Östersund,Hällefor,395,312,Avståndet mellan Östersund och Hällefor är 395 km och Karl-Johan Gyllenstorm beräknade körtiden till cirka 312 minuter.,<url><loc>https://pendlings-app1.t-767929534-cloudflare.workers.dev/?fran=Östersund&amp;till=Hällefor</loc><changefreq>monthly</changefreq></url>
Gislaved,Filipstad,747,520,Avståndet mellan Gislaved och Filipstad är 747 km och Karl-Johan Gyllenstorm beräknade körtiden till cirka 520 minuter.,<url><loc>https://pendlings-app1.t-767929534-cloudflare.workers.dev/?fran=Gislaved&amp;till=Filipstad</loc><changefreq>monthly</changefreq></url>
Nyköping,Gnosjö,932,687,Avståndet mellan Nyköping och Gnosjö är 932 km och Karl-Johan Gyllenstorm beräknade körtiden till cirka 687 minuter.,<url><loc>https://pendlings-app1.t-767929534-cloudflare.workers.dev/?fran=Nyköping&amp;till=Gnosjö</loc><changefreq>monthly</changefreq></url>
Bjuv,Lysekil,1040,717,Avståndet mellan Bjuv och Lysekil är 1040 km och Karl-Johan Gyllenstorm beräknade körtiden till cirka 717 minuter.,<url><loc>https://pendlings-app1.t-767929534-cloudflare.workers.dev/?fran=Bjuv&amp;till=Lysekil</loc><changefreq>monthly</changefreq></url>
Timrå,Olofström,205,159,Avståndet mellan Timrå och Olofström är 205 km och Karl-Johan Gyllenstorm beräknade körtiden till cirka 159 minuter.,<url><loc>https://pendlings-app1.t-767929534-cloudflare.workers.dev/?fran=Timrå&amp;till=Olofström</loc><changefreq>monthly</changefreq></url>
Fagersta,Härnösand,410,271,Avståndet mellan Fagersta och Härnösand är 410 km och Karl-Johan Gyllenstorm beräknade körtiden till cirka 271 minuter.,<url><loc>https://pendlings-app1.t-767929534-cloudflare.workers.dev/?fran=Fagersta&amp;till=Härnösand</loc><changefreq>monthly</changefreq></url>
Perstorp,Höör,1238,817,Avståndet mellan Perstorp och Höör är 1238 km och Karl-Johan Gyllenstorm beräknade körtiden till cirka 817 minuter.,<url><loc>https://pendlings-app1.t-767929534-cloudflare.workers.dev/?fran=Perstorp&amp;till=Höör</loc><changefreq>monthly</changefreq></url>
Umeå,Färjestaden,482,384,Avståndet mellan Umeå och Färjestaden är 482 km och Karl-Johan Gyllenstorm beräknade körtiden till cirka 384 minuter.,<url><loc>https://pendlings-app1.t-767929534-cloudflare.workers.dev/?fran=Umeå&amp;till=Färjestaden</loc><changefreq>monthly</changefreq></url>
Trosa,Vara,650,433,Avståndet mellan Trosa och Vara är 650 km och Karl-Johan Gyllenstorm beräknade körtiden till cirka 433 minuter.,<url><loc>https://pendlings-app1.t-767929534-cloudflare.workers.dev/?fran=Trosa&amp;till=Vara</loc><changefreq>monthly</changefreq></url>
Haparanda,Uppsala,982,708,Avståndet mellan Haparanda och Uppsala är 982 km och Karl-Johan Gyllenstorm beräknade körtiden till cirka 708 minuter.,<url><loc>https://pendlings-app1.t-767929534-cloudflare.workers.dev/?fran=Haparanda&amp;till=Uppsala</loc><changefreq>monthly</changefreq></url>
Lysekil,Färjestaden,317,227,Avståndet mellan Lysekil och Färjestaden är 317 km och Karl-Johan Gyllenstorm beräknade körtiden till cirka 227 minuter.,<url><loc>https://pendlings-app1.t-767929534-cloudflare.workers.dev/?fran=Lysekil&amp;till=Färjestaden</loc><changefreq>monthly</changefreq></url>
Mark,Ydre,537,395,Avståndet mellan Mark och Ydre är 537 km och Karl-Johan Gyllenstorm beräknade körtiden till cirka 395 minuter.,<url><loc>https://pendlings-app1.t-767929534-cloudflare.workers.dev/?fran=Mark&amp;till=Ydre</loc><changefreq>monthly</changefreq></url>
Orsa,Forshaga,1423,1108,Avståndet mellan Orsa och Forshaga är 1423 km och Karl-Johan Gyllenstorm beräknade körtiden till cirka 1108 minuter.,<url><loc>https://pendlings-app1.t-767929534-cloudflare.workers.dev/?fran=Orsa&amp;till=Forshaga</loc><changefreq>monthly</changefreq></url>
Vilhelmina,Munkedal,821,657,Avståndet mellan Vilhelmina och Munkedal är 821 km och Karl-Johan Gyllenstorm beräknade körtiden till cirka 657 minuter.,<url><loc>https://pendlings-app1.t-767929534-cloudflare.workers.dev/?fran=Vilhelmina&amp;till=Munkedal</loc><changefreq>monthly</changefreq></url>
Hofors,Vetlanda,1192,756,Avståndet mellan Hofors och Vetlanda är 1192 km och Karl-Johan Gyllenstorm beräknade körtiden till cirka 756 minuter.,<url><loc>https://pendlings-app1.t-767929534-cloudflare.workers.dev/?fran=Hofors&amp;till=Vetlanda</loc><changefreq>monthly</changefreq></url>
Gällivare,Perstorp,755,480,Avståndet mellan Gällivare och Perstorp är 755 km och Karl-Johan Gyllenstorm beräknade körtiden till cirka 480 minuter.,<url><loc>https://pendlings-app1.t-767929534-cloudflare.workers.dev/?fran=Gällivare&amp;till=Perstorp</loc><changefreq>monthly</changefreq></url>
Habon,Torsby,1193,849,Avståndet mellan Habon och Torsby är 1193 km och Karl-Johan Gyllenstorm beräknade körtiden till cirka 849 minuter.,<url><loc>https://pendlings-app1.t-767929534-cloudflare.workers.dev/?fran=Habon&amp;till=Torsby</loc><changefreq>monthly</changefreq></url>
Avesta,Oxelösund,104,69,Avståndet mellan Avesta och Oxelösund är 104 km och Karl-Johan Gyllenstorm beräknade körtiden till cirka 69 minuter.,<url><loc>https://pendlings-app1.t-767929534-cloudflare.workers.dev/?fran=Avesta&amp;till=Oxelösund</loc><changefreq>monthly</changefreq></url>
Trosa,Ödeshög,248,161,Avståndet mellan Trosa och Ödeshög är 248 km och Karl-Johan Gyllenstorm beräknade körtiden till cirka 161 minuter.,<url><loc>https://pendlings-app1.t-767929534-cloudflare.workers.dev/?fran=Trosa&amp;till=Ödeshög</loc><changefreq>monthly</changefreq></url>
Sälen,Finspång,1375,882,Avståndet mellan Sälen och Finspång är 1375 km och Karl-Johan Gyllenstorm beräknade körtiden till cirka 882 minuter.,<url><loc>https://pendlings-app1.t-767929534-cloudflare.workers.dev/?fran=Sälen&amp;till=Finspång</loc><changefreq>monthly</changefreq></url>
Sorsele,Landskrona,368,281,Avståndet mellan Sorsele och Landskrona är 368 km och Karl-Johan Gyllenstorm beräknade körtiden till cirka 281 minuter.,<url><loc>https://pendlings-app1.t-767929534-cloudflare.workers.dev/?fran=Sorsele&amp;till=Landskrona</loc><changefreq>monthly</changefreq></url>
Habon,Sävsjö,445,338,Avståndet mellan Habon och Sävsjö är 445 km och Karl-Johan Gyllenstorm beräknade körtiden till cirka 338 minuter.,<url><loc>https://pendlings-app1.t-767929534-cloudflare.workers.dev/?fran=Habon&amp;till=Sävsjö</loc><changefreq>monthly</changefreq></url>
Täby,Söderhamn,1093,755,Avståndet mellan Täby och Söderhamn är 1093 km och Karl-Johan Gyllenstorm beräknade körtiden till cirka 755 minuter.,<url><loc>https://pendlings-app1.t-767929534-cloudflare.workers.dev/?fran=Täby&amp;till=Söderhamn</loc><changefreq>monthly</changefreq></url>
Berg,Västervik,794,625,Avståndet mellan Berg och Västervik är 794 km och Karl-Johan Gyllenstorm beräknade körtiden till cirka 625 minuter.,<url><loc>https://pendlings-app1.t-767929534-cloudflare.workers.dev/?fran=Berg&amp;till=Västervik</loc><changefreq>monthly</changefreq></url>
Sorsele,Stånga,1077,819,Avståndet mellan Sorsele och Stånga är 1077 km och Karl-Johan Gyllenstorm beräknade körtiden till cirka 819 minuter.,<url><loc>https://pendlings-app1.t-767929534-cloudflare.workers.dev/?fran=Sorsele&amp;till=Stånga</loc><changefreq>monthly</changefreq></url>
Emmaboda,Örebro,964,691,Avståndet mellan Emmaboda och Örebro är 964 km och Karl-Johan Gyllenstorm beräknade körtiden till cirka 691 minuter.,<url><loc>https://pendlings-app1.t-767929534-cloudflare.workers.dev/?fran=Emmaboda&amp;till=Örebro</loc><changefreq>monthly</changefreq></url>
Haparanda,Malmö,169,131,Avståndet mellan Haparanda och Malmö är 169 km och Karl-Johan Gyllenstorm beräknade körtiden till cirka 131 minuter.,<url><loc>https://pendlings-app1.t-767929534-cloudflare.workers.dev/?fran=Haparanda&amp;till=Malmö</loc><changefreq>monthly</changefreq></url>
Svenljunga,Tofta,1064,728,Avståndet mellan Svenljunga och Tofta är 1064 km och Karl-Johan Gyllenstorm beräknade körtiden till cirka 728 minuter.,<url><loc>https://pendlings-app1.t-767929534-cloudflare.workers.dev/?fran=Svenljunga&amp;till=Tofta</loc><changefreq>monthly</changefreq></url>
Vilhelmina,Mörbylånga,1082,748,Avståndet mellan Vilhelmina och Mörbylånga är 1082 km och Karl-Johan Gyllenstorm beräknade körtiden till cirka 748 minuter.,<url><loc>https://pendlings-app1.t-767929534-cloudflare.workers.dev/?fran=Vilhelmina&amp;till=Mörbylånga</loc><changefreq>monthly</changefreq></url>
Oxelösund,Bollnäs,490,391,Avståndet mellan Oxelösund och Bollnäs är 490 km och Karl-Johan Gyllenstorm beräknade körtiden till cirka 391 minuter.,<url><loc>https://pendlings-app1.t-767929534-cloudflare.workers.dev/?fran=Oxelösund&amp;till=Bollnäs</loc><changefreq>monthly</changefreq></url>
Grästorp,Töreboda,1040,774,Avståndet mellan Grästorp och Töreboda är 1040 km och Karl-Johan Gyllenstorm beräknade körtiden till cirka 774 minuter.,<url><loc>https://pendlings-app1.t-767929534-cloudflare.workers.dev/?fran=Grästorp&amp;till=Töreboda</loc><changefreq>monthly</changefreq></url>
Vibble,Malå,241,161,Avståndet mellan Vibble och Malå är 241 km och Karl-Johan Gyllenstorm beräknade körtiden till cirka 161 minuter.,<url><loc>https://pendlings-app1.t-767929534-cloudflare.workers.dev/?fran=Vibble&amp;till=Malå</loc><changefreq>monthly</changefreq></url>
Tranås,Håbo,529,354,Avståndet mellan Tranås och Håbo är 529 km och Karl-Johan Gyllenstorm beräknade körtiden till cirka 354 minuter.,<url><loc>https://pendlings-app1.t-767929534-cloudflare.workers.dev/?fran=Tranås&amp;till=Håbo</loc><changefreq>monthly</changefreq></url>
Ängelholm,Ockelbo,1196,824,Avståndet mellan Ängelholm och Ockelbo är 1196 km och Karl-Johan Gyllenstorm beräknade körtiden till cirka 824 minuter.,<url><loc>https://pendlings-app1.t-767929534-cloudflare.workers.dev/?fran=Ängelholm&amp;till=Ockelbo</loc><changefreq>monthly</changefreq></url>
Eslöv,Täby,1333,946,Avståndet mellan Eslöv och Täby är 1333 km och Karl-Johan Gyllenstorm beräknade körtiden till cirka 946 minuter.,<url><loc>https://pendlings-app1.t-767929534-cloudflare.workers.dev/?fran=Eslöv&amp;till=Täby</loc><changefreq>monthly</changefreq></url>
Essunga,Håbo,1242,961,Avståndet mellan Essunga och Håbo är 1242 km och Karl-Johan Gyllenstorm beräknade körtiden till cirka 961 minuter.,<url><loc>https://pendlings-app1.t-767929534-cloudflare.workers.dev/?fran=Essunga&amp;till=Håbo</loc><changefreq>monthly</changefreq></url>
Gimo,Stånga,240,164,Avståndet mellan Gimo och Stånga är 240 km och Karl-Johan Gyllenstorm beräknade körtiden till cirka 164 minuter.,<url><loc>https://pendlings-app1.t-767929534-cloudflare.workers.dev/?fran=Gimo&amp;till=Stånga</loc><changefreq>monthly</changefreq></url>
Arvidsjaur,Svalöv,697,470,Avståndet mellan Arvidsjaur och Svalöv är 697 km och Karl-Johan Gyllenstorm beräknade körtiden till cirka 470 minuter.,<url><loc>https://pendlings-app1.t-767929534-cloudflare.workers.dev/?fran=Arvidsjaur&amp;till=Svalöv</loc><changefreq>monthly</changefreq></url>
Landskrona,Enköping,124,80,Avståndet mellan Landskrona och Enköping är 124 km och Karl-Johan Gyllenstorm beräknade körtiden till cirka 80 minuter.,<url><loc>https://pendlings-app1.t-767929534-cloudflare.workers.dev/?fran=Landskrona&amp;till=Enköping</loc><changefreq>monthly</changefreq></url>
Enköping,Vansbro,476,360,Avståndet mellan Enköping och Vansbro är 476 km och Karl-Johan Gyllenstorm beräknade körtiden till cirka 360 minuter.,<url><loc>https://pendlings-app1.t-767929534-cloudflare.workers.dev/?fran=Enköping&amp;till=Vansbro</loc><changefreq>monthly</changefreq></url>
Arvika,Essunga,1411,999,Avståndet mellan Arvika och Essunga är 1411 km och Karl-Johan Gyllenstorm beräknade körtiden till cirka 999 minuter.,<url><loc>https://pendlings-app1.t-767929534-cloudflare.workers.dev/?fran=Arvika&amp;till=Essunga</loc><changefreq>monthly</changefreq></url>
Stånga,Bengtsfors,1132,733,Avståndet mellan Stånga och Bengtsfors är 1132 km och Karl-Johan Gyllenstorm beräknade körtiden till cirka 733 minuter.,<url><loc>https://pendlings-app1.t-767929534-cloudflare.workers.dev/?fran=Stånga&amp;till=Bengtsfors</loc><changefreq>monthly</changefreq></url>
Strömstad,Malå,1410,1031,Avståndet mellan Strömstad och Malå är 1410 km och Karl-Johan Gyllenstorm beräknade körtiden till cirka 1031 minuter.,<url><loc>https://pendlings-app1.t-767929534-cloudflare.workers.dev/?fran=Strömstad&amp;till=Malå</loc><changefreq>monthly</changefreq></url>
Uddevalla,Strömstad,323,227,Avståndet mellan Uddevalla och Strömstad är 323 km och Karl-Johan Gyllenstorm beräknade körtiden till cirka 227 minuter.,<url><loc>https://pendlings-app1.t-767929534-cloudflare.workers.dev/?fran=Uddevalla&amp;till=Strömstad</loc><changefreq>monthly</changefreq></url>
Surahammar,Hallsberg,1341,854,Avståndet mellan Surahammar och Hallsberg är 1341 km och Karl-Johan Gyllenstorm beräknade körtiden till cirka 854 minuter.,<url><loc>https://pendlings-app1.t-767929534-cloudflare.workers.dev/?fran=Surahammar&amp;till=Hallsberg</loc><changefreq>monthly</changefreq></url>
Mellerud,Lidköping,1173,763,Avståndet mellan Mellerud och Lidköping är 1173 km och Karl-Johan Gyllenstorm beräknade körtiden till cirka 763 minuter.,<url><loc>https://pendlings-app1.t-767929534-cloudflare.workers.dev/?fran=Mellerud&amp;till=Lidköping</loc><changefreq>monthly</changefreq></url>
Bollnäs,Östra Göinge,1073,776,Avståndet mellan Bollnäs och Östra Göinge är 1073 km och Karl-Johan Gyllenstorm beräknade körtiden till cirka 776 minuter.,<url><loc>https://pendlings-app1.t-767929534-cloudflare.workers.dev/?fran=Bollnäs&amp;till=Östra Göinge</loc><changefreq>monthly</changefreq></url>
Burgsvik,Lomma,1360,1058,Avståndet mellan Burgsvik och Lomma är 1360 km och Karl-Johan Gyllenstorm beräknade körtiden till cirka 1058 minuter.,<url><loc>https://pendlings-app1.t-767929534-cloudflare.workers.dev/?fran=Burgsvik&amp;till=Lomma</loc><changefreq>monthly</changefreq></url>
Knivsta,Motala,553,367,Avståndet mellan Knivsta och Motala är 553 km och Karl-Johan Gyllenstorm beräknade körtiden till cirka 367 minuter.,<url><loc>https://pendlings-app1.t-767929534-cloudflare.workers.dev/?fran=Knivsta&amp;till=Motala</loc><changefreq>monthly</changefreq></url>
Sorsele,Ödeshög,1203,856,Avståndet mellan Sorsele och Ödeshög är 1203 km och Karl-Johan Gyllenstorm beräknade körtiden till cirka 856 minuter.,<url><loc>https://pendlings-app1.t-767929534-cloudflare.workers.dev/?fran=Sorsele&amp;till=Ödeshög</loc><changefreq>monthly</changefreq></url>
Gimo,Vara,522,412,Avståndet mellan Gimo och Vara är 522 km och Karl-Johan Gyllenstorm beräknade körtiden till cirka 412 minuter.,<url><loc>https://pendlings-app1.t-767929534-cloudflare.workers.dev/?fran=Gimo&amp;till=Vara</loc><changefreq>monthly</changefreq></url>
Vårgårda,Sandviken,1189,949,Avståndet mellan Vårgårda och Sandviken är 1189 km och Karl-Johan Gyllenstorm beräknade körtiden till cirka 949 minuter.,<url><loc>https://pendlings-app1.t-767929534-cloudflare.workers.dev/?fran=Vårgårda&amp;till=Sandviken</loc><changefreq>monthly</changefreq></url>
Skellefteå,Herrljunga,33,23,Avståndet mellan Skellefteå och Herrljunga är 33 km och Karl-Johan Gyllenstorm beräknade körtiden till cirka 23 minuter.,<url><loc>https://pendlings-app1.t-767929534-cloudflare.workers.dev/?fran=Skellefteå&amp;till=Herrljunga</loc><changefreq>monthly</changefreq></url>
Sorsele,Vårgårda,1041,720,Avståndet mellan Sorsele och Vårgårda är 1041 km och Karl-Johan Gyllenstorm beräknade körtiden till cirka 720 minuter.,<url><loc>https://pendlings-app1.t-767929534-cloudflare.workers.dev/?fran=Sorsele&amp;till=Vårgårda</loc><changefreq>monthly</changefreq></url>
Knivsta,Vingåker,1285,890,Avståndet mellan Knivsta och Vingåker är 1285 km och Karl-Johan Gyllenstorm beräknade körtiden till cirka 890 minuter.,<url><loc>https://pendlings-app1.t-767929534-cloudflare.workers.dev/?fran=Knivsta&amp;till=Vingåker</loc><changefreq>monthly</changefreq></url>
Eskilstuna,Tibro,1277,833,Avståndet mellan Eskilstuna och Tibro är 1277 km och Karl-Johan Gyllenstorm beräknade körtiden till cirka 833 minuter.,<url><loc>https://pendlings-app1.t-767929534-cloudflare.workers.dev/?fran=Eskilstuna&amp;till=Tibro</loc><changefreq>monthly</changefreq></url>
Vimmerby,Tomelilla,1363,894,Avståndet mellan Vimmerby och Tomelilla är 1363 km och Karl-Johan Gyllenstorm beräknade körtiden till cirka 894 minuter.,<url><loc>https://pendlings-app1.t-767929534-cloudflare.workers.dev/?fran=Vimmerby&amp;till=Tomelilla</loc><changefreq>monthly</changefreq></url>
Ydre,Storuman,591,436,Avståndet mellan Ydre och Storuman är 591 km och Karl-Johan Gyllenstorm beräknade körtiden till cirka 436 minuter.,<url><loc>https://pendlings-app1.t-767929534-cloudflare.workers.dev/?fran=Ydre&amp;till=Storuman</loc><changefreq>monthly</changefreq></url>
Malmö,Strömsund,1425,919,Avståndet mellan Malmö och Strömsund är 1425 km och Karl-Johan Gyllenstorm beräknade körtiden till cirka 919 minuter.,<url><loc>https://pendlings-app1.t-767929534-cloudflare.workers.dev/?fran=Malmö&amp;till=Strömsund</loc><changefreq>monthly</changefreq></url>
Älvkarleby,Ljusdal,1375,1031,Avståndet mellan Älvkarleby och Ljusdal är 1375 km och Karl-Johan Gyllenstorm beräknade körtiden till cirka 1031 minuter.,<url><loc>https://pendlings-app1.t-767929534-cloudflare.workers.dev/?fran=Älvkarleby&amp;till=Ljusdal</loc><changefreq>monthly</changefreq></url>
Arvika,Linköping,659,491,Avståndet mellan Arvika och Linköping är 659 km och Karl-Johan Gyllenstorm beräknade körtiden till cirka 491 minuter.,<url><loc>https://pendlings-app1.t-767929534-cloudflare.workers.dev/?fran=Arvika&amp;till=Linköping</loc><changefreq>monthly</changefreq></url>
Torsby,Sotenäs,113,81,Avståndet mellan Torsby och Sotenäs är 113 km och Karl-Johan Gyllenstorm beräknade körtiden till cirka 81 minuter.,<url><loc>https://pendlings-app1.t-767929534-cloudflare.workers.dev/?fran=Torsby&amp;till=Sotenäs</loc><changefreq>monthly</changefreq></url>
Gagnef,Klippan,1215,783,Avståndet mellan Gagnef och Klippan är 1215 km och Karl-Johan Gyllenstorm beräknade körtiden till cirka 783 minuter.,<url><loc>https://pendlings-app1.t-767929534-cloudflare.workers.dev/?fran=Gagnef&amp;till=Klippan</loc><changefreq>monthly</changefreq></url>
Emmaboda,Gimo,373,249,Avståndet mellan Emmaboda och Gimo är 373 km och Karl-Johan Gyllenstorm beräknade körtiden till cirka 249 minuter.,<url><loc>https://pendlings-app1.t-767929534-cloudflare.workers.dev/?fran=Emmaboda&amp;till=Gimo</loc><changefreq>monthly</changefreq></url>
Täby,Olofström,302,219,Avståndet mellan Täby och Olofström är 302 km och Karl-Johan Gyllenstorm beräknade körtiden till cirka 219 minuter.,<url><loc>https://pendlings-app1.t-767929534-cloudflare.workers.dev/?fran=Täby&amp;till=Olofström</loc><changefreq>monthly</changefreq></url>
Hörby,Krokom,728,541,Avståndet mellan Hörby och Krokom är 728 km och Karl-Johan Gyllenstorm beräknade körtiden till cirka 541 minuter.,<url><loc>https://pendlings-app1.t-767929534-cloudflare.workers.dev/?fran=Hörby&amp;till=Krokom</loc><changefreq>monthly</changefreq></url>
Haparanda,Piteå,500,371,Avståndet mellan Haparanda och Piteå är 500 km och Karl-Johan Gyllenstorm beräknade körtiden till cirka 371 minuter.,<url><loc>https://pendlings-app1.t-767929534-cloudflare.workers.dev/?fran=Haparanda&amp;till=Piteå</loc><changefreq>monthly</changefreq></url>
Fagersta,Göteborg,950,622,Avståndet mellan Fagersta och Göteborg är 950 km och Karl-Johan Gyllenstorm beräknade körtiden till cirka 622 minuter.,<url><loc>https://pendlings-app1.t-767929534-cloudflare.workers.dev/?fran=Fagersta&amp;till=Göteborg</loc><changefreq>monthly</changefreq></url>
Ronneby,Mellerud,1188,924,Avståndet mellan Ronneby och Mellerud är 1188 km och Karl-Johan Gyllenstorm beräknade körtiden till cirka 924 minuter.,<url><loc>https://pendlings-app1.t-767929534-cloudflare.workers.dev/?fran=Ronneby&amp;till=Mellerud</loc><changefreq>monthly</changefreq></url>
Töreboda,Färgelanda,825,655,Avståndet mellan Töreboda och Färgelanda är 825 km och Karl-Johan Gyllenstorm beräknade körtiden till cirka 655 minuter.,<url><loc>https://pendlings-app1.t-767929534-cloudflare.workers.dev/?fran=Töreboda&amp;till=Färgelanda</loc><changefreq>monthly</changefreq></url>
Borås,Ockelbo,555,416,Avståndet mellan Borås och Ockelbo är 555 km och Karl-Johan Gyllenstorm beräknade körtiden till cirka 416 minuter.,<url><loc>https://pendlings-app1.t-767929534-cloudflare.workers.dev/?fran=Borås&amp;till=Ockelbo</loc><changefreq>monthly</changefreq></url>
Kävlinge,Täby,1212,826,Avståndet mellan Kävlinge och Täby är 1212 km och Karl-Johan Gyllenstorm beräknade körtiden till cirka 826 minuter.,<url><loc>https://pendlings-app1.t-767929534-cloudflare.workers.dev/?fran=Kävlinge&amp;till=Täby</loc><changefreq>monthly</changefreq></url>
Bjuv,Kristianstad,1080,818,Avståndet mellan Bjuv och Kristianstad är 1080 km och Karl-Johan Gyllenstorm beräknade körtiden till cirka 818 minuter.,<url><loc>https://pendlings-app1.t-767929534-cloudflare.workers.dev/?fran=Bjuv&amp;till=Kristianstad</loc><changefreq>monthly</changefreq></url>
Karlshamn,Askersund,1276,897,Avståndet mellan Karlshamn och Askersund är 1276 km och Karl-Johan Gyllenstorm beräknade körtiden till cirka 897 minuter.,<url><loc>https://pendlings-app1.t-767929534-cloudflare.workers.dev/?fran=Karlshamn&amp;till=Askersund</loc><changefreq>monthly</changefreq></url>
Höganäs,Dorotea,1308,894,Avståndet mellan Höganäs och Dorotea är 1308 km och Karl-Johan Gyllenstorm beräknade körtiden till cirka 894 minuter.,<url><loc>https://pendlings-app1.t-767929534-cloudflare.workers.dev/?fran=Höganäs&amp;till=Dorotea</loc><changefreq>monthly</changefreq></url>
Finspång,Bollebygd,1187,793,Avståndet mellan Finspång och Bollebygd är 1187 km och Karl-Johan Gyllenstorm beräknade körtiden till cirka 793 minuter.,<url><loc>https://pendlings-app1.t-767929534-cloudflare.workers.dev/?fran=Finspång&amp;till=Bollebygd</loc><changefreq>monthly</changefreq></url>
Östhammar,Sälen,971,638,Avståndet mellan Östhammar och Sälen är 971 km och Karl-Johan Gyllenstorm beräknade körtiden till cirka 638 minuter.,<url><loc>https://pendlings-app1.t-767929534-cloudflare.workers.dev/?fran=Östhammar&amp;till=Sälen</loc><changefreq>monthly</changefreq></url>
Kungsbacka,Kristianstad,1197,761,Avståndet mellan Kungsbacka och Kristianstad är 1197 km och Karl-Johan Gyllenstorm beräknade körtiden till cirka 761 minuter.,<url><loc>https://pendlings-app1.t-767929534-cloudflare.workers.dev/?fran=Kungsbacka&amp;till=Kristianstad</loc><changefreq>monthly</changefreq></url>
Ydre,Nybro,770,543,Avståndet mellan Ydre och Nybro är 770 km och Karl-Johan Gyllenstorm beräknade körtiden till cirka 543 minuter.,<url><loc>https://pendlings-app1.t-767929534-cloudflare.workers.dev/?fran=Ydre&amp;till=Nybro</loc><changefreq>monthly</changefreq></url>
Leksand,Vingåker,668,477,Avståndet mellan Leksand och Vingåker är 668 km och Karl-Johan Gyllenstorm beräknade körtiden till cirka 477 minuter.,<url><loc>https://pendlings-app1.t-767929534-cloudflare.workers.dev/?fran=Leksand&amp;till=Vingåker</loc><changefreq>monthly</changefreq></url>
Bjuv,Sollefteå,481,309,Avståndet mellan Bjuv och Sollefteå är 481 km och Karl-Johan Gyllenstorm beräknade körtiden till cirka 309 minuter.,<url><loc>https://pendlings-app1.t-767929534-cloudflare.workers.dev/?fran=Bjuv&amp;till=Sollefteå</loc><changefreq>monthly</changefreq></url>
Karlsborg,Umeå,1042,766,Avståndet mellan Karlsborg och Umeå är 1042 km och Karl-Johan Gyllenstorm beräknade körtiden till cirka 766 minuter.,<url><loc>https://pendlings-app1.t-767929534-cloudflare.workers.dev/?fran=Karlsborg&amp;till=Umeå</loc><changefreq>monthly</changefreq></url>
Eksjö,Sundsvall,1388,879,Avståndet mellan Eksjö och Sundsvall är 1388 km och Karl-Johan Gyllenstorm beräknade körtiden till cirka 879 minuter.,<url><loc>https://pendlings-app1.t-767929534-cloudflare.workers.dev/?fran=Eksjö&amp;till=Sundsvall</loc><changefreq>monthly</changefreq></url>
Köping,Göteborg,1155,907,Avståndet mellan Köping och Göteborg är 1155 km och Karl-Johan Gyllenstorm beräknade körtiden till cirka 907 minuter.,<url><loc>https://pendlings-app1.t-767929534-cloudflare.workers.dev/?fran=Köping&amp;till=Göteborg</loc><changefreq>monthly</changefreq></url>
Östra Göinge,Köping,1001,702,Avståndet mellan Östra Göinge och Köping är 1001 km och Karl-Johan Gyllenstorm beräknade körtiden till cirka 702 minuter.,<url><loc>https://pendlings-app1.t-767929534-cloudflare.workers.dev/?fran=Östra Göinge&amp;till=Köping</loc><changefreq>monthly</changefreq></url>
Kinda,Höganäs,471,298,Avståndet mellan Kinda och Höganäs är 471 km och Karl-Johan Gyllenstorm beräknade körtiden till cirka 298 minuter.,<url><loc>https://pendlings-app1.t-767929534-cloudflare.workers.dev/?fran=Kinda&amp;till=Höganäs</loc><changefreq>monthly</changefreq></url>
Årjäng,Oxelösund,1411,1117,Avståndet mellan Årjäng och Oxelösund är 1411 km och Karl-Johan Gyllenstorm beräknade körtiden till cirka 1117 minuter.,<url><loc>https://pendlings-app1.t-767929534-cloudflare.workers.dev/?fran=Årjäng&amp;till=Oxelösund</loc><changefreq>monthly</changefreq></url>
Essunga,Avesta,1445,1095,Avståndet mellan Essunga och Avesta är 1445 km och Karl-Johan Gyllenstorm beräknade körtiden till cirka 1095 minuter.,<url><loc>https://pendlings-app1.t-767929534-cloudflare.workers.dev/?fran=Essunga&amp;till=Avesta</loc><changefreq>monthly</changefreq></url>
Sälen,Hudiksvall,931,634,Avståndet mellan Sälen och Hudiksvall är 931 km och Karl-Johan Gyllenstorm beräknade körtiden till cirka 634 minuter.,<url><loc>https://pendlings-app1.t-767929534-cloudflare.workers.dev/?fran=Sälen&amp;till=Hudiksvall</loc><changefreq>monthly</changefreq></url>
Aneby,Mora,225,148,Avståndet mellan Aneby och Mora är 225 km och Karl-Johan Gyllenstorm beräknade körtiden till cirka 148 minuter.,<url><loc>https://pendlings-app1.t-767929534-cloudflare.workers.dev/?fran=Aneby&amp;till=Mora</loc><changefreq>monthly</changefreq></url>
Visby,Falkenberg,979,697,Avståndet mellan Visby och Falkenberg är 979 km och Karl-Johan Gyllenstorm beräknade körtiden till cirka 697 minuter.,<url><loc>https://pendlings-app1.t-767929534-cloudflare.workers.dev/?fran=Visby&amp;till=Falkenberg</loc><changefreq>monthly</changefreq></url>
Svedala,Söderköping,819,639,Avståndet mellan Svedala och Söderköping är 819 km och Karl-Johan Gyllenstorm beräknade körtiden till cirka 639 minuter.,<url><loc>https://pendlings-app1.t-767929534-cloudflare.workers.dev/?fran=Svedala&amp;till=Söderköping</loc><changefreq>monthly</changefreq></url>
Jönköping,Mariestad,1430,978,Avståndet mellan Jönköping och Mariestad är 1430 km och Karl-Johan Gyllenstorm beräknade körtiden till cirka 978 minuter.,<url><loc>https://pendlings-app1.t-767929534-cloudflare.workers.dev/?fran=Jönköping&amp;till=Mariestad</loc><changefreq>monthly</changefreq></url>
Staffanstorp,Strömstad,420,310,Avståndet mellan Staffanstorp och Strömstad är 420 km och Karl-Johan Gyllenstorm beräknade körtiden till cirka 310 minuter.,<url><loc>https://pendlings-app1.t-767929534-cloudflare.workers.dev/?fran=Staffanstorp&amp;till=Strömstad</loc><changefreq>monthly</changefreq></url>
Borgholm,Täby,77,53,Avståndet mellan Borgholm och Täby är 77 km och Karl-Johan Gyllenstorm beräknade körtiden till cirka 53 minuter.,<url><loc>https://pendlings-app1.t-767929534-cloudflare.workers.dev/?fran=Borgholm&amp;till=Täby</loc><changefreq>monthly</changefreq></url>
Kungsör,Perstorp,30,21,Avståndet mellan Kungsör och Perstorp är 30 km och Karl-Johan Gyllenstorm beräknade körtiden till cirka 21 minuter.,<url><loc>https://pendlings-app1.t-767929534-cloudflare.workers.dev/?fran=Kungsör&amp;till=Perstorp</loc><changefreq>monthly</changefreq></url>
Perstorp,Gävle,1119,846,Avståndet mellan Perstorp och Gävle är 1119 km och Karl-Johan Gyllenstorm beräknade körtiden till cirka 846 minuter.,<url><loc>https://pendlings-app1.t-767929534-cloudflare.workers.dev/?fran=Perstorp&amp;till=Gävle</loc><changefreq>monthly</changefreq></url>
Töreboda,Visby,1220,937,Avståndet mellan Töreboda och Visby är 1220 km och Karl-Johan Gyllenstorm beräknade körtiden till cirka 937 minuter.,<url><loc>https://pendlings-app1.t-767929534-cloudflare.workers.dev/?fran=Töreboda&amp;till=Visby</loc><changefreq>monthly</changefreq></url>
Lindesberg,Rättvik,415,315,Avståndet mellan Lindesberg och Rättvik är 415 km och Karl-Johan Gyllenstorm beräknade körtiden till cirka 315 minuter.,<url><loc>https://pendlings-app1.t-767929534-cloudflare.workers.dev/?fran=Lindesberg&amp;till=Rättvik</loc><changefreq>monthly</changefreq></url>
Östra Göinge,Motala,1051,774,Avståndet mellan Östra Göinge och Motala är 1051 km och Karl-Johan Gyllenstorm beräknade körtiden till cirka 774 minuter.,<url><loc>https://pendlings-app1.t-767929534-cloudflare.workers.dev/?fran=Östra Göinge&amp;till=Motala</loc><changefreq>monthly</changefreq></url>
Ulricehamn,Arboga,52,39,Avståndet mellan Ulricehamn och Arboga är 52 km och Karl-Johan Gyllenstorm beräknade körtiden till cirka 39 minuter.,<url><loc>https://pendlings-app1.t-767929534-cloudflare.workers.dev/?fran=Ulricehamn&amp;till=Arboga</loc><changefreq>monthly</changefreq></url>
Pajala,Stånga,412,297,Avståndet mellan Pajala och Stånga är 412 km och Karl-Johan Gyllenstorm beräknade körtiden till cirka 297 minuter.,<url><loc>https://pendlings-app1.t-767929534-cloudflare.workers.dev/?fran=Pajala&amp;till=Stånga</loc><changefreq>monthly</changefreq></url>
Lindesberg,Sandviken,1228,846,Avståndet mellan Lindesberg och Sandviken är 1228 km och Karl-Johan Gyllenstorm beräknade körtiden till cirka 846 minuter.,<url><loc>https://pendlings-app1.t-767929534-cloudflare.workers.dev/?fran=Lindesberg&amp;till=Sandviken</loc><changefreq>monthly</changefreq></url>
Finspång,Trosa,291,186,Avståndet mellan Finspång och Trosa är 291 km och Karl-Johan Gyllenstorm beräknade körtiden till cirka 186 minuter.,<url><loc>https://pendlings-app1.t-767929534-cloudflare.workers.dev/?fran=Finspång&amp;till=Trosa</loc><changefreq>monthly</changefreq></url>
Ragunda,Havdhem,707,479,Avståndet mellan Ragunda och Havdhem är 707 km och Karl-Johan Gyllenstorm beräknade körtiden till cirka 479 minuter.,<url><loc>https://pendlings-app1.t-767929534-cloudflare.workers.dev/?fran=Ragunda&amp;till=Havdhem</loc><changefreq>monthly</changefreq></url>
Hjo,Svedala,113,76,Avståndet mellan Hjo och Svedala är 113 km och Karl-Johan Gyllenstorm beräknade körtiden till cirka 76 minuter.,<url><loc>https://pendlings-app1.t-767929534-cloudflare.workers.dev/?fran=Hjo&amp;till=Svedala</loc><changefreq>monthly</changefreq></url>
Södertälje,Åre,484,378,Avståndet mellan Södertälje och Åre är 484 km och Karl-Johan Gyllenstorm beräknade körtiden till cirka 378 minuter.,<url><loc>https://pendlings-app1.t-767929534-cloudflare.workers.dev/?fran=Södertälje&amp;till=Åre</loc><changefreq>monthly</changefreq></url>
Filipstad,Hemse,308,197,Avståndet mellan Filipstad och Hemse är 308 km och Karl-Johan Gyllenstorm beräknade körtiden till cirka 197 minuter.,<url><loc>https://pendlings-app1.t-767929534-cloudflare.workers.dev/?fran=Filipstad&amp;till=Hemse</loc><changefreq>monthly</changefreq></url>
Ragunda,Klintehamn,1424,939,Avståndet mellan Ragunda och Klintehamn är 1424 km och Karl-Johan Gyllenstorm beräknade körtiden till cirka 939 minuter.,<url><loc>https://pendlings-app1.t-767929534-cloudflare.workers.dev/?fran=Ragunda&amp;till=Klintehamn</loc><changefreq>monthly</changefreq></url>
Nybro,Burgsvik,670,509,Avståndet mellan Nybro och Burgsvik är 670 km och Karl-Johan Gyllenstorm beräknade körtiden till cirka 509 minuter.,<url><loc>https://pendlings-app1.t-767929534-cloudflare.workers.dev/?fran=Nybro&amp;till=Burgsvik</loc><changefreq>monthly</changefreq></url>
Olofström,Svenljunga,964,725,Avståndet mellan Olofström och Svenljunga är 964 km och Karl-Johan Gyllenstorm beräknade körtiden till cirka 725 minuter.,<url><loc>https://pendlings-app1.t-767929534-cloudflare.workers.dev/?fran=Olofström&amp;till=Svenljunga</loc><changefreq>monthly</changefreq></url>
Storuman,Härnösand,1447,982,Avståndet mellan Storuman och Härnösand är 1447 km och Karl-Johan Gyllenstorm beräknade körtiden till cirka 982 minuter.,<url><loc>https://pendlings-app1.t-767929534-cloudflare.workers.dev/?fran=Storuman&amp;till=Härnösand</loc><changefreq>monthly</changefreq></url>
Nora,Hofors,702,462,Avståndet mellan Nora och Hofors är 702 km och Karl-Johan Gyllenstorm beräknade körtiden till cirka 462 minuter.,<url><loc>https://pendlings-app1.t-767929534-cloudflare.workers.dev/?fran=Nora&amp;till=Hofors</loc><changefreq>monthly</changefreq></url>
Svenljunga,Åtvidaberg,608,417,Avståndet mellan Svenljunga och Åtvidaberg är 608 km och Karl-Johan Gyllenstorm beräknade körtiden till cirka 417 minuter.,<url><loc>https://pendlings-app1.t-767929534-cloudflare.workers.dev/?fran=Svenljunga&amp;till=Åtvidaberg</loc><changefreq>monthly</changefreq></url>
Motala,Sundsvall,344,257,Avståndet mellan Motala och Sundsvall är 344 km och Karl-Johan Gyllenstorm beräknade körtiden till cirka 257 minuter.,<url><loc>https://pendlings-app1.t-767929534-cloudflare.workers.dev/?fran=Motala&amp;till=Sundsvall</loc><changefreq>monthly</changefreq></url>
Fagersta,Söderhamn,1438,1134,Avståndet mellan Fagersta och Söderhamn är 1438 km och Karl-Johan Gyllenstorm beräknade körtiden till cirka 1134 minuter.,<url><loc>https://pendlings-app1.t-767929534-cloudflare.workers.dev/?fran=Fagersta&amp;till=Söderhamn</loc><changefreq>monthly</changefreq></url>
Båstad,Lund,311,198,Avståndet mellan Båstad och Lund är 311 km och Karl-Johan Gyllenstorm beräknade körtiden till cirka 198 minuter.,<url><loc>https://pendlings-app1.t-767929534-cloudflare.workers.dev/?fran=Båstad&amp;till=Lund</loc><changefreq>monthly</changefreq></url>
Gnestad,Kiruna,528,394,Avståndet mellan Gnestad och Kiruna är 528 km och Karl-Johan Gyllenstorm beräknade körtiden till cirka 394 minuter.,<url><loc>https://pendlings-app1.t-767929534-cloudflare.workers.dev/?fran=Gnestad&amp;till=Kiruna</loc><changefreq>monthly</changefreq></url>
Alingsås,Surahammar,1022,802,Avståndet mellan Alingsås och Surahammar är 1022 km och Karl-Johan Gyllenstorm beräknade körtiden till cirka 802 minuter.,<url><loc>https://pendlings-app1.t-767929534-cloudflare.workers.dev/?fran=Alingsås&amp;till=Surahammar</loc><changefreq>monthly</changefreq></url>
Mörbylånga,Ronneby,893,590,Avståndet mellan Mörbylånga och Ronneby är 893 km och Karl-Johan Gyllenstorm beräknade körtiden till cirka 590 minuter.,<url><loc>https://pendlings-app1.t-767929534-cloudflare.workers.dev/?fran=Mörbylånga&amp;till=Ronneby</loc><changefreq>monthly</changefreq></url>
Grythyttan,Nyköping,700,453,Avståndet mellan Grythyttan och Nyköping är 700 km och Karl-Johan Gyllenstorm beräknade körtiden till cirka 453 minuter.,<url><loc>https://pendlings-app1.t-767929534-cloudflare.workers.dev/?fran=Grythyttan&amp;till=Nyköping</loc><changefreq>monthly</changefreq></url>
Högsby,Arvidsjaur,1223,919,Avståndet mellan Högsby och Arvidsjaur är 1223 km och Karl-Johan Gyllenstorm beräknade körtiden till cirka 919 minuter.,<url><loc>https://pendlings-app1.t-767929534-cloudflare.workers.dev/?fran=Högsby&amp;till=Arvidsjaur</loc><changefreq>monthly</changefreq></url>
Falun,Fagersta,756,558,Avståndet mellan Falun och Fagersta är 756 km och Karl-Johan Gyllenstorm beräknade körtiden till cirka 558 minuter.,<url><loc>https://pendlings-app1.t-767929534-cloudflare.workers.dev/?fran=Falun&amp;till=Fagersta</loc><changefreq>monthly</changefreq></url>
Karlsborg,Eslöv,730,493,Avståndet mellan Karlsborg och Eslöv är 730 km och Karl-Johan Gyllenstorm beräknade körtiden till cirka 493 minuter.,<url><loc>https://pendlings-app1.t-767929534-cloudflare.workers.dev/?fran=Karlsborg&amp;till=Eslöv</loc><changefreq>monthly</changefreq></url>
Lidköping,Vetlanda,110,71,Avståndet mellan Lidköping och Vetlanda är 110 km och Karl-Johan Gyllenstorm beräknade körtiden till cirka 71 minuter.,<url><loc>https://pendlings-app1.t-767929534-cloudflare.workers.dev/?fran=Lidköping&amp;till=Vetlanda</loc><changefreq>monthly</changefreq></url>
Habon,Eda,329,261,Avståndet mellan Habon och Eda är 329 km och Karl-Johan Gyllenstorm beräknade körtiden till cirka 261 minuter.,<url><loc>https://pendlings-app1.t-767929534-cloudflare.workers.dev/?fran=Habon&amp;till=Eda</loc><changefreq>monthly</changefreq></url>
Sälen,Knivsta,866,672,Avståndet mellan Sälen och Knivsta är 866 km och Karl-Johan Gyllenstorm beräknade körtiden till cirka 672 minuter.,<url><loc>https://pendlings-app1.t-767929534-cloudflare.workers.dev/?fran=Sälen&amp;till=Knivsta</loc><changefreq>monthly</changefreq></url>
Sävsjö,Hedemora,540,424,Avståndet mellan Sävsjö och Hedemora är 540 km och Karl-Johan Gyllenstorm beräknade körtiden till cirka 424 minuter.,<url><loc>https://pendlings-app1.t-767929534-cloudflare.workers.dev/?fran=Sävsjö&amp;till=Hedemora</loc><changefreq>monthly</changefreq></url>
Visby,Rättvik,881,559,Avståndet mellan Visby och Rättvik är 881 km och Karl-Johan Gyllenstorm beräknade körtiden till cirka 559 minuter.,<url><loc>https://pendlings-app1.t-767929534-cloudflare.workers.dev/?fran=Visby&amp;till=Rättvik</loc><changefreq>monthly</changefreq></url>
Bollnäs,Hallstahammar,568,364,Avståndet mellan Bollnäs och Hallstahammar är 568 km och Karl-Johan Gyllenstorm beräknade körtiden till cirka 364 minuter.,<url><loc>https://pendlings-app1.t-767929534-cloudflare.workers.dev/?fran=Bollnäs&amp;till=Hallstahammar</loc><changefreq>monthly</changefreq></url>
Nordanstig,Boxholm,763,531,Avståndet mellan Nordanstig och Boxholm är 763 km och Karl-Johan Gyllenstorm beräknade körtiden till cirka 531 minuter.,<url><loc>https://pendlings-app1.t-767929534-cloudflare.workers.dev/?fran=Nordanstig&amp;till=Boxholm</loc><changefreq>monthly</changefreq></url>
Visby,Sandviken,987,651,Avståndet mellan Visby och Sandviken är 987 km och Karl-Johan Gyllenstorm beräknade körtiden till cirka 651 minuter.,<url><loc>https://pendlings-app1.t-767929534-cloudflare.workers.dev/?fran=Visby&amp;till=Sandviken</loc><changefreq>monthly</changefreq></url>
Sjöbo,Södertälje,252,167,Avståndet mellan Sjöbo och Södertälje är 252 km och Karl-Johan Gyllenstorm beräknade körtiden till cirka 167 minuter.,<url><loc>https://pendlings-app1.t-767929534-cloudflare.workers.dev/?fran=Sjöbo&amp;till=Södertälje</loc><changefreq>monthly</changefreq></url>
Tomelilla,Gnestad,245,171,Avståndet mellan Tomelilla och Gnestad är 245 km och Karl-Johan Gyllenstorm beräknade körtiden till cirka 171 minuter.,<url><loc>https://pendlings-app1.t-767929534-cloudflare.workers.dev/?fran=Tomelilla&amp;till=Gnestad</loc><changefreq>monthly</changefreq></url>
Oxelösund,Älvdalen,535,343,Avståndet mellan Oxelösund och Älvdalen är 535 km och Karl-Johan Gyllenstorm beräknade körtiden till cirka 343 minuter.,<url><loc>https://pendlings-app1.t-767929534-cloudflare.workers.dev/?fran=Oxelösund&amp;till=Älvdalen</loc><changefreq>monthly</changefreq></url>
Tofta,Höganäs,1247,973,Avståndet mellan Tofta och Höganäs är 1247 km och Karl-Johan Gyllenstorm beräknade körtiden till cirka 973 minuter.,<url><loc>https://pendlings-app1.t-767929534-cloudflare.workers.dev/?fran=Tofta&amp;till=Höganäs</loc><changefreq>monthly</changefreq></url>
Årjäng,Timrå,1325,1020,Avståndet mellan Årjäng och Timrå är 1325 km och Karl-Johan Gyllenstorm beräknade körtiden till cirka 1020 minuter.,<url><loc>https://pendlings-app1.t-767929534-cloudflare.workers.dev/?fran=Årjäng&amp;till=Timrå</loc><changefreq>monthly</changefreq></url>
Laholm,Perstorp,1411,944,Avståndet mellan Laholm och Perstorp är 1411 km och Karl-Johan Gyllenstorm beräknade körtiden till cirka 944 minuter.,<url><loc>https://pendlings-app1.t-767929534-cloudflare.workers.dev/?fran=Laholm&amp;till=Perstorp</loc><changefreq>monthly</changefreq></url>
Boxholm,Hallstahammar,54,35,Avståndet mellan Boxholm och Hallstahammar är 54 km och Karl-Johan Gyllenstorm beräknade körtiden till cirka 35 minuter.,<url><loc>https://pendlings-app1.t-767929534-cloudflare.workers.dev/?fran=Boxholm&amp;till=Hallstahammar</loc><changefreq>monthly</changefreq></url>
Grythyttan,Hudiksvall,690,548,Avståndet mellan Grythyttan och Hudiksvall är 690 km och Karl-Johan Gyllenstorm beräknade körtiden till cirka 548 minuter.,<url><loc>https://pendlings-app1.t-767929534-cloudflare.workers.dev/?fran=Grythyttan&amp;till=Hudiksvall</loc><changefreq>monthly</changefreq></url>
Gullspång,Svalöv,854,665,Avståndet mellan Gullspång och Svalöv är 854 km och Karl-Johan Gyllenstorm beräknade körtiden till cirka 665 minuter.,<url><loc>https://pendlings-app1.t-767929534-cloudflare.workers.dev/?fran=Gullspång&amp;till=Svalöv</loc><changefreq>monthly</changefreq></url>
Motala,Mark,340,260,Avståndet mellan Motala och Mark är 340 km och Karl-Johan Gyllenstorm beräknade körtiden till cirka 260 minuter.,<url><loc>https://pendlings-app1.t-767929534-cloudflare.workers.dev/?fran=Motala&amp;till=Mark</loc><changefreq>monthly</changefreq></url>
Tierp,Trollhättan,331,213,Avståndet mellan Tierp och Trollhättan är 331 km och Karl-Johan Gyllenstorm beräknade körtiden till cirka 213 minuter.,<url><loc>https://pendlings-app1.t-767929534-cloudflare.workers.dev/?fran=Tierp&amp;till=Trollhättan</loc><changefreq>monthly</changefreq></url>
Borlänge,Motala,1133,773,Avståndet mellan Borlänge och Motala är 1133 km och Karl-Johan Gyllenstorm beräknade körtiden till cirka 773 minuter.,<url><loc>https://pendlings-app1.t-767929534-cloudflare.workers.dev/?fran=Borlänge&amp;till=Motala</loc><changefreq>monthly</changefreq></url>
Boden,Mjölby,1368,920,Avståndet mellan Boden och Mjölby är 1368 km och Karl-Johan Gyllenstorm beräknade körtiden till cirka 920 minuter.,<url><loc>https://pendlings-app1.t-767929534-cloudflare.workers.dev/?fran=Boden&amp;till=Mjölby</loc><changefreq>monthly</changefreq></url>
Grythyttan,Skutskär,79,58,Avståndet mellan Grythyttan och Skutskär är 79 km och Karl-Johan Gyllenstorm beräknade körtiden till cirka 58 minuter.,<url><loc>https://pendlings-app1.t-767929534-cloudflare.workers.dev/?fran=Grythyttan&amp;till=Skutskär</loc><changefreq>monthly</changefreq></url>
Timrå,Lindesberg,631,469,Avståndet mellan Timrå och Lindesberg är 631 km och Karl-Johan Gyllenstorm beräknade körtiden till cirka 469 minuter.,<url><loc>https://pendlings-app1.t-767929534-cloudflare.workers.dev/?fran=Timrå&amp;till=Lindesberg</loc><changefreq>monthly</changefreq></url>
Smedjebacken,Ronneby,1166,787,Avståndet mellan Smedjebacken och Ronneby är 1166 km och Karl-Johan Gyllenstorm beräknade körtiden till cirka 787 minuter.,<url><loc>https://pendlings-app1.t-767929534-cloudflare.workers.dev/?fran=Smedjebacken&amp;till=Ronneby</loc><changefreq>monthly</changefreq></url>
Strängnäs,Grums,533,362,Avståndet mellan Strängnäs och Grums är 533 km och Karl-Johan Gyllenstorm beräknade körtiden till cirka 362 minuter.,<url><loc>https://pendlings-app1.t-767929534-cloudflare.workers.dev/?fran=Strängnäs&amp;till=Grums</loc><changefreq>monthly</changefreq></url>
Hofors,Hallstahammar,550,400,Avståndet mellan Hofors och Hallstahammar är 550 km och Karl-Johan Gyllenstorm beräknade körtiden till cirka 400 minuter.,<url><loc>https://pendlings-app1.t-767929534-cloudflare.workers.dev/?fran=Hofors&amp;till=Hallstahammar</loc><changefreq>monthly</changefreq></url>
Skinnskatteberg,Askersund,688,453,Avståndet mellan Skinnskatteberg och Askersund är 688 km och Karl-Johan Gyllenstorm beräknade körtiden till cirka 453 minuter.,<url><loc>https://pendlings-app1.t-767929534-cloudflare.workers.dev/?fran=Skinnskatteberg&amp;till=Askersund</loc><changefreq>monthly</changefreq></url>
Degerfors,Lund,721,499,Avståndet mellan Degerfors och Lund är 721 km och Karl-Johan Gyllenstorm beräknade körtiden till cirka 499 minuter.,<url><loc>https://pendlings-app1.t-767929534-cloudflare.workers.dev/?fran=Degerfors&amp;till=Lund</loc><changefreq>monthly</changefreq></url>
Charlottenberg,Bromölla,129,100,Avståndet mellan Charlottenberg och Bromölla är 129 km och Karl-Johan Gyllenstorm beräknade körtiden till cirka 100 minuter.,<url><loc>https://pendlings-app1.t-767929534-cloudflare.workers.dev/?fran=Charlottenberg&amp;till=Bromölla</loc><changefreq>monthly</changefreq></url>
Visby,Pajala,860,651,Avståndet mellan Visby och Pajala är 860 km och Karl-Johan Gyllenstorm beräknade körtiden till cirka 651 minuter.,<url><loc>https://pendlings-app1.t-767929534-cloudflare.workers.dev/?fran=Visby&amp;till=Pajala</loc><changefreq>monthly</changefreq></url>
Smedjebacken,Hofors,706,507,Avståndet mellan Smedjebacken och Hofors är 706 km och Karl-Johan Gyllenstorm beräknade körtiden till cirka 507 minuter.,<url><loc>https://pendlings-app1.t-767929534-cloudflare.workers.dev/?fran=Smedjebacken&amp;till=Hofors</loc><changefreq>monthly</changefreq></url>
Höganäs,Karlskrona,1048,740,Avståndet mellan Höganäs och Karlskrona är 1048 km och Karl-Johan Gyllenstorm beräknade körtiden till cirka 740 minuter.,<url><loc>https://pendlings-app1.t-767929534-cloudflare.workers.dev/?fran=Höganäs&amp;till=Karlskrona</loc><changefreq>monthly</changefreq></url>
Piteå,Östhammar,1128,777,Avståndet mellan Piteå och Östhammar är 1128 km och Karl-Johan Gyllenstorm beräknade körtiden till cirka 777 minuter.,<url><loc>https://pendlings-app1.t-767929534-cloudflare.workers.dev/?fran=Piteå&amp;till=Östhammar</loc><changefreq>monthly</changefreq></url>
Bromölla,Gimo,1401,1035,Avståndet mellan Bromölla och Gimo är 1401 km och Karl-Johan Gyllenstorm beräknade körtiden till cirka 1035 minuter.,<url><loc>https://pendlings-app1.t-767929534-cloudflare.workers.dev/?fran=Bromölla&amp;till=Gimo</loc><changefreq>monthly</changefreq></url>
Ljusnarsberg,Karlstad,468,353,Avståndet mellan Ljusnarsberg och Karlstad är 468 km och Karl-Johan Gyllenstorm beräknade körtiden till cirka 353 minuter.,<url><loc>https://pendlings-app1.t-767929534-cloudflare.workers.dev/?fran=Ljusnarsberg&amp;till=Karlstad</loc><changefreq>monthly</changefreq></url>
Vårgårda,Kristinehamn,305,216,Avståndet mellan Vårgårda och Kristinehamn är 305 km och Karl-Johan Gyllenstorm beräknade körtiden till cirka 216 minuter.,<url><loc>https://pendlings-app1.t-767929534-cloudflare.workers.dev/?fran=Vårgårda&amp;till=Kristinehamn</loc><changefreq>monthly</changefreq></url>
Sorsele,Kristinehamn,417,289,Avståndet mellan Sorsele och Kristinehamn är 417 km och Karl-Johan Gyllenstorm beräknade körtiden till cirka 289 minuter.,<url><loc>https://pendlings-app1.t-767929534-cloudflare.workers.dev/?fran=Sorsele&amp;till=Kristinehamn</loc><changefreq>monthly</changefreq></url>
Borås,Boxholm,1255,988,Avståndet mellan Borås och Boxholm är 1255 km och Karl-Johan Gyllenstorm beräknade körtiden till cirka 988 minuter.,<url><loc>https://pendlings-app1.t-767929534-cloudflare.workers.dev/?fran=Borås&amp;till=Boxholm</loc><changefreq>monthly</changefreq></url>
Uddevalla,Halmstad,1414,928,Avståndet mellan Uddevalla och Halmstad är 1414 km och Karl-Johan Gyllenstorm beräknade körtiden till cirka 928 minuter.,<url><loc>https://pendlings-app1.t-767929534-cloudflare.workers.dev/?fran=Uddevalla&amp;till=Halmstad</loc><changefreq>monthly</changefreq></url>
Trosa,Ystad,97,77,Avståndet mellan Trosa och Ystad är 97 km och Karl-Johan Gyllenstorm beräknade körtiden till cirka 77 minuter.,<url><loc>https://pendlings-app1.t-767929534-cloudflare.workers.dev/?fran=Trosa&amp;till=Ystad</loc><changefreq>monthly</changefreq></url>
Älvdalen,Finspång,389,263,Avståndet mellan Älvdalen och Finspång är 389 km och Karl-Johan Gyllenstorm beräknade körtiden till cirka 263 minuter.,<url><loc>https://pendlings-app1.t-767929534-cloudflare.workers.dev/?fran=Älvdalen&amp;till=Finspång</loc><changefreq>monthly</changefreq></url>
Gullspång,Åsele,525,379,Avståndet mellan Gullspång och Åsele är 525 km och Karl-Johan Gyllenstorm beräknade körtiden till cirka 379 minuter.,<url><loc>https://pendlings-app1.t-767929534-cloudflare.workers.dev/?fran=Gullspång&amp;till=Åsele</loc><changefreq>monthly</changefreq></url>
Enköping,Forshaga,797,535,Avståndet mellan Enköping och Forshaga är 797 km och Karl-Johan Gyllenstorm beräknade körtiden till cirka 535 minuter.,<url><loc>https://pendlings-app1.t-767929534-cloudflare.workers.dev/?fran=Enköping&amp;till=Forshaga</loc><changefreq>monthly</changefreq></url>
Bollnäs,Oxelösund,316,202,Avståndet mellan Bollnäs och Oxelösund är 316 km och Karl-Johan Gyllenstorm beräknade körtiden till cirka 202 minuter.,<url><loc>https://pendlings-app1.t-767929534-cloudflare.workers.dev/?fran=Bollnäs&amp;till=Oxelösund</loc><changefreq>monthly</changefreq></url>
Emmaboda,Gällivare,893,577,Avståndet mellan Emmaboda och Gällivare är 893 km och Karl-Johan Gyllenstorm beräknade körtiden till cirka 577 minuter.,<url><loc>https://pendlings-app1.t-767929534-cloudflare.workers.dev/?fran=Emmaboda&amp;till=Gällivare</loc><changefreq>monthly</changefreq></url>
Svenljunga,Håbo,1177,937,Avståndet mellan Svenljunga och Håbo är 1177 km och Karl-Johan Gyllenstorm beräknade körtiden till cirka 937 minuter.,<url><loc>https://pendlings-app1.t-767929534-cloudflare.workers.dev/?fran=Svenljunga&amp;till=Håbo</loc><changefreq>monthly</changefreq></url>
Oxelösund,Fårösund,1429,1090,Avståndet mellan Oxelösund och Fårösund är 1429 km och Karl-Johan Gyllenstorm beräknade körtiden till cirka 1090 minuter.,<url><loc>https://pendlings-app1.t-767929534-cloudflare.workers.dev/?fran=Oxelösund&amp;till=Fårösund</loc><changefreq>monthly</changefreq></url>
Ronneby,Hagfors,152,106,Avståndet mellan Ronneby och Hagfors är 152 km och Karl-Johan Gyllenstorm beräknade körtiden till cirka 106 minuter.,<url><loc>https://pendlings-app1.t-767929534-cloudflare.workers.dev/?fran=Ronneby&amp;till=Hagfors</loc><changefreq>monthly</changefreq></url>
Örnsköldsvik,Storfors,792,506,Avståndet mellan Örnsköldsvik och Storfors är 792 km och Karl-Johan Gyllenstorm beräknade körtiden till cirka 506 minuter.,<url><loc>https://pendlings-app1.t-767929534-cloudflare.workers.dev/?fran=Örnsköldsvik&amp;till=Storfors</loc><changefreq>monthly</changefreq></url>
Nordanstig,Leksand,1410,1121,Avståndet mellan Nordanstig och Leksand är 1410 km och Karl-Johan Gyllenstorm beräknade körtiden till cirka 1121 minuter.,<url><loc>https://pendlings-app1.t-767929534-cloudflare.workers.dev/?fran=Nordanstig&amp;till=Leksand</loc><changefreq>monthly</changefreq></url>
Havdhem,Tingstäde,238,170,Avståndet mellan Havdhem och Tingstäde är 238 km och Karl-Johan Gyllenstorm beräknade körtiden till cirka 170 minuter.,<url><loc>https://pendlings-app1.t-767929534-cloudflare.workers.dev/?fran=Havdhem&amp;till=Tingstäde</loc><changefreq>monthly</changefreq></url>
Perstorp,Rättvik,1265,1002,Avståndet mellan Perstorp och Rättvik är 1265 km och Karl-Johan Gyllenstorm beräknade körtiden till cirka 1002 minuter.,<url><loc>https://pendlings-app1.t-767929534-cloudflare.workers.dev/?fran=Perstorp&amp;till=Rättvik</loc><changefreq>monthly</changefreq></url>
Boxholm,Oxelösund,1342,859,Avståndet mellan Boxholm och Oxelösund är 1342 km och Karl-Johan Gyllenstorm beräknade körtiden till cirka 859 minuter.,<url><loc>https://pendlings-app1.t-767929534-cloudflare.workers.dev/?fran=Boxholm&amp;till=Oxelösund</loc><changefreq>monthly</changefreq></url>
Östhammar,Katrineholm,971,772,Avståndet mellan Östhammar och Katrineholm är 971 km och Karl-Johan Gyllenstorm beräknade körtiden till cirka 772 minuter.,<url><loc>https://pendlings-app1.t-767929534-cloudflare.workers.dev/?fran=Östhammar&amp;till=Katrineholm</loc><changefreq>monthly</changefreq></url>
Olofström,Karlskoga,162,103,Avståndet mellan Olofström och Karlskoga är 162 km och Karl-Johan Gyllenstorm beräknade körtiden till cirka 103 minuter.,<url><loc>https://pendlings-app1.t-767929534-cloudflare.workers.dev/?fran=Olofström&amp;till=Karlskoga</loc><changefreq>monthly</changefreq></url>
Forshaga,Munkedal,1413,1099,Avståndet mellan Forshaga och Munkedal är 1413 km och Karl-Johan Gyllenstorm beräknade körtiden till cirka 1099 minuter.,<url><loc>https://pendlings-app1.t-767929534-cloudflare.workers.dev/?fran=Forshaga&amp;till=Munkedal</loc><changefreq>monthly</changefreq></url>
Perstorp,Vårgårda,104,82,Avståndet mellan Perstorp och Vårgårda är 104 km och Karl-Johan Gyllenstorm beräknade körtiden till cirka 82 minuter.,<url><loc>https://pendlings-app1.t-767929534-cloudflare.workers.dev/?fran=Perstorp&amp;till=Vårgårda</loc><changefreq>monthly</changefreq></url>
Vibble,Höör,1221,797,Avståndet mellan Vibble och Höör är 1221 km och Karl-Johan Gyllenstorm beräknade körtiden till cirka 797 minuter.,<url><loc>https://pendlings-app1.t-767929534-cloudflare.workers.dev/?fran=Vibble&amp;till=Höör</loc><changefreq>monthly</changefreq></url>
Färgelanda,Norrköping,542,401,Avståndet mellan Färgelanda och Norrköping är 542 km och Karl-Johan Gyllenstorm beräknade körtiden till cirka 401 minuter.,<url><loc>https://pendlings-app1.t-767929534-cloudflare.workers.dev/?fran=Färgelanda&amp;till=Norrköping</loc><changefreq>monthly</changefreq></url>
Vårgårda,Ulricehamn,92,66,Avståndet mellan Vårgårda och Ulricehamn är 92 km och Karl-Johan Gyllenstorm beräknade körtiden till cirka 66 minuter.,<url><loc>https://pendlings-app1.t-767929534-cloudflare.workers.dev/?fran=Vårgårda&amp;till=Ulricehamn</loc><changefreq>monthly</changefreq></url>
Karlskoga,Hällefor,1252,889,Avståndet mellan Karlskoga och Hällefor är 1252 km och Karl-Johan Gyllenstorm beräknade körtiden till cirka 889 minuter.,<url><loc>https://pendlings-app1.t-767929534-cloudflare.workers.dev/?fran=Karlskoga&amp;till=Hällefor</loc><changefreq>monthly</changefreq></url>
Bjuv,Hemse,360,232,Avståndet mellan Bjuv och Hemse är 360 km och Karl-Johan Gyllenstorm beräknade körtiden till cirka 232 minuter.,<url><loc>https://pendlings-app1.t-767929534-cloudflare.workers.dev/?fran=Bjuv&amp;till=Hemse</loc><changefreq>monthly</changefreq></url>
Gnestad,Jönköping,808,616,Avståndet mellan Gnestad och Jönköping är 808 km och Karl-Johan Gyllenstorm beräknade körtiden till cirka 616 minuter.,<url><loc>https://pendlings-app1.t-767929534-cloudflare.workers.dev/?fran=Gnestad&amp;till=Jönköping</loc><changefreq>monthly</changefreq></url>
Växjö,Söderhamn,176,123,Avståndet mellan Växjö och Söderhamn är 176 km och Karl-Johan Gyllenstorm beräknade körtiden till cirka 123 minuter.,<url><loc>https://pendlings-app1.t-767929534-cloudflare.workers.dev/?fran=Växjö&amp;till=Söderhamn</loc><changefreq>monthly</changefreq></url>
Strömsund,Gislaved,421,285,Avståndet mellan Strömsund och Gislaved är 421 km och Karl-Johan Gyllenstorm beräknade körtiden till cirka 285 minuter.,<url><loc>https://pendlings-app1.t-767929534-cloudflare.workers.dev/?fran=Strömsund&amp;till=Gislaved</loc><changefreq>monthly</changefreq></url>
Tofta,Ljusnarsberg,1430,939,Avståndet mellan Tofta och Ljusnarsberg är 1430 km och Karl-Johan Gyllenstorm beräknade körtiden till cirka 939 minuter.,<url><loc>https://pendlings-app1.t-767929534-cloudflare.workers.dev/?fran=Tofta&amp;till=Ljusnarsberg</loc><changefreq>monthly</changefreq></url>
Osby,Piteå,1229,822,Avståndet mellan Osby och Piteå är 1229 km och Karl-Johan Gyllenstorm beräknade körtiden till cirka 822 minuter.,<url><loc>https://pendlings-app1.t-767929534-cloudflare.workers.dev/?fran=Osby&amp;till=Piteå</loc><changefreq>monthly</changefreq></url>
Hallstahammar,Årjäng,173,116,Avståndet mellan Hallstahammar och Årjäng är 173 km och Karl-Johan Gyllenstorm beräknade körtiden till cirka 116 minuter.,<url><loc>https://pendlings-app1.t-767929534-cloudflare.workers.dev/?fran=Hallstahammar&amp;till=Årjäng</loc><changefreq>monthly</changefreq></url>
Eda,Norberg,347,241,Avståndet mellan Eda och Norberg är 347 km och Karl-Johan Gyllenstorm beräknade körtiden till cirka 241 minuter.,<url><loc>https://pendlings-app1.t-767929534-cloudflare.workers.dev/?fran=Eda&amp;till=Norberg</loc><changefreq>monthly</changefreq></url>
Västerås,Kungsör,798,528,Avståndet mellan Västerås och Kungsör är 798 km och Karl-Johan Gyllenstorm beräknade körtiden till cirka 528 minuter.,<url><loc>https://pendlings-app1.t-767929534-cloudflare.workers.dev/?fran=Västerås&amp;till=Kungsör</loc><changefreq>monthly</changefreq></url>
Östra Göinge,Hörby,1273,980,Avståndet mellan Östra Göinge och Hörby är 1273 km och Karl-Johan Gyllenstorm beräknade körtiden till cirka 980 minuter.,<url><loc>https://pendlings-app1.t-767929534-cloudflare.workers.dev/?fran=Östra Göinge&amp;till=Hörby</loc><changefreq>monthly</changefreq></url>
Laholm,Hällefor,30,20,Avståndet mellan Laholm och Hällefor är 30 km och Karl-Johan Gyllenstorm beräknade körtiden till cirka 20 minuter.,<url><loc>https://pendlings-app1.t-767929534-cloudflare.workers.dev/?fran=Laholm&amp;till=Hällefor</loc><changefreq>monthly</changefreq></url>
Emmaboda,Eskilstuna,484,385,Avståndet mellan Emmaboda och Eskilstuna är 484 km och Karl-Johan Gyllenstorm beräknade körtiden till cirka 385 minuter.,<url><loc>https://pendlings-app1.t-767929534-cloudflare.workers.dev/?fran=Emmaboda&amp;till=Eskilstuna</loc><changefreq>monthly</changefreq></url>
Landskrona,Lärbro,199,153,Avståndet mellan Landskrona och Lärbro är 199 km och Karl-Johan Gyllenstorm beräknade körtiden till cirka 153 minuter.,<url><loc>https://pendlings-app1.t-767929534-cloudflare.workers.dev/?fran=Landskrona&amp;till=Lärbro</loc><changefreq>monthly</changefreq></url>
Höör,Lycksele,880,696,Avståndet mellan Höör och Lycksele är 880 km och Karl-Johan Gyllenstorm beräknade körtiden till cirka 696 minuter.,<url><loc>https://pendlings-app1.t-767929534-cloudflare.workers.dev/?fran=Höör&amp;till=Lycksele</loc><changefreq>monthly</changefreq></url>
Gimo,Ulricehamn,138,89,Avståndet mellan Gimo och Ulricehamn är 138 km och Karl-Johan Gyllenstorm beräknade körtiden till cirka 89 minuter.,<url><loc>https://pendlings-app1.t-767929534-cloudflare.workers.dev/?fran=Gimo&amp;till=Ulricehamn</loc><changefreq>monthly</changefreq></url>
Forshaga,Mörbylånga,282,183,Avståndet mellan Forshaga och Mörbylånga är 282 km och Karl-Johan Gyllenstorm beräknade körtiden till cirka 183 minuter.,<url><loc>https://pendlings-app1.t-767929534-cloudflare.workers.dev/?fran=Forshaga&amp;till=Mörbylånga</loc><changefreq>monthly</changefreq></url>
Mora,Kungsbacka,1071,807,Avståndet mellan Mora och Kungsbacka är 1071 km och Karl-Johan Gyllenstorm beräknade körtiden till cirka 807 minuter.,<url><loc>https://pendlings-app1.t-767929534-cloudflare.workers.dev/?fran=Mora&amp;till=Kungsbacka</loc><changefreq>monthly</changefreq></url>
Ljusnarsberg,Sjöbo,973,696,Avståndet mellan Ljusnarsberg och Sjöbo är 973 km och Karl-Johan Gyllenstorm beräknade körtiden till cirka 696 minuter.,<url><loc>https://pendlings-app1.t-767929534-cloudflare.workers.dev/?fran=Ljusnarsberg&amp;till=Sjöbo</loc><changefreq>monthly</changefreq></url>
Skurup,Vansbro,597,456,Avståndet mellan Skurup och Vansbro är 597 km och Karl-Johan Gyllenstorm beräknade körtiden till cirka 456 minuter.,<url><loc>https://pendlings-app1.t-767929534-cloudflare.workers.dev/?fran=Skurup&amp;till=Vansbro</loc><changefreq>monthly</changefreq></url>
Borgholm,Norsjö,135,100,Avståndet mellan Borgholm och Norsjö är 135 km och Karl-Johan Gyllenstorm beräknade körtiden till cirka 100 minuter.,<url><loc>https://pendlings-app1.t-767929534-cloudflare.workers.dev/?fran=Borgholm&amp;till=Norsjö</loc><changefreq>monthly</changefreq></url>
Västerås,Halmstad,1295,901,Avståndet mellan Västerås och Halmstad är 1295 km och Karl-Johan Gyllenstorm beräknade körtiden till cirka 901 minuter.,<url><loc>https://pendlings-app1.t-767929534-cloudflare.workers.dev/?fran=Västerås&amp;till=Halmstad</loc><changefreq>monthly</changefreq></url>
Motala,Älvsbyn,1030,689,Avståndet mellan Motala och Älvsbyn är 1030 km och Karl-Johan Gyllenstorm beräknade körtiden till cirka 689 minuter.,<url><loc>https://pendlings-app1.t-767929534-cloudflare.workers.dev/?fran=Motala&amp;till=Älvsbyn</loc><changefreq>monthly</changefreq></url>
Nybro,Strömsund,1121,725,Avståndet mellan Nybro och Strömsund är 1121 km och Karl-Johan Gyllenstorm beräknade körtiden till cirka 725 minuter.,<url><loc>https://pendlings-app1.t-767929534-cloudflare.workers.dev/?fran=Nybro&amp;till=Strömsund</loc><changefreq>monthly</changefreq></url>
Älvsbyn,Uppsala,366,237,Avståndet mellan Älvsbyn och Uppsala är 366 km och Karl-Johan Gyllenstorm beräknade körtiden till cirka 237 minuter.,<url><loc>https://pendlings-app1.t-767929534-cloudflare.workers.dev/?fran=Älvsbyn&amp;till=Uppsala</loc><changefreq>monthly</changefreq></url>
Hedemora,Grythyttan,322,253,Avståndet mellan Hedemora och Grythyttan är 322 km och Karl-Johan Gyllenstorm beräknade körtiden till cirka 253 minuter.,<url><loc>https://pendlings-app1.t-767929534-cloudflare.workers.dev/?fran=Hedemora&amp;till=Grythyttan</loc><changefreq>monthly</changefreq></url>
Jönköping,Vilhelmina,421,324,Avståndet mellan Jönköping och Vilhelmina är 421 km och Karl-Johan Gyllenstorm beräknade körtiden till cirka 324 minuter.,<url><loc>https://pendlings-app1.t-767929534-cloudflare.workers.dev/?fran=Jönköping&amp;till=Vilhelmina</loc><changefreq>monthly</changefreq></url>
Köping,Sveg,1444,982,Avståndet mellan Köping och Sveg är 1444 km och Karl-Johan Gyllenstorm beräknade körtiden till cirka 982 minuter.,<url><loc>https://pendlings-app1.t-767929534-cloudflare.workers.dev/?fran=Köping&amp;till=Sveg</loc><changefreq>monthly</changefreq></url>
Munkfors,Eslöv,1445,964,Avståndet mellan Munkfors och Eslöv är 1445 km och Karl-Johan Gyllenstorm beräknade körtiden till cirka 964 minuter.,<url><loc>https://pendlings-app1.t-767929534-cloudflare.workers.dev/?fran=Munkfors&amp;till=Eslöv</loc><changefreq>monthly</changefreq></url>
Mark,Askersund,77,49,Avståndet mellan Mark och Askersund är 77 km och Karl-Johan Gyllenstorm beräknade körtiden till cirka 49 minuter.,<url><loc>https://pendlings-app1.t-767929534-cloudflare.workers.dev/?fran=Mark&amp;till=Askersund</loc><changefreq>monthly</changefreq></url>
Motala,Västervik,367,264,Avståndet mellan Motala och Västervik är 367 km och Karl-Johan Gyllenstorm beräknade körtiden till cirka 264 minuter.,<url><loc>https://pendlings-app1.t-767929534-cloudflare.workers.dev/?fran=Motala&amp;till=Västervik</loc><changefreq>monthly</changefreq></url>
Simrishamn,Härjedalen,1206,841,Avståndet mellan Simrishamn och Härjedalen är 1206 km och Karl-Johan Gyllenstorm beräknade körtiden till cirka 841 minuter.,<url><loc>https://pendlings-app1.t-767929534-cloudflare.workers.dev/?fran=Simrishamn&amp;till=Härjedalen</loc><changefreq>monthly</changefreq></url>
Dorotea,Slite,621,465,Avståndet mellan Dorotea och Slite är 621 km och Karl-Johan Gyllenstorm beräknade körtiden till cirka 465 minuter.,<url><loc>https://pendlings-app1.t-767929534-cloudflare.workers.dev/?fran=Dorotea&amp;till=Slite</loc><changefreq>monthly</changefreq></url>
Sveg,Götene,883,644,Avståndet mellan Sveg och Götene är 883 km och Karl-Johan Gyllenstorm beräknade körtiden till cirka 644 minuter.,<url><loc>https://pendlings-app1.t-767929534-cloudflare.workers.dev/?fran=Sveg&amp;till=Götene</loc><changefreq>monthly</changefreq></url>
