Startort,Destination,Distans_km,Kortid_min,Genererad_Text,Sitemap_Rad
Götene,Gällivare,835,635,Avståndet mellan Götene och Gällivare är 835 km och Karl-Johan Gyllenstorm beräknade körtiden till cirka 635 minuter.,<url><loc>https://pendlings-app1.t-767929534-cloudflare.workers.dev/?fran=Götene&amp;till=Gällivare</loc><changefreq>monthly</changefreq></url>
Munkedal,Falun,1422,901,Avståndet mellan Munkedal och Falun är 1422 km och Karl-Johan Gyllenstorm beräknade körtiden till cirka 901 minuter.,<url><loc>https://pendlings-app1.t-767929534-cloudflare.workers.dev/?fran=Munkedal&amp;till=Falun</loc><changefreq>monthly</changefreq></url>
Skurup,Mariestad,142,104,Avståndet mellan Skurup och Mariestad är 142 km och Karl-Johan Gyllenstorm beräknade körtiden till cirka 104 minuter.,<url><loc>https://pendlings-app1.t-767929534-cloudflare.workers.dev/?fran=Skurup&amp;till=Mariestad</loc><changefreq>monthly</changefreq></url>
Söderköping,Norrköping,1243,937,Avståndet mellan Söderköping och Norrköping är 1243 km och Karl-Johan Gyllenstorm beräknade körtiden till cirka 937 minuter.,<url><loc>https://pendlings-app1.t-767929534-cloudflare.workers.dev/?fran=Söderköping&amp;till=Norrköping</loc><changefreq>monthly</changefreq></url>
Herrljunga,Båstad,926,660,Avståndet mellan Herrljunga och Båstad är 926 km och Karl-Johan Gyllenstorm beräknade körtiden till cirka 660 minuter.,<url><loc>https://pendlings-app1.t-767929534-cloudflare.workers.dev/?fran=Herrljunga&amp;till=Båstad</loc><changefreq>monthly</changefreq></url>
Tomelilla,Linköping,753,545,Avståndet mellan Tomelilla och Linköping är 753 km och Karl-Johan Gyllenstorm beräknade körtiden till cirka 545 minuter.,<url><loc>https://pendlings-app1.t-767929534-cloudflare.workers.dev/?fran=Tomelilla&amp;till=Linköping</loc><changefreq>monthly</changefreq></url>
Vibble,Trelleborg,1222,953,Avståndet mellan Vibble och Trelleborg är 1222 km och Karl-Johan Gyllenstorm beräknade körtiden till cirka 953 minuter.,<url><loc>https://pendlings-app1.t-767929534-cloudflare.workers.dev/?fran=Vibble&amp;till=Trelleborg</loc><changefreq>monthly</changefreq></url>
Ystad,Örkelljunga,1125,849,Avståndet mellan Ystad och Örkelljunga är 1125 km och Karl-Johan Gyllenstorm beräknade körtiden till cirka 849 minuter.,<url><loc>https://pendlings-app1.t-767929534-cloudflare.workers.dev/?fran=Ystad&amp;till=Örkelljunga</loc><changefreq>monthly</changefreq></url>
Sotenäs,Karlsborg,170,115,Avståndet mellan Sotenäs och Karlsborg är 170 km och Karl-Johan Gyllenstorm beräknade körtiden till cirka 115 minuter.,<url><loc>https://pendlings-app1.t-767929534-cloudflare.workers.dev/?fran=Sotenäs&amp;till=Karlsborg</loc><changefreq>monthly</changefreq></url>
Grästorp,Hallstahammar,1359,1042,Avståndet mellan Grästorp och Hallstahammar är 1359 km och Karl-Johan Gyllenstorm beräknade körtiden till cirka 1042 minuter.,<url><loc>https://pendlings-app1.t-767929534-cloudflare.workers.dev/?fran=Grästorp&amp;till=Hallstahammar</loc><changefreq>monthly</changefreq></url>
Söderköping,Olofström,1250,977,Avståndet mellan Söderköping och Olofström är 1250 km och Karl-Johan Gyllenstorm beräknade körtiden till cirka 977 minuter.,<url><loc>https://pendlings-app1.t-767929534-cloudflare.workers.dev/?fran=Söderköping&amp;till=Olofström</loc><changefreq>monthly</changefreq></url>
Hofors,Bromölla,1423,921,Avståndet mellan Hofors och Bromölla är 1423 km och Karl-Johan Gyllenstorm beräknade körtiden till cirka 921 minuter.,<url><loc>https://pendlings-app1.t-767929534-cloudflare.workers.dev/?fran=Hofors&amp;till=Bromölla</loc><changefreq>monthly</changefreq></url>
Forshaga,Grythyttan,1429,907,Avståndet mellan Forshaga och Grythyttan är 1429 km och Karl-Johan Gyllenstorm beräknade körtiden till cirka 907 minuter.,<url><loc>https://pendlings-app1.t-767929534-cloudflare.workers.dev/?fran=Forshaga&amp;till=Grythyttan</loc><changefreq>monthly</changefreq></url>
Sollefteå,Söderhamn,176,125,Avståndet mellan Sollefteå och Söderhamn är 176 km och Karl-Johan Gyllenstorm beräknade körtiden till cirka 125 minuter.,<url><loc>https://pendlings-app1.t-767929534-cloudflare.workers.dev/?fran=Sollefteå&amp;till=Söderhamn</loc><changefreq>monthly</changefreq></url>
Nora,Hultsfred,799,519,Avståndet mellan Nora och Hultsfred är 799 km och Karl-Johan Gyllenstorm beräknade körtiden till cirka 519 minuter.,<url><loc>https://pendlings-app1.t-767929534-cloudflare.workers.dev/?fran=Nora&amp;till=Hultsfred</loc><changefreq>monthly</changefreq></url>
Nybro,Älvkarleby,108,70,Avståndet mellan Nybro och Älvkarleby är 108 km och Karl-Johan Gyllenstorm beräknade körtiden till cirka 70 minuter.,<url><loc>https://pendlings-app1.t-767929534-cloudflare.workers.dev/?fran=Nybro&amp;till=Älvkarleby</loc><changefreq>monthly</changefreq></url>
Gnosjö,Kävlinge,350,242,Avståndet mellan Gnosjö och Kävlinge är 350 km och Karl-Johan Gyllenstorm beräknade körtiden till cirka 242 minuter.,<url><loc>https://pendlings-app1.t-767929534-cloudflare.workers.dev/?fran=Gnosjö&amp;till=Kävlinge</loc><changefreq>monthly</changefreq></url>
Lärbro,Enköping,1112,841,Avståndet mellan Lärbro och Enköping är 1112 km och Karl-Johan Gyllenstorm beräknade körtiden till cirka 841 minuter.,<url><loc>https://pendlings-app1.t-767929534-cloudflare.workers.dev/?fran=Lärbro&amp;till=Enköping</loc><changefreq>monthly</changefreq></url>
Högsby,Hjo,84,63,Avståndet mellan Högsby och Hjo är 84 km och Karl-Johan Gyllenstorm beräknade körtiden till cirka 63 minuter.,<url><loc>https://pendlings-app1.t-767929534-cloudflare.workers.dev/?fran=Högsby&amp;till=Hjo</loc><changefreq>monthly</changefreq></url>
Finspång,Nyköping,1133,744,Avståndet mellan Finspång och Nyköping är 1133 km och Karl-Johan Gyllenstorm beräknade körtiden till cirka 744 minuter.,<url><loc>https://pendlings-app1.t-767929534-cloudflare.workers.dev/?fran=Finspång&amp;till=Nyköping</loc><changefreq>monthly</changefreq></url>
Färjestaden,Motala,161,111,Avståndet mellan Färjestaden och Motala är 161 km och Karl-Johan Gyllenstorm beräknade körtiden till cirka 111 minuter.,<url><loc>https://pendlings-app1.t-767929534-cloudflare.workers.dev/?fran=Färjestaden&amp;till=Motala</loc><changefreq>monthly</changefreq></url>
Krokom,Tanum,827,634,Avståndet mellan Krokom och Tanum är 827 km och Karl-Johan Gyllenstorm beräknade körtiden till cirka 634 minuter.,<url><loc>https://pendlings-app1.t-767929534-cloudflare.workers.dev/?fran=Krokom&amp;till=Tanum</loc><changefreq>monthly</changefreq></url>
Kalmar,Kristinehamn,1187,929,Avståndet mellan Kalmar och Kristinehamn är 1187 km och Karl-Johan Gyllenstorm beräknade körtiden till cirka 929 minuter.,<url><loc>https://pendlings-app1.t-767929534-cloudflare.workers.dev/?fran=Kalmar&amp;till=Kristinehamn</loc><changefreq>monthly</changefreq></url>
Kungsör,Munkfors,440,282,Avståndet mellan Kungsör och Munkfors är 440 km och Karl-Johan Gyllenstorm beräknade körtiden till cirka 282 minuter.,<url><loc>https://pendlings-app1.t-767929534-cloudflare.workers.dev/?fran=Kungsör&amp;till=Munkfors</loc><changefreq>monthly</changefreq></url>
Vellinge,Laxå,884,626,Avståndet mellan Vellinge och Laxå är 884 km och Karl-Johan Gyllenstorm beräknade körtiden till cirka 626 minuter.,<url><loc>https://pendlings-app1.t-767929534-cloudflare.workers.dev/?fran=Vellinge&amp;till=Laxå</loc><changefreq>monthly</changefreq></url>
Ed,Arboga,1051,828,Avståndet mellan Ed och Arboga är 1051 km och Karl-Johan Gyllenstorm beräknade körtiden till cirka 828 minuter.,<url><loc>https://pendlings-app1.t-767929534-cloudflare.workers.dev/?fran=Ed&amp;till=Arboga</loc><changefreq>monthly</changefreq></url>
Härjedalen,Smedjebacken,856,596,Avståndet mellan Härjedalen och Smedjebacken är 856 km och Karl-Johan Gyllenstorm beräknade körtiden till cirka 596 minuter.,<url><loc>https://pendlings-app1.t-767929534-cloudflare.workers.dev/?fran=Härjedalen&amp;till=Smedjebacken</loc><changefreq>monthly</changefreq></url>
Värnamo,Ängelholm,779,495,Avståndet mellan Värnamo och Ängelholm är 779 km och Karl-Johan Gyllenstorm beräknade körtiden till cirka 495 minuter.,<url><loc>https://pendlings-app1.t-767929534-cloudflare.workers.dev/?fran=Värnamo&amp;till=Ängelholm</loc><changefreq>monthly</changefreq></url>
Hallstahammar,Helsingborg,880,575,Avståndet mellan Hallstahammar och Helsingborg är 880 km och Karl-Johan Gyllenstorm beräknade körtiden till cirka 575 minuter.,<url><loc>https://pendlings-app1.t-767929534-cloudflare.workers.dev/?fran=Hallstahammar&amp;till=Helsingborg</loc><changefreq>monthly</changefreq></url>
Åsele,Ockelbo,830,591,Avståndet mellan Åsele och Ockelbo är 830 km och Karl-Johan Gyllenstorm beräknade körtiden till cirka 591 minuter.,<url><loc>https://pendlings-app1.t-767929534-cloudflare.workers.dev/?fran=Åsele&amp;till=Ockelbo</loc><changefreq>monthly</changefreq></url>
Herrljunga,Forshaga,108,78,Avståndet mellan Herrljunga och Forshaga är 108 km och Karl-Johan Gyllenstorm beräknade körtiden till cirka 78 minuter.,<url><loc>https://pendlings-app1.t-767929534-cloudflare.workers.dev/?fran=Herrljunga&amp;till=Forshaga</loc><changefreq>monthly</changefreq></url>
Sotenäs,Södertälje,831,533,Avståndet mellan Sotenäs och Södertälje är 831 km och Karl-Johan Gyllenstorm beräknade körtiden till cirka 533 minuter.,<url><loc>https://pendlings-app1.t-767929534-cloudflare.workers.dev/?fran=Sotenäs&amp;till=Södertälje</loc><changefreq>monthly</changefreq></url>
Piteå,Gnosjö,197,137,Avståndet mellan Piteå och Gnosjö är 197 km och Karl-Johan Gyllenstorm beräknade körtiden till cirka 137 minuter.,<url><loc>https://pendlings-app1.t-767929534-cloudflare.workers.dev/?fran=Piteå&amp;till=Gnosjö</loc><changefreq>monthly</changefreq></url>
Sävsjö,Karlskrona,831,606,Avståndet mellan Sävsjö och Karlskrona är 831 km och Karl-Johan Gyllenstorm beräknade körtiden till cirka 606 minuter.,<url><loc>https://pendlings-app1.t-767929534-cloudflare.workers.dev/?fran=Sävsjö&amp;till=Karlskrona</loc><changefreq>monthly</changefreq></url>
Hemse,Vellinge,148,110,Avståndet mellan Hemse och Vellinge är 148 km och Karl-Johan Gyllenstorm beräknade körtiden till cirka 110 minuter.,<url><loc>https://pendlings-app1.t-767929534-cloudflare.workers.dev/?fran=Hemse&amp;till=Vellinge</loc><changefreq>monthly</changefreq></url>
Skurup,Malung,612,405,Avståndet mellan Skurup och Malung är 612 km och Karl-Johan Gyllenstorm beräknade körtiden till cirka 405 minuter.,<url><loc>https://pendlings-app1.t-767929534-cloudflare.workers.dev/?fran=Skurup&amp;till=Malung</loc><changefreq>monthly</changefreq></url>
Örnsköldsvik,Mörbylånga,546,404,Avståndet mellan Örnsköldsvik och Mörbylånga är 546 km och Karl-Johan Gyllenstorm beräknade körtiden till cirka 404 minuter.,<url><loc>https://pendlings-app1.t-767929534-cloudflare.workers.dev/?fran=Örnsköldsvik&amp;till=Mörbylånga</loc><changefreq>monthly</changefreq></url>
Höör,Karlskoga,99,71,Avståndet mellan Höör och Karlskoga är 99 km och Karl-Johan Gyllenstorm beräknade körtiden till cirka 71 minuter.,<url><loc>https://pendlings-app1.t-767929534-cloudflare.workers.dev/?fran=Höör&amp;till=Karlskoga</loc><changefreq>monthly</changefreq></url>
Ödeshög,Kävlinge,908,658,Avståndet mellan Ödeshög och Kävlinge är 908 km och Karl-Johan Gyllenstorm beräknade körtiden till cirka 658 minuter.,<url><loc>https://pendlings-app1.t-767929534-cloudflare.workers.dev/?fran=Ödeshög&amp;till=Kävlinge</loc><changefreq>monthly</changefreq></url>
Habon,Aneby,427,289,Avståndet mellan Habon och Aneby är 427 km och Karl-Johan Gyllenstorm beräknade körtiden till cirka 289 minuter.,<url><loc>https://pendlings-app1.t-767929534-cloudflare.workers.dev/?fran=Habon&amp;till=Aneby</loc><changefreq>monthly</changefreq></url>
Hofors,Kalix,1263,838,Avståndet mellan Hofors och Kalix är 1263 km och Karl-Johan Gyllenstorm beräknade körtiden till cirka 838 minuter.,<url><loc>https://pendlings-app1.t-767929534-cloudflare.workers.dev/?fran=Hofors&amp;till=Kalix</loc><changefreq>monthly</changefreq></url>
Västervik,Bollnäs,485,337,Avståndet mellan Västervik och Bollnäs är 485 km och Karl-Johan Gyllenstorm beräknade körtiden till cirka 337 minuter.,<url><loc>https://pendlings-app1.t-767929534-cloudflare.workers.dev/?fran=Västervik&amp;till=Bollnäs</loc><changefreq>monthly</changefreq></url>
Östersund,Köping,729,582,Avståndet mellan Östersund och Köping är 729 km och Karl-Johan Gyllenstorm beräknade körtiden till cirka 582 minuter.,<url><loc>https://pendlings-app1.t-767929534-cloudflare.workers.dev/?fran=Östersund&amp;till=Köping</loc><changefreq>monthly</changefreq></url>
Älvdalen,Karlstad,1350,930,Avståndet mellan Älvdalen och Karlstad är 1350 km och Karl-Johan Gyllenstorm beräknade körtiden till cirka 930 minuter.,<url><loc>https://pendlings-app1.t-767929534-cloudflare.workers.dev/?fran=Älvdalen&amp;till=Karlstad</loc><changefreq>monthly</changefreq></url>
Sotenäs,Mora,367,262,Avståndet mellan Sotenäs och Mora är 367 km och Karl-Johan Gyllenstorm beräknade körtiden till cirka 262 minuter.,<url><loc>https://pendlings-app1.t-767929534-cloudflare.workers.dev/?fran=Sotenäs&amp;till=Mora</loc><changefreq>monthly</changefreq></url>
Ydre,Sävsjö,290,189,Avståndet mellan Ydre och Sävsjö är 290 km och Karl-Johan Gyllenstorm beräknade körtiden till cirka 189 minuter.,<url><loc>https://pendlings-app1.t-767929534-cloudflare.workers.dev/?fran=Ydre&amp;till=Sävsjö</loc><changefreq>monthly</changefreq></url>
Halmstad,Lysekil,814,629,Avståndet mellan Halmstad och Lysekil är 814 km och Karl-Johan Gyllenstorm beräknade körtiden till cirka 629 minuter.,<url><loc>https://pendlings-app1.t-767929534-cloudflare.workers.dev/?fran=Halmstad&amp;till=Lysekil</loc><changefreq>monthly</changefreq></url>
Vilhelmina,Älvdalen,265,207,Avståndet mellan Vilhelmina och Älvdalen är 265 km och Karl-Johan Gyllenstorm beräknade körtiden till cirka 207 minuter.,<url><loc>https://pendlings-app1.t-767929534-cloudflare.workers.dev/?fran=Vilhelmina&amp;till=Älvdalen</loc><changefreq>monthly</changefreq></url>
Perstorp,Eslöv,325,243,Avståndet mellan Perstorp och Eslöv är 325 km och Karl-Johan Gyllenstorm beräknade körtiden till cirka 243 minuter.,<url><loc>https://pendlings-app1.t-767929534-cloudflare.workers.dev/?fran=Perstorp&amp;till=Eslöv</loc><changefreq>monthly</changefreq></url>
Vansbro,Karlshamn,866,588,Avståndet mellan Vansbro och Karlshamn är 866 km och Karl-Johan Gyllenstorm beräknade körtiden till cirka 588 minuter.,<url><loc>https://pendlings-app1.t-767929534-cloudflare.workers.dev/?fran=Vansbro&amp;till=Karlshamn</loc><changefreq>monthly</changefreq></url>
Staffanstorp,Pajala,728,466,Avståndet mellan Staffanstorp och Pajala är 728 km och Karl-Johan Gyllenstorm beräknade körtiden till cirka 466 minuter.,<url><loc>https://pendlings-app1.t-767929534-cloudflare.workers.dev/?fran=Staffanstorp&amp;till=Pajala</loc><changefreq>monthly</changefreq></url>
Gullspång,Finspång,1161,784,Avståndet mellan Gullspång och Finspång är 1161 km och Karl-Johan Gyllenstorm beräknade körtiden till cirka 784 minuter.,<url><loc>https://pendlings-app1.t-767929534-cloudflare.workers.dev/?fran=Gullspång&amp;till=Finspång</loc><changefreq>monthly</changefreq></url>
Hässleholm,Krokom,570,387,Avståndet mellan Hässleholm och Krokom är 570 km och Karl-Johan Gyllenstorm beräknade körtiden till cirka 387 minuter.,<url><loc>https://pendlings-app1.t-767929534-cloudflare.workers.dev/?fran=Hässleholm&amp;till=Krokom</loc><changefreq>monthly</changefreq></url>
Hällefor,Strömstad,232,157,Avståndet mellan Hällefor och Strömstad är 232 km och Karl-Johan Gyllenstorm beräknade körtiden till cirka 157 minuter.,<url><loc>https://pendlings-app1.t-767929534-cloudflare.workers.dev/?fran=Hällefor&amp;till=Strömstad</loc><changefreq>monthly</changefreq></url>
Färjestaden,Roma,1076,736,Avståndet mellan Färjestaden och Roma är 1076 km och Karl-Johan Gyllenstorm beräknade körtiden till cirka 736 minuter.,<url><loc>https://pendlings-app1.t-767929534-cloudflare.workers.dev/?fran=Färjestaden&amp;till=Roma</loc><changefreq>monthly</changefreq></url>
Luleå,Tanum,105,74,Avståndet mellan Luleå och Tanum är 105 km och Karl-Johan Gyllenstorm beräknade körtiden till cirka 74 minuter.,<url><loc>https://pendlings-app1.t-767929534-cloudflare.workers.dev/?fran=Luleå&amp;till=Tanum</loc><changefreq>monthly</changefreq></url>
Svedala,Charlottenberg,1034,660,Avståndet mellan Svedala och Charlottenberg är 1034 km och Karl-Johan Gyllenstorm beräknade körtiden till cirka 660 minuter.,<url><loc>https://pendlings-app1.t-767929534-cloudflare.workers.dev/?fran=Svedala&amp;till=Charlottenberg</loc><changefreq>monthly</changefreq></url>
Hallstahammar,Karlskoga,1241,792,Avståndet mellan Hallstahammar och Karlskoga är 1241 km och Karl-Johan Gyllenstorm beräknade körtiden till cirka 792 minuter.,<url><loc>https://pendlings-app1.t-767929534-cloudflare.workers.dev/?fran=Hallstahammar&amp;till=Karlskoga</loc><changefreq>monthly</changefreq></url>
Hallsberg,Visby,1290,1006,Avståndet mellan Hallsberg och Visby är 1290 km och Karl-Johan Gyllenstorm beräknade körtiden till cirka 1006 minuter.,<url><loc>https://pendlings-app1.t-767929534-cloudflare.workers.dev/?fran=Hallsberg&amp;till=Visby</loc><changefreq>monthly</changefreq></url>
Avesta,Forshaga,1300,833,Avståndet mellan Avesta och Forshaga är 1300 km och Karl-Johan Gyllenstorm beräknade körtiden till cirka 833 minuter.,<url><loc>https://pendlings-app1.t-767929534-cloudflare.workers.dev/?fran=Avesta&amp;till=Forshaga</loc><changefreq>monthly</changefreq></url>
Vingåker,Havdhem,327,223,Avståndet mellan Vingåker och Havdhem är 327 km och Karl-Johan Gyllenstorm beräknade körtiden till cirka 223 minuter.,<url><loc>https://pendlings-app1.t-767929534-cloudflare.workers.dev/?fran=Vingåker&amp;till=Havdhem</loc><changefreq>monthly</changefreq></url>
Älvdalen,Bromölla,662,426,Avståndet mellan Älvdalen och Bromölla är 662 km och Karl-Johan Gyllenstorm beräknade körtiden till cirka 426 minuter.,<url><loc>https://pendlings-app1.t-767929534-cloudflare.workers.dev/?fran=Älvdalen&amp;till=Bromölla</loc><changefreq>monthly</changefreq></url>
Norberg,Perstorp,198,135,Avståndet mellan Norberg och Perstorp är 198 km och Karl-Johan Gyllenstorm beräknade körtiden till cirka 135 minuter.,<url><loc>https://pendlings-app1.t-767929534-cloudflare.workers.dev/?fran=Norberg&amp;till=Perstorp</loc><changefreq>monthly</changefreq></url>
Roma,Kävlinge,1194,808,Avståndet mellan Roma och Kävlinge är 1194 km och Karl-Johan Gyllenstorm beräknade körtiden till cirka 808 minuter.,<url><loc>https://pendlings-app1.t-767929534-cloudflare.workers.dev/?fran=Roma&amp;till=Kävlinge</loc><changefreq>monthly</changefreq></url>
Vara,Gimo,564,426,Avståndet mellan Vara och Gimo är 564 km och Karl-Johan Gyllenstorm beräknade körtiden till cirka 426 minuter.,<url><loc>https://pendlings-app1.t-767929534-cloudflare.workers.dev/?fran=Vara&amp;till=Gimo</loc><changefreq>monthly</changefreq></url>
Kramfors,Grythyttan,1171,859,Avståndet mellan Kramfors och Grythyttan är 1171 km och Karl-Johan Gyllenstorm beräknade körtiden till cirka 859 minuter.,<url><loc>https://pendlings-app1.t-767929534-cloudflare.workers.dev/?fran=Kramfors&amp;till=Grythyttan</loc><changefreq>monthly</changefreq></url>
Slite,Svenljunga,515,333,Avståndet mellan Slite och Svenljunga är 515 km och Karl-Johan Gyllenstorm beräknade körtiden till cirka 333 minuter.,<url><loc>https://pendlings-app1.t-767929534-cloudflare.workers.dev/?fran=Slite&amp;till=Svenljunga</loc><changefreq>monthly</changefreq></url>
Uddevalla,Lidköping,601,384,Avståndet mellan Uddevalla och Lidköping är 601 km och Karl-Johan Gyllenstorm beräknade körtiden till cirka 384 minuter.,<url><loc>https://pendlings-app1.t-767929534-cloudflare.workers.dev/?fran=Uddevalla&amp;till=Lidköping</loc><changefreq>monthly</changefreq></url>
Ronehamn,Svedala,407,263,Avståndet mellan Ronehamn och Svedala är 407 km och Karl-Johan Gyllenstorm beräknade körtiden till cirka 263 minuter.,<url><loc>https://pendlings-app1.t-767929534-cloudflare.workers.dev/?fran=Ronehamn&amp;till=Svedala</loc><changefreq>monthly</changefreq></url>
Ludvika,Varberg,1390,1095,Avståndet mellan Ludvika och Varberg är 1390 km och Karl-Johan Gyllenstorm beräknade körtiden till cirka 1095 minuter.,<url><loc>https://pendlings-app1.t-767929534-cloudflare.workers.dev/?fran=Ludvika&amp;till=Varberg</loc><changefreq>monthly</changefreq></url>
Ronehamn,Gagnef,1113,838,Avståndet mellan Ronehamn och Gagnef är 1113 km och Karl-Johan Gyllenstorm beräknade körtiden till cirka 838 minuter.,<url><loc>https://pendlings-app1.t-767929534-cloudflare.workers.dev/?fran=Ronehamn&amp;till=Gagnef</loc><changefreq>monthly</changefreq></url>
Vansbro,Sundsvall,527,394,Avståndet mellan Vansbro och Sundsvall är 527 km och Karl-Johan Gyllenstorm beräknade körtiden till cirka 394 minuter.,<url><loc>https://pendlings-app1.t-767929534-cloudflare.workers.dev/?fran=Vansbro&amp;till=Sundsvall</loc><changefreq>monthly</changefreq></url>
Lindesberg,Strängnäs,439,280,Avståndet mellan Lindesberg och Strängnäs är 439 km och Karl-Johan Gyllenstorm beräknade körtiden till cirka 280 minuter.,<url><loc>https://pendlings-app1.t-767929534-cloudflare.workers.dev/?fran=Lindesberg&amp;till=Strängnäs</loc><changefreq>monthly</changefreq></url>
Karlstad,Höganäs,96,63,Avståndet mellan Karlstad och Höganäs är 96 km och Karl-Johan Gyllenstorm beräknade körtiden till cirka 63 minuter.,<url><loc>https://pendlings-app1.t-767929534-cloudflare.workers.dev/?fran=Karlstad&amp;till=Höganäs</loc><changefreq>monthly</changefreq></url>
Överkalix,Göteborg,518,406,Avståndet mellan Överkalix och Göteborg är 518 km och Karl-Johan Gyllenstorm beräknade körtiden till cirka 406 minuter.,<url><loc>https://pendlings-app1.t-767929534-cloudflare.workers.dev/?fran=Överkalix&amp;till=Göteborg</loc><changefreq>monthly</changefreq></url>
Norsjö,Högsby,774,505,Avståndet mellan Norsjö och Högsby är 774 km och Karl-Johan Gyllenstorm beräknade körtiden till cirka 505 minuter.,<url><loc>https://pendlings-app1.t-767929534-cloudflare.workers.dev/?fran=Norsjö&amp;till=Högsby</loc><changefreq>monthly</changefreq></url>
Mariestad,Hagfors,1108,782,Avståndet mellan Mariestad och Hagfors är 1108 km och Karl-Johan Gyllenstorm beräknade körtiden till cirka 782 minuter.,<url><loc>https://pendlings-app1.t-767929534-cloudflare.workers.dev/?fran=Mariestad&amp;till=Hagfors</loc><changefreq>monthly</changefreq></url>
Härnösand,Eskilstuna,82,60,Avståndet mellan Härnösand och Eskilstuna är 82 km och Karl-Johan Gyllenstorm beräknade körtiden till cirka 60 minuter.,<url><loc>https://pendlings-app1.t-767929534-cloudflare.workers.dev/?fran=Härnösand&amp;till=Eskilstuna</loc><changefreq>monthly</changefreq></url>
Västervik,Motala,571,416,Avståndet mellan Västervik och Motala är 571 km och Karl-Johan Gyllenstorm beräknade körtiden till cirka 416 minuter.,<url><loc>https://pendlings-app1.t-767929534-cloudflare.workers.dev/?fran=Västervik&amp;till=Motala</loc><changefreq>monthly</changefreq></url>
Tingstäde,Höganäs,981,650,Avståndet mellan Tingstäde och Höganäs är 981 km och Karl-Johan Gyllenstorm beräknade körtiden till cirka 650 minuter.,<url><loc>https://pendlings-app1.t-767929534-cloudflare.workers.dev/?fran=Tingstäde&amp;till=Höganäs</loc><changefreq>monthly</changefreq></url>
Hyltebruk,Berg,824,530,Avståndet mellan Hyltebruk och Berg är 824 km och Karl-Johan Gyllenstorm beräknade körtiden till cirka 530 minuter.,<url><loc>https://pendlings-app1.t-767929534-cloudflare.workers.dev/?fran=Hyltebruk&amp;till=Berg</loc><changefreq>monthly</changefreq></url>
Habon,Örnsköldsvik,1179,799,Avståndet mellan Habon och Örnsköldsvik är 1179 km och Karl-Johan Gyllenstorm beräknade körtiden till cirka 799 minuter.,<url><loc>https://pendlings-app1.t-767929534-cloudflare.workers.dev/?fran=Habon&amp;till=Örnsköldsvik</loc><changefreq>monthly</changefreq></url>
Hedemora,Mjölby,1047,770,Avståndet mellan Hedemora och Mjölby är 1047 km och Karl-Johan Gyllenstorm beräknade körtiden till cirka 770 minuter.,<url><loc>https://pendlings-app1.t-767929534-cloudflare.workers.dev/?fran=Hedemora&amp;till=Mjölby</loc><changefreq>monthly</changefreq></url>
Mönsterås,Köping,953,689,Avståndet mellan Mönsterås och Köping är 953 km och Karl-Johan Gyllenstorm beräknade körtiden till cirka 689 minuter.,<url><loc>https://pendlings-app1.t-767929534-cloudflare.workers.dev/?fran=Mönsterås&amp;till=Köping</loc><changefreq>monthly</changefreq></url>
Hultsfred,Skinnskatteberg,574,385,Avståndet mellan Hultsfred och Skinnskatteberg är 574 km och Karl-Johan Gyllenstorm beräknade körtiden till cirka 385 minuter.,<url><loc>https://pendlings-app1.t-767929534-cloudflare.workers.dev/?fran=Hultsfred&amp;till=Skinnskatteberg</loc><changefreq>monthly</changefreq></url>
Svenljunga,Munkfors,1326,974,Avståndet mellan Svenljunga och Munkfors är 1326 km och Karl-Johan Gyllenstorm beräknade körtiden till cirka 974 minuter.,<url><loc>https://pendlings-app1.t-767929534-cloudflare.workers.dev/?fran=Svenljunga&amp;till=Munkfors</loc><changefreq>monthly</changefreq></url>
Oxelösund,Trosa,433,316,Avståndet mellan Oxelösund och Trosa är 433 km och Karl-Johan Gyllenstorm beräknade körtiden till cirka 316 minuter.,<url><loc>https://pendlings-app1.t-767929534-cloudflare.workers.dev/?fran=Oxelösund&amp;till=Trosa</loc><changefreq>monthly</changefreq></url>
Båstad,Strömstad,516,370,Avståndet mellan Båstad och Strömstad är 516 km och Karl-Johan Gyllenstorm beräknade körtiden till cirka 370 minuter.,<url><loc>https://pendlings-app1.t-767929534-cloudflare.workers.dev/?fran=Båstad&amp;till=Strömstad</loc><changefreq>monthly</changefreq></url>
Sävsjö,Klippan,1180,838,Avståndet mellan Sävsjö och Klippan är 1180 km och Karl-Johan Gyllenstorm beräknade körtiden till cirka 838 minuter.,<url><loc>https://pendlings-app1.t-767929534-cloudflare.workers.dev/?fran=Sävsjö&amp;till=Klippan</loc><changefreq>monthly</changefreq></url>
Älvdalen,Ydre,579,419,Avståndet mellan Älvdalen och Ydre är 579 km och Karl-Johan Gyllenstorm beräknade körtiden till cirka 419 minuter.,<url><loc>https://pendlings-app1.t-767929534-cloudflare.workers.dev/?fran=Älvdalen&amp;till=Ydre</loc><changefreq>monthly</changefreq></url>
Mullsjö,Skurup,1242,823,Avståndet mellan Mullsjö och Skurup är 1242 km och Karl-Johan Gyllenstorm beräknade körtiden till cirka 823 minuter.,<url><loc>https://pendlings-app1.t-767929534-cloudflare.workers.dev/?fran=Mullsjö&amp;till=Skurup</loc><changefreq>monthly</changefreq></url>
Berg,Havdhem,807,514,Avståndet mellan Berg och Havdhem är 807 km och Karl-Johan Gyllenstorm beräknade körtiden till cirka 514 minuter.,<url><loc>https://pendlings-app1.t-767929534-cloudflare.workers.dev/?fran=Berg&amp;till=Havdhem</loc><changefreq>monthly</changefreq></url>
Torsby,Säffle,155,111,Avståndet mellan Torsby och Säffle är 155 km och Karl-Johan Gyllenstorm beräknade körtiden till cirka 111 minuter.,<url><loc>https://pendlings-app1.t-767929534-cloudflare.workers.dev/?fran=Torsby&amp;till=Säffle</loc><changefreq>monthly</changefreq></url>
Knivsta,Överkalix,599,464,Avståndet mellan Knivsta och Överkalix är 599 km och Karl-Johan Gyllenstorm beräknade körtiden till cirka 464 minuter.,<url><loc>https://pendlings-app1.t-767929534-cloudflare.workers.dev/?fran=Knivsta&amp;till=Överkalix</loc><changefreq>monthly</changefreq></url>
Älvdalen,Sjöbo,387,284,Avståndet mellan Älvdalen och Sjöbo är 387 km och Karl-Johan Gyllenstorm beräknade körtiden till cirka 284 minuter.,<url><loc>https://pendlings-app1.t-767929534-cloudflare.workers.dev/?fran=Älvdalen&amp;till=Sjöbo</loc><changefreq>monthly</changefreq></url>
Ulricehamn,Vetlanda,782,622,Avståndet mellan Ulricehamn och Vetlanda är 782 km och Karl-Johan Gyllenstorm beräknade körtiden till cirka 622 minuter.,<url><loc>https://pendlings-app1.t-767929534-cloudflare.workers.dev/?fran=Ulricehamn&amp;till=Vetlanda</loc><changefreq>monthly</changefreq></url>
Laholm,Jönköping,41,28,Avståndet mellan Laholm och Jönköping är 41 km och Karl-Johan Gyllenstorm beräknade körtiden till cirka 28 minuter.,<url><loc>https://pendlings-app1.t-767929534-cloudflare.workers.dev/?fran=Laholm&amp;till=Jönköping</loc><changefreq>monthly</changefreq></url>
Hagfors,Mullsjö,1291,830,Avståndet mellan Hagfors och Mullsjö är 1291 km och Karl-Johan Gyllenstorm beräknade körtiden till cirka 830 minuter.,<url><loc>https://pendlings-app1.t-767929534-cloudflare.workers.dev/?fran=Hagfors&amp;till=Mullsjö</loc><changefreq>monthly</changefreq></url>
Boden,Perstorp,652,459,Avståndet mellan Boden och Perstorp är 652 km och Karl-Johan Gyllenstorm beräknade körtiden till cirka 459 minuter.,<url><loc>https://pendlings-app1.t-767929534-cloudflare.workers.dev/?fran=Boden&amp;till=Perstorp</loc><changefreq>monthly</changefreq></url>
Trelleborg,Eslöv,724,552,Avståndet mellan Trelleborg och Eslöv är 724 km och Karl-Johan Gyllenstorm beräknade körtiden till cirka 552 minuter.,<url><loc>https://pendlings-app1.t-767929534-cloudflare.workers.dev/?fran=Trelleborg&amp;till=Eslöv</loc><changefreq>monthly</changefreq></url>
Bålsta,Degerfors,842,581,Avståndet mellan Bålsta och Degerfors är 842 km och Karl-Johan Gyllenstorm beräknade körtiden till cirka 581 minuter.,<url><loc>https://pendlings-app1.t-767929534-cloudflare.workers.dev/?fran=Bålsta&amp;till=Degerfors</loc><changefreq>monthly</changefreq></url>
Kalix,Ängelholm,686,454,Avståndet mellan Kalix och Ängelholm är 686 km och Karl-Johan Gyllenstorm beräknade körtiden till cirka 454 minuter.,<url><loc>https://pendlings-app1.t-767929534-cloudflare.workers.dev/?fran=Kalix&amp;till=Ängelholm</loc><changefreq>monthly</changefreq></url>
Pajala,Strängnäs,785,544,Avståndet mellan Pajala och Strängnäs är 785 km och Karl-Johan Gyllenstorm beräknade körtiden till cirka 544 minuter.,<url><loc>https://pendlings-app1.t-767929534-cloudflare.workers.dev/?fran=Pajala&amp;till=Strängnäs</loc><changefreq>monthly</changefreq></url>
Ödeshög,Mörbylånga,838,620,Avståndet mellan Ödeshög och Mörbylånga är 838 km och Karl-Johan Gyllenstorm beräknade körtiden till cirka 620 minuter.,<url><loc>https://pendlings-app1.t-767929534-cloudflare.workers.dev/?fran=Ödeshög&amp;till=Mörbylånga</loc><changefreq>monthly</changefreq></url>
Tranemo,Älvdalen,939,716,Avståndet mellan Tranemo och Älvdalen är 939 km och Karl-Johan Gyllenstorm beräknade körtiden till cirka 716 minuter.,<url><loc>https://pendlings-app1.t-767929534-cloudflare.workers.dev/?fran=Tranemo&amp;till=Älvdalen</loc><changefreq>monthly</changefreq></url>
Finspång,Timrå,515,411,Avståndet mellan Finspång och Timrå är 515 km och Karl-Johan Gyllenstorm beräknade körtiden till cirka 411 minuter.,<url><loc>https://pendlings-app1.t-767929534-cloudflare.workers.dev/?fran=Finspång&amp;till=Timrå</loc><changefreq>monthly</changefreq></url>
Malung,Ljusdal,590,455,Avståndet mellan Malung och Ljusdal är 590 km och Karl-Johan Gyllenstorm beräknade körtiden till cirka 455 minuter.,<url><loc>https://pendlings-app1.t-767929534-cloudflare.workers.dev/?fran=Malung&amp;till=Ljusdal</loc><changefreq>monthly</changefreq></url>
Vansbro,Mark,778,516,Avståndet mellan Vansbro och Mark är 778 km och Karl-Johan Gyllenstorm beräknade körtiden till cirka 516 minuter.,<url><loc>https://pendlings-app1.t-767929534-cloudflare.workers.dev/?fran=Vansbro&amp;till=Mark</loc><changefreq>monthly</changefreq></url>
Varberg,Älvsbyn,1230,779,Avståndet mellan Varberg och Älvsbyn är 1230 km och Karl-Johan Gyllenstorm beräknade körtiden till cirka 779 minuter.,<url><loc>https://pendlings-app1.t-767929534-cloudflare.workers.dev/?fran=Varberg&amp;till=Älvsbyn</loc><changefreq>monthly</changefreq></url>
Sälen,Båstad,569,434,Avståndet mellan Sälen och Båstad är 569 km och Karl-Johan Gyllenstorm beräknade körtiden till cirka 434 minuter.,<url><loc>https://pendlings-app1.t-767929534-cloudflare.workers.dev/?fran=Sälen&amp;till=Båstad</loc><changefreq>monthly</changefreq></url>
Smedjebacken,Hagfors,275,176,Avståndet mellan Smedjebacken och Hagfors är 275 km och Karl-Johan Gyllenstorm beräknade körtiden till cirka 176 minuter.,<url><loc>https://pendlings-app1.t-767929534-cloudflare.workers.dev/?fran=Smedjebacken&amp;till=Hagfors</loc><changefreq>monthly</changefreq></url>
Hemse,Norsjö,610,481,Avståndet mellan Hemse och Norsjö är 610 km och Karl-Johan Gyllenstorm beräknade körtiden till cirka 481 minuter.,<url><loc>https://pendlings-app1.t-767929534-cloudflare.workers.dev/?fran=Hemse&amp;till=Norsjö</loc><changefreq>monthly</changefreq></url>
Östhammar,Gullspång,1392,888,Avståndet mellan Östhammar och Gullspång är 1392 km och Karl-Johan Gyllenstorm beräknade körtiden till cirka 888 minuter.,<url><loc>https://pendlings-app1.t-767929534-cloudflare.workers.dev/?fran=Östhammar&amp;till=Gullspång</loc><changefreq>monthly</changefreq></url>
Svalöv,Charlottenberg,1357,948,Avståndet mellan Svalöv och Charlottenberg är 1357 km och Karl-Johan Gyllenstorm beräknade körtiden till cirka 948 minuter.,<url><loc>https://pendlings-app1.t-767929534-cloudflare.workers.dev/?fran=Svalöv&amp;till=Charlottenberg</loc><changefreq>monthly</changefreq></url>
Vänersborg,Skutskär,425,319,Avståndet mellan Vänersborg och Skutskär är 425 km och Karl-Johan Gyllenstorm beräknade körtiden till cirka 319 minuter.,<url><loc>https://pendlings-app1.t-767929534-cloudflare.workers.dev/?fran=Vänersborg&amp;till=Skutskär</loc><changefreq>monthly</changefreq></url>
Sävsjö,Jokkmokk,347,222,Avståndet mellan Sävsjö och Jokkmokk är 347 km och Karl-Johan Gyllenstorm beräknade körtiden till cirka 222 minuter.,<url><loc>https://pendlings-app1.t-767929534-cloudflare.workers.dev/?fran=Sävsjö&amp;till=Jokkmokk</loc><changefreq>monthly</changefreq></url>
Grums,Ludvika,263,195,Avståndet mellan Grums och Ludvika är 263 km och Karl-Johan Gyllenstorm beräknade körtiden till cirka 195 minuter.,<url><loc>https://pendlings-app1.t-767929534-cloudflare.workers.dev/?fran=Grums&amp;till=Ludvika</loc><changefreq>monthly</changefreq></url>
Skövde,Östersund,673,435,Avståndet mellan Skövde och Östersund är 673 km och Karl-Johan Gyllenstorm beräknade körtiden till cirka 435 minuter.,<url><loc>https://pendlings-app1.t-767929534-cloudflare.workers.dev/?fran=Skövde&amp;till=Östersund</loc><changefreq>monthly</changefreq></url>
Grästorp,Timrå,462,310,Avståndet mellan Grästorp och Timrå är 462 km och Karl-Johan Gyllenstorm beräknade körtiden till cirka 310 minuter.,<url><loc>https://pendlings-app1.t-767929534-cloudflare.workers.dev/?fran=Grästorp&amp;till=Timrå</loc><changefreq>monthly</changefreq></url>
Norrköping,Ånge,139,99,Avståndet mellan Norrköping och Ånge är 139 km och Karl-Johan Gyllenstorm beräknade körtiden till cirka 99 minuter.,<url><loc>https://pendlings-app1.t-767929534-cloudflare.workers.dev/?fran=Norrköping&amp;till=Ånge</loc><changefreq>monthly</changefreq></url>
Havdhem,Mjölby,870,657,Avståndet mellan Havdhem och Mjölby är 870 km och Karl-Johan Gyllenstorm beräknade körtiden till cirka 657 minuter.,<url><loc>https://pendlings-app1.t-767929534-cloudflare.workers.dev/?fran=Havdhem&amp;till=Mjölby</loc><changefreq>monthly</changefreq></url>
Dorotea,Falkenberg,962,726,Avståndet mellan Dorotea och Falkenberg är 962 km och Karl-Johan Gyllenstorm beräknade körtiden till cirka 726 minuter.,<url><loc>https://pendlings-app1.t-767929534-cloudflare.workers.dev/?fran=Dorotea&amp;till=Falkenberg</loc><changefreq>monthly</changefreq></url>
Munkedal,Storuman,1419,915,Avståndet mellan Munkedal och Storuman är 1419 km och Karl-Johan Gyllenstorm beräknade körtiden till cirka 915 minuter.,<url><loc>https://pendlings-app1.t-767929534-cloudflare.workers.dev/?fran=Munkedal&amp;till=Storuman</loc><changefreq>monthly</changefreq></url>
Lycksele,Fårösund,86,60,Avståndet mellan Lycksele och Fårösund är 86 km och Karl-Johan Gyllenstorm beräknade körtiden till cirka 60 minuter.,<url><loc>https://pendlings-app1.t-767929534-cloudflare.workers.dev/?fran=Lycksele&amp;till=Fårösund</loc><changefreq>monthly</changefreq></url>
Hörby,Lund,1430,957,Avståndet mellan Hörby och Lund är 1430 km och Karl-Johan Gyllenstorm beräknade körtiden till cirka 957 minuter.,<url><loc>https://pendlings-app1.t-767929534-cloudflare.workers.dev/?fran=Hörby&amp;till=Lund</loc><changefreq>monthly</changefreq></url>
Håbo,Staffanstorp,1040,665,Avståndet mellan Håbo och Staffanstorp är 1040 km och Karl-Johan Gyllenstorm beräknade körtiden till cirka 665 minuter.,<url><loc>https://pendlings-app1.t-767929534-cloudflare.workers.dev/?fran=Håbo&amp;till=Staffanstorp</loc><changefreq>monthly</changefreq></url>
Gällivare,Köping,754,484,Avståndet mellan Gällivare och Köping är 754 km och Karl-Johan Gyllenstorm beräknade körtiden till cirka 484 minuter.,<url><loc>https://pendlings-app1.t-767929534-cloudflare.workers.dev/?fran=Gällivare&amp;till=Köping</loc><changefreq>monthly</changefreq></url>
Simrishamn,Säffle,315,202,Avståndet mellan Simrishamn och Säffle är 315 km och Karl-Johan Gyllenstorm beräknade körtiden till cirka 202 minuter.,<url><loc>https://pendlings-app1.t-767929534-cloudflare.workers.dev/?fran=Simrishamn&amp;till=Säffle</loc><changefreq>monthly</changefreq></url>
Hyltebruk,Köping,187,136,Avståndet mellan Hyltebruk och Köping är 187 km och Karl-Johan Gyllenstorm beräknade körtiden till cirka 136 minuter.,<url><loc>https://pendlings-app1.t-767929534-cloudflare.workers.dev/?fran=Hyltebruk&amp;till=Köping</loc><changefreq>monthly</changefreq></url>
Strömstad,Sölvesborg,1149,821,Avståndet mellan Strömstad och Sölvesborg är 1149 km och Karl-Johan Gyllenstorm beräknade körtiden till cirka 821 minuter.,<url><loc>https://pendlings-app1.t-767929534-cloudflare.workers.dev/?fran=Strömstad&amp;till=Sölvesborg</loc><changefreq>monthly</changefreq></url>
Örkelljunga,Håbo,1165,867,Avståndet mellan Örkelljunga och Håbo är 1165 km och Karl-Johan Gyllenstorm beräknade körtiden till cirka 867 minuter.,<url><loc>https://pendlings-app1.t-767929534-cloudflare.workers.dev/?fran=Örkelljunga&amp;till=Håbo</loc><changefreq>monthly</changefreq></url>
Vadstena,Degerfors,345,261,Avståndet mellan Vadstena och Degerfors är 345 km och Karl-Johan Gyllenstorm beräknade körtiden till cirka 261 minuter.,<url><loc>https://pendlings-app1.t-767929534-cloudflare.workers.dev/?fran=Vadstena&amp;till=Degerfors</loc><changefreq>monthly</changefreq></url>
Emmaboda,Essunga,1372,1022,Avståndet mellan Emmaboda och Essunga är 1372 km och Karl-Johan Gyllenstorm beräknade körtiden till cirka 1022 minuter.,<url><loc>https://pendlings-app1.t-767929534-cloudflare.workers.dev/?fran=Emmaboda&amp;till=Essunga</loc><changefreq>monthly</changefreq></url>
Karlstad,Mariestad,385,276,Avståndet mellan Karlstad och Mariestad är 385 km och Karl-Johan Gyllenstorm beräknade körtiden till cirka 276 minuter.,<url><loc>https://pendlings-app1.t-767929534-cloudflare.workers.dev/?fran=Karlstad&amp;till=Mariestad</loc><changefreq>monthly</changefreq></url>
Karlstad,Ljusnarsberg,1060,699,Avståndet mellan Karlstad och Ljusnarsberg är 1060 km och Karl-Johan Gyllenstorm beräknade körtiden till cirka 699 minuter.,<url><loc>https://pendlings-app1.t-767929534-cloudflare.workers.dev/?fran=Karlstad&amp;till=Ljusnarsberg</loc><changefreq>monthly</changefreq></url>
Västervik,Bjuv,556,415,Avståndet mellan Västervik och Bjuv är 556 km och Karl-Johan Gyllenstorm beräknade körtiden till cirka 415 minuter.,<url><loc>https://pendlings-app1.t-767929534-cloudflare.workers.dev/?fran=Västervik&amp;till=Bjuv</loc><changefreq>monthly</changefreq></url>
Lund,Härnösand,1418,967,Avståndet mellan Lund och Härnösand är 1418 km och Karl-Johan Gyllenstorm beräknade körtiden till cirka 967 minuter.,<url><loc>https://pendlings-app1.t-767929534-cloudflare.workers.dev/?fran=Lund&amp;till=Härnösand</loc><changefreq>monthly</changefreq></url>
Tranås,Motala,1415,999,Avståndet mellan Tranås och Motala är 1415 km och Karl-Johan Gyllenstorm beräknade körtiden till cirka 999 minuter.,<url><loc>https://pendlings-app1.t-767929534-cloudflare.workers.dev/?fran=Tranås&amp;till=Motala</loc><changefreq>monthly</changefreq></url>
Västerås,Kristinehamn,255,180,Avståndet mellan Västerås och Kristinehamn är 255 km och Karl-Johan Gyllenstorm beräknade körtiden till cirka 180 minuter.,<url><loc>https://pendlings-app1.t-767929534-cloudflare.workers.dev/?fran=Västerås&amp;till=Kristinehamn</loc><changefreq>monthly</changefreq></url>
Mörbylånga,Karlshamn,1341,853,Avståndet mellan Mörbylånga och Karlshamn är 1341 km och Karl-Johan Gyllenstorm beräknade körtiden till cirka 853 minuter.,<url><loc>https://pendlings-app1.t-767929534-cloudflare.workers.dev/?fran=Mörbylånga&amp;till=Karlshamn</loc><changefreq>monthly</changefreq></url>
Bräcke,Munkedal,1352,866,Avståndet mellan Bräcke och Munkedal är 1352 km och Karl-Johan Gyllenstorm beräknade körtiden till cirka 866 minuter.,<url><loc>https://pendlings-app1.t-767929534-cloudflare.workers.dev/?fran=Bräcke&amp;till=Munkedal</loc><changefreq>monthly</changefreq></url>
Tranås,Vingåker,1410,1120,Avståndet mellan Tranås och Vingåker är 1410 km och Karl-Johan Gyllenstorm beräknade körtiden till cirka 1120 minuter.,<url><loc>https://pendlings-app1.t-767929534-cloudflare.workers.dev/?fran=Tranås&amp;till=Vingåker</loc><changefreq>monthly</changefreq></url>
Borlänge,Visby,1108,799,Avståndet mellan Borlänge och Visby är 1108 km och Karl-Johan Gyllenstorm beräknade körtiden till cirka 799 minuter.,<url><loc>https://pendlings-app1.t-767929534-cloudflare.workers.dev/?fran=Borlänge&amp;till=Visby</loc><changefreq>monthly</changefreq></url>
Vimmerby,Skurup,724,470,Avståndet mellan Vimmerby och Skurup är 724 km och Karl-Johan Gyllenstorm beräknade körtiden till cirka 470 minuter.,<url><loc>https://pendlings-app1.t-767929534-cloudflare.workers.dev/?fran=Vimmerby&amp;till=Skurup</loc><changefreq>monthly</changefreq></url>
Sälen,Askersund,327,247,Avståndet mellan Sälen och Askersund är 327 km och Karl-Johan Gyllenstorm beräknade körtiden till cirka 247 minuter.,<url><loc>https://pendlings-app1.t-767929534-cloudflare.workers.dev/?fran=Sälen&amp;till=Askersund</loc><changefreq>monthly</changefreq></url>
Stånga,Lekeberg,935,666,Avståndet mellan Stånga och Lekeberg är 935 km och Karl-Johan Gyllenstorm beräknade körtiden till cirka 666 minuter.,<url><loc>https://pendlings-app1.t-767929534-cloudflare.workers.dev/?fran=Stånga&amp;till=Lekeberg</loc><changefreq>monthly</changefreq></url>
Årjäng,Staffanstorp,295,205,Avståndet mellan Årjäng och Staffanstorp är 295 km och Karl-Johan Gyllenstorm beräknade körtiden till cirka 205 minuter.,<url><loc>https://pendlings-app1.t-767929534-cloudflare.workers.dev/?fran=Årjäng&amp;till=Staffanstorp</loc><changefreq>monthly</changefreq></url>
Fagersta,Kungsör,844,571,Avståndet mellan Fagersta och Kungsör är 844 km och Karl-Johan Gyllenstorm beräknade körtiden till cirka 571 minuter.,<url><loc>https://pendlings-app1.t-767929534-cloudflare.workers.dev/?fran=Fagersta&amp;till=Kungsör</loc><changefreq>monthly</changefreq></url>
Ulricehamn,Östra Göinge,857,653,Avståndet mellan Ulricehamn och Östra Göinge är 857 km och Karl-Johan Gyllenstorm beräknade körtiden till cirka 653 minuter.,<url><loc>https://pendlings-app1.t-767929534-cloudflare.workers.dev/?fran=Ulricehamn&amp;till=Östra Göinge</loc><changefreq>monthly</changefreq></url>
Mariestad,Sundsvall,983,786,Avståndet mellan Mariestad och Sundsvall är 983 km och Karl-Johan Gyllenstorm beräknade körtiden till cirka 786 minuter.,<url><loc>https://pendlings-app1.t-767929534-cloudflare.workers.dev/?fran=Mariestad&amp;till=Sundsvall</loc><changefreq>monthly</changefreq></url>
Hallsberg,Mellerud,595,383,Avståndet mellan Hallsberg och Mellerud är 595 km och Karl-Johan Gyllenstorm beräknade körtiden till cirka 383 minuter.,<url><loc>https://pendlings-app1.t-767929534-cloudflare.workers.dev/?fran=Hallsberg&amp;till=Mellerud</loc><changefreq>monthly</changefreq></url>
Malung,Ånge,1347,883,Avståndet mellan Malung och Ånge är 1347 km och Karl-Johan Gyllenstorm beräknade körtiden till cirka 883 minuter.,<url><loc>https://pendlings-app1.t-767929534-cloudflare.workers.dev/?fran=Malung&amp;till=Ånge</loc><changefreq>monthly</changefreq></url>
Lidköping,Säffle,1313,885,Avståndet mellan Lidköping och Säffle är 1313 km och Karl-Johan Gyllenstorm beräknade körtiden till cirka 885 minuter.,<url><loc>https://pendlings-app1.t-767929534-cloudflare.workers.dev/?fran=Lidköping&amp;till=Säffle</loc><changefreq>monthly</changefreq></url>
Kumla,Tofta,337,222,Avståndet mellan Kumla och Tofta är 337 km och Karl-Johan Gyllenstorm beräknade körtiden till cirka 222 minuter.,<url><loc>https://pendlings-app1.t-767929534-cloudflare.workers.dev/?fran=Kumla&amp;till=Tofta</loc><changefreq>monthly</changefreq></url>
Emmaboda,Härjedalen,1124,884,Avståndet mellan Emmaboda och Härjedalen är 1124 km och Karl-Johan Gyllenstorm beräknade körtiden till cirka 884 minuter.,<url><loc>https://pendlings-app1.t-767929534-cloudflare.workers.dev/?fran=Emmaboda&amp;till=Härjedalen</loc><changefreq>monthly</changefreq></url>
Essunga,Habon,777,572,Avståndet mellan Essunga och Habon är 777 km och Karl-Johan Gyllenstorm beräknade körtiden till cirka 572 minuter.,<url><loc>https://pendlings-app1.t-767929534-cloudflare.workers.dev/?fran=Essunga&amp;till=Habon</loc><changefreq>monthly</changefreq></url>
Örnsköldsvik,Burgsvik,1088,740,Avståndet mellan Örnsköldsvik och Burgsvik är 1088 km och Karl-Johan Gyllenstorm beräknade körtiden till cirka 740 minuter.,<url><loc>https://pendlings-app1.t-767929534-cloudflare.workers.dev/?fran=Örnsköldsvik&amp;till=Burgsvik</loc><changefreq>monthly</changefreq></url>
Lärbro,Östersund,118,93,Avståndet mellan Lärbro och Östersund är 118 km och Karl-Johan Gyllenstorm beräknade körtiden till cirka 93 minuter.,<url><loc>https://pendlings-app1.t-767929534-cloudflare.workers.dev/?fran=Lärbro&amp;till=Östersund</loc><changefreq>monthly</changefreq></url>
Lycksele,Kalmar,336,238,Avståndet mellan Lycksele och Kalmar är 336 km och Karl-Johan Gyllenstorm beräknade körtiden till cirka 238 minuter.,<url><loc>https://pendlings-app1.t-767929534-cloudflare.workers.dev/?fran=Lycksele&amp;till=Kalmar</loc><changefreq>monthly</changefreq></url>
Vellinge,Surahammar,1422,1086,Avståndet mellan Vellinge och Surahammar är 1422 km och Karl-Johan Gyllenstorm beräknade körtiden till cirka 1086 minuter.,<url><loc>https://pendlings-app1.t-767929534-cloudflare.workers.dev/?fran=Vellinge&amp;till=Surahammar</loc><changefreq>monthly</changefreq></url>
Gislaved,Ronehamn,287,226,Avståndet mellan Gislaved och Ronehamn är 287 km och Karl-Johan Gyllenstorm beräknade körtiden till cirka 226 minuter.,<url><loc>https://pendlings-app1.t-767929534-cloudflare.workers.dev/?fran=Gislaved&amp;till=Ronehamn</loc><changefreq>monthly</changefreq></url>
Borlänge,Trosa,406,299,Avståndet mellan Borlänge och Trosa är 406 km och Karl-Johan Gyllenstorm beräknade körtiden till cirka 299 minuter.,<url><loc>https://pendlings-app1.t-767929534-cloudflare.workers.dev/?fran=Borlänge&amp;till=Trosa</loc><changefreq>monthly</changefreq></url>
Örkelljunga,Hällefor,1381,901,Avståndet mellan Örkelljunga och Hällefor är 1381 km och Karl-Johan Gyllenstorm beräknade körtiden till cirka 901 minuter.,<url><loc>https://pendlings-app1.t-767929534-cloudflare.workers.dev/?fran=Örkelljunga&amp;till=Hällefor</loc><changefreq>monthly</changefreq></url>
Ånge,Ulricehamn,424,329,Avståndet mellan Ånge och Ulricehamn är 424 km och Karl-Johan Gyllenstorm beräknade körtiden till cirka 329 minuter.,<url><loc>https://pendlings-app1.t-767929534-cloudflare.workers.dev/?fran=Ånge&amp;till=Ulricehamn</loc><changefreq>monthly</changefreq></url>
Övertorneå,Älvsbyn,79,54,Avståndet mellan Övertorneå och Älvsbyn är 79 km och Karl-Johan Gyllenstorm beräknade körtiden till cirka 54 minuter.,<url><loc>https://pendlings-app1.t-767929534-cloudflare.workers.dev/?fran=Övertorneå&amp;till=Älvsbyn</loc><changefreq>monthly</changefreq></url>
Skellefteå,Flen,489,311,Avståndet mellan Skellefteå och Flen är 489 km och Karl-Johan Gyllenstorm beräknade körtiden till cirka 311 minuter.,<url><loc>https://pendlings-app1.t-767929534-cloudflare.workers.dev/?fran=Skellefteå&amp;till=Flen</loc><changefreq>monthly</changefreq></url>
Östersund,Hörby,1442,952,Avståndet mellan Östersund och Hörby är 1442 km och Karl-Johan Gyllenstorm beräknade körtiden till cirka 952 minuter.,<url><loc>https://pendlings-app1.t-767929534-cloudflare.workers.dev/?fran=Östersund&amp;till=Hörby</loc><changefreq>monthly</changefreq></url>
Stockholm,Huddinge,470,312,Avståndet mellan Stockholm och Huddinge är 470 km och Karl-Johan Gyllenstorm beräknade körtiden till cirka 312 minuter.,<url><loc>https://pendlings-app1.t-767929534-cloudflare.workers.dev/?fran=Stockholm&amp;till=Huddinge</loc><changefreq>monthly</changefreq></url>
Mönsterås,Älvdalen,1108,730,Avståndet mellan Mönsterås och Älvdalen är 1108 km och Karl-Johan Gyllenstorm beräknade körtiden till cirka 730 minuter.,<url><loc>https://pendlings-app1.t-767929534-cloudflare.workers.dev/?fran=Mönsterås&amp;till=Älvdalen</loc><changefreq>monthly</changefreq></url>
Olofström,Sala,1446,1131,Avståndet mellan Olofström och Sala är 1446 km och Karl-Johan Gyllenstorm beräknade körtiden till cirka 1131 minuter.,<url><loc>https://pendlings-app1.t-767929534-cloudflare.workers.dev/?fran=Olofström&amp;till=Sala</loc><changefreq>monthly</changefreq></url>
Smedjebacken,Karlshamn,361,232,Avståndet mellan Smedjebacken och Karlshamn är 361 km och Karl-Johan Gyllenstorm beräknade körtiden till cirka 232 minuter.,<url><loc>https://pendlings-app1.t-767929534-cloudflare.workers.dev/?fran=Smedjebacken&amp;till=Karlshamn</loc><changefreq>monthly</changefreq></url>
Ronehamn,Krokom,431,334,Avståndet mellan Ronehamn och Krokom är 431 km och Karl-Johan Gyllenstorm beräknade körtiden till cirka 334 minuter.,<url><loc>https://pendlings-app1.t-767929534-cloudflare.workers.dev/?fran=Ronehamn&amp;till=Krokom</loc><changefreq>monthly</changefreq></url>
Dorotea,Sandviken,799,548,Avståndet mellan Dorotea och Sandviken är 799 km och Karl-Johan Gyllenstorm beräknade körtiden till cirka 548 minuter.,<url><loc>https://pendlings-app1.t-767929534-cloudflare.workers.dev/?fran=Dorotea&amp;till=Sandviken</loc><changefreq>monthly</changefreq></url>
Sala,Motala,743,500,Avståndet mellan Sala och Motala är 743 km och Karl-Johan Gyllenstorm beräknade körtiden till cirka 500 minuter.,<url><loc>https://pendlings-app1.t-767929534-cloudflare.workers.dev/?fran=Sala&amp;till=Motala</loc><changefreq>monthly</changefreq></url>
Nora,Mark,1086,720,Avståndet mellan Nora och Mark är 1086 km och Karl-Johan Gyllenstorm beräknade körtiden till cirka 720 minuter.,<url><loc>https://pendlings-app1.t-767929534-cloudflare.workers.dev/?fran=Nora&amp;till=Mark</loc><changefreq>monthly</changefreq></url>
Falköping,Burgsvik,385,248,Avståndet mellan Falköping och Burgsvik är 385 km och Karl-Johan Gyllenstorm beräknade körtiden till cirka 248 minuter.,<url><loc>https://pendlings-app1.t-767929534-cloudflare.workers.dev/?fran=Falköping&amp;till=Burgsvik</loc><changefreq>monthly</changefreq></url>
Sala,Vingåker,79,54,Avståndet mellan Sala och Vingåker är 79 km och Karl-Johan Gyllenstorm beräknade körtiden till cirka 54 minuter.,<url><loc>https://pendlings-app1.t-767929534-cloudflare.workers.dev/?fran=Sala&amp;till=Vingåker</loc><changefreq>monthly</changefreq></url>
Töreboda,Bengtsfors,406,282,Avståndet mellan Töreboda och Bengtsfors är 406 km och Karl-Johan Gyllenstorm beräknade körtiden till cirka 282 minuter.,<url><loc>https://pendlings-app1.t-767929534-cloudflare.workers.dev/?fran=Töreboda&amp;till=Bengtsfors</loc><changefreq>monthly</changefreq></url>
Vara,Gällivare,1317,858,Avståndet mellan Vara och Gällivare är 1317 km och Karl-Johan Gyllenstorm beräknade körtiden till cirka 858 minuter.,<url><loc>https://pendlings-app1.t-767929534-cloudflare.workers.dev/?fran=Vara&amp;till=Gällivare</loc><changefreq>monthly</changefreq></url>
Norrköping,Borås,529,388,Avståndet mellan Norrköping och Borås är 529 km och Karl-Johan Gyllenstorm beräknade körtiden till cirka 388 minuter.,<url><loc>https://pendlings-app1.t-767929534-cloudflare.workers.dev/?fran=Norrköping&amp;till=Borås</loc><changefreq>monthly</changefreq></url>
Haparanda,Tranemo,789,502,Avståndet mellan Haparanda och Tranemo är 789 km och Karl-Johan Gyllenstorm beräknade körtiden till cirka 502 minuter.,<url><loc>https://pendlings-app1.t-767929534-cloudflare.workers.dev/?fran=Haparanda&amp;till=Tranemo</loc><changefreq>monthly</changefreq></url>
Ronehamn,Uddevalla,746,489,Avståndet mellan Ronehamn och Uddevalla är 746 km och Karl-Johan Gyllenstorm beräknade körtiden till cirka 489 minuter.,<url><loc>https://pendlings-app1.t-767929534-cloudflare.workers.dev/?fran=Ronehamn&amp;till=Uddevalla</loc><changefreq>monthly</changefreq></url>
Haparanda,Arvika,1375,931,Avståndet mellan Haparanda och Arvika är 1375 km och Karl-Johan Gyllenstorm beräknade körtiden till cirka 931 minuter.,<url><loc>https://pendlings-app1.t-767929534-cloudflare.workers.dev/?fran=Haparanda&amp;till=Arvika</loc><changefreq>monthly</changefreq></url>
Sunne,Strängnäs,505,389,Avståndet mellan Sunne och Strängnäs är 505 km och Karl-Johan Gyllenstorm beräknade körtiden till cirka 389 minuter.,<url><loc>https://pendlings-app1.t-767929534-cloudflare.workers.dev/?fran=Sunne&amp;till=Strängnäs</loc><changefreq>monthly</changefreq></url>
Nora,Älvkarleby,333,228,Avståndet mellan Nora och Älvkarleby är 333 km och Karl-Johan Gyllenstorm beräknade körtiden till cirka 228 minuter.,<url><loc>https://pendlings-app1.t-767929534-cloudflare.workers.dev/?fran=Nora&amp;till=Älvkarleby</loc><changefreq>monthly</changefreq></url>
Ed,Töreboda,931,702,Avståndet mellan Ed och Töreboda är 931 km och Karl-Johan Gyllenstorm beräknade körtiden till cirka 702 minuter.,<url><loc>https://pendlings-app1.t-767929534-cloudflare.workers.dev/?fran=Ed&amp;till=Töreboda</loc><changefreq>monthly</changefreq></url>
Sandviken,Skinnskatteberg,1286,979,Avståndet mellan Sandviken och Skinnskatteberg är 1286 km och Karl-Johan Gyllenstorm beräknade körtiden till cirka 979 minuter.,<url><loc>https://pendlings-app1.t-767929534-cloudflare.workers.dev/?fran=Sandviken&amp;till=Skinnskatteberg</loc><changefreq>monthly</changefreq></url>
Osby,Mellerud,1094,754,Avståndet mellan Osby och Mellerud är 1094 km och Karl-Johan Gyllenstorm beräknade körtiden till cirka 754 minuter.,<url><loc>https://pendlings-app1.t-767929534-cloudflare.workers.dev/?fran=Osby&amp;till=Mellerud</loc><changefreq>monthly</changefreq></url>
Fagersta,Bräcke,381,305,Avståndet mellan Fagersta och Bräcke är 381 km och Karl-Johan Gyllenstorm beräknade körtiden till cirka 305 minuter.,<url><loc>https://pendlings-app1.t-767929534-cloudflare.workers.dev/?fran=Fagersta&amp;till=Bräcke</loc><changefreq>monthly</changefreq></url>
Surahammar,Osby,769,501,Avståndet mellan Surahammar och Osby är 769 km och Karl-Johan Gyllenstorm beräknade körtiden till cirka 501 minuter.,<url><loc>https://pendlings-app1.t-767929534-cloudflare.workers.dev/?fran=Surahammar&amp;till=Osby</loc><changefreq>monthly</changefreq></url>
Skutskär,Hultsfred,1440,972,Avståndet mellan Skutskär och Hultsfred är 1440 km och Karl-Johan Gyllenstorm beräknade körtiden till cirka 972 minuter.,<url><loc>https://pendlings-app1.t-767929534-cloudflare.workers.dev/?fran=Skutskär&amp;till=Hultsfred</loc><changefreq>monthly</changefreq></url>
Åre,Ödeshög,479,317,Avståndet mellan Åre och Ödeshög är 479 km och Karl-Johan Gyllenstorm beräknade körtiden till cirka 317 minuter.,<url><loc>https://pendlings-app1.t-767929534-cloudflare.workers.dev/?fran=Åre&amp;till=Ödeshög</loc><changefreq>monthly</changefreq></url>
Norsjö,Svenljunga,486,376,Avståndet mellan Norsjö och Svenljunga är 486 km och Karl-Johan Gyllenstorm beräknade körtiden till cirka 376 minuter.,<url><loc>https://pendlings-app1.t-767929534-cloudflare.workers.dev/?fran=Norsjö&amp;till=Svenljunga</loc><changefreq>monthly</changefreq></url>
Åre,Sandviken,891,640,Avståndet mellan Åre och Sandviken är 891 km och Karl-Johan Gyllenstorm beräknade körtiden till cirka 640 minuter.,<url><loc>https://pendlings-app1.t-767929534-cloudflare.workers.dev/?fran=Åre&amp;till=Sandviken</loc><changefreq>monthly</changefreq></url>
Ljusdal,Nyköping,1063,778,Avståndet mellan Ljusdal och Nyköping är 1063 km och Karl-Johan Gyllenstorm beräknade körtiden till cirka 778 minuter.,<url><loc>https://pendlings-app1.t-767929534-cloudflare.workers.dev/?fran=Ljusdal&amp;till=Nyköping</loc><changefreq>monthly</changefreq></url>
Sundsvall,Håbo,96,68,Avståndet mellan Sundsvall och Håbo är 96 km och Karl-Johan Gyllenstorm beräknade körtiden till cirka 68 minuter.,<url><loc>https://pendlings-app1.t-767929534-cloudflare.workers.dev/?fran=Sundsvall&amp;till=Håbo</loc><changefreq>monthly</changefreq></url>
Filipstad,Sorsele,212,137,Avståndet mellan Filipstad och Sorsele är 212 km och Karl-Johan Gyllenstorm beräknade körtiden till cirka 137 minuter.,<url><loc>https://pendlings-app1.t-767929534-cloudflare.workers.dev/?fran=Filipstad&amp;till=Sorsele</loc><changefreq>monthly</changefreq></url>
Göteborg,Tierp,1153,732,Avståndet mellan Göteborg och Tierp är 1153 km och Karl-Johan Gyllenstorm beräknade körtiden till cirka 732 minuter.,<url><loc>https://pendlings-app1.t-767929534-cloudflare.workers.dev/?fran=Göteborg&amp;till=Tierp</loc><changefreq>monthly</changefreq></url>
Mariestad,Älvkarleby,118,83,Avståndet mellan Mariestad och Älvkarleby är 118 km och Karl-Johan Gyllenstorm beräknade körtiden till cirka 83 minuter.,<url><loc>https://pendlings-app1.t-767929534-cloudflare.workers.dev/?fran=Mariestad&amp;till=Älvkarleby</loc><changefreq>monthly</changefreq></url>
Kalix,Vilhelmina,821,565,Avståndet mellan Kalix och Vilhelmina är 821 km och Karl-Johan Gyllenstorm beräknade körtiden till cirka 565 minuter.,<url><loc>https://pendlings-app1.t-767929534-cloudflare.workers.dev/?fran=Kalix&amp;till=Vilhelmina</loc><changefreq>monthly</changefreq></url>
Enköping,Tofta,272,181,Avståndet mellan Enköping och Tofta är 272 km och Karl-Johan Gyllenstorm beräknade körtiden till cirka 181 minuter.,<url><loc>https://pendlings-app1.t-767929534-cloudflare.workers.dev/?fran=Enköping&amp;till=Tofta</loc><changefreq>monthly</changefreq></url>
Hyltebruk,Bjuv,349,229,Avståndet mellan Hyltebruk och Bjuv är 349 km och Karl-Johan Gyllenstorm beräknade körtiden till cirka 229 minuter.,<url><loc>https://pendlings-app1.t-767929534-cloudflare.workers.dev/?fran=Hyltebruk&amp;till=Bjuv</loc><changefreq>monthly</changefreq></url>
Enköping,Tanum,434,315,Avståndet mellan Enköping och Tanum är 434 km och Karl-Johan Gyllenstorm beräknade körtiden till cirka 315 minuter.,<url><loc>https://pendlings-app1.t-767929534-cloudflare.workers.dev/?fran=Enköping&amp;till=Tanum</loc><changefreq>monthly</changefreq></url>
Roma,Sölvesborg,227,181,Avståndet mellan Roma och Sölvesborg är 227 km och Karl-Johan Gyllenstorm beräknade körtiden till cirka 181 minuter.,<url><loc>https://pendlings-app1.t-767929534-cloudflare.workers.dev/?fran=Roma&amp;till=Sölvesborg</loc><changefreq>monthly</changefreq></url>
Färgelanda,Halmstad,280,215,Avståndet mellan Färgelanda och Halmstad är 280 km och Karl-Johan Gyllenstorm beräknade körtiden till cirka 215 minuter.,<url><loc>https://pendlings-app1.t-767929534-cloudflare.workers.dev/?fran=Färgelanda&amp;till=Halmstad</loc><changefreq>monthly</changefreq></url>
Trelleborg,Vellinge,229,167,Avståndet mellan Trelleborg och Vellinge är 229 km och Karl-Johan Gyllenstorm beräknade körtiden till cirka 167 minuter.,<url><loc>https://pendlings-app1.t-767929534-cloudflare.workers.dev/?fran=Trelleborg&amp;till=Vellinge</loc><changefreq>monthly</changefreq></url>
Luleå,Håbo,1158,875,Avståndet mellan Luleå och Håbo är 1158 km och Karl-Johan Gyllenstorm beräknade körtiden till cirka 875 minuter.,<url><loc>https://pendlings-app1.t-767929534-cloudflare.workers.dev/?fran=Luleå&amp;till=Håbo</loc><changefreq>monthly</changefreq></url>
Flen,Åtvidaberg,1168,791,Avståndet mellan Flen och Åtvidaberg är 1168 km och Karl-Johan Gyllenstorm beräknade körtiden till cirka 791 minuter.,<url><loc>https://pendlings-app1.t-767929534-cloudflare.workers.dev/?fran=Flen&amp;till=Åtvidaberg</loc><changefreq>monthly</changefreq></url>
Mönsterås,Piteå,1319,840,Avståndet mellan Mönsterås och Piteå är 1319 km och Karl-Johan Gyllenstorm beräknade körtiden till cirka 840 minuter.,<url><loc>https://pendlings-app1.t-767929534-cloudflare.workers.dev/?fran=Mönsterås&amp;till=Piteå</loc><changefreq>monthly</changefreq></url>
Slite,Klintehamn,208,132,Avståndet mellan Slite och Klintehamn är 208 km och Karl-Johan Gyllenstorm beräknade körtiden till cirka 132 minuter.,<url><loc>https://pendlings-app1.t-767929534-cloudflare.workers.dev/?fran=Slite&amp;till=Klintehamn</loc><changefreq>monthly</changefreq></url>
Östersund,Kalmar,1034,702,Avståndet mellan Östersund och Kalmar är 1034 km och Karl-Johan Gyllenstorm beräknade körtiden till cirka 702 minuter.,<url><loc>https://pendlings-app1.t-767929534-cloudflare.workers.dev/?fran=Östersund&amp;till=Kalmar</loc><changefreq>monthly</changefreq></url>
Lindesberg,Aneby,1315,943,Avståndet mellan Lindesberg och Aneby är 1315 km och Karl-Johan Gyllenstorm beräknade körtiden till cirka 943 minuter.,<url><loc>https://pendlings-app1.t-767929534-cloudflare.workers.dev/?fran=Lindesberg&amp;till=Aneby</loc><changefreq>monthly</changefreq></url>
Essunga,Älvdalen,561,393,Avståndet mellan Essunga och Älvdalen är 561 km och Karl-Johan Gyllenstorm beräknade körtiden till cirka 393 minuter.,<url><loc>https://pendlings-app1.t-767929534-cloudflare.workers.dev/?fran=Essunga&amp;till=Älvdalen</loc><changefreq>monthly</changefreq></url>
Staffanstorp,Surahammar,553,366,Avståndet mellan Staffanstorp och Surahammar är 553 km och Karl-Johan Gyllenstorm beräknade körtiden till cirka 366 minuter.,<url><loc>https://pendlings-app1.t-767929534-cloudflare.workers.dev/?fran=Staffanstorp&amp;till=Surahammar</loc><changefreq>monthly</changefreq></url>
Tierp,Munkedal,1004,762,Avståndet mellan Tierp och Munkedal är 1004 km och Karl-Johan Gyllenstorm beräknade körtiden till cirka 762 minuter.,<url><loc>https://pendlings-app1.t-767929534-cloudflare.workers.dev/?fran=Tierp&amp;till=Munkedal</loc><changefreq>monthly</changefreq></url>
Sollefteå,Säffle,931,620,Avståndet mellan Sollefteå och Säffle är 931 km och Karl-Johan Gyllenstorm beräknade körtiden till cirka 620 minuter.,<url><loc>https://pendlings-app1.t-767929534-cloudflare.workers.dev/?fran=Sollefteå&amp;till=Säffle</loc><changefreq>monthly</changefreq></url>
Trelleborg,Svedala,293,226,Avståndet mellan Trelleborg och Svedala är 293 km och Karl-Johan Gyllenstorm beräknade körtiden till cirka 226 minuter.,<url><loc>https://pendlings-app1.t-767929534-cloudflare.workers.dev/?fran=Trelleborg&amp;till=Svedala</loc><changefreq>monthly</changefreq></url>
Ulricehamn,Finspång,468,297,Avståndet mellan Ulricehamn och Finspång är 468 km och Karl-Johan Gyllenstorm beräknade körtiden till cirka 297 minuter.,<url><loc>https://pendlings-app1.t-767929534-cloudflare.workers.dev/?fran=Ulricehamn&amp;till=Finspång</loc><changefreq>monthly</changefreq></url>
Herrljunga,Stockholm,337,260,Avståndet mellan Herrljunga och Stockholm är 337 km och Karl-Johan Gyllenstorm beräknade körtiden till cirka 260 minuter.,<url><loc>https://pendlings-app1.t-767929534-cloudflare.workers.dev/?fran=Herrljunga&amp;till=Stockholm</loc><changefreq>monthly</changefreq></url>
Sveg,Alingsås,355,228,Avståndet mellan Sveg och Alingsås är 355 km och Karl-Johan Gyllenstorm beräknade körtiden till cirka 228 minuter.,<url><loc>https://pendlings-app1.t-767929534-cloudflare.workers.dev/?fran=Sveg&amp;till=Alingsås</loc><changefreq>monthly</changefreq></url>
Smedjebacken,Malmö,1066,849,Avståndet mellan Smedjebacken och Malmö är 1066 km och Karl-Johan Gyllenstorm beräknade körtiden till cirka 849 minuter.,<url><loc>https://pendlings-app1.t-767929534-cloudflare.workers.dev/?fran=Smedjebacken&amp;till=Malmö</loc><changefreq>monthly</changefreq></url>
Åtvidaberg,Forshaga,242,161,Avståndet mellan Åtvidaberg och Forshaga är 242 km och Karl-Johan Gyllenstorm beräknade körtiden till cirka 161 minuter.,<url><loc>https://pendlings-app1.t-767929534-cloudflare.workers.dev/?fran=Åtvidaberg&amp;till=Forshaga</loc><changefreq>monthly</changefreq></url>
Vellinge,Skinnskatteberg,623,467,Avståndet mellan Vellinge och Skinnskatteberg är 623 km och Karl-Johan Gyllenstorm beräknade körtiden till cirka 467 minuter.,<url><loc>https://pendlings-app1.t-767929534-cloudflare.workers.dev/?fran=Vellinge&amp;till=Skinnskatteberg</loc><changefreq>monthly</changefreq></url>
Timrå,Kristianstad,340,249,Avståndet mellan Timrå och Kristianstad är 340 km och Karl-Johan Gyllenstorm beräknade körtiden till cirka 249 minuter.,<url><loc>https://pendlings-app1.t-767929534-cloudflare.workers.dev/?fran=Timrå&amp;till=Kristianstad</loc><changefreq>monthly</changefreq></url>
Ängelholm,Svalöv,1397,909,Avståndet mellan Ängelholm och Svalöv är 1397 km och Karl-Johan Gyllenstorm beräknade körtiden till cirka 909 minuter.,<url><loc>https://pendlings-app1.t-767929534-cloudflare.workers.dev/?fran=Ängelholm&amp;till=Svalöv</loc><changefreq>monthly</changefreq></url>
Varberg,Gislaved,1184,910,Avståndet mellan Varberg och Gislaved är 1184 km och Karl-Johan Gyllenstorm beräknade körtiden till cirka 910 minuter.,<url><loc>https://pendlings-app1.t-767929534-cloudflare.workers.dev/?fran=Varberg&amp;till=Gislaved</loc><changefreq>monthly</changefreq></url>
Burgsvik,Östhammar,1386,877,Avståndet mellan Burgsvik och Östhammar är 1386 km och Karl-Johan Gyllenstorm beräknade körtiden till cirka 877 minuter.,<url><loc>https://pendlings-app1.t-767929534-cloudflare.workers.dev/?fran=Burgsvik&amp;till=Östhammar</loc><changefreq>monthly</changefreq></url>
Kramfors,Habon,1317,857,Avståndet mellan Kramfors och Habon är 1317 km och Karl-Johan Gyllenstorm beräknade körtiden till cirka 857 minuter.,<url><loc>https://pendlings-app1.t-767929534-cloudflare.workers.dev/?fran=Kramfors&amp;till=Habon</loc><changefreq>monthly</changefreq></url>
Ragunda,Gävle,390,261,Avståndet mellan Ragunda och Gävle är 390 km och Karl-Johan Gyllenstorm beräknade körtiden till cirka 261 minuter.,<url><loc>https://pendlings-app1.t-767929534-cloudflare.workers.dev/?fran=Ragunda&amp;till=Gävle</loc><changefreq>monthly</changefreq></url>
Kopparberg,Gällivare,749,541,Avståndet mellan Kopparberg och Gällivare är 749 km och Karl-Johan Gyllenstorm beräknade körtiden till cirka 541 minuter.,<url><loc>https://pendlings-app1.t-767929534-cloudflare.workers.dev/?fran=Kopparberg&amp;till=Gällivare</loc><changefreq>monthly</changefreq></url>
Stockholm,Mark,797,608,Avståndet mellan Stockholm och Mark är 797 km och Karl-Johan Gyllenstorm beräknade körtiden till cirka 608 minuter.,<url><loc>https://pendlings-app1.t-767929534-cloudflare.workers.dev/?fran=Stockholm&amp;till=Mark</loc><changefreq>monthly</changefreq></url>
Timrå,Norrköping,1290,816,Avståndet mellan Timrå och Norrköping är 1290 km och Karl-Johan Gyllenstorm beräknade körtiden till cirka 816 minuter.,<url><loc>https://pendlings-app1.t-767929534-cloudflare.workers.dev/?fran=Timrå&amp;till=Norrköping</loc><changefreq>monthly</changefreq></url>
Vellinge,Herrljunga,716,542,Avståndet mellan Vellinge och Herrljunga är 716 km och Karl-Johan Gyllenstorm beräknade körtiden till cirka 542 minuter.,<url><loc>https://pendlings-app1.t-767929534-cloudflare.workers.dev/?fran=Vellinge&amp;till=Herrljunga</loc><changefreq>monthly</changefreq></url>
Kalix,Haparanda,1368,1080,Avståndet mellan Kalix och Haparanda är 1368 km och Karl-Johan Gyllenstorm beräknade körtiden till cirka 1080 minuter.,<url><loc>https://pendlings-app1.t-767929534-cloudflare.workers.dev/?fran=Kalix&amp;till=Haparanda</loc><changefreq>monthly</changefreq></url>
Filipstad,Sollefteå,822,618,Avståndet mellan Filipstad och Sollefteå är 822 km och Karl-Johan Gyllenstorm beräknade körtiden till cirka 618 minuter.,<url><loc>https://pendlings-app1.t-767929534-cloudflare.workers.dev/?fran=Filipstad&amp;till=Sollefteå</loc><changefreq>monthly</changefreq></url>
Färgelanda,Bräcke,1326,876,Avståndet mellan Färgelanda och Bräcke är 1326 km och Karl-Johan Gyllenstorm beräknade körtiden till cirka 876 minuter.,<url><loc>https://pendlings-app1.t-767929534-cloudflare.workers.dev/?fran=Färgelanda&amp;till=Bräcke</loc><changefreq>monthly</changefreq></url>
Sjöbo,Norberg,1005,653,Avståndet mellan Sjöbo och Norberg är 1005 km och Karl-Johan Gyllenstorm beräknade körtiden till cirka 653 minuter.,<url><loc>https://pendlings-app1.t-767929534-cloudflare.workers.dev/?fran=Sjöbo&amp;till=Norberg</loc><changefreq>monthly</changefreq></url>
Kinda,Varberg,526,413,Avståndet mellan Kinda och Varberg är 526 km och Karl-Johan Gyllenstorm beräknade körtiden till cirka 413 minuter.,<url><loc>https://pendlings-app1.t-767929534-cloudflare.workers.dev/?fran=Kinda&amp;till=Varberg</loc><changefreq>monthly</changefreq></url>
Tierp,Mörbylånga,1351,1049,Avståndet mellan Tierp och Mörbylånga är 1351 km och Karl-Johan Gyllenstorm beräknade körtiden till cirka 1049 minuter.,<url><loc>https://pendlings-app1.t-767929534-cloudflare.workers.dev/?fran=Tierp&amp;till=Mörbylånga</loc><changefreq>monthly</changefreq></url>
Bjuv,Orsa,138,103,Avståndet mellan Bjuv och Orsa är 138 km och Karl-Johan Gyllenstorm beräknade körtiden till cirka 103 minuter.,<url><loc>https://pendlings-app1.t-767929534-cloudflare.workers.dev/?fran=Bjuv&amp;till=Orsa</loc><changefreq>monthly</changefreq></url>
Munkfors,Gislaved,1425,941,Avståndet mellan Munkfors och Gislaved är 1425 km och Karl-Johan Gyllenstorm beräknade körtiden till cirka 941 minuter.,<url><loc>https://pendlings-app1.t-767929534-cloudflare.workers.dev/?fran=Munkfors&amp;till=Gislaved</loc><changefreq>monthly</changefreq></url>
Gnosjö,Umeå,589,458,Avståndet mellan Gnosjö och Umeå är 589 km och Karl-Johan Gyllenstorm beräknade körtiden till cirka 458 minuter.,<url><loc>https://pendlings-app1.t-767929534-cloudflare.workers.dev/?fran=Gnosjö&amp;till=Umeå</loc><changefreq>monthly</changefreq></url>
Trosa,Arvidsjaur,508,406,Avståndet mellan Trosa och Arvidsjaur är 508 km och Karl-Johan Gyllenstorm beräknade körtiden till cirka 406 minuter.,<url><loc>https://pendlings-app1.t-767929534-cloudflare.workers.dev/?fran=Trosa&amp;till=Arvidsjaur</loc><changefreq>monthly</changefreq></url>
Kumla,Åtvidaberg,1395,1029,Avståndet mellan Kumla och Åtvidaberg är 1395 km och Karl-Johan Gyllenstorm beräknade körtiden till cirka 1029 minuter.,<url><loc>https://pendlings-app1.t-767929534-cloudflare.workers.dev/?fran=Kumla&amp;till=Åtvidaberg</loc><changefreq>monthly</changefreq></url>
Landskrona,Ånge,1169,746,Avståndet mellan Landskrona och Ånge är 1169 km och Karl-Johan Gyllenstorm beräknade körtiden till cirka 746 minuter.,<url><loc>https://pendlings-app1.t-767929534-cloudflare.workers.dev/?fran=Landskrona&amp;till=Ånge</loc><changefreq>monthly</changefreq></url>
Bålsta,Hjo,274,187,Avståndet mellan Bålsta och Hjo är 274 km och Karl-Johan Gyllenstorm beräknade körtiden till cirka 187 minuter.,<url><loc>https://pendlings-app1.t-767929534-cloudflare.workers.dev/?fran=Bålsta&amp;till=Hjo</loc><changefreq>monthly</changefreq></url>
Umeå,Vilhelmina,688,529,Avståndet mellan Umeå och Vilhelmina är 688 km och Karl-Johan Gyllenstorm beräknade körtiden till cirka 529 minuter.,<url><loc>https://pendlings-app1.t-767929534-cloudflare.workers.dev/?fran=Umeå&amp;till=Vilhelmina</loc><changefreq>monthly</changefreq></url>
Skara,Tierp,1376,1080,Avståndet mellan Skara och Tierp är 1376 km och Karl-Johan Gyllenstorm beräknade körtiden till cirka 1080 minuter.,<url><loc>https://pendlings-app1.t-767929534-cloudflare.workers.dev/?fran=Skara&amp;till=Tierp</loc><changefreq>monthly</changefreq></url>
Karlsborg,Sölvesborg,814,622,Avståndet mellan Karlsborg och Sölvesborg är 814 km och Karl-Johan Gyllenstorm beräknade körtiden till cirka 622 minuter.,<url><loc>https://pendlings-app1.t-767929534-cloudflare.workers.dev/?fran=Karlsborg&amp;till=Sölvesborg</loc><changefreq>monthly</changefreq></url>
Örebro,Östhammar,1378,1086,Avståndet mellan Örebro och Östhammar är 1378 km och Karl-Johan Gyllenstorm beräknade körtiden till cirka 1086 minuter.,<url><loc>https://pendlings-app1.t-767929534-cloudflare.workers.dev/?fran=Örebro&amp;till=Östhammar</loc><changefreq>monthly</changefreq></url>
Forshaga,Älvkarleby,612,416,Avståndet mellan Forshaga och Älvkarleby är 612 km och Karl-Johan Gyllenstorm beräknade körtiden till cirka 416 minuter.,<url><loc>https://pendlings-app1.t-767929534-cloudflare.workers.dev/?fran=Forshaga&amp;till=Älvkarleby</loc><changefreq>monthly</changefreq></url>
Slite,Huddinge,494,343,Avståndet mellan Slite och Huddinge är 494 km och Karl-Johan Gyllenstorm beräknade körtiden till cirka 343 minuter.,<url><loc>https://pendlings-app1.t-767929534-cloudflare.workers.dev/?fran=Slite&amp;till=Huddinge</loc><changefreq>monthly</changefreq></url>
Katrineholm,Charlottenberg,994,677,Avståndet mellan Katrineholm och Charlottenberg är 994 km och Karl-Johan Gyllenstorm beräknade körtiden till cirka 677 minuter.,<url><loc>https://pendlings-app1.t-767929534-cloudflare.workers.dev/?fran=Katrineholm&amp;till=Charlottenberg</loc><changefreq>monthly</changefreq></url>
Höganäs,Avesta,815,641,Avståndet mellan Höganäs och Avesta är 815 km och Karl-Johan Gyllenstorm beräknade körtiden till cirka 641 minuter.,<url><loc>https://pendlings-app1.t-767929534-cloudflare.workers.dev/?fran=Höganäs&amp;till=Avesta</loc><changefreq>monthly</changefreq></url>
Essunga,Hörby,591,390,Avståndet mellan Essunga och Hörby är 591 km och Karl-Johan Gyllenstorm beräknade körtiden till cirka 390 minuter.,<url><loc>https://pendlings-app1.t-767929534-cloudflare.workers.dev/?fran=Essunga&amp;till=Hörby</loc><changefreq>monthly</changefreq></url>
Lysekil,Kungsbacka,117,85,Avståndet mellan Lysekil och Kungsbacka är 117 km och Karl-Johan Gyllenstorm beräknade körtiden till cirka 85 minuter.,<url><loc>https://pendlings-app1.t-767929534-cloudflare.workers.dev/?fran=Lysekil&amp;till=Kungsbacka</loc><changefreq>monthly</changefreq></url>
Svenljunga,Laholm,539,374,Avståndet mellan Svenljunga och Laholm är 539 km och Karl-Johan Gyllenstorm beräknade körtiden till cirka 374 minuter.,<url><loc>https://pendlings-app1.t-767929534-cloudflare.workers.dev/?fran=Svenljunga&amp;till=Laholm</loc><changefreq>monthly</changefreq></url>
Eksjö,Tranemo,381,244,Avståndet mellan Eksjö och Tranemo är 381 km och Karl-Johan Gyllenstorm beräknade körtiden till cirka 244 minuter.,<url><loc>https://pendlings-app1.t-767929534-cloudflare.workers.dev/?fran=Eksjö&amp;till=Tranemo</loc><changefreq>monthly</changefreq></url>
Bromölla,Grästorp,1376,1081,Avståndet mellan Bromölla och Grästorp är 1376 km och Karl-Johan Gyllenstorm beräknade körtiden till cirka 1081 minuter.,<url><loc>https://pendlings-app1.t-767929534-cloudflare.workers.dev/?fran=Bromölla&amp;till=Grästorp</loc><changefreq>monthly</changefreq></url>
Smedjebacken,Fårösund,202,145,Avståndet mellan Smedjebacken och Fårösund är 202 km och Karl-Johan Gyllenstorm beräknade körtiden till cirka 145 minuter.,<url><loc>https://pendlings-app1.t-767929534-cloudflare.workers.dev/?fran=Smedjebacken&amp;till=Fårösund</loc><changefreq>monthly</changefreq></url>
Torsby,Ånge,573,450,Avståndet mellan Torsby och Ånge är 573 km och Karl-Johan Gyllenstorm beräknade körtiden till cirka 450 minuter.,<url><loc>https://pendlings-app1.t-767929534-cloudflare.workers.dev/?fran=Torsby&amp;till=Ånge</loc><changefreq>monthly</changefreq></url>
Sotenäs,Sveg,1184,786,Avståndet mellan Sotenäs och Sveg är 1184 km och Karl-Johan Gyllenstorm beräknade körtiden till cirka 786 minuter.,<url><loc>https://pendlings-app1.t-767929534-cloudflare.workers.dev/?fran=Sotenäs&amp;till=Sveg</loc><changefreq>monthly</changefreq></url>
Lycksele,Ronneby,1403,1029,Avståndet mellan Lycksele och Ronneby är 1403 km och Karl-Johan Gyllenstorm beräknade körtiden till cirka 1029 minuter.,<url><loc>https://pendlings-app1.t-767929534-cloudflare.workers.dev/?fran=Lycksele&amp;till=Ronneby</loc><changefreq>monthly</changefreq></url>
Hofors,Askersund,902,673,Avståndet mellan Hofors och Askersund är 902 km och Karl-Johan Gyllenstorm beräknade körtiden till cirka 673 minuter.,<url><loc>https://pendlings-app1.t-767929534-cloudflare.workers.dev/?fran=Hofors&amp;till=Askersund</loc><changefreq>monthly</changefreq></url>
Götene,Berg,1191,763,Avståndet mellan Götene och Berg är 1191 km och Karl-Johan Gyllenstorm beräknade körtiden till cirka 763 minuter.,<url><loc>https://pendlings-app1.t-767929534-cloudflare.workers.dev/?fran=Götene&amp;till=Berg</loc><changefreq>monthly</changefreq></url>
Vibble,Hjo,212,147,Avståndet mellan Vibble och Hjo är 212 km och Karl-Johan Gyllenstorm beräknade körtiden till cirka 147 minuter.,<url><loc>https://pendlings-app1.t-767929534-cloudflare.workers.dev/?fran=Vibble&amp;till=Hjo</loc><changefreq>monthly</changefreq></url>
Mörbylånga,Älvsbyn,794,549,Avståndet mellan Mörbylånga och Älvsbyn är 794 km och Karl-Johan Gyllenstorm beräknade körtiden till cirka 549 minuter.,<url><loc>https://pendlings-app1.t-767929534-cloudflare.workers.dev/?fran=Mörbylånga&amp;till=Älvsbyn</loc><changefreq>monthly</changefreq></url>
Sveg,Hällefor,458,317,Avståndet mellan Sveg och Hällefor är 458 km och Karl-Johan Gyllenstorm beräknade körtiden till cirka 317 minuter.,<url><loc>https://pendlings-app1.t-767929534-cloudflare.workers.dev/?fran=Sveg&amp;till=Hällefor</loc><changefreq>monthly</changefreq></url>
Karlskoga,Vingåker,948,662,Avståndet mellan Karlskoga och Vingåker är 948 km och Karl-Johan Gyllenstorm beräknade körtiden till cirka 662 minuter.,<url><loc>https://pendlings-app1.t-767929534-cloudflare.workers.dev/?fran=Karlskoga&amp;till=Vingåker</loc><changefreq>monthly</changefreq></url>
Kalmar,Norberg,757,499,Avståndet mellan Kalmar och Norberg är 757 km och Karl-Johan Gyllenstorm beräknade körtiden till cirka 499 minuter.,<url><loc>https://pendlings-app1.t-767929534-cloudflare.workers.dev/?fran=Kalmar&amp;till=Norberg</loc><changefreq>monthly</changefreq></url>
Arboga,Berg,148,105,Avståndet mellan Arboga och Berg är 148 km och Karl-Johan Gyllenstorm beräknade körtiden till cirka 105 minuter.,<url><loc>https://pendlings-app1.t-767929534-cloudflare.workers.dev/?fran=Arboga&amp;till=Berg</loc><changefreq>monthly</changefreq></url>
Umeå,Haparanda,26,17,Avståndet mellan Umeå och Haparanda är 26 km och Karl-Johan Gyllenstorm beräknade körtiden till cirka 17 minuter.,<url><loc>https://pendlings-app1.t-767929534-cloudflare.workers.dev/?fran=Umeå&amp;till=Haparanda</loc><changefreq>monthly</changefreq></url>
Karlstad,Boden,62,46,Avståndet mellan Karlstad och Boden är 62 km och Karl-Johan Gyllenstorm beräknade körtiden till cirka 46 minuter.,<url><loc>https://pendlings-app1.t-767929534-cloudflare.workers.dev/?fran=Karlstad&amp;till=Boden</loc><changefreq>monthly</changefreq></url>
Strömstad,Hjo,915,581,Avståndet mellan Strömstad och Hjo är 915 km och Karl-Johan Gyllenstorm beräknade körtiden till cirka 581 minuter.,<url><loc>https://pendlings-app1.t-767929534-cloudflare.workers.dev/?fran=Strömstad&amp;till=Hjo</loc><changefreq>monthly</changefreq></url>
Knivsta,Arvika,1390,1108,Avståndet mellan Knivsta och Arvika är 1390 km och Karl-Johan Gyllenstorm beräknade körtiden till cirka 1108 minuter.,<url><loc>https://pendlings-app1.t-767929534-cloudflare.workers.dev/?fran=Knivsta&amp;till=Arvika</loc><changefreq>monthly</changefreq></url>
Oskarshamn,Roma,1300,845,Avståndet mellan Oskarshamn och Roma är 1300 km och Karl-Johan Gyllenstorm beräknade körtiden till cirka 845 minuter.,<url><loc>https://pendlings-app1.t-767929534-cloudflare.workers.dev/?fran=Oskarshamn&amp;till=Roma</loc><changefreq>monthly</changefreq></url>
Kiruna,Trelleborg,1041,812,Avståndet mellan Kiruna och Trelleborg är 1041 km och Karl-Johan Gyllenstorm beräknade körtiden till cirka 812 minuter.,<url><loc>https://pendlings-app1.t-767929534-cloudflare.workers.dev/?fran=Kiruna&amp;till=Trelleborg</loc><changefreq>monthly</changefreq></url>
Borås,Gnestad,1380,1078,Avståndet mellan Borås och Gnestad är 1380 km och Karl-Johan Gyllenstorm beräknade körtiden till cirka 1078 minuter.,<url><loc>https://pendlings-app1.t-767929534-cloudflare.workers.dev/?fran=Borås&amp;till=Gnestad</loc><changefreq>monthly</changefreq></url>
Vara,Åsele,654,513,Avståndet mellan Vara och Åsele är 654 km och Karl-Johan Gyllenstorm beräknade körtiden till cirka 513 minuter.,<url><loc>https://pendlings-app1.t-767929534-cloudflare.workers.dev/?fran=Vara&amp;till=Åsele</loc><changefreq>monthly</changefreq></url>
Södertälje,Skinnskatteberg,438,304,Avståndet mellan Södertälje och Skinnskatteberg är 438 km och Karl-Johan Gyllenstorm beräknade körtiden till cirka 304 minuter.,<url><loc>https://pendlings-app1.t-767929534-cloudflare.workers.dev/?fran=Södertälje&amp;till=Skinnskatteberg</loc><changefreq>monthly</changefreq></url>
Leksand,Bollnäs,905,583,Avståndet mellan Leksand och Bollnäs är 905 km och Karl-Johan Gyllenstorm beräknade körtiden till cirka 583 minuter.,<url><loc>https://pendlings-app1.t-767929534-cloudflare.workers.dev/?fran=Leksand&amp;till=Bollnäs</loc><changefreq>monthly</changefreq></url>
Berg,Falun,1295,935,Avståndet mellan Berg och Falun är 1295 km och Karl-Johan Gyllenstorm beräknade körtiden till cirka 935 minuter.,<url><loc>https://pendlings-app1.t-767929534-cloudflare.workers.dev/?fran=Berg&amp;till=Falun</loc><changefreq>monthly</changefreq></url>
Aneby,Ängelholm,1114,774,Avståndet mellan Aneby och Ängelholm är 1114 km och Karl-Johan Gyllenstorm beräknade körtiden till cirka 774 minuter.,<url><loc>https://pendlings-app1.t-767929534-cloudflare.workers.dev/?fran=Aneby&amp;till=Ängelholm</loc><changefreq>monthly</changefreq></url>
Gimo,Arvidsjaur,954,689,Avståndet mellan Gimo och Arvidsjaur är 954 km och Karl-Johan Gyllenstorm beräknade körtiden till cirka 689 minuter.,<url><loc>https://pendlings-app1.t-767929534-cloudflare.workers.dev/?fran=Gimo&amp;till=Arvidsjaur</loc><changefreq>monthly</changefreq></url>
Krokom,Dorotea,1184,755,Avståndet mellan Krokom och Dorotea är 1184 km och Karl-Johan Gyllenstorm beräknade körtiden till cirka 755 minuter.,<url><loc>https://pendlings-app1.t-767929534-cloudflare.workers.dev/?fran=Krokom&amp;till=Dorotea</loc><changefreq>monthly</changefreq></url>
Söderhamn,Degerfors,996,753,Avståndet mellan Söderhamn och Degerfors är 996 km och Karl-Johan Gyllenstorm beräknade körtiden till cirka 753 minuter.,<url><loc>https://pendlings-app1.t-767929534-cloudflare.workers.dev/?fran=Söderhamn&amp;till=Degerfors</loc><changefreq>monthly</changefreq></url>
Tofta,Kils,362,260,Avståndet mellan Tofta och Kils är 362 km och Karl-Johan Gyllenstorm beräknade körtiden till cirka 260 minuter.,<url><loc>https://pendlings-app1.t-767929534-cloudflare.workers.dev/?fran=Tofta&amp;till=Kils</loc><changefreq>monthly</changefreq></url>
Hemse,Lomma,1015,765,Avståndet mellan Hemse och Lomma är 1015 km och Karl-Johan Gyllenstorm beräknade körtiden till cirka 765 minuter.,<url><loc>https://pendlings-app1.t-767929534-cloudflare.workers.dev/?fran=Hemse&amp;till=Lomma</loc><changefreq>monthly</changefreq></url>
Piteå,Sveg,1257,796,Avståndet mellan Piteå och Sveg är 1257 km och Karl-Johan Gyllenstorm beräknade körtiden till cirka 796 minuter.,<url><loc>https://pendlings-app1.t-767929534-cloudflare.workers.dev/?fran=Piteå&amp;till=Sveg</loc><changefreq>monthly</changefreq></url>
Munkedal,Mora,404,312,Avståndet mellan Munkedal och Mora är 404 km och Karl-Johan Gyllenstorm beräknade körtiden till cirka 312 minuter.,<url><loc>https://pendlings-app1.t-767929534-cloudflare.workers.dev/?fran=Munkedal&amp;till=Mora</loc><changefreq>monthly</changefreq></url>
Norrköping,Hallstahammar,1360,986,Avståndet mellan Norrköping och Hallstahammar är 1360 km och Karl-Johan Gyllenstorm beräknade körtiden till cirka 986 minuter.,<url><loc>https://pendlings-app1.t-767929534-cloudflare.workers.dev/?fran=Norrköping&amp;till=Hallstahammar</loc><changefreq>monthly</changefreq></url>
Lomma,Karlskrona,82,58,Avståndet mellan Lomma och Karlskrona är 82 km och Karl-Johan Gyllenstorm beräknade körtiden till cirka 58 minuter.,<url><loc>https://pendlings-app1.t-767929534-cloudflare.workers.dev/?fran=Lomma&amp;till=Karlskrona</loc><changefreq>monthly</changefreq></url>
Skutskär,Sundsvall,719,485,Avståndet mellan Skutskär och Sundsvall är 719 km och Karl-Johan Gyllenstorm beräknade körtiden till cirka 485 minuter.,<url><loc>https://pendlings-app1.t-767929534-cloudflare.workers.dev/?fran=Skutskär&amp;till=Sundsvall</loc><changefreq>monthly</changefreq></url>
Storuman,Ängelholm,1111,778,Avståndet mellan Storuman och Ängelholm är 1111 km och Karl-Johan Gyllenstorm beräknade körtiden till cirka 778 minuter.,<url><loc>https://pendlings-app1.t-767929534-cloudflare.workers.dev/?fran=Storuman&amp;till=Ängelholm</loc><changefreq>monthly</changefreq></url>
Sälen,Stockholm,998,681,Avståndet mellan Sälen och Stockholm är 998 km och Karl-Johan Gyllenstorm beräknade körtiden till cirka 681 minuter.,<url><loc>https://pendlings-app1.t-767929534-cloudflare.workers.dev/?fran=Sälen&amp;till=Stockholm</loc><changefreq>monthly</changefreq></url>
Köping,Vilhelmina,885,647,Avståndet mellan Köping och Vilhelmina är 885 km och Karl-Johan Gyllenstorm beräknade körtiden till cirka 647 minuter.,<url><loc>https://pendlings-app1.t-767929534-cloudflare.workers.dev/?fran=Köping&amp;till=Vilhelmina</loc><changefreq>monthly</changefreq></url>
Vimmerby,Kävlinge,1330,851,Avståndet mellan Vimmerby och Kävlinge är 1330 km och Karl-Johan Gyllenstorm beräknade körtiden till cirka 851 minuter.,<url><loc>https://pendlings-app1.t-767929534-cloudflare.workers.dev/?fran=Vimmerby&amp;till=Kävlinge</loc><changefreq>monthly</changefreq></url>
Dorotea,Ulricehamn,1317,891,Avståndet mellan Dorotea och Ulricehamn är 1317 km och Karl-Johan Gyllenstorm beräknade körtiden till cirka 891 minuter.,<url><loc>https://pendlings-app1.t-767929534-cloudflare.workers.dev/?fran=Dorotea&amp;till=Ulricehamn</loc><changefreq>monthly</changefreq></url>
Mullsjö,Mörbylånga,1444,1067,Avståndet mellan Mullsjö och Mörbylånga är 1444 km och Karl-Johan Gyllenstorm beräknade körtiden till cirka 1067 minuter.,<url><loc>https://pendlings-app1.t-767929534-cloudflare.workers.dev/?fran=Mullsjö&amp;till=Mörbylånga</loc><changefreq>monthly</changefreq></url>
Hallstahammar,Falun,261,180,Avståndet mellan Hallstahammar och Falun är 261 km och Karl-Johan Gyllenstorm beräknade körtiden till cirka 180 minuter.,<url><loc>https://pendlings-app1.t-767929534-cloudflare.workers.dev/?fran=Hallstahammar&amp;till=Falun</loc><changefreq>monthly</changefreq></url>
Örnsköldsvik,Hallsberg,1315,873,Avståndet mellan Örnsköldsvik och Hallsberg är 1315 km och Karl-Johan Gyllenstorm beräknade körtiden till cirka 873 minuter.,<url><loc>https://pendlings-app1.t-767929534-cloudflare.workers.dev/?fran=Örnsköldsvik&amp;till=Hallsberg</loc><changefreq>monthly</changefreq></url>
Skellefteå,Kramfors,698,516,Avståndet mellan Skellefteå och Kramfors är 698 km och Karl-Johan Gyllenstorm beräknade körtiden till cirka 516 minuter.,<url><loc>https://pendlings-app1.t-767929534-cloudflare.workers.dev/?fran=Skellefteå&amp;till=Kramfors</loc><changefreq>monthly</changefreq></url>
Kils,Sotenäs,88,56,Avståndet mellan Kils och Sotenäs är 88 km och Karl-Johan Gyllenstorm beräknade körtiden till cirka 56 minuter.,<url><loc>https://pendlings-app1.t-767929534-cloudflare.workers.dev/?fran=Kils&amp;till=Sotenäs</loc><changefreq>monthly</changefreq></url>
Borlänge,Hultsfred,1401,939,Avståndet mellan Borlänge och Hultsfred är 1401 km och Karl-Johan Gyllenstorm beräknade körtiden till cirka 939 minuter.,<url><loc>https://pendlings-app1.t-767929534-cloudflare.workers.dev/?fran=Borlänge&amp;till=Hultsfred</loc><changefreq>monthly</changefreq></url>
Bengtsfors,Gimo,1209,827,Avståndet mellan Bengtsfors och Gimo är 1209 km och Karl-Johan Gyllenstorm beräknade körtiden till cirka 827 minuter.,<url><loc>https://pendlings-app1.t-767929534-cloudflare.workers.dev/?fran=Bengtsfors&amp;till=Gimo</loc><changefreq>monthly</changefreq></url>
Ragunda,Sandviken,397,299,Avståndet mellan Ragunda och Sandviken är 397 km och Karl-Johan Gyllenstorm beräknade körtiden till cirka 299 minuter.,<url><loc>https://pendlings-app1.t-767929534-cloudflare.workers.dev/?fran=Ragunda&amp;till=Sandviken</loc><changefreq>monthly</changefreq></url>
Svalöv,Västervik,321,254,Avståndet mellan Svalöv och Västervik är 321 km och Karl-Johan Gyllenstorm beräknade körtiden till cirka 254 minuter.,<url><loc>https://pendlings-app1.t-767929534-cloudflare.workers.dev/?fran=Svalöv&amp;till=Västervik</loc><changefreq>monthly</changefreq></url>
Bålsta,Vellinge,272,188,Avståndet mellan Bålsta och Vellinge är 272 km och Karl-Johan Gyllenstorm beräknade körtiden till cirka 188 minuter.,<url><loc>https://pendlings-app1.t-767929534-cloudflare.workers.dev/?fran=Bålsta&amp;till=Vellinge</loc><changefreq>monthly</changefreq></url>
Mjölby,Östersund,745,487,Avståndet mellan Mjölby och Östersund är 745 km och Karl-Johan Gyllenstorm beräknade körtiden till cirka 487 minuter.,<url><loc>https://pendlings-app1.t-767929534-cloudflare.workers.dev/?fran=Mjölby&amp;till=Östersund</loc><changefreq>monthly</changefreq></url>
Habon,Ystad,739,523,Avståndet mellan Habon och Ystad är 739 km och Karl-Johan Gyllenstorm beräknade körtiden till cirka 523 minuter.,<url><loc>https://pendlings-app1.t-767929534-cloudflare.workers.dev/?fran=Habon&amp;till=Ystad</loc><changefreq>monthly</changefreq></url>
Trelleborg,Uddevalla,799,596,Avståndet mellan Trelleborg och Uddevalla är 799 km och Karl-Johan Gyllenstorm beräknade körtiden till cirka 596 minuter.,<url><loc>https://pendlings-app1.t-767929534-cloudflare.workers.dev/?fran=Trelleborg&amp;till=Uddevalla</loc><changefreq>monthly</changefreq></url>
Gullspång,Töreboda,604,420,Avståndet mellan Gullspång och Töreboda är 604 km och Karl-Johan Gyllenstorm beräknade körtiden till cirka 420 minuter.,<url><loc>https://pendlings-app1.t-767929534-cloudflare.workers.dev/?fran=Gullspång&amp;till=Töreboda</loc><changefreq>monthly</changefreq></url>
Vimmerby,Hofors,959,632,Avståndet mellan Vimmerby och Hofors är 959 km och Karl-Johan Gyllenstorm beräknade körtiden till cirka 632 minuter.,<url><loc>https://pendlings-app1.t-767929534-cloudflare.workers.dev/?fran=Vimmerby&amp;till=Hofors</loc><changefreq>monthly</changefreq></url>
Söderköping,Ånge,606,430,Avståndet mellan Söderköping och Ånge är 606 km och Karl-Johan Gyllenstorm beräknade körtiden till cirka 430 minuter.,<url><loc>https://pendlings-app1.t-767929534-cloudflare.workers.dev/?fran=Söderköping&amp;till=Ånge</loc><changefreq>monthly</changefreq></url>
Norsjö,Havdhem,127,102,Avståndet mellan Norsjö och Havdhem är 127 km och Karl-Johan Gyllenstorm beräknade körtiden till cirka 102 minuter.,<url><loc>https://pendlings-app1.t-767929534-cloudflare.workers.dev/?fran=Norsjö&amp;till=Havdhem</loc><changefreq>monthly</changefreq></url>
Bålsta,Gagnef,886,563,Avståndet mellan Bålsta och Gagnef är 886 km och Karl-Johan Gyllenstorm beräknade körtiden till cirka 563 minuter.,<url><loc>https://pendlings-app1.t-767929534-cloudflare.workers.dev/?fran=Bålsta&amp;till=Gagnef</loc><changefreq>monthly</changefreq></url>
Skövde,Borlänge,975,706,Avståndet mellan Skövde och Borlänge är 975 km och Karl-Johan Gyllenstorm beräknade körtiden till cirka 706 minuter.,<url><loc>https://pendlings-app1.t-767929534-cloudflare.workers.dev/?fran=Skövde&amp;till=Borlänge</loc><changefreq>monthly</changefreq></url>
Sjöbo,Gnosjö,658,460,Avståndet mellan Sjöbo och Gnosjö är 658 km och Karl-Johan Gyllenstorm beräknade körtiden till cirka 460 minuter.,<url><loc>https://pendlings-app1.t-767929534-cloudflare.workers.dev/?fran=Sjöbo&amp;till=Gnosjö</loc><changefreq>monthly</changefreq></url>
Uppsala,Gimo,916,647,Avståndet mellan Uppsala och Gimo är 916 km och Karl-Johan Gyllenstorm beräknade körtiden till cirka 647 minuter.,<url><loc>https://pendlings-app1.t-767929534-cloudflare.workers.dev/?fran=Uppsala&amp;till=Gimo</loc><changefreq>monthly</changefreq></url>
Havdhem,Falköping,634,440,Avståndet mellan Havdhem och Falköping är 634 km och Karl-Johan Gyllenstorm beräknade körtiden till cirka 440 minuter.,<url><loc>https://pendlings-app1.t-767929534-cloudflare.workers.dev/?fran=Havdhem&amp;till=Falköping</loc><changefreq>monthly</changefreq></url>
Härjedalen,Klintehamn,1239,885,Avståndet mellan Härjedalen och Klintehamn är 1239 km och Karl-Johan Gyllenstorm beräknade körtiden till cirka 885 minuter.,<url><loc>https://pendlings-app1.t-767929534-cloudflare.workers.dev/?fran=Härjedalen&amp;till=Klintehamn</loc><changefreq>monthly</changefreq></url>
Kalix,Värnamo,658,426,Avståndet mellan Kalix och Värnamo är 658 km och Karl-Johan Gyllenstorm beräknade körtiden till cirka 426 minuter.,<url><loc>https://pendlings-app1.t-767929534-cloudflare.workers.dev/?fran=Kalix&amp;till=Värnamo</loc><changefreq>monthly</changefreq></url>
Nyköping,Vilhelmina,207,149,Avståndet mellan Nyköping och Vilhelmina är 207 km och Karl-Johan Gyllenstorm beräknade körtiden till cirka 149 minuter.,<url><loc>https://pendlings-app1.t-767929534-cloudflare.workers.dev/?fran=Nyköping&amp;till=Vilhelmina</loc><changefreq>monthly</changefreq></url>
Övertorneå,Lycksele,437,317,Avståndet mellan Övertorneå och Lycksele är 437 km och Karl-Johan Gyllenstorm beräknade körtiden till cirka 317 minuter.,<url><loc>https://pendlings-app1.t-767929534-cloudflare.workers.dev/?fran=Övertorneå&amp;till=Lycksele</loc><changefreq>monthly</changefreq></url>
Norberg,Klippan,736,529,Avståndet mellan Norberg och Klippan är 736 km och Karl-Johan Gyllenstorm beräknade körtiden till cirka 529 minuter.,<url><loc>https://pendlings-app1.t-767929534-cloudflare.workers.dev/?fran=Norberg&amp;till=Klippan</loc><changefreq>monthly</changefreq></url>
Klintehamn,Köping,94,70,Avståndet mellan Klintehamn och Köping är 94 km och Karl-Johan Gyllenstorm beräknade körtiden till cirka 70 minuter.,<url><loc>https://pendlings-app1.t-767929534-cloudflare.workers.dev/?fran=Klintehamn&amp;till=Köping</loc><changefreq>monthly</changefreq></url>
Nyköping,Orsa,702,557,Avståndet mellan Nyköping och Orsa är 702 km och Karl-Johan Gyllenstorm beräknade körtiden till cirka 557 minuter.,<url><loc>https://pendlings-app1.t-767929534-cloudflare.workers.dev/?fran=Nyköping&amp;till=Orsa</loc><changefreq>monthly</changefreq></url>
Simrishamn,Askersund,857,644,Avståndet mellan Simrishamn och Askersund är 857 km och Karl-Johan Gyllenstorm beräknade körtiden till cirka 644 minuter.,<url><loc>https://pendlings-app1.t-767929534-cloudflare.workers.dev/?fran=Simrishamn&amp;till=Askersund</loc><changefreq>monthly</changefreq></url>
Skutskär,Älvkarleby,669,451,Avståndet mellan Skutskär och Älvkarleby är 669 km och Karl-Johan Gyllenstorm beräknade körtiden till cirka 451 minuter.,<url><loc>https://pendlings-app1.t-767929534-cloudflare.workers.dev/?fran=Skutskär&amp;till=Älvkarleby</loc><changefreq>monthly</changefreq></url>
Härnösand,Köping,988,751,Avståndet mellan Härnösand och Köping är 988 km och Karl-Johan Gyllenstorm beräknade körtiden till cirka 751 minuter.,<url><loc>https://pendlings-app1.t-767929534-cloudflare.workers.dev/?fran=Härnösand&amp;till=Köping</loc><changefreq>monthly</changefreq></url>
Vilhelmina,Degerfors,1230,822,Avståndet mellan Vilhelmina och Degerfors är 1230 km och Karl-Johan Gyllenstorm beräknade körtiden till cirka 822 minuter.,<url><loc>https://pendlings-app1.t-767929534-cloudflare.workers.dev/?fran=Vilhelmina&amp;till=Degerfors</loc><changefreq>monthly</changefreq></url>
Mark,Luleå,582,405,Avståndet mellan Mark och Luleå är 582 km och Karl-Johan Gyllenstorm beräknade körtiden till cirka 405 minuter.,<url><loc>https://pendlings-app1.t-767929534-cloudflare.workers.dev/?fran=Mark&amp;till=Luleå</loc><changefreq>monthly</changefreq></url>
Götene,Roma,1287,981,Avståndet mellan Götene och Roma är 1287 km och Karl-Johan Gyllenstorm beräknade körtiden till cirka 981 minuter.,<url><loc>https://pendlings-app1.t-767929534-cloudflare.workers.dev/?fran=Götene&amp;till=Roma</loc><changefreq>monthly</changefreq></url>
Finspång,Tingstäde,976,699,Avståndet mellan Finspång och Tingstäde är 976 km och Karl-Johan Gyllenstorm beräknade körtiden till cirka 699 minuter.,<url><loc>https://pendlings-app1.t-767929534-cloudflare.workers.dev/?fran=Finspång&amp;till=Tingstäde</loc><changefreq>monthly</changefreq></url>
Skara,Smedjebacken,250,162,Avståndet mellan Skara och Smedjebacken är 250 km och Karl-Johan Gyllenstorm beräknade körtiden till cirka 162 minuter.,<url><loc>https://pendlings-app1.t-767929534-cloudflare.workers.dev/?fran=Skara&amp;till=Smedjebacken</loc><changefreq>monthly</changefreq></url>
Örnsköldsvik,Strängnäs,1183,807,Avståndet mellan Örnsköldsvik och Strängnäs är 1183 km och Karl-Johan Gyllenstorm beräknade körtiden till cirka 807 minuter.,<url><loc>https://pendlings-app1.t-767929534-cloudflare.workers.dev/?fran=Örnsköldsvik&amp;till=Strängnäs</loc><changefreq>monthly</changefreq></url>
Oxelösund,Sundsvall,306,213,Avståndet mellan Oxelösund och Sundsvall är 306 km och Karl-Johan Gyllenstorm beräknade körtiden till cirka 213 minuter.,<url><loc>https://pendlings-app1.t-767929534-cloudflare.workers.dev/?fran=Oxelösund&amp;till=Sundsvall</loc><changefreq>monthly</changefreq></url>
Vingåker,Mullsjö,803,606,Avståndet mellan Vingåker och Mullsjö är 803 km och Karl-Johan Gyllenstorm beräknade körtiden till cirka 606 minuter.,<url><loc>https://pendlings-app1.t-767929534-cloudflare.workers.dev/?fran=Vingåker&amp;till=Mullsjö</loc><changefreq>monthly</changefreq></url>
Falkenberg,Färjestaden,446,352,Avståndet mellan Falkenberg och Färjestaden är 446 km och Karl-Johan Gyllenstorm beräknade körtiden till cirka 352 minuter.,<url><loc>https://pendlings-app1.t-767929534-cloudflare.workers.dev/?fran=Falkenberg&amp;till=Färjestaden</loc><changefreq>monthly</changefreq></url>
Vänersborg,Kiruna,784,541,Avståndet mellan Vänersborg och Kiruna är 784 km och Karl-Johan Gyllenstorm beräknade körtiden till cirka 541 minuter.,<url><loc>https://pendlings-app1.t-767929534-cloudflare.workers.dev/?fran=Vänersborg&amp;till=Kiruna</loc><changefreq>monthly</changefreq></url>
Munkedal,Färjestaden,41,31,Avståndet mellan Munkedal och Färjestaden är 41 km och Karl-Johan Gyllenstorm beräknade körtiden till cirka 31 minuter.,<url><loc>https://pendlings-app1.t-767929534-cloudflare.workers.dev/?fran=Munkedal&amp;till=Färjestaden</loc><changefreq>monthly</changefreq></url>
Eslöv,Olofström,741,576,Avståndet mellan Eslöv och Olofström är 741 km och Karl-Johan Gyllenstorm beräknade körtiden till cirka 576 minuter.,<url><loc>https://pendlings-app1.t-767929534-cloudflare.workers.dev/?fran=Eslöv&amp;till=Olofström</loc><changefreq>monthly</changefreq></url>
Köping,Sorsele,1108,850,Avståndet mellan Köping och Sorsele är 1108 km och Karl-Johan Gyllenstorm beräknade körtiden till cirka 850 minuter.,<url><loc>https://pendlings-app1.t-767929534-cloudflare.workers.dev/?fran=Köping&amp;till=Sorsele</loc><changefreq>monthly</changefreq></url>
Smedjebacken,Söderköping,871,591,Avståndet mellan Smedjebacken och Söderköping är 871 km och Karl-Johan Gyllenstorm beräknade körtiden till cirka 591 minuter.,<url><loc>https://pendlings-app1.t-767929534-cloudflare.workers.dev/?fran=Smedjebacken&amp;till=Söderköping</loc><changefreq>monthly</changefreq></url>
Grythyttan,Stockholm,898,665,Avståndet mellan Grythyttan och Stockholm är 898 km och Karl-Johan Gyllenstorm beräknade körtiden till cirka 665 minuter.,<url><loc>https://pendlings-app1.t-767929534-cloudflare.workers.dev/?fran=Grythyttan&amp;till=Stockholm</loc><changefreq>monthly</changefreq></url>
Åmål,Högsby,185,121,Avståndet mellan Åmål och Högsby är 185 km och Karl-Johan Gyllenstorm beräknade körtiden till cirka 121 minuter.,<url><loc>https://pendlings-app1.t-767929534-cloudflare.workers.dev/?fran=Åmål&amp;till=Högsby</loc><changefreq>monthly</changefreq></url>
Vadstena,Gagnef,1282,952,Avståndet mellan Vadstena och Gagnef är 1282 km och Karl-Johan Gyllenstorm beräknade körtiden till cirka 952 minuter.,<url><loc>https://pendlings-app1.t-767929534-cloudflare.workers.dev/?fran=Vadstena&amp;till=Gagnef</loc><changefreq>monthly</changefreq></url>
Lidköping,Askersund,1099,754,Avståndet mellan Lidköping och Askersund är 1099 km och Karl-Johan Gyllenstorm beräknade körtiden till cirka 754 minuter.,<url><loc>https://pendlings-app1.t-767929534-cloudflare.workers.dev/?fran=Lidköping&amp;till=Askersund</loc><changefreq>monthly</changefreq></url>
Årjäng,Trollhättan,1171,765,Avståndet mellan Årjäng och Trollhättan är 1171 km och Karl-Johan Gyllenstorm beräknade körtiden till cirka 765 minuter.,<url><loc>https://pendlings-app1.t-767929534-cloudflare.workers.dev/?fran=Årjäng&amp;till=Trollhättan</loc><changefreq>monthly</changefreq></url>
Essunga,Kävlinge,711,489,Avståndet mellan Essunga och Kävlinge är 711 km och Karl-Johan Gyllenstorm beräknade körtiden till cirka 489 minuter.,<url><loc>https://pendlings-app1.t-767929534-cloudflare.workers.dev/?fran=Essunga&amp;till=Kävlinge</loc><changefreq>monthly</changefreq></url>
Kungsbacka,Värnamo,739,474,Avståndet mellan Kungsbacka och Värnamo är 739 km och Karl-Johan Gyllenstorm beräknade körtiden till cirka 474 minuter.,<url><loc>https://pendlings-app1.t-767929534-cloudflare.workers.dev/?fran=Kungsbacka&amp;till=Värnamo</loc><changefreq>monthly</changefreq></url>
Vingåker,Åmål,872,594,Avståndet mellan Vingåker och Åmål är 872 km och Karl-Johan Gyllenstorm beräknade körtiden till cirka 594 minuter.,<url><loc>https://pendlings-app1.t-767929534-cloudflare.workers.dev/?fran=Vingåker&amp;till=Åmål</loc><changefreq>monthly</changefreq></url>
Klippan,Kopparberg,532,394,Avståndet mellan Klippan och Kopparberg är 532 km och Karl-Johan Gyllenstorm beräknade körtiden till cirka 394 minuter.,<url><loc>https://pendlings-app1.t-767929534-cloudflare.workers.dev/?fran=Klippan&amp;till=Kopparberg</loc><changefreq>monthly</changefreq></url>
Ånge,Norberg,701,467,Avståndet mellan Ånge och Norberg är 701 km och Karl-Johan Gyllenstorm beräknade körtiden till cirka 467 minuter.,<url><loc>https://pendlings-app1.t-767929534-cloudflare.workers.dev/?fran=Ånge&amp;till=Norberg</loc><changefreq>monthly</changefreq></url>
Kristinehamn,Stånga,623,416,Avståndet mellan Kristinehamn och Stånga är 623 km och Karl-Johan Gyllenstorm beräknade körtiden till cirka 416 minuter.,<url><loc>https://pendlings-app1.t-767929534-cloudflare.workers.dev/?fran=Kristinehamn&amp;till=Stånga</loc><changefreq>monthly</changefreq></url>
Sjöbo,Mora,654,440,Avståndet mellan Sjöbo och Mora är 654 km och Karl-Johan Gyllenstorm beräknade körtiden till cirka 440 minuter.,<url><loc>https://pendlings-app1.t-767929534-cloudflare.workers.dev/?fran=Sjöbo&amp;till=Mora</loc><changefreq>monthly</changefreq></url>
Hedemora,Tingstäde,174,115,Avståndet mellan Hedemora och Tingstäde är 174 km och Karl-Johan Gyllenstorm beräknade körtiden till cirka 115 minuter.,<url><loc>https://pendlings-app1.t-767929534-cloudflare.workers.dev/?fran=Hedemora&amp;till=Tingstäde</loc><changefreq>monthly</changefreq></url>
Ydre,Kungsör,650,447,Avståndet mellan Ydre och Kungsör är 650 km och Karl-Johan Gyllenstorm beräknade körtiden till cirka 447 minuter.,<url><loc>https://pendlings-app1.t-767929534-cloudflare.workers.dev/?fran=Ydre&amp;till=Kungsör</loc><changefreq>monthly</changefreq></url>
Växjö,Lysekil,835,580,Avståndet mellan Växjö och Lysekil är 835 km och Karl-Johan Gyllenstorm beräknade körtiden till cirka 580 minuter.,<url><loc>https://pendlings-app1.t-767929534-cloudflare.workers.dev/?fran=Växjö&amp;till=Lysekil</loc><changefreq>monthly</changefreq></url>
Trosa,Flen,1260,871,Avståndet mellan Trosa och Flen är 1260 km och Karl-Johan Gyllenstorm beräknade körtiden till cirka 871 minuter.,<url><loc>https://pendlings-app1.t-767929534-cloudflare.workers.dev/?fran=Trosa&amp;till=Flen</loc><changefreq>monthly</changefreq></url>
Växjö,Kungsbacka,1269,954,Avståndet mellan Växjö och Kungsbacka är 1269 km och Karl-Johan Gyllenstorm beräknade körtiden till cirka 954 minuter.,<url><loc>https://pendlings-app1.t-767929534-cloudflare.workers.dev/?fran=Växjö&amp;till=Kungsbacka</loc><changefreq>monthly</changefreq></url>
Arboga,Bjuv,554,413,Avståndet mellan Arboga och Bjuv är 554 km och Karl-Johan Gyllenstorm beräknade körtiden till cirka 413 minuter.,<url><loc>https://pendlings-app1.t-767929534-cloudflare.workers.dev/?fran=Arboga&amp;till=Bjuv</loc><changefreq>monthly</changefreq></url>
Filipstad,Kalix,948,705,Avståndet mellan Filipstad och Kalix är 948 km och Karl-Johan Gyllenstorm beräknade körtiden till cirka 705 minuter.,<url><loc>https://pendlings-app1.t-767929534-cloudflare.workers.dev/?fran=Filipstad&amp;till=Kalix</loc><changefreq>monthly</changefreq></url>
Skara,Nordanstig,1202,779,Avståndet mellan Skara och Nordanstig är 1202 km och Karl-Johan Gyllenstorm beräknade körtiden till cirka 779 minuter.,<url><loc>https://pendlings-app1.t-767929534-cloudflare.workers.dev/?fran=Skara&amp;till=Nordanstig</loc><changefreq>monthly</changefreq></url>
Norsjö,Torsby,864,646,Avståndet mellan Norsjö och Torsby är 864 km och Karl-Johan Gyllenstorm beräknade körtiden till cirka 646 minuter.,<url><loc>https://pendlings-app1.t-767929534-cloudflare.workers.dev/?fran=Norsjö&amp;till=Torsby</loc><changefreq>monthly</changefreq></url>
Köping,Sollefteå,1101,733,Avståndet mellan Köping och Sollefteå är 1101 km och Karl-Johan Gyllenstorm beräknade körtiden till cirka 733 minuter.,<url><loc>https://pendlings-app1.t-767929534-cloudflare.workers.dev/?fran=Köping&amp;till=Sollefteå</loc><changefreq>monthly</changefreq></url>
Härjedalen,Torsby,1371,924,Avståndet mellan Härjedalen och Torsby är 1371 km och Karl-Johan Gyllenstorm beräknade körtiden till cirka 924 minuter.,<url><loc>https://pendlings-app1.t-767929534-cloudflare.workers.dev/?fran=Härjedalen&amp;till=Torsby</loc><changefreq>monthly</changefreq></url>
Älvsbyn,Havdhem,375,289,Avståndet mellan Älvsbyn och Havdhem är 375 km och Karl-Johan Gyllenstorm beräknade körtiden till cirka 289 minuter.,<url><loc>https://pendlings-app1.t-767929534-cloudflare.workers.dev/?fran=Älvsbyn&amp;till=Havdhem</loc><changefreq>monthly</changefreq></url>
Tanum,Vellinge,122,84,Avståndet mellan Tanum och Vellinge är 122 km och Karl-Johan Gyllenstorm beräknade körtiden till cirka 84 minuter.,<url><loc>https://pendlings-app1.t-767929534-cloudflare.workers.dev/?fran=Tanum&amp;till=Vellinge</loc><changefreq>monthly</changefreq></url>
Gnosjö,Svedala,1050,755,Avståndet mellan Gnosjö och Svedala är 1050 km och Karl-Johan Gyllenstorm beräknade körtiden till cirka 755 minuter.,<url><loc>https://pendlings-app1.t-767929534-cloudflare.workers.dev/?fran=Gnosjö&amp;till=Svedala</loc><changefreq>monthly</changefreq></url>
Norsjö,Lidköping,1264,848,Avståndet mellan Norsjö och Lidköping är 1264 km och Karl-Johan Gyllenstorm beräknade körtiden till cirka 848 minuter.,<url><loc>https://pendlings-app1.t-767929534-cloudflare.workers.dev/?fran=Norsjö&amp;till=Lidköping</loc><changefreq>monthly</changefreq></url>
Älvsbyn,Klintehamn,472,299,Avståndet mellan Älvsbyn och Klintehamn är 472 km och Karl-Johan Gyllenstorm beräknade körtiden till cirka 299 minuter.,<url><loc>https://pendlings-app1.t-767929534-cloudflare.workers.dev/?fran=Älvsbyn&amp;till=Klintehamn</loc><changefreq>monthly</changefreq></url>
Filipstad,Sjöbo,1395,916,Avståndet mellan Filipstad och Sjöbo är 1395 km och Karl-Johan Gyllenstorm beräknade körtiden till cirka 916 minuter.,<url><loc>https://pendlings-app1.t-767929534-cloudflare.workers.dev/?fran=Filipstad&amp;till=Sjöbo</loc><changefreq>monthly</changefreq></url>
Åmål,Hedemora,1340,889,Avståndet mellan Åmål och Hedemora är 1340 km och Karl-Johan Gyllenstorm beräknade körtiden till cirka 889 minuter.,<url><loc>https://pendlings-app1.t-767929534-cloudflare.workers.dev/?fran=Åmål&amp;till=Hedemora</loc><changefreq>monthly</changefreq></url>
Bollnäs,Stockholm,1094,758,Avståndet mellan Bollnäs och Stockholm är 1094 km och Karl-Johan Gyllenstorm beräknade körtiden till cirka 758 minuter.,<url><loc>https://pendlings-app1.t-767929534-cloudflare.workers.dev/?fran=Bollnäs&amp;till=Stockholm</loc><changefreq>monthly</changefreq></url>
Nybro,Osby,577,450,Avståndet mellan Nybro och Osby är 577 km och Karl-Johan Gyllenstorm beräknade körtiden till cirka 450 minuter.,<url><loc>https://pendlings-app1.t-767929534-cloudflare.workers.dev/?fran=Nybro&amp;till=Osby</loc><changefreq>monthly</changefreq></url>
Askersund,Östhammar,347,270,Avståndet mellan Askersund och Östhammar är 347 km och Karl-Johan Gyllenstorm beräknade körtiden till cirka 270 minuter.,<url><loc>https://pendlings-app1.t-767929534-cloudflare.workers.dev/?fran=Askersund&amp;till=Östhammar</loc><changefreq>monthly</changefreq></url>
Boxholm,Vimmerby,41,26,Avståndet mellan Boxholm och Vimmerby är 41 km och Karl-Johan Gyllenstorm beräknade körtiden till cirka 26 minuter.,<url><loc>https://pendlings-app1.t-767929534-cloudflare.workers.dev/?fran=Boxholm&amp;till=Vimmerby</loc><changefreq>monthly</changefreq></url>
Slite,Falun,1194,854,Avståndet mellan Slite och Falun är 1194 km och Karl-Johan Gyllenstorm beräknade körtiden till cirka 854 minuter.,<url><loc>https://pendlings-app1.t-767929534-cloudflare.workers.dev/?fran=Slite&amp;till=Falun</loc><changefreq>monthly</changefreq></url>
Ludvika,Munkfors,150,101,Avståndet mellan Ludvika och Munkfors är 150 km och Karl-Johan Gyllenstorm beräknade körtiden till cirka 101 minuter.,<url><loc>https://pendlings-app1.t-767929534-cloudflare.workers.dev/?fran=Ludvika&amp;till=Munkfors</loc><changefreq>monthly</changefreq></url>
Rättvik,Bromölla,260,169,Avståndet mellan Rättvik och Bromölla är 260 km och Karl-Johan Gyllenstorm beräknade körtiden till cirka 169 minuter.,<url><loc>https://pendlings-app1.t-767929534-cloudflare.workers.dev/?fran=Rättvik&amp;till=Bromölla</loc><changefreq>monthly</changefreq></url>
Degerfors,Vadstena,113,80,Avståndet mellan Degerfors och Vadstena är 113 km och Karl-Johan Gyllenstorm beräknade körtiden till cirka 80 minuter.,<url><loc>https://pendlings-app1.t-767929534-cloudflare.workers.dev/?fran=Degerfors&amp;till=Vadstena</loc><changefreq>monthly</changefreq></url>
Berg,Storuman,642,414,Avståndet mellan Berg och Storuman är 642 km och Karl-Johan Gyllenstorm beräknade körtiden till cirka 414 minuter.,<url><loc>https://pendlings-app1.t-767929534-cloudflare.workers.dev/?fran=Berg&amp;till=Storuman</loc><changefreq>monthly</changefreq></url>
Osby,Malmö,1087,796,Avståndet mellan Osby och Malmö är 1087 km och Karl-Johan Gyllenstorm beräknade körtiden till cirka 796 minuter.,<url><loc>https://pendlings-app1.t-767929534-cloudflare.workers.dev/?fran=Osby&amp;till=Malmö</loc><changefreq>monthly</changefreq></url>
Ronneby,Charlottenberg,612,419,Avståndet mellan Ronneby och Charlottenberg är 612 km och Karl-Johan Gyllenstorm beräknade körtiden till cirka 419 minuter.,<url><loc>https://pendlings-app1.t-767929534-cloudflare.workers.dev/?fran=Ronneby&amp;till=Charlottenberg</loc><changefreq>monthly</changefreq></url>
Karlstad,Värnamo,870,633,Avståndet mellan Karlstad och Värnamo är 870 km och Karl-Johan Gyllenstorm beräknade körtiden till cirka 633 minuter.,<url><loc>https://pendlings-app1.t-767929534-cloudflare.workers.dev/?fran=Karlstad&amp;till=Värnamo</loc><changefreq>monthly</changefreq></url>
Gnestad,Tingstäde,992,654,Avståndet mellan Gnestad och Tingstäde är 992 km och Karl-Johan Gyllenstorm beräknade körtiden till cirka 654 minuter.,<url><loc>https://pendlings-app1.t-767929534-cloudflare.workers.dev/?fran=Gnestad&amp;till=Tingstäde</loc><changefreq>monthly</changefreq></url>
Sala,Kävlinge,295,192,Avståndet mellan Sala och Kävlinge är 295 km och Karl-Johan Gyllenstorm beräknade körtiden till cirka 192 minuter.,<url><loc>https://pendlings-app1.t-767929534-cloudflare.workers.dev/?fran=Sala&amp;till=Kävlinge</loc><changefreq>monthly</changefreq></url>
Örkelljunga,Jokkmokk,282,223,Avståndet mellan Örkelljunga och Jokkmokk är 282 km och Karl-Johan Gyllenstorm beräknade körtiden till cirka 223 minuter.,<url><loc>https://pendlings-app1.t-767929534-cloudflare.workers.dev/?fran=Örkelljunga&amp;till=Jokkmokk</loc><changefreq>monthly</changefreq></url>
Skutskär,Älvsbyn,45,36,Avståndet mellan Skutskär och Älvsbyn är 45 km och Karl-Johan Gyllenstorm beräknade körtiden till cirka 36 minuter.,<url><loc>https://pendlings-app1.t-767929534-cloudflare.workers.dev/?fran=Skutskär&amp;till=Älvsbyn</loc><changefreq>monthly</changefreq></url>
Finspång,Mellerud,594,413,Avståndet mellan Finspång och Mellerud är 594 km och Karl-Johan Gyllenstorm beräknade körtiden till cirka 413 minuter.,<url><loc>https://pendlings-app1.t-767929534-cloudflare.workers.dev/?fran=Finspång&amp;till=Mellerud</loc><changefreq>monthly</changefreq></url>
Kristinehamn,Sandviken,648,471,Avståndet mellan Kristinehamn och Sandviken är 648 km och Karl-Johan Gyllenstorm beräknade körtiden till cirka 471 minuter.,<url><loc>https://pendlings-app1.t-767929534-cloudflare.workers.dev/?fran=Kristinehamn&amp;till=Sandviken</loc><changefreq>monthly</changefreq></url>
Osby,Mark,156,120,Avståndet mellan Osby och Mark är 156 km och Karl-Johan Gyllenstorm beräknade körtiden till cirka 120 minuter.,<url><loc>https://pendlings-app1.t-767929534-cloudflare.workers.dev/?fran=Osby&amp;till=Mark</loc><changefreq>monthly</changefreq></url>
Höör,Skellefteå,1276,963,Avståndet mellan Höör och Skellefteå är 1276 km och Karl-Johan Gyllenstorm beräknade körtiden till cirka 963 minuter.,<url><loc>https://pendlings-app1.t-767929534-cloudflare.workers.dev/?fran=Höör&amp;till=Skellefteå</loc><changefreq>monthly</changefreq></url>
Växjö,Haparanda,136,89,Avståndet mellan Växjö och Haparanda är 136 km och Karl-Johan Gyllenstorm beräknade körtiden till cirka 89 minuter.,<url><loc>https://pendlings-app1.t-767929534-cloudflare.workers.dev/?fran=Växjö&amp;till=Haparanda</loc><changefreq>monthly</changefreq></url>
Vetlanda,Torsby,314,203,Avståndet mellan Vetlanda och Torsby är 314 km och Karl-Johan Gyllenstorm beräknade körtiden till cirka 203 minuter.,<url><loc>https://pendlings-app1.t-767929534-cloudflare.workers.dev/?fran=Vetlanda&amp;till=Torsby</loc><changefreq>monthly</changefreq></url>
Klintehamn,Bjuv,753,586,Avståndet mellan Klintehamn och Bjuv är 753 km och Karl-Johan Gyllenstorm beräknade körtiden till cirka 586 minuter.,<url><loc>https://pendlings-app1.t-767929534-cloudflare.workers.dev/?fran=Klintehamn&amp;till=Bjuv</loc><changefreq>monthly</changefreq></url>
Hofors,Nyköping,260,197,Avståndet mellan Hofors och Nyköping är 260 km och Karl-Johan Gyllenstorm beräknade körtiden till cirka 197 minuter.,<url><loc>https://pendlings-app1.t-767929534-cloudflare.workers.dev/?fran=Hofors&amp;till=Nyköping</loc><changefreq>monthly</changefreq></url>
Mjölby,Örebro,970,713,Avståndet mellan Mjölby och Örebro är 970 km och Karl-Johan Gyllenstorm beräknade körtiden till cirka 713 minuter.,<url><loc>https://pendlings-app1.t-767929534-cloudflare.workers.dev/?fran=Mjölby&amp;till=Örebro</loc><changefreq>monthly</changefreq></url>
Härnösand,Bjuv,830,540,Avståndet mellan Härnösand och Bjuv är 830 km och Karl-Johan Gyllenstorm beräknade körtiden till cirka 540 minuter.,<url><loc>https://pendlings-app1.t-767929534-cloudflare.workers.dev/?fran=Härnösand&amp;till=Bjuv</loc><changefreq>monthly</changefreq></url>
Ydre,Gnosjö,1107,745,Avståndet mellan Ydre och Gnosjö är 1107 km och Karl-Johan Gyllenstorm beräknade körtiden till cirka 745 minuter.,<url><loc>https://pendlings-app1.t-767929534-cloudflare.workers.dev/?fran=Ydre&amp;till=Gnosjö</loc><changefreq>monthly</changefreq></url>
Dorotea,Herrljunga,827,630,Avståndet mellan Dorotea och Herrljunga är 827 km och Karl-Johan Gyllenstorm beräknade körtiden till cirka 630 minuter.,<url><loc>https://pendlings-app1.t-767929534-cloudflare.workers.dev/?fran=Dorotea&amp;till=Herrljunga</loc><changefreq>monthly</changefreq></url>
Lidköping,Östra Göinge,1217,893,Avståndet mellan Lidköping och Östra Göinge är 1217 km och Karl-Johan Gyllenstorm beräknade körtiden till cirka 893 minuter.,<url><loc>https://pendlings-app1.t-767929534-cloudflare.workers.dev/?fran=Lidköping&amp;till=Östra Göinge</loc><changefreq>monthly</changefreq></url>
Laholm,Kalmar,1412,923,Avståndet mellan Laholm och Kalmar är 1412 km och Karl-Johan Gyllenstorm beräknade körtiden till cirka 923 minuter.,<url><loc>https://pendlings-app1.t-767929534-cloudflare.workers.dev/?fran=Laholm&amp;till=Kalmar</loc><changefreq>monthly</changefreq></url>
Leksand,Hörby,29,20,Avståndet mellan Leksand och Hörby är 29 km och Karl-Johan Gyllenstorm beräknade körtiden till cirka 20 minuter.,<url><loc>https://pendlings-app1.t-767929534-cloudflare.workers.dev/?fran=Leksand&amp;till=Hörby</loc><changefreq>monthly</changefreq></url>
Grästorp,Mellerud,906,576,Avståndet mellan Grästorp och Mellerud är 906 km och Karl-Johan Gyllenstorm beräknade körtiden till cirka 576 minuter.,<url><loc>https://pendlings-app1.t-767929534-cloudflare.workers.dev/?fran=Grästorp&amp;till=Mellerud</loc><changefreq>monthly</changefreq></url>
Skara,Hedemora,186,119,Avståndet mellan Skara och Hedemora är 186 km och Karl-Johan Gyllenstorm beräknade körtiden till cirka 119 minuter.,<url><loc>https://pendlings-app1.t-767929534-cloudflare.workers.dev/?fran=Skara&amp;till=Hedemora</loc><changefreq>monthly</changefreq></url>
Hagfors,Kristianstad,1273,962,Avståndet mellan Hagfors och Kristianstad är 1273 km och Karl-Johan Gyllenstorm beräknade körtiden till cirka 962 minuter.,<url><loc>https://pendlings-app1.t-767929534-cloudflare.workers.dev/?fran=Hagfors&amp;till=Kristianstad</loc><changefreq>monthly</changefreq></url>
Eksjö,Västervik,165,123,Avståndet mellan Eksjö och Västervik är 165 km och Karl-Johan Gyllenstorm beräknade körtiden till cirka 123 minuter.,<url><loc>https://pendlings-app1.t-767929534-cloudflare.workers.dev/?fran=Eksjö&amp;till=Västervik</loc><changefreq>monthly</changefreq></url>
Sala,Hofors,763,532,Avståndet mellan Sala och Hofors är 763 km och Karl-Johan Gyllenstorm beräknade körtiden till cirka 532 minuter.,<url><loc>https://pendlings-app1.t-767929534-cloudflare.workers.dev/?fran=Sala&amp;till=Hofors</loc><changefreq>monthly</changefreq></url>
Nyköping,Sälen,412,308,Avståndet mellan Nyköping och Sälen är 412 km och Karl-Johan Gyllenstorm beräknade körtiden till cirka 308 minuter.,<url><loc>https://pendlings-app1.t-767929534-cloudflare.workers.dev/?fran=Nyköping&amp;till=Sälen</loc><changefreq>monthly</changefreq></url>
Söderköping,Östra Göinge,695,503,Avståndet mellan Söderköping och Östra Göinge är 695 km och Karl-Johan Gyllenstorm beräknade körtiden till cirka 503 minuter.,<url><loc>https://pendlings-app1.t-767929534-cloudflare.workers.dev/?fran=Söderköping&amp;till=Östra Göinge</loc><changefreq>monthly</changefreq></url>
Emmaboda,Töreboda,478,374,Avståndet mellan Emmaboda och Töreboda är 478 km och Karl-Johan Gyllenstorm beräknade körtiden till cirka 374 minuter.,<url><loc>https://pendlings-app1.t-767929534-cloudflare.workers.dev/?fran=Emmaboda&amp;till=Töreboda</loc><changefreq>monthly</changefreq></url>
Bålsta,Krokom,481,308,Avståndet mellan Bålsta och Krokom är 481 km och Karl-Johan Gyllenstorm beräknade körtiden till cirka 308 minuter.,<url><loc>https://pendlings-app1.t-767929534-cloudflare.workers.dev/?fran=Bålsta&amp;till=Krokom</loc><changefreq>monthly</changefreq></url>
Borlänge,Uppsala,1152,839,Avståndet mellan Borlänge och Uppsala är 1152 km och Karl-Johan Gyllenstorm beräknade körtiden till cirka 839 minuter.,<url><loc>https://pendlings-app1.t-767929534-cloudflare.workers.dev/?fran=Borlänge&amp;till=Uppsala</loc><changefreq>monthly</changefreq></url>
Sollefteå,Borås,444,329,Avståndet mellan Sollefteå och Borås är 444 km och Karl-Johan Gyllenstorm beräknade körtiden till cirka 329 minuter.,<url><loc>https://pendlings-app1.t-767929534-cloudflare.workers.dev/?fran=Sollefteå&amp;till=Borås</loc><changefreq>monthly</changefreq></url>
Kungsbacka,Hemse,400,305,Avståndet mellan Kungsbacka och Hemse är 400 km och Karl-Johan Gyllenstorm beräknade körtiden till cirka 305 minuter.,<url><loc>https://pendlings-app1.t-767929534-cloudflare.workers.dev/?fran=Kungsbacka&amp;till=Hemse</loc><changefreq>monthly</changefreq></url>
Mellerud,Skinnskatteberg,859,659,Avståndet mellan Mellerud och Skinnskatteberg är 859 km och Karl-Johan Gyllenstorm beräknade körtiden till cirka 659 minuter.,<url><loc>https://pendlings-app1.t-767929534-cloudflare.workers.dev/?fran=Mellerud&amp;till=Skinnskatteberg</loc><changefreq>monthly</changefreq></url>
Uddevalla,Bräcke,1398,934,Avståndet mellan Uddevalla och Bräcke är 1398 km och Karl-Johan Gyllenstorm beräknade körtiden till cirka 934 minuter.,<url><loc>https://pendlings-app1.t-767929534-cloudflare.workers.dev/?fran=Uddevalla&amp;till=Bräcke</loc><changefreq>monthly</changefreq></url>
Karlskrona,Högsby,93,61,Avståndet mellan Karlskrona och Högsby är 93 km och Karl-Johan Gyllenstorm beräknade körtiden till cirka 61 minuter.,<url><loc>https://pendlings-app1.t-767929534-cloudflare.workers.dev/?fran=Karlskrona&amp;till=Högsby</loc><changefreq>monthly</changefreq></url>
Malung,Timrå,424,313,Avståndet mellan Malung och Timrå är 424 km och Karl-Johan Gyllenstorm beräknade körtiden till cirka 313 minuter.,<url><loc>https://pendlings-app1.t-767929534-cloudflare.workers.dev/?fran=Malung&amp;till=Timrå</loc><changefreq>monthly</changefreq></url>
Gävle,Avesta,624,476,Avståndet mellan Gävle och Avesta är 624 km och Karl-Johan Gyllenstorm beräknade körtiden till cirka 476 minuter.,<url><loc>https://pendlings-app1.t-767929534-cloudflare.workers.dev/?fran=Gävle&amp;till=Avesta</loc><changefreq>monthly</changefreq></url>
Grästorp,Grythyttan,857,650,Avståndet mellan Grästorp och Grythyttan är 857 km och Karl-Johan Gyllenstorm beräknade körtiden till cirka 650 minuter.,<url><loc>https://pendlings-app1.t-767929534-cloudflare.workers.dev/?fran=Grästorp&amp;till=Grythyttan</loc><changefreq>monthly</changefreq></url>
Trollhättan,Mörbylånga,245,195,Avståndet mellan Trollhättan och Mörbylånga är 245 km och Karl-Johan Gyllenstorm beräknade körtiden till cirka 195 minuter.,<url><loc>https://pendlings-app1.t-767929534-cloudflare.workers.dev/?fran=Trollhättan&amp;till=Mörbylånga</loc><changefreq>monthly</changefreq></url>
Bålsta,Uddevalla,500,340,Avståndet mellan Bålsta och Uddevalla är 500 km och Karl-Johan Gyllenstorm beräknade körtiden till cirka 340 minuter.,<url><loc>https://pendlings-app1.t-767929534-cloudflare.workers.dev/?fran=Bålsta&amp;till=Uddevalla</loc><changefreq>monthly</changefreq></url>
Östra Göinge,Piteå,1211,872,Avståndet mellan Östra Göinge och Piteå är 1211 km och Karl-Johan Gyllenstorm beräknade körtiden till cirka 872 minuter.,<url><loc>https://pendlings-app1.t-767929534-cloudflare.workers.dev/?fran=Östra Göinge&amp;till=Piteå</loc><changefreq>monthly</changefreq></url>
Köping,Värnamo,1444,979,Avståndet mellan Köping och Värnamo är 1444 km och Karl-Johan Gyllenstorm beräknade körtiden till cirka 979 minuter.,<url><loc>https://pendlings-app1.t-767929534-cloudflare.workers.dev/?fran=Köping&amp;till=Värnamo</loc><changefreq>monthly</changefreq></url>
Lund,Östhammar,1372,993,Avståndet mellan Lund och Östhammar är 1372 km och Karl-Johan Gyllenstorm beräknade körtiden till cirka 993 minuter.,<url><loc>https://pendlings-app1.t-767929534-cloudflare.workers.dev/?fran=Lund&amp;till=Östhammar</loc><changefreq>monthly</changefreq></url>
Stånga,Storfors,1131,741,Avståndet mellan Stånga och Storfors är 1131 km och Karl-Johan Gyllenstorm beräknade körtiden till cirka 741 minuter.,<url><loc>https://pendlings-app1.t-767929534-cloudflare.workers.dev/?fran=Stånga&amp;till=Storfors</loc><changefreq>monthly</changefreq></url>
Östra Göinge,Fårösund,91,63,Avståndet mellan Östra Göinge och Fårösund är 91 km och Karl-Johan Gyllenstorm beräknade körtiden till cirka 63 minuter.,<url><loc>https://pendlings-app1.t-767929534-cloudflare.workers.dev/?fran=Östra Göinge&amp;till=Fårösund</loc><changefreq>monthly</changefreq></url>
Vellinge,Malung,1358,1003,Avståndet mellan Vellinge och Malung är 1358 km och Karl-Johan Gyllenstorm beräknade körtiden till cirka 1003 minuter.,<url><loc>https://pendlings-app1.t-767929534-cloudflare.workers.dev/?fran=Vellinge&amp;till=Malung</loc><changefreq>monthly</changefreq></url>
Uppsala,Gällivare,313,217,Avståndet mellan Uppsala och Gällivare är 313 km och Karl-Johan Gyllenstorm beräknade körtiden till cirka 217 minuter.,<url><loc>https://pendlings-app1.t-767929534-cloudflare.workers.dev/?fran=Uppsala&amp;till=Gällivare</loc><changefreq>monthly</changefreq></url>
Kalix,Sjöbo,599,435,Avståndet mellan Kalix och Sjöbo är 599 km och Karl-Johan Gyllenstorm beräknade körtiden till cirka 435 minuter.,<url><loc>https://pendlings-app1.t-767929534-cloudflare.workers.dev/?fran=Kalix&amp;till=Sjöbo</loc><changefreq>monthly</changefreq></url>
Helsingborg,Strömsund,1218,776,Avståndet mellan Helsingborg och Strömsund är 1218 km och Karl-Johan Gyllenstorm beräknade körtiden till cirka 776 minuter.,<url><loc>https://pendlings-app1.t-767929534-cloudflare.workers.dev/?fran=Helsingborg&amp;till=Strömsund</loc><changefreq>monthly</changefreq></url>
Täby,Sjöbo,338,219,Avståndet mellan Täby och Sjöbo är 338 km och Karl-Johan Gyllenstorm beräknade körtiden till cirka 219 minuter.,<url><loc>https://pendlings-app1.t-767929534-cloudflare.workers.dev/?fran=Täby&amp;till=Sjöbo</loc><changefreq>monthly</changefreq></url>
Kalmar,Hyltebruk,1364,1066,Avståndet mellan Kalmar och Hyltebruk är 1364 km och Karl-Johan Gyllenstorm beräknade körtiden till cirka 1066 minuter.,<url><loc>https://pendlings-app1.t-767929534-cloudflare.workers.dev/?fran=Kalmar&amp;till=Hyltebruk</loc><changefreq>monthly</changefreq></url>
Helsingborg,Malå,1382,878,Avståndet mellan Helsingborg och Malå är 1382 km och Karl-Johan Gyllenstorm beräknade körtiden till cirka 878 minuter.,<url><loc>https://pendlings-app1.t-767929534-cloudflare.workers.dev/?fran=Helsingborg&amp;till=Malå</loc><changefreq>monthly</changefreq></url>
Mellerud,Simrishamn,922,596,Avståndet mellan Mellerud och Simrishamn är 922 km och Karl-Johan Gyllenstorm beräknade körtiden till cirka 596 minuter.,<url><loc>https://pendlings-app1.t-767929534-cloudflare.workers.dev/?fran=Mellerud&amp;till=Simrishamn</loc><changefreq>monthly</changefreq></url>
Ed,Laholm,156,111,Avståndet mellan Ed och Laholm är 156 km och Karl-Johan Gyllenstorm beräknade körtiden till cirka 111 minuter.,<url><loc>https://pendlings-app1.t-767929534-cloudflare.workers.dev/?fran=Ed&amp;till=Laholm</loc><changefreq>monthly</changefreq></url>
Munkedal,Olofström,410,259,Avståndet mellan Munkedal och Olofström är 410 km och Karl-Johan Gyllenstorm beräknade körtiden till cirka 259 minuter.,<url><loc>https://pendlings-app1.t-767929534-cloudflare.workers.dev/?fran=Munkedal&amp;till=Olofström</loc><changefreq>monthly</changefreq></url>
Håbo,Sunne,643,487,Avståndet mellan Håbo och Sunne är 643 km och Karl-Johan Gyllenstorm beräknade körtiden till cirka 487 minuter.,<url><loc>https://pendlings-app1.t-767929534-cloudflare.workers.dev/?fran=Håbo&amp;till=Sunne</loc><changefreq>monthly</changefreq></url>
Ödeshög,Tranås,677,533,Avståndet mellan Ödeshög och Tranås är 677 km och Karl-Johan Gyllenstorm beräknade körtiden till cirka 533 minuter.,<url><loc>https://pendlings-app1.t-767929534-cloudflare.workers.dev/?fran=Ödeshög&amp;till=Tranås</loc><changefreq>monthly</changefreq></url>
Växjö,Kristianstad,492,344,Avståndet mellan Växjö och Kristianstad är 492 km och Karl-Johan Gyllenstorm beräknade körtiden till cirka 344 minuter.,<url><loc>https://pendlings-app1.t-767929534-cloudflare.workers.dev/?fran=Växjö&amp;till=Kristianstad</loc><changefreq>monthly</changefreq></url>
Nora,Degerfors,775,495,Avståndet mellan Nora och Degerfors är 775 km och Karl-Johan Gyllenstorm beräknade körtiden till cirka 495 minuter.,<url><loc>https://pendlings-app1.t-767929534-cloudflare.workers.dev/?fran=Nora&amp;till=Degerfors</loc><changefreq>monthly</changefreq></url>
Arvidsjaur,Berg,359,275,Avståndet mellan Arvidsjaur och Berg är 359 km och Karl-Johan Gyllenstorm beräknade körtiden till cirka 275 minuter.,<url><loc>https://pendlings-app1.t-767929534-cloudflare.workers.dev/?fran=Arvidsjaur&amp;till=Berg</loc><changefreq>monthly</changefreq></url>
Leksand,Kalmar,1170,805,Avståndet mellan Leksand och Kalmar är 1170 km och Karl-Johan Gyllenstorm beräknade körtiden till cirka 805 minuter.,<url><loc>https://pendlings-app1.t-767929534-cloudflare.workers.dev/?fran=Leksand&amp;till=Kalmar</loc><changefreq>monthly</changefreq></url>
Gnestad,Mellerud,599,431,Avståndet mellan Gnestad och Mellerud är 599 km och Karl-Johan Gyllenstorm beräknade körtiden till cirka 431 minuter.,<url><loc>https://pendlings-app1.t-767929534-cloudflare.workers.dev/?fran=Gnestad&amp;till=Mellerud</loc><changefreq>monthly</changefreq></url>
Varberg,Hjo,717,547,Avståndet mellan Varberg och Hjo är 717 km och Karl-Johan Gyllenstorm beräknade körtiden till cirka 547 minuter.,<url><loc>https://pendlings-app1.t-767929534-cloudflare.workers.dev/?fran=Varberg&amp;till=Hjo</loc><changefreq>monthly</changefreq></url>
Landskrona,Hudiksvall,714,478,Avståndet mellan Landskrona och Hudiksvall är 714 km och Karl-Johan Gyllenstorm beräknade körtiden till cirka 478 minuter.,<url><loc>https://pendlings-app1.t-767929534-cloudflare.workers.dev/?fran=Landskrona&amp;till=Hudiksvall</loc><changefreq>monthly</changefreq></url>
Svalöv,Övertorneå,351,267,Avståndet mellan Svalöv och Övertorneå är 351 km och Karl-Johan Gyllenstorm beräknade körtiden till cirka 267 minuter.,<url><loc>https://pendlings-app1.t-767929534-cloudflare.workers.dev/?fran=Svalöv&amp;till=Övertorneå</loc><changefreq>monthly</changefreq></url>
Kramfors,Gislaved,298,209,Avståndet mellan Kramfors och Gislaved är 298 km och Karl-Johan Gyllenstorm beräknade körtiden till cirka 209 minuter.,<url><loc>https://pendlings-app1.t-767929534-cloudflare.workers.dev/?fran=Kramfors&amp;till=Gislaved</loc><changefreq>monthly</changefreq></url>
Ed,Köping,338,232,Avståndet mellan Ed och Köping är 338 km och Karl-Johan Gyllenstorm beräknade körtiden till cirka 232 minuter.,<url><loc>https://pendlings-app1.t-767929534-cloudflare.workers.dev/?fran=Ed&amp;till=Köping</loc><changefreq>monthly</changefreq></url>
Aneby,Sollefteå,503,401,Avståndet mellan Aneby och Sollefteå är 503 km och Karl-Johan Gyllenstorm beräknade körtiden till cirka 401 minuter.,<url><loc>https://pendlings-app1.t-767929534-cloudflare.workers.dev/?fran=Aneby&amp;till=Sollefteå</loc><changefreq>monthly</changefreq></url>
Mellerud,Kramfors,58,45,Avståndet mellan Mellerud och Kramfors är 58 km och Karl-Johan Gyllenstorm beräknade körtiden till cirka 45 minuter.,<url><loc>https://pendlings-app1.t-767929534-cloudflare.workers.dev/?fran=Mellerud&amp;till=Kramfors</loc><changefreq>monthly</changefreq></url>
Åsele,Dorotea,846,587,Avståndet mellan Åsele och Dorotea är 846 km och Karl-Johan Gyllenstorm beräknade körtiden till cirka 587 minuter.,<url><loc>https://pendlings-app1.t-767929534-cloudflare.workers.dev/?fran=Åsele&amp;till=Dorotea</loc><changefreq>monthly</changefreq></url>
Huddinge,Gullspång,245,185,Avståndet mellan Huddinge och Gullspång är 245 km och Karl-Johan Gyllenstorm beräknade körtiden till cirka 185 minuter.,<url><loc>https://pendlings-app1.t-767929534-cloudflare.workers.dev/?fran=Huddinge&amp;till=Gullspång</loc><changefreq>monthly</changefreq></url>
Skutskär,Söderköping,45,34,Avståndet mellan Skutskär och Söderköping är 45 km och Karl-Johan Gyllenstorm beräknade körtiden till cirka 34 minuter.,<url><loc>https://pendlings-app1.t-767929534-cloudflare.workers.dev/?fran=Skutskär&amp;till=Söderköping</loc><changefreq>monthly</changefreq></url>
Lindesberg,Ulricehamn,474,360,Avståndet mellan Lindesberg och Ulricehamn är 474 km och Karl-Johan Gyllenstorm beräknade körtiden till cirka 360 minuter.,<url><loc>https://pendlings-app1.t-767929534-cloudflare.workers.dev/?fran=Lindesberg&amp;till=Ulricehamn</loc><changefreq>monthly</changefreq></url>
Ljusdal,Visby,861,612,Avståndet mellan Ljusdal och Visby är 861 km och Karl-Johan Gyllenstorm beräknade körtiden till cirka 612 minuter.,<url><loc>https://pendlings-app1.t-767929534-cloudflare.workers.dev/?fran=Ljusdal&amp;till=Visby</loc><changefreq>monthly</changefreq></url>
Slite,Borgholm,163,109,Avståndet mellan Slite och Borgholm är 163 km och Karl-Johan Gyllenstorm beräknade körtiden till cirka 109 minuter.,<url><loc>https://pendlings-app1.t-767929534-cloudflare.workers.dev/?fran=Slite&amp;till=Borgholm</loc><changefreq>monthly</changefreq></url>
Kils,Lärbro,276,187,Avståndet mellan Kils och Lärbro är 276 km och Karl-Johan Gyllenstorm beräknade körtiden till cirka 187 minuter.,<url><loc>https://pendlings-app1.t-767929534-cloudflare.workers.dev/?fran=Kils&amp;till=Lärbro</loc><changefreq>monthly</changefreq></url>
Arboga,Kalmar,901,596,Avståndet mellan Arboga och Kalmar är 901 km och Karl-Johan Gyllenstorm beräknade körtiden till cirka 596 minuter.,<url><loc>https://pendlings-app1.t-767929534-cloudflare.workers.dev/?fran=Arboga&amp;till=Kalmar</loc><changefreq>monthly</changefreq></url>
Kalmar,Vilhelmina,772,495,Avståndet mellan Kalmar och Vilhelmina är 772 km och Karl-Johan Gyllenstorm beräknade körtiden till cirka 495 minuter.,<url><loc>https://pendlings-app1.t-767929534-cloudflare.workers.dev/?fran=Kalmar&amp;till=Vilhelmina</loc><changefreq>monthly</changefreq></url>
Osby,Älvsbyn,46,33,Avståndet mellan Osby och Älvsbyn är 46 km och Karl-Johan Gyllenstorm beräknade körtiden till cirka 33 minuter.,<url><loc>https://pendlings-app1.t-767929534-cloudflare.workers.dev/?fran=Osby&amp;till=Älvsbyn</loc><changefreq>monthly</changefreq></url>
Charlottenberg,Åtvidaberg,899,693,Avståndet mellan Charlottenberg och Åtvidaberg är 899 km och Karl-Johan Gyllenstorm beräknade körtiden till cirka 693 minuter.,<url><loc>https://pendlings-app1.t-767929534-cloudflare.workers.dev/?fran=Charlottenberg&amp;till=Åtvidaberg</loc><changefreq>monthly</changefreq></url>
Sölvesborg,Gällivare,1004,691,Avståndet mellan Sölvesborg och Gällivare är 1004 km och Karl-Johan Gyllenstorm beräknade körtiden till cirka 691 minuter.,<url><loc>https://pendlings-app1.t-767929534-cloudflare.workers.dev/?fran=Sölvesborg&amp;till=Gällivare</loc><changefreq>monthly</changefreq></url>
Jokkmokk,Varberg,736,491,Avståndet mellan Jokkmokk och Varberg är 736 km och Karl-Johan Gyllenstorm beräknade körtiden till cirka 491 minuter.,<url><loc>https://pendlings-app1.t-767929534-cloudflare.workers.dev/?fran=Jokkmokk&amp;till=Varberg</loc><changefreq>monthly</changefreq></url>
Ödeshög,Höör,670,503,Avståndet mellan Ödeshög och Höör är 670 km och Karl-Johan Gyllenstorm beräknade körtiden till cirka 503 minuter.,<url><loc>https://pendlings-app1.t-767929534-cloudflare.workers.dev/?fran=Ödeshög&amp;till=Höör</loc><changefreq>monthly</changefreq></url>
Torsby,Skutskär,141,108,Avståndet mellan Torsby och Skutskär är 141 km och Karl-Johan Gyllenstorm beräknade körtiden till cirka 108 minuter.,<url><loc>https://pendlings-app1.t-767929534-cloudflare.workers.dev/?fran=Torsby&amp;till=Skutskär</loc><changefreq>monthly</changefreq></url>
Storuman,Sälen,1339,975,Avståndet mellan Storuman och Sälen är 1339 km och Karl-Johan Gyllenstorm beräknade körtiden till cirka 975 minuter.,<url><loc>https://pendlings-app1.t-767929534-cloudflare.workers.dev/?fran=Storuman&amp;till=Sälen</loc><changefreq>monthly</changefreq></url>
Arvidsjaur,Bollnäs,139,109,Avståndet mellan Arvidsjaur och Bollnäs är 139 km och Karl-Johan Gyllenstorm beräknade körtiden till cirka 109 minuter.,<url><loc>https://pendlings-app1.t-767929534-cloudflare.workers.dev/?fran=Arvidsjaur&amp;till=Bollnäs</loc><changefreq>monthly</changefreq></url>
Sundsvall,Bålsta,379,244,Avståndet mellan Sundsvall och Bålsta är 379 km och Karl-Johan Gyllenstorm beräknade körtiden till cirka 244 minuter.,<url><loc>https://pendlings-app1.t-767929534-cloudflare.workers.dev/?fran=Sundsvall&amp;till=Bålsta</loc><changefreq>monthly</changefreq></url>
Staffanstorp,Ängelholm,1216,847,Avståndet mellan Staffanstorp och Ängelholm är 1216 km och Karl-Johan Gyllenstorm beräknade körtiden till cirka 847 minuter.,<url><loc>https://pendlings-app1.t-767929534-cloudflare.workers.dev/?fran=Staffanstorp&amp;till=Ängelholm</loc><changefreq>monthly</changefreq></url>
Gullspång,Grythyttan,554,364,Avståndet mellan Gullspång och Grythyttan är 554 km och Karl-Johan Gyllenstorm beräknade körtiden till cirka 364 minuter.,<url><loc>https://pendlings-app1.t-767929534-cloudflare.workers.dev/?fran=Gullspång&amp;till=Grythyttan</loc><changefreq>monthly</changefreq></url>
Boxholm,Hässleholm,374,282,Avståndet mellan Boxholm och Hässleholm är 374 km och Karl-Johan Gyllenstorm beräknade körtiden till cirka 282 minuter.,<url><loc>https://pendlings-app1.t-767929534-cloudflare.workers.dev/?fran=Boxholm&amp;till=Hässleholm</loc><changefreq>monthly</changefreq></url>
Helsingborg,Hallsberg,468,349,Avståndet mellan Helsingborg och Hallsberg är 468 km och Karl-Johan Gyllenstorm beräknade körtiden till cirka 349 minuter.,<url><loc>https://pendlings-app1.t-767929534-cloudflare.workers.dev/?fran=Helsingborg&amp;till=Hallsberg</loc><changefreq>monthly</changefreq></url>
Trosa,Skinnskatteberg,294,232,Avståndet mellan Trosa och Skinnskatteberg är 294 km och Karl-Johan Gyllenstorm beräknade körtiden till cirka 232 minuter.,<url><loc>https://pendlings-app1.t-767929534-cloudflare.workers.dev/?fran=Trosa&amp;till=Skinnskatteberg</loc><changefreq>monthly</changefreq></url>
Kristianstad,Falun,1131,839,Avståndet mellan Kristianstad och Falun är 1131 km och Karl-Johan Gyllenstorm beräknade körtiden till cirka 839 minuter.,<url><loc>https://pendlings-app1.t-767929534-cloudflare.workers.dev/?fran=Kristianstad&amp;till=Falun</loc><changefreq>monthly</changefreq></url>
Kristinehamn,Sävsjö,164,105,Avståndet mellan Kristinehamn och Sävsjö är 164 km och Karl-Johan Gyllenstorm beräknade körtiden till cirka 105 minuter.,<url><loc>https://pendlings-app1.t-767929534-cloudflare.workers.dev/?fran=Kristinehamn&amp;till=Sävsjö</loc><changefreq>monthly</changefreq></url>
Mellerud,Åre,1215,799,Avståndet mellan Mellerud och Åre är 1215 km och Karl-Johan Gyllenstorm beräknade körtiden till cirka 799 minuter.,<url><loc>https://pendlings-app1.t-767929534-cloudflare.workers.dev/?fran=Mellerud&amp;till=Åre</loc><changefreq>monthly</changefreq></url>
Kils,Hudiksvall,58,45,Avståndet mellan Kils och Hudiksvall är 58 km och Karl-Johan Gyllenstorm beräknade körtiden till cirka 45 minuter.,<url><loc>https://pendlings-app1.t-767929534-cloudflare.workers.dev/?fran=Kils&amp;till=Hudiksvall</loc><changefreq>monthly</changefreq></url>
Ljusdal,Trosa,358,228,Avståndet mellan Ljusdal och Trosa är 358 km och Karl-Johan Gyllenstorm beräknade körtiden till cirka 228 minuter.,<url><loc>https://pendlings-app1.t-767929534-cloudflare.workers.dev/?fran=Ljusdal&amp;till=Trosa</loc><changefreq>monthly</changefreq></url>
Norsjö,Eda,1380,910,Avståndet mellan Norsjö och Eda är 1380 km och Karl-Johan Gyllenstorm beräknade körtiden till cirka 910 minuter.,<url><loc>https://pendlings-app1.t-767929534-cloudflare.workers.dev/?fran=Norsjö&amp;till=Eda</loc><changefreq>monthly</changefreq></url>
Ed,Habon,624,492,Avståndet mellan Ed och Habon är 624 km och Karl-Johan Gyllenstorm beräknade körtiden till cirka 492 minuter.,<url><loc>https://pendlings-app1.t-767929534-cloudflare.workers.dev/?fran=Ed&amp;till=Habon</loc><changefreq>monthly</changefreq></url>
Malå,Charlottenberg,789,622,Avståndet mellan Malå och Charlottenberg är 789 km och Karl-Johan Gyllenstorm beräknade körtiden till cirka 622 minuter.,<url><loc>https://pendlings-app1.t-767929534-cloudflare.workers.dev/?fran=Malå&amp;till=Charlottenberg</loc><changefreq>monthly</changefreq></url>
Sveg,Jokkmokk,872,561,Avståndet mellan Sveg och Jokkmokk är 872 km och Karl-Johan Gyllenstorm beräknade körtiden till cirka 561 minuter.,<url><loc>https://pendlings-app1.t-767929534-cloudflare.workers.dev/?fran=Sveg&amp;till=Jokkmokk</loc><changefreq>monthly</changefreq></url>
Ljusnarsberg,Åtvidaberg,555,378,Avståndet mellan Ljusnarsberg och Åtvidaberg är 555 km och Karl-Johan Gyllenstorm beräknade körtiden till cirka 378 minuter.,<url><loc>https://pendlings-app1.t-767929534-cloudflare.workers.dev/?fran=Ljusnarsberg&amp;till=Åtvidaberg</loc><changefreq>monthly</changefreq></url>
Eskilstuna,Tomelilla,1144,815,Avståndet mellan Eskilstuna och Tomelilla är 1144 km och Karl-Johan Gyllenstorm beräknade körtiden till cirka 815 minuter.,<url><loc>https://pendlings-app1.t-767929534-cloudflare.workers.dev/?fran=Eskilstuna&amp;till=Tomelilla</loc><changefreq>monthly</changefreq></url>
Kalix,Vansbro,233,153,Avståndet mellan Kalix och Vansbro är 233 km och Karl-Johan Gyllenstorm beräknade körtiden till cirka 153 minuter.,<url><loc>https://pendlings-app1.t-767929534-cloudflare.workers.dev/?fran=Kalix&amp;till=Vansbro</loc><changefreq>monthly</changefreq></url>
Skellefteå,Ängelholm,1000,683,Avståndet mellan Skellefteå och Ängelholm är 1000 km och Karl-Johan Gyllenstorm beräknade körtiden till cirka 683 minuter.,<url><loc>https://pendlings-app1.t-767929534-cloudflare.workers.dev/?fran=Skellefteå&amp;till=Ängelholm</loc><changefreq>monthly</changefreq></url>
Ed,Roma,1440,1018,Avståndet mellan Ed och Roma är 1440 km och Karl-Johan Gyllenstorm beräknade körtiden till cirka 1018 minuter.,<url><loc>https://pendlings-app1.t-767929534-cloudflare.workers.dev/?fran=Ed&amp;till=Roma</loc><changefreq>monthly</changefreq></url>
Karlskoga,Dorotea,558,402,Avståndet mellan Karlskoga och Dorotea är 558 km och Karl-Johan Gyllenstorm beräknade körtiden till cirka 402 minuter.,<url><loc>https://pendlings-app1.t-767929534-cloudflare.workers.dev/?fran=Karlskoga&amp;till=Dorotea</loc><changefreq>monthly</changefreq></url>
Eslöv,Östhammar,1299,859,Avståndet mellan Eslöv och Östhammar är 1299 km och Karl-Johan Gyllenstorm beräknade körtiden till cirka 859 minuter.,<url><loc>https://pendlings-app1.t-767929534-cloudflare.workers.dev/?fran=Eslöv&amp;till=Östhammar</loc><changefreq>monthly</changefreq></url>
Bollebygd,Stockholm,1255,804,Avståndet mellan Bollebygd och Stockholm är 1255 km och Karl-Johan Gyllenstorm beräknade körtiden till cirka 804 minuter.,<url><loc>https://pendlings-app1.t-767929534-cloudflare.workers.dev/?fran=Bollebygd&amp;till=Stockholm</loc><changefreq>monthly</changefreq></url>
Södertälje,Kumla,399,256,Avståndet mellan Södertälje och Kumla är 399 km och Karl-Johan Gyllenstorm beräknade körtiden till cirka 256 minuter.,<url><loc>https://pendlings-app1.t-767929534-cloudflare.workers.dev/?fran=Södertälje&amp;till=Kumla</loc><changefreq>monthly</changefreq></url>
Överkalix,Sotenäs,127,92,Avståndet mellan Överkalix och Sotenäs är 127 km och Karl-Johan Gyllenstorm beräknade körtiden till cirka 92 minuter.,<url><loc>https://pendlings-app1.t-767929534-cloudflare.workers.dev/?fran=Överkalix&amp;till=Sotenäs</loc><changefreq>monthly</changefreq></url>
Sollefteå,Essunga,1335,933,Avståndet mellan Sollefteå och Essunga är 1335 km och Karl-Johan Gyllenstorm beräknade körtiden till cirka 933 minuter.,<url><loc>https://pendlings-app1.t-767929534-cloudflare.workers.dev/?fran=Sollefteå&amp;till=Essunga</loc><changefreq>monthly</changefreq></url>
Kungsör,Mörbylånga,1124,729,Avståndet mellan Kungsör och Mörbylånga är 1124 km och Karl-Johan Gyllenstorm beräknade körtiden till cirka 729 minuter.,<url><loc>https://pendlings-app1.t-767929534-cloudflare.workers.dev/?fran=Kungsör&amp;till=Mörbylånga</loc><changefreq>monthly</changefreq></url>
Arboga,Avesta,927,712,Avståndet mellan Arboga och Avesta är 927 km och Karl-Johan Gyllenstorm beräknade körtiden till cirka 712 minuter.,<url><loc>https://pendlings-app1.t-767929534-cloudflare.workers.dev/?fran=Arboga&amp;till=Avesta</loc><changefreq>monthly</changefreq></url>
Trosa,Simrishamn,1412,1004,Avståndet mellan Trosa och Simrishamn är 1412 km och Karl-Johan Gyllenstorm beräknade körtiden till cirka 1004 minuter.,<url><loc>https://pendlings-app1.t-767929534-cloudflare.workers.dev/?fran=Trosa&amp;till=Simrishamn</loc><changefreq>monthly</changefreq></url>
Stånga,Aneby,328,241,Avståndet mellan Stånga och Aneby är 328 km och Karl-Johan Gyllenstorm beräknade körtiden till cirka 241 minuter.,<url><loc>https://pendlings-app1.t-767929534-cloudflare.workers.dev/?fran=Stånga&amp;till=Aneby</loc><changefreq>monthly</changefreq></url>
Slite,Storuman,156,119,Avståndet mellan Slite och Storuman är 156 km och Karl-Johan Gyllenstorm beräknade körtiden till cirka 119 minuter.,<url><loc>https://pendlings-app1.t-767929534-cloudflare.workers.dev/?fran=Slite&amp;till=Storuman</loc><changefreq>monthly</changefreq></url>
Hagfors,Mönsterås,673,464,Avståndet mellan Hagfors och Mönsterås är 673 km och Karl-Johan Gyllenstorm beräknade körtiden till cirka 464 minuter.,<url><loc>https://pendlings-app1.t-767929534-cloudflare.workers.dev/?fran=Hagfors&amp;till=Mönsterås</loc><changefreq>monthly</changefreq></url>
Gislaved,Vimmerby,1222,809,Avståndet mellan Gislaved och Vimmerby är 1222 km och Karl-Johan Gyllenstorm beräknade körtiden till cirka 809 minuter.,<url><loc>https://pendlings-app1.t-767929534-cloudflare.workers.dev/?fran=Gislaved&amp;till=Vimmerby</loc><changefreq>monthly</changefreq></url>
Sotenäs,Ånge,727,527,Avståndet mellan Sotenäs och Ånge är 727 km och Karl-Johan Gyllenstorm beräknade körtiden till cirka 527 minuter.,<url><loc>https://pendlings-app1.t-767929534-cloudflare.workers.dev/?fran=Sotenäs&amp;till=Ånge</loc><changefreq>monthly</changefreq></url>
Söderhamn,Vellinge,1118,832,Avståndet mellan Söderhamn och Vellinge är 1118 km och Karl-Johan Gyllenstorm beräknade körtiden till cirka 832 minuter.,<url><loc>https://pendlings-app1.t-767929534-cloudflare.workers.dev/?fran=Söderhamn&amp;till=Vellinge</loc><changefreq>monthly</changefreq></url>
Tingstäde,Tibro,546,351,Avståndet mellan Tingstäde och Tibro är 546 km och Karl-Johan Gyllenstorm beräknade körtiden till cirka 351 minuter.,<url><loc>https://pendlings-app1.t-767929534-cloudflare.workers.dev/?fran=Tingstäde&amp;till=Tibro</loc><changefreq>monthly</changefreq></url>
Tranemo,Eslöv,326,208,Avståndet mellan Tranemo och Eslöv är 326 km och Karl-Johan Gyllenstorm beräknade körtiden till cirka 208 minuter.,<url><loc>https://pendlings-app1.t-767929534-cloudflare.workers.dev/?fran=Tranemo&amp;till=Eslöv</loc><changefreq>monthly</changefreq></url>
Tranemo,Skövde,1019,764,Avståndet mellan Tranemo och Skövde är 1019 km och Karl-Johan Gyllenstorm beräknade körtiden till cirka 764 minuter.,<url><loc>https://pendlings-app1.t-767929534-cloudflare.workers.dev/?fran=Tranemo&amp;till=Skövde</loc><changefreq>monthly</changefreq></url>
Haparanda,Lycksele,409,292,Avståndet mellan Haparanda och Lycksele är 409 km och Karl-Johan Gyllenstorm beräknade körtiden till cirka 292 minuter.,<url><loc>https://pendlings-app1.t-767929534-cloudflare.workers.dev/?fran=Haparanda&amp;till=Lycksele</loc><changefreq>monthly</changefreq></url>
Skutskär,Trelleborg,181,119,Avståndet mellan Skutskär och Trelleborg är 181 km och Karl-Johan Gyllenstorm beräknade körtiden till cirka 119 minuter.,<url><loc>https://pendlings-app1.t-767929534-cloudflare.workers.dev/?fran=Skutskär&amp;till=Trelleborg</loc><changefreq>monthly</changefreq></url>
Sjöbo,Kristianstad,229,177,Avståndet mellan Sjöbo och Kristianstad är 229 km och Karl-Johan Gyllenstorm beräknade körtiden till cirka 177 minuter.,<url><loc>https://pendlings-app1.t-767929534-cloudflare.workers.dev/?fran=Sjöbo&amp;till=Kristianstad</loc><changefreq>monthly</changefreq></url>
Dorotea,Norberg,201,128,Avståndet mellan Dorotea och Norberg är 201 km och Karl-Johan Gyllenstorm beräknade körtiden till cirka 128 minuter.,<url><loc>https://pendlings-app1.t-767929534-cloudflare.workers.dev/?fran=Dorotea&amp;till=Norberg</loc><changefreq>monthly</changefreq></url>
Simrishamn,Skutskär,269,189,Avståndet mellan Simrishamn och Skutskär är 269 km och Karl-Johan Gyllenstorm beräknade körtiden till cirka 189 minuter.,<url><loc>https://pendlings-app1.t-767929534-cloudflare.workers.dev/?fran=Simrishamn&amp;till=Skutskär</loc><changefreq>monthly</changefreq></url>
Ydre,Lysekil,1076,851,Avståndet mellan Ydre och Lysekil är 1076 km och Karl-Johan Gyllenstorm beräknade körtiden till cirka 851 minuter.,<url><loc>https://pendlings-app1.t-767929534-cloudflare.workers.dev/?fran=Ydre&amp;till=Lysekil</loc><changefreq>monthly</changefreq></url>
Lekeberg,Visby,734,465,Avståndet mellan Lekeberg och Visby är 734 km och Karl-Johan Gyllenstorm beräknade körtiden till cirka 465 minuter.,<url><loc>https://pendlings-app1.t-767929534-cloudflare.workers.dev/?fran=Lekeberg&amp;till=Visby</loc><changefreq>monthly</changefreq></url>
Nordanstig,Skurup,1157,833,Avståndet mellan Nordanstig och Skurup är 1157 km och Karl-Johan Gyllenstorm beräknade körtiden till cirka 833 minuter.,<url><loc>https://pendlings-app1.t-767929534-cloudflare.workers.dev/?fran=Nordanstig&amp;till=Skurup</loc><changefreq>monthly</changefreq></url>
Trosa,Kramfors,1282,1012,Avståndet mellan Trosa och Kramfors är 1282 km och Karl-Johan Gyllenstorm beräknade körtiden till cirka 1012 minuter.,<url><loc>https://pendlings-app1.t-767929534-cloudflare.workers.dev/?fran=Trosa&amp;till=Kramfors</loc><changefreq>monthly</changefreq></url>
Söderköping,Nyköping,176,126,Avståndet mellan Söderköping och Nyköping är 176 km och Karl-Johan Gyllenstorm beräknade körtiden till cirka 126 minuter.,<url><loc>https://pendlings-app1.t-767929534-cloudflare.workers.dev/?fran=Söderköping&amp;till=Nyköping</loc><changefreq>monthly</changefreq></url>
Kalmar,Sorsele,126,82,Avståndet mellan Kalmar och Sorsele är 126 km och Karl-Johan Gyllenstorm beräknade körtiden till cirka 82 minuter.,<url><loc>https://pendlings-app1.t-767929534-cloudflare.workers.dev/?fran=Kalmar&amp;till=Sorsele</loc><changefreq>monthly</changefreq></url>
Charlottenberg,Alingsås,1017,755,Avståndet mellan Charlottenberg och Alingsås är 1017 km och Karl-Johan Gyllenstorm beräknade körtiden till cirka 755 minuter.,<url><loc>https://pendlings-app1.t-767929534-cloudflare.workers.dev/?fran=Charlottenberg&amp;till=Alingsås</loc><changefreq>monthly</changefreq></url>
Malung,Sunne,98,65,Avståndet mellan Malung och Sunne är 98 km och Karl-Johan Gyllenstorm beräknade körtiden till cirka 65 minuter.,<url><loc>https://pendlings-app1.t-767929534-cloudflare.workers.dev/?fran=Malung&amp;till=Sunne</loc><changefreq>monthly</changefreq></url>
Burgsvik,Härjedalen,486,335,Avståndet mellan Burgsvik och Härjedalen är 486 km och Karl-Johan Gyllenstorm beräknade körtiden till cirka 335 minuter.,<url><loc>https://pendlings-app1.t-767929534-cloudflare.workers.dev/?fran=Burgsvik&amp;till=Härjedalen</loc><changefreq>monthly</changefreq></url>
Oskarshamn,Mörbylånga,746,581,Avståndet mellan Oskarshamn och Mörbylånga är 746 km och Karl-Johan Gyllenstorm beräknade körtiden till cirka 581 minuter.,<url><loc>https://pendlings-app1.t-767929534-cloudflare.workers.dev/?fran=Oskarshamn&amp;till=Mörbylånga</loc><changefreq>monthly</changefreq></url>
Borlänge,Västervik,1293,888,Avståndet mellan Borlänge och Västervik är 1293 km och Karl-Johan Gyllenstorm beräknade körtiden till cirka 888 minuter.,<url><loc>https://pendlings-app1.t-767929534-cloudflare.workers.dev/?fran=Borlänge&amp;till=Västervik</loc><changefreq>monthly</changefreq></url>
Jokkmokk,Örebro,1447,1058,Avståndet mellan Jokkmokk och Örebro är 1447 km och Karl-Johan Gyllenstorm beräknade körtiden till cirka 1058 minuter.,<url><loc>https://pendlings-app1.t-767929534-cloudflare.workers.dev/?fran=Jokkmokk&amp;till=Örebro</loc><changefreq>monthly</changefreq></url>
Tranemo,Hjo,1250,922,Avståndet mellan Tranemo och Hjo är 1250 km och Karl-Johan Gyllenstorm beräknade körtiden till cirka 922 minuter.,<url><loc>https://pendlings-app1.t-767929534-cloudflare.workers.dev/?fran=Tranemo&amp;till=Hjo</loc><changefreq>monthly</changefreq></url>
Älvdalen,Hässleholm,249,176,Avståndet mellan Älvdalen och Hässleholm är 249 km och Karl-Johan Gyllenstorm beräknade körtiden till cirka 176 minuter.,<url><loc>https://pendlings-app1.t-767929534-cloudflare.workers.dev/?fran=Älvdalen&amp;till=Hässleholm</loc><changefreq>monthly</changefreq></url>
Vellinge,Lysekil,378,289,Avståndet mellan Vellinge och Lysekil är 378 km och Karl-Johan Gyllenstorm beräknade körtiden till cirka 289 minuter.,<url><loc>https://pendlings-app1.t-767929534-cloudflare.workers.dev/?fran=Vellinge&amp;till=Lysekil</loc><changefreq>monthly</changefreq></url>
Karlsborg,Ludvika,1033,660,Avståndet mellan Karlsborg och Ludvika är 1033 km och Karl-Johan Gyllenstorm beräknade körtiden till cirka 660 minuter.,<url><loc>https://pendlings-app1.t-767929534-cloudflare.workers.dev/?fran=Karlsborg&amp;till=Ludvika</loc><changefreq>monthly</changefreq></url>
Vänersborg,Hultsfred,546,410,Avståndet mellan Vänersborg och Hultsfred är 546 km och Karl-Johan Gyllenstorm beräknade körtiden till cirka 410 minuter.,<url><loc>https://pendlings-app1.t-767929534-cloudflare.workers.dev/?fran=Vänersborg&amp;till=Hultsfred</loc><changefreq>monthly</changefreq></url>
Uddevalla,Lysekil,1166,832,Avståndet mellan Uddevalla och Lysekil är 1166 km och Karl-Johan Gyllenstorm beräknade körtiden till cirka 832 minuter.,<url><loc>https://pendlings-app1.t-767929534-cloudflare.workers.dev/?fran=Uddevalla&amp;till=Lysekil</loc><changefreq>monthly</changefreq></url>
Svedala,Karlsborg,359,286,Avståndet mellan Svedala och Karlsborg är 359 km och Karl-Johan Gyllenstorm beräknade körtiden till cirka 286 minuter.,<url><loc>https://pendlings-app1.t-767929534-cloudflare.workers.dev/?fran=Svedala&amp;till=Karlsborg</loc><changefreq>monthly</changefreq></url>
Uppsala,Åsele,617,475,Avståndet mellan Uppsala och Åsele är 617 km och Karl-Johan Gyllenstorm beräknade körtiden till cirka 475 minuter.,<url><loc>https://pendlings-app1.t-767929534-cloudflare.workers.dev/?fran=Uppsala&amp;till=Åsele</loc><changefreq>monthly</changefreq></url>
Ödeshög,Aneby,256,186,Avståndet mellan Ödeshög och Aneby är 256 km och Karl-Johan Gyllenstorm beräknade körtiden till cirka 186 minuter.,<url><loc>https://pendlings-app1.t-767929534-cloudflare.workers.dev/?fran=Ödeshög&amp;till=Aneby</loc><changefreq>monthly</changefreq></url>
Uddevalla,Kungsbacka,796,539,Avståndet mellan Uddevalla och Kungsbacka är 796 km och Karl-Johan Gyllenstorm beräknade körtiden till cirka 539 minuter.,<url><loc>https://pendlings-app1.t-767929534-cloudflare.workers.dev/?fran=Uddevalla&amp;till=Kungsbacka</loc><changefreq>monthly</changefreq></url>
Strängnäs,Munkfors,1428,939,Avståndet mellan Strängnäs och Munkfors är 1428 km och Karl-Johan Gyllenstorm beräknade körtiden till cirka 939 minuter.,<url><loc>https://pendlings-app1.t-767929534-cloudflare.workers.dev/?fran=Strängnäs&amp;till=Munkfors</loc><changefreq>monthly</changefreq></url>
Färjestaden,Malå,1235,800,Avståndet mellan Färjestaden och Malå är 1235 km och Karl-Johan Gyllenstorm beräknade körtiden till cirka 800 minuter.,<url><loc>https://pendlings-app1.t-767929534-cloudflare.workers.dev/?fran=Färjestaden&amp;till=Malå</loc><changefreq>monthly</changefreq></url>
Hultsfred,Värnamo,808,527,Avståndet mellan Hultsfred och Värnamo är 808 km och Karl-Johan Gyllenstorm beräknade körtiden till cirka 527 minuter.,<url><loc>https://pendlings-app1.t-767929534-cloudflare.workers.dev/?fran=Hultsfred&amp;till=Värnamo</loc><changefreq>monthly</changefreq></url>
Karlskrona,Svenljunga,418,269,Avståndet mellan Karlskrona och Svenljunga är 418 km och Karl-Johan Gyllenstorm beräknade körtiden till cirka 269 minuter.,<url><loc>https://pendlings-app1.t-767929534-cloudflare.workers.dev/?fran=Karlskrona&amp;till=Svenljunga</loc><changefreq>monthly</changefreq></url>
Hallstahammar,Bräcke,28,19,Avståndet mellan Hallstahammar och Bräcke är 28 km och Karl-Johan Gyllenstorm beräknade körtiden till cirka 19 minuter.,<url><loc>https://pendlings-app1.t-767929534-cloudflare.workers.dev/?fran=Hallstahammar&amp;till=Bräcke</loc><changefreq>monthly</changefreq></url>
Umeå,Vansbro,425,323,Avståndet mellan Umeå och Vansbro är 425 km och Karl-Johan Gyllenstorm beräknade körtiden till cirka 323 minuter.,<url><loc>https://pendlings-app1.t-767929534-cloudflare.workers.dev/?fran=Umeå&amp;till=Vansbro</loc><changefreq>monthly</changefreq></url>
Knivsta,Trelleborg,618,458,Avståndet mellan Knivsta och Trelleborg är 618 km och Karl-Johan Gyllenstorm beräknade körtiden till cirka 458 minuter.,<url><loc>https://pendlings-app1.t-767929534-cloudflare.workers.dev/?fran=Knivsta&amp;till=Trelleborg</loc><changefreq>monthly</changefreq></url>
Årjäng,Nordanstig,931,604,Avståndet mellan Årjäng och Nordanstig är 931 km och Karl-Johan Gyllenstorm beräknade körtiden till cirka 604 minuter.,<url><loc>https://pendlings-app1.t-767929534-cloudflare.workers.dev/?fran=Årjäng&amp;till=Nordanstig</loc><changefreq>monthly</changefreq></url>
Knivsta,Gislaved,62,46,Avståndet mellan Knivsta och Gislaved är 62 km och Karl-Johan Gyllenstorm beräknade körtiden till cirka 46 minuter.,<url><loc>https://pendlings-app1.t-767929534-cloudflare.workers.dev/?fran=Knivsta&amp;till=Gislaved</loc><changefreq>monthly</changefreq></url>
Strängnäs,Ockelbo,1087,767,Avståndet mellan Strängnäs och Ockelbo är 1087 km och Karl-Johan Gyllenstorm beräknade körtiden till cirka 767 minuter.,<url><loc>https://pendlings-app1.t-767929534-cloudflare.workers.dev/?fran=Strängnäs&amp;till=Ockelbo</loc><changefreq>monthly</changefreq></url>
Sollefteå,Hallstahammar,1252,867,Avståndet mellan Sollefteå och Hallstahammar är 1252 km och Karl-Johan Gyllenstorm beräknade körtiden till cirka 867 minuter.,<url><loc>https://pendlings-app1.t-767929534-cloudflare.workers.dev/?fran=Sollefteå&amp;till=Hallstahammar</loc><changefreq>monthly</changefreq></url>
Sölvesborg,Svalöv,702,560,Avståndet mellan Sölvesborg och Svalöv är 702 km och Karl-Johan Gyllenstorm beräknade körtiden till cirka 560 minuter.,<url><loc>https://pendlings-app1.t-767929534-cloudflare.workers.dev/?fran=Sölvesborg&amp;till=Svalöv</loc><changefreq>monthly</changefreq></url>
Ljusnarsberg,Alingsås,976,776,Avståndet mellan Ljusnarsberg och Alingsås är 976 km och Karl-Johan Gyllenstorm beräknade körtiden till cirka 776 minuter.,<url><loc>https://pendlings-app1.t-767929534-cloudflare.workers.dev/?fran=Ljusnarsberg&amp;till=Alingsås</loc><changefreq>monthly</changefreq></url>
Piteå,Ånge,365,291,Avståndet mellan Piteå och Ånge är 365 km och Karl-Johan Gyllenstorm beräknade körtiden till cirka 291 minuter.,<url><loc>https://pendlings-app1.t-767929534-cloudflare.workers.dev/?fran=Piteå&amp;till=Ånge</loc><changefreq>monthly</changefreq></url>
Eskilstuna,Munkedal,791,544,Avståndet mellan Eskilstuna och Munkedal är 791 km och Karl-Johan Gyllenstorm beräknade körtiden till cirka 544 minuter.,<url><loc>https://pendlings-app1.t-767929534-cloudflare.workers.dev/?fran=Eskilstuna&amp;till=Munkedal</loc><changefreq>monthly</changefreq></url>
Boden,Sala,798,530,Avståndet mellan Boden och Sala är 798 km och Karl-Johan Gyllenstorm beräknade körtiden till cirka 530 minuter.,<url><loc>https://pendlings-app1.t-767929534-cloudflare.workers.dev/?fran=Boden&amp;till=Sala</loc><changefreq>monthly</changefreq></url>
Töreboda,Havdhem,1426,1044,Avståndet mellan Töreboda och Havdhem är 1426 km och Karl-Johan Gyllenstorm beräknade körtiden till cirka 1044 minuter.,<url><loc>https://pendlings-app1.t-767929534-cloudflare.workers.dev/?fran=Töreboda&amp;till=Havdhem</loc><changefreq>monthly</changefreq></url>
Leksand,Ronneby,1278,849,Avståndet mellan Leksand och Ronneby är 1278 km och Karl-Johan Gyllenstorm beräknade körtiden till cirka 849 minuter.,<url><loc>https://pendlings-app1.t-767929534-cloudflare.workers.dev/?fran=Leksand&amp;till=Ronneby</loc><changefreq>monthly</changefreq></url>
Filipstad,Båstad,666,507,Avståndet mellan Filipstad och Båstad är 666 km och Karl-Johan Gyllenstorm beräknade körtiden till cirka 507 minuter.,<url><loc>https://pendlings-app1.t-767929534-cloudflare.workers.dev/?fran=Filipstad&amp;till=Båstad</loc><changefreq>monthly</changefreq></url>
Vimmerby,Skövde,1421,1015,Avståndet mellan Vimmerby och Skövde är 1421 km och Karl-Johan Gyllenstorm beräknade körtiden till cirka 1015 minuter.,<url><loc>https://pendlings-app1.t-767929534-cloudflare.workers.dev/?fran=Vimmerby&amp;till=Skövde</loc><changefreq>monthly</changefreq></url>
Kristinehamn,Ystad,552,379,Avståndet mellan Kristinehamn och Ystad är 552 km och Karl-Johan Gyllenstorm beräknade körtiden till cirka 379 minuter.,<url><loc>https://pendlings-app1.t-767929534-cloudflare.workers.dev/?fran=Kristinehamn&amp;till=Ystad</loc><changefreq>monthly</changefreq></url>
Tomelilla,Hagfors,397,287,Avståndet mellan Tomelilla och Hagfors är 397 km och Karl-Johan Gyllenstorm beräknade körtiden till cirka 287 minuter.,<url><loc>https://pendlings-app1.t-767929534-cloudflare.workers.dev/?fran=Tomelilla&amp;till=Hagfors</loc><changefreq>monthly</changefreq></url>
Åmål,Landskrona,1324,901,Avståndet mellan Åmål och Landskrona är 1324 km och Karl-Johan Gyllenstorm beräknade körtiden till cirka 901 minuter.,<url><loc>https://pendlings-app1.t-767929534-cloudflare.workers.dev/?fran=Åmål&amp;till=Landskrona</loc><changefreq>monthly</changefreq></url>
Älvsbyn,Eda,352,225,Avståndet mellan Älvsbyn och Eda är 352 km och Karl-Johan Gyllenstorm beräknade körtiden till cirka 225 minuter.,<url><loc>https://pendlings-app1.t-767929534-cloudflare.workers.dev/?fran=Älvsbyn&amp;till=Eda</loc><changefreq>monthly</changefreq></url>
Berg,Södertälje,1249,834,Avståndet mellan Berg och Södertälje är 1249 km och Karl-Johan Gyllenstorm beräknade körtiden till cirka 834 minuter.,<url><loc>https://pendlings-app1.t-767929534-cloudflare.workers.dev/?fran=Berg&amp;till=Södertälje</loc><changefreq>monthly</changefreq></url>
Svenljunga,Mörbylånga,873,658,Avståndet mellan Svenljunga och Mörbylånga är 873 km och Karl-Johan Gyllenstorm beräknade körtiden till cirka 658 minuter.,<url><loc>https://pendlings-app1.t-767929534-cloudflare.workers.dev/?fran=Svenljunga&amp;till=Mörbylånga</loc><changefreq>monthly</changefreq></url>
Sävsjö,Sandviken,403,288,Avståndet mellan Sävsjö och Sandviken är 403 km och Karl-Johan Gyllenstorm beräknade körtiden till cirka 288 minuter.,<url><loc>https://pendlings-app1.t-767929534-cloudflare.workers.dev/?fran=Sävsjö&amp;till=Sandviken</loc><changefreq>monthly</changefreq></url>
Kramfors,Degerfors,1044,741,Avståndet mellan Kramfors och Degerfors är 1044 km och Karl-Johan Gyllenstorm beräknade körtiden till cirka 741 minuter.,<url><loc>https://pendlings-app1.t-767929534-cloudflare.workers.dev/?fran=Kramfors&amp;till=Degerfors</loc><changefreq>monthly</changefreq></url>
Ystad,Skurup,374,287,Avståndet mellan Ystad och Skurup är 374 km och Karl-Johan Gyllenstorm beräknade körtiden till cirka 287 minuter.,<url><loc>https://pendlings-app1.t-767929534-cloudflare.workers.dev/?fran=Ystad&amp;till=Skurup</loc><changefreq>monthly</changefreq></url>
Mellerud,Höganäs,759,527,Avståndet mellan Mellerud och Höganäs är 759 km och Karl-Johan Gyllenstorm beräknade körtiden till cirka 527 minuter.,<url><loc>https://pendlings-app1.t-767929534-cloudflare.workers.dev/?fran=Mellerud&amp;till=Höganäs</loc><changefreq>monthly</changefreq></url>
Ljusdal,Mellerud,60,43,Avståndet mellan Ljusdal och Mellerud är 60 km och Karl-Johan Gyllenstorm beräknade körtiden till cirka 43 minuter.,<url><loc>https://pendlings-app1.t-767929534-cloudflare.workers.dev/?fran=Ljusdal&amp;till=Mellerud</loc><changefreq>monthly</changefreq></url>
Töreboda,Västerås,842,616,Avståndet mellan Töreboda och Västerås är 842 km och Karl-Johan Gyllenstorm beräknade körtiden till cirka 616 minuter.,<url><loc>https://pendlings-app1.t-767929534-cloudflare.workers.dev/?fran=Töreboda&amp;till=Västerås</loc><changefreq>monthly</changefreq></url>
Berg,Mora,196,151,Avståndet mellan Berg och Mora är 196 km och Karl-Johan Gyllenstorm beräknade körtiden till cirka 151 minuter.,<url><loc>https://pendlings-app1.t-767929534-cloudflare.workers.dev/?fran=Berg&amp;till=Mora</loc><changefreq>monthly</changefreq></url>
Kristianstad,Borgholm,1263,976,Avståndet mellan Kristianstad och Borgholm är 1263 km och Karl-Johan Gyllenstorm beräknade körtiden till cirka 976 minuter.,<url><loc>https://pendlings-app1.t-767929534-cloudflare.workers.dev/?fran=Kristianstad&amp;till=Borgholm</loc><changefreq>monthly</changefreq></url>
Hörby,Enköping,1364,993,Avståndet mellan Hörby och Enköping är 1364 km och Karl-Johan Gyllenstorm beräknade körtiden till cirka 993 minuter.,<url><loc>https://pendlings-app1.t-767929534-cloudflare.workers.dev/?fran=Hörby&amp;till=Enköping</loc><changefreq>monthly</changefreq></url>
Östhammar,Perstorp,347,267,Avståndet mellan Östhammar och Perstorp är 347 km och Karl-Johan Gyllenstorm beräknade körtiden till cirka 267 minuter.,<url><loc>https://pendlings-app1.t-767929534-cloudflare.workers.dev/?fran=Östhammar&amp;till=Perstorp</loc><changefreq>monthly</changefreq></url>
Värnamo,Forshaga,610,473,Avståndet mellan Värnamo och Forshaga är 610 km och Karl-Johan Gyllenstorm beräknade körtiden till cirka 473 minuter.,<url><loc>https://pendlings-app1.t-767929534-cloudflare.workers.dev/?fran=Värnamo&amp;till=Forshaga</loc><changefreq>monthly</changefreq></url>
Nordanstig,Alingsås,685,440,Avståndet mellan Nordanstig och Alingsås är 685 km och Karl-Johan Gyllenstorm beräknade körtiden till cirka 440 minuter.,<url><loc>https://pendlings-app1.t-767929534-cloudflare.workers.dev/?fran=Nordanstig&amp;till=Alingsås</loc><changefreq>monthly</changefreq></url>
Finspång,Huddinge,865,654,Avståndet mellan Finspång och Huddinge är 865 km och Karl-Johan Gyllenstorm beräknade körtiden till cirka 654 minuter.,<url><loc>https://pendlings-app1.t-767929534-cloudflare.workers.dev/?fran=Finspång&amp;till=Huddinge</loc><changefreq>monthly</changefreq></url>
Höganäs,Strömsund,335,231,Avståndet mellan Höganäs och Strömsund är 335 km och Karl-Johan Gyllenstorm beräknade körtiden till cirka 231 minuter.,<url><loc>https://pendlings-app1.t-767929534-cloudflare.workers.dev/?fran=Höganäs&amp;till=Strömsund</loc><changefreq>monthly</changefreq></url>
Söderköping,Skara,671,447,Avståndet mellan Söderköping och Skara är 671 km och Karl-Johan Gyllenstorm beräknade körtiden till cirka 447 minuter.,<url><loc>https://pendlings-app1.t-767929534-cloudflare.workers.dev/?fran=Söderköping&amp;till=Skara</loc><changefreq>monthly</changefreq></url>
Norberg,Nordanstig,1216,879,Avståndet mellan Norberg och Nordanstig är 1216 km och Karl-Johan Gyllenstorm beräknade körtiden till cirka 879 minuter.,<url><loc>https://pendlings-app1.t-767929534-cloudflare.workers.dev/?fran=Norberg&amp;till=Nordanstig</loc><changefreq>monthly</changefreq></url>
Aneby,Hemse,917,689,Avståndet mellan Aneby och Hemse är 917 km och Karl-Johan Gyllenstorm beräknade körtiden till cirka 689 minuter.,<url><loc>https://pendlings-app1.t-767929534-cloudflare.workers.dev/?fran=Aneby&amp;till=Hemse</loc><changefreq>monthly</changefreq></url>
Bjuv,Luleå,1393,935,Avståndet mellan Bjuv och Luleå är 1393 km och Karl-Johan Gyllenstorm beräknade körtiden till cirka 935 minuter.,<url><loc>https://pendlings-app1.t-767929534-cloudflare.workers.dev/?fran=Bjuv&amp;till=Luleå</loc><changefreq>monthly</changefreq></url>
Mönsterås,Skövde,340,232,Avståndet mellan Mönsterås och Skövde är 340 km och Karl-Johan Gyllenstorm beräknade körtiden till cirka 232 minuter.,<url><loc>https://pendlings-app1.t-767929534-cloudflare.workers.dev/?fran=Mönsterås&amp;till=Skövde</loc><changefreq>monthly</changefreq></url>
Bromölla,Bollebygd,377,247,Avståndet mellan Bromölla och Bollebygd är 377 km och Karl-Johan Gyllenstorm beräknade körtiden till cirka 247 minuter.,<url><loc>https://pendlings-app1.t-767929534-cloudflare.workers.dev/?fran=Bromölla&amp;till=Bollebygd</loc><changefreq>monthly</changefreq></url>
Östhammar,Alingsås,632,430,Avståndet mellan Östhammar och Alingsås är 632 km och Karl-Johan Gyllenstorm beräknade körtiden till cirka 430 minuter.,<url><loc>https://pendlings-app1.t-767929534-cloudflare.workers.dev/?fran=Östhammar&amp;till=Alingsås</loc><changefreq>monthly</changefreq></url>
Gävle,Karlskrona,393,311,Avståndet mellan Gävle och Karlskrona är 393 km och Karl-Johan Gyllenstorm beräknade körtiden till cirka 311 minuter.,<url><loc>https://pendlings-app1.t-767929534-cloudflare.workers.dev/?fran=Gävle&amp;till=Karlskrona</loc><changefreq>monthly</changefreq></url>
Hedemora,Västerås,797,625,Avståndet mellan Hedemora och Västerås är 797 km och Karl-Johan Gyllenstorm beräknade körtiden till cirka 625 minuter.,<url><loc>https://pendlings-app1.t-767929534-cloudflare.workers.dev/?fran=Hedemora&amp;till=Västerås</loc><changefreq>monthly</changefreq></url>
Hjo,Lomma,1383,1035,Avståndet mellan Hjo och Lomma är 1383 km och Karl-Johan Gyllenstorm beräknade körtiden till cirka 1035 minuter.,<url><loc>https://pendlings-app1.t-767929534-cloudflare.workers.dev/?fran=Hjo&amp;till=Lomma</loc><changefreq>monthly</changefreq></url>
Huddinge,Orsa,1078,856,Avståndet mellan Huddinge och Orsa är 1078 km och Karl-Johan Gyllenstorm beräknade körtiden till cirka 856 minuter.,<url><loc>https://pendlings-app1.t-767929534-cloudflare.workers.dev/?fran=Huddinge&amp;till=Orsa</loc><changefreq>monthly</changefreq></url>
Söderhamn,Norsjö,1394,972,Avståndet mellan Söderhamn och Norsjö är 1394 km och Karl-Johan Gyllenstorm beräknade körtiden till cirka 972 minuter.,<url><loc>https://pendlings-app1.t-767929534-cloudflare.workers.dev/?fran=Söderhamn&amp;till=Norsjö</loc><changefreq>monthly</changefreq></url>
Årjäng,Hedemora,223,170,Avståndet mellan Årjäng och Hedemora är 223 km och Karl-Johan Gyllenstorm beräknade körtiden till cirka 170 minuter.,<url><loc>https://pendlings-app1.t-767929534-cloudflare.workers.dev/?fran=Årjäng&amp;till=Hedemora</loc><changefreq>monthly</changefreq></url>
Ulricehamn,Överkalix,244,184,Avståndet mellan Ulricehamn och Överkalix är 244 km och Karl-Johan Gyllenstorm beräknade körtiden till cirka 184 minuter.,<url><loc>https://pendlings-app1.t-767929534-cloudflare.workers.dev/?fran=Ulricehamn&amp;till=Överkalix</loc><changefreq>monthly</changefreq></url>
Hagfors,Säffle,1127,750,Avståndet mellan Hagfors och Säffle är 1127 km och Karl-Johan Gyllenstorm beräknade körtiden till cirka 750 minuter.,<url><loc>https://pendlings-app1.t-767929534-cloudflare.workers.dev/?fran=Hagfors&amp;till=Säffle</loc><changefreq>monthly</changefreq></url>
Färgelanda,Sjöbo,107,85,Avståndet mellan Färgelanda och Sjöbo är 107 km och Karl-Johan Gyllenstorm beräknade körtiden till cirka 85 minuter.,<url><loc>https://pendlings-app1.t-767929534-cloudflare.workers.dev/?fran=Färgelanda&amp;till=Sjöbo</loc><changefreq>monthly</changefreq></url>
Ed,Hörby,1200,840,Avståndet mellan Ed och Hörby är 1200 km och Karl-Johan Gyllenstorm beräknade körtiden till cirka 840 minuter.,<url><loc>https://pendlings-app1.t-767929534-cloudflare.workers.dev/?fran=Ed&amp;till=Hörby</loc><changefreq>monthly</changefreq></url>
Färjestaden,Hallsberg,484,326,Avståndet mellan Färjestaden och Hallsberg är 484 km och Karl-Johan Gyllenstorm beräknade körtiden till cirka 326 minuter.,<url><loc>https://pendlings-app1.t-767929534-cloudflare.workers.dev/?fran=Färjestaden&amp;till=Hallsberg</loc><changefreq>monthly</changefreq></url>
Åsele,Lekeberg,346,272,Avståndet mellan Åsele och Lekeberg är 346 km och Karl-Johan Gyllenstorm beräknade körtiden till cirka 272 minuter.,<url><loc>https://pendlings-app1.t-767929534-cloudflare.workers.dev/?fran=Åsele&amp;till=Lekeberg</loc><changefreq>monthly</changefreq></url>
Färgelanda,Ronehamn,1340,1049,Avståndet mellan Färgelanda och Ronehamn är 1340 km och Karl-Johan Gyllenstorm beräknade körtiden till cirka 1049 minuter.,<url><loc>https://pendlings-app1.t-767929534-cloudflare.workers.dev/?fran=Färgelanda&amp;till=Ronehamn</loc><changefreq>monthly</changefreq></url>
Nordanstig,Håbo,335,261,Avståndet mellan Nordanstig och Håbo är 335 km och Karl-Johan Gyllenstorm beräknade körtiden till cirka 261 minuter.,<url><loc>https://pendlings-app1.t-767929534-cloudflare.workers.dev/?fran=Nordanstig&amp;till=Håbo</loc><changefreq>monthly</changefreq></url>
Östra Göinge,Trelleborg,379,251,Avståndet mellan Östra Göinge och Trelleborg är 379 km och Karl-Johan Gyllenstorm beräknade körtiden till cirka 251 minuter.,<url><loc>https://pendlings-app1.t-767929534-cloudflare.workers.dev/?fran=Östra Göinge&amp;till=Trelleborg</loc><changefreq>monthly</changefreq></url>
Norsjö,Slite,787,525,Avståndet mellan Norsjö och Slite är 787 km och Karl-Johan Gyllenstorm beräknade körtiden till cirka 525 minuter.,<url><loc>https://pendlings-app1.t-767929534-cloudflare.workers.dev/?fran=Norsjö&amp;till=Slite</loc><changefreq>monthly</changefreq></url>
Arboga,Munkedal,1072,729,Avståndet mellan Arboga och Munkedal är 1072 km och Karl-Johan Gyllenstorm beräknade körtiden till cirka 729 minuter.,<url><loc>https://pendlings-app1.t-767929534-cloudflare.workers.dev/?fran=Arboga&amp;till=Munkedal</loc><changefreq>monthly</changefreq></url>
Åtvidaberg,Smedjebacken,255,171,Avståndet mellan Åtvidaberg och Smedjebacken är 255 km och Karl-Johan Gyllenstorm beräknade körtiden till cirka 171 minuter.,<url><loc>https://pendlings-app1.t-767929534-cloudflare.workers.dev/?fran=Åtvidaberg&amp;till=Smedjebacken</loc><changefreq>monthly</changefreq></url>
Smedjebacken,Osby,1127,866,Avståndet mellan Smedjebacken och Osby är 1127 km och Karl-Johan Gyllenstorm beräknade körtiden till cirka 866 minuter.,<url><loc>https://pendlings-app1.t-767929534-cloudflare.workers.dev/?fran=Smedjebacken&amp;till=Osby</loc><changefreq>monthly</changefreq></url>
Motala,Årjäng,916,640,Avståndet mellan Motala och Årjäng är 916 km och Karl-Johan Gyllenstorm beräknade körtiden till cirka 640 minuter.,<url><loc>https://pendlings-app1.t-767929534-cloudflare.workers.dev/?fran=Motala&amp;till=Årjäng</loc><changefreq>monthly</changefreq></url>
Örebro,Lärbro,1122,792,Avståndet mellan Örebro och Lärbro är 1122 km och Karl-Johan Gyllenstorm beräknade körtiden till cirka 792 minuter.,<url><loc>https://pendlings-app1.t-767929534-cloudflare.workers.dev/?fran=Örebro&amp;till=Lärbro</loc><changefreq>monthly</changefreq></url>
Nybro,Ludvika,847,628,Avståndet mellan Nybro och Ludvika är 847 km och Karl-Johan Gyllenstorm beräknade körtiden till cirka 628 minuter.,<url><loc>https://pendlings-app1.t-767929534-cloudflare.workers.dev/?fran=Nybro&amp;till=Ludvika</loc><changefreq>monthly</changefreq></url>
Karlskrona,Helsingborg,42,33,Avståndet mellan Karlskrona och Helsingborg är 42 km och Karl-Johan Gyllenstorm beräknade körtiden till cirka 33 minuter.,<url><loc>https://pendlings-app1.t-767929534-cloudflare.workers.dev/?fran=Karlskrona&amp;till=Helsingborg</loc><changefreq>monthly</changefreq></url>
Ängelholm,Kalmar,1218,947,Avståndet mellan Ängelholm och Kalmar är 1218 km och Karl-Johan Gyllenstorm beräknade körtiden till cirka 947 minuter.,<url><loc>https://pendlings-app1.t-767929534-cloudflare.workers.dev/?fran=Ängelholm&amp;till=Kalmar</loc><changefreq>monthly</changefreq></url>
Bromölla,Gnestad,694,519,Avståndet mellan Bromölla och Gnestad är 694 km och Karl-Johan Gyllenstorm beräknade körtiden till cirka 519 minuter.,<url><loc>https://pendlings-app1.t-767929534-cloudflare.workers.dev/?fran=Bromölla&amp;till=Gnestad</loc><changefreq>monthly</changefreq></url>
Munkedal,Ronehamn,1125,886,Avståndet mellan Munkedal och Ronehamn är 1125 km och Karl-Johan Gyllenstorm beräknade körtiden till cirka 886 minuter.,<url><loc>https://pendlings-app1.t-767929534-cloudflare.workers.dev/?fran=Munkedal&amp;till=Ronehamn</loc><changefreq>monthly</changefreq></url>
Askersund,Oskarshamn,658,417,Avståndet mellan Askersund och Oskarshamn är 658 km och Karl-Johan Gyllenstorm beräknade körtiden till cirka 417 minuter.,<url><loc>https://pendlings-app1.t-767929534-cloudflare.workers.dev/?fran=Askersund&amp;till=Oskarshamn</loc><changefreq>monthly</changefreq></url>
Lycksele,Gagnef,298,195,Avståndet mellan Lycksele och Gagnef är 298 km och Karl-Johan Gyllenstorm beräknade körtiden till cirka 195 minuter.,<url><loc>https://pendlings-app1.t-767929534-cloudflare.workers.dev/?fran=Lycksele&amp;till=Gagnef</loc><changefreq>monthly</changefreq></url>
Hultsfred,Leksand,1404,1123,Avståndet mellan Hultsfred och Leksand är 1404 km och Karl-Johan Gyllenstorm beräknade körtiden till cirka 1123 minuter.,<url><loc>https://pendlings-app1.t-767929534-cloudflare.workers.dev/?fran=Hultsfred&amp;till=Leksand</loc><changefreq>monthly</changefreq></url>
Ludvika,Roma,820,626,Avståndet mellan Ludvika och Roma är 820 km och Karl-Johan Gyllenstorm beräknade körtiden till cirka 626 minuter.,<url><loc>https://pendlings-app1.t-767929534-cloudflare.workers.dev/?fran=Ludvika&amp;till=Roma</loc><changefreq>monthly</changefreq></url>
Kalmar,Värnamo,1054,678,Avståndet mellan Kalmar och Värnamo är 1054 km och Karl-Johan Gyllenstorm beräknade körtiden till cirka 678 minuter.,<url><loc>https://pendlings-app1.t-767929534-cloudflare.workers.dev/?fran=Kalmar&amp;till=Värnamo</loc><changefreq>monthly</changefreq></url>
Gnosjö,Eksjö,1044,747,Avståndet mellan Gnosjö och Eksjö är 1044 km och Karl-Johan Gyllenstorm beräknade körtiden till cirka 747 minuter.,<url><loc>https://pendlings-app1.t-767929534-cloudflare.workers.dev/?fran=Gnosjö&amp;till=Eksjö</loc><changefreq>monthly</changefreq></url>
Nora,Lund,1099,779,Avståndet mellan Nora och Lund är 1099 km och Karl-Johan Gyllenstorm beräknade körtiden till cirka 779 minuter.,<url><loc>https://pendlings-app1.t-767929534-cloudflare.workers.dev/?fran=Nora&amp;till=Lund</loc><changefreq>monthly</changefreq></url>
Åmål,Klintehamn,667,469,Avståndet mellan Åmål och Klintehamn är 667 km och Karl-Johan Gyllenstorm beräknade körtiden till cirka 469 minuter.,<url><loc>https://pendlings-app1.t-767929534-cloudflare.workers.dev/?fran=Åmål&amp;till=Klintehamn</loc><changefreq>monthly</changefreq></url>
Rättvik,Forshaga,819,560,Avståndet mellan Rättvik och Forshaga är 819 km och Karl-Johan Gyllenstorm beräknade körtiden till cirka 560 minuter.,<url><loc>https://pendlings-app1.t-767929534-cloudflare.workers.dev/?fran=Rättvik&amp;till=Forshaga</loc><changefreq>monthly</changefreq></url>
Ånge,Haparanda,602,385,Avståndet mellan Ånge och Haparanda är 602 km och Karl-Johan Gyllenstorm beräknade körtiden till cirka 385 minuter.,<url><loc>https://pendlings-app1.t-767929534-cloudflare.workers.dev/?fran=Ånge&amp;till=Haparanda</loc><changefreq>monthly</changefreq></url>
Sundsvall,Sala,842,561,Avståndet mellan Sundsvall och Sala är 842 km och Karl-Johan Gyllenstorm beräknade körtiden till cirka 561 minuter.,<url><loc>https://pendlings-app1.t-767929534-cloudflare.workers.dev/?fran=Sundsvall&amp;till=Sala</loc><changefreq>monthly</changefreq></url>
Dorotea,Bräcke,268,185,Avståndet mellan Dorotea och Bräcke är 268 km och Karl-Johan Gyllenstorm beräknade körtiden till cirka 185 minuter.,<url><loc>https://pendlings-app1.t-767929534-cloudflare.workers.dev/?fran=Dorotea&amp;till=Bräcke</loc><changefreq>monthly</changefreq></url>
Uddevalla,Kristianstad,289,219,Avståndet mellan Uddevalla och Kristianstad är 289 km och Karl-Johan Gyllenstorm beräknade körtiden till cirka 219 minuter.,<url><loc>https://pendlings-app1.t-767929534-cloudflare.workers.dev/?fran=Uddevalla&amp;till=Kristianstad</loc><changefreq>monthly</changefreq></url>
Essunga,Eslöv,1373,1048,Avståndet mellan Essunga och Eslöv är 1373 km och Karl-Johan Gyllenstorm beräknade körtiden till cirka 1048 minuter.,<url><loc>https://pendlings-app1.t-767929534-cloudflare.workers.dev/?fran=Essunga&amp;till=Eslöv</loc><changefreq>monthly</changefreq></url>
Aneby,Kalix,1275,983,Avståndet mellan Aneby och Kalix är 1275 km och Karl-Johan Gyllenstorm beräknade körtiden till cirka 983 minuter.,<url><loc>https://pendlings-app1.t-767929534-cloudflare.workers.dev/?fran=Aneby&amp;till=Kalix</loc><changefreq>monthly</changefreq></url>
Essunga,Skövde,918,604,Avståndet mellan Essunga och Skövde är 918 km och Karl-Johan Gyllenstorm beräknade körtiden till cirka 604 minuter.,<url><loc>https://pendlings-app1.t-767929534-cloudflare.workers.dev/?fran=Essunga&amp;till=Skövde</loc><changefreq>monthly</changefreq></url>
Överkalix,Grästorp,391,307,Avståndet mellan Överkalix och Grästorp är 391 km och Karl-Johan Gyllenstorm beräknade körtiden till cirka 307 minuter.,<url><loc>https://pendlings-app1.t-767929534-cloudflare.workers.dev/?fran=Överkalix&amp;till=Grästorp</loc><changefreq>monthly</changefreq></url>
Havdhem,Västerås,399,318,Avståndet mellan Havdhem och Västerås är 399 km och Karl-Johan Gyllenstorm beräknade körtiden till cirka 318 minuter.,<url><loc>https://pendlings-app1.t-767929534-cloudflare.workers.dev/?fran=Havdhem&amp;till=Västerås</loc><changefreq>monthly</changefreq></url>
Hudiksvall,Härjedalen,1438,1131,Avståndet mellan Hudiksvall och Härjedalen är 1438 km och Karl-Johan Gyllenstorm beräknade körtiden till cirka 1131 minuter.,<url><loc>https://pendlings-app1.t-767929534-cloudflare.workers.dev/?fran=Hudiksvall&amp;till=Härjedalen</loc><changefreq>monthly</changefreq></url>
Färjestaden,Strängnäs,607,465,Avståndet mellan Färjestaden och Strängnäs är 607 km och Karl-Johan Gyllenstorm beräknade körtiden till cirka 465 minuter.,<url><loc>https://pendlings-app1.t-767929534-cloudflare.workers.dev/?fran=Färjestaden&amp;till=Strängnäs</loc><changefreq>monthly</changefreq></url>
Borgholm,Lomma,543,380,Avståndet mellan Borgholm och Lomma är 543 km och Karl-Johan Gyllenstorm beräknade körtiden till cirka 380 minuter.,<url><loc>https://pendlings-app1.t-767929534-cloudflare.workers.dev/?fran=Borgholm&amp;till=Lomma</loc><changefreq>monthly</changefreq></url>
Tranemo,Svedala,255,190,Avståndet mellan Tranemo och Svedala är 255 km och Karl-Johan Gyllenstorm beräknade körtiden till cirka 190 minuter.,<url><loc>https://pendlings-app1.t-767929534-cloudflare.workers.dev/?fran=Tranemo&amp;till=Svedala</loc><changefreq>monthly</changefreq></url>
Charlottenberg,Tomelilla,1019,652,Avståndet mellan Charlottenberg och Tomelilla är 1019 km och Karl-Johan Gyllenstorm beräknade körtiden till cirka 652 minuter.,<url><loc>https://pendlings-app1.t-767929534-cloudflare.workers.dev/?fran=Charlottenberg&amp;till=Tomelilla</loc><changefreq>monthly</changefreq></url>
Karlskrona,Landskrona,1188,788,Avståndet mellan Karlskrona och Landskrona är 1188 km och Karl-Johan Gyllenstorm beräknade körtiden till cirka 788 minuter.,<url><loc>https://pendlings-app1.t-767929534-cloudflare.workers.dev/?fran=Karlskrona&amp;till=Landskrona</loc><changefreq>monthly</changefreq></url>
Gnestad,Huddinge,254,198,Avståndet mellan Gnestad och Huddinge är 254 km och Karl-Johan Gyllenstorm beräknade körtiden till cirka 198 minuter.,<url><loc>https://pendlings-app1.t-767929534-cloudflare.workers.dev/?fran=Gnestad&amp;till=Huddinge</loc><changefreq>monthly</changefreq></url>
Mjölby,Svalöv,1284,918,Avståndet mellan Mjölby och Svalöv är 1284 km och Karl-Johan Gyllenstorm beräknade körtiden till cirka 918 minuter.,<url><loc>https://pendlings-app1.t-767929534-cloudflare.workers.dev/?fran=Mjölby&amp;till=Svalöv</loc><changefreq>monthly</changefreq></url>
Växjö,Ronehamn,857,593,Avståndet mellan Växjö och Ronehamn är 857 km och Karl-Johan Gyllenstorm beräknade körtiden till cirka 593 minuter.,<url><loc>https://pendlings-app1.t-767929534-cloudflare.workers.dev/?fran=Växjö&amp;till=Ronehamn</loc><changefreq>monthly</changefreq></url>
Mörbylånga,Lund,1241,788,Avståndet mellan Mörbylånga och Lund är 1241 km och Karl-Johan Gyllenstorm beräknade körtiden till cirka 788 minuter.,<url><loc>https://pendlings-app1.t-767929534-cloudflare.workers.dev/?fran=Mörbylånga&amp;till=Lund</loc><changefreq>monthly</changefreq></url>
Stånga,Ödeshög,593,411,Avståndet mellan Stånga och Ödeshög är 593 km och Karl-Johan Gyllenstorm beräknade körtiden till cirka 411 minuter.,<url><loc>https://pendlings-app1.t-767929534-cloudflare.workers.dev/?fran=Stånga&amp;till=Ödeshög</loc><changefreq>monthly</changefreq></url>
Tomelilla,Sundsvall,1103,860,Avståndet mellan Tomelilla och Sundsvall är 1103 km och Karl-Johan Gyllenstorm beräknade körtiden till cirka 860 minuter.,<url><loc>https://pendlings-app1.t-767929534-cloudflare.workers.dev/?fran=Tomelilla&amp;till=Sundsvall</loc><changefreq>monthly</changefreq></url>
Västervik,Hallsberg,354,249,Avståndet mellan Västervik och Hallsberg är 354 km och Karl-Johan Gyllenstorm beräknade körtiden till cirka 249 minuter.,<url><loc>https://pendlings-app1.t-767929534-cloudflare.workers.dev/?fran=Västervik&amp;till=Hallsberg</loc><changefreq>monthly</changefreq></url>
Grästorp,Älvdalen,432,336,Avståndet mellan Grästorp och Älvdalen är 432 km och Karl-Johan Gyllenstorm beräknade körtiden till cirka 336 minuter.,<url><loc>https://pendlings-app1.t-767929534-cloudflare.workers.dev/?fran=Grästorp&amp;till=Älvdalen</loc><changefreq>monthly</changefreq></url>
Vetlanda,Mullsjö,1150,915,Avståndet mellan Vetlanda och Mullsjö är 1150 km och Karl-Johan Gyllenstorm beräknade körtiden till cirka 915 minuter.,<url><loc>https://pendlings-app1.t-767929534-cloudflare.workers.dev/?fran=Vetlanda&amp;till=Mullsjö</loc><changefreq>monthly</changefreq></url>
Visby,Kramfors,474,307,Avståndet mellan Visby och Kramfors är 474 km och Karl-Johan Gyllenstorm beräknade körtiden till cirka 307 minuter.,<url><loc>https://pendlings-app1.t-767929534-cloudflare.workers.dev/?fran=Visby&amp;till=Kramfors</loc><changefreq>monthly</changefreq></url>
Örkelljunga,Tranås,889,641,Avståndet mellan Örkelljunga och Tranås är 889 km och Karl-Johan Gyllenstorm beräknade körtiden till cirka 641 minuter.,<url><loc>https://pendlings-app1.t-767929534-cloudflare.workers.dev/?fran=Örkelljunga&amp;till=Tranås</loc><changefreq>monthly</changefreq></url>
Gullspång,Habon,1434,957,Avståndet mellan Gullspång och Habon är 1434 km och Karl-Johan Gyllenstorm beräknade körtiden till cirka 957 minuter.,<url><loc>https://pendlings-app1.t-767929534-cloudflare.workers.dev/?fran=Gullspång&amp;till=Habon</loc><changefreq>monthly</changefreq></url>
Kumla,Tierp,29,23,Avståndet mellan Kumla och Tierp är 29 km och Karl-Johan Gyllenstorm beräknade körtiden till cirka 23 minuter.,<url><loc>https://pendlings-app1.t-767929534-cloudflare.workers.dev/?fran=Kumla&amp;till=Tierp</loc><changefreq>monthly</changefreq></url>
Svedala,Göteborg,737,472,Avståndet mellan Svedala och Göteborg är 737 km och Karl-Johan Gyllenstorm beräknade körtiden till cirka 472 minuter.,<url><loc>https://pendlings-app1.t-767929534-cloudflare.workers.dev/?fran=Svedala&amp;till=Göteborg</loc><changefreq>monthly</changefreq></url>
Fagersta,Ljusdal,355,248,Avståndet mellan Fagersta och Ljusdal är 355 km och Karl-Johan Gyllenstorm beräknade körtiden till cirka 248 minuter.,<url><loc>https://pendlings-app1.t-767929534-cloudflare.workers.dev/?fran=Fagersta&amp;till=Ljusdal</loc><changefreq>monthly</changefreq></url>
Nyköping,Vansbro,421,294,Avståndet mellan Nyköping och Vansbro är 421 km och Karl-Johan Gyllenstorm beräknade körtiden till cirka 294 minuter.,<url><loc>https://pendlings-app1.t-767929534-cloudflare.workers.dev/?fran=Nyköping&amp;till=Vansbro</loc><changefreq>monthly</changefreq></url>
Sävsjö,Lidköping,411,267,Avståndet mellan Sävsjö och Lidköping är 411 km och Karl-Johan Gyllenstorm beräknade körtiden till cirka 267 minuter.,<url><loc>https://pendlings-app1.t-767929534-cloudflare.workers.dev/?fran=Sävsjö&amp;till=Lidköping</loc><changefreq>monthly</changefreq></url>
Osby,Lycksele,32,24,Avståndet mellan Osby och Lycksele är 32 km och Karl-Johan Gyllenstorm beräknade körtiden till cirka 24 minuter.,<url><loc>https://pendlings-app1.t-767929534-cloudflare.workers.dev/?fran=Osby&amp;till=Lycksele</loc><changefreq>monthly</changefreq></url>
Knivsta,Degerfors,120,88,Avståndet mellan Knivsta och Degerfors är 120 km och Karl-Johan Gyllenstorm beräknade körtiden till cirka 88 minuter.,<url><loc>https://pendlings-app1.t-767929534-cloudflare.workers.dev/?fran=Knivsta&amp;till=Degerfors</loc><changefreq>monthly</changefreq></url>
Kristinehamn,Herrljunga,392,293,Avståndet mellan Kristinehamn och Herrljunga är 392 km och Karl-Johan Gyllenstorm beräknade körtiden till cirka 293 minuter.,<url><loc>https://pendlings-app1.t-767929534-cloudflare.workers.dev/?fran=Kristinehamn&amp;till=Herrljunga</loc><changefreq>monthly</changefreq></url>
Älvkarleby,Tierp,1109,716,Avståndet mellan Älvkarleby och Tierp är 1109 km och Karl-Johan Gyllenstorm beräknade körtiden till cirka 716 minuter.,<url><loc>https://pendlings-app1.t-767929534-cloudflare.workers.dev/?fran=Älvkarleby&amp;till=Tierp</loc><changefreq>monthly</changefreq></url>
Sala,Eslöv,1151,774,Avståndet mellan Sala och Eslöv är 1151 km och Karl-Johan Gyllenstorm beräknade körtiden till cirka 774 minuter.,<url><loc>https://pendlings-app1.t-767929534-cloudflare.workers.dev/?fran=Sala&amp;till=Eslöv</loc><changefreq>monthly</changefreq></url>
Höör,Göteborg,752,524,Avståndet mellan Höör och Göteborg är 752 km och Karl-Johan Gyllenstorm beräknade körtiden till cirka 524 minuter.,<url><loc>https://pendlings-app1.t-767929534-cloudflare.workers.dev/?fran=Höör&amp;till=Göteborg</loc><changefreq>monthly</changefreq></url>
Sala,Skövde,356,228,Avståndet mellan Sala och Skövde är 356 km och Karl-Johan Gyllenstorm beräknade körtiden till cirka 228 minuter.,<url><loc>https://pendlings-app1.t-767929534-cloudflare.workers.dev/?fran=Sala&amp;till=Skövde</loc><changefreq>monthly</changefreq></url>
Täby,Askersund,1286,984,Avståndet mellan Täby och Askersund är 1286 km och Karl-Johan Gyllenstorm beräknade körtiden till cirka 984 minuter.,<url><loc>https://pendlings-app1.t-767929534-cloudflare.workers.dev/?fran=Täby&amp;till=Askersund</loc><changefreq>monthly</changefreq></url>
Grästorp,Älvkarleby,1181,784,Avståndet mellan Grästorp och Älvkarleby är 1181 km och Karl-Johan Gyllenstorm beräknade körtiden till cirka 784 minuter.,<url><loc>https://pendlings-app1.t-767929534-cloudflare.workers.dev/?fran=Grästorp&amp;till=Älvkarleby</loc><changefreq>monthly</changefreq></url>
Göteborg,Torsby,152,120,Avståndet mellan Göteborg och Torsby är 152 km och Karl-Johan Gyllenstorm beräknade körtiden till cirka 120 minuter.,<url><loc>https://pendlings-app1.t-767929534-cloudflare.workers.dev/?fran=Göteborg&amp;till=Torsby</loc><changefreq>monthly</changefreq></url>
Norsjö,Nybro,840,588,Avståndet mellan Norsjö och Nybro är 840 km och Karl-Johan Gyllenstorm beräknade körtiden till cirka 588 minuter.,<url><loc>https://pendlings-app1.t-767929534-cloudflare.workers.dev/?fran=Norsjö&amp;till=Nybro</loc><changefreq>monthly</changefreq></url>
Hässleholm,Gullspång,910,697,Avståndet mellan Hässleholm och Gullspång är 910 km och Karl-Johan Gyllenstorm beräknade körtiden till cirka 697 minuter.,<url><loc>https://pendlings-app1.t-767929534-cloudflare.workers.dev/?fran=Hässleholm&amp;till=Gullspång</loc><changefreq>monthly</changefreq></url>
Örkelljunga,Storfors,961,640,Avståndet mellan Örkelljunga och Storfors är 961 km och Karl-Johan Gyllenstorm beräknade körtiden till cirka 640 minuter.,<url><loc>https://pendlings-app1.t-767929534-cloudflare.workers.dev/?fran=Örkelljunga&amp;till=Storfors</loc><changefreq>monthly</changefreq></url>
Skövde,Tanum,524,341,Avståndet mellan Skövde och Tanum är 524 km och Karl-Johan Gyllenstorm beräknade körtiden till cirka 341 minuter.,<url><loc>https://pendlings-app1.t-767929534-cloudflare.workers.dev/?fran=Skövde&amp;till=Tanum</loc><changefreq>monthly</changefreq></url>
Borås,Hällefor,388,253,Avståndet mellan Borås och Hällefor är 388 km och Karl-Johan Gyllenstorm beräknade körtiden till cirka 253 minuter.,<url><loc>https://pendlings-app1.t-767929534-cloudflare.workers.dev/?fran=Borås&amp;till=Hällefor</loc><changefreq>monthly</changefreq></url>
Mellerud,Malung,448,290,Avståndet mellan Mellerud och Malung är 448 km och Karl-Johan Gyllenstorm beräknade körtiden till cirka 290 minuter.,<url><loc>https://pendlings-app1.t-767929534-cloudflare.workers.dev/?fran=Mellerud&amp;till=Malung</loc><changefreq>monthly</changefreq></url>
Vetlanda,Åmål,1052,724,Avståndet mellan Vetlanda och Åmål är 1052 km och Karl-Johan Gyllenstorm beräknade körtiden till cirka 724 minuter.,<url><loc>https://pendlings-app1.t-767929534-cloudflare.workers.dev/?fran=Vetlanda&amp;till=Åmål</loc><changefreq>monthly</changefreq></url>
Ljusdal,Charlottenberg,814,552,Avståndet mellan Ljusdal och Charlottenberg är 814 km och Karl-Johan Gyllenstorm beräknade körtiden till cirka 552 minuter.,<url><loc>https://pendlings-app1.t-767929534-cloudflare.workers.dev/?fran=Ljusdal&amp;till=Charlottenberg</loc><changefreq>monthly</changefreq></url>
Högsby,Kils,442,334,Avståndet mellan Högsby och Kils är 442 km och Karl-Johan Gyllenstorm beräknade körtiden till cirka 334 minuter.,<url><loc>https://pendlings-app1.t-767929534-cloudflare.workers.dev/?fran=Högsby&amp;till=Kils</loc><changefreq>monthly</changefreq></url>
Ystad,Hällefor,1015,732,Avståndet mellan Ystad och Hällefor är 1015 km och Karl-Johan Gyllenstorm beräknade körtiden till cirka 732 minuter.,<url><loc>https://pendlings-app1.t-767929534-cloudflare.workers.dev/?fran=Ystad&amp;till=Hällefor</loc><changefreq>monthly</changefreq></url>
Helsingborg,Aneby,195,137,Avståndet mellan Helsingborg och Aneby är 195 km och Karl-Johan Gyllenstorm beräknade körtiden till cirka 137 minuter.,<url><loc>https://pendlings-app1.t-767929534-cloudflare.workers.dev/?fran=Helsingborg&amp;till=Aneby</loc><changefreq>monthly</changefreq></url>
Visby,Åre,1325,1029,Avståndet mellan Visby och Åre är 1325 km och Karl-Johan Gyllenstorm beräknade körtiden till cirka 1029 minuter.,<url><loc>https://pendlings-app1.t-767929534-cloudflare.workers.dev/?fran=Visby&amp;till=Åre</loc><changefreq>monthly</changefreq></url>
Kumla,Bengtsfors,1317,838,Avståndet mellan Kumla och Bengtsfors är 1317 km och Karl-Johan Gyllenstorm beräknade körtiden till cirka 838 minuter.,<url><loc>https://pendlings-app1.t-767929534-cloudflare.workers.dev/?fran=Kumla&amp;till=Bengtsfors</loc><changefreq>monthly</changefreq></url>
Båstad,Filipstad,849,649,Avståndet mellan Båstad och Filipstad är 849 km och Karl-Johan Gyllenstorm beräknade körtiden till cirka 649 minuter.,<url><loc>https://pendlings-app1.t-767929534-cloudflare.workers.dev/?fran=Båstad&amp;till=Filipstad</loc><changefreq>monthly</changefreq></url>
Överkalix,Lärbro,956,744,Avståndet mellan Överkalix och Lärbro är 956 km och Karl-Johan Gyllenstorm beräknade körtiden till cirka 744 minuter.,<url><loc>https://pendlings-app1.t-767929534-cloudflare.workers.dev/?fran=Överkalix&amp;till=Lärbro</loc><changefreq>monthly</changefreq></url>
Oxelösund,Degerfors,913,637,Avståndet mellan Oxelösund och Degerfors är 913 km och Karl-Johan Gyllenstorm beräknade körtiden till cirka 637 minuter.,<url><loc>https://pendlings-app1.t-767929534-cloudflare.workers.dev/?fran=Oxelösund&amp;till=Degerfors</loc><changefreq>monthly</changefreq></url>
Kungsbacka,Vänersborg,247,198,Avståndet mellan Kungsbacka och Vänersborg är 247 km och Karl-Johan Gyllenstorm beräknade körtiden till cirka 198 minuter.,<url><loc>https://pendlings-app1.t-767929534-cloudflare.workers.dev/?fran=Kungsbacka&amp;till=Vänersborg</loc><changefreq>monthly</changefreq></url>
Oxelösund,Sölvesborg,177,135,Avståndet mellan Oxelösund och Sölvesborg är 177 km och Karl-Johan Gyllenstorm beräknade körtiden till cirka 135 minuter.,<url><loc>https://pendlings-app1.t-767929534-cloudflare.workers.dev/?fran=Oxelösund&amp;till=Sölvesborg</loc><changefreq>monthly</changefreq></url>
Kiruna,Norsjö,1384,976,Avståndet mellan Kiruna och Norsjö är 1384 km och Karl-Johan Gyllenstorm beräknade körtiden till cirka 976 minuter.,<url><loc>https://pendlings-app1.t-767929534-cloudflare.workers.dev/?fran=Kiruna&amp;till=Norsjö</loc><changefreq>monthly</changefreq></url>
Grythyttan,Tingstäde,346,263,Avståndet mellan Grythyttan och Tingstäde är 346 km och Karl-Johan Gyllenstorm beräknade körtiden till cirka 263 minuter.,<url><loc>https://pendlings-app1.t-767929534-cloudflare.workers.dev/?fran=Grythyttan&amp;till=Tingstäde</loc><changefreq>monthly</changefreq></url>
Älvkarleby,Bengtsfors,487,327,Avståndet mellan Älvkarleby och Bengtsfors är 487 km och Karl-Johan Gyllenstorm beräknade körtiden till cirka 327 minuter.,<url><loc>https://pendlings-app1.t-767929534-cloudflare.workers.dev/?fran=Älvkarleby&amp;till=Bengtsfors</loc><changefreq>monthly</changefreq></url>
Kiruna,Ludvika,337,263,Avståndet mellan Kiruna och Ludvika är 337 km och Karl-Johan Gyllenstorm beräknade körtiden till cirka 263 minuter.,<url><loc>https://pendlings-app1.t-767929534-cloudflare.workers.dev/?fran=Kiruna&amp;till=Ludvika</loc><changefreq>monthly</changefreq></url>
Knivsta,Nora,1132,738,Avståndet mellan Knivsta och Nora är 1132 km och Karl-Johan Gyllenstorm beräknade körtiden till cirka 738 minuter.,<url><loc>https://pendlings-app1.t-767929534-cloudflare.workers.dev/?fran=Knivsta&amp;till=Nora</loc><changefreq>monthly</changefreq></url>
Grums,Gimo,483,353,Avståndet mellan Grums och Gimo är 483 km och Karl-Johan Gyllenstorm beräknade körtiden till cirka 353 minuter.,<url><loc>https://pendlings-app1.t-767929534-cloudflare.workers.dev/?fran=Grums&amp;till=Gimo</loc><changefreq>monthly</changefreq></url>
Kalmar,Leksand,407,290,Avståndet mellan Kalmar och Leksand är 407 km och Karl-Johan Gyllenstorm beräknade körtiden till cirka 290 minuter.,<url><loc>https://pendlings-app1.t-767929534-cloudflare.workers.dev/?fran=Kalmar&amp;till=Leksand</loc><changefreq>monthly</changefreq></url>
Jönköping,Tanum,1253,839,Avståndet mellan Jönköping och Tanum är 1253 km och Karl-Johan Gyllenstorm beräknade körtiden till cirka 839 minuter.,<url><loc>https://pendlings-app1.t-767929534-cloudflare.workers.dev/?fran=Jönköping&amp;till=Tanum</loc><changefreq>monthly</changefreq></url>
Sjöbo,Säffle,154,108,Avståndet mellan Sjöbo och Säffle är 154 km och Karl-Johan Gyllenstorm beräknade körtiden till cirka 108 minuter.,<url><loc>https://pendlings-app1.t-767929534-cloudflare.workers.dev/?fran=Sjöbo&amp;till=Säffle</loc><changefreq>monthly</changefreq></url>
Mjölby,Munkfors,691,465,Avståndet mellan Mjölby och Munkfors är 691 km och Karl-Johan Gyllenstorm beräknade körtiden till cirka 465 minuter.,<url><loc>https://pendlings-app1.t-767929534-cloudflare.workers.dev/?fran=Mjölby&amp;till=Munkfors</loc><changefreq>monthly</changefreq></url>
Storfors,Eda,65,47,Avståndet mellan Storfors och Eda är 65 km och Karl-Johan Gyllenstorm beräknade körtiden till cirka 47 minuter.,<url><loc>https://pendlings-app1.t-767929534-cloudflare.workers.dev/?fran=Storfors&amp;till=Eda</loc><changefreq>monthly</changefreq></url>
Klippan,Sorsele,1012,716,Avståndet mellan Klippan och Sorsele är 1012 km och Karl-Johan Gyllenstorm beräknade körtiden till cirka 716 minuter.,<url><loc>https://pendlings-app1.t-767929534-cloudflare.workers.dev/?fran=Klippan&amp;till=Sorsele</loc><changefreq>monthly</changefreq></url>
Sjöbo,Ydre,219,149,Avståndet mellan Sjöbo och Ydre är 219 km och Karl-Johan Gyllenstorm beräknade körtiden till cirka 149 minuter.,<url><loc>https://pendlings-app1.t-767929534-cloudflare.workers.dev/?fran=Sjöbo&amp;till=Ydre</loc><changefreq>monthly</changefreq></url>
Enköping,Tierp,890,593,Avståndet mellan Enköping och Tierp är 890 km och Karl-Johan Gyllenstorm beräknade körtiden till cirka 593 minuter.,<url><loc>https://pendlings-app1.t-767929534-cloudflare.workers.dev/?fran=Enköping&amp;till=Tierp</loc><changefreq>monthly</changefreq></url>
Jokkmokk,Gällivare,783,513,Avståndet mellan Jokkmokk och Gällivare är 783 km och Karl-Johan Gyllenstorm beräknade körtiden till cirka 513 minuter.,<url><loc>https://pendlings-app1.t-767929534-cloudflare.workers.dev/?fran=Jokkmokk&amp;till=Gällivare</loc><changefreq>monthly</changefreq></url>
Tibro,Årjäng,367,293,Avståndet mellan Tibro och Årjäng är 367 km och Karl-Johan Gyllenstorm beräknade körtiden till cirka 293 minuter.,<url><loc>https://pendlings-app1.t-767929534-cloudflare.workers.dev/?fran=Tibro&amp;till=Årjäng</loc><changefreq>monthly</changefreq></url>
Piteå,Essunga,1127,791,Avståndet mellan Piteå och Essunga är 1127 km och Karl-Johan Gyllenstorm beräknade körtiden till cirka 791 minuter.,<url><loc>https://pendlings-app1.t-767929534-cloudflare.workers.dev/?fran=Piteå&amp;till=Essunga</loc><changefreq>monthly</changefreq></url>
Ängelholm,Kävlinge,1364,897,Avståndet mellan Ängelholm och Kävlinge är 1364 km och Karl-Johan Gyllenstorm beräknade körtiden till cirka 897 minuter.,<url><loc>https://pendlings-app1.t-767929534-cloudflare.workers.dev/?fran=Ängelholm&amp;till=Kävlinge</loc><changefreq>monthly</changefreq></url>
Kungsbacka,Staffanstorp,531,352,Avståndet mellan Kungsbacka och Staffanstorp är 531 km och Karl-Johan Gyllenstorm beräknade körtiden till cirka 352 minuter.,<url><loc>https://pendlings-app1.t-767929534-cloudflare.workers.dev/?fran=Kungsbacka&amp;till=Staffanstorp</loc><changefreq>monthly</changefreq></url>
Mönsterås,Svedala,1297,1003,Avståndet mellan Mönsterås och Svedala är 1297 km och Karl-Johan Gyllenstorm beräknade körtiden till cirka 1003 minuter.,<url><loc>https://pendlings-app1.t-767929534-cloudflare.workers.dev/?fran=Mönsterås&amp;till=Svedala</loc><changefreq>monthly</changefreq></url>
Hofors,Visby,1267,906,Avståndet mellan Hofors och Visby är 1267 km och Karl-Johan Gyllenstorm beräknade körtiden till cirka 906 minuter.,<url><loc>https://pendlings-app1.t-767929534-cloudflare.workers.dev/?fran=Hofors&amp;till=Visby</loc><changefreq>monthly</changefreq></url>
Forshaga,Täby,864,670,Avståndet mellan Forshaga och Täby är 864 km och Karl-Johan Gyllenstorm beräknade körtiden till cirka 670 minuter.,<url><loc>https://pendlings-app1.t-767929534-cloudflare.workers.dev/?fran=Forshaga&amp;till=Täby</loc><changefreq>monthly</changefreq></url>
Sorsele,Ragunda,1055,712,Avståndet mellan Sorsele och Ragunda är 1055 km och Karl-Johan Gyllenstorm beräknade körtiden till cirka 712 minuter.,<url><loc>https://pendlings-app1.t-767929534-cloudflare.workers.dev/?fran=Sorsele&amp;till=Ragunda</loc><changefreq>monthly</changefreq></url>
Lomma,Aneby,746,474,Avståndet mellan Lomma och Aneby är 746 km och Karl-Johan Gyllenstorm beräknade körtiden till cirka 474 minuter.,<url><loc>https://pendlings-app1.t-767929534-cloudflare.workers.dev/?fran=Lomma&amp;till=Aneby</loc><changefreq>monthly</changefreq></url>
Tomelilla,Piteå,883,612,Avståndet mellan Tomelilla och Piteå är 883 km och Karl-Johan Gyllenstorm beräknade körtiden till cirka 612 minuter.,<url><loc>https://pendlings-app1.t-767929534-cloudflare.workers.dev/?fran=Tomelilla&amp;till=Piteå</loc><changefreq>monthly</changefreq></url>
Mörbylånga,Vellinge,1117,763,Avståndet mellan Mörbylånga och Vellinge är 1117 km och Karl-Johan Gyllenstorm beräknade körtiden till cirka 763 minuter.,<url><loc>https://pendlings-app1.t-767929534-cloudflare.workers.dev/?fran=Mörbylånga&amp;till=Vellinge</loc><changefreq>monthly</changefreq></url>
Ljusnarsberg,Kinda,1133,765,Avståndet mellan Ljusnarsberg och Kinda är 1133 km och Karl-Johan Gyllenstorm beräknade körtiden till cirka 765 minuter.,<url><loc>https://pendlings-app1.t-767929534-cloudflare.workers.dev/?fran=Ljusnarsberg&amp;till=Kinda</loc><changefreq>monthly</changefreq></url>
Bräcke,Stånga,741,504,Avståndet mellan Bräcke och Stånga är 741 km och Karl-Johan Gyllenstorm beräknade körtiden till cirka 504 minuter.,<url><loc>https://pendlings-app1.t-767929534-cloudflare.workers.dev/?fran=Bräcke&amp;till=Stånga</loc><changefreq>monthly</changefreq></url>
Gällivare,Hallsberg,389,260,Avståndet mellan Gällivare och Hallsberg är 389 km och Karl-Johan Gyllenstorm beräknade körtiden till cirka 260 minuter.,<url><loc>https://pendlings-app1.t-767929534-cloudflare.workers.dev/?fran=Gällivare&amp;till=Hallsberg</loc><changefreq>monthly</changefreq></url>
Kils,Töreboda,59,37,Avståndet mellan Kils och Töreboda är 59 km och Karl-Johan Gyllenstorm beräknade körtiden till cirka 37 minuter.,<url><loc>https://pendlings-app1.t-767929534-cloudflare.workers.dev/?fran=Kils&amp;till=Töreboda</loc><changefreq>monthly</changefreq></url>
Tomelilla,Fårösund,333,224,Avståndet mellan Tomelilla och Fårösund är 333 km och Karl-Johan Gyllenstorm beräknade körtiden till cirka 224 minuter.,<url><loc>https://pendlings-app1.t-767929534-cloudflare.workers.dev/?fran=Tomelilla&amp;till=Fårösund</loc><changefreq>monthly</changefreq></url>
Jokkmokk,Töreboda,796,580,Avståndet mellan Jokkmokk och Töreboda är 796 km och Karl-Johan Gyllenstorm beräknade körtiden till cirka 580 minuter.,<url><loc>https://pendlings-app1.t-767929534-cloudflare.workers.dev/?fran=Jokkmokk&amp;till=Töreboda</loc><changefreq>monthly</changefreq></url>
Finspång,Älvsbyn,842,590,Avståndet mellan Finspång och Älvsbyn är 842 km och Karl-Johan Gyllenstorm beräknade körtiden till cirka 590 minuter.,<url><loc>https://pendlings-app1.t-767929534-cloudflare.workers.dev/?fran=Finspång&amp;till=Älvsbyn</loc><changefreq>monthly</changefreq></url>
Avesta,Charlottenberg,374,257,Avståndet mellan Avesta och Charlottenberg är 374 km och Karl-Johan Gyllenstorm beräknade körtiden till cirka 257 minuter.,<url><loc>https://pendlings-app1.t-767929534-cloudflare.workers.dev/?fran=Avesta&amp;till=Charlottenberg</loc><changefreq>monthly</changefreq></url>
Fagersta,Båstad,749,520,Avståndet mellan Fagersta och Båstad är 749 km och Karl-Johan Gyllenstorm beräknade körtiden till cirka 520 minuter.,<url><loc>https://pendlings-app1.t-767929534-cloudflare.workers.dev/?fran=Fagersta&amp;till=Båstad</loc><changefreq>monthly</changefreq></url>
Lysekil,Borås,217,167,Avståndet mellan Lysekil och Borås är 217 km och Karl-Johan Gyllenstorm beräknade körtiden till cirka 167 minuter.,<url><loc>https://pendlings-app1.t-767929534-cloudflare.workers.dev/?fran=Lysekil&amp;till=Borås</loc><changefreq>monthly</changefreq></url>
Bollnäs,Tingstäde,942,715,Avståndet mellan Bollnäs och Tingstäde är 942 km och Karl-Johan Gyllenstorm beräknade körtiden till cirka 715 minuter.,<url><loc>https://pendlings-app1.t-767929534-cloudflare.workers.dev/?fran=Bollnäs&amp;till=Tingstäde</loc><changefreq>monthly</changefreq></url>
Falun,Gällivare,1288,908,Avståndet mellan Falun och Gällivare är 1288 km och Karl-Johan Gyllenstorm beräknade körtiden till cirka 908 minuter.,<url><loc>https://pendlings-app1.t-767929534-cloudflare.workers.dev/?fran=Falun&amp;till=Gällivare</loc><changefreq>monthly</changefreq></url>
Gullspång,Älvkarleby,1183,765,Avståndet mellan Gullspång och Älvkarleby är 1183 km och Karl-Johan Gyllenstorm beräknade körtiden till cirka 765 minuter.,<url><loc>https://pendlings-app1.t-767929534-cloudflare.workers.dev/?fran=Gullspång&amp;till=Älvkarleby</loc><changefreq>monthly</changefreq></url>
Gimo,Ragunda,357,262,Avståndet mellan Gimo och Ragunda är 357 km och Karl-Johan Gyllenstorm beräknade körtiden till cirka 262 minuter.,<url><loc>https://pendlings-app1.t-767929534-cloudflare.workers.dev/?fran=Gimo&amp;till=Ragunda</loc><changefreq>monthly</changefreq></url>
Älvdalen,Färgelanda,482,332,Avståndet mellan Älvdalen och Färgelanda är 482 km och Karl-Johan Gyllenstorm beräknade körtiden till cirka 332 minuter.,<url><loc>https://pendlings-app1.t-767929534-cloudflare.workers.dev/?fran=Älvdalen&amp;till=Färgelanda</loc><changefreq>monthly</changefreq></url>
Hallstahammar,Söderhamn,1399,1003,Avståndet mellan Hallstahammar och Söderhamn är 1399 km och Karl-Johan Gyllenstorm beräknade körtiden till cirka 1003 minuter.,<url><loc>https://pendlings-app1.t-767929534-cloudflare.workers.dev/?fran=Hallstahammar&amp;till=Söderhamn</loc><changefreq>monthly</changefreq></url>
Sunne,Kramfors,1328,1060,Avståndet mellan Sunne och Kramfors är 1328 km och Karl-Johan Gyllenstorm beräknade körtiden till cirka 1060 minuter.,<url><loc>https://pendlings-app1.t-767929534-cloudflare.workers.dev/?fran=Sunne&amp;till=Kramfors</loc><changefreq>monthly</changefreq></url>
Bengtsfors,Laholm,935,625,Avståndet mellan Bengtsfors och Laholm är 935 km och Karl-Johan Gyllenstorm beräknade körtiden till cirka 625 minuter.,<url><loc>https://pendlings-app1.t-767929534-cloudflare.workers.dev/?fran=Bengtsfors&amp;till=Laholm</loc><changefreq>monthly</changefreq></url>
Leksand,Burgsvik,304,211,Avståndet mellan Leksand och Burgsvik är 304 km och Karl-Johan Gyllenstorm beräknade körtiden till cirka 211 minuter.,<url><loc>https://pendlings-app1.t-767929534-cloudflare.workers.dev/?fran=Leksand&amp;till=Burgsvik</loc><changefreq>monthly</changefreq></url>
Kiruna,Uddevalla,1269,1009,Avståndet mellan Kiruna och Uddevalla är 1269 km och Karl-Johan Gyllenstorm beräknade körtiden till cirka 1009 minuter.,<url><loc>https://pendlings-app1.t-767929534-cloudflare.workers.dev/?fran=Kiruna&amp;till=Uddevalla</loc><changefreq>monthly</changefreq></url>
Grästorp,Älvsbyn,574,393,Avståndet mellan Grästorp och Älvsbyn är 574 km och Karl-Johan Gyllenstorm beräknade körtiden till cirka 393 minuter.,<url><loc>https://pendlings-app1.t-767929534-cloudflare.workers.dev/?fran=Grästorp&amp;till=Älvsbyn</loc><changefreq>monthly</changefreq></url>
Trosa,Kumla,317,211,Avståndet mellan Trosa och Kumla är 317 km och Karl-Johan Gyllenstorm beräknade körtiden till cirka 211 minuter.,<url><loc>https://pendlings-app1.t-767929534-cloudflare.workers.dev/?fran=Trosa&amp;till=Kumla</loc><changefreq>monthly</changefreq></url>
Ängelholm,Munkedal,868,624,Avståndet mellan Ängelholm och Munkedal är 868 km och Karl-Johan Gyllenstorm beräknade körtiden till cirka 624 minuter.,<url><loc>https://pendlings-app1.t-767929534-cloudflare.workers.dev/?fran=Ängelholm&amp;till=Munkedal</loc><changefreq>monthly</changefreq></url>
Tingstäde,Tomelilla,648,510,Avståndet mellan Tingstäde och Tomelilla är 648 km och Karl-Johan Gyllenstorm beräknade körtiden till cirka 510 minuter.,<url><loc>https://pendlings-app1.t-767929534-cloudflare.workers.dev/?fran=Tingstäde&amp;till=Tomelilla</loc><changefreq>monthly</changefreq></url>
Götene,Burgsvik,921,639,Avståndet mellan Götene och Burgsvik är 921 km och Karl-Johan Gyllenstorm beräknade körtiden till cirka 639 minuter.,<url><loc>https://pendlings-app1.t-767929534-cloudflare.workers.dev/?fran=Götene&amp;till=Burgsvik</loc><changefreq>monthly</changefreq></url>
Överkalix,Örebro,836,592,Avståndet mellan Överkalix och Örebro är 836 km och Karl-Johan Gyllenstorm beräknade körtiden till cirka 592 minuter.,<url><loc>https://pendlings-app1.t-767929534-cloudflare.workers.dev/?fran=Överkalix&amp;till=Örebro</loc><changefreq>monthly</changefreq></url>
Habon,Lysekil,1176,940,Avståndet mellan Habon och Lysekil är 1176 km och Karl-Johan Gyllenstorm beräknade körtiden till cirka 940 minuter.,<url><loc>https://pendlings-app1.t-767929534-cloudflare.workers.dev/?fran=Habon&amp;till=Lysekil</loc><changefreq>monthly</changefreq></url>
Avesta,Växjö,1244,887,Avståndet mellan Avesta och Växjö är 1244 km och Karl-Johan Gyllenstorm beräknade körtiden till cirka 887 minuter.,<url><loc>https://pendlings-app1.t-767929534-cloudflare.workers.dev/?fran=Avesta&amp;till=Växjö</loc><changefreq>monthly</changefreq></url>
Uppsala,Laholm,1429,968,Avståndet mellan Uppsala och Laholm är 1429 km och Karl-Johan Gyllenstorm beräknade körtiden till cirka 968 minuter.,<url><loc>https://pendlings-app1.t-767929534-cloudflare.workers.dev/?fran=Uppsala&amp;till=Laholm</loc><changefreq>monthly</changefreq></url>
Gullspång,Fårösund,547,381,Avståndet mellan Gullspång och Fårösund är 547 km och Karl-Johan Gyllenstorm beräknade körtiden till cirka 381 minuter.,<url><loc>https://pendlings-app1.t-767929534-cloudflare.workers.dev/?fran=Gullspång&amp;till=Fårösund</loc><changefreq>monthly</changefreq></url>
Essunga,Svedala,1429,981,Avståndet mellan Essunga och Svedala är 1429 km och Karl-Johan Gyllenstorm beräknade körtiden till cirka 981 minuter.,<url><loc>https://pendlings-app1.t-767929534-cloudflare.workers.dev/?fran=Essunga&amp;till=Svedala</loc><changefreq>monthly</changefreq></url>
Bjuv,Kinda,1194,888,Avståndet mellan Bjuv och Kinda är 1194 km och Karl-Johan Gyllenstorm beräknade körtiden till cirka 888 minuter.,<url><loc>https://pendlings-app1.t-767929534-cloudflare.workers.dev/?fran=Bjuv&amp;till=Kinda</loc><changefreq>monthly</changefreq></url>
Lomma,Örnsköldsvik,589,462,Avståndet mellan Lomma och Örnsköldsvik är 589 km och Karl-Johan Gyllenstorm beräknade körtiden till cirka 462 minuter.,<url><loc>https://pendlings-app1.t-767929534-cloudflare.workers.dev/?fran=Lomma&amp;till=Örnsköldsvik</loc><changefreq>monthly</changefreq></url>
Sotenäs,Hudiksvall,1067,812,Avståndet mellan Sotenäs och Hudiksvall är 1067 km och Karl-Johan Gyllenstorm beräknade körtiden till cirka 812 minuter.,<url><loc>https://pendlings-app1.t-767929534-cloudflare.workers.dev/?fran=Sotenäs&amp;till=Hudiksvall</loc><changefreq>monthly</changefreq></url>
Gällivare,Strängnäs,1270,837,Avståndet mellan Gällivare och Strängnäs är 1270 km och Karl-Johan Gyllenstorm beräknade körtiden till cirka 837 minuter.,<url><loc>https://pendlings-app1.t-767929534-cloudflare.workers.dev/?fran=Gällivare&amp;till=Strängnäs</loc><changefreq>monthly</changefreq></url>
Ljusdal,Karlshamn,644,500,Avståndet mellan Ljusdal och Karlshamn är 644 km och Karl-Johan Gyllenstorm beräknade körtiden till cirka 500 minuter.,<url><loc>https://pendlings-app1.t-767929534-cloudflare.workers.dev/?fran=Ljusdal&amp;till=Karlshamn</loc><changefreq>monthly</changefreq></url>
Sorsele,Grums,971,730,Avståndet mellan Sorsele och Grums är 971 km och Karl-Johan Gyllenstorm beräknade körtiden till cirka 730 minuter.,<url><loc>https://pendlings-app1.t-767929534-cloudflare.workers.dev/?fran=Sorsele&amp;till=Grums</loc><changefreq>monthly</changefreq></url>
Sunne,Åre,963,677,Avståndet mellan Sunne och Åre är 963 km och Karl-Johan Gyllenstorm beräknade körtiden till cirka 677 minuter.,<url><loc>https://pendlings-app1.t-767929534-cloudflare.workers.dev/?fran=Sunne&amp;till=Åre</loc><changefreq>monthly</changefreq></url>
Kils,Kiruna,1315,964,Avståndet mellan Kils och Kiruna är 1315 km och Karl-Johan Gyllenstorm beräknade körtiden till cirka 964 minuter.,<url><loc>https://pendlings-app1.t-767929534-cloudflare.workers.dev/?fran=Kils&amp;till=Kiruna</loc><changefreq>monthly</changefreq></url>
Köping,Forshaga,841,563,Avståndet mellan Köping och Forshaga är 841 km och Karl-Johan Gyllenstorm beräknade körtiden till cirka 563 minuter.,<url><loc>https://pendlings-app1.t-767929534-cloudflare.workers.dev/?fran=Köping&amp;till=Forshaga</loc><changefreq>monthly</changefreq></url>
Timrå,Nyköping,1123,739,Avståndet mellan Timrå och Nyköping är 1123 km och Karl-Johan Gyllenstorm beräknade körtiden till cirka 739 minuter.,<url><loc>https://pendlings-app1.t-767929534-cloudflare.workers.dev/?fran=Timrå&amp;till=Nyköping</loc><changefreq>monthly</changefreq></url>
Helsingborg,Falkenberg,243,154,Avståndet mellan Helsingborg och Falkenberg är 243 km och Karl-Johan Gyllenstorm beräknade körtiden till cirka 154 minuter.,<url><loc>https://pendlings-app1.t-767929534-cloudflare.workers.dev/?fran=Helsingborg&amp;till=Falkenberg</loc><changefreq>monthly</changefreq></url>
Gagnef,Stånga,624,414,Avståndet mellan Gagnef och Stånga är 624 km och Karl-Johan Gyllenstorm beräknade körtiden till cirka 414 minuter.,<url><loc>https://pendlings-app1.t-767929534-cloudflare.workers.dev/?fran=Gagnef&amp;till=Stånga</loc><changefreq>monthly</changefreq></url>
Sunne,Kopparberg,1118,888,Avståndet mellan Sunne och Kopparberg är 1118 km och Karl-Johan Gyllenstorm beräknade körtiden till cirka 888 minuter.,<url><loc>https://pendlings-app1.t-767929534-cloudflare.workers.dev/?fran=Sunne&amp;till=Kopparberg</loc><changefreq>monthly</changefreq></url>
Vimmerby,Höör,618,456,Avståndet mellan Vimmerby och Höör är 618 km och Karl-Johan Gyllenstorm beräknade körtiden till cirka 456 minuter.,<url><loc>https://pendlings-app1.t-767929534-cloudflare.workers.dev/?fran=Vimmerby&amp;till=Höör</loc><changefreq>monthly</changefreq></url>
Lund,Linköping,1263,967,Avståndet mellan Lund och Linköping är 1263 km och Karl-Johan Gyllenstorm beräknade körtiden till cirka 967 minuter.,<url><loc>https://pendlings-app1.t-767929534-cloudflare.workers.dev/?fran=Lund&amp;till=Linköping</loc><changefreq>monthly</changefreq></url>
Hagfors,Ånge,1335,939,Avståndet mellan Hagfors och Ånge är 1335 km och Karl-Johan Gyllenstorm beräknade körtiden till cirka 939 minuter.,<url><loc>https://pendlings-app1.t-767929534-cloudflare.workers.dev/?fran=Hagfors&amp;till=Ånge</loc><changefreq>monthly</changefreq></url>
Falköping,Flen,832,540,Avståndet mellan Falköping och Flen är 832 km och Karl-Johan Gyllenstorm beräknade körtiden till cirka 540 minuter.,<url><loc>https://pendlings-app1.t-767929534-cloudflare.workers.dev/?fran=Falköping&amp;till=Flen</loc><changefreq>monthly</changefreq></url>
Karlskrona,Lidköping,694,442,Avståndet mellan Karlskrona och Lidköping är 694 km och Karl-Johan Gyllenstorm beräknade körtiden till cirka 442 minuter.,<url><loc>https://pendlings-app1.t-767929534-cloudflare.workers.dev/?fran=Karlskrona&amp;till=Lidköping</loc><changefreq>monthly</changefreq></url>
Karlskrona,Sävsjö,267,175,Avståndet mellan Karlskrona och Sävsjö är 267 km och Karl-Johan Gyllenstorm beräknade körtiden till cirka 175 minuter.,<url><loc>https://pendlings-app1.t-767929534-cloudflare.workers.dev/?fran=Karlskrona&amp;till=Sävsjö</loc><changefreq>monthly</changefreq></url>
Strömstad,Oskarshamn,89,68,Avståndet mellan Strömstad och Oskarshamn är 89 km och Karl-Johan Gyllenstorm beräknade körtiden till cirka 68 minuter.,<url><loc>https://pendlings-app1.t-767929534-cloudflare.workers.dev/?fran=Strömstad&amp;till=Oskarshamn</loc><changefreq>monthly</changefreq></url>
Forshaga,Gagnef,310,197,Avståndet mellan Forshaga och Gagnef är 310 km och Karl-Johan Gyllenstorm beräknade körtiden till cirka 197 minuter.,<url><loc>https://pendlings-app1.t-767929534-cloudflare.workers.dev/?fran=Forshaga&amp;till=Gagnef</loc><changefreq>monthly</changefreq></url>
Filipstad,Stockholm,105,76,Avståndet mellan Filipstad och Stockholm är 105 km och Karl-Johan Gyllenstorm beräknade körtiden till cirka 76 minuter.,<url><loc>https://pendlings-app1.t-767929534-cloudflare.workers.dev/?fran=Filipstad&amp;till=Stockholm</loc><changefreq>monthly</changefreq></url>
Strömstad,Fagersta,618,431,Avståndet mellan Strömstad och Fagersta är 618 km och Karl-Johan Gyllenstorm beräknade körtiden till cirka 431 minuter.,<url><loc>https://pendlings-app1.t-767929534-cloudflare.workers.dev/?fran=Strömstad&amp;till=Fagersta</loc><changefreq>monthly</changefreq></url>
Åtvidaberg,Svenljunga,150,119,Avståndet mellan Åtvidaberg och Svenljunga är 150 km och Karl-Johan Gyllenstorm beräknade körtiden till cirka 119 minuter.,<url><loc>https://pendlings-app1.t-767929534-cloudflare.workers.dev/?fran=Åtvidaberg&amp;till=Svenljunga</loc><changefreq>monthly</changefreq></url>
Simrishamn,Färgelanda,1139,870,Avståndet mellan Simrishamn och Färgelanda är 1139 km och Karl-Johan Gyllenstorm beräknade körtiden till cirka 870 minuter.,<url><loc>https://pendlings-app1.t-767929534-cloudflare.workers.dev/?fran=Simrishamn&amp;till=Färgelanda</loc><changefreq>monthly</changefreq></url>
Vellinge,Bromölla,1119,732,Avståndet mellan Vellinge och Bromölla är 1119 km och Karl-Johan Gyllenstorm beräknade körtiden till cirka 732 minuter.,<url><loc>https://pendlings-app1.t-767929534-cloudflare.workers.dev/?fran=Vellinge&amp;till=Bromölla</loc><changefreq>monthly</changefreq></url>
Olofström,Åre,759,533,Avståndet mellan Olofström och Åre är 759 km och Karl-Johan Gyllenstorm beräknade körtiden till cirka 533 minuter.,<url><loc>https://pendlings-app1.t-767929534-cloudflare.workers.dev/?fran=Olofström&amp;till=Åre</loc><changefreq>monthly</changefreq></url>
Mellerud,Orsa,478,382,Avståndet mellan Mellerud och Orsa är 478 km och Karl-Johan Gyllenstorm beräknade körtiden till cirka 382 minuter.,<url><loc>https://pendlings-app1.t-767929534-cloudflare.workers.dev/?fran=Mellerud&amp;till=Orsa</loc><changefreq>monthly</changefreq></url>
Ljusdal,Sundsvall,1130,784,Avståndet mellan Ljusdal och Sundsvall är 1130 km och Karl-Johan Gyllenstorm beräknade körtiden till cirka 784 minuter.,<url><loc>https://pendlings-app1.t-767929534-cloudflare.workers.dev/?fran=Ljusdal&amp;till=Sundsvall</loc><changefreq>monthly</changefreq></url>
Malmö,Flen,414,269,Avståndet mellan Malmö och Flen är 414 km och Karl-Johan Gyllenstorm beräknade körtiden till cirka 269 minuter.,<url><loc>https://pendlings-app1.t-767929534-cloudflare.workers.dev/?fran=Malmö&amp;till=Flen</loc><changefreq>monthly</changefreq></url>
Oskarshamn,Strömsund,109,80,Avståndet mellan Oskarshamn och Strömsund är 109 km och Karl-Johan Gyllenstorm beräknade körtiden till cirka 80 minuter.,<url><loc>https://pendlings-app1.t-767929534-cloudflare.workers.dev/?fran=Oskarshamn&amp;till=Strömsund</loc><changefreq>monthly</changefreq></url>
Köping,Staffanstorp,649,441,Avståndet mellan Köping och Staffanstorp är 649 km och Karl-Johan Gyllenstorm beräknade körtiden till cirka 441 minuter.,<url><loc>https://pendlings-app1.t-767929534-cloudflare.workers.dev/?fran=Köping&amp;till=Staffanstorp</loc><changefreq>monthly</changefreq></url>
Arvidsjaur,Ronneby,1132,790,Avståndet mellan Arvidsjaur och Ronneby är 1132 km och Karl-Johan Gyllenstorm beräknade körtiden till cirka 790 minuter.,<url><loc>https://pendlings-app1.t-767929534-cloudflare.workers.dev/?fran=Arvidsjaur&amp;till=Ronneby</loc><changefreq>monthly</changefreq></url>
Värnamo,Mjölby,1292,892,Avståndet mellan Värnamo och Mjölby är 1292 km och Karl-Johan Gyllenstorm beräknade körtiden till cirka 892 minuter.,<url><loc>https://pendlings-app1.t-767929534-cloudflare.workers.dev/?fran=Värnamo&amp;till=Mjölby</loc><changefreq>monthly</changefreq></url>
Lindesberg,Mariestad,995,744,Avståndet mellan Lindesberg och Mariestad är 995 km och Karl-Johan Gyllenstorm beräknade körtiden till cirka 744 minuter.,<url><loc>https://pendlings-app1.t-767929534-cloudflare.workers.dev/?fran=Lindesberg&amp;till=Mariestad</loc><changefreq>monthly</changefreq></url>
Malmö,Fagersta,242,169,Avståndet mellan Malmö och Fagersta är 242 km och Karl-Johan Gyllenstorm beräknade körtiden till cirka 169 minuter.,<url><loc>https://pendlings-app1.t-767929534-cloudflare.workers.dev/?fran=Malmö&amp;till=Fagersta</loc><changefreq>monthly</changefreq></url>
Gimo,Kumla,876,555,Avståndet mellan Gimo och Kumla är 876 km och Karl-Johan Gyllenstorm beräknade körtiden till cirka 555 minuter.,<url><loc>https://pendlings-app1.t-767929534-cloudflare.workers.dev/?fran=Gimo&amp;till=Kumla</loc><changefreq>monthly</changefreq></url>
Ragunda,Gnosjö,509,406,Avståndet mellan Ragunda och Gnosjö är 509 km och Karl-Johan Gyllenstorm beräknade körtiden till cirka 406 minuter.,<url><loc>https://pendlings-app1.t-767929534-cloudflare.workers.dev/?fran=Ragunda&amp;till=Gnosjö</loc><changefreq>monthly</changefreq></url>
Kumla,Falköping,940,621,Avståndet mellan Kumla och Falköping är 940 km och Karl-Johan Gyllenstorm beräknade körtiden till cirka 621 minuter.,<url><loc>https://pendlings-app1.t-767929534-cloudflare.workers.dev/?fran=Kumla&amp;till=Falköping</loc><changefreq>monthly</changefreq></url>
Gagnef,Ödeshög,51,40,Avståndet mellan Gagnef och Ödeshög är 51 km och Karl-Johan Gyllenstorm beräknade körtiden till cirka 40 minuter.,<url><loc>https://pendlings-app1.t-767929534-cloudflare.workers.dev/?fran=Gagnef&amp;till=Ödeshög</loc><changefreq>monthly</changefreq></url>
Piteå,Oxelösund,460,364,Avståndet mellan Piteå och Oxelösund är 460 km och Karl-Johan Gyllenstorm beräknade körtiden till cirka 364 minuter.,<url><loc>https://pendlings-app1.t-767929534-cloudflare.workers.dev/?fran=Piteå&amp;till=Oxelösund</loc><changefreq>monthly</changefreq></url>
Nybro,Lomma,731,491,Avståndet mellan Nybro och Lomma är 731 km och Karl-Johan Gyllenstorm beräknade körtiden till cirka 491 minuter.,<url><loc>https://pendlings-app1.t-767929534-cloudflare.workers.dev/?fran=Nybro&amp;till=Lomma</loc><changefreq>monthly</changefreq></url>
Nyköping,Vänersborg,1415,1022,Avståndet mellan Nyköping och Vänersborg är 1415 km och Karl-Johan Gyllenstorm beräknade körtiden till cirka 1022 minuter.,<url><loc>https://pendlings-app1.t-767929534-cloudflare.workers.dev/?fran=Nyköping&amp;till=Vänersborg</loc><changefreq>monthly</changefreq></url>
Piteå,Hudiksvall,1237,800,Avståndet mellan Piteå och Hudiksvall är 1237 km och Karl-Johan Gyllenstorm beräknade körtiden till cirka 800 minuter.,<url><loc>https://pendlings-app1.t-767929534-cloudflare.workers.dev/?fran=Piteå&amp;till=Hudiksvall</loc><changefreq>monthly</changefreq></url>
Gnosjö,Flen,1246,910,Avståndet mellan Gnosjö och Flen är 1246 km och Karl-Johan Gyllenstorm beräknade körtiden till cirka 910 minuter.,<url><loc>https://pendlings-app1.t-767929534-cloudflare.workers.dev/?fran=Gnosjö&amp;till=Flen</loc><changefreq>monthly</changefreq></url>
Mörbylånga,Ludvika,441,351,Avståndet mellan Mörbylånga och Ludvika är 441 km och Karl-Johan Gyllenstorm beräknade körtiden till cirka 351 minuter.,<url><loc>https://pendlings-app1.t-767929534-cloudflare.workers.dev/?fran=Mörbylånga&amp;till=Ludvika</loc><changefreq>monthly</changefreq></url>
Kopparberg,Ronneby,757,549,Avståndet mellan Kopparberg och Ronneby är 757 km och Karl-Johan Gyllenstorm beräknade körtiden till cirka 549 minuter.,<url><loc>https://pendlings-app1.t-767929534-cloudflare.workers.dev/?fran=Kopparberg&amp;till=Ronneby</loc><changefreq>monthly</changefreq></url>
Habon,Sorsele,223,155,Avståndet mellan Habon och Sorsele är 223 km och Karl-Johan Gyllenstorm beräknade körtiden till cirka 155 minuter.,<url><loc>https://pendlings-app1.t-767929534-cloudflare.workers.dev/?fran=Habon&amp;till=Sorsele</loc><changefreq>monthly</changefreq></url>
Kils,Gnestad,1182,900,Avståndet mellan Kils och Gnestad är 1182 km och Karl-Johan Gyllenstorm beräknade körtiden till cirka 900 minuter.,<url><loc>https://pendlings-app1.t-767929534-cloudflare.workers.dev/?fran=Kils&amp;till=Gnestad</loc><changefreq>monthly</changefreq></url>
Mullsjö,Gävle,922,585,Avståndet mellan Mullsjö och Gävle är 922 km och Karl-Johan Gyllenstorm beräknade körtiden till cirka 585 minuter.,<url><loc>https://pendlings-app1.t-767929534-cloudflare.workers.dev/?fran=Mullsjö&amp;till=Gävle</loc><changefreq>monthly</changefreq></url>
Ödeshög,Kristinehamn,1386,905,Avståndet mellan Ödeshög och Kristinehamn är 1386 km och Karl-Johan Gyllenstorm beräknade körtiden till cirka 905 minuter.,<url><loc>https://pendlings-app1.t-767929534-cloudflare.workers.dev/?fran=Ödeshög&amp;till=Kristinehamn</loc><changefreq>monthly</changefreq></url>
Kungsör,Sala,627,450,Avståndet mellan Kungsör och Sala är 627 km och Karl-Johan Gyllenstorm beräknade körtiden till cirka 450 minuter.,<url><loc>https://pendlings-app1.t-767929534-cloudflare.workers.dev/?fran=Kungsör&amp;till=Sala</loc><changefreq>monthly</changefreq></url>
Laholm,Strömsund,1191,940,Avståndet mellan Laholm och Strömsund är 1191 km och Karl-Johan Gyllenstorm beräknade körtiden till cirka 940 minuter.,<url><loc>https://pendlings-app1.t-767929534-cloudflare.workers.dev/?fran=Laholm&amp;till=Strömsund</loc><changefreq>monthly</changefreq></url>
Göteborg,Falun,1007,648,Avståndet mellan Göteborg och Falun är 1007 km och Karl-Johan Gyllenstorm beräknade körtiden till cirka 648 minuter.,<url><loc>https://pendlings-app1.t-767929534-cloudflare.workers.dev/?fran=Göteborg&amp;till=Falun</loc><changefreq>monthly</changefreq></url>
Lidköping,Kiruna,64,44,Avståndet mellan Lidköping och Kiruna är 64 km och Karl-Johan Gyllenstorm beräknade körtiden till cirka 44 minuter.,<url><loc>https://pendlings-app1.t-767929534-cloudflare.workers.dev/?fran=Lidköping&amp;till=Kiruna</loc><changefreq>monthly</changefreq></url>
Håbo,Havdhem,1112,790,Avståndet mellan Håbo och Havdhem är 1112 km och Karl-Johan Gyllenstorm beräknade körtiden till cirka 790 minuter.,<url><loc>https://pendlings-app1.t-767929534-cloudflare.workers.dev/?fran=Håbo&amp;till=Havdhem</loc><changefreq>monthly</changefreq></url>
Trollhättan,Tranås,873,566,Avståndet mellan Trollhättan och Tranås är 873 km och Karl-Johan Gyllenstorm beräknade körtiden till cirka 566 minuter.,<url><loc>https://pendlings-app1.t-767929534-cloudflare.workers.dev/?fran=Trollhättan&amp;till=Tranås</loc><changefreq>monthly</changefreq></url>
Håbo,Klintehamn,96,76,Avståndet mellan Håbo och Klintehamn är 96 km och Karl-Johan Gyllenstorm beräknade körtiden till cirka 76 minuter.,<url><loc>https://pendlings-app1.t-767929534-cloudflare.workers.dev/?fran=Håbo&amp;till=Klintehamn</loc><changefreq>monthly</changefreq></url>
Örnsköldsvik,Surahammar,1317,878,Avståndet mellan Örnsköldsvik och Surahammar är 1317 km och Karl-Johan Gyllenstorm beräknade körtiden till cirka 878 minuter.,<url><loc>https://pendlings-app1.t-767929534-cloudflare.workers.dev/?fran=Örnsköldsvik&amp;till=Surahammar</loc><changefreq>monthly</changefreq></url>
Fagersta,Östra Göinge,900,655,Avståndet mellan Fagersta och Östra Göinge är 900 km och Karl-Johan Gyllenstorm beräknade körtiden till cirka 655 minuter.,<url><loc>https://pendlings-app1.t-767929534-cloudflare.workers.dev/?fran=Fagersta&amp;till=Östra Göinge</loc><changefreq>monthly</changefreq></url>
Lindesberg,Ängelholm,1433,1110,Avståndet mellan Lindesberg och Ängelholm är 1433 km och Karl-Johan Gyllenstorm beräknade körtiden till cirka 1110 minuter.,<url><loc>https://pendlings-app1.t-767929534-cloudflare.workers.dev/?fran=Lindesberg&amp;till=Ängelholm</loc><changefreq>monthly</changefreq></url>
Jönköping,Perstorp,497,371,Avståndet mellan Jönköping och Perstorp är 497 km och Karl-Johan Gyllenstorm beräknade körtiden till cirka 371 minuter.,<url><loc>https://pendlings-app1.t-767929534-cloudflare.workers.dev/?fran=Jönköping&amp;till=Perstorp</loc><changefreq>monthly</changefreq></url>
Skellefteå,Katrineholm,630,466,Avståndet mellan Skellefteå och Katrineholm är 630 km och Karl-Johan Gyllenstorm beräknade körtiden till cirka 466 minuter.,<url><loc>https://pendlings-app1.t-767929534-cloudflare.workers.dev/?fran=Skellefteå&amp;till=Katrineholm</loc><changefreq>monthly</changefreq></url>
Färjestaden,Örnsköldsvik,541,418,Avståndet mellan Färjestaden och Örnsköldsvik är 541 km och Karl-Johan Gyllenstorm beräknade körtiden till cirka 418 minuter.,<url><loc>https://pendlings-app1.t-767929534-cloudflare.workers.dev/?fran=Färjestaden&amp;till=Örnsköldsvik</loc><changefreq>monthly</changefreq></url>
Falkenberg,Sotenäs,1244,796,Avståndet mellan Falkenberg och Sotenäs är 1244 km och Karl-Johan Gyllenstorm beräknade körtiden till cirka 796 minuter.,<url><loc>https://pendlings-app1.t-767929534-cloudflare.workers.dev/?fran=Falkenberg&amp;till=Sotenäs</loc><changefreq>monthly</changefreq></url>
Sälen,Växjö,830,588,Avståndet mellan Sälen och Växjö är 830 km och Karl-Johan Gyllenstorm beräknade körtiden till cirka 588 minuter.,<url><loc>https://pendlings-app1.t-767929534-cloudflare.workers.dev/?fran=Sälen&amp;till=Växjö</loc><changefreq>monthly</changefreq></url>
Simrishamn,Trosa,1387,1017,Avståndet mellan Simrishamn och Trosa är 1387 km och Karl-Johan Gyllenstorm beräknade körtiden till cirka 1017 minuter.,<url><loc>https://pendlings-app1.t-767929534-cloudflare.workers.dev/?fran=Simrishamn&amp;till=Trosa</loc><changefreq>monthly</changefreq></url>
Ljusnarsberg,Götene,889,619,Avståndet mellan Ljusnarsberg och Götene är 889 km och Karl-Johan Gyllenstorm beräknade körtiden till cirka 619 minuter.,<url><loc>https://pendlings-app1.t-767929534-cloudflare.workers.dev/?fran=Ljusnarsberg&amp;till=Götene</loc><changefreq>monthly</changefreq></url>
Götene,Eslöv,845,555,Avståndet mellan Götene och Eslöv är 845 km och Karl-Johan Gyllenstorm beräknade körtiden till cirka 555 minuter.,<url><loc>https://pendlings-app1.t-767929534-cloudflare.workers.dev/?fran=Götene&amp;till=Eslöv</loc><changefreq>monthly</changefreq></url>
Ulricehamn,Karlshamn,791,606,Avståndet mellan Ulricehamn och Karlshamn är 791 km och Karl-Johan Gyllenstorm beräknade körtiden till cirka 606 minuter.,<url><loc>https://pendlings-app1.t-767929534-cloudflare.workers.dev/?fran=Ulricehamn&amp;till=Karlshamn</loc><changefreq>monthly</changefreq></url>
Lomma,Vara,104,76,Avståndet mellan Lomma och Vara är 104 km och Karl-Johan Gyllenstorm beräknade körtiden till cirka 76 minuter.,<url><loc>https://pendlings-app1.t-767929534-cloudflare.workers.dev/?fran=Lomma&amp;till=Vara</loc><changefreq>monthly</changefreq></url>
Täby,Nyköping,283,220,Avståndet mellan Täby och Nyköping är 283 km och Karl-Johan Gyllenstorm beräknade körtiden till cirka 220 minuter.,<url><loc>https://pendlings-app1.t-767929534-cloudflare.workers.dev/?fran=Täby&amp;till=Nyköping</loc><changefreq>monthly</changefreq></url>
Härjedalen,Mora,729,501,Avståndet mellan Härjedalen och Mora är 729 km och Karl-Johan Gyllenstorm beräknade körtiden till cirka 501 minuter.,<url><loc>https://pendlings-app1.t-767929534-cloudflare.workers.dev/?fran=Härjedalen&amp;till=Mora</loc><changefreq>monthly</changefreq></url>
Norsjö,Härnösand,918,596,Avståndet mellan Norsjö och Härnösand är 918 km och Karl-Johan Gyllenstorm beräknade körtiden till cirka 596 minuter.,<url><loc>https://pendlings-app1.t-767929534-cloudflare.workers.dev/?fran=Norsjö&amp;till=Härnösand</loc><changefreq>monthly</changefreq></url>
Krokom,Örnsköldsvik,305,225,Avståndet mellan Krokom och Örnsköldsvik är 305 km och Karl-Johan Gyllenstorm beräknade körtiden till cirka 225 minuter.,<url><loc>https://pendlings-app1.t-767929534-cloudflare.workers.dev/?fran=Krokom&amp;till=Örnsköldsvik</loc><changefreq>monthly</changefreq></url>
Jönköping,Alingsås,896,595,Avståndet mellan Jönköping och Alingsås är 896 km och Karl-Johan Gyllenstorm beräknade körtiden till cirka 595 minuter.,<url><loc>https://pendlings-app1.t-767929534-cloudflare.workers.dev/?fran=Jönköping&amp;till=Alingsås</loc><changefreq>monthly</changefreq></url>
Jokkmokk,Munkfors,402,257,Avståndet mellan Jokkmokk och Munkfors är 402 km och Karl-Johan Gyllenstorm beräknade körtiden till cirka 257 minuter.,<url><loc>https://pendlings-app1.t-767929534-cloudflare.workers.dev/?fran=Jokkmokk&amp;till=Munkfors</loc><changefreq>monthly</changefreq></url>
Härjedalen,Härnösand,395,306,Avståndet mellan Härjedalen och Härnösand är 395 km och Karl-Johan Gyllenstorm beräknade körtiden till cirka 306 minuter.,<url><loc>https://pendlings-app1.t-767929534-cloudflare.workers.dev/?fran=Härjedalen&amp;till=Härnösand</loc><changefreq>monthly</changefreq></url>
Boden,Landskrona,41,30,Avståndet mellan Boden och Landskrona är 41 km och Karl-Johan Gyllenstorm beräknade körtiden till cirka 30 minuter.,<url><loc>https://pendlings-app1.t-767929534-cloudflare.workers.dev/?fran=Boden&amp;till=Landskrona</loc><changefreq>monthly</changefreq></url>
Habon,Sollefteå,466,299,Avståndet mellan Habon och Sollefteå är 466 km och Karl-Johan Gyllenstorm beräknade körtiden till cirka 299 minuter.,<url><loc>https://pendlings-app1.t-767929534-cloudflare.workers.dev/?fran=Habon&amp;till=Sollefteå</loc><changefreq>monthly</changefreq></url>
Eslöv,Linköping,1351,919,Avståndet mellan Eslöv och Linköping är 1351 km och Karl-Johan Gyllenstorm beräknade körtiden till cirka 919 minuter.,<url><loc>https://pendlings-app1.t-767929534-cloudflare.workers.dev/?fran=Eslöv&amp;till=Linköping</loc><changefreq>monthly</changefreq></url>
Söderköping,Visby,925,611,Avståndet mellan Söderköping och Visby är 925 km och Karl-Johan Gyllenstorm beräknade körtiden till cirka 611 minuter.,<url><loc>https://pendlings-app1.t-767929534-cloudflare.workers.dev/?fran=Söderköping&amp;till=Visby</loc><changefreq>monthly</changefreq></url>
Skara,Eda,554,391,Avståndet mellan Skara och Eda är 554 km och Karl-Johan Gyllenstorm beräknade körtiden till cirka 391 minuter.,<url><loc>https://pendlings-app1.t-767929534-cloudflare.workers.dev/?fran=Skara&amp;till=Eda</loc><changefreq>monthly</changefreq></url>
Trosa,Orsa,1008,650,Avståndet mellan Trosa och Orsa är 1008 km och Karl-Johan Gyllenstorm beräknade körtiden till cirka 650 minuter.,<url><loc>https://pendlings-app1.t-767929534-cloudflare.workers.dev/?fran=Trosa&amp;till=Orsa</loc><changefreq>monthly</changefreq></url>
Charlottenberg,Jokkmokk,646,452,Avståndet mellan Charlottenberg och Jokkmokk är 646 km och Karl-Johan Gyllenstorm beräknade körtiden till cirka 452 minuter.,<url><loc>https://pendlings-app1.t-767929534-cloudflare.workers.dev/?fran=Charlottenberg&amp;till=Jokkmokk</loc><changefreq>monthly</changefreq></url>
Eslöv,Finspång,1427,944,Avståndet mellan Eslöv och Finspång är 1427 km och Karl-Johan Gyllenstorm beräknade körtiden till cirka 944 minuter.,<url><loc>https://pendlings-app1.t-767929534-cloudflare.workers.dev/?fran=Eslöv&amp;till=Finspång</loc><changefreq>monthly</changefreq></url>
Visby,Grums,787,543,Avståndet mellan Visby och Grums är 787 km och Karl-Johan Gyllenstorm beräknade körtiden till cirka 543 minuter.,<url><loc>https://pendlings-app1.t-767929534-cloudflare.workers.dev/?fran=Visby&amp;till=Grums</loc><changefreq>monthly</changefreq></url>
Lund,Hudiksvall,1255,899,Avståndet mellan Lund och Hudiksvall är 1255 km och Karl-Johan Gyllenstorm beräknade körtiden till cirka 899 minuter.,<url><loc>https://pendlings-app1.t-767929534-cloudflare.workers.dev/?fran=Lund&amp;till=Hudiksvall</loc><changefreq>monthly</changefreq></url>
Kils,Jönköping,374,292,Avståndet mellan Kils och Jönköping är 374 km och Karl-Johan Gyllenstorm beräknade körtiden till cirka 292 minuter.,<url><loc>https://pendlings-app1.t-767929534-cloudflare.workers.dev/?fran=Kils&amp;till=Jönköping</loc><changefreq>monthly</changefreq></url>
Mark,Smedjebacken,499,349,Avståndet mellan Mark och Smedjebacken är 499 km och Karl-Johan Gyllenstorm beräknade körtiden till cirka 349 minuter.,<url><loc>https://pendlings-app1.t-767929534-cloudflare.workers.dev/?fran=Mark&amp;till=Smedjebacken</loc><changefreq>monthly</changefreq></url>
Årjäng,Västerås,665,531,Avståndet mellan Årjäng och Västerås är 665 km och Karl-Johan Gyllenstorm beräknade körtiden till cirka 531 minuter.,<url><loc>https://pendlings-app1.t-767929534-cloudflare.workers.dev/?fran=Årjäng&amp;till=Västerås</loc><changefreq>monthly</changefreq></url>
Grums,Eskilstuna,192,122,Avståndet mellan Grums och Eskilstuna är 192 km och Karl-Johan Gyllenstorm beräknade körtiden till cirka 122 minuter.,<url><loc>https://pendlings-app1.t-767929534-cloudflare.workers.dev/?fran=Grums&amp;till=Eskilstuna</loc><changefreq>monthly</changefreq></url>
Ödeshög,Ystad,613,450,Avståndet mellan Ödeshög och Ystad är 613 km och Karl-Johan Gyllenstorm beräknade körtiden till cirka 450 minuter.,<url><loc>https://pendlings-app1.t-767929534-cloudflare.workers.dev/?fran=Ödeshög&amp;till=Ystad</loc><changefreq>monthly</changefreq></url>
Pajala,Ängelholm,737,557,Avståndet mellan Pajala och Ängelholm är 737 km och Karl-Johan Gyllenstorm beräknade körtiden till cirka 557 minuter.,<url><loc>https://pendlings-app1.t-767929534-cloudflare.workers.dev/?fran=Pajala&amp;till=Ängelholm</loc><changefreq>monthly</changefreq></url>
Borås,Karlskrona,365,246,Avståndet mellan Borås och Karlskrona är 365 km och Karl-Johan Gyllenstorm beräknade körtiden till cirka 246 minuter.,<url><loc>https://pendlings-app1.t-767929534-cloudflare.workers.dev/?fran=Borås&amp;till=Karlskrona</loc><changefreq>monthly</changefreq></url>
Hultsfred,Båstad,1245,981,Avståndet mellan Hultsfred och Båstad är 1245 km och Karl-Johan Gyllenstorm beräknade körtiden till cirka 981 minuter.,<url><loc>https://pendlings-app1.t-767929534-cloudflare.workers.dev/?fran=Hultsfred&amp;till=Båstad</loc><changefreq>monthly</changefreq></url>
Katrineholm,Vadstena,535,387,Avståndet mellan Katrineholm och Vadstena är 535 km och Karl-Johan Gyllenstorm beräknade körtiden till cirka 387 minuter.,<url><loc>https://pendlings-app1.t-767929534-cloudflare.workers.dev/?fran=Katrineholm&amp;till=Vadstena</loc><changefreq>monthly</changefreq></url>
Sveg,Aneby,1373,1047,Avståndet mellan Sveg och Aneby är 1373 km och Karl-Johan Gyllenstorm beräknade körtiden till cirka 1047 minuter.,<url><loc>https://pendlings-app1.t-767929534-cloudflare.workers.dev/?fran=Sveg&amp;till=Aneby</loc><changefreq>monthly</changefreq></url>
Simrishamn,Överkalix,212,136,Avståndet mellan Simrishamn och Överkalix är 212 km och Karl-Johan Gyllenstorm beräknade körtiden till cirka 136 minuter.,<url><loc>https://pendlings-app1.t-767929534-cloudflare.workers.dev/?fran=Simrishamn&amp;till=Överkalix</loc><changefreq>monthly</changefreq></url>
Visby,Borlänge,164,105,Avståndet mellan Visby och Borlänge är 164 km och Karl-Johan Gyllenstorm beräknade körtiden till cirka 105 minuter.,<url><loc>https://pendlings-app1.t-767929534-cloudflare.workers.dev/?fran=Visby&amp;till=Borlänge</loc><changefreq>monthly</changefreq></url>
Pajala,Malung,992,746,Avståndet mellan Pajala och Malung är 992 km och Karl-Johan Gyllenstorm beräknade körtiden till cirka 746 minuter.,<url><loc>https://pendlings-app1.t-767929534-cloudflare.workers.dev/?fran=Pajala&amp;till=Malung</loc><changefreq>monthly</changefreq></url>
Luleå,Gävle,1335,1029,Avståndet mellan Luleå och Gävle är 1335 km och Karl-Johan Gyllenstorm beräknade körtiden till cirka 1029 minuter.,<url><loc>https://pendlings-app1.t-767929534-cloudflare.workers.dev/?fran=Luleå&amp;till=Gävle</loc><changefreq>monthly</changefreq></url>
Laholm,Hallsberg,973,688,Avståndet mellan Laholm och Hallsberg är 973 km och Karl-Johan Gyllenstorm beräknade körtiden till cirka 688 minuter.,<url><loc>https://pendlings-app1.t-767929534-cloudflare.workers.dev/?fran=Laholm&amp;till=Hallsberg</loc><changefreq>monthly</changefreq></url>
Lysekil,Hallstahammar,896,594,Avståndet mellan Lysekil och Hallstahammar är 896 km och Karl-Johan Gyllenstorm beräknade körtiden till cirka 594 minuter.,<url><loc>https://pendlings-app1.t-767929534-cloudflare.workers.dev/?fran=Lysekil&amp;till=Hallstahammar</loc><changefreq>monthly</changefreq></url>
Storfors,Årjäng,1122,766,Avståndet mellan Storfors och Årjäng är 1122 km och Karl-Johan Gyllenstorm beräknade körtiden till cirka 766 minuter.,<url><loc>https://pendlings-app1.t-767929534-cloudflare.workers.dev/?fran=Storfors&amp;till=Årjäng</loc><changefreq>monthly</changefreq></url>
Södertälje,Tanum,529,363,Avståndet mellan Södertälje och Tanum är 529 km och Karl-Johan Gyllenstorm beräknade körtiden till cirka 363 minuter.,<url><loc>https://pendlings-app1.t-767929534-cloudflare.workers.dev/?fran=Södertälje&amp;till=Tanum</loc><changefreq>monthly</changefreq></url>
Askersund,Arboga,1163,857,Avståndet mellan Askersund och Arboga är 1163 km och Karl-Johan Gyllenstorm beräknade körtiden till cirka 857 minuter.,<url><loc>https://pendlings-app1.t-767929534-cloudflare.workers.dev/?fran=Askersund&amp;till=Arboga</loc><changefreq>monthly</changefreq></url>
Enköping,Nordanstig,1407,1037,Avståndet mellan Enköping och Nordanstig är 1407 km och Karl-Johan Gyllenstorm beräknade körtiden till cirka 1037 minuter.,<url><loc>https://pendlings-app1.t-767929534-cloudflare.workers.dev/?fran=Enköping&amp;till=Nordanstig</loc><changefreq>monthly</changefreq></url>
Halmstad,Sunne,690,528,Avståndet mellan Halmstad och Sunne är 690 km och Karl-Johan Gyllenstorm beräknade körtiden till cirka 528 minuter.,<url><loc>https://pendlings-app1.t-767929534-cloudflare.workers.dev/?fran=Halmstad&amp;till=Sunne</loc><changefreq>monthly</changefreq></url>
Katrineholm,Göteborg,1221,829,Avståndet mellan Katrineholm och Göteborg är 1221 km och Karl-Johan Gyllenstorm beräknade körtiden till cirka 829 minuter.,<url><loc>https://pendlings-app1.t-767929534-cloudflare.workers.dev/?fran=Katrineholm&amp;till=Göteborg</loc><changefreq>monthly</changefreq></url>
Svenljunga,Hallsberg,373,253,Avståndet mellan Svenljunga och Hallsberg är 373 km och Karl-Johan Gyllenstorm beräknade körtiden till cirka 253 minuter.,<url><loc>https://pendlings-app1.t-767929534-cloudflare.workers.dev/?fran=Svenljunga&amp;till=Hallsberg</loc><changefreq>monthly</changefreq></url>
Växjö,Askersund,734,566,Avståndet mellan Växjö och Askersund är 734 km och Karl-Johan Gyllenstorm beräknade körtiden till cirka 566 minuter.,<url><loc>https://pendlings-app1.t-767929534-cloudflare.workers.dev/?fran=Växjö&amp;till=Askersund</loc><changefreq>monthly</changefreq></url>
Ånge,Ydre,665,518,Avståndet mellan Ånge och Ydre är 665 km och Karl-Johan Gyllenstorm beräknade körtiden till cirka 518 minuter.,<url><loc>https://pendlings-app1.t-767929534-cloudflare.workers.dev/?fran=Ånge&amp;till=Ydre</loc><changefreq>monthly</changefreq></url>
Östhammar,Götene,261,166,Avståndet mellan Östhammar och Götene är 261 km och Karl-Johan Gyllenstorm beräknade körtiden till cirka 166 minuter.,<url><loc>https://pendlings-app1.t-767929534-cloudflare.workers.dev/?fran=Östhammar&amp;till=Götene</loc><changefreq>monthly</changefreq></url>
Skara,Falun,696,493,Avståndet mellan Skara och Falun är 696 km och Karl-Johan Gyllenstorm beräknade körtiden till cirka 493 minuter.,<url><loc>https://pendlings-app1.t-767929534-cloudflare.workers.dev/?fran=Skara&amp;till=Falun</loc><changefreq>monthly</changefreq></url>
Storuman,Vänersborg,1284,1005,Avståndet mellan Storuman och Vänersborg är 1284 km och Karl-Johan Gyllenstorm beräknade körtiden till cirka 1005 minuter.,<url><loc>https://pendlings-app1.t-767929534-cloudflare.workers.dev/?fran=Storuman&amp;till=Vänersborg</loc><changefreq>monthly</changefreq></url>
Kungsbacka,Vimmerby,161,127,Avståndet mellan Kungsbacka och Vimmerby är 161 km och Karl-Johan Gyllenstorm beräknade körtiden till cirka 127 minuter.,<url><loc>https://pendlings-app1.t-767929534-cloudflare.workers.dev/?fran=Kungsbacka&amp;till=Vimmerby</loc><changefreq>monthly</changefreq></url>
Söderköping,Trosa,131,92,Avståndet mellan Söderköping och Trosa är 131 km och Karl-Johan Gyllenstorm beräknade körtiden till cirka 92 minuter.,<url><loc>https://pendlings-app1.t-767929534-cloudflare.workers.dev/?fran=Söderköping&amp;till=Trosa</loc><changefreq>monthly</changefreq></url>
Essunga,Krokom,1329,1050,Avståndet mellan Essunga och Krokom är 1329 km och Karl-Johan Gyllenstorm beräknade körtiden till cirka 1050 minuter.,<url><loc>https://pendlings-app1.t-767929534-cloudflare.workers.dev/?fran=Essunga&amp;till=Krokom</loc><changefreq>monthly</changefreq></url>
Örkelljunga,Vara,656,452,Avståndet mellan Örkelljunga och Vara är 656 km och Karl-Johan Gyllenstorm beräknade körtiden till cirka 452 minuter.,<url><loc>https://pendlings-app1.t-767929534-cloudflare.workers.dev/?fran=Örkelljunga&amp;till=Vara</loc><changefreq>monthly</changefreq></url>
Götene,Malå,554,396,Avståndet mellan Götene och Malå är 554 km och Karl-Johan Gyllenstorm beräknade körtiden till cirka 396 minuter.,<url><loc>https://pendlings-app1.t-767929534-cloudflare.workers.dev/?fran=Götene&amp;till=Malå</loc><changefreq>monthly</changefreq></url>
Malå,Skellefteå,654,488,Avståndet mellan Malå och Skellefteå är 654 km och Karl-Johan Gyllenstorm beräknade körtiden till cirka 488 minuter.,<url><loc>https://pendlings-app1.t-767929534-cloudflare.workers.dev/?fran=Malå&amp;till=Skellefteå</loc><changefreq>monthly</changefreq></url>
Ånge,Ronehamn,496,330,Avståndet mellan Ånge och Ronehamn är 496 km och Karl-Johan Gyllenstorm beräknade körtiden till cirka 330 minuter.,<url><loc>https://pendlings-app1.t-767929534-cloudflare.workers.dev/?fran=Ånge&amp;till=Ronehamn</loc><changefreq>monthly</changefreq></url>
Vingåker,Säffle,1332,1008,Avståndet mellan Vingåker och Säffle är 1332 km och Karl-Johan Gyllenstorm beräknade körtiden till cirka 1008 minuter.,<url><loc>https://pendlings-app1.t-767929534-cloudflare.workers.dev/?fran=Vingåker&amp;till=Säffle</loc><changefreq>monthly</changefreq></url>
Smedjebacken,Krokom,314,233,Avståndet mellan Smedjebacken och Krokom är 314 km och Karl-Johan Gyllenstorm beräknade körtiden till cirka 233 minuter.,<url><loc>https://pendlings-app1.t-767929534-cloudflare.workers.dev/?fran=Smedjebacken&amp;till=Krokom</loc><changefreq>monthly</changefreq></url>
Slite,Olofström,1108,742,Avståndet mellan Slite och Olofström är 1108 km och Karl-Johan Gyllenstorm beräknade körtiden till cirka 742 minuter.,<url><loc>https://pendlings-app1.t-767929534-cloudflare.workers.dev/?fran=Slite&amp;till=Olofström</loc><changefreq>monthly</changefreq></url>
Oskarshamn,Strängnäs,630,489,Avståndet mellan Oskarshamn och Strängnäs är 630 km och Karl-Johan Gyllenstorm beräknade körtiden till cirka 489 minuter.,<url><loc>https://pendlings-app1.t-767929534-cloudflare.workers.dev/?fran=Oskarshamn&amp;till=Strängnäs</loc><changefreq>monthly</changefreq></url>
Oxelösund,Täby,969,751,Avståndet mellan Oxelösund och Täby är 969 km och Karl-Johan Gyllenstorm beräknade körtiden till cirka 751 minuter.,<url><loc>https://pendlings-app1.t-767929534-cloudflare.workers.dev/?fran=Oxelösund&amp;till=Täby</loc><changefreq>monthly</changefreq></url>
Vårgårda,Vilhelmina,1214,899,Avståndet mellan Vårgårda och Vilhelmina är 1214 km och Karl-Johan Gyllenstorm beräknade körtiden till cirka 899 minuter.,<url><loc>https://pendlings-app1.t-767929534-cloudflare.workers.dev/?fran=Vårgårda&amp;till=Vilhelmina</loc><changefreq>monthly</changefreq></url>
Hultsfred,Forshaga,1194,851,Avståndet mellan Hultsfred och Forshaga är 1194 km och Karl-Johan Gyllenstorm beräknade körtiden till cirka 851 minuter.,<url><loc>https://pendlings-app1.t-767929534-cloudflare.workers.dev/?fran=Hultsfred&amp;till=Forshaga</loc><changefreq>monthly</changefreq></url>
Krokom,Falkenberg,557,414,Avståndet mellan Krokom och Falkenberg är 557 km och Karl-Johan Gyllenstorm beräknade körtiden till cirka 414 minuter.,<url><loc>https://pendlings-app1.t-767929534-cloudflare.workers.dev/?fran=Krokom&amp;till=Falkenberg</loc><changefreq>monthly</changefreq></url>
Smedjebacken,Uddevalla,1260,956,Avståndet mellan Smedjebacken och Uddevalla är 1260 km och Karl-Johan Gyllenstorm beräknade körtiden till cirka 956 minuter.,<url><loc>https://pendlings-app1.t-767929534-cloudflare.workers.dev/?fran=Smedjebacken&amp;till=Uddevalla</loc><changefreq>monthly</changefreq></url>
Lysekil,Nyköping,707,533,Avståndet mellan Lysekil och Nyköping är 707 km och Karl-Johan Gyllenstorm beräknade körtiden till cirka 533 minuter.,<url><loc>https://pendlings-app1.t-767929534-cloudflare.workers.dev/?fran=Lysekil&amp;till=Nyköping</loc><changefreq>monthly</changefreq></url>
Skutskär,Gagnef,1070,749,Avståndet mellan Skutskär och Gagnef är 1070 km och Karl-Johan Gyllenstorm beräknade körtiden till cirka 749 minuter.,<url><loc>https://pendlings-app1.t-767929534-cloudflare.workers.dev/?fran=Skutskär&amp;till=Gagnef</loc><changefreq>monthly</changefreq></url>
Örkelljunga,Vårgårda,480,365,Avståndet mellan Örkelljunga och Vårgårda är 480 km och Karl-Johan Gyllenstorm beräknade körtiden till cirka 365 minuter.,<url><loc>https://pendlings-app1.t-767929534-cloudflare.workers.dev/?fran=Örkelljunga&amp;till=Vårgårda</loc><changefreq>monthly</changefreq></url>
Örkelljunga,Sandviken,1110,839,Avståndet mellan Örkelljunga och Sandviken är 1110 km och Karl-Johan Gyllenstorm beräknade körtiden till cirka 839 minuter.,<url><loc>https://pendlings-app1.t-767929534-cloudflare.workers.dev/?fran=Örkelljunga&amp;till=Sandviken</loc><changefreq>monthly</changefreq></url>
Övertorneå,Lomma,195,127,Avståndet mellan Övertorneå och Lomma är 195 km och Karl-Johan Gyllenstorm beräknade körtiden till cirka 127 minuter.,<url><loc>https://pendlings-app1.t-767929534-cloudflare.workers.dev/?fran=Övertorneå&amp;till=Lomma</loc><changefreq>monthly</changefreq></url>
Mullsjö,Arvidsjaur,165,112,Avståndet mellan Mullsjö och Arvidsjaur är 165 km och Karl-Johan Gyllenstorm beräknade körtiden till cirka 112 minuter.,<url><loc>https://pendlings-app1.t-767929534-cloudflare.workers.dev/?fran=Mullsjö&amp;till=Arvidsjaur</loc><changefreq>monthly</changefreq></url>
Sorsele,Boden,515,338,Avståndet mellan Sorsele och Boden är 515 km och Karl-Johan Gyllenstorm beräknade körtiden till cirka 338 minuter.,<url><loc>https://pendlings-app1.t-767929534-cloudflare.workers.dev/?fran=Sorsele&amp;till=Boden</loc><changefreq>monthly</changefreq></url>
Grums,Svalöv,1092,702,Avståndet mellan Grums och Svalöv är 1092 km och Karl-Johan Gyllenstorm beräknade körtiden till cirka 702 minuter.,<url><loc>https://pendlings-app1.t-767929534-cloudflare.workers.dev/?fran=Grums&amp;till=Svalöv</loc><changefreq>monthly</changefreq></url>
Sveg,Örnsköldsvik,398,286,Avståndet mellan Sveg och Örnsköldsvik är 398 km och Karl-Johan Gyllenstorm beräknade körtiden till cirka 286 minuter.,<url><loc>https://pendlings-app1.t-767929534-cloudflare.workers.dev/?fran=Sveg&amp;till=Örnsköldsvik</loc><changefreq>monthly</changefreq></url>
Ystad,Lekeberg,101,71,Avståndet mellan Ystad och Lekeberg är 101 km och Karl-Johan Gyllenstorm beräknade körtiden till cirka 71 minuter.,<url><loc>https://pendlings-app1.t-767929534-cloudflare.workers.dev/?fran=Ystad&amp;till=Lekeberg</loc><changefreq>monthly</changefreq></url>
Kungsbacka,Mjölby,1061,743,Avståndet mellan Kungsbacka och Mjölby är 1061 km och Karl-Johan Gyllenstorm beräknade körtiden till cirka 743 minuter.,<url><loc>https://pendlings-app1.t-767929534-cloudflare.workers.dev/?fran=Kungsbacka&amp;till=Mjölby</loc><changefreq>monthly</changefreq></url>
Norsjö,Färjestaden,383,252,Avståndet mellan Norsjö och Färjestaden är 383 km och Karl-Johan Gyllenstorm beräknade körtiden till cirka 252 minuter.,<url><loc>https://pendlings-app1.t-767929534-cloudflare.workers.dev/?fran=Norsjö&amp;till=Färjestaden</loc><changefreq>monthly</changefreq></url>
Eslöv,Lärbro,1165,915,Avståndet mellan Eslöv och Lärbro är 1165 km och Karl-Johan Gyllenstorm beräknade körtiden till cirka 915 minuter.,<url><loc>https://pendlings-app1.t-767929534-cloudflare.workers.dev/?fran=Eslöv&amp;till=Lärbro</loc><changefreq>monthly</changefreq></url>
Bräcke,Ulricehamn,381,270,Avståndet mellan Bräcke och Ulricehamn är 381 km och Karl-Johan Gyllenstorm beräknade körtiden till cirka 270 minuter.,<url><loc>https://pendlings-app1.t-767929534-cloudflare.workers.dev/?fran=Bräcke&amp;till=Ulricehamn</loc><changefreq>monthly</changefreq></url>
Ulricehamn,Älvkarleby,998,759,Avståndet mellan Ulricehamn och Älvkarleby är 998 km och Karl-Johan Gyllenstorm beräknade körtiden till cirka 759 minuter.,<url><loc>https://pendlings-app1.t-767929534-cloudflare.workers.dev/?fran=Ulricehamn&amp;till=Älvkarleby</loc><changefreq>monthly</changefreq></url>
Töreboda,Övertorneå,609,399,Avståndet mellan Töreboda och Övertorneå är 609 km och Karl-Johan Gyllenstorm beräknade körtiden till cirka 399 minuter.,<url><loc>https://pendlings-app1.t-767929534-cloudflare.workers.dev/?fran=Töreboda&amp;till=Övertorneå</loc><changefreq>monthly</changefreq></url>
Älvsbyn,Härnösand,915,698,Avståndet mellan Älvsbyn och Härnösand är 915 km och Karl-Johan Gyllenstorm beräknade körtiden till cirka 698 minuter.,<url><loc>https://pendlings-app1.t-767929534-cloudflare.workers.dev/?fran=Älvsbyn&amp;till=Härnösand</loc><changefreq>monthly</changefreq></url>
Strängnäs,Håbo,1426,1122,Avståndet mellan Strängnäs och Håbo är 1426 km och Karl-Johan Gyllenstorm beräknade körtiden till cirka 1122 minuter.,<url><loc>https://pendlings-app1.t-767929534-cloudflare.workers.dev/?fran=Strängnäs&amp;till=Håbo</loc><changefreq>monthly</changefreq></url>
Boden,Pajala,396,307,Avståndet mellan Boden och Pajala är 396 km och Karl-Johan Gyllenstorm beräknade körtiden till cirka 307 minuter.,<url><loc>https://pendlings-app1.t-767929534-cloudflare.workers.dev/?fran=Boden&amp;till=Pajala</loc><changefreq>monthly</changefreq></url>
Emmaboda,Kalmar,1441,1066,Avståndet mellan Emmaboda och Kalmar är 1441 km och Karl-Johan Gyllenstorm beräknade körtiden till cirka 1066 minuter.,<url><loc>https://pendlings-app1.t-767929534-cloudflare.workers.dev/?fran=Emmaboda&amp;till=Kalmar</loc><changefreq>monthly</changefreq></url>
Karlstad,Stockholm,694,454,Avståndet mellan Karlstad och Stockholm är 694 km och Karl-Johan Gyllenstorm beräknade körtiden till cirka 454 minuter.,<url><loc>https://pendlings-app1.t-767929534-cloudflare.workers.dev/?fran=Karlstad&amp;till=Stockholm</loc><changefreq>monthly</changefreq></url>
Finspång,Lycksele,460,295,Avståndet mellan Finspång och Lycksele är 460 km och Karl-Johan Gyllenstorm beräknade körtiden till cirka 295 minuter.,<url><loc>https://pendlings-app1.t-767929534-cloudflare.workers.dev/?fran=Finspång&amp;till=Lycksele</loc><changefreq>monthly</changefreq></url>
Hyltebruk,Aneby,488,346,Avståndet mellan Hyltebruk och Aneby är 488 km och Karl-Johan Gyllenstorm beräknade körtiden till cirka 346 minuter.,<url><loc>https://pendlings-app1.t-767929534-cloudflare.workers.dev/?fran=Hyltebruk&amp;till=Aneby</loc><changefreq>monthly</changefreq></url>
Bräcke,Ystad,1073,847,Avståndet mellan Bräcke och Ystad är 1073 km och Karl-Johan Gyllenstorm beräknade körtiden till cirka 847 minuter.,<url><loc>https://pendlings-app1.t-767929534-cloudflare.workers.dev/?fran=Bräcke&amp;till=Ystad</loc><changefreq>monthly</changefreq></url>
Ydre,Ljusdal,1073,746,Avståndet mellan Ydre och Ljusdal är 1073 km och Karl-Johan Gyllenstorm beräknade körtiden till cirka 746 minuter.,<url><loc>https://pendlings-app1.t-767929534-cloudflare.workers.dev/?fran=Ydre&amp;till=Ljusdal</loc><changefreq>monthly</changefreq></url>
Filipstad,Bengtsfors,244,178,Avståndet mellan Filipstad och Bengtsfors är 244 km och Karl-Johan Gyllenstorm beräknade körtiden till cirka 178 minuter.,<url><loc>https://pendlings-app1.t-767929534-cloudflare.workers.dev/?fran=Filipstad&amp;till=Bengtsfors</loc><changefreq>monthly</changefreq></url>
Åsele,Storfors,1429,1014,Avståndet mellan Åsele och Storfors är 1429 km och Karl-Johan Gyllenstorm beräknade körtiden till cirka 1014 minuter.,<url><loc>https://pendlings-app1.t-767929534-cloudflare.workers.dev/?fran=Åsele&amp;till=Storfors</loc><changefreq>monthly</changefreq></url>
Ed,Burgsvik,624,465,Avståndet mellan Ed och Burgsvik är 624 km och Karl-Johan Gyllenstorm beräknade körtiden till cirka 465 minuter.,<url><loc>https://pendlings-app1.t-767929534-cloudflare.workers.dev/?fran=Ed&amp;till=Burgsvik</loc><changefreq>monthly</changefreq></url>
Färjestaden,Vårgårda,806,569,Avståndet mellan Färjestaden och Vårgårda är 806 km och Karl-Johan Gyllenstorm beräknade körtiden till cirka 569 minuter.,<url><loc>https://pendlings-app1.t-767929534-cloudflare.workers.dev/?fran=Färjestaden&amp;till=Vårgårda</loc><changefreq>monthly</changefreq></url>
Göteborg,Mullsjö,1006,720,Avståndet mellan Göteborg och Mullsjö är 1006 km och Karl-Johan Gyllenstorm beräknade körtiden till cirka 720 minuter.,<url><loc>https://pendlings-app1.t-767929534-cloudflare.workers.dev/?fran=Göteborg&amp;till=Mullsjö</loc><changefreq>monthly</changefreq></url>
Arvidsjaur,Sölvesborg,800,512,Avståndet mellan Arvidsjaur och Sölvesborg är 800 km och Karl-Johan Gyllenstorm beräknade körtiden till cirka 512 minuter.,<url><loc>https://pendlings-app1.t-767929534-cloudflare.workers.dev/?fran=Arvidsjaur&amp;till=Sölvesborg</loc><changefreq>monthly</changefreq></url>
Eda,Tibro,1238,815,Avståndet mellan Eda och Tibro är 1238 km och Karl-Johan Gyllenstorm beräknade körtiden till cirka 815 minuter.,<url><loc>https://pendlings-app1.t-767929534-cloudflare.workers.dev/?fran=Eda&amp;till=Tibro</loc><changefreq>monthly</changefreq></url>
Åmål,Strömstad,1230,788,Avståndet mellan Åmål och Strömstad är 1230 km och Karl-Johan Gyllenstorm beräknade körtiden till cirka 788 minuter.,<url><loc>https://pendlings-app1.t-767929534-cloudflare.workers.dev/?fran=Åmål&amp;till=Strömstad</loc><changefreq>monthly</changefreq></url>
Karlstad,Mjölby,660,498,Avståndet mellan Karlstad och Mjölby är 660 km och Karl-Johan Gyllenstorm beräknade körtiden till cirka 498 minuter.,<url><loc>https://pendlings-app1.t-767929534-cloudflare.workers.dev/?fran=Karlstad&amp;till=Mjölby</loc><changefreq>monthly</changefreq></url>
Kristianstad,Söderhamn,836,645,Avståndet mellan Kristianstad och Söderhamn är 836 km och Karl-Johan Gyllenstorm beräknade körtiden till cirka 645 minuter.,<url><loc>https://pendlings-app1.t-767929534-cloudflare.workers.dev/?fran=Kristianstad&amp;till=Söderhamn</loc><changefreq>monthly</changefreq></url>
Sjöbo,Askersund,1263,876,Avståndet mellan Sjöbo och Askersund är 1263 km och Karl-Johan Gyllenstorm beräknade körtiden till cirka 876 minuter.,<url><loc>https://pendlings-app1.t-767929534-cloudflare.workers.dev/?fran=Sjöbo&amp;till=Askersund</loc><changefreq>monthly</changefreq></url>
Krokom,Ödeshög,795,545,Avståndet mellan Krokom och Ödeshög är 795 km och Karl-Johan Gyllenstorm beräknade körtiden till cirka 545 minuter.,<url><loc>https://pendlings-app1.t-767929534-cloudflare.workers.dev/?fran=Krokom&amp;till=Ödeshög</loc><changefreq>monthly</changefreq></url>
Vellinge,Ljusdal,905,677,Avståndet mellan Vellinge och Ljusdal är 905 km och Karl-Johan Gyllenstorm beräknade körtiden till cirka 677 minuter.,<url><loc>https://pendlings-app1.t-767929534-cloudflare.workers.dev/?fran=Vellinge&amp;till=Ljusdal</loc><changefreq>monthly</changefreq></url>
Arvika,Karlshamn,724,571,Avståndet mellan Arvika och Karlshamn är 724 km och Karl-Johan Gyllenstorm beräknade körtiden till cirka 571 minuter.,<url><loc>https://pendlings-app1.t-767929534-cloudflare.workers.dev/?fran=Arvika&amp;till=Karlshamn</loc><changefreq>monthly</changefreq></url>
Lärbro,Avesta,1228,852,Avståndet mellan Lärbro och Avesta är 1228 km och Karl-Johan Gyllenstorm beräknade körtiden till cirka 852 minuter.,<url><loc>https://pendlings-app1.t-767929534-cloudflare.workers.dev/?fran=Lärbro&amp;till=Avesta</loc><changefreq>monthly</changefreq></url>
Mora,Staffanstorp,84,57,Avståndet mellan Mora och Staffanstorp är 84 km och Karl-Johan Gyllenstorm beräknade körtiden till cirka 57 minuter.,<url><loc>https://pendlings-app1.t-767929534-cloudflare.workers.dev/?fran=Mora&amp;till=Staffanstorp</loc><changefreq>monthly</changefreq></url>
Strömstad,Varberg,254,201,Avståndet mellan Strömstad och Varberg är 254 km och Karl-Johan Gyllenstorm beräknade körtiden till cirka 201 minuter.,<url><loc>https://pendlings-app1.t-767929534-cloudflare.workers.dev/?fran=Strömstad&amp;till=Varberg</loc><changefreq>monthly</changefreq></url>
Lindesberg,Boden,1244,867,Avståndet mellan Lindesberg och Boden är 1244 km och Karl-Johan Gyllenstorm beräknade körtiden till cirka 867 minuter.,<url><loc>https://pendlings-app1.t-767929534-cloudflare.workers.dev/?fran=Lindesberg&amp;till=Boden</loc><changefreq>monthly</changefreq></url>
Sveg,Falkenberg,1007,759,Avståndet mellan Sveg och Falkenberg är 1007 km och Karl-Johan Gyllenstorm beräknade körtiden till cirka 759 minuter.,<url><loc>https://pendlings-app1.t-767929534-cloudflare.workers.dev/?fran=Sveg&amp;till=Falkenberg</loc><changefreq>monthly</changefreq></url>
Göteborg,Storuman,59,41,Avståndet mellan Göteborg och Storuman är 59 km och Karl-Johan Gyllenstorm beräknade körtiden till cirka 41 minuter.,<url><loc>https://pendlings-app1.t-767929534-cloudflare.workers.dev/?fran=Göteborg&amp;till=Storuman</loc><changefreq>monthly</changefreq></url>
Tanum,Östersund,504,330,Avståndet mellan Tanum och Östersund är 504 km och Karl-Johan Gyllenstorm beräknade körtiden till cirka 330 minuter.,<url><loc>https://pendlings-app1.t-767929534-cloudflare.workers.dev/?fran=Tanum&amp;till=Östersund</loc><changefreq>monthly</changefreq></url>
Sollefteå,Överkalix,1425,959,Avståndet mellan Sollefteå och Överkalix är 1425 km och Karl-Johan Gyllenstorm beräknade körtiden till cirka 959 minuter.,<url><loc>https://pendlings-app1.t-767929534-cloudflare.workers.dev/?fran=Sollefteå&amp;till=Överkalix</loc><changefreq>monthly</changefreq></url>
Malung,Karlshamn,360,281,Avståndet mellan Malung och Karlshamn är 360 km och Karl-Johan Gyllenstorm beräknade körtiden till cirka 281 minuter.,<url><loc>https://pendlings-app1.t-767929534-cloudflare.workers.dev/?fran=Malung&amp;till=Karlshamn</loc><changefreq>monthly</changefreq></url>
Gnosjö,Simrishamn,199,139,Avståndet mellan Gnosjö och Simrishamn är 199 km och Karl-Johan Gyllenstorm beräknade körtiden till cirka 139 minuter.,<url><loc>https://pendlings-app1.t-767929534-cloudflare.workers.dev/?fran=Gnosjö&amp;till=Simrishamn</loc><changefreq>monthly</changefreq></url>
Kumla,Svenljunga,863,587,Avståndet mellan Kumla och Svenljunga är 863 km och Karl-Johan Gyllenstorm beräknade körtiden till cirka 587 minuter.,<url><loc>https://pendlings-app1.t-767929534-cloudflare.workers.dev/?fran=Kumla&amp;till=Svenljunga</loc><changefreq>monthly</changefreq></url>
Borlänge,Vadstena,619,399,Avståndet mellan Borlänge och Vadstena är 619 km och Karl-Johan Gyllenstorm beräknade körtiden till cirka 399 minuter.,<url><loc>https://pendlings-app1.t-767929534-cloudflare.workers.dev/?fran=Borlänge&amp;till=Vadstena</loc><changefreq>monthly</changefreq></url>
Bollnäs,Västerås,373,254,Avståndet mellan Bollnäs och Västerås är 373 km och Karl-Johan Gyllenstorm beräknade körtiden till cirka 254 minuter.,<url><loc>https://pendlings-app1.t-767929534-cloudflare.workers.dev/?fran=Bollnäs&amp;till=Västerås</loc><changefreq>monthly</changefreq></url>
Falkenberg,Finspång,823,613,Avståndet mellan Falkenberg och Finspång är 823 km och Karl-Johan Gyllenstorm beräknade körtiden till cirka 613 minuter.,<url><loc>https://pendlings-app1.t-767929534-cloudflare.workers.dev/?fran=Falkenberg&amp;till=Finspång</loc><changefreq>monthly</changefreq></url>
Göteborg,Årjäng,1078,714,Avståndet mellan Göteborg och Årjäng är 1078 km och Karl-Johan Gyllenstorm beräknade körtiden till cirka 714 minuter.,<url><loc>https://pendlings-app1.t-767929534-cloudflare.workers.dev/?fran=Göteborg&amp;till=Årjäng</loc><changefreq>monthly</changefreq></url>
Götene,Strängnäs,634,435,Avståndet mellan Götene och Strängnäs är 634 km och Karl-Johan Gyllenstorm beräknade körtiden till cirka 435 minuter.,<url><loc>https://pendlings-app1.t-767929534-cloudflare.workers.dev/?fran=Götene&amp;till=Strängnäs</loc><changefreq>monthly</changefreq></url>
Havdhem,Storuman,1397,960,Avståndet mellan Havdhem och Storuman är 1397 km och Karl-Johan Gyllenstorm beräknade körtiden till cirka 960 minuter.,<url><loc>https://pendlings-app1.t-767929534-cloudflare.workers.dev/?fran=Havdhem&amp;till=Storuman</loc><changefreq>monthly</changefreq></url>
Mönsterås,Eksjö,962,666,Avståndet mellan Mönsterås och Eksjö är 962 km och Karl-Johan Gyllenstorm beräknade körtiden till cirka 666 minuter.,<url><loc>https://pendlings-app1.t-767929534-cloudflare.workers.dev/?fran=Mönsterås&amp;till=Eksjö</loc><changefreq>monthly</changefreq></url>
Tibro,Göteborg,922,705,Avståndet mellan Tibro och Göteborg är 922 km och Karl-Johan Gyllenstorm beräknade körtiden till cirka 705 minuter.,<url><loc>https://pendlings-app1.t-767929534-cloudflare.workers.dev/?fran=Tibro&amp;till=Göteborg</loc><changefreq>monthly</changefreq></url>
Åmål,Storuman,784,514,Avståndet mellan Åmål och Storuman är 784 km och Karl-Johan Gyllenstorm beräknade körtiden till cirka 514 minuter.,<url><loc>https://pendlings-app1.t-767929534-cloudflare.workers.dev/?fran=Åmål&amp;till=Storuman</loc><changefreq>monthly</changefreq></url>
Hofors,Arvika,1029,757,Avståndet mellan Hofors och Arvika är 1029 km och Karl-Johan Gyllenstorm beräknade körtiden till cirka 757 minuter.,<url><loc>https://pendlings-app1.t-767929534-cloudflare.workers.dev/?fran=Hofors&amp;till=Arvika</loc><changefreq>monthly</changefreq></url>
Skara,Strömstad,1194,874,Avståndet mellan Skara och Strömstad är 1194 km och Karl-Johan Gyllenstorm beräknade körtiden till cirka 874 minuter.,<url><loc>https://pendlings-app1.t-767929534-cloudflare.workers.dev/?fran=Skara&amp;till=Strömstad</loc><changefreq>monthly</changefreq></url>
Luleå,Ödeshög,1089,843,Avståndet mellan Luleå och Ödeshög är 1089 km och Karl-Johan Gyllenstorm beräknade körtiden till cirka 843 minuter.,<url><loc>https://pendlings-app1.t-767929534-cloudflare.workers.dev/?fran=Luleå&amp;till=Ödeshög</loc><changefreq>monthly</changefreq></url>
Härjedalen,Söderhamn,1086,725,Avståndet mellan Härjedalen och Söderhamn är 1086 km och Karl-Johan Gyllenstorm beräknade körtiden till cirka 725 minuter.,<url><loc>https://pendlings-app1.t-767929534-cloudflare.workers.dev/?fran=Härjedalen&amp;till=Söderhamn</loc><changefreq>monthly</changefreq></url>
Havdhem,Övertorneå,1238,977,Avståndet mellan Havdhem och Övertorneå är 1238 km och Karl-Johan Gyllenstorm beräknade körtiden till cirka 977 minuter.,<url><loc>https://pendlings-app1.t-767929534-cloudflare.workers.dev/?fran=Havdhem&amp;till=Övertorneå</loc><changefreq>monthly</changefreq></url>
Burgsvik,Jönköping,318,250,Avståndet mellan Burgsvik och Jönköping är 318 km och Karl-Johan Gyllenstorm beräknade körtiden till cirka 250 minuter.,<url><loc>https://pendlings-app1.t-767929534-cloudflare.workers.dev/?fran=Burgsvik&amp;till=Jönköping</loc><changefreq>monthly</changefreq></url>
Filipstad,Sunne,1220,869,Avståndet mellan Filipstad och Sunne är 1220 km och Karl-Johan Gyllenstorm beräknade körtiden till cirka 869 minuter.,<url><loc>https://pendlings-app1.t-767929534-cloudflare.workers.dev/?fran=Filipstad&amp;till=Sunne</loc><changefreq>monthly</changefreq></url>
Mjölby,Bjuv,1128,776,Avståndet mellan Mjölby och Bjuv är 1128 km och Karl-Johan Gyllenstorm beräknade körtiden till cirka 776 minuter.,<url><loc>https://pendlings-app1.t-767929534-cloudflare.workers.dev/?fran=Mjölby&amp;till=Bjuv</loc><changefreq>monthly</changefreq></url>
Östra Göinge,Svedala,1381,901,Avståndet mellan Östra Göinge och Svedala är 1381 km och Karl-Johan Gyllenstorm beräknade körtiden till cirka 901 minuter.,<url><loc>https://pendlings-app1.t-767929534-cloudflare.workers.dev/?fran=Östra Göinge&amp;till=Svedala</loc><changefreq>monthly</changefreq></url>
Trelleborg,Borlänge,176,116,Avståndet mellan Trelleborg och Borlänge är 176 km och Karl-Johan Gyllenstorm beräknade körtiden till cirka 116 minuter.,<url><loc>https://pendlings-app1.t-767929534-cloudflare.workers.dev/?fran=Trelleborg&amp;till=Borlänge</loc><changefreq>monthly</changefreq></url>
Kungsbacka,Hässleholm,637,447,Avståndet mellan Kungsbacka och Hässleholm är 637 km och Karl-Johan Gyllenstorm beräknade körtiden till cirka 447 minuter.,<url><loc>https://pendlings-app1.t-767929534-cloudflare.workers.dev/?fran=Kungsbacka&amp;till=Hässleholm</loc><changefreq>monthly</changefreq></url>
Habon,Karlstad,409,280,Avståndet mellan Habon och Karlstad är 409 km och Karl-Johan Gyllenstorm beräknade körtiden till cirka 280 minuter.,<url><loc>https://pendlings-app1.t-767929534-cloudflare.workers.dev/?fran=Habon&amp;till=Karlstad</loc><changefreq>monthly</changefreq></url>
Åmål,Årjäng,950,613,Avståndet mellan Åmål och Årjäng är 950 km och Karl-Johan Gyllenstorm beräknade körtiden till cirka 613 minuter.,<url><loc>https://pendlings-app1.t-767929534-cloudflare.workers.dev/?fran=Åmål&amp;till=Årjäng</loc><changefreq>monthly</changefreq></url>
Vibble,Örkelljunga,971,774,Avståndet mellan Vibble och Örkelljunga är 971 km och Karl-Johan Gyllenstorm beräknade körtiden till cirka 774 minuter.,<url><loc>https://pendlings-app1.t-767929534-cloudflare.workers.dev/?fran=Vibble&amp;till=Örkelljunga</loc><changefreq>monthly</changefreq></url>
Landskrona,Hagfors,697,465,Avståndet mellan Landskrona och Hagfors är 697 km och Karl-Johan Gyllenstorm beräknade körtiden till cirka 465 minuter.,<url><loc>https://pendlings-app1.t-767929534-cloudflare.workers.dev/?fran=Landskrona&amp;till=Hagfors</loc><changefreq>monthly</changefreq></url>
Grästorp,Sölvesborg,1108,821,Avståndet mellan Grästorp och Sölvesborg är 1108 km och Karl-Johan Gyllenstorm beräknade körtiden till cirka 821 minuter.,<url><loc>https://pendlings-app1.t-767929534-cloudflare.workers.dev/?fran=Grästorp&amp;till=Sölvesborg</loc><changefreq>monthly</changefreq></url>
Köping,Mjölby,562,361,Avståndet mellan Köping och Mjölby är 562 km och Karl-Johan Gyllenstorm beräknade körtiden till cirka 361 minuter.,<url><loc>https://pendlings-app1.t-767929534-cloudflare.workers.dev/?fran=Köping&amp;till=Mjölby</loc><changefreq>monthly</changefreq></url>
Kalix,Bengtsfors,227,150,Avståndet mellan Kalix och Bengtsfors är 227 km och Karl-Johan Gyllenstorm beräknade körtiden till cirka 150 minuter.,<url><loc>https://pendlings-app1.t-767929534-cloudflare.workers.dev/?fran=Kalix&amp;till=Bengtsfors</loc><changefreq>monthly</changefreq></url>
Norrköping,Älvkarleby,447,321,Avståndet mellan Norrköping och Älvkarleby är 447 km och Karl-Johan Gyllenstorm beräknade körtiden till cirka 321 minuter.,<url><loc>https://pendlings-app1.t-767929534-cloudflare.workers.dev/?fran=Norrköping&amp;till=Älvkarleby</loc><changefreq>monthly</changefreq></url>
Kils,Berg,352,247,Avståndet mellan Kils och Berg är 352 km och Karl-Johan Gyllenstorm beräknade körtiden till cirka 247 minuter.,<url><loc>https://pendlings-app1.t-767929534-cloudflare.workers.dev/?fran=Kils&amp;till=Berg</loc><changefreq>monthly</changefreq></url>
Karlstad,Trollhättan,826,524,Avståndet mellan Karlstad och Trollhättan är 826 km och Karl-Johan Gyllenstorm beräknade körtiden till cirka 524 minuter.,<url><loc>https://pendlings-app1.t-767929534-cloudflare.workers.dev/?fran=Karlstad&amp;till=Trollhättan</loc><changefreq>monthly</changefreq></url>
Vetlanda,Söderhamn,239,187,Avståndet mellan Vetlanda och Söderhamn är 239 km och Karl-Johan Gyllenstorm beräknade körtiden till cirka 187 minuter.,<url><loc>https://pendlings-app1.t-767929534-cloudflare.workers.dev/?fran=Vetlanda&amp;till=Söderhamn</loc><changefreq>monthly</changefreq></url>
Ånge,Ljusdal,470,321,Avståndet mellan Ånge och Ljusdal är 470 km och Karl-Johan Gyllenstorm beräknade körtiden till cirka 321 minuter.,<url><loc>https://pendlings-app1.t-767929534-cloudflare.workers.dev/?fran=Ånge&amp;till=Ljusdal</loc><changefreq>monthly</changefreq></url>
Linköping,Laholm,454,318,Avståndet mellan Linköping och Laholm är 454 km och Karl-Johan Gyllenstorm beräknade körtiden till cirka 318 minuter.,<url><loc>https://pendlings-app1.t-767929534-cloudflare.workers.dev/?fran=Linköping&amp;till=Laholm</loc><changefreq>monthly</changefreq></url>
Örebro,Jönköping,724,482,Avståndet mellan Örebro och Jönköping är 724 km och Karl-Johan Gyllenstorm beräknade körtiden till cirka 482 minuter.,<url><loc>https://pendlings-app1.t-767929534-cloudflare.workers.dev/?fran=Örebro&amp;till=Jönköping</loc><changefreq>monthly</changefreq></url>
Nyköping,Stockholm,1123,872,Avståndet mellan Nyköping och Stockholm är 1123 km och Karl-Johan Gyllenstorm beräknade körtiden till cirka 872 minuter.,<url><loc>https://pendlings-app1.t-767929534-cloudflare.workers.dev/?fran=Nyköping&amp;till=Stockholm</loc><changefreq>monthly</changefreq></url>
Malung,Malmö,192,133,Avståndet mellan Malung och Malmö är 192 km och Karl-Johan Gyllenstorm beräknade körtiden till cirka 133 minuter.,<url><loc>https://pendlings-app1.t-767929534-cloudflare.workers.dev/?fran=Malung&amp;till=Malmö</loc><changefreq>monthly</changefreq></url>
Överkalix,Bollebygd,1273,806,Avståndet mellan Överkalix och Bollebygd är 1273 km och Karl-Johan Gyllenstorm beräknade körtiden till cirka 806 minuter.,<url><loc>https://pendlings-app1.t-767929534-cloudflare.workers.dev/?fran=Överkalix&amp;till=Bollebygd</loc><changefreq>monthly</changefreq></url>
Gagnef,Surahammar,1031,675,Avståndet mellan Gagnef och Surahammar är 1031 km och Karl-Johan Gyllenstorm beräknade körtiden till cirka 675 minuter.,<url><loc>https://pendlings-app1.t-767929534-cloudflare.workers.dev/?fran=Gagnef&amp;till=Surahammar</loc><changefreq>monthly</changefreq></url>
Ludvika,Lekeberg,188,140,Avståndet mellan Ludvika och Lekeberg är 188 km och Karl-Johan Gyllenstorm beräknade körtiden till cirka 140 minuter.,<url><loc>https://pendlings-app1.t-767929534-cloudflare.workers.dev/?fran=Ludvika&amp;till=Lekeberg</loc><changefreq>monthly</changefreq></url>
Essunga,Eksjö,714,495,Avståndet mellan Essunga och Eksjö är 714 km och Karl-Johan Gyllenstorm beräknade körtiden till cirka 495 minuter.,<url><loc>https://pendlings-app1.t-767929534-cloudflare.workers.dev/?fran=Essunga&amp;till=Eksjö</loc><changefreq>monthly</changefreq></url>
Falkenberg,Lärbro,71,47,Avståndet mellan Falkenberg och Lärbro är 71 km och Karl-Johan Gyllenstorm beräknade körtiden till cirka 47 minuter.,<url><loc>https://pendlings-app1.t-767929534-cloudflare.workers.dev/?fran=Falkenberg&amp;till=Lärbro</loc><changefreq>monthly</changefreq></url>
Hörby,Töreboda,1289,878,Avståndet mellan Hörby och Töreboda är 1289 km och Karl-Johan Gyllenstorm beräknade körtiden till cirka 878 minuter.,<url><loc>https://pendlings-app1.t-767929534-cloudflare.workers.dev/?fran=Hörby&amp;till=Töreboda</loc><changefreq>monthly</changefreq></url>
Ragunda,Sälen,1198,820,Avståndet mellan Ragunda och Sälen är 1198 km och Karl-Johan Gyllenstorm beräknade körtiden till cirka 820 minuter.,<url><loc>https://pendlings-app1.t-767929534-cloudflare.workers.dev/?fran=Ragunda&amp;till=Sälen</loc><changefreq>monthly</changefreq></url>
Falun,Berg,366,240,Avståndet mellan Falun och Berg är 366 km och Karl-Johan Gyllenstorm beräknade körtiden till cirka 240 minuter.,<url><loc>https://pendlings-app1.t-767929534-cloudflare.workers.dev/?fran=Falun&amp;till=Berg</loc><changefreq>monthly</changefreq></url>
Skara,Årjäng,936,666,Avståndet mellan Skara och Årjäng är 936 km och Karl-Johan Gyllenstorm beräknade körtiden till cirka 666 minuter.,<url><loc>https://pendlings-app1.t-767929534-cloudflare.workers.dev/?fran=Skara&amp;till=Årjäng</loc><changefreq>monthly</changefreq></url>
Vilhelmina,Flen,121,88,Avståndet mellan Vilhelmina och Flen är 121 km och Karl-Johan Gyllenstorm beräknade körtiden till cirka 88 minuter.,<url><loc>https://pendlings-app1.t-767929534-cloudflare.workers.dev/?fran=Vilhelmina&amp;till=Flen</loc><changefreq>monthly</changefreq></url>
Sundsvall,Laxå,327,228,Avståndet mellan Sundsvall och Laxå är 327 km och Karl-Johan Gyllenstorm beräknade körtiden till cirka 228 minuter.,<url><loc>https://pendlings-app1.t-767929534-cloudflare.workers.dev/?fran=Sundsvall&amp;till=Laxå</loc><changefreq>monthly</changefreq></url>
Örkelljunga,Kristinehamn,895,574,Avståndet mellan Örkelljunga och Kristinehamn är 895 km och Karl-Johan Gyllenstorm beräknade körtiden till cirka 574 minuter.,<url><loc>https://pendlings-app1.t-767929534-cloudflare.workers.dev/?fran=Örkelljunga&amp;till=Kristinehamn</loc><changefreq>monthly</changefreq></url>
Torsby,Tranemo,1223,927,Avståndet mellan Torsby och Tranemo är 1223 km och Karl-Johan Gyllenstorm beräknade körtiden till cirka 927 minuter.,<url><loc>https://pendlings-app1.t-767929534-cloudflare.workers.dev/?fran=Torsby&amp;till=Tranemo</loc><changefreq>monthly</changefreq></url>
Trosa,Boxholm,790,617,Avståndet mellan Trosa och Boxholm är 790 km och Karl-Johan Gyllenstorm beräknade körtiden till cirka 617 minuter.,<url><loc>https://pendlings-app1.t-767929534-cloudflare.workers.dev/?fran=Trosa&amp;till=Boxholm</loc><changefreq>monthly</changefreq></url>
Borlänge,Vellinge,1370,1012,Avståndet mellan Borlänge och Vellinge är 1370 km och Karl-Johan Gyllenstorm beräknade körtiden till cirka 1012 minuter.,<url><loc>https://pendlings-app1.t-767929534-cloudflare.workers.dev/?fran=Borlänge&amp;till=Vellinge</loc><changefreq>monthly</changefreq></url>
Habon,Kalix,1058,740,Avståndet mellan Habon och Kalix är 1058 km och Karl-Johan Gyllenstorm beräknade körtiden till cirka 740 minuter.,<url><loc>https://pendlings-app1.t-767929534-cloudflare.workers.dev/?fran=Habon&amp;till=Kalix</loc><changefreq>monthly</changefreq></url>
Dorotea,Kalix,67,45,Avståndet mellan Dorotea och Kalix är 67 km och Karl-Johan Gyllenstorm beräknade körtiden till cirka 45 minuter.,<url><loc>https://pendlings-app1.t-767929534-cloudflare.workers.dev/?fran=Dorotea&amp;till=Kalix</loc><changefreq>monthly</changefreq></url>
Färgelanda,Skutskär,976,621,Avståndet mellan Färgelanda och Skutskär är 976 km och Karl-Johan Gyllenstorm beräknade körtiden till cirka 621 minuter.,<url><loc>https://pendlings-app1.t-767929534-cloudflare.workers.dev/?fran=Färgelanda&amp;till=Skutskär</loc><changefreq>monthly</changefreq></url>
Linköping,Vingåker,49,33,Avståndet mellan Linköping och Vingåker är 49 km och Karl-Johan Gyllenstorm beräknade körtiden till cirka 33 minuter.,<url><loc>https://pendlings-app1.t-767929534-cloudflare.workers.dev/?fran=Linköping&amp;till=Vingåker</loc><changefreq>monthly</changefreq></url>
Hudiksvall,Gnestad,1394,1028,Avståndet mellan Hudiksvall och Gnestad är 1394 km och Karl-Johan Gyllenstorm beräknade körtiden till cirka 1028 minuter.,<url><loc>https://pendlings-app1.t-767929534-cloudflare.workers.dev/?fran=Hudiksvall&amp;till=Gnestad</loc><changefreq>monthly</changefreq></url>
Sälen,Älvsbyn,284,193,Avståndet mellan Sälen och Älvsbyn är 284 km och Karl-Johan Gyllenstorm beräknade körtiden till cirka 193 minuter.,<url><loc>https://pendlings-app1.t-767929534-cloudflare.workers.dev/?fran=Sälen&amp;till=Älvsbyn</loc><changefreq>monthly</changefreq></url>
Vellinge,Vänersborg,65,43,Avståndet mellan Vellinge och Vänersborg är 65 km och Karl-Johan Gyllenstorm beräknade körtiden till cirka 43 minuter.,<url><loc>https://pendlings-app1.t-767929534-cloudflare.workers.dev/?fran=Vellinge&amp;till=Vänersborg</loc><changefreq>monthly</changefreq></url>
Vänersborg,Degerfors,273,212,Avståndet mellan Vänersborg och Degerfors är 273 km och Karl-Johan Gyllenstorm beräknade körtiden till cirka 212 minuter.,<url><loc>https://pendlings-app1.t-767929534-cloudflare.workers.dev/?fran=Vänersborg&amp;till=Degerfors</loc><changefreq>monthly</changefreq></url>
Emmaboda,Hofors,518,342,Avståndet mellan Emmaboda och Hofors är 518 km och Karl-Johan Gyllenstorm beräknade körtiden till cirka 342 minuter.,<url><loc>https://pendlings-app1.t-767929534-cloudflare.workers.dev/?fran=Emmaboda&amp;till=Hofors</loc><changefreq>monthly</changefreq></url>
Vänersborg,Sölvesborg,188,150,Avståndet mellan Vänersborg och Sölvesborg är 188 km och Karl-Johan Gyllenstorm beräknade körtiden till cirka 150 minuter.,<url><loc>https://pendlings-app1.t-767929534-cloudflare.workers.dev/?fran=Vänersborg&amp;till=Sölvesborg</loc><changefreq>monthly</changefreq></url>
Karlstad,Tierp,1115,863,Avståndet mellan Karlstad och Tierp är 1115 km och Karl-Johan Gyllenstorm beräknade körtiden till cirka 863 minuter.,<url><loc>https://pendlings-app1.t-767929534-cloudflare.workers.dev/?fran=Karlstad&amp;till=Tierp</loc><changefreq>monthly</changefreq></url>
Dorotea,Sjöbo,1199,760,Avståndet mellan Dorotea och Sjöbo är 1199 km och Karl-Johan Gyllenstorm beräknade körtiden till cirka 760 minuter.,<url><loc>https://pendlings-app1.t-767929534-cloudflare.workers.dev/?fran=Dorotea&amp;till=Sjöbo</loc><changefreq>monthly</changefreq></url>
Överkalix,Åsele,654,505,Avståndet mellan Överkalix och Åsele är 654 km och Karl-Johan Gyllenstorm beräknade körtiden till cirka 505 minuter.,<url><loc>https://pendlings-app1.t-767929534-cloudflare.workers.dev/?fran=Överkalix&amp;till=Åsele</loc><changefreq>monthly</changefreq></url>
Ljusdal,Gislaved,670,490,Avståndet mellan Ljusdal och Gislaved är 670 km och Karl-Johan Gyllenstorm beräknade körtiden till cirka 490 minuter.,<url><loc>https://pendlings-app1.t-767929534-cloudflare.workers.dev/?fran=Ljusdal&amp;till=Gislaved</loc><changefreq>monthly</changefreq></url>
Klippan,Luleå,523,351,Avståndet mellan Klippan och Luleå är 523 km och Karl-Johan Gyllenstorm beräknade körtiden till cirka 351 minuter.,<url><loc>https://pendlings-app1.t-767929534-cloudflare.workers.dev/?fran=Klippan&amp;till=Luleå</loc><changefreq>monthly</changefreq></url>
Älvsbyn,Söderhamn,111,77,Avståndet mellan Älvsbyn och Söderhamn är 111 km och Karl-Johan Gyllenstorm beräknade körtiden till cirka 77 minuter.,<url><loc>https://pendlings-app1.t-767929534-cloudflare.workers.dev/?fran=Älvsbyn&amp;till=Söderhamn</loc><changefreq>monthly</changefreq></url>
Trollhättan,Arvidsjaur,1438,1008,Avståndet mellan Trollhättan och Arvidsjaur är 1438 km och Karl-Johan Gyllenstorm beräknade körtiden till cirka 1008 minuter.,<url><loc>https://pendlings-app1.t-767929534-cloudflare.workers.dev/?fran=Trollhättan&amp;till=Arvidsjaur</loc><changefreq>monthly</changefreq></url>
Övertorneå,Enköping,1120,739,Avståndet mellan Övertorneå och Enköping är 1120 km och Karl-Johan Gyllenstorm beräknade körtiden till cirka 739 minuter.,<url><loc>https://pendlings-app1.t-767929534-cloudflare.workers.dev/?fran=Övertorneå&amp;till=Enköping</loc><changefreq>monthly</changefreq></url>
Kils,Köping,1053,707,Avståndet mellan Kils och Köping är 1053 km och Karl-Johan Gyllenstorm beräknade körtiden till cirka 707 minuter.,<url><loc>https://pendlings-app1.t-767929534-cloudflare.workers.dev/?fran=Kils&amp;till=Köping</loc><changefreq>monthly</changefreq></url>
Kumla,Karlskoga,112,83,Avståndet mellan Kumla och Karlskoga är 112 km och Karl-Johan Gyllenstorm beräknade körtiden till cirka 83 minuter.,<url><loc>https://pendlings-app1.t-767929534-cloudflare.workers.dev/?fran=Kumla&amp;till=Karlskoga</loc><changefreq>monthly</changefreq></url>
Gullspång,Sölvesborg,149,97,Avståndet mellan Gullspång och Sölvesborg är 149 km och Karl-Johan Gyllenstorm beräknade körtiden till cirka 97 minuter.,<url><loc>https://pendlings-app1.t-767929534-cloudflare.workers.dev/?fran=Gullspång&amp;till=Sölvesborg</loc><changefreq>monthly</changefreq></url>
Surahammar,Ragunda,638,483,Avståndet mellan Surahammar och Ragunda är 638 km och Karl-Johan Gyllenstorm beräknade körtiden till cirka 483 minuter.,<url><loc>https://pendlings-app1.t-767929534-cloudflare.workers.dev/?fran=Surahammar&amp;till=Ragunda</loc><changefreq>monthly</changefreq></url>
Åsele,Örnsköldsvik,969,735,Avståndet mellan Åsele och Örnsköldsvik är 969 km och Karl-Johan Gyllenstorm beräknade körtiden till cirka 735 minuter.,<url><loc>https://pendlings-app1.t-767929534-cloudflare.workers.dev/?fran=Åsele&amp;till=Örnsköldsvik</loc><changefreq>monthly</changefreq></url>
Gislaved,Charlottenberg,167,108,Avståndet mellan Gislaved och Charlottenberg är 167 km och Karl-Johan Gyllenstorm beräknade körtiden till cirka 108 minuter.,<url><loc>https://pendlings-app1.t-767929534-cloudflare.workers.dev/?fran=Gislaved&amp;till=Charlottenberg</loc><changefreq>monthly</changefreq></url>
Ed,Strömsund,1112,786,Avståndet mellan Ed och Strömsund är 1112 km och Karl-Johan Gyllenstorm beräknade körtiden till cirka 786 minuter.,<url><loc>https://pendlings-app1.t-767929534-cloudflare.workers.dev/?fran=Ed&amp;till=Strömsund</loc><changefreq>monthly</changefreq></url>
Askersund,Eskilstuna,801,533,Avståndet mellan Askersund och Eskilstuna är 801 km och Karl-Johan Gyllenstorm beräknade körtiden till cirka 533 minuter.,<url><loc>https://pendlings-app1.t-767929534-cloudflare.workers.dev/?fran=Askersund&amp;till=Eskilstuna</loc><changefreq>monthly</changefreq></url>
Vansbro,Enköping,311,200,Avståndet mellan Vansbro och Enköping är 311 km och Karl-Johan Gyllenstorm beräknade körtiden till cirka 200 minuter.,<url><loc>https://pendlings-app1.t-767929534-cloudflare.workers.dev/?fran=Vansbro&amp;till=Enköping</loc><changefreq>monthly</changefreq></url>
Ockelbo,Svedala,186,141,Avståndet mellan Ockelbo och Svedala är 186 km och Karl-Johan Gyllenstorm beräknade körtiden till cirka 141 minuter.,<url><loc>https://pendlings-app1.t-767929534-cloudflare.workers.dev/?fran=Ockelbo&amp;till=Svedala</loc><changefreq>monthly</changefreq></url>
Älvkarleby,Karlskoga,739,520,Avståndet mellan Älvkarleby och Karlskoga är 739 km och Karl-Johan Gyllenstorm beräknade körtiden till cirka 520 minuter.,<url><loc>https://pendlings-app1.t-767929534-cloudflare.workers.dev/?fran=Älvkarleby&amp;till=Karlskoga</loc><changefreq>monthly</changefreq></url>
Mark,Emmaboda,1252,905,Avståndet mellan Mark och Emmaboda är 1252 km och Karl-Johan Gyllenstorm beräknade körtiden till cirka 905 minuter.,<url><loc>https://pendlings-app1.t-767929534-cloudflare.workers.dev/?fran=Mark&amp;till=Emmaboda</loc><changefreq>monthly</changefreq></url>
Linköping,Roma,527,399,Avståndet mellan Linköping och Roma är 527 km och Karl-Johan Gyllenstorm beräknade körtiden till cirka 399 minuter.,<url><loc>https://pendlings-app1.t-767929534-cloudflare.workers.dev/?fran=Linköping&amp;till=Roma</loc><changefreq>monthly</changefreq></url>
Åre,Sjöbo,520,343,Avståndet mellan Åre och Sjöbo är 520 km och Karl-Johan Gyllenstorm beräknade körtiden till cirka 343 minuter.,<url><loc>https://pendlings-app1.t-767929534-cloudflare.workers.dev/?fran=Åre&amp;till=Sjöbo</loc><changefreq>monthly</changefreq></url>
Uddevalla,Askersund,148,100,Avståndet mellan Uddevalla och Askersund är 148 km och Karl-Johan Gyllenstorm beräknade körtiden till cirka 100 minuter.,<url><loc>https://pendlings-app1.t-767929534-cloudflare.workers.dev/?fran=Uddevalla&amp;till=Askersund</loc><changefreq>monthly</changefreq></url>
Kils,Motala,1308,961,Avståndet mellan Kils och Motala är 1308 km och Karl-Johan Gyllenstorm beräknade körtiden till cirka 961 minuter.,<url><loc>https://pendlings-app1.t-767929534-cloudflare.workers.dev/?fran=Kils&amp;till=Motala</loc><changefreq>monthly</changefreq></url>
Älvkarleby,Landskrona,683,434,Avståndet mellan Älvkarleby och Landskrona är 683 km och Karl-Johan Gyllenstorm beräknade körtiden till cirka 434 minuter.,<url><loc>https://pendlings-app1.t-767929534-cloudflare.workers.dev/?fran=Älvkarleby&amp;till=Landskrona</loc><changefreq>monthly</changefreq></url>
Hagfors,Skara,906,708,Avståndet mellan Hagfors och Skara är 906 km och Karl-Johan Gyllenstorm beräknade körtiden till cirka 708 minuter.,<url><loc>https://pendlings-app1.t-767929534-cloudflare.workers.dev/?fran=Hagfors&amp;till=Skara</loc><changefreq>monthly</changefreq></url>
Staffanstorp,Båstad,1321,842,Avståndet mellan Staffanstorp och Båstad är 1321 km och Karl-Johan Gyllenstorm beräknade körtiden till cirka 842 minuter.,<url><loc>https://pendlings-app1.t-767929534-cloudflare.workers.dev/?fran=Staffanstorp&amp;till=Båstad</loc><changefreq>monthly</changefreq></url>
Gimo,Värnamo,947,643,Avståndet mellan Gimo och Värnamo är 947 km och Karl-Johan Gyllenstorm beräknade körtiden till cirka 643 minuter.,<url><loc>https://pendlings-app1.t-767929534-cloudflare.workers.dev/?fran=Gimo&amp;till=Värnamo</loc><changefreq>monthly</changefreq></url>
Skurup,Högsby,201,137,Avståndet mellan Skurup och Högsby är 201 km och Karl-Johan Gyllenstorm beräknade körtiden till cirka 137 minuter.,<url><loc>https://pendlings-app1.t-767929534-cloudflare.workers.dev/?fran=Skurup&amp;till=Högsby</loc><changefreq>monthly</changefreq></url>
Ånge,Båstad,815,535,Avståndet mellan Ånge och Båstad är 815 km och Karl-Johan Gyllenstorm beräknade körtiden till cirka 535 minuter.,<url><loc>https://pendlings-app1.t-767929534-cloudflare.workers.dev/?fran=Ånge&amp;till=Båstad</loc><changefreq>monthly</changefreq></url>
Vingåker,Ånge,515,356,Avståndet mellan Vingåker och Ånge är 515 km och Karl-Johan Gyllenstorm beräknade körtiden till cirka 356 minuter.,<url><loc>https://pendlings-app1.t-767929534-cloudflare.workers.dev/?fran=Vingåker&amp;till=Ånge</loc><changefreq>monthly</changefreq></url>
Malå,Södertälje,1188,906,Avståndet mellan Malå och Södertälje är 1188 km och Karl-Johan Gyllenstorm beräknade körtiden till cirka 906 minuter.,<url><loc>https://pendlings-app1.t-767929534-cloudflare.workers.dev/?fran=Malå&amp;till=Södertälje</loc><changefreq>monthly</changefreq></url>
Storuman,Nyköping,735,486,Avståndet mellan Storuman och Nyköping är 735 km och Karl-Johan Gyllenstorm beräknade körtiden till cirka 486 minuter.,<url><loc>https://pendlings-app1.t-767929534-cloudflare.workers.dev/?fran=Storuman&amp;till=Nyköping</loc><changefreq>monthly</changefreq></url>
Torsby,Karlshamn,261,203,Avståndet mellan Torsby och Karlshamn är 261 km och Karl-Johan Gyllenstorm beräknade körtiden till cirka 203 minuter.,<url><loc>https://pendlings-app1.t-767929534-cloudflare.workers.dev/?fran=Torsby&amp;till=Karlshamn</loc><changefreq>monthly</changefreq></url>
Luleå,Sävsjö,619,465,Avståndet mellan Luleå och Sävsjö är 619 km och Karl-Johan Gyllenstorm beräknade körtiden till cirka 465 minuter.,<url><loc>https://pendlings-app1.t-767929534-cloudflare.workers.dev/?fran=Luleå&amp;till=Sävsjö</loc><changefreq>monthly</changefreq></url>
Bengtsfors,Munkedal,1415,973,Avståndet mellan Bengtsfors och Munkedal är 1415 km och Karl-Johan Gyllenstorm beräknade körtiden till cirka 973 minuter.,<url><loc>https://pendlings-app1.t-767929534-cloudflare.workers.dev/?fran=Bengtsfors&amp;till=Munkedal</loc><changefreq>monthly</changefreq></url>
Vansbro,Oskarshamn,1376,1063,Avståndet mellan Vansbro och Oskarshamn är 1376 km och Karl-Johan Gyllenstorm beräknade körtiden till cirka 1063 minuter.,<url><loc>https://pendlings-app1.t-767929534-cloudflare.workers.dev/?fran=Vansbro&amp;till=Oskarshamn</loc><changefreq>monthly</changefreq></url>
Hofors,Mark,1065,685,Avståndet mellan Hofors och Mark är 1065 km och Karl-Johan Gyllenstorm beräknade körtiden till cirka 685 minuter.,<url><loc>https://pendlings-app1.t-767929534-cloudflare.workers.dev/?fran=Hofors&amp;till=Mark</loc><changefreq>monthly</changefreq></url>
Karlskoga,Gävle,990,701,Avståndet mellan Karlskoga och Gävle är 990 km och Karl-Johan Gyllenstorm beräknade körtiden till cirka 701 minuter.,<url><loc>https://pendlings-app1.t-767929534-cloudflare.workers.dev/?fran=Karlskoga&amp;till=Gävle</loc><changefreq>monthly</changefreq></url>
Olofström,Vilhelmina,960,762,Avståndet mellan Olofström och Vilhelmina är 960 km och Karl-Johan Gyllenstorm beräknade körtiden till cirka 762 minuter.,<url><loc>https://pendlings-app1.t-767929534-cloudflare.workers.dev/?fran=Olofström&amp;till=Vilhelmina</loc><changefreq>monthly</changefreq></url>
Västerås,Forshaga,349,244,Avståndet mellan Västerås och Forshaga är 349 km och Karl-Johan Gyllenstorm beräknade körtiden till cirka 244 minuter.,<url><loc>https://pendlings-app1.t-767929534-cloudflare.workers.dev/?fran=Västerås&amp;till=Forshaga</loc><changefreq>monthly</changefreq></url>
Sölvesborg,Kävlinge,888,561,Avståndet mellan Sölvesborg och Kävlinge är 888 km och Karl-Johan Gyllenstorm beräknade körtiden till cirka 561 minuter.,<url><loc>https://pendlings-app1.t-767929534-cloudflare.workers.dev/?fran=Sölvesborg&amp;till=Kävlinge</loc><changefreq>monthly</changefreq></url>
Arvidsjaur,Hjo,1356,985,Avståndet mellan Arvidsjaur och Hjo är 1356 km och Karl-Johan Gyllenstorm beräknade körtiden till cirka 985 minuter.,<url><loc>https://pendlings-app1.t-767929534-cloudflare.workers.dev/?fran=Arvidsjaur&amp;till=Hjo</loc><changefreq>monthly</changefreq></url>
Värnamo,Hedemora,34,25,Avståndet mellan Värnamo och Hedemora är 34 km och Karl-Johan Gyllenstorm beräknade körtiden till cirka 25 minuter.,<url><loc>https://pendlings-app1.t-767929534-cloudflare.workers.dev/?fran=Värnamo&amp;till=Hedemora</loc><changefreq>monthly</changefreq></url>
Sollefteå,Hultsfred,535,397,Avståndet mellan Sollefteå och Hultsfred är 535 km och Karl-Johan Gyllenstorm beräknade körtiden till cirka 397 minuter.,<url><loc>https://pendlings-app1.t-767929534-cloudflare.workers.dev/?fran=Sollefteå&amp;till=Hultsfred</loc><changefreq>monthly</changefreq></url>
Tanum,Gimo,1092,855,Avståndet mellan Tanum och Gimo är 1092 km och Karl-Johan Gyllenstorm beräknade körtiden till cirka 855 minuter.,<url><loc>https://pendlings-app1.t-767929534-cloudflare.workers.dev/?fran=Tanum&amp;till=Gimo</loc><changefreq>monthly</changefreq></url>
Ulricehamn,Hofors,547,410,Avståndet mellan Ulricehamn och Hofors är 547 km och Karl-Johan Gyllenstorm beräknade körtiden till cirka 410 minuter.,<url><loc>https://pendlings-app1.t-767929534-cloudflare.workers.dev/?fran=Ulricehamn&amp;till=Hofors</loc><changefreq>monthly</changefreq></url>
Askersund,Svalöv,1423,1026,Avståndet mellan Askersund och Svalöv är 1423 km och Karl-Johan Gyllenstorm beräknade körtiden till cirka 1026 minuter.,<url><loc>https://pendlings-app1.t-767929534-cloudflare.workers.dev/?fran=Askersund&amp;till=Svalöv</loc><changefreq>monthly</changefreq></url>
Färjestaden,Ystad,96,62,Avståndet mellan Färjestaden och Ystad är 96 km och Karl-Johan Gyllenstorm beräknade körtiden till cirka 62 minuter.,<url><loc>https://pendlings-app1.t-767929534-cloudflare.workers.dev/?fran=Färjestaden&amp;till=Ystad</loc><changefreq>monthly</changefreq></url>
Habon,Vansbro,1301,822,Avståndet mellan Habon och Vansbro är 1301 km och Karl-Johan Gyllenstorm beräknade körtiden till cirka 822 minuter.,<url><loc>https://pendlings-app1.t-767929534-cloudflare.workers.dev/?fran=Habon&amp;till=Vansbro</loc><changefreq>monthly</changefreq></url>
Dorotea,Vansbro,970,618,Avståndet mellan Dorotea och Vansbro är 970 km och Karl-Johan Gyllenstorm beräknade körtiden till cirka 618 minuter.,<url><loc>https://pendlings-app1.t-767929534-cloudflare.workers.dev/?fran=Dorotea&amp;till=Vansbro</loc><changefreq>monthly</changefreq></url>
Ljusdal,Lycksele,687,470,Avståndet mellan Ljusdal och Lycksele är 687 km och Karl-Johan Gyllenstorm beräknade körtiden till cirka 470 minuter.,<url><loc>https://pendlings-app1.t-767929534-cloudflare.workers.dev/?fran=Ljusdal&amp;till=Lycksele</loc><changefreq>monthly</changefreq></url>
Söderköping,Tranemo,444,326,Avståndet mellan Söderköping och Tranemo är 444 km och Karl-Johan Gyllenstorm beräknade körtiden till cirka 326 minuter.,<url><loc>https://pendlings-app1.t-767929534-cloudflare.workers.dev/?fran=Söderköping&amp;till=Tranemo</loc><changefreq>monthly</changefreq></url>
Enköping,Stånga,1325,851,Avståndet mellan Enköping och Stånga är 1325 km och Karl-Johan Gyllenstorm beräknade körtiden till cirka 851 minuter.,<url><loc>https://pendlings-app1.t-767929534-cloudflare.workers.dev/?fran=Enköping&amp;till=Stånga</loc><changefreq>monthly</changefreq></url>
Söderköping,Arvika,863,566,Avståndet mellan Söderköping och Arvika är 863 km och Karl-Johan Gyllenstorm beräknade körtiden till cirka 566 minuter.,<url><loc>https://pendlings-app1.t-767929534-cloudflare.workers.dev/?fran=Söderköping&amp;till=Arvika</loc><changefreq>monthly</changefreq></url>
Hörby,Gnestad,112,71,Avståndet mellan Hörby och Gnestad är 112 km och Karl-Johan Gyllenstorm beräknade körtiden till cirka 71 minuter.,<url><loc>https://pendlings-app1.t-767929534-cloudflare.workers.dev/?fran=Hörby&amp;till=Gnestad</loc><changefreq>monthly</changefreq></url>
Malmö,Ragunda,279,221,Avståndet mellan Malmö och Ragunda är 279 km och Karl-Johan Gyllenstorm beräknade körtiden till cirka 221 minuter.,<url><loc>https://pendlings-app1.t-767929534-cloudflare.workers.dev/?fran=Malmö&amp;till=Ragunda</loc><changefreq>monthly</changefreq></url>
Grums,Berg,1395,971,Avståndet mellan Grums och Berg är 1395 km och Karl-Johan Gyllenstorm beräknade körtiden till cirka 971 minuter.,<url><loc>https://pendlings-app1.t-767929534-cloudflare.workers.dev/?fran=Grums&amp;till=Berg</loc><changefreq>monthly</changefreq></url>
Trosa,Tanum,27,21,Avståndet mellan Trosa och Tanum är 27 km och Karl-Johan Gyllenstorm beräknade körtiden till cirka 21 minuter.,<url><loc>https://pendlings-app1.t-767929534-cloudflare.workers.dev/?fran=Trosa&amp;till=Tanum</loc><changefreq>monthly</changefreq></url>
Sorsele,Katrineholm,463,370,Avståndet mellan Sorsele och Katrineholm är 463 km och Karl-Johan Gyllenstorm beräknade körtiden till cirka 370 minuter.,<url><loc>https://pendlings-app1.t-767929534-cloudflare.workers.dev/?fran=Sorsele&amp;till=Katrineholm</loc><changefreq>monthly</changefreq></url>
Uddevalla,Östra Göinge,317,224,Avståndet mellan Uddevalla och Östra Göinge är 317 km och Karl-Johan Gyllenstorm beräknade körtiden till cirka 224 minuter.,<url><loc>https://pendlings-app1.t-767929534-cloudflare.workers.dev/?fran=Uddevalla&amp;till=Östra Göinge</loc><changefreq>monthly</changefreq></url>
Svenljunga,Örnsköldsvik,452,325,Avståndet mellan Svenljunga och Örnsköldsvik är 452 km och Karl-Johan Gyllenstorm beräknade körtiden till cirka 325 minuter.,<url><loc>https://pendlings-app1.t-767929534-cloudflare.workers.dev/?fran=Svenljunga&amp;till=Örnsköldsvik</loc><changefreq>monthly</changefreq></url>
Timrå,Trosa,1067,693,Avståndet mellan Timrå och Trosa är 1067 km och Karl-Johan Gyllenstorm beräknade körtiden till cirka 693 minuter.,<url><loc>https://pendlings-app1.t-767929534-cloudflare.workers.dev/?fran=Timrå&amp;till=Trosa</loc><changefreq>monthly</changefreq></url>
Kopparberg,Malå,564,386,Avståndet mellan Kopparberg och Malå är 564 km och Karl-Johan Gyllenstorm beräknade körtiden till cirka 386 minuter.,<url><loc>https://pendlings-app1.t-767929534-cloudflare.workers.dev/?fran=Kopparberg&amp;till=Malå</loc><changefreq>monthly</changefreq></url>
Jokkmokk,Bjuv,1410,1052,Avståndet mellan Jokkmokk och Bjuv är 1410 km och Karl-Johan Gyllenstorm beräknade körtiden till cirka 1052 minuter.,<url><loc>https://pendlings-app1.t-767929534-cloudflare.workers.dev/?fran=Jokkmokk&amp;till=Bjuv</loc><changefreq>monthly</changefreq></url>
Mark,Karlskoga,262,184,Avståndet mellan Mark och Karlskoga är 262 km och Karl-Johan Gyllenstorm beräknade körtiden till cirka 184 minuter.,<url><loc>https://pendlings-app1.t-767929534-cloudflare.workers.dev/?fran=Mark&amp;till=Karlskoga</loc><changefreq>monthly</changefreq></url>
Varberg,Östersund,1210,912,Avståndet mellan Varberg och Östersund är 1210 km och Karl-Johan Gyllenstorm beräknade körtiden till cirka 912 minuter.,<url><loc>https://pendlings-app1.t-767929534-cloudflare.workers.dev/?fran=Varberg&amp;till=Östersund</loc><changefreq>monthly</changefreq></url>
Oxelösund,Vibble,674,445,Avståndet mellan Oxelösund och Vibble är 674 km och Karl-Johan Gyllenstorm beräknade körtiden till cirka 445 minuter.,<url><loc>https://pendlings-app1.t-767929534-cloudflare.workers.dev/?fran=Oxelösund&amp;till=Vibble</loc><changefreq>monthly</changefreq></url>
Trosa,Tibro,69,48,Avståndet mellan Trosa och Tibro är 69 km och Karl-Johan Gyllenstorm beräknade körtiden till cirka 48 minuter.,<url><loc>https://pendlings-app1.t-767929534-cloudflare.workers.dev/?fran=Trosa&amp;till=Tibro</loc><changefreq>monthly</changefreq></url>
Gnosjö,Ragunda,1202,793,Avståndet mellan Gnosjö och Ragunda är 1202 km och Karl-Johan Gyllenstorm beräknade körtiden till cirka 793 minuter.,<url><loc>https://pendlings-app1.t-767929534-cloudflare.workers.dev/?fran=Gnosjö&amp;till=Ragunda</loc><changefreq>monthly</changefreq></url>
Roma,Höganäs,881,623,Avståndet mellan Roma och Höganäs är 881 km och Karl-Johan Gyllenstorm beräknade körtiden till cirka 623 minuter.,<url><loc>https://pendlings-app1.t-767929534-cloudflare.workers.dev/?fran=Roma&amp;till=Höganäs</loc><changefreq>monthly</changefreq></url>
Nora,Enköping,557,376,Avståndet mellan Nora och Enköping är 557 km och Karl-Johan Gyllenstorm beräknade körtiden till cirka 376 minuter.,<url><loc>https://pendlings-app1.t-767929534-cloudflare.workers.dev/?fran=Nora&amp;till=Enköping</loc><changefreq>monthly</changefreq></url>
Jönköping,Götene,1375,895,Avståndet mellan Jönköping och Götene är 1375 km och Karl-Johan Gyllenstorm beräknade körtiden till cirka 895 minuter.,<url><loc>https://pendlings-app1.t-767929534-cloudflare.workers.dev/?fran=Jönköping&amp;till=Götene</loc><changefreq>monthly</changefreq></url>
Helsingborg,Kramfors,1308,832,Avståndet mellan Helsingborg och Kramfors är 1308 km och Karl-Johan Gyllenstorm beräknade körtiden till cirka 832 minuter.,<url><loc>https://pendlings-app1.t-767929534-cloudflare.workers.dev/?fran=Helsingborg&amp;till=Kramfors</loc><changefreq>monthly</changefreq></url>
Degerfors,Knivsta,32,22,Avståndet mellan Degerfors och Knivsta är 32 km och Karl-Johan Gyllenstorm beräknade körtiden till cirka 22 minuter.,<url><loc>https://pendlings-app1.t-767929534-cloudflare.workers.dev/?fran=Degerfors&amp;till=Knivsta</loc><changefreq>monthly</changefreq></url>
Söderhamn,Varberg,379,267,Avståndet mellan Söderhamn och Varberg är 379 km och Karl-Johan Gyllenstorm beräknade körtiden till cirka 267 minuter.,<url><loc>https://pendlings-app1.t-767929534-cloudflare.workers.dev/?fran=Söderhamn&amp;till=Varberg</loc><changefreq>monthly</changefreq></url>
Askersund,Åsele,594,380,Avståndet mellan Askersund och Åsele är 594 km och Karl-Johan Gyllenstorm beräknade körtiden till cirka 380 minuter.,<url><loc>https://pendlings-app1.t-767929534-cloudflare.workers.dev/?fran=Askersund&amp;till=Åsele</loc><changefreq>monthly</changefreq></url>
Umeå,Smedjebacken,1067,761,Avståndet mellan Umeå och Smedjebacken är 1067 km och Karl-Johan Gyllenstorm beräknade körtiden till cirka 761 minuter.,<url><loc>https://pendlings-app1.t-767929534-cloudflare.workers.dev/?fran=Umeå&amp;till=Smedjebacken</loc><changefreq>monthly</changefreq></url>
Slite,Filipstad,577,375,Avståndet mellan Slite och Filipstad är 577 km och Karl-Johan Gyllenstorm beräknade körtiden till cirka 375 minuter.,<url><loc>https://pendlings-app1.t-767929534-cloudflare.workers.dev/?fran=Slite&amp;till=Filipstad</loc><changefreq>monthly</changefreq></url>
Sundsvall,Ystad,743,577,Avståndet mellan Sundsvall och Ystad är 743 km och Karl-Johan Gyllenstorm beräknade körtiden till cirka 577 minuter.,<url><loc>https://pendlings-app1.t-767929534-cloudflare.workers.dev/?fran=Sundsvall&amp;till=Ystad</loc><changefreq>monthly</changefreq></url>
Sotenäs,Jönköping,510,334,Avståndet mellan Sotenäs och Jönköping är 510 km och Karl-Johan Gyllenstorm beräknade körtiden till cirka 334 minuter.,<url><loc>https://pendlings-app1.t-767929534-cloudflare.workers.dev/?fran=Sotenäs&amp;till=Jönköping</loc><changefreq>monthly</changefreq></url>
Bollnäs,Älvsbyn,698,488,Avståndet mellan Bollnäs och Älvsbyn är 698 km och Karl-Johan Gyllenstorm beräknade körtiden till cirka 488 minuter.,<url><loc>https://pendlings-app1.t-767929534-cloudflare.workers.dev/?fran=Bollnäs&amp;till=Älvsbyn</loc><changefreq>monthly</changefreq></url>
Burgsvik,Bollnäs,954,737,Avståndet mellan Burgsvik och Bollnäs är 954 km och Karl-Johan Gyllenstorm beräknade körtiden till cirka 737 minuter.,<url><loc>https://pendlings-app1.t-767929534-cloudflare.workers.dev/?fran=Burgsvik&amp;till=Bollnäs</loc><changefreq>monthly</changefreq></url>
Kils,Älvdalen,1030,798,Avståndet mellan Kils och Älvdalen är 1030 km och Karl-Johan Gyllenstorm beräknade körtiden till cirka 798 minuter.,<url><loc>https://pendlings-app1.t-767929534-cloudflare.workers.dev/?fran=Kils&amp;till=Älvdalen</loc><changefreq>monthly</changefreq></url>
Tierp,Kramfors,569,368,Avståndet mellan Tierp och Kramfors är 569 km och Karl-Johan Gyllenstorm beräknade körtiden till cirka 368 minuter.,<url><loc>https://pendlings-app1.t-767929534-cloudflare.workers.dev/?fran=Tierp&amp;till=Kramfors</loc><changefreq>monthly</changefreq></url>
Burgsvik,Hagfors,68,46,Avståndet mellan Burgsvik och Hagfors är 68 km och Karl-Johan Gyllenstorm beräknade körtiden till cirka 46 minuter.,<url><loc>https://pendlings-app1.t-767929534-cloudflare.workers.dev/?fran=Burgsvik&amp;till=Hagfors</loc><changefreq>monthly</changefreq></url>
Ockelbo,Höör,895,589,Avståndet mellan Ockelbo och Höör är 895 km och Karl-Johan Gyllenstorm beräknade körtiden till cirka 589 minuter.,<url><loc>https://pendlings-app1.t-767929534-cloudflare.workers.dev/?fran=Ockelbo&amp;till=Höör</loc><changefreq>monthly</changefreq></url>
Olofström,Sorsele,1171,742,Avståndet mellan Olofström och Sorsele är 1171 km och Karl-Johan Gyllenstorm beräknade körtiden till cirka 742 minuter.,<url><loc>https://pendlings-app1.t-767929534-cloudflare.workers.dev/?fran=Olofström&amp;till=Sorsele</loc><changefreq>monthly</changefreq></url>
Örnsköldsvik,Ängelholm,241,160,Avståndet mellan Örnsköldsvik och Ängelholm är 241 km och Karl-Johan Gyllenstorm beräknade körtiden till cirka 160 minuter.,<url><loc>https://pendlings-app1.t-767929534-cloudflare.workers.dev/?fran=Örnsköldsvik&amp;till=Ängelholm</loc><changefreq>monthly</changefreq></url>
Nybro,Varberg,579,384,Avståndet mellan Nybro och Varberg är 579 km och Karl-Johan Gyllenstorm beräknade körtiden till cirka 384 minuter.,<url><loc>https://pendlings-app1.t-767929534-cloudflare.workers.dev/?fran=Nybro&amp;till=Varberg</loc><changefreq>monthly</changefreq></url>
Tomelilla,Eslöv,96,73,Avståndet mellan Tomelilla och Eslöv är 96 km och Karl-Johan Gyllenstorm beräknade körtiden till cirka 73 minuter.,<url><loc>https://pendlings-app1.t-767929534-cloudflare.workers.dev/?fran=Tomelilla&amp;till=Eslöv</loc><changefreq>monthly</changefreq></url>
Tingstäde,Sala,451,312,Avståndet mellan Tingstäde och Sala är 451 km och Karl-Johan Gyllenstorm beräknade körtiden till cirka 312 minuter.,<url><loc>https://pendlings-app1.t-767929534-cloudflare.workers.dev/?fran=Tingstäde&amp;till=Sala</loc><changefreq>monthly</changefreq></url>
Luleå,Ystad,1095,706,Avståndet mellan Luleå och Ystad är 1095 km och Karl-Johan Gyllenstorm beräknade körtiden till cirka 706 minuter.,<url><loc>https://pendlings-app1.t-767929534-cloudflare.workers.dev/?fran=Luleå&amp;till=Ystad</loc><changefreq>monthly</changefreq></url>
Berg,Sotenäs,1063,752,Avståndet mellan Berg och Sotenäs är 1063 km och Karl-Johan Gyllenstorm beräknade körtiden till cirka 752 minuter.,<url><loc>https://pendlings-app1.t-767929534-cloudflare.workers.dev/?fran=Berg&amp;till=Sotenäs</loc><changefreq>monthly</changefreq></url>
Falun,Bjuv,1148,816,Avståndet mellan Falun och Bjuv är 1148 km och Karl-Johan Gyllenstorm beräknade körtiden till cirka 816 minuter.,<url><loc>https://pendlings-app1.t-767929534-cloudflare.workers.dev/?fran=Falun&amp;till=Bjuv</loc><changefreq>monthly</changefreq></url>
Nyköping,Bengtsfors,1360,907,Avståndet mellan Nyköping och Bengtsfors är 1360 km och Karl-Johan Gyllenstorm beräknade körtiden till cirka 907 minuter.,<url><loc>https://pendlings-app1.t-767929534-cloudflare.workers.dev/?fran=Nyköping&amp;till=Bengtsfors</loc><changefreq>monthly</changefreq></url>
Avesta,Lycksele,1073,810,Avståndet mellan Avesta och Lycksele är 1073 km och Karl-Johan Gyllenstorm beräknade körtiden till cirka 810 minuter.,<url><loc>https://pendlings-app1.t-767929534-cloudflare.workers.dev/?fran=Avesta&amp;till=Lycksele</loc><changefreq>monthly</changefreq></url>
Ragunda,Karlstad,504,381,Avståndet mellan Ragunda och Karlstad är 504 km och Karl-Johan Gyllenstorm beräknade körtiden till cirka 381 minuter.,<url><loc>https://pendlings-app1.t-767929534-cloudflare.workers.dev/?fran=Ragunda&amp;till=Karlstad</loc><changefreq>monthly</changefreq></url>
Grums,Laholm,606,403,Avståndet mellan Grums och Laholm är 606 km och Karl-Johan Gyllenstorm beräknade körtiden till cirka 403 minuter.,<url><loc>https://pendlings-app1.t-767929534-cloudflare.workers.dev/?fran=Grums&amp;till=Laholm</loc><changefreq>monthly</changefreq></url>
Kalmar,Vimmerby,945,753,Avståndet mellan Kalmar och Vimmerby är 945 km och Karl-Johan Gyllenstorm beräknade körtiden till cirka 753 minuter.,<url><loc>https://pendlings-app1.t-767929534-cloudflare.workers.dev/?fran=Kalmar&amp;till=Vimmerby</loc><changefreq>monthly</changefreq></url>
Osby,Vibble,539,421,Avståndet mellan Osby och Vibble är 539 km och Karl-Johan Gyllenstorm beräknade körtiden till cirka 421 minuter.,<url><loc>https://pendlings-app1.t-767929534-cloudflare.workers.dev/?fran=Osby&amp;till=Vibble</loc><changefreq>monthly</changefreq></url>
Åtvidaberg,Falun,42,29,Avståndet mellan Åtvidaberg och Falun är 42 km och Karl-Johan Gyllenstorm beräknade körtiden till cirka 29 minuter.,<url><loc>https://pendlings-app1.t-767929534-cloudflare.workers.dev/?fran=Åtvidaberg&amp;till=Falun</loc><changefreq>monthly</changefreq></url>
Vetlanda,Hemse,1300,836,Avståndet mellan Vetlanda och Hemse är 1300 km och Karl-Johan Gyllenstorm beräknade körtiden till cirka 836 minuter.,<url><loc>https://pendlings-app1.t-767929534-cloudflare.workers.dev/?fran=Vetlanda&amp;till=Hemse</loc><changefreq>monthly</changefreq></url>
Arvika,Söderköping,739,562,Avståndet mellan Arvika och Söderköping är 739 km och Karl-Johan Gyllenstorm beräknade körtiden till cirka 562 minuter.,<url><loc>https://pendlings-app1.t-767929534-cloudflare.workers.dev/?fran=Arvika&amp;till=Söderköping</loc><changefreq>monthly</changefreq></url>
Dorotea,Ljusdal,1329,862,Avståndet mellan Dorotea och Ljusdal är 1329 km och Karl-Johan Gyllenstorm beräknade körtiden till cirka 862 minuter.,<url><loc>https://pendlings-app1.t-767929534-cloudflare.workers.dev/?fran=Dorotea&amp;till=Ljusdal</loc><changefreq>monthly</changefreq></url>
Piteå,Överkalix,72,55,Avståndet mellan Piteå och Överkalix är 72 km och Karl-Johan Gyllenstorm beräknade körtiden till cirka 55 minuter.,<url><loc>https://pendlings-app1.t-767929534-cloudflare.workers.dev/?fran=Piteå&amp;till=Överkalix</loc><changefreq>monthly</changefreq></url>
Kristianstad,Lindesberg,286,207,Avståndet mellan Kristianstad och Lindesberg är 286 km och Karl-Johan Gyllenstorm beräknade körtiden till cirka 207 minuter.,<url><loc>https://pendlings-app1.t-767929534-cloudflare.workers.dev/?fran=Kristianstad&amp;till=Lindesberg</loc><changefreq>monthly</changefreq></url>
Falköping,Malung,739,552,Avståndet mellan Falköping och Malung är 739 km och Karl-Johan Gyllenstorm beräknade körtiden till cirka 552 minuter.,<url><loc>https://pendlings-app1.t-767929534-cloudflare.workers.dev/?fran=Falköping&amp;till=Malung</loc><changefreq>monthly</changefreq></url>
Arboga,Gävle,366,233,Avståndet mellan Arboga och Gävle är 366 km och Karl-Johan Gyllenstorm beräknade körtiden till cirka 233 minuter.,<url><loc>https://pendlings-app1.t-767929534-cloudflare.workers.dev/?fran=Arboga&amp;till=Gävle</loc><changefreq>monthly</changefreq></url>
Östhammar,Högsby,561,441,Avståndet mellan Östhammar och Högsby är 561 km och Karl-Johan Gyllenstorm beräknade körtiden till cirka 441 minuter.,<url><loc>https://pendlings-app1.t-767929534-cloudflare.workers.dev/?fran=Östhammar&amp;till=Högsby</loc><changefreq>monthly</changefreq></url>
Eslöv,Töreboda,373,243,Avståndet mellan Eslöv och Töreboda är 373 km och Karl-Johan Gyllenstorm beräknade körtiden till cirka 243 minuter.,<url><loc>https://pendlings-app1.t-767929534-cloudflare.workers.dev/?fran=Eslöv&amp;till=Töreboda</loc><changefreq>monthly</changefreq></url>
Lidköping,Sundsvall,501,324,Avståndet mellan Lidköping och Sundsvall är 501 km och Karl-Johan Gyllenstorm beräknade körtiden till cirka 324 minuter.,<url><loc>https://pendlings-app1.t-767929534-cloudflare.workers.dev/?fran=Lidköping&amp;till=Sundsvall</loc><changefreq>monthly</changefreq></url>
Helsingborg,Kopparberg,1276,1011,Avståndet mellan Helsingborg och Kopparberg är 1276 km och Karl-Johan Gyllenstorm beräknade körtiden till cirka 1011 minuter.,<url><loc>https://pendlings-app1.t-767929534-cloudflare.workers.dev/?fran=Helsingborg&amp;till=Kopparberg</loc><changefreq>monthly</changefreq></url>
Sorsele,Tibro,1361,994,Avståndet mellan Sorsele och Tibro är 1361 km och Karl-Johan Gyllenstorm beräknade körtiden till cirka 994 minuter.,<url><loc>https://pendlings-app1.t-767929534-cloudflare.workers.dev/?fran=Sorsele&amp;till=Tibro</loc><changefreq>monthly</changefreq></url>
Gävle,Vara,970,749,Avståndet mellan Gävle och Vara är 970 km och Karl-Johan Gyllenstorm beräknade körtiden till cirka 749 minuter.,<url><loc>https://pendlings-app1.t-767929534-cloudflare.workers.dev/?fran=Gävle&amp;till=Vara</loc><changefreq>monthly</changefreq></url>
Håbo,Storuman,574,382,Avståndet mellan Håbo och Storuman är 574 km och Karl-Johan Gyllenstorm beräknade körtiden till cirka 382 minuter.,<url><loc>https://pendlings-app1.t-767929534-cloudflare.workers.dev/?fran=Håbo&amp;till=Storuman</loc><changefreq>monthly</changefreq></url>
Jönköping,Jokkmokk,160,127,Avståndet mellan Jönköping och Jokkmokk är 160 km och Karl-Johan Gyllenstorm beräknade körtiden till cirka 127 minuter.,<url><loc>https://pendlings-app1.t-767929534-cloudflare.workers.dev/?fran=Jönköping&amp;till=Jokkmokk</loc><changefreq>monthly</changefreq></url>
Söderköping,Sundsvall,1438,1016,Avståndet mellan Söderköping och Sundsvall är 1438 km och Karl-Johan Gyllenstorm beräknade körtiden till cirka 1016 minuter.,<url><loc>https://pendlings-app1.t-767929534-cloudflare.workers.dev/?fran=Söderköping&amp;till=Sundsvall</loc><changefreq>monthly</changefreq></url>
Ängelholm,Tranås,1236,808,Avståndet mellan Ängelholm och Tranås är 1236 km och Karl-Johan Gyllenstorm beräknade körtiden till cirka 808 minuter.,<url><loc>https://pendlings-app1.t-767929534-cloudflare.workers.dev/?fran=Ängelholm&amp;till=Tranås</loc><changefreq>monthly</changefreq></url>
Gävle,Rättvik,582,454,Avståndet mellan Gävle och Rättvik är 582 km och Karl-Johan Gyllenstorm beräknade körtiden till cirka 454 minuter.,<url><loc>https://pendlings-app1.t-767929534-cloudflare.workers.dev/?fran=Gävle&amp;till=Rättvik</loc><changefreq>monthly</changefreq></url>
Kils,Hörby,465,357,Avståndet mellan Kils och Hörby är 465 km och Karl-Johan Gyllenstorm beräknade körtiden till cirka 357 minuter.,<url><loc>https://pendlings-app1.t-767929534-cloudflare.workers.dev/?fran=Kils&amp;till=Hörby</loc><changefreq>monthly</changefreq></url>
Grums,Vingåker,785,496,Avståndet mellan Grums och Vingåker är 785 km och Karl-Johan Gyllenstorm beräknade körtiden till cirka 496 minuter.,<url><loc>https://pendlings-app1.t-767929534-cloudflare.workers.dev/?fran=Grums&amp;till=Vingåker</loc><changefreq>monthly</changefreq></url>
Gnosjö,Borlänge,516,337,Avståndet mellan Gnosjö och Borlänge är 516 km och Karl-Johan Gyllenstorm beräknade körtiden till cirka 337 minuter.,<url><loc>https://pendlings-app1.t-767929534-cloudflare.workers.dev/?fran=Gnosjö&amp;till=Borlänge</loc><changefreq>monthly</changefreq></url>
Gävle,Sandviken,1342,1052,Avståndet mellan Gävle och Sandviken är 1342 km och Karl-Johan Gyllenstorm beräknade körtiden till cirka 1052 minuter.,<url><loc>https://pendlings-app1.t-767929534-cloudflare.workers.dev/?fran=Gävle&amp;till=Sandviken</loc><changefreq>monthly</changefreq></url>
Kils,Fårösund,1297,919,Avståndet mellan Kils och Fårösund är 1297 km och Karl-Johan Gyllenstorm beräknade körtiden till cirka 919 minuter.,<url><loc>https://pendlings-app1.t-767929534-cloudflare.workers.dev/?fran=Kils&amp;till=Fårösund</loc><changefreq>monthly</changefreq></url>
Stockholm,Enköping,1286,950,Avståndet mellan Stockholm och Enköping är 1286 km och Karl-Johan Gyllenstorm beräknade körtiden till cirka 950 minuter.,<url><loc>https://pendlings-app1.t-767929534-cloudflare.workers.dev/?fran=Stockholm&amp;till=Enköping</loc><changefreq>monthly</changefreq></url>
Mullsjö,Skinnskatteberg,1324,850,Avståndet mellan Mullsjö och Skinnskatteberg är 1324 km och Karl-Johan Gyllenstorm beräknade körtiden till cirka 850 minuter.,<url><loc>https://pendlings-app1.t-767929534-cloudflare.workers.dev/?fran=Mullsjö&amp;till=Skinnskatteberg</loc><changefreq>monthly</changefreq></url>
Arvidsjaur,Svedala,320,213,Avståndet mellan Arvidsjaur och Svedala är 320 km och Karl-Johan Gyllenstorm beräknade körtiden till cirka 213 minuter.,<url><loc>https://pendlings-app1.t-767929534-cloudflare.workers.dev/?fran=Arvidsjaur&amp;till=Svedala</loc><changefreq>monthly</changefreq></url>
Karlskoga,Vårgårda,1139,727,Avståndet mellan Karlskoga och Vårgårda är 1139 km och Karl-Johan Gyllenstorm beräknade körtiden till cirka 727 minuter.,<url><loc>https://pendlings-app1.t-767929534-cloudflare.workers.dev/?fran=Karlskoga&amp;till=Vårgårda</loc><changefreq>monthly</changefreq></url>
Härjedalen,Lindesberg,82,57,Avståndet mellan Härjedalen och Lindesberg är 82 km och Karl-Johan Gyllenstorm beräknade körtiden till cirka 57 minuter.,<url><loc>https://pendlings-app1.t-767929534-cloudflare.workers.dev/?fran=Härjedalen&amp;till=Lindesberg</loc><changefreq>monthly</changefreq></url>
Arvidsjaur,Gagnef,1167,829,Avståndet mellan Arvidsjaur och Gagnef är 1167 km och Karl-Johan Gyllenstorm beräknade körtiden till cirka 829 minuter.,<url><loc>https://pendlings-app1.t-767929534-cloudflare.workers.dev/?fran=Arvidsjaur&amp;till=Gagnef</loc><changefreq>monthly</changefreq></url>
Vänersborg,Hjo,823,522,Avståndet mellan Vänersborg och Hjo är 823 km och Karl-Johan Gyllenstorm beräknade körtiden till cirka 522 minuter.,<url><loc>https://pendlings-app1.t-767929534-cloudflare.workers.dev/?fran=Vänersborg&amp;till=Hjo</loc><changefreq>monthly</changefreq></url>
Mark,Klintehamn,1201,867,Avståndet mellan Mark och Klintehamn är 1201 km och Karl-Johan Gyllenstorm beräknade körtiden till cirka 867 minuter.,<url><loc>https://pendlings-app1.t-767929534-cloudflare.workers.dev/?fran=Mark&amp;till=Klintehamn</loc><changefreq>monthly</changefreq></url>
Färgelanda,Sunne,400,306,Avståndet mellan Färgelanda och Sunne är 400 km och Karl-Johan Gyllenstorm beräknade körtiden till cirka 306 minuter.,<url><loc>https://pendlings-app1.t-767929534-cloudflare.workers.dev/?fran=Färgelanda&amp;till=Sunne</loc><changefreq>monthly</changefreq></url>
Skara,Mora,185,117,Avståndet mellan Skara och Mora är 185 km och Karl-Johan Gyllenstorm beräknade körtiden till cirka 117 minuter.,<url><loc>https://pendlings-app1.t-767929534-cloudflare.workers.dev/?fran=Skara&amp;till=Mora</loc><changefreq>monthly</changefreq></url>
Sävsjö,Vilhelmina,636,420,Avståndet mellan Sävsjö och Vilhelmina är 636 km och Karl-Johan Gyllenstorm beräknade körtiden till cirka 420 minuter.,<url><loc>https://pendlings-app1.t-767929534-cloudflare.workers.dev/?fran=Sävsjö&amp;till=Vilhelmina</loc><changefreq>monthly</changefreq></url>
Sjöbo,Timrå,404,300,Avståndet mellan Sjöbo och Timrå är 404 km och Karl-Johan Gyllenstorm beräknade körtiden till cirka 300 minuter.,<url><loc>https://pendlings-app1.t-767929534-cloudflare.workers.dev/?fran=Sjöbo&amp;till=Timrå</loc><changefreq>monthly</changefreq></url>
Nyköping,Sunne,567,371,Avståndet mellan Nyköping och Sunne är 567 km och Karl-Johan Gyllenstorm beräknade körtiden till cirka 371 minuter.,<url><loc>https://pendlings-app1.t-767929534-cloudflare.workers.dev/?fran=Nyköping&amp;till=Sunne</loc><changefreq>monthly</changefreq></url>
Jönköping,Bålsta,1446,987,Avståndet mellan Jönköping och Bålsta är 1446 km och Karl-Johan Gyllenstorm beräknade körtiden till cirka 987 minuter.,<url><loc>https://pendlings-app1.t-767929534-cloudflare.workers.dev/?fran=Jönköping&amp;till=Bålsta</loc><changefreq>monthly</changefreq></url>
Vilhelmina,Kils,463,354,Avståndet mellan Vilhelmina och Kils är 463 km och Karl-Johan Gyllenstorm beräknade körtiden till cirka 354 minuter.,<url><loc>https://pendlings-app1.t-767929534-cloudflare.workers.dev/?fran=Vilhelmina&amp;till=Kils</loc><changefreq>monthly</changefreq></url>
Sävsjö,Lysekil,229,178,Avståndet mellan Sävsjö och Lysekil är 229 km och Karl-Johan Gyllenstorm beräknade körtiden till cirka 178 minuter.,<url><loc>https://pendlings-app1.t-767929534-cloudflare.workers.dev/?fran=Sävsjö&amp;till=Lysekil</loc><changefreq>monthly</changefreq></url>
Lidköping,Mark,1298,1024,Avståndet mellan Lidköping och Mark är 1298 km och Karl-Johan Gyllenstorm beräknade körtiden till cirka 1024 minuter.,<url><loc>https://pendlings-app1.t-767929534-cloudflare.workers.dev/?fran=Lidköping&amp;till=Mark</loc><changefreq>monthly</changefreq></url>
Örebro,Vingåker,419,310,Avståndet mellan Örebro och Vingåker är 419 km och Karl-Johan Gyllenstorm beräknade körtiden till cirka 310 minuter.,<url><loc>https://pendlings-app1.t-767929534-cloudflare.workers.dev/?fran=Örebro&amp;till=Vingåker</loc><changefreq>monthly</changefreq></url>
Täby,Tingstäde,1101,790,Avståndet mellan Täby och Tingstäde är 1101 km och Karl-Johan Gyllenstorm beräknade körtiden till cirka 790 minuter.,<url><loc>https://pendlings-app1.t-767929534-cloudflare.workers.dev/?fran=Täby&amp;till=Tingstäde</loc><changefreq>monthly</changefreq></url>
Lund,Överkalix,1433,1041,Avståndet mellan Lund och Överkalix är 1433 km och Karl-Johan Gyllenstorm beräknade körtiden till cirka 1041 minuter.,<url><loc>https://pendlings-app1.t-767929534-cloudflare.workers.dev/?fran=Lund&amp;till=Överkalix</loc><changefreq>monthly</changefreq></url>
Gullspång,Hjo,127,90,Avståndet mellan Gullspång och Hjo är 127 km och Karl-Johan Gyllenstorm beräknade körtiden till cirka 90 minuter.,<url><loc>https://pendlings-app1.t-767929534-cloudflare.workers.dev/?fran=Gullspång&amp;till=Hjo</loc><changefreq>monthly</changefreq></url>
Visby,Leksand,330,230,Avståndet mellan Visby och Leksand är 330 km och Karl-Johan Gyllenstorm beräknade körtiden till cirka 230 minuter.,<url><loc>https://pendlings-app1.t-767929534-cloudflare.workers.dev/?fran=Visby&amp;till=Leksand</loc><changefreq>monthly</changefreq></url>
Överkalix,Berg,943,637,Avståndet mellan Överkalix och Berg är 943 km och Karl-Johan Gyllenstorm beräknade körtiden till cirka 637 minuter.,<url><loc>https://pendlings-app1.t-767929534-cloudflare.workers.dev/?fran=Överkalix&amp;till=Berg</loc><changefreq>monthly</changefreq></url>
Färjestaden,Herrljunga,372,293,Avståndet mellan Färjestaden och Herrljunga är 372 km och Karl-Johan Gyllenstorm beräknade körtiden till cirka 293 minuter.,<url><loc>https://pendlings-app1.t-767929534-cloudflare.workers.dev/?fran=Färjestaden&amp;till=Herrljunga</loc><changefreq>monthly</changefreq></url>
Eslöv,Kiruna,335,222,Avståndet mellan Eslöv och Kiruna är 335 km och Karl-Johan Gyllenstorm beräknade körtiden till cirka 222 minuter.,<url><loc>https://pendlings-app1.t-767929534-cloudflare.workers.dev/?fran=Eslöv&amp;till=Kiruna</loc><changefreq>monthly</changefreq></url>
Ödeshög,Ängelholm,90,62,Avståndet mellan Ödeshög och Ängelholm är 90 km och Karl-Johan Gyllenstorm beräknade körtiden till cirka 62 minuter.,<url><loc>https://pendlings-app1.t-767929534-cloudflare.workers.dev/?fran=Ödeshög&amp;till=Ängelholm</loc><changefreq>monthly</changefreq></url>
Torsby,Älvsbyn,509,369,Avståndet mellan Torsby och Älvsbyn är 509 km och Karl-Johan Gyllenstorm beräknade körtiden till cirka 369 minuter.,<url><loc>https://pendlings-app1.t-767929534-cloudflare.workers.dev/?fran=Torsby&amp;till=Älvsbyn</loc><changefreq>monthly</changefreq></url>
Gävle,Pajala,873,586,Avståndet mellan Gävle och Pajala är 873 km och Karl-Johan Gyllenstorm beräknade körtiden till cirka 586 minuter.,<url><loc>https://pendlings-app1.t-767929534-cloudflare.workers.dev/?fran=Gävle&amp;till=Pajala</loc><changefreq>monthly</changefreq></url>
Ödeshög,Kumla,168,117,Avståndet mellan Ödeshög och Kumla är 168 km och Karl-Johan Gyllenstorm beräknade körtiden till cirka 117 minuter.,<url><loc>https://pendlings-app1.t-767929534-cloudflare.workers.dev/?fran=Ödeshög&amp;till=Kumla</loc><changefreq>monthly</changefreq></url>
Ödeshög,Malung,427,308,Avståndet mellan Ödeshög och Malung är 427 km och Karl-Johan Gyllenstorm beräknade körtiden till cirka 308 minuter.,<url><loc>https://pendlings-app1.t-767929534-cloudflare.workers.dev/?fran=Ödeshög&amp;till=Malung</loc><changefreq>monthly</changefreq></url>
Borlänge,Vibble,1138,788,Avståndet mellan Borlänge och Vibble är 1138 km och Karl-Johan Gyllenstorm beräknade körtiden till cirka 788 minuter.,<url><loc>https://pendlings-app1.t-767929534-cloudflare.workers.dev/?fran=Borlänge&amp;till=Vibble</loc><changefreq>monthly</changefreq></url>
Forshaga,Flen,45,33,Avståndet mellan Forshaga och Flen är 45 km och Karl-Johan Gyllenstorm beräknade körtiden till cirka 33 minuter.,<url><loc>https://pendlings-app1.t-767929534-cloudflare.workers.dev/?fran=Forshaga&amp;till=Flen</loc><changefreq>monthly</changefreq></url>
Årjäng,Nybro,999,688,Avståndet mellan Årjäng och Nybro är 999 km och Karl-Johan Gyllenstorm beräknade körtiden till cirka 688 minuter.,<url><loc>https://pendlings-app1.t-767929534-cloudflare.workers.dev/?fran=Årjäng&amp;till=Nybro</loc><changefreq>monthly</changefreq></url>
Mjölby,Munkedal,86,68,Avståndet mellan Mjölby och Munkedal är 86 km och Karl-Johan Gyllenstorm beräknade körtiden till cirka 68 minuter.,<url><loc>https://pendlings-app1.t-767929534-cloudflare.workers.dev/?fran=Mjölby&amp;till=Munkedal</loc><changefreq>monthly</changefreq></url>
Habon,Båstad,1038,780,Avståndet mellan Habon och Båstad är 1038 km och Karl-Johan Gyllenstorm beräknade körtiden till cirka 780 minuter.,<url><loc>https://pendlings-app1.t-767929534-cloudflare.workers.dev/?fran=Habon&amp;till=Båstad</loc><changefreq>monthly</changefreq></url>
Oxelösund,Lomma,708,451,Avståndet mellan Oxelösund och Lomma är 708 km och Karl-Johan Gyllenstorm beräknade körtiden till cirka 451 minuter.,<url><loc>https://pendlings-app1.t-767929534-cloudflare.workers.dev/?fran=Oxelösund&amp;till=Lomma</loc><changefreq>monthly</changefreq></url>
Örnsköldsvik,Hyltebruk,1178,749,Avståndet mellan Örnsköldsvik och Hyltebruk är 1178 km och Karl-Johan Gyllenstorm beräknade körtiden till cirka 749 minuter.,<url><loc>https://pendlings-app1.t-767929534-cloudflare.workers.dev/?fran=Örnsköldsvik&amp;till=Hyltebruk</loc><changefreq>monthly</changefreq></url>
Piteå,Grythyttan,78,51,Avståndet mellan Piteå och Grythyttan är 78 km och Karl-Johan Gyllenstorm beräknade körtiden till cirka 51 minuter.,<url><loc>https://pendlings-app1.t-767929534-cloudflare.workers.dev/?fran=Piteå&amp;till=Grythyttan</loc><changefreq>monthly</changefreq></url>
Ulricehamn,Degerfors,467,321,Avståndet mellan Ulricehamn och Degerfors är 467 km och Karl-Johan Gyllenstorm beräknade körtiden till cirka 321 minuter.,<url><loc>https://pendlings-app1.t-767929534-cloudflare.workers.dev/?fran=Ulricehamn&amp;till=Degerfors</loc><changefreq>monthly</changefreq></url>
Havdhem,Färjestaden,208,158,Avståndet mellan Havdhem och Färjestaden är 208 km och Karl-Johan Gyllenstorm beräknade körtiden till cirka 158 minuter.,<url><loc>https://pendlings-app1.t-767929534-cloudflare.workers.dev/?fran=Havdhem&amp;till=Färjestaden</loc><changefreq>monthly</changefreq></url>
Sollefteå,Uppsala,95,65,Avståndet mellan Sollefteå och Uppsala är 95 km och Karl-Johan Gyllenstorm beräknade körtiden till cirka 65 minuter.,<url><loc>https://pendlings-app1.t-767929534-cloudflare.workers.dev/?fran=Sollefteå&amp;till=Uppsala</loc><changefreq>monthly</changefreq></url>
Bengtsfors,Burgsvik,376,288,Avståndet mellan Bengtsfors och Burgsvik är 376 km och Karl-Johan Gyllenstorm beräknade körtiden till cirka 288 minuter.,<url><loc>https://pendlings-app1.t-767929534-cloudflare.workers.dev/?fran=Bengtsfors&amp;till=Burgsvik</loc><changefreq>monthly</changefreq></url>
Jokkmokk,Kalmar,248,188,Avståndet mellan Jokkmokk och Kalmar är 248 km och Karl-Johan Gyllenstorm beräknade körtiden till cirka 188 minuter.,<url><loc>https://pendlings-app1.t-767929534-cloudflare.workers.dev/?fran=Jokkmokk&amp;till=Kalmar</loc><changefreq>monthly</changefreq></url>
Kiruna,Varberg,804,559,Avståndet mellan Kiruna och Varberg är 804 km och Karl-Johan Gyllenstorm beräknade körtiden till cirka 559 minuter.,<url><loc>https://pendlings-app1.t-767929534-cloudflare.workers.dev/?fran=Kiruna&amp;till=Varberg</loc><changefreq>monthly</changefreq></url>
Norberg,Åmål,1068,759,Avståndet mellan Norberg och Åmål är 1068 km och Karl-Johan Gyllenstorm beräknade körtiden till cirka 759 minuter.,<url><loc>https://pendlings-app1.t-767929534-cloudflare.workers.dev/?fran=Norberg&amp;till=Åmål</loc><changefreq>monthly</changefreq></url>
Ydre,Oxelösund,179,122,Avståndet mellan Ydre och Oxelösund är 179 km och Karl-Johan Gyllenstorm beräknade körtiden till cirka 122 minuter.,<url><loc>https://pendlings-app1.t-767929534-cloudflare.workers.dev/?fran=Ydre&amp;till=Oxelösund</loc><changefreq>monthly</changefreq></url>
Örebro,Roma,1040,802,Avståndet mellan Örebro och Roma är 1040 km och Karl-Johan Gyllenstorm beräknade körtiden till cirka 802 minuter.,<url><loc>https://pendlings-app1.t-767929534-cloudflare.workers.dev/?fran=Örebro&amp;till=Roma</loc><changefreq>monthly</changefreq></url>
Eda,Kinda,270,215,Avståndet mellan Eda och Kinda är 270 km och Karl-Johan Gyllenstorm beräknade körtiden till cirka 215 minuter.,<url><loc>https://pendlings-app1.t-767929534-cloudflare.workers.dev/?fran=Eda&amp;till=Kinda</loc><changefreq>monthly</changefreq></url>
Östersund,Skinnskatteberg,544,401,Avståndet mellan Östersund och Skinnskatteberg är 544 km och Karl-Johan Gyllenstorm beräknade körtiden till cirka 401 minuter.,<url><loc>https://pendlings-app1.t-767929534-cloudflare.workers.dev/?fran=Östersund&amp;till=Skinnskatteberg</loc><changefreq>monthly</changefreq></url>
Svalöv,Oskarshamn,597,399,Avståndet mellan Svalöv och Oskarshamn är 597 km och Karl-Johan Gyllenstorm beräknade körtiden till cirka 399 minuter.,<url><loc>https://pendlings-app1.t-767929534-cloudflare.workers.dev/?fran=Svalöv&amp;till=Oskarshamn</loc><changefreq>monthly</changefreq></url>
Norberg,Årjäng,254,160,Avståndet mellan Norberg och Årjäng är 254 km och Karl-Johan Gyllenstorm beräknade körtiden till cirka 160 minuter.,<url><loc>https://pendlings-app1.t-767929534-cloudflare.workers.dev/?fran=Norberg&amp;till=Årjäng</loc><changefreq>monthly</changefreq></url>
Örkelljunga,Kopparberg,252,175,Avståndet mellan Örkelljunga och Kopparberg är 252 km och Karl-Johan Gyllenstorm beräknade körtiden till cirka 175 minuter.,<url><loc>https://pendlings-app1.t-767929534-cloudflare.workers.dev/?fran=Örkelljunga&amp;till=Kopparberg</loc><changefreq>monthly</changefreq></url>
Hjo,Svalöv,1145,754,Avståndet mellan Hjo och Svalöv är 1145 km och Karl-Johan Gyllenstorm beräknade körtiden till cirka 754 minuter.,<url><loc>https://pendlings-app1.t-767929534-cloudflare.workers.dev/?fran=Hjo&amp;till=Svalöv</loc><changefreq>monthly</changefreq></url>
Fagersta,Färgelanda,165,117,Avståndet mellan Fagersta och Färgelanda är 165 km och Karl-Johan Gyllenstorm beräknade körtiden till cirka 117 minuter.,<url><loc>https://pendlings-app1.t-767929534-cloudflare.workers.dev/?fran=Fagersta&amp;till=Färgelanda</loc><changefreq>monthly</changefreq></url>
Götene,Arvidsjaur,37,26,Avståndet mellan Götene och Arvidsjaur är 37 km och Karl-Johan Gyllenstorm beräknade körtiden till cirka 26 minuter.,<url><loc>https://pendlings-app1.t-767929534-cloudflare.workers.dev/?fran=Götene&amp;till=Arvidsjaur</loc><changefreq>monthly</changefreq></url>
Trosa,Perstorp,652,490,Avståndet mellan Trosa och Perstorp är 652 km och Karl-Johan Gyllenstorm beräknade körtiden till cirka 490 minuter.,<url><loc>https://pendlings-app1.t-767929534-cloudflare.workers.dev/?fran=Trosa&amp;till=Perstorp</loc><changefreq>monthly</changefreq></url>
Åtvidaberg,Slite,135,86,Avståndet mellan Åtvidaberg och Slite är 135 km och Karl-Johan Gyllenstorm beräknade körtiden till cirka 86 minuter.,<url><loc>https://pendlings-app1.t-767929534-cloudflare.workers.dev/?fran=Åtvidaberg&amp;till=Slite</loc><changefreq>monthly</changefreq></url>
Vara,Höör,321,210,Avståndet mellan Vara och Höör är 321 km och Karl-Johan Gyllenstorm beräknade körtiden till cirka 210 minuter.,<url><loc>https://pendlings-app1.t-767929534-cloudflare.workers.dev/?fran=Vara&amp;till=Höör</loc><changefreq>monthly</changefreq></url>
Åtvidaberg,Borgholm,642,476,Avståndet mellan Åtvidaberg och Borgholm är 642 km och Karl-Johan Gyllenstorm beräknade körtiden till cirka 476 minuter.,<url><loc>https://pendlings-app1.t-767929534-cloudflare.workers.dev/?fran=Åtvidaberg&amp;till=Borgholm</loc><changefreq>monthly</changefreq></url>
Uppsala,Burgsvik,294,224,Avståndet mellan Uppsala och Burgsvik är 294 km och Karl-Johan Gyllenstorm beräknade körtiden till cirka 224 minuter.,<url><loc>https://pendlings-app1.t-767929534-cloudflare.workers.dev/?fran=Uppsala&amp;till=Burgsvik</loc><changefreq>monthly</changefreq></url>
Åmål,Göteborg,320,250,Avståndet mellan Åmål och Göteborg är 320 km och Karl-Johan Gyllenstorm beräknade körtiden till cirka 250 minuter.,<url><loc>https://pendlings-app1.t-767929534-cloudflare.workers.dev/?fran=Åmål&amp;till=Göteborg</loc><changefreq>monthly</changefreq></url>
Norberg,Nybro,838,668,Avståndet mellan Norberg och Nybro är 838 km och Karl-Johan Gyllenstorm beräknade körtiden till cirka 668 minuter.,<url><loc>https://pendlings-app1.t-767929534-cloudflare.workers.dev/?fran=Norberg&amp;till=Nybro</loc><changefreq>monthly</changefreq></url>
Sollefteå,Älvdalen,726,554,Avståndet mellan Sollefteå och Älvdalen är 726 km och Karl-Johan Gyllenstorm beräknade körtiden till cirka 554 minuter.,<url><loc>https://pendlings-app1.t-767929534-cloudflare.workers.dev/?fran=Sollefteå&amp;till=Älvdalen</loc><changefreq>monthly</changefreq></url>
Berg,Essunga,1228,916,Avståndet mellan Berg och Essunga är 1228 km och Karl-Johan Gyllenstorm beräknade körtiden till cirka 916 minuter.,<url><loc>https://pendlings-app1.t-767929534-cloudflare.workers.dev/?fran=Berg&amp;till=Essunga</loc><changefreq>monthly</changefreq></url>
Åtvidaberg,Strömstad,193,149,Avståndet mellan Åtvidaberg och Strömstad är 193 km och Karl-Johan Gyllenstorm beräknade körtiden till cirka 149 minuter.,<url><loc>https://pendlings-app1.t-767929534-cloudflare.workers.dev/?fran=Åtvidaberg&amp;till=Strömstad</loc><changefreq>monthly</changefreq></url>
Sotenäs,Hultsfred,1385,927,Avståndet mellan Sotenäs och Hultsfred är 1385 km och Karl-Johan Gyllenstorm beräknade körtiden till cirka 927 minuter.,<url><loc>https://pendlings-app1.t-767929534-cloudflare.workers.dev/?fran=Sotenäs&amp;till=Hultsfred</loc><changefreq>monthly</changefreq></url>
Tingstäde,Storfors,1219,909,Avståndet mellan Tingstäde och Storfors är 1219 km och Karl-Johan Gyllenstorm beräknade körtiden till cirka 909 minuter.,<url><loc>https://pendlings-app1.t-767929534-cloudflare.workers.dev/?fran=Tingstäde&amp;till=Storfors</loc><changefreq>monthly</changefreq></url>
Grythyttan,Storuman,938,619,Avståndet mellan Grythyttan och Storuman är 938 km och Karl-Johan Gyllenstorm beräknade körtiden till cirka 619 minuter.,<url><loc>https://pendlings-app1.t-767929534-cloudflare.workers.dev/?fran=Grythyttan&amp;till=Storuman</loc><changefreq>monthly</changefreq></url>
Ljusnarsberg,Svenljunga,996,645,Avståndet mellan Ljusnarsberg och Svenljunga är 996 km och Karl-Johan Gyllenstorm beräknade körtiden till cirka 645 minuter.,<url><loc>https://pendlings-app1.t-767929534-cloudflare.workers.dev/?fran=Ljusnarsberg&amp;till=Svenljunga</loc><changefreq>monthly</changefreq></url>
Överkalix,Köping,794,545,Avståndet mellan Överkalix och Köping är 794 km och Karl-Johan Gyllenstorm beräknade körtiden till cirka 545 minuter.,<url><loc>https://pendlings-app1.t-767929534-cloudflare.workers.dev/?fran=Överkalix&amp;till=Köping</loc><changefreq>monthly</changefreq></url>
Fårösund,Växjö,451,306,Avståndet mellan Fårösund och Växjö är 451 km och Karl-Johan Gyllenstorm beräknade körtiden till cirka 306 minuter.,<url><loc>https://pendlings-app1.t-767929534-cloudflare.workers.dev/?fran=Fårösund&amp;till=Växjö</loc><changefreq>monthly</changefreq></url>
Lysekil,Överkalix,886,605,Avståndet mellan Lysekil och Överkalix är 886 km och Karl-Johan Gyllenstorm beräknade körtiden till cirka 605 minuter.,<url><loc>https://pendlings-app1.t-767929534-cloudflare.workers.dev/?fran=Lysekil&amp;till=Överkalix</loc><changefreq>monthly</changefreq></url>
Bollebygd,Eda,748,552,Avståndet mellan Bollebygd och Eda är 748 km och Karl-Johan Gyllenstorm beräknade körtiden till cirka 552 minuter.,<url><loc>https://pendlings-app1.t-767929534-cloudflare.workers.dev/?fran=Bollebygd&amp;till=Eda</loc><changefreq>monthly</changefreq></url>
Tomelilla,Svedala,485,311,Avståndet mellan Tomelilla och Svedala är 485 km och Karl-Johan Gyllenstorm beräknade körtiden till cirka 311 minuter.,<url><loc>https://pendlings-app1.t-767929534-cloudflare.workers.dev/?fran=Tomelilla&amp;till=Svedala</loc><changefreq>monthly</changefreq></url>
Vimmerby,Simrishamn,988,713,Avståndet mellan Vimmerby och Simrishamn är 988 km och Karl-Johan Gyllenstorm beräknade körtiden till cirka 713 minuter.,<url><loc>https://pendlings-app1.t-767929534-cloudflare.workers.dev/?fran=Vimmerby&amp;till=Simrishamn</loc><changefreq>monthly</changefreq></url>
Staffanstorp,Vimmerby,1359,967,Avståndet mellan Staffanstorp och Vimmerby är 1359 km och Karl-Johan Gyllenstorm beräknade körtiden till cirka 967 minuter.,<url><loc>https://pendlings-app1.t-767929534-cloudflare.workers.dev/?fran=Staffanstorp&amp;till=Vimmerby</loc><changefreq>monthly</changefreq></url>
Lund,Grythyttan,639,429,Avståndet mellan Lund och Grythyttan är 639 km och Karl-Johan Gyllenstorm beräknade körtiden till cirka 429 minuter.,<url><loc>https://pendlings-app1.t-767929534-cloudflare.workers.dev/?fran=Lund&amp;till=Grythyttan</loc><changefreq>monthly</changefreq></url>
Göteborg,Söderhamn,74,47,Avståndet mellan Göteborg och Söderhamn är 74 km och Karl-Johan Gyllenstorm beräknade körtiden till cirka 47 minuter.,<url><loc>https://pendlings-app1.t-767929534-cloudflare.workers.dev/?fran=Göteborg&amp;till=Söderhamn</loc><changefreq>monthly</changefreq></url>
Töreboda,Olofström,1411,1090,Avståndet mellan Töreboda och Olofström är 1411 km och Karl-Johan Gyllenstorm beräknade körtiden till cirka 1090 minuter.,<url><loc>https://pendlings-app1.t-767929534-cloudflare.workers.dev/?fran=Töreboda&amp;till=Olofström</loc><changefreq>monthly</changefreq></url>
Staffanstorp,Nyköping,731,479,Avståndet mellan Staffanstorp och Nyköping är 731 km och Karl-Johan Gyllenstorm beräknade körtiden till cirka 479 minuter.,<url><loc>https://pendlings-app1.t-767929534-cloudflare.workers.dev/?fran=Staffanstorp&amp;till=Nyköping</loc><changefreq>monthly</changefreq></url>
Klintehamn,Arvidsjaur,760,526,Avståndet mellan Klintehamn och Arvidsjaur är 760 km och Karl-Johan Gyllenstorm beräknade körtiden till cirka 526 minuter.,<url><loc>https://pendlings-app1.t-767929534-cloudflare.workers.dev/?fran=Klintehamn&amp;till=Arvidsjaur</loc><changefreq>monthly</changefreq></url>
Arvika,Lycksele,743,577,Avståndet mellan Arvika och Lycksele är 743 km och Karl-Johan Gyllenstorm beräknade körtiden till cirka 577 minuter.,<url><loc>https://pendlings-app1.t-767929534-cloudflare.workers.dev/?fran=Arvika&amp;till=Lycksele</loc><changefreq>monthly</changefreq></url>
Berg,Härjedalen,100,77,Avståndet mellan Berg och Härjedalen är 100 km och Karl-Johan Gyllenstorm beräknade körtiden till cirka 77 minuter.,<url><loc>https://pendlings-app1.t-767929534-cloudflare.workers.dev/?fran=Berg&amp;till=Härjedalen</loc><changefreq>monthly</changefreq></url>
Hultsfred,Sunne,242,168,Avståndet mellan Hultsfred och Sunne är 242 km och Karl-Johan Gyllenstorm beräknade körtiden till cirka 168 minuter.,<url><loc>https://pendlings-app1.t-767929534-cloudflare.workers.dev/?fran=Hultsfred&amp;till=Sunne</loc><changefreq>monthly</changefreq></url>
Gislaved,Västervik,251,185,Avståndet mellan Gislaved och Västervik är 251 km och Karl-Johan Gyllenstorm beräknade körtiden till cirka 185 minuter.,<url><loc>https://pendlings-app1.t-767929534-cloudflare.workers.dev/?fran=Gislaved&amp;till=Västervik</loc><changefreq>monthly</changefreq></url>
Stånga,Lysekil,1124,778,Avståndet mellan Stånga och Lysekil är 1124 km och Karl-Johan Gyllenstorm beräknade körtiden till cirka 778 minuter.,<url><loc>https://pendlings-app1.t-767929534-cloudflare.workers.dev/?fran=Stånga&amp;till=Lysekil</loc><changefreq>monthly</changefreq></url>
Timrå,Hultsfred,211,161,Avståndet mellan Timrå och Hultsfred är 211 km och Karl-Johan Gyllenstorm beräknade körtiden till cirka 161 minuter.,<url><loc>https://pendlings-app1.t-767929534-cloudflare.workers.dev/?fran=Timrå&amp;till=Hultsfred</loc><changefreq>monthly</changefreq></url>
Linköping,Kävlinge,905,633,Avståndet mellan Linköping och Kävlinge är 905 km och Karl-Johan Gyllenstorm beräknade körtiden till cirka 633 minuter.,<url><loc>https://pendlings-app1.t-767929534-cloudflare.workers.dev/?fran=Linköping&amp;till=Kävlinge</loc><changefreq>monthly</changefreq></url>
Åre,Askersund,853,539,Avståndet mellan Åre och Askersund är 853 km och Karl-Johan Gyllenstorm beräknade körtiden till cirka 539 minuter.,<url><loc>https://pendlings-app1.t-767929534-cloudflare.workers.dev/?fran=Åre&amp;till=Askersund</loc><changefreq>monthly</changefreq></url>
Ödeshög,Hyltebruk,609,408,Avståndet mellan Ödeshög och Hyltebruk är 609 km och Karl-Johan Gyllenstorm beräknade körtiden till cirka 408 minuter.,<url><loc>https://pendlings-app1.t-767929534-cloudflare.workers.dev/?fran=Ödeshög&amp;till=Hyltebruk</loc><changefreq>monthly</changefreq></url>
Kävlinge,Gnestad,1122,726,Avståndet mellan Kävlinge och Gnestad är 1122 km och Karl-Johan Gyllenstorm beräknade körtiden till cirka 726 minuter.,<url><loc>https://pendlings-app1.t-767929534-cloudflare.workers.dev/?fran=Kävlinge&amp;till=Gnestad</loc><changefreq>monthly</changefreq></url>
Sotenäs,Bollnäs,547,388,Avståndet mellan Sotenäs och Bollnäs är 547 km och Karl-Johan Gyllenstorm beräknade körtiden till cirka 388 minuter.,<url><loc>https://pendlings-app1.t-767929534-cloudflare.workers.dev/?fran=Sotenäs&amp;till=Bollnäs</loc><changefreq>monthly</changefreq></url>
Åtvidaberg,Åmål,901,595,Avståndet mellan Åtvidaberg och Åmål är 901 km och Karl-Johan Gyllenstorm beräknade körtiden till cirka 595 minuter.,<url><loc>https://pendlings-app1.t-767929534-cloudflare.workers.dev/?fran=Åtvidaberg&amp;till=Åmål</loc><changefreq>monthly</changefreq></url>
Sotenäs,Hagfors,1077,730,Avståndet mellan Sotenäs och Hagfors är 1077 km och Karl-Johan Gyllenstorm beräknade körtiden till cirka 730 minuter.,<url><loc>https://pendlings-app1.t-767929534-cloudflare.workers.dev/?fran=Sotenäs&amp;till=Hagfors</loc><changefreq>monthly</changefreq></url>
Mariestad,Östersund,284,215,Avståndet mellan Mariestad och Östersund är 284 km och Karl-Johan Gyllenstorm beräknade körtiden till cirka 215 minuter.,<url><loc>https://pendlings-app1.t-767929534-cloudflare.workers.dev/?fran=Mariestad&amp;till=Östersund</loc><changefreq>monthly</changefreq></url>
Åtvidaberg,Årjäng,801,506,Avståndet mellan Åtvidaberg och Årjäng är 801 km och Karl-Johan Gyllenstorm beräknade körtiden till cirka 506 minuter.,<url><loc>https://pendlings-app1.t-767929534-cloudflare.workers.dev/?fran=Åtvidaberg&amp;till=Årjäng</loc><changefreq>monthly</changefreq></url>
Årjäng,Halmstad,44,31,Avståndet mellan Årjäng och Halmstad är 44 km och Karl-Johan Gyllenstorm beräknade körtiden till cirka 31 minuter.,<url><loc>https://pendlings-app1.t-767929534-cloudflare.workers.dev/?fran=Årjäng&amp;till=Halmstad</loc><changefreq>monthly</changefreq></url>
Skellefteå,Stockholm,576,425,Avståndet mellan Skellefteå och Stockholm är 576 km och Karl-Johan Gyllenstorm beräknade körtiden till cirka 425 minuter.,<url><loc>https://pendlings-app1.t-767929534-cloudflare.workers.dev/?fran=Skellefteå&amp;till=Stockholm</loc><changefreq>monthly</changefreq></url>
Gnosjö,Orsa,555,441,Avståndet mellan Gnosjö och Orsa är 555 km och Karl-Johan Gyllenstorm beräknade körtiden till cirka 441 minuter.,<url><loc>https://pendlings-app1.t-767929534-cloudflare.workers.dev/?fran=Gnosjö&amp;till=Orsa</loc><changefreq>monthly</changefreq></url>
Mellerud,Staffanstorp,497,356,Avståndet mellan Mellerud och Staffanstorp är 497 km och Karl-Johan Gyllenstorm beräknade körtiden till cirka 356 minuter.,<url><loc>https://pendlings-app1.t-767929534-cloudflare.workers.dev/?fran=Mellerud&amp;till=Staffanstorp</loc><changefreq>monthly</changefreq></url>
Värnamo,Charlottenberg,1371,955,Avståndet mellan Värnamo och Charlottenberg är 1371 km och Karl-Johan Gyllenstorm beräknade körtiden till cirka 955 minuter.,<url><loc>https://pendlings-app1.t-767929534-cloudflare.workers.dev/?fran=Värnamo&amp;till=Charlottenberg</loc><changefreq>monthly</changefreq></url>
Olofström,Katrineholm,206,131,Avståndet mellan Olofström och Katrineholm är 206 km och Karl-Johan Gyllenstorm beräknade körtiden till cirka 131 minuter.,<url><loc>https://pendlings-app1.t-767929534-cloudflare.workers.dev/?fran=Olofström&amp;till=Katrineholm</loc><changefreq>monthly</changefreq></url>
Hudiksvall,Roma,249,173,Avståndet mellan Hudiksvall och Roma är 249 km och Karl-Johan Gyllenstorm beräknade körtiden till cirka 173 minuter.,<url><loc>https://pendlings-app1.t-767929534-cloudflare.workers.dev/?fran=Hudiksvall&amp;till=Roma</loc><changefreq>monthly</changefreq></url>
Hagfors,Kiruna,1029,764,Avståndet mellan Hagfors och Kiruna är 1029 km och Karl-Johan Gyllenstorm beräknade körtiden till cirka 764 minuter.,<url><loc>https://pendlings-app1.t-767929534-cloudflare.workers.dev/?fran=Hagfors&amp;till=Kiruna</loc><changefreq>monthly</changefreq></url>
Gullspång,Gagnef,1186,917,Avståndet mellan Gullspång och Gagnef är 1186 km och Karl-Johan Gyllenstorm beräknade körtiden till cirka 917 minuter.,<url><loc>https://pendlings-app1.t-767929534-cloudflare.workers.dev/?fran=Gullspång&amp;till=Gagnef</loc><changefreq>monthly</changefreq></url>
Borlänge,Lomma,920,681,Avståndet mellan Borlänge och Lomma är 920 km och Karl-Johan Gyllenstorm beräknade körtiden till cirka 681 minuter.,<url><loc>https://pendlings-app1.t-767929534-cloudflare.workers.dev/?fran=Borlänge&amp;till=Lomma</loc><changefreq>monthly</changefreq></url>
Vara,Aneby,128,92,Avståndet mellan Vara och Aneby är 128 km och Karl-Johan Gyllenstorm beräknade körtiden till cirka 92 minuter.,<url><loc>https://pendlings-app1.t-767929534-cloudflare.workers.dev/?fran=Vara&amp;till=Aneby</loc><changefreq>monthly</changefreq></url>
Hjo,Jönköping,1108,710,Avståndet mellan Hjo och Jönköping är 1108 km och Karl-Johan Gyllenstorm beräknade körtiden till cirka 710 minuter.,<url><loc>https://pendlings-app1.t-767929534-cloudflare.workers.dev/?fran=Hjo&amp;till=Jönköping</loc><changefreq>monthly</changefreq></url>
Båstad,Kiruna,437,316,Avståndet mellan Båstad och Kiruna är 437 km och Karl-Johan Gyllenstorm beräknade körtiden till cirka 316 minuter.,<url><loc>https://pendlings-app1.t-767929534-cloudflare.workers.dev/?fran=Båstad&amp;till=Kiruna</loc><changefreq>monthly</changefreq></url>
Borgholm,Åsele,1305,1010,Avståndet mellan Borgholm och Åsele är 1305 km och Karl-Johan Gyllenstorm beräknade körtiden till cirka 1010 minuter.,<url><loc>https://pendlings-app1.t-767929534-cloudflare.workers.dev/?fran=Borgholm&amp;till=Åsele</loc><changefreq>monthly</changefreq></url>
Höör,Hallstahammar,429,284,Avståndet mellan Höör och Hallstahammar är 429 km och Karl-Johan Gyllenstorm beräknade körtiden till cirka 284 minuter.,<url><loc>https://pendlings-app1.t-767929534-cloudflare.workers.dev/?fran=Höör&amp;till=Hallstahammar</loc><changefreq>monthly</changefreq></url>
Lärbro,Strömsund,496,369,Avståndet mellan Lärbro och Strömsund är 496 km och Karl-Johan Gyllenstorm beräknade körtiden till cirka 369 minuter.,<url><loc>https://pendlings-app1.t-767929534-cloudflare.workers.dev/?fran=Lärbro&amp;till=Strömsund</loc><changefreq>monthly</changefreq></url>
Ystad,Aneby,575,405,Avståndet mellan Ystad och Aneby är 575 km och Karl-Johan Gyllenstorm beräknade körtiden till cirka 405 minuter.,<url><loc>https://pendlings-app1.t-767929534-cloudflare.workers.dev/?fran=Ystad&amp;till=Aneby</loc><changefreq>monthly</changefreq></url>
Nora,Varberg,578,413,Avståndet mellan Nora och Varberg är 578 km och Karl-Johan Gyllenstorm beräknade körtiden till cirka 413 minuter.,<url><loc>https://pendlings-app1.t-767929534-cloudflare.workers.dev/?fran=Nora&amp;till=Varberg</loc><changefreq>monthly</changefreq></url>
Åmål,Kristianstad,105,74,Avståndet mellan Åmål och Kristianstad är 105 km och Karl-Johan Gyllenstorm beräknade körtiden till cirka 74 minuter.,<url><loc>https://pendlings-app1.t-767929534-cloudflare.workers.dev/?fran=Åmål&amp;till=Kristianstad</loc><changefreq>monthly</changefreq></url>
Örebro,Hörby,265,200,Avståndet mellan Örebro och Hörby är 265 km och Karl-Johan Gyllenstorm beräknade körtiden till cirka 200 minuter.,<url><loc>https://pendlings-app1.t-767929534-cloudflare.workers.dev/?fran=Örebro&amp;till=Hörby</loc><changefreq>monthly</changefreq></url>
Vingåker,Skutskär,1105,797,Avståndet mellan Vingåker och Skutskär är 1105 km och Karl-Johan Gyllenstorm beräknade körtiden till cirka 797 minuter.,<url><loc>https://pendlings-app1.t-767929534-cloudflare.workers.dev/?fran=Vingåker&amp;till=Skutskär</loc><changefreq>monthly</changefreq></url>
Ronehamn,Perstorp,586,420,Avståndet mellan Ronehamn och Perstorp är 586 km och Karl-Johan Gyllenstorm beräknade körtiden till cirka 420 minuter.,<url><loc>https://pendlings-app1.t-767929534-cloudflare.workers.dev/?fran=Ronehamn&amp;till=Perstorp</loc><changefreq>monthly</changefreq></url>
Uddevalla,Hässleholm,328,220,Avståndet mellan Uddevalla och Hässleholm är 328 km och Karl-Johan Gyllenstorm beräknade körtiden till cirka 220 minuter.,<url><loc>https://pendlings-app1.t-767929534-cloudflare.workers.dev/?fran=Uddevalla&amp;till=Hässleholm</loc><changefreq>monthly</changefreq></url>
Ödeshög,Boden,44,34,Avståndet mellan Ödeshög och Boden är 44 km och Karl-Johan Gyllenstorm beräknade körtiden till cirka 34 minuter.,<url><loc>https://pendlings-app1.t-767929534-cloudflare.workers.dev/?fran=Ödeshög&amp;till=Boden</loc><changefreq>monthly</changefreq></url>
Lycksele,Höganäs,365,277,Avståndet mellan Lycksele och Höganäs är 365 km och Karl-Johan Gyllenstorm beräknade körtiden till cirka 277 minuter.,<url><loc>https://pendlings-app1.t-767929534-cloudflare.workers.dev/?fran=Lycksele&amp;till=Höganäs</loc><changefreq>monthly</changefreq></url>
Lomma,Kungsör,1031,697,Avståndet mellan Lomma och Kungsör är 1031 km och Karl-Johan Gyllenstorm beräknade körtiden till cirka 697 minuter.,<url><loc>https://pendlings-app1.t-767929534-cloudflare.workers.dev/?fran=Lomma&amp;till=Kungsör</loc><changefreq>monthly</changefreq></url>
Uppsala,Skövde,328,213,Avståndet mellan Uppsala och Skövde är 328 km och Karl-Johan Gyllenstorm beräknade körtiden till cirka 213 minuter.,<url><loc>https://pendlings-app1.t-767929534-cloudflare.workers.dev/?fran=Uppsala&amp;till=Skövde</loc><changefreq>monthly</changefreq></url>
Klippan,Stockholm,760,490,Avståndet mellan Klippan och Stockholm är 760 km och Karl-Johan Gyllenstorm beräknade körtiden till cirka 490 minuter.,<url><loc>https://pendlings-app1.t-767929534-cloudflare.workers.dev/?fran=Klippan&amp;till=Stockholm</loc><changefreq>monthly</changefreq></url>
Hörby,Köping,28,18,Avståndet mellan Hörby och Köping är 28 km och Karl-Johan Gyllenstorm beräknade körtiden till cirka 18 minuter.,<url><loc>https://pendlings-app1.t-767929534-cloudflare.workers.dev/?fran=Hörby&amp;till=Köping</loc><changefreq>monthly</changefreq></url>
Sunne,Tibro,471,377,Avståndet mellan Sunne och Tibro är 471 km och Karl-Johan Gyllenstorm beräknade körtiden till cirka 377 minuter.,<url><loc>https://pendlings-app1.t-767929534-cloudflare.workers.dev/?fran=Sunne&amp;till=Tibro</loc><changefreq>monthly</changefreq></url>
Älvsbyn,Filipstad,67,53,Avståndet mellan Älvsbyn och Filipstad är 67 km och Karl-Johan Gyllenstorm beräknade körtiden till cirka 53 minuter.,<url><loc>https://pendlings-app1.t-767929534-cloudflare.workers.dev/?fran=Älvsbyn&amp;till=Filipstad</loc><changefreq>monthly</changefreq></url>
Färgelanda,Trosa,1087,790,Avståndet mellan Färgelanda och Trosa är 1087 km och Karl-Johan Gyllenstorm beräknade körtiden till cirka 790 minuter.,<url><loc>https://pendlings-app1.t-767929534-cloudflare.workers.dev/?fran=Färgelanda&amp;till=Trosa</loc><changefreq>monthly</changefreq></url>
Tomelilla,Ludvika,622,415,Avståndet mellan Tomelilla och Ludvika är 622 km och Karl-Johan Gyllenstorm beräknade körtiden till cirka 415 minuter.,<url><loc>https://pendlings-app1.t-767929534-cloudflare.workers.dev/?fran=Tomelilla&amp;till=Ludvika</loc><changefreq>monthly</changefreq></url>
Eksjö,Oskarshamn,850,607,Avståndet mellan Eksjö och Oskarshamn är 850 km och Karl-Johan Gyllenstorm beräknade körtiden till cirka 607 minuter.,<url><loc>https://pendlings-app1.t-767929534-cloudflare.workers.dev/?fran=Eksjö&amp;till=Oskarshamn</loc><changefreq>monthly</changefreq></url>
Hagfors,Trosa,1240,963,Avståndet mellan Hagfors och Trosa är 1240 km och Karl-Johan Gyllenstorm beräknade körtiden till cirka 963 minuter.,<url><loc>https://pendlings-app1.t-767929534-cloudflare.workers.dev/?fran=Hagfors&amp;till=Trosa</loc><changefreq>monthly</changefreq></url>
Lidköping,Söderköping,34,27,Avståndet mellan Lidköping och Söderköping är 34 km och Karl-Johan Gyllenstorm beräknade körtiden till cirka 27 minuter.,<url><loc>https://pendlings-app1.t-767929534-cloudflare.workers.dev/?fran=Lidköping&amp;till=Söderköping</loc><changefreq>monthly</changefreq></url>
Kinda,Strömsund,1092,758,Avståndet mellan Kinda och Strömsund är 1092 km och Karl-Johan Gyllenstorm beräknade körtiden till cirka 758 minuter.,<url><loc>https://pendlings-app1.t-767929534-cloudflare.workers.dev/?fran=Kinda&amp;till=Strömsund</loc><changefreq>monthly</changefreq></url>
Olofström,Kalix,1188,750,Avståndet mellan Olofström och Kalix är 1188 km och Karl-Johan Gyllenstorm beräknade körtiden till cirka 750 minuter.,<url><loc>https://pendlings-app1.t-767929534-cloudflare.workers.dev/?fran=Olofström&amp;till=Kalix</loc><changefreq>monthly</changefreq></url>
Arvika,Nora,273,205,Avståndet mellan Arvika och Nora är 273 km och Karl-Johan Gyllenstorm beräknade körtiden till cirka 205 minuter.,<url><loc>https://pendlings-app1.t-767929534-cloudflare.workers.dev/?fran=Arvika&amp;till=Nora</loc><changefreq>monthly</changefreq></url>
Sundsvall,Norberg,856,565,Avståndet mellan Sundsvall och Norberg är 856 km och Karl-Johan Gyllenstorm beräknade körtiden till cirka 565 minuter.,<url><loc>https://pendlings-app1.t-767929534-cloudflare.workers.dev/?fran=Sundsvall&amp;till=Norberg</loc><changefreq>monthly</changefreq></url>
Mora,Smedjebacken,72,50,Avståndet mellan Mora och Smedjebacken är 72 km och Karl-Johan Gyllenstorm beräknade körtiden till cirka 50 minuter.,<url><loc>https://pendlings-app1.t-767929534-cloudflare.workers.dev/?fran=Mora&amp;till=Smedjebacken</loc><changefreq>monthly</changefreq></url>
Borgholm,Jönköping,214,155,Avståndet mellan Borgholm och Jönköping är 214 km och Karl-Johan Gyllenstorm beräknade körtiden till cirka 155 minuter.,<url><loc>https://pendlings-app1.t-767929534-cloudflare.workers.dev/?fran=Borgholm&amp;till=Jönköping</loc><changefreq>monthly</changefreq></url>
Katrineholm,Sotenäs,1310,1007,Avståndet mellan Katrineholm och Sotenäs är 1310 km och Karl-Johan Gyllenstorm beräknade körtiden till cirka 1007 minuter.,<url><loc>https://pendlings-app1.t-767929534-cloudflare.workers.dev/?fran=Katrineholm&amp;till=Sotenäs</loc><changefreq>monthly</changefreq></url>
Ystad,Örnsköldsvik,506,390,Avståndet mellan Ystad och Örnsköldsvik är 506 km och Karl-Johan Gyllenstorm beräknade körtiden till cirka 390 minuter.,<url><loc>https://pendlings-app1.t-767929534-cloudflare.workers.dev/?fran=Ystad&amp;till=Örnsköldsvik</loc><changefreq>monthly</changefreq></url>
Karlskoga,Ystad,1037,787,Avståndet mellan Karlskoga och Ystad är 1037 km och Karl-Johan Gyllenstorm beräknade körtiden till cirka 787 minuter.,<url><loc>https://pendlings-app1.t-767929534-cloudflare.workers.dev/?fran=Karlskoga&amp;till=Ystad</loc><changefreq>monthly</changefreq></url>
Örkelljunga,Kungsör,960,641,Avståndet mellan Örkelljunga och Kungsör är 960 km och Karl-Johan Gyllenstorm beräknade körtiden till cirka 641 minuter.,<url><loc>https://pendlings-app1.t-767929534-cloudflare.workers.dev/?fran=Örkelljunga&amp;till=Kungsör</loc><changefreq>monthly</changefreq></url>
Gällivare,Kramfors,1216,825,Avståndet mellan Gällivare och Kramfors är 1216 km och Karl-Johan Gyllenstorm beräknade körtiden till cirka 825 minuter.,<url><loc>https://pendlings-app1.t-767929534-cloudflare.workers.dev/?fran=Gällivare&amp;till=Kramfors</loc><changefreq>monthly</changefreq></url>
Växjö,Visby,1207,809,Avståndet mellan Växjö och Visby är 1207 km och Karl-Johan Gyllenstorm beräknade körtiden till cirka 809 minuter.,<url><loc>https://pendlings-app1.t-767929534-cloudflare.workers.dev/?fran=Växjö&amp;till=Visby</loc><changefreq>monthly</changefreq></url>
Höör,Hudiksvall,1290,1020,Avståndet mellan Höör och Hudiksvall är 1290 km och Karl-Johan Gyllenstorm beräknade körtiden till cirka 1020 minuter.,<url><loc>https://pendlings-app1.t-767929534-cloudflare.workers.dev/?fran=Höör&amp;till=Hudiksvall</loc><changefreq>monthly</changefreq></url>
Gnestad,Ludvika,43,30,Avståndet mellan Gnestad och Ludvika är 43 km och Karl-Johan Gyllenstorm beräknade körtiden till cirka 30 minuter.,<url><loc>https://pendlings-app1.t-767929534-cloudflare.workers.dev/?fran=Gnestad&amp;till=Ludvika</loc><changefreq>monthly</changefreq></url>
Aneby,Visby,714,529,Avståndet mellan Aneby och Visby är 714 km och Karl-Johan Gyllenstorm beräknade körtiden till cirka 529 minuter.,<url><loc>https://pendlings-app1.t-767929534-cloudflare.workers.dev/?fran=Aneby&amp;till=Visby</loc><changefreq>monthly</changefreq></url>
Grums,Hällefor,193,123,Avståndet mellan Grums och Hällefor är 193 km och Karl-Johan Gyllenstorm beräknade körtiden till cirka 123 minuter.,<url><loc>https://pendlings-app1.t-767929534-cloudflare.workers.dev/?fran=Grums&amp;till=Hällefor</loc><changefreq>monthly</changefreq></url>
Lomma,Bräcke,1146,823,Avståndet mellan Lomma och Bräcke är 1146 km och Karl-Johan Gyllenstorm beräknade körtiden till cirka 823 minuter.,<url><loc>https://pendlings-app1.t-767929534-cloudflare.workers.dev/?fran=Lomma&amp;till=Bräcke</loc><changefreq>monthly</changefreq></url>
Askersund,Motala,553,401,Avståndet mellan Askersund och Motala är 553 km och Karl-Johan Gyllenstorm beräknade körtiden till cirka 401 minuter.,<url><loc>https://pendlings-app1.t-767929534-cloudflare.workers.dev/?fran=Askersund&amp;till=Motala</loc><changefreq>monthly</changefreq></url>
Kalix,Charlottenberg,108,85,Avståndet mellan Kalix och Charlottenberg är 108 km och Karl-Johan Gyllenstorm beräknade körtiden till cirka 85 minuter.,<url><loc>https://pendlings-app1.t-767929534-cloudflare.workers.dev/?fran=Kalix&amp;till=Charlottenberg</loc><changefreq>monthly</changefreq></url>
Vellinge,Bengtsfors,1247,819,Avståndet mellan Vellinge och Bengtsfors är 1247 km och Karl-Johan Gyllenstorm beräknade körtiden till cirka 819 minuter.,<url><loc>https://pendlings-app1.t-767929534-cloudflare.workers.dev/?fran=Vellinge&amp;till=Bengtsfors</loc><changefreq>monthly</changefreq></url>
Hörby,Habon,1232,867,Avståndet mellan Hörby och Habon är 1232 km och Karl-Johan Gyllenstorm beräknade körtiden till cirka 867 minuter.,<url><loc>https://pendlings-app1.t-767929534-cloudflare.workers.dev/?fran=Hörby&amp;till=Habon</loc><changefreq>monthly</changefreq></url>
Haparanda,Grästorp,1426,1078,Avståndet mellan Haparanda och Grästorp är 1426 km och Karl-Johan Gyllenstorm beräknade körtiden till cirka 1078 minuter.,<url><loc>https://pendlings-app1.t-767929534-cloudflare.workers.dev/?fran=Haparanda&amp;till=Grästorp</loc><changefreq>monthly</changefreq></url>
Stånga,Sollefteå,914,709,Avståndet mellan Stånga och Sollefteå är 914 km och Karl-Johan Gyllenstorm beräknade körtiden till cirka 709 minuter.,<url><loc>https://pendlings-app1.t-767929534-cloudflare.workers.dev/?fran=Stånga&amp;till=Sollefteå</loc><changefreq>monthly</changefreq></url>
Mora,Falköping,223,150,Avståndet mellan Mora och Falköping är 223 km och Karl-Johan Gyllenstorm beräknade körtiden till cirka 150 minuter.,<url><loc>https://pendlings-app1.t-767929534-cloudflare.workers.dev/?fran=Mora&amp;till=Falköping</loc><changefreq>monthly</changefreq></url>
Eskilstuna,Ulricehamn,525,335,Avståndet mellan Eskilstuna och Ulricehamn är 525 km och Karl-Johan Gyllenstorm beräknade körtiden till cirka 335 minuter.,<url><loc>https://pendlings-app1.t-767929534-cloudflare.workers.dev/?fran=Eskilstuna&amp;till=Ulricehamn</loc><changefreq>monthly</changefreq></url>
Bollebygd,Slite,193,124,Avståndet mellan Bollebygd och Slite är 193 km och Karl-Johan Gyllenstorm beräknade körtiden till cirka 124 minuter.,<url><loc>https://pendlings-app1.t-767929534-cloudflare.workers.dev/?fran=Bollebygd&amp;till=Slite</loc><changefreq>monthly</changefreq></url>
Vårgårda,Forshaga,1096,710,Avståndet mellan Vårgårda och Forshaga är 1096 km och Karl-Johan Gyllenstorm beräknade körtiden till cirka 710 minuter.,<url><loc>https://pendlings-app1.t-767929534-cloudflare.workers.dev/?fran=Vårgårda&amp;till=Forshaga</loc><changefreq>monthly</changefreq></url>
Sotenäs,Sundsvall,676,528,Avståndet mellan Sotenäs och Sundsvall är 676 km och Karl-Johan Gyllenstorm beräknade körtiden till cirka 528 minuter.,<url><loc>https://pendlings-app1.t-767929534-cloudflare.workers.dev/?fran=Sotenäs&amp;till=Sundsvall</loc><changefreq>monthly</changefreq></url>
Grums,Avesta,1262,879,Avståndet mellan Grums och Avesta är 1262 km och Karl-Johan Gyllenstorm beräknade körtiden till cirka 879 minuter.,<url><loc>https://pendlings-app1.t-767929534-cloudflare.workers.dev/?fran=Grums&amp;till=Avesta</loc><changefreq>monthly</changefreq></url>
Sotenäs,Uppsala,781,527,Avståndet mellan Sotenäs och Uppsala är 781 km och Karl-Johan Gyllenstorm beräknade körtiden till cirka 527 minuter.,<url><loc>https://pendlings-app1.t-767929534-cloudflare.workers.dev/?fran=Sotenäs&amp;till=Uppsala</loc><changefreq>monthly</changefreq></url>
Jokkmokk,Mörbylånga,700,494,Avståndet mellan Jokkmokk och Mörbylånga är 700 km och Karl-Johan Gyllenstorm beräknade körtiden till cirka 494 minuter.,<url><loc>https://pendlings-app1.t-767929534-cloudflare.workers.dev/?fran=Jokkmokk&amp;till=Mörbylånga</loc><changefreq>monthly</changefreq></url>
Lund,Bollnäs,1199,763,Avståndet mellan Lund och Bollnäs är 1199 km och Karl-Johan Gyllenstorm beräknade körtiden till cirka 763 minuter.,<url><loc>https://pendlings-app1.t-767929534-cloudflare.workers.dev/?fran=Lund&amp;till=Bollnäs</loc><changefreq>monthly</changefreq></url>
Kristianstad,Askersund,657,505,Avståndet mellan Kristianstad och Askersund är 657 km och Karl-Johan Gyllenstorm beräknade körtiden till cirka 505 minuter.,<url><loc>https://pendlings-app1.t-767929534-cloudflare.workers.dev/?fran=Kristianstad&amp;till=Askersund</loc><changefreq>monthly</changefreq></url>
Eskilstuna,Ystad,62,47,Avståndet mellan Eskilstuna och Ystad är 62 km och Karl-Johan Gyllenstorm beräknade körtiden till cirka 47 minuter.,<url><loc>https://pendlings-app1.t-767929534-cloudflare.workers.dev/?fran=Eskilstuna&amp;till=Ystad</loc><changefreq>monthly</changefreq></url>
Svalöv,Lärbro,557,367,Avståndet mellan Svalöv och Lärbro är 557 km och Karl-Johan Gyllenstorm beräknade körtiden till cirka 367 minuter.,<url><loc>https://pendlings-app1.t-767929534-cloudflare.workers.dev/?fran=Svalöv&amp;till=Lärbro</loc><changefreq>monthly</changefreq></url>
Karlstad,Helsingborg,1386,1105,Avståndet mellan Karlstad och Helsingborg är 1386 km och Karl-Johan Gyllenstorm beräknade körtiden till cirka 1105 minuter.,<url><loc>https://pendlings-app1.t-767929534-cloudflare.workers.dev/?fran=Karlstad&amp;till=Helsingborg</loc><changefreq>monthly</changefreq></url>
Askersund,Habon,768,583,Avståndet mellan Askersund och Habon är 768 km och Karl-Johan Gyllenstorm beräknade körtiden till cirka 583 minuter.,<url><loc>https://pendlings-app1.t-767929534-cloudflare.workers.dev/?fran=Askersund&amp;till=Habon</loc><changefreq>monthly</changefreq></url>
Tomelilla,Uddevalla,514,383,Avståndet mellan Tomelilla och Uddevalla är 514 km och Karl-Johan Gyllenstorm beräknade körtiden till cirka 383 minuter.,<url><loc>https://pendlings-app1.t-767929534-cloudflare.workers.dev/?fran=Tomelilla&amp;till=Uddevalla</loc><changefreq>monthly</changefreq></url>
Mora,Nordanstig,866,687,Avståndet mellan Mora och Nordanstig är 866 km och Karl-Johan Gyllenstorm beräknade körtiden till cirka 687 minuter.,<url><loc>https://pendlings-app1.t-767929534-cloudflare.workers.dev/?fran=Mora&amp;till=Nordanstig</loc><changefreq>monthly</changefreq></url>
Askersund,Roma,683,497,Avståndet mellan Askersund och Roma är 683 km och Karl-Johan Gyllenstorm beräknade körtiden till cirka 497 minuter.,<url><loc>https://pendlings-app1.t-767929534-cloudflare.workers.dev/?fran=Askersund&amp;till=Roma</loc><changefreq>monthly</changefreq></url>
Svedala,Knivsta,1202,828,Avståndet mellan Svedala och Knivsta är 1202 km och Karl-Johan Gyllenstorm beräknade körtiden till cirka 828 minuter.,<url><loc>https://pendlings-app1.t-767929534-cloudflare.workers.dev/?fran=Svedala&amp;till=Knivsta</loc><changefreq>monthly</changefreq></url>
Mora,Högsby,537,399,Avståndet mellan Mora och Högsby är 537 km och Karl-Johan Gyllenstorm beräknade körtiden till cirka 399 minuter.,<url><loc>https://pendlings-app1.t-767929534-cloudflare.workers.dev/?fran=Mora&amp;till=Högsby</loc><changefreq>monthly</changefreq></url>
Växjö,Tingstäde,584,380,Avståndet mellan Växjö och Tingstäde är 584 km och Karl-Johan Gyllenstorm beräknade körtiden till cirka 380 minuter.,<url><loc>https://pendlings-app1.t-767929534-cloudflare.workers.dev/?fran=Växjö&amp;till=Tingstäde</loc><changefreq>monthly</changefreq></url>
Östhammar,Vara,909,651,Avståndet mellan Östhammar och Vara är 909 km och Karl-Johan Gyllenstorm beräknade körtiden till cirka 651 minuter.,<url><loc>https://pendlings-app1.t-767929534-cloudflare.workers.dev/?fran=Östhammar&amp;till=Vara</loc><changefreq>monthly</changefreq></url>
Falkenberg,Jönköping,134,105,Avståndet mellan Falkenberg och Jönköping är 134 km och Karl-Johan Gyllenstorm beräknade körtiden till cirka 105 minuter.,<url><loc>https://pendlings-app1.t-767929534-cloudflare.workers.dev/?fran=Falkenberg&amp;till=Jönköping</loc><changefreq>monthly</changefreq></url>
Mark,Falun,1152,889,Avståndet mellan Mark och Falun är 1152 km och Karl-Johan Gyllenstorm beräknade körtiden till cirka 889 minuter.,<url><loc>https://pendlings-app1.t-767929534-cloudflare.workers.dev/?fran=Mark&amp;till=Falun</loc><changefreq>monthly</changefreq></url>
Västervik,Höganäs,1343,901,Avståndet mellan Västervik och Höganäs är 1343 km och Karl-Johan Gyllenstorm beräknade körtiden till cirka 901 minuter.,<url><loc>https://pendlings-app1.t-767929534-cloudflare.workers.dev/?fran=Västervik&amp;till=Höganäs</loc><changefreq>monthly</changefreq></url>
Lund,Köping,310,209,Avståndet mellan Lund och Köping är 310 km och Karl-Johan Gyllenstorm beräknade körtiden till cirka 209 minuter.,<url><loc>https://pendlings-app1.t-767929534-cloudflare.workers.dev/?fran=Lund&amp;till=Köping</loc><changefreq>monthly</changefreq></url>
Ragunda,Vänersborg,1129,727,Avståndet mellan Ragunda och Vänersborg är 1129 km och Karl-Johan Gyllenstorm beräknade körtiden till cirka 727 minuter.,<url><loc>https://pendlings-app1.t-767929534-cloudflare.workers.dev/?fran=Ragunda&amp;till=Vänersborg</loc><changefreq>monthly</changefreq></url>
Hallstahammar,Skara,1435,1011,Avståndet mellan Hallstahammar och Skara är 1435 km och Karl-Johan Gyllenstorm beräknade körtiden till cirka 1011 minuter.,<url><loc>https://pendlings-app1.t-767929534-cloudflare.workers.dev/?fran=Hallstahammar&amp;till=Skara</loc><changefreq>monthly</changefreq></url>
Svenljunga,Surahammar,307,209,Avståndet mellan Svenljunga och Surahammar är 307 km och Karl-Johan Gyllenstorm beräknade körtiden till cirka 209 minuter.,<url><loc>https://pendlings-app1.t-767929534-cloudflare.workers.dev/?fran=Svenljunga&amp;till=Surahammar</loc><changefreq>monthly</changefreq></url>
Ödeshög,Sälen,1076,769,Avståndet mellan Ödeshög och Sälen är 1076 km och Karl-Johan Gyllenstorm beräknade körtiden till cirka 769 minuter.,<url><loc>https://pendlings-app1.t-767929534-cloudflare.workers.dev/?fran=Ödeshög&amp;till=Sälen</loc><changefreq>monthly</changefreq></url>
Ängelholm,Vårgårda,616,392,Avståndet mellan Ängelholm och Vårgårda är 616 km och Karl-Johan Gyllenstorm beräknade körtiden till cirka 392 minuter.,<url><loc>https://pendlings-app1.t-767929534-cloudflare.workers.dev/?fran=Ängelholm&amp;till=Vårgårda</loc><changefreq>monthly</changefreq></url>
Timrå,Uppsala,330,210,Avståndet mellan Timrå och Uppsala är 330 km och Karl-Johan Gyllenstorm beräknade körtiden till cirka 210 minuter.,<url><loc>https://pendlings-app1.t-767929534-cloudflare.workers.dev/?fran=Timrå&amp;till=Uppsala</loc><changefreq>monthly</changefreq></url>
Bräcke,Haparanda,825,636,Avståndet mellan Bräcke och Haparanda är 825 km och Karl-Johan Gyllenstorm beräknade körtiden till cirka 636 minuter.,<url><loc>https://pendlings-app1.t-767929534-cloudflare.workers.dev/?fran=Bräcke&amp;till=Haparanda</loc><changefreq>monthly</changefreq></url>
Bollebygd,Skellefteå,1112,814,Avståndet mellan Bollebygd och Skellefteå är 1112 km och Karl-Johan Gyllenstorm beräknade körtiden till cirka 814 minuter.,<url><loc>https://pendlings-app1.t-767929534-cloudflare.workers.dev/?fran=Bollebygd&amp;till=Skellefteå</loc><changefreq>monthly</changefreq></url>
Falköping,Värnamo,168,119,Avståndet mellan Falköping och Värnamo är 168 km och Karl-Johan Gyllenstorm beräknade körtiden till cirka 119 minuter.,<url><loc>https://pendlings-app1.t-767929534-cloudflare.workers.dev/?fran=Falköping&amp;till=Värnamo</loc><changefreq>monthly</changefreq></url>
Östra Göinge,Fagersta,1435,1057,Avståndet mellan Östra Göinge och Fagersta är 1435 km och Karl-Johan Gyllenstorm beräknade körtiden till cirka 1057 minuter.,<url><loc>https://pendlings-app1.t-767929534-cloudflare.workers.dev/?fran=Östra Göinge&amp;till=Fagersta</loc><changefreq>monthly</changefreq></url>
Hemse,Tomelilla,303,216,Avståndet mellan Hemse och Tomelilla är 303 km och Karl-Johan Gyllenstorm beräknade körtiden till cirka 216 minuter.,<url><loc>https://pendlings-app1.t-767929534-cloudflare.workers.dev/?fran=Hemse&amp;till=Tomelilla</loc><changefreq>monthly</changefreq></url>
Östersund,Ragunda,759,519,Avståndet mellan Östersund och Ragunda är 759 km och Karl-Johan Gyllenstorm beräknade körtiden till cirka 519 minuter.,<url><loc>https://pendlings-app1.t-767929534-cloudflare.workers.dev/?fran=Östersund&amp;till=Ragunda</loc><changefreq>monthly</changefreq></url>
Älvkarleby,Borgholm,419,302,Avståndet mellan Älvkarleby och Borgholm är 419 km och Karl-Johan Gyllenstorm beräknade körtiden till cirka 302 minuter.,<url><loc>https://pendlings-app1.t-767929534-cloudflare.workers.dev/?fran=Älvkarleby&amp;till=Borgholm</loc><changefreq>monthly</changefreq></url>
Sävsjö,Karlstad,352,225,Avståndet mellan Sävsjö och Karlstad är 352 km och Karl-Johan Gyllenstorm beräknade körtiden till cirka 225 minuter.,<url><loc>https://pendlings-app1.t-767929534-cloudflare.workers.dev/?fran=Sävsjö&amp;till=Karlstad</loc><changefreq>monthly</changefreq></url>
Bollebygd,Övertorneå,480,352,Avståndet mellan Bollebygd och Övertorneå är 480 km och Karl-Johan Gyllenstorm beräknade körtiden till cirka 352 minuter.,<url><loc>https://pendlings-app1.t-767929534-cloudflare.workers.dev/?fran=Bollebygd&amp;till=Övertorneå</loc><changefreq>monthly</changefreq></url>
Sundsvall,Kungsör,955,760,Avståndet mellan Sundsvall och Kungsör är 955 km och Karl-Johan Gyllenstorm beräknade körtiden till cirka 760 minuter.,<url><loc>https://pendlings-app1.t-767929534-cloudflare.workers.dev/?fran=Sundsvall&amp;till=Kungsör</loc><changefreq>monthly</changefreq></url>
Sandviken,Smedjebacken,628,491,Avståndet mellan Sandviken och Smedjebacken är 628 km och Karl-Johan Gyllenstorm beräknade körtiden till cirka 491 minuter.,<url><loc>https://pendlings-app1.t-767929534-cloudflare.workers.dev/?fran=Sandviken&amp;till=Smedjebacken</loc><changefreq>monthly</changefreq></url>
Gagnef,Vilhelmina,1294,1010,Avståndet mellan Gagnef och Vilhelmina är 1294 km och Karl-Johan Gyllenstorm beräknade körtiden till cirka 1010 minuter.,<url><loc>https://pendlings-app1.t-767929534-cloudflare.workers.dev/?fran=Gagnef&amp;till=Vilhelmina</loc><changefreq>monthly</changefreq></url>
Sjöbo,Visby,1171,747,Avståndet mellan Sjöbo och Visby är 1171 km och Karl-Johan Gyllenstorm beräknade körtiden till cirka 747 minuter.,<url><loc>https://pendlings-app1.t-767929534-cloudflare.workers.dev/?fran=Sjöbo&amp;till=Visby</loc><changefreq>monthly</changefreq></url>
Ystad,Arvidsjaur,1154,778,Avståndet mellan Ystad och Arvidsjaur är 1154 km och Karl-Johan Gyllenstorm beräknade körtiden till cirka 778 minuter.,<url><loc>https://pendlings-app1.t-767929534-cloudflare.workers.dev/?fran=Ystad&amp;till=Arvidsjaur</loc><changefreq>monthly</changefreq></url>
Stockholm,Örebro,244,170,Avståndet mellan Stockholm och Örebro är 244 km och Karl-Johan Gyllenstorm beräknade körtiden till cirka 170 minuter.,<url><loc>https://pendlings-app1.t-767929534-cloudflare.workers.dev/?fran=Stockholm&amp;till=Örebro</loc><changefreq>monthly</changefreq></url>
Alingsås,Lekeberg,1431,1030,Avståndet mellan Alingsås och Lekeberg är 1431 km och Karl-Johan Gyllenstorm beräknade körtiden till cirka 1030 minuter.,<url><loc>https://pendlings-app1.t-767929534-cloudflare.workers.dev/?fran=Alingsås&amp;till=Lekeberg</loc><changefreq>monthly</changefreq></url>
Bräcke,Sorsele,167,114,Avståndet mellan Bräcke och Sorsele är 167 km och Karl-Johan Gyllenstorm beräknade körtiden till cirka 114 minuter.,<url><loc>https://pendlings-app1.t-767929534-cloudflare.workers.dev/?fran=Bräcke&amp;till=Sorsele</loc><changefreq>monthly</changefreq></url>
Dorotea,Stockholm,1318,837,Avståndet mellan Dorotea och Stockholm är 1318 km och Karl-Johan Gyllenstorm beräknade körtiden till cirka 837 minuter.,<url><loc>https://pendlings-app1.t-767929534-cloudflare.workers.dev/?fran=Dorotea&amp;till=Stockholm</loc><changefreq>monthly</changefreq></url>
Arvidsjaur,Eksjö,733,510,Avståndet mellan Arvidsjaur och Eksjö är 733 km och Karl-Johan Gyllenstorm beräknade körtiden till cirka 510 minuter.,<url><loc>https://pendlings-app1.t-767929534-cloudflare.workers.dev/?fran=Arvidsjaur&amp;till=Eksjö</loc><changefreq>monthly</changefreq></url>
Luleå,Kungsör,612,416,Avståndet mellan Luleå och Kungsör är 612 km och Karl-Johan Gyllenstorm beräknade körtiden till cirka 416 minuter.,<url><loc>https://pendlings-app1.t-767929534-cloudflare.workers.dev/?fran=Luleå&amp;till=Kungsör</loc><changefreq>monthly</changefreq></url>
Töreboda,Lindesberg,839,651,Avståndet mellan Töreboda och Lindesberg är 839 km och Karl-Johan Gyllenstorm beräknade körtiden till cirka 651 minuter.,<url><loc>https://pendlings-app1.t-767929534-cloudflare.workers.dev/?fran=Töreboda&amp;till=Lindesberg</loc><changefreq>monthly</changefreq></url>
Kinda,Strängnäs,89,70,Avståndet mellan Kinda och Strängnäs är 89 km och Karl-Johan Gyllenstorm beräknade körtiden till cirka 70 minuter.,<url><loc>https://pendlings-app1.t-767929534-cloudflare.workers.dev/?fran=Kinda&amp;till=Strängnäs</loc><changefreq>monthly</changefreq></url>
Åtvidaberg,Karlsborg,1257,961,Avståndet mellan Åtvidaberg och Karlsborg är 1257 km och Karl-Johan Gyllenstorm beräknade körtiden till cirka 961 minuter.,<url><loc>https://pendlings-app1.t-767929534-cloudflare.workers.dev/?fran=Åtvidaberg&amp;till=Karlsborg</loc><changefreq>monthly</changefreq></url>
Mullsjö,Malung,138,103,Avståndet mellan Mullsjö och Malung är 138 km och Karl-Johan Gyllenstorm beräknade körtiden till cirka 103 minuter.,<url><loc>https://pendlings-app1.t-767929534-cloudflare.workers.dev/?fran=Mullsjö&amp;till=Malung</loc><changefreq>monthly</changefreq></url>
Kramfors,Kils,861,685,Avståndet mellan Kramfors och Kils är 861 km och Karl-Johan Gyllenstorm beräknade körtiden till cirka 685 minuter.,<url><loc>https://pendlings-app1.t-767929534-cloudflare.workers.dev/?fran=Kramfors&amp;till=Kils</loc><changefreq>monthly</changefreq></url>
Degerfors,Jönköping,199,154,Avståndet mellan Degerfors och Jönköping är 199 km och Karl-Johan Gyllenstorm beräknade körtiden till cirka 154 minuter.,<url><loc>https://pendlings-app1.t-767929534-cloudflare.workers.dev/?fran=Degerfors&amp;till=Jönköping</loc><changefreq>monthly</changefreq></url>
Malmö,Boxholm,521,366,Avståndet mellan Malmö och Boxholm är 521 km och Karl-Johan Gyllenstorm beräknade körtiden till cirka 366 minuter.,<url><loc>https://pendlings-app1.t-767929534-cloudflare.workers.dev/?fran=Malmö&amp;till=Boxholm</loc><changefreq>monthly</changefreq></url>
Vara,Vårgårda,963,753,Avståndet mellan Vara och Vårgårda är 963 km och Karl-Johan Gyllenstorm beräknade körtiden till cirka 753 minuter.,<url><loc>https://pendlings-app1.t-767929534-cloudflare.workers.dev/?fran=Vara&amp;till=Vårgårda</loc><changefreq>monthly</changefreq></url>
Ludvika,Gävle,208,139,Avståndet mellan Ludvika och Gävle är 208 km och Karl-Johan Gyllenstorm beräknade körtiden till cirka 139 minuter.,<url><loc>https://pendlings-app1.t-767929534-cloudflare.workers.dev/?fran=Ludvika&amp;till=Gävle</loc><changefreq>monthly</changefreq></url>
Krokom,Gnosjö,384,292,Avståndet mellan Krokom och Gnosjö är 384 km och Karl-Johan Gyllenstorm beräknade körtiden till cirka 292 minuter.,<url><loc>https://pendlings-app1.t-767929534-cloudflare.workers.dev/?fran=Krokom&amp;till=Gnosjö</loc><changefreq>monthly</changefreq></url>
Östersund,Ljusnarsberg,285,198,Avståndet mellan Östersund och Ljusnarsberg är 285 km och Karl-Johan Gyllenstorm beräknade körtiden till cirka 198 minuter.,<url><loc>https://pendlings-app1.t-767929534-cloudflare.workers.dev/?fran=Östersund&amp;till=Ljusnarsberg</loc><changefreq>monthly</changefreq></url>
Borås,Vårgårda,1309,940,Avståndet mellan Borås och Vårgårda är 1309 km och Karl-Johan Gyllenstorm beräknade körtiden till cirka 940 minuter.,<url><loc>https://pendlings-app1.t-767929534-cloudflare.workers.dev/?fran=Borås&amp;till=Vårgårda</loc><changefreq>monthly</changefreq></url>
Torsby,Sölvesborg,743,581,Avståndet mellan Torsby och Sölvesborg är 743 km och Karl-Johan Gyllenstorm beräknade körtiden till cirka 581 minuter.,<url><loc>https://pendlings-app1.t-767929534-cloudflare.workers.dev/?fran=Torsby&amp;till=Sölvesborg</loc><changefreq>monthly</changefreq></url>
Kungsbacka,Tranemo,85,58,Avståndet mellan Kungsbacka och Tranemo är 85 km och Karl-Johan Gyllenstorm beräknade körtiden till cirka 58 minuter.,<url><loc>https://pendlings-app1.t-767929534-cloudflare.workers.dev/?fran=Kungsbacka&amp;till=Tranemo</loc><changefreq>monthly</changefreq></url>
Sollefteå,Hofors,566,362,Avståndet mellan Sollefteå och Hofors är 566 km och Karl-Johan Gyllenstorm beräknade körtiden till cirka 362 minuter.,<url><loc>https://pendlings-app1.t-767929534-cloudflare.workers.dev/?fran=Sollefteå&amp;till=Hofors</loc><changefreq>monthly</changefreq></url>
Sunne,Luleå,791,631,Avståndet mellan Sunne och Luleå är 791 km och Karl-Johan Gyllenstorm beräknade körtiden till cirka 631 minuter.,<url><loc>https://pendlings-app1.t-767929534-cloudflare.workers.dev/?fran=Sunne&amp;till=Luleå</loc><changefreq>monthly</changefreq></url>
Helsingborg,Orsa,904,648,Avståndet mellan Helsingborg och Orsa är 904 km och Karl-Johan Gyllenstorm beräknade körtiden till cirka 648 minuter.,<url><loc>https://pendlings-app1.t-767929534-cloudflare.workers.dev/?fran=Helsingborg&amp;till=Orsa</loc><changefreq>monthly</changefreq></url>
Ystad,Vårgårda,690,521,Avståndet mellan Ystad och Vårgårda är 690 km och Karl-Johan Gyllenstorm beräknade körtiden till cirka 521 minuter.,<url><loc>https://pendlings-app1.t-767929534-cloudflare.workers.dev/?fran=Ystad&amp;till=Vårgårda</loc><changefreq>monthly</changefreq></url>
Uppsala,Strängnäs,554,409,Avståndet mellan Uppsala och Strängnäs är 554 km och Karl-Johan Gyllenstorm beräknade körtiden till cirka 409 minuter.,<url><loc>https://pendlings-app1.t-767929534-cloudflare.workers.dev/?fran=Uppsala&amp;till=Strängnäs</loc><changefreq>monthly</changefreq></url>
Hallstahammar,Hässleholm,119,76,Avståndet mellan Hallstahammar och Hässleholm är 119 km och Karl-Johan Gyllenstorm beräknade körtiden till cirka 76 minuter.,<url><loc>https://pendlings-app1.t-767929534-cloudflare.workers.dev/?fran=Hallstahammar&amp;till=Hässleholm</loc><changefreq>monthly</changefreq></url>
Stockholm,Arboga,650,443,Avståndet mellan Stockholm och Arboga är 650 km och Karl-Johan Gyllenstorm beräknade körtiden till cirka 443 minuter.,<url><loc>https://pendlings-app1.t-767929534-cloudflare.workers.dev/?fran=Stockholm&amp;till=Arboga</loc><changefreq>monthly</changefreq></url>
Sjöbo,Trosa,320,203,Avståndet mellan Sjöbo och Trosa är 320 km och Karl-Johan Gyllenstorm beräknade körtiden till cirka 203 minuter.,<url><loc>https://pendlings-app1.t-767929534-cloudflare.workers.dev/?fran=Sjöbo&amp;till=Trosa</loc><changefreq>monthly</changefreq></url>
Jönköping,Storfors,883,559,Avståndet mellan Jönköping och Storfors är 883 km och Karl-Johan Gyllenstorm beräknade körtiden till cirka 559 minuter.,<url><loc>https://pendlings-app1.t-767929534-cloudflare.workers.dev/?fran=Jönköping&amp;till=Storfors</loc><changefreq>monthly</changefreq></url>
Tibro,Sotenäs,1323,980,Avståndet mellan Tibro och Sotenäs är 1323 km och Karl-Johan Gyllenstorm beräknade körtiden till cirka 980 minuter.,<url><loc>https://pendlings-app1.t-767929534-cloudflare.workers.dev/?fran=Tibro&amp;till=Sotenäs</loc><changefreq>monthly</changefreq></url>
Lysekil,Växjö,76,59,Avståndet mellan Lysekil och Växjö är 76 km och Karl-Johan Gyllenstorm beräknade körtiden till cirka 59 minuter.,<url><loc>https://pendlings-app1.t-767929534-cloudflare.workers.dev/?fran=Lysekil&amp;till=Växjö</loc><changefreq>monthly</changefreq></url>
Alingsås,Klippan,205,151,Avståndet mellan Alingsås och Klippan är 205 km och Karl-Johan Gyllenstorm beräknade körtiden till cirka 151 minuter.,<url><loc>https://pendlings-app1.t-767929534-cloudflare.workers.dev/?fran=Alingsås&amp;till=Klippan</loc><changefreq>monthly</changefreq></url>
Fårösund,Älvsbyn,39,28,Avståndet mellan Fårösund och Älvsbyn är 39 km och Karl-Johan Gyllenstorm beräknade körtiden till cirka 28 minuter.,<url><loc>https://pendlings-app1.t-767929534-cloudflare.workers.dev/?fran=Fårösund&amp;till=Älvsbyn</loc><changefreq>monthly</changefreq></url>
Hedemora,Lindesberg,1306,828,Avståndet mellan Hedemora och Lindesberg är 1306 km och Karl-Johan Gyllenstorm beräknade körtiden till cirka 828 minuter.,<url><loc>https://pendlings-app1.t-767929534-cloudflare.workers.dev/?fran=Hedemora&amp;till=Lindesberg</loc><changefreq>monthly</changefreq></url>
Eksjö,Härjedalen,658,465,Avståndet mellan Eksjö och Härjedalen är 658 km och Karl-Johan Gyllenstorm beräknade körtiden till cirka 465 minuter.,<url><loc>https://pendlings-app1.t-767929534-cloudflare.workers.dev/?fran=Eksjö&amp;till=Härjedalen</loc><changefreq>monthly</changefreq></url>
Svalöv,Örebro,329,246,Avståndet mellan Svalöv och Örebro är 329 km och Karl-Johan Gyllenstorm beräknade körtiden till cirka 246 minuter.,<url><loc>https://pendlings-app1.t-767929534-cloudflare.workers.dev/?fran=Svalöv&amp;till=Örebro</loc><changefreq>monthly</changefreq></url>
Hedemora,Östhammar,741,516,Avståndet mellan Hedemora och Östhammar är 741 km och Karl-Johan Gyllenstorm beräknade körtiden till cirka 516 minuter.,<url><loc>https://pendlings-app1.t-767929534-cloudflare.workers.dev/?fran=Hedemora&amp;till=Östhammar</loc><changefreq>monthly</changefreq></url>
Piteå,Mark,888,695,Avståndet mellan Piteå och Mark är 888 km och Karl-Johan Gyllenstorm beräknade körtiden till cirka 695 minuter.,<url><loc>https://pendlings-app1.t-767929534-cloudflare.workers.dev/?fran=Piteå&amp;till=Mark</loc><changefreq>monthly</changefreq></url>
Älvkarleby,Skellefteå,864,605,Avståndet mellan Älvkarleby och Skellefteå är 864 km och Karl-Johan Gyllenstorm beräknade körtiden till cirka 605 minuter.,<url><loc>https://pendlings-app1.t-767929534-cloudflare.workers.dev/?fran=Älvkarleby&amp;till=Skellefteå</loc><changefreq>monthly</changefreq></url>
Kumla,Åmål,359,230,Avståndet mellan Kumla och Åmål är 359 km och Karl-Johan Gyllenstorm beräknade körtiden till cirka 230 minuter.,<url><loc>https://pendlings-app1.t-767929534-cloudflare.workers.dev/?fran=Kumla&amp;till=Åmål</loc><changefreq>monthly</changefreq></url>
Vimmerby,Ljusnarsberg,232,155,Avståndet mellan Vimmerby och Ljusnarsberg är 232 km och Karl-Johan Gyllenstorm beräknade körtiden till cirka 155 minuter.,<url><loc>https://pendlings-app1.t-767929534-cloudflare.workers.dev/?fran=Vimmerby&amp;till=Ljusnarsberg</loc><changefreq>monthly</changefreq></url>
Sandviken,Nordanstig,283,186,Avståndet mellan Sandviken och Nordanstig är 283 km och Karl-Johan Gyllenstorm beräknade körtiden till cirka 186 minuter.,<url><loc>https://pendlings-app1.t-767929534-cloudflare.workers.dev/?fran=Sandviken&amp;till=Nordanstig</loc><changefreq>monthly</changefreq></url>
Sjöbo,Tingstäde,1393,889,Avståndet mellan Sjöbo och Tingstäde är 1393 km och Karl-Johan Gyllenstorm beräknade körtiden till cirka 889 minuter.,<url><loc>https://pendlings-app1.t-767929534-cloudflare.workers.dev/?fran=Sjöbo&amp;till=Tingstäde</loc><changefreq>monthly</changefreq></url>
Piteå,Älvkarleby,832,594,Avståndet mellan Piteå och Älvkarleby är 832 km och Karl-Johan Gyllenstorm beräknade körtiden till cirka 594 minuter.,<url><loc>https://pendlings-app1.t-767929534-cloudflare.workers.dev/?fran=Piteå&amp;till=Älvkarleby</loc><changefreq>monthly</changefreq></url>
Västervik,Ljusnarsberg,32,23,Avståndet mellan Västervik och Ljusnarsberg är 32 km och Karl-Johan Gyllenstorm beräknade körtiden till cirka 23 minuter.,<url><loc>https://pendlings-app1.t-767929534-cloudflare.workers.dev/?fran=Västervik&amp;till=Ljusnarsberg</loc><changefreq>monthly</changefreq></url>
Sävsjö,Ydre,881,593,Avståndet mellan Sävsjö och Ydre är 881 km och Karl-Johan Gyllenstorm beräknade körtiden till cirka 593 minuter.,<url><loc>https://pendlings-app1.t-767929534-cloudflare.workers.dev/?fran=Sävsjö&amp;till=Ydre</loc><changefreq>monthly</changefreq></url>
Lund,Uppsala,818,524,Avståndet mellan Lund och Uppsala är 818 km och Karl-Johan Gyllenstorm beräknade körtiden till cirka 524 minuter.,<url><loc>https://pendlings-app1.t-767929534-cloudflare.workers.dev/?fran=Lund&amp;till=Uppsala</loc><changefreq>monthly</changefreq></url>
Klippan,Bengtsfors,844,538,Avståndet mellan Klippan och Bengtsfors är 844 km och Karl-Johan Gyllenstorm beräknade körtiden till cirka 538 minuter.,<url><loc>https://pendlings-app1.t-767929534-cloudflare.workers.dev/?fran=Klippan&amp;till=Bengtsfors</loc><changefreq>monthly</changefreq></url>
Borlänge,Fagersta,291,217,Avståndet mellan Borlänge och Fagersta är 291 km och Karl-Johan Gyllenstorm beräknade körtiden till cirka 217 minuter.,<url><loc>https://pendlings-app1.t-767929534-cloudflare.workers.dev/?fran=Borlänge&amp;till=Fagersta</loc><changefreq>monthly</changefreq></url>
Kopparberg,Arvidsjaur,181,115,Avståndet mellan Kopparberg och Arvidsjaur är 181 km och Karl-Johan Gyllenstorm beräknade körtiden till cirka 115 minuter.,<url><loc>https://pendlings-app1.t-767929534-cloudflare.workers.dev/?fran=Kopparberg&amp;till=Arvidsjaur</loc><changefreq>monthly</changefreq></url>
Grums,Munkedal,1297,841,Avståndet mellan Grums och Munkedal är 1297 km och Karl-Johan Gyllenstorm beräknade körtiden till cirka 841 minuter.,<url><loc>https://pendlings-app1.t-767929534-cloudflare.workers.dev/?fran=Grums&amp;till=Munkedal</loc><changefreq>monthly</changefreq></url>
Örnsköldsvik,Leksand,862,562,Avståndet mellan Örnsköldsvik och Leksand är 862 km och Karl-Johan Gyllenstorm beräknade körtiden till cirka 562 minuter.,<url><loc>https://pendlings-app1.t-767929534-cloudflare.workers.dev/?fran=Örnsköldsvik&amp;till=Leksand</loc><changefreq>monthly</changefreq></url>
Norberg,Färjestaden,930,655,Avståndet mellan Norberg och Färjestaden är 930 km och Karl-Johan Gyllenstorm beräknade körtiden till cirka 655 minuter.,<url><loc>https://pendlings-app1.t-767929534-cloudflare.workers.dev/?fran=Norberg&amp;till=Färjestaden</loc><changefreq>monthly</changefreq></url>
Luleå,Bräcke,577,381,Avståndet mellan Luleå och Bräcke är 577 km och Karl-Johan Gyllenstorm beräknade körtiden till cirka 381 minuter.,<url><loc>https://pendlings-app1.t-767929534-cloudflare.workers.dev/?fran=Luleå&amp;till=Bräcke</loc><changefreq>monthly</changefreq></url>
Östersund,Borlänge,625,444,Avståndet mellan Östersund och Borlänge är 625 km och Karl-Johan Gyllenstorm beräknade körtiden till cirka 444 minuter.,<url><loc>https://pendlings-app1.t-767929534-cloudflare.workers.dev/?fran=Östersund&amp;till=Borlänge</loc><changefreq>monthly</changefreq></url>
Åsele,Åre,189,129,Avståndet mellan Åsele och Åre är 189 km och Karl-Johan Gyllenstorm beräknade körtiden till cirka 129 minuter.,<url><loc>https://pendlings-app1.t-767929534-cloudflare.workers.dev/?fran=Åsele&amp;till=Åre</loc><changefreq>monthly</changefreq></url>
Göteborg,Säffle,1209,952,Avståndet mellan Göteborg och Säffle är 1209 km och Karl-Johan Gyllenstorm beräknade körtiden till cirka 952 minuter.,<url><loc>https://pendlings-app1.t-767929534-cloudflare.workers.dev/?fran=Göteborg&amp;till=Säffle</loc><changefreq>monthly</changefreq></url>
Olofström,Ljusdal,450,328,Avståndet mellan Olofström och Ljusdal är 450 km och Karl-Johan Gyllenstorm beräknade körtiden till cirka 328 minuter.,<url><loc>https://pendlings-app1.t-767929534-cloudflare.workers.dev/?fran=Olofström&amp;till=Ljusdal</loc><changefreq>monthly</changefreq></url>
Hällefor,Hultsfred,99,71,Avståndet mellan Hällefor och Hultsfred är 99 km och Karl-Johan Gyllenstorm beräknade körtiden till cirka 71 minuter.,<url><loc>https://pendlings-app1.t-767929534-cloudflare.workers.dev/?fran=Hällefor&amp;till=Hultsfred</loc><changefreq>monthly</changefreq></url>
Enköping,Mullsjö,247,163,Avståndet mellan Enköping och Mullsjö är 247 km och Karl-Johan Gyllenstorm beräknade körtiden till cirka 163 minuter.,<url><loc>https://pendlings-app1.t-767929534-cloudflare.workers.dev/?fran=Enköping&amp;till=Mullsjö</loc><changefreq>monthly</changefreq></url>
Motala,Linköping,646,456,Avståndet mellan Motala och Linköping är 646 km och Karl-Johan Gyllenstorm beräknade körtiden till cirka 456 minuter.,<url><loc>https://pendlings-app1.t-767929534-cloudflare.workers.dev/?fran=Motala&amp;till=Linköping</loc><changefreq>monthly</changefreq></url>
Hässleholm,Götene,1014,641,Avståndet mellan Hässleholm och Götene är 1014 km och Karl-Johan Gyllenstorm beräknade körtiden till cirka 641 minuter.,<url><loc>https://pendlings-app1.t-767929534-cloudflare.workers.dev/?fran=Hässleholm&amp;till=Götene</loc><changefreq>monthly</changefreq></url>
Kristinehamn,Båstad,323,250,Avståndet mellan Kristinehamn och Båstad är 323 km och Karl-Johan Gyllenstorm beräknade körtiden till cirka 250 minuter.,<url><loc>https://pendlings-app1.t-767929534-cloudflare.workers.dev/?fran=Kristinehamn&amp;till=Båstad</loc><changefreq>monthly</changefreq></url>
Vimmerby,Grums,666,433,Avståndet mellan Vimmerby och Grums är 666 km och Karl-Johan Gyllenstorm beräknade körtiden till cirka 433 minuter.,<url><loc>https://pendlings-app1.t-767929534-cloudflare.workers.dev/?fran=Vimmerby&amp;till=Grums</loc><changefreq>monthly</changefreq></url>
Lomma,Vilhelmina,454,336,Avståndet mellan Lomma och Vilhelmina är 454 km och Karl-Johan Gyllenstorm beräknade körtiden till cirka 336 minuter.,<url><loc>https://pendlings-app1.t-767929534-cloudflare.workers.dev/?fran=Lomma&amp;till=Vilhelmina</loc><changefreq>monthly</changefreq></url>
Laholm,Simrishamn,654,438,Avståndet mellan Laholm och Simrishamn är 654 km och Karl-Johan Gyllenstorm beräknade körtiden till cirka 438 minuter.,<url><loc>https://pendlings-app1.t-767929534-cloudflare.workers.dev/?fran=Laholm&amp;till=Simrishamn</loc><changefreq>monthly</changefreq></url>
Emmaboda,Norsjö,799,558,Avståndet mellan Emmaboda och Norsjö är 799 km och Karl-Johan Gyllenstorm beräknade körtiden till cirka 558 minuter.,<url><loc>https://pendlings-app1.t-767929534-cloudflare.workers.dev/?fran=Emmaboda&amp;till=Norsjö</loc><changefreq>monthly</changefreq></url>
Norberg,Göteborg,251,193,Avståndet mellan Norberg och Göteborg är 251 km och Karl-Johan Gyllenstorm beräknade körtiden till cirka 193 minuter.,<url><loc>https://pendlings-app1.t-767929534-cloudflare.workers.dev/?fran=Norberg&amp;till=Göteborg</loc><changefreq>monthly</changefreq></url>
Lomma,Kungsbacka,713,471,Avståndet mellan Lomma och Kungsbacka är 713 km och Karl-Johan Gyllenstorm beräknade körtiden till cirka 471 minuter.,<url><loc>https://pendlings-app1.t-767929534-cloudflare.workers.dev/?fran=Lomma&amp;till=Kungsbacka</loc><changefreq>monthly</changefreq></url>
Övertorneå,Eskilstuna,911,595,Avståndet mellan Övertorneå och Eskilstuna är 911 km och Karl-Johan Gyllenstorm beräknade körtiden till cirka 595 minuter.,<url><loc>https://pendlings-app1.t-767929534-cloudflare.workers.dev/?fran=Övertorneå&amp;till=Eskilstuna</loc><changefreq>monthly</changefreq></url>
Sölvesborg,Strängnäs,1263,844,Avståndet mellan Sölvesborg och Strängnäs är 1263 km och Karl-Johan Gyllenstorm beräknade körtiden till cirka 844 minuter.,<url><loc>https://pendlings-app1.t-767929534-cloudflare.workers.dev/?fran=Sölvesborg&amp;till=Strängnäs</loc><changefreq>monthly</changefreq></url>
Lund,Älvdalen,754,578,Avståndet mellan Lund och Älvdalen är 754 km och Karl-Johan Gyllenstorm beräknade körtiden till cirka 578 minuter.,<url><loc>https://pendlings-app1.t-767929534-cloudflare.workers.dev/?fran=Lund&amp;till=Älvdalen</loc><changefreq>monthly</changefreq></url>
Strömstad,Laholm,550,382,Avståndet mellan Strömstad och Laholm är 550 km och Karl-Johan Gyllenstorm beräknade körtiden till cirka 382 minuter.,<url><loc>https://pendlings-app1.t-767929534-cloudflare.workers.dev/?fran=Strömstad&amp;till=Laholm</loc><changefreq>monthly</changefreq></url>
Åmål,Säffle,377,300,Avståndet mellan Åmål och Säffle är 377 km och Karl-Johan Gyllenstorm beräknade körtiden till cirka 300 minuter.,<url><loc>https://pendlings-app1.t-767929534-cloudflare.workers.dev/?fran=Åmål&amp;till=Säffle</loc><changefreq>monthly</changefreq></url>
Sala,Höganäs,843,573,Avståndet mellan Sala och Höganäs är 843 km och Karl-Johan Gyllenstorm beräknade körtiden till cirka 573 minuter.,<url><loc>https://pendlings-app1.t-767929534-cloudflare.workers.dev/?fran=Sala&amp;till=Höganäs</loc><changefreq>monthly</changefreq></url>
Vara,Laxå,591,390,Avståndet mellan Vara och Laxå är 591 km och Karl-Johan Gyllenstorm beräknade körtiden till cirka 390 minuter.,<url><loc>https://pendlings-app1.t-767929534-cloudflare.workers.dev/?fran=Vara&amp;till=Laxå</loc><changefreq>monthly</changefreq></url>
Laholm,Kramfors,1341,881,Avståndet mellan Laholm och Kramfors är 1341 km och Karl-Johan Gyllenstorm beräknade körtiden till cirka 881 minuter.,<url><loc>https://pendlings-app1.t-767929534-cloudflare.workers.dev/?fran=Laholm&amp;till=Kramfors</loc><changefreq>monthly</changefreq></url>
Enköping,Åmål,278,217,Avståndet mellan Enköping och Åmål är 278 km och Karl-Johan Gyllenstorm beräknade körtiden till cirka 217 minuter.,<url><loc>https://pendlings-app1.t-767929534-cloudflare.workers.dev/?fran=Enköping&amp;till=Åmål</loc><changefreq>monthly</changefreq></url>
Eksjö,Lärbro,1279,904,Avståndet mellan Eksjö och Lärbro är 1279 km och Karl-Johan Gyllenstorm beräknade körtiden till cirka 904 minuter.,<url><loc>https://pendlings-app1.t-767929534-cloudflare.workers.dev/?fran=Eksjö&amp;till=Lärbro</loc><changefreq>monthly</changefreq></url>
Alingsås,Bålsta,425,297,Avståndet mellan Alingsås och Bålsta är 425 km och Karl-Johan Gyllenstorm beräknade körtiden till cirka 297 minuter.,<url><loc>https://pendlings-app1.t-767929534-cloudflare.workers.dev/?fran=Alingsås&amp;till=Bålsta</loc><changefreq>monthly</changefreq></url>
Orsa,Mora,189,132,Avståndet mellan Orsa och Mora är 189 km och Karl-Johan Gyllenstorm beräknade körtiden till cirka 132 minuter.,<url><loc>https://pendlings-app1.t-767929534-cloudflare.workers.dev/?fran=Orsa&amp;till=Mora</loc><changefreq>monthly</changefreq></url>
Hörby,Kalmar,974,731,Avståndet mellan Hörby och Kalmar är 974 km och Karl-Johan Gyllenstorm beräknade körtiden till cirka 731 minuter.,<url><loc>https://pendlings-app1.t-767929534-cloudflare.workers.dev/?fran=Hörby&amp;till=Kalmar</loc><changefreq>monthly</changefreq></url>
Kävlinge,Köping,1394,1001,Avståndet mellan Kävlinge och Köping är 1394 km och Karl-Johan Gyllenstorm beräknade körtiden till cirka 1001 minuter.,<url><loc>https://pendlings-app1.t-767929534-cloudflare.workers.dev/?fran=Kävlinge&amp;till=Köping</loc><changefreq>monthly</changefreq></url>
Flen,Kungsör,653,493,Avståndet mellan Flen och Kungsör är 653 km och Karl-Johan Gyllenstorm beräknade körtiden till cirka 493 minuter.,<url><loc>https://pendlings-app1.t-767929534-cloudflare.workers.dev/?fran=Flen&amp;till=Kungsör</loc><changefreq>monthly</changefreq></url>
Vadstena,Tofta,1411,976,Avståndet mellan Vadstena och Tofta är 1411 km och Karl-Johan Gyllenstorm beräknade körtiden till cirka 976 minuter.,<url><loc>https://pendlings-app1.t-767929534-cloudflare.workers.dev/?fran=Vadstena&amp;till=Tofta</loc><changefreq>monthly</changefreq></url>
Munkfors,Åsele,613,433,Avståndet mellan Munkfors och Åsele är 613 km och Karl-Johan Gyllenstorm beräknade körtiden till cirka 433 minuter.,<url><loc>https://pendlings-app1.t-767929534-cloudflare.workers.dev/?fran=Munkfors&amp;till=Åsele</loc><changefreq>monthly</changefreq></url>
Lund,Älvkarleby,1054,694,Avståndet mellan Lund och Älvkarleby är 1054 km och Karl-Johan Gyllenstorm beräknade körtiden till cirka 694 minuter.,<url><loc>https://pendlings-app1.t-767929534-cloudflare.workers.dev/?fran=Lund&amp;till=Älvkarleby</loc><changefreq>monthly</changefreq></url>
Täby,Mark,157,110,Avståndet mellan Täby och Mark är 157 km och Karl-Johan Gyllenstorm beräknade körtiden till cirka 110 minuter.,<url><loc>https://pendlings-app1.t-767929534-cloudflare.workers.dev/?fran=Täby&amp;till=Mark</loc><changefreq>monthly</changefreq></url>
Örkelljunga,Lysekil,592,410,Avståndet mellan Örkelljunga och Lysekil är 592 km och Karl-Johan Gyllenstorm beräknade körtiden till cirka 410 minuter.,<url><loc>https://pendlings-app1.t-767929534-cloudflare.workers.dev/?fran=Örkelljunga&amp;till=Lysekil</loc><changefreq>monthly</changefreq></url>
Färgelanda,Charlottenberg,884,619,Avståndet mellan Färgelanda och Charlottenberg är 884 km och Karl-Johan Gyllenstorm beräknade körtiden till cirka 619 minuter.,<url><loc>https://pendlings-app1.t-767929534-cloudflare.workers.dev/?fran=Färgelanda&amp;till=Charlottenberg</loc><changefreq>monthly</changefreq></url>
Timrå,Älvsbyn,854,617,Avståndet mellan Timrå och Älvsbyn är 854 km och Karl-Johan Gyllenstorm beräknade körtiden till cirka 617 minuter.,<url><loc>https://pendlings-app1.t-767929534-cloudflare.workers.dev/?fran=Timrå&amp;till=Älvsbyn</loc><changefreq>monthly</changefreq></url>
Bromölla,Strängnäs,62,45,Avståndet mellan Bromölla och Strängnäs är 62 km och Karl-Johan Gyllenstorm beräknade körtiden till cirka 45 minuter.,<url><loc>https://pendlings-app1.t-767929534-cloudflare.workers.dev/?fran=Bromölla&amp;till=Strängnäs</loc><changefreq>monthly</changefreq></url>
Söderköping,Sölvesborg,226,148,Avståndet mellan Söderköping och Sölvesborg är 226 km och Karl-Johan Gyllenstorm beräknade körtiden till cirka 148 minuter.,<url><loc>https://pendlings-app1.t-767929534-cloudflare.workers.dev/?fran=Söderköping&amp;till=Sölvesborg</loc><changefreq>monthly</changefreq></url>
Ljusdal,Uddevalla,114,87,Avståndet mellan Ljusdal och Uddevalla är 114 km och Karl-Johan Gyllenstorm beräknade körtiden till cirka 87 minuter.,<url><loc>https://pendlings-app1.t-767929534-cloudflare.workers.dev/?fran=Ljusdal&amp;till=Uddevalla</loc><changefreq>monthly</changefreq></url>
Karlshamn,Karlsborg,354,233,Avståndet mellan Karlshamn och Karlsborg är 354 km och Karl-Johan Gyllenstorm beräknade körtiden till cirka 233 minuter.,<url><loc>https://pendlings-app1.t-767929534-cloudflare.workers.dev/?fran=Karlshamn&amp;till=Karlsborg</loc><changefreq>monthly</changefreq></url>
Emmaboda,Krokom,784,579,Avståndet mellan Emmaboda och Krokom är 784 km och Karl-Johan Gyllenstorm beräknade körtiden till cirka 579 minuter.,<url><loc>https://pendlings-app1.t-767929534-cloudflare.workers.dev/?fran=Emmaboda&amp;till=Krokom</loc><changefreq>monthly</changefreq></url>
Laxå,Motala,1369,913,Avståndet mellan Laxå och Motala är 1369 km och Karl-Johan Gyllenstorm beräknade körtiden till cirka 913 minuter.,<url><loc>https://pendlings-app1.t-767929534-cloudflare.workers.dev/?fran=Laxå&amp;till=Motala</loc><changefreq>monthly</changefreq></url>
Ludvika,Arvidsjaur,193,127,Avståndet mellan Ludvika och Arvidsjaur är 193 km och Karl-Johan Gyllenstorm beräknade körtiden till cirka 127 minuter.,<url><loc>https://pendlings-app1.t-767929534-cloudflare.workers.dev/?fran=Ludvika&amp;till=Arvidsjaur</loc><changefreq>monthly</changefreq></url>
Södertälje,Smedjebacken,406,305,Avståndet mellan Södertälje och Smedjebacken är 406 km och Karl-Johan Gyllenstorm beräknade körtiden till cirka 305 minuter.,<url><loc>https://pendlings-app1.t-767929534-cloudflare.workers.dev/?fran=Södertälje&amp;till=Smedjebacken</loc><changefreq>monthly</changefreq></url>
Skurup,Eda,85,66,Avståndet mellan Skurup och Eda är 85 km och Karl-Johan Gyllenstorm beräknade körtiden till cirka 66 minuter.,<url><loc>https://pendlings-app1.t-767929534-cloudflare.workers.dev/?fran=Skurup&amp;till=Eda</loc><changefreq>monthly</changefreq></url>
Borgholm,Köping,847,669,Avståndet mellan Borgholm och Köping är 847 km och Karl-Johan Gyllenstorm beräknade körtiden till cirka 669 minuter.,<url><loc>https://pendlings-app1.t-767929534-cloudflare.workers.dev/?fran=Borgholm&amp;till=Köping</loc><changefreq>monthly</changefreq></url>
Laxå,Vingåker,1276,852,Avståndet mellan Laxå och Vingåker är 1276 km och Karl-Johan Gyllenstorm beräknade körtiden till cirka 852 minuter.,<url><loc>https://pendlings-app1.t-767929534-cloudflare.workers.dev/?fran=Laxå&amp;till=Vingåker</loc><changefreq>monthly</changefreq></url>
Ludvika,Vara,1106,795,Avståndet mellan Ludvika och Vara är 1106 km och Karl-Johan Gyllenstorm beräknade körtiden till cirka 795 minuter.,<url><loc>https://pendlings-app1.t-767929534-cloudflare.workers.dev/?fran=Ludvika&amp;till=Vara</loc><changefreq>monthly</changefreq></url>
Mark,Åmål,515,364,Avståndet mellan Mark och Åmål är 515 km och Karl-Johan Gyllenstorm beräknade körtiden till cirka 364 minuter.,<url><loc>https://pendlings-app1.t-767929534-cloudflare.workers.dev/?fran=Mark&amp;till=Åmål</loc><changefreq>monthly</changefreq></url>
Skara,Lindesberg,230,155,Avståndet mellan Skara och Lindesberg är 230 km och Karl-Johan Gyllenstorm beräknade körtiden till cirka 155 minuter.,<url><loc>https://pendlings-app1.t-767929534-cloudflare.workers.dev/?fran=Skara&amp;till=Lindesberg</loc><changefreq>monthly</changefreq></url>
Sävsjö,Vansbro,1339,869,Avståndet mellan Sävsjö och Vansbro är 1339 km och Karl-Johan Gyllenstorm beräknade körtiden till cirka 869 minuter.,<url><loc>https://pendlings-app1.t-767929534-cloudflare.workers.dev/?fran=Sävsjö&amp;till=Vansbro</loc><changefreq>monthly</changefreq></url>
Gällivare,Mariestad,813,641,Avståndet mellan Gällivare och Mariestad är 813 km och Karl-Johan Gyllenstorm beräknade körtiden till cirka 641 minuter.,<url><loc>https://pendlings-app1.t-767929534-cloudflare.workers.dev/?fran=Gällivare&amp;till=Mariestad</loc><changefreq>monthly</changefreq></url>
Visby,Kinda,144,109,Avståndet mellan Visby och Kinda är 144 km och Karl-Johan Gyllenstorm beräknade körtiden till cirka 109 minuter.,<url><loc>https://pendlings-app1.t-767929534-cloudflare.workers.dev/?fran=Visby&amp;till=Kinda</loc><changefreq>monthly</changefreq></url>
Lund,Fårösund,152,96,Avståndet mellan Lund och Fårösund är 152 km och Karl-Johan Gyllenstorm beräknade körtiden till cirka 96 minuter.,<url><loc>https://pendlings-app1.t-767929534-cloudflare.workers.dev/?fran=Lund&amp;till=Fårösund</loc><changefreq>monthly</changefreq></url>
Olofström,Båstad,437,340,Avståndet mellan Olofström och Båstad är 437 km och Karl-Johan Gyllenstorm beräknade körtiden till cirka 340 minuter.,<url><loc>https://pendlings-app1.t-767929534-cloudflare.workers.dev/?fran=Olofström&amp;till=Båstad</loc><changefreq>monthly</changefreq></url>
Hudiksvall,Ronneby,939,655,Avståndet mellan Hudiksvall och Ronneby är 939 km och Karl-Johan Gyllenstorm beräknade körtiden till cirka 655 minuter.,<url><loc>https://pendlings-app1.t-767929534-cloudflare.workers.dev/?fran=Hudiksvall&amp;till=Ronneby</loc><changefreq>monthly</changefreq></url>
Norrköping,Vellinge,1237,849,Avståndet mellan Norrköping och Vellinge är 1237 km och Karl-Johan Gyllenstorm beräknade körtiden till cirka 849 minuter.,<url><loc>https://pendlings-app1.t-767929534-cloudflare.workers.dev/?fran=Norrköping&amp;till=Vellinge</loc><changefreq>monthly</changefreq></url>
Helsingborg,Sälen,126,99,Avståndet mellan Helsingborg och Sälen är 126 km och Karl-Johan Gyllenstorm beräknade körtiden till cirka 99 minuter.,<url><loc>https://pendlings-app1.t-767929534-cloudflare.workers.dev/?fran=Helsingborg&amp;till=Sälen</loc><changefreq>monthly</changefreq></url>
Boden,Haparanda,590,468,Avståndet mellan Boden och Haparanda är 590 km och Karl-Johan Gyllenstorm beräknade körtiden till cirka 468 minuter.,<url><loc>https://pendlings-app1.t-767929534-cloudflare.workers.dev/?fran=Boden&amp;till=Haparanda</loc><changefreq>monthly</changefreq></url>
Sjöbo,Grythyttan,52,39,Avståndet mellan Sjöbo och Grythyttan är 52 km och Karl-Johan Gyllenstorm beräknade körtiden till cirka 39 minuter.,<url><loc>https://pendlings-app1.t-767929534-cloudflare.workers.dev/?fran=Sjöbo&amp;till=Grythyttan</loc><changefreq>monthly</changefreq></url>
Trosa,Klippan,997,655,Avståndet mellan Trosa och Klippan är 997 km och Karl-Johan Gyllenstorm beräknade körtiden till cirka 655 minuter.,<url><loc>https://pendlings-app1.t-767929534-cloudflare.workers.dev/?fran=Trosa&amp;till=Klippan</loc><changefreq>monthly</changefreq></url>
Mjölby,Sala,517,402,Avståndet mellan Mjölby och Sala är 517 km och Karl-Johan Gyllenstorm beräknade körtiden till cirka 402 minuter.,<url><loc>https://pendlings-app1.t-767929534-cloudflare.workers.dev/?fran=Mjölby&amp;till=Sala</loc><changefreq>monthly</changefreq></url>
Sölvesborg,Tranås,1437,1015,Avståndet mellan Sölvesborg och Tranås är 1437 km och Karl-Johan Gyllenstorm beräknade körtiden till cirka 1015 minuter.,<url><loc>https://pendlings-app1.t-767929534-cloudflare.workers.dev/?fran=Sölvesborg&amp;till=Tranås</loc><changefreq>monthly</changefreq></url>
Hörby,Avesta,227,157,Avståndet mellan Hörby och Avesta är 227 km och Karl-Johan Gyllenstorm beräknade körtiden till cirka 157 minuter.,<url><loc>https://pendlings-app1.t-767929534-cloudflare.workers.dev/?fran=Hörby&amp;till=Avesta</loc><changefreq>monthly</changefreq></url>
Munkfors,Ockelbo,980,652,Avståndet mellan Munkfors och Ockelbo är 980 km och Karl-Johan Gyllenstorm beräknade körtiden till cirka 652 minuter.,<url><loc>https://pendlings-app1.t-767929534-cloudflare.workers.dev/?fran=Munkfors&amp;till=Ockelbo</loc><changefreq>monthly</changefreq></url>
Huddinge,Nordanstig,1161,836,Avståndet mellan Huddinge och Nordanstig är 1161 km och Karl-Johan Gyllenstorm beräknade körtiden till cirka 836 minuter.,<url><loc>https://pendlings-app1.t-767929534-cloudflare.workers.dev/?fran=Huddinge&amp;till=Nordanstig</loc><changefreq>monthly</changefreq></url>
Essunga,Gullspång,239,155,Avståndet mellan Essunga och Gullspång är 239 km och Karl-Johan Gyllenstorm beräknade körtiden till cirka 155 minuter.,<url><loc>https://pendlings-app1.t-767929534-cloudflare.workers.dev/?fran=Essunga&amp;till=Gullspång</loc><changefreq>monthly</changefreq></url>
Norrköping,Gagnef,819,530,Avståndet mellan Norrköping och Gagnef är 819 km och Karl-Johan Gyllenstorm beräknade körtiden till cirka 530 minuter.,<url><loc>https://pendlings-app1.t-767929534-cloudflare.workers.dev/?fran=Norrköping&amp;till=Gagnef</loc><changefreq>monthly</changefreq></url>
Bollnäs,Vadstena,343,228,Avståndet mellan Bollnäs och Vadstena är 343 km och Karl-Johan Gyllenstorm beräknade körtiden till cirka 228 minuter.,<url><loc>https://pendlings-app1.t-767929534-cloudflare.workers.dev/?fran=Bollnäs&amp;till=Vadstena</loc><changefreq>monthly</changefreq></url>
Ludvika,Sandviken,751,508,Avståndet mellan Ludvika och Sandviken är 751 km och Karl-Johan Gyllenstorm beräknade körtiden till cirka 508 minuter.,<url><loc>https://pendlings-app1.t-767929534-cloudflare.workers.dev/?fran=Ludvika&amp;till=Sandviken</loc><changefreq>monthly</changefreq></url>
Skurup,Falun,1288,817,Avståndet mellan Skurup och Falun är 1288 km och Karl-Johan Gyllenstorm beräknade körtiden till cirka 817 minuter.,<url><loc>https://pendlings-app1.t-767929534-cloudflare.workers.dev/?fran=Skurup&amp;till=Falun</loc><changefreq>monthly</changefreq></url>
Huddinge,Högsby,129,87,Avståndet mellan Huddinge och Högsby är 129 km och Karl-Johan Gyllenstorm beräknade körtiden till cirka 87 minuter.,<url><loc>https://pendlings-app1.t-767929534-cloudflare.workers.dev/?fran=Huddinge&amp;till=Högsby</loc><changefreq>monthly</changefreq></url>
Ödeshög,Bromölla,554,432,Avståndet mellan Ödeshög och Bromölla är 554 km och Karl-Johan Gyllenstorm beräknade körtiden till cirka 432 minuter.,<url><loc>https://pendlings-app1.t-767929534-cloudflare.workers.dev/?fran=Ödeshög&amp;till=Bromölla</loc><changefreq>monthly</changefreq></url>
Stånga,Ronehamn,1352,1005,Avståndet mellan Stånga och Ronehamn är 1352 km och Karl-Johan Gyllenstorm beräknade körtiden till cirka 1005 minuter.,<url><loc>https://pendlings-app1.t-767929534-cloudflare.workers.dev/?fran=Stånga&amp;till=Ronehamn</loc><changefreq>monthly</changefreq></url>
Vilhelmina,Ockelbo,1327,944,Avståndet mellan Vilhelmina och Ockelbo är 1327 km och Karl-Johan Gyllenstorm beräknade körtiden till cirka 944 minuter.,<url><loc>https://pendlings-app1.t-767929534-cloudflare.workers.dev/?fran=Vilhelmina&amp;till=Ockelbo</loc><changefreq>monthly</changefreq></url>
Nordanstig,Ulricehamn,1097,807,Avståndet mellan Nordanstig och Ulricehamn är 1097 km och Karl-Johan Gyllenstorm beräknade körtiden till cirka 807 minuter.,<url><loc>https://pendlings-app1.t-767929534-cloudflare.workers.dev/?fran=Nordanstig&amp;till=Ulricehamn</loc><changefreq>monthly</changefreq></url>
Gällivare,Grums,771,495,Avståndet mellan Gällivare och Grums är 771 km och Karl-Johan Gyllenstorm beräknade körtiden till cirka 495 minuter.,<url><loc>https://pendlings-app1.t-767929534-cloudflare.workers.dev/?fran=Gällivare&amp;till=Grums</loc><changefreq>monthly</changefreq></url>
Östersund,Hyltebruk,1312,1017,Avståndet mellan Östersund och Hyltebruk är 1312 km och Karl-Johan Gyllenstorm beräknade körtiden till cirka 1017 minuter.,<url><loc>https://pendlings-app1.t-767929534-cloudflare.workers.dev/?fran=Östersund&amp;till=Hyltebruk</loc><changefreq>monthly</changefreq></url>
Mörbylånga,Gällivare,446,284,Avståndet mellan Mörbylånga och Gällivare är 446 km och Karl-Johan Gyllenstorm beräknade körtiden till cirka 284 minuter.,<url><loc>https://pendlings-app1.t-767929534-cloudflare.workers.dev/?fran=Mörbylånga&amp;till=Gällivare</loc><changefreq>monthly</changefreq></url>
Hjo,Bjuv,722,545,Avståndet mellan Hjo och Bjuv är 722 km och Karl-Johan Gyllenstorm beräknade körtiden till cirka 545 minuter.,<url><loc>https://pendlings-app1.t-767929534-cloudflare.workers.dev/?fran=Hjo&amp;till=Bjuv</loc><changefreq>monthly</changefreq></url>
Olofström,Vänersborg,1110,850,Avståndet mellan Olofström och Vänersborg är 1110 km och Karl-Johan Gyllenstorm beräknade körtiden till cirka 850 minuter.,<url><loc>https://pendlings-app1.t-767929534-cloudflare.workers.dev/?fran=Olofström&amp;till=Vänersborg</loc><changefreq>monthly</changefreq></url>
Övertorneå,Åsele,269,214,Avståndet mellan Övertorneå och Åsele är 269 km och Karl-Johan Gyllenstorm beräknade körtiden till cirka 214 minuter.,<url><loc>https://pendlings-app1.t-767929534-cloudflare.workers.dev/?fran=Övertorneå&amp;till=Åsele</loc><changefreq>monthly</changefreq></url>
Gällivare,Borlänge,365,254,Avståndet mellan Gällivare och Borlänge är 365 km och Karl-Johan Gyllenstorm beräknade körtiden till cirka 254 minuter.,<url><loc>https://pendlings-app1.t-767929534-cloudflare.workers.dev/?fran=Gällivare&amp;till=Borlänge</loc><changefreq>monthly</changefreq></url>
Sala,Ljusnarsberg,1409,915,Avståndet mellan Sala och Ljusnarsberg är 1409 km och Karl-Johan Gyllenstorm beräknade körtiden till cirka 915 minuter.,<url><loc>https://pendlings-app1.t-767929534-cloudflare.workers.dev/?fran=Sala&amp;till=Ljusnarsberg</loc><changefreq>monthly</changefreq></url>
Ronehamn,Karlskrona,933,655,Avståndet mellan Ronehamn och Karlskrona är 933 km och Karl-Johan Gyllenstorm beräknade körtiden till cirka 655 minuter.,<url><loc>https://pendlings-app1.t-767929534-cloudflare.workers.dev/?fran=Ronehamn&amp;till=Karlskrona</loc><changefreq>monthly</changefreq></url>
Ydre,Överkalix,32,23,Avståndet mellan Ydre och Överkalix är 32 km och Karl-Johan Gyllenstorm beräknade körtiden till cirka 23 minuter.,<url><loc>https://pendlings-app1.t-767929534-cloudflare.workers.dev/?fran=Ydre&amp;till=Överkalix</loc><changefreq>monthly</changefreq></url>
Säffle,Kävlinge,983,678,Avståndet mellan Säffle och Kävlinge är 983 km och Karl-Johan Gyllenstorm beräknade körtiden till cirka 678 minuter.,<url><loc>https://pendlings-app1.t-767929534-cloudflare.workers.dev/?fran=Säffle&amp;till=Kävlinge</loc><changefreq>monthly</changefreq></url>
Lomma,Kristianstad,140,94,Avståndet mellan Lomma och Kristianstad är 140 km och Karl-Johan Gyllenstorm beräknade körtiden till cirka 94 minuter.,<url><loc>https://pendlings-app1.t-767929534-cloudflare.workers.dev/?fran=Lomma&amp;till=Kristianstad</loc><changefreq>monthly</changefreq></url>
Orsa,Färjestaden,983,764,Avståndet mellan Orsa och Färjestaden är 983 km och Karl-Johan Gyllenstorm beräknade körtiden till cirka 764 minuter.,<url><loc>https://pendlings-app1.t-767929534-cloudflare.workers.dev/?fran=Orsa&amp;till=Färjestaden</loc><changefreq>monthly</changefreq></url>
Trollhättan,Ängelholm,875,681,Avståndet mellan Trollhättan och Ängelholm är 875 km och Karl-Johan Gyllenstorm beräknade körtiden till cirka 681 minuter.,<url><loc>https://pendlings-app1.t-767929534-cloudflare.workers.dev/?fran=Trollhättan&amp;till=Ängelholm</loc><changefreq>monthly</changefreq></url>
Hyltebruk,Kumla,81,56,Avståndet mellan Hyltebruk och Kumla är 81 km och Karl-Johan Gyllenstorm beräknade körtiden till cirka 56 minuter.,<url><loc>https://pendlings-app1.t-767929534-cloudflare.workers.dev/?fran=Hyltebruk&amp;till=Kumla</loc><changefreq>monthly</changefreq></url>
Hofors,Vadstena,1073,834,Avståndet mellan Hofors och Vadstena är 1073 km och Karl-Johan Gyllenstorm beräknade körtiden till cirka 834 minuter.,<url><loc>https://pendlings-app1.t-767929534-cloudflare.workers.dev/?fran=Hofors&amp;till=Vadstena</loc><changefreq>monthly</changefreq></url>
Karlskrona,Säffle,1285,914,Avståndet mellan Karlskrona och Säffle är 1285 km och Karl-Johan Gyllenstorm beräknade körtiden till cirka 914 minuter.,<url><loc>https://pendlings-app1.t-767929534-cloudflare.workers.dev/?fran=Karlskrona&amp;till=Säffle</loc><changefreq>monthly</changefreq></url>
Älvsbyn,Essunga,341,264,Avståndet mellan Älvsbyn och Essunga är 341 km och Karl-Johan Gyllenstorm beräknade körtiden till cirka 264 minuter.,<url><loc>https://pendlings-app1.t-767929534-cloudflare.workers.dev/?fran=Älvsbyn&amp;till=Essunga</loc><changefreq>monthly</changefreq></url>
Gagnef,Värnamo,440,298,Avståndet mellan Gagnef och Värnamo är 440 km och Karl-Johan Gyllenstorm beräknade körtiden till cirka 298 minuter.,<url><loc>https://pendlings-app1.t-767929534-cloudflare.workers.dev/?fran=Gagnef&amp;till=Värnamo</loc><changefreq>monthly</changefreq></url>
Lomma,Sälen,1229,841,Avståndet mellan Lomma och Sälen är 1229 km och Karl-Johan Gyllenstorm beräknade körtiden till cirka 841 minuter.,<url><loc>https://pendlings-app1.t-767929534-cloudflare.workers.dev/?fran=Lomma&amp;till=Sälen</loc><changefreq>monthly</changefreq></url>
Tibro,Härjedalen,811,608,Avståndet mellan Tibro och Härjedalen är 811 km och Karl-Johan Gyllenstorm beräknade körtiden till cirka 608 minuter.,<url><loc>https://pendlings-app1.t-767929534-cloudflare.workers.dev/?fran=Tibro&amp;till=Härjedalen</loc><changefreq>monthly</changefreq></url>
Landskrona,Hjo,1029,682,Avståndet mellan Landskrona och Hjo är 1029 km och Karl-Johan Gyllenstorm beräknade körtiden till cirka 682 minuter.,<url><loc>https://pendlings-app1.t-767929534-cloudflare.workers.dev/?fran=Landskrona&amp;till=Hjo</loc><changefreq>monthly</changefreq></url>
Sundsvall,Kungsbacka,1121,852,Avståndet mellan Sundsvall och Kungsbacka är 1121 km och Karl-Johan Gyllenstorm beräknade körtiden till cirka 852 minuter.,<url><loc>https://pendlings-app1.t-767929534-cloudflare.workers.dev/?fran=Sundsvall&amp;till=Kungsbacka</loc><changefreq>monthly</changefreq></url>
Ulricehamn,Krokom,718,470,Avståndet mellan Ulricehamn och Krokom är 718 km och Karl-Johan Gyllenstorm beräknade körtiden till cirka 470 minuter.,<url><loc>https://pendlings-app1.t-767929534-cloudflare.workers.dev/?fran=Ulricehamn&amp;till=Krokom</loc><changefreq>monthly</changefreq></url>
Västerås,Hedemora,107,76,Avståndet mellan Västerås och Hedemora är 107 km och Karl-Johan Gyllenstorm beräknade körtiden till cirka 76 minuter.,<url><loc>https://pendlings-app1.t-767929534-cloudflare.workers.dev/?fran=Västerås&amp;till=Hedemora</loc><changefreq>monthly</changefreq></url>
Säffle,Dorotea,883,615,Avståndet mellan Säffle och Dorotea är 883 km och Karl-Johan Gyllenstorm beräknade körtiden till cirka 615 minuter.,<url><loc>https://pendlings-app1.t-767929534-cloudflare.workers.dev/?fran=Säffle&amp;till=Dorotea</loc><changefreq>monthly</changefreq></url>
Eksjö,Arboga,242,156,Avståndet mellan Eksjö och Arboga är 242 km och Karl-Johan Gyllenstorm beräknade körtiden till cirka 156 minuter.,<url><loc>https://pendlings-app1.t-767929534-cloudflare.workers.dev/?fran=Eksjö&amp;till=Arboga</loc><changefreq>monthly</changefreq></url>
Sorsele,Mjölby,39,30,Avståndet mellan Sorsele och Mjölby är 39 km och Karl-Johan Gyllenstorm beräknade körtiden till cirka 30 minuter.,<url><loc>https://pendlings-app1.t-767929534-cloudflare.workers.dev/?fran=Sorsele&amp;till=Mjölby</loc><changefreq>monthly</changefreq></url>
Oxelösund,Örkelljunga,612,427,Avståndet mellan Oxelösund och Örkelljunga är 612 km och Karl-Johan Gyllenstorm beräknade körtiden till cirka 427 minuter.,<url><loc>https://pendlings-app1.t-767929534-cloudflare.workers.dev/?fran=Oxelösund&amp;till=Örkelljunga</loc><changefreq>monthly</changefreq></url>
Höganäs,Orsa,1404,942,Avståndet mellan Höganäs och Orsa är 1404 km och Karl-Johan Gyllenstorm beräknade körtiden till cirka 942 minuter.,<url><loc>https://pendlings-app1.t-767929534-cloudflare.workers.dev/?fran=Höganäs&amp;till=Orsa</loc><changefreq>monthly</changefreq></url>
Arboga,Åre,1149,837,Avståndet mellan Arboga och Åre är 1149 km och Karl-Johan Gyllenstorm beräknade körtiden till cirka 837 minuter.,<url><loc>https://pendlings-app1.t-767929534-cloudflare.workers.dev/?fran=Arboga&amp;till=Åre</loc><changefreq>monthly</changefreq></url>
Luleå,Lysekil,745,530,Avståndet mellan Luleå och Lysekil är 745 km och Karl-Johan Gyllenstorm beräknade körtiden till cirka 530 minuter.,<url><loc>https://pendlings-app1.t-767929534-cloudflare.workers.dev/?fran=Luleå&amp;till=Lysekil</loc><changefreq>monthly</changefreq></url>
Luleå,Kungsbacka,1050,833,Avståndet mellan Luleå och Kungsbacka är 1050 km och Karl-Johan Gyllenstorm beräknade körtiden till cirka 833 minuter.,<url><loc>https://pendlings-app1.t-767929534-cloudflare.workers.dev/?fran=Luleå&amp;till=Kungsbacka</loc><changefreq>monthly</changefreq></url>
Täby,Västervik,372,254,Avståndet mellan Täby och Västervik är 372 km och Karl-Johan Gyllenstorm beräknade körtiden till cirka 254 minuter.,<url><loc>https://pendlings-app1.t-767929534-cloudflare.workers.dev/?fran=Täby&amp;till=Västervik</loc><changefreq>monthly</changefreq></url>
Eda,Falköping,1395,906,Avståndet mellan Eda och Falköping är 1395 km och Karl-Johan Gyllenstorm beräknade körtiden till cirka 906 minuter.,<url><loc>https://pendlings-app1.t-767929534-cloudflare.workers.dev/?fran=Eda&amp;till=Falköping</loc><changefreq>monthly</changefreq></url>
Höganäs,Boden,422,278,Avståndet mellan Höganäs och Boden är 422 km och Karl-Johan Gyllenstorm beräknade körtiden till cirka 278 minuter.,<url><loc>https://pendlings-app1.t-767929534-cloudflare.workers.dev/?fran=Höganäs&amp;till=Boden</loc><changefreq>monthly</changefreq></url>
Vansbro,Munkfors,301,228,Avståndet mellan Vansbro och Munkfors är 301 km och Karl-Johan Gyllenstorm beräknade körtiden till cirka 228 minuter.,<url><loc>https://pendlings-app1.t-767929534-cloudflare.workers.dev/?fran=Vansbro&amp;till=Munkfors</loc><changefreq>monthly</changefreq></url>
Vimmerby,Orsa,834,531,Avståndet mellan Vimmerby och Orsa är 834 km och Karl-Johan Gyllenstorm beräknade körtiden till cirka 531 minuter.,<url><loc>https://pendlings-app1.t-767929534-cloudflare.workers.dev/?fran=Vimmerby&amp;till=Orsa</loc><changefreq>monthly</changefreq></url>
Skövde,Landskrona,357,227,Avståndet mellan Skövde och Landskrona är 357 km och Karl-Johan Gyllenstorm beräknade körtiden till cirka 227 minuter.,<url><loc>https://pendlings-app1.t-767929534-cloudflare.workers.dev/?fran=Skövde&amp;till=Landskrona</loc><changefreq>monthly</changefreq></url>
Nordanstig,Surahammar,273,198,Avståndet mellan Nordanstig och Surahammar är 273 km och Karl-Johan Gyllenstorm beräknade körtiden till cirka 198 minuter.,<url><loc>https://pendlings-app1.t-767929534-cloudflare.workers.dev/?fran=Nordanstig&amp;till=Surahammar</loc><changefreq>monthly</changefreq></url>
Nyköping,Huddinge,102,67,Avståndet mellan Nyköping och Huddinge är 102 km och Karl-Johan Gyllenstorm beräknade körtiden till cirka 67 minuter.,<url><loc>https://pendlings-app1.t-767929534-cloudflare.workers.dev/?fran=Nyköping&amp;till=Huddinge</loc><changefreq>monthly</changefreq></url>
Storfors,Vetlanda,812,560,Avståndet mellan Storfors och Vetlanda är 812 km och Karl-Johan Gyllenstorm beräknade körtiden till cirka 560 minuter.,<url><loc>https://pendlings-app1.t-767929534-cloudflare.workers.dev/?fran=Storfors&amp;till=Vetlanda</loc><changefreq>monthly</changefreq></url>
Ängelholm,Surahammar,808,564,Avståndet mellan Ängelholm och Surahammar är 808 km och Karl-Johan Gyllenstorm beräknade körtiden till cirka 564 minuter.,<url><loc>https://pendlings-app1.t-767929534-cloudflare.workers.dev/?fran=Ängelholm&amp;till=Surahammar</loc><changefreq>monthly</changefreq></url>
Skellefteå,Hedemora,958,717,Avståndet mellan Skellefteå och Hedemora är 958 km och Karl-Johan Gyllenstorm beräknade körtiden till cirka 717 minuter.,<url><loc>https://pendlings-app1.t-767929534-cloudflare.workers.dev/?fran=Skellefteå&amp;till=Hedemora</loc><changefreq>monthly</changefreq></url>
Töreboda,Ånge,1389,987,Avståndet mellan Töreboda och Ånge är 1389 km och Karl-Johan Gyllenstorm beräknade körtiden till cirka 987 minuter.,<url><loc>https://pendlings-app1.t-767929534-cloudflare.workers.dev/?fran=Töreboda&amp;till=Ånge</loc><changefreq>monthly</changefreq></url>
Härjedalen,Hudiksvall,821,541,Avståndet mellan Härjedalen och Hudiksvall är 821 km och Karl-Johan Gyllenstorm beräknade körtiden till cirka 541 minuter.,<url><loc>https://pendlings-app1.t-767929534-cloudflare.workers.dev/?fran=Härjedalen&amp;till=Hudiksvall</loc><changefreq>monthly</changefreq></url>
Malmö,Åtvidaberg,1422,962,Avståndet mellan Malmö och Åtvidaberg är 1422 km och Karl-Johan Gyllenstorm beräknade körtiden till cirka 962 minuter.,<url><loc>https://pendlings-app1.t-767929534-cloudflare.workers.dev/?fran=Malmö&amp;till=Åtvidaberg</loc><changefreq>monthly</changefreq></url>
Kramfors,Gullspång,160,115,Avståndet mellan Kramfors och Gullspång är 160 km och Karl-Johan Gyllenstorm beräknade körtiden till cirka 115 minuter.,<url><loc>https://pendlings-app1.t-767929534-cloudflare.workers.dev/?fran=Kramfors&amp;till=Gullspång</loc><changefreq>monthly</changefreq></url>
Sotenäs,Gislaved,1438,1115,Avståndet mellan Sotenäs och Gislaved är 1438 km och Karl-Johan Gyllenstorm beräknade körtiden till cirka 1115 minuter.,<url><loc>https://pendlings-app1.t-767929534-cloudflare.workers.dev/?fran=Sotenäs&amp;till=Gislaved</loc><changefreq>monthly</changefreq></url>
Katrineholm,Arboga,1208,788,Avståndet mellan Katrineholm och Arboga är 1208 km och Karl-Johan Gyllenstorm beräknade körtiden till cirka 788 minuter.,<url><loc>https://pendlings-app1.t-767929534-cloudflare.workers.dev/?fran=Katrineholm&amp;till=Arboga</loc><changefreq>monthly</changefreq></url>
Bålsta,Alingsås,771,520,Avståndet mellan Bålsta och Alingsås är 771 km och Karl-Johan Gyllenstorm beräknade körtiden till cirka 520 minuter.,<url><loc>https://pendlings-app1.t-767929534-cloudflare.workers.dev/?fran=Bålsta&amp;till=Alingsås</loc><changefreq>monthly</changefreq></url>
Herrljunga,Östhammar,315,246,Avståndet mellan Herrljunga och Östhammar är 315 km och Karl-Johan Gyllenstorm beräknade körtiden till cirka 246 minuter.,<url><loc>https://pendlings-app1.t-767929534-cloudflare.workers.dev/?fran=Herrljunga&amp;till=Östhammar</loc><changefreq>monthly</changefreq></url>
Sunne,Kinda,137,92,Avståndet mellan Sunne och Kinda är 137 km och Karl-Johan Gyllenstorm beräknade körtiden till cirka 92 minuter.,<url><loc>https://pendlings-app1.t-767929534-cloudflare.workers.dev/?fran=Sunne&amp;till=Kinda</loc><changefreq>monthly</changefreq></url>
Högsby,Karlskrona,857,554,Avståndet mellan Högsby och Karlskrona är 857 km och Karl-Johan Gyllenstorm beräknade körtiden till cirka 554 minuter.,<url><loc>https://pendlings-app1.t-767929534-cloudflare.workers.dev/?fran=Högsby&amp;till=Karlskrona</loc><changefreq>monthly</changefreq></url>
Kungsör,Ljusnarsberg,322,233,Avståndet mellan Kungsör och Ljusnarsberg är 322 km och Karl-Johan Gyllenstorm beräknade körtiden till cirka 233 minuter.,<url><loc>https://pendlings-app1.t-767929534-cloudflare.workers.dev/?fran=Kungsör&amp;till=Ljusnarsberg</loc><changefreq>monthly</changefreq></url>
Aneby,Västerås,34,24,Avståndet mellan Aneby och Västerås är 34 km och Karl-Johan Gyllenstorm beräknade körtiden till cirka 24 minuter.,<url><loc>https://pendlings-app1.t-767929534-cloudflare.workers.dev/?fran=Aneby&amp;till=Västerås</loc><changefreq>monthly</changefreq></url>
Skövde,Vara,44,33,Avståndet mellan Skövde och Vara är 44 km och Karl-Johan Gyllenstorm beräknade körtiden till cirka 33 minuter.,<url><loc>https://pendlings-app1.t-767929534-cloudflare.workers.dev/?fran=Skövde&amp;till=Vara</loc><changefreq>monthly</changefreq></url>
Kramfors,Borlänge,770,608,Avståndet mellan Kramfors och Borlänge är 770 km och Karl-Johan Gyllenstorm beräknade körtiden till cirka 608 minuter.,<url><loc>https://pendlings-app1.t-767929534-cloudflare.workers.dev/?fran=Kramfors&amp;till=Borlänge</loc><changefreq>monthly</changefreq></url>
Färgelanda,Sundsvall,1353,950,Avståndet mellan Färgelanda och Sundsvall är 1353 km och Karl-Johan Gyllenstorm beräknade körtiden till cirka 950 minuter.,<url><loc>https://pendlings-app1.t-767929534-cloudflare.workers.dev/?fran=Färgelanda&amp;till=Sundsvall</loc><changefreq>monthly</changefreq></url>
Östhammar,Eda,553,357,Avståndet mellan Östhammar och Eda är 553 km och Karl-Johan Gyllenstorm beräknade körtiden till cirka 357 minuter.,<url><loc>https://pendlings-app1.t-767929534-cloudflare.workers.dev/?fran=Östhammar&amp;till=Eda</loc><changefreq>monthly</changefreq></url>
Storuman,Arvika,345,257,Avståndet mellan Storuman och Arvika är 345 km och Karl-Johan Gyllenstorm beräknade körtiden till cirka 257 minuter.,<url><loc>https://pendlings-app1.t-767929534-cloudflare.workers.dev/?fran=Storuman&amp;till=Arvika</loc><changefreq>monthly</changefreq></url>
Mark,Halmstad,458,309,Avståndet mellan Mark och Halmstad är 458 km och Karl-Johan Gyllenstorm beräknade körtiden till cirka 309 minuter.,<url><loc>https://pendlings-app1.t-767929534-cloudflare.workers.dev/?fran=Mark&amp;till=Halmstad</loc><changefreq>monthly</changefreq></url>
Orsa,Söderhamn,1448,1125,Avståndet mellan Orsa och Söderhamn är 1448 km och Karl-Johan Gyllenstorm beräknade körtiden till cirka 1125 minuter.,<url><loc>https://pendlings-app1.t-767929534-cloudflare.workers.dev/?fran=Orsa&amp;till=Söderhamn</loc><changefreq>monthly</changefreq></url>
Uppsala,Gävle,1127,732,Avståndet mellan Uppsala och Gävle är 1127 km och Karl-Johan Gyllenstorm beräknade körtiden till cirka 732 minuter.,<url><loc>https://pendlings-app1.t-767929534-cloudflare.workers.dev/?fran=Uppsala&amp;till=Gävle</loc><changefreq>monthly</changefreq></url>
Bjuv,Eda,1208,932,Avståndet mellan Bjuv och Eda är 1208 km och Karl-Johan Gyllenstorm beräknade körtiden till cirka 932 minuter.,<url><loc>https://pendlings-app1.t-767929534-cloudflare.workers.dev/?fran=Bjuv&amp;till=Eda</loc><changefreq>monthly</changefreq></url>
Norsjö,Skara,1134,739,Avståndet mellan Norsjö och Skara är 1134 km och Karl-Johan Gyllenstorm beräknade körtiden till cirka 739 minuter.,<url><loc>https://pendlings-app1.t-767929534-cloudflare.workers.dev/?fran=Norsjö&amp;till=Skara</loc><changefreq>monthly</changefreq></url>
Svedala,Bollebygd,1055,829,Avståndet mellan Svedala och Bollebygd är 1055 km och Karl-Johan Gyllenstorm beräknade körtiden till cirka 829 minuter.,<url><loc>https://pendlings-app1.t-767929534-cloudflare.workers.dev/?fran=Svedala&amp;till=Bollebygd</loc><changefreq>monthly</changefreq></url>
Vårgårda,Trollhättan,73,58,Avståndet mellan Vårgårda och Trollhättan är 73 km och Karl-Johan Gyllenstorm beräknade körtiden till cirka 58 minuter.,<url><loc>https://pendlings-app1.t-767929534-cloudflare.workers.dev/?fran=Vårgårda&amp;till=Trollhättan</loc><changefreq>monthly</changefreq></url>
Skövde,Rättvik,244,163,Avståndet mellan Skövde och Rättvik är 244 km och Karl-Johan Gyllenstorm beräknade körtiden till cirka 163 minuter.,<url><loc>https://pendlings-app1.t-767929534-cloudflare.workers.dev/?fran=Skövde&amp;till=Rättvik</loc><changefreq>monthly</changefreq></url>
Borlänge,Kils,1255,826,Avståndet mellan Borlänge och Kils är 1255 km och Karl-Johan Gyllenstorm beräknade körtiden till cirka 826 minuter.,<url><loc>https://pendlings-app1.t-767929534-cloudflare.workers.dev/?fran=Borlänge&amp;till=Kils</loc><changefreq>monthly</changefreq></url>
Fårösund,Lycksele,177,116,Avståndet mellan Fårösund och Lycksele är 177 km och Karl-Johan Gyllenstorm beräknade körtiden till cirka 116 minuter.,<url><loc>https://pendlings-app1.t-767929534-cloudflare.workers.dev/?fran=Fårösund&amp;till=Lycksele</loc><changefreq>monthly</changefreq></url>
Sorsele,Trollhättan,672,437,Avståndet mellan Sorsele och Trollhättan är 672 km och Karl-Johan Gyllenstorm beräknade körtiden till cirka 437 minuter.,<url><loc>https://pendlings-app1.t-767929534-cloudflare.workers.dev/?fran=Sorsele&amp;till=Trollhättan</loc><changefreq>monthly</changefreq></url>
Uddevalla,Mellerud,120,92,Avståndet mellan Uddevalla och Mellerud är 120 km och Karl-Johan Gyllenstorm beräknade körtiden till cirka 92 minuter.,<url><loc>https://pendlings-app1.t-767929534-cloudflare.workers.dev/?fran=Uddevalla&amp;till=Mellerud</loc><changefreq>monthly</changefreq></url>
Klippan,Hedemora,779,501,Avståndet mellan Klippan och Hedemora är 779 km och Karl-Johan Gyllenstorm beräknade körtiden till cirka 501 minuter.,<url><loc>https://pendlings-app1.t-767929534-cloudflare.workers.dev/?fran=Klippan&amp;till=Hedemora</loc><changefreq>monthly</changefreq></url>
Båstad,Uppsala,797,566,Avståndet mellan Båstad och Uppsala är 797 km och Karl-Johan Gyllenstorm beräknade körtiden till cirka 566 minuter.,<url><loc>https://pendlings-app1.t-767929534-cloudflare.workers.dev/?fran=Båstad&amp;till=Uppsala</loc><changefreq>monthly</changefreq></url>
Hultsfred,Havdhem,771,512,Avståndet mellan Hultsfred och Havdhem är 771 km och Karl-Johan Gyllenstorm beräknade körtiden till cirka 512 minuter.,<url><loc>https://pendlings-app1.t-767929534-cloudflare.workers.dev/?fran=Hultsfred&amp;till=Havdhem</loc><changefreq>monthly</changefreq></url>
Skövde,Sandviken,1151,729,Avståndet mellan Skövde och Sandviken är 1151 km och Karl-Johan Gyllenstorm beräknade körtiden till cirka 729 minuter.,<url><loc>https://pendlings-app1.t-767929534-cloudflare.workers.dev/?fran=Skövde&amp;till=Sandviken</loc><changefreq>monthly</changefreq></url>
Kävlinge,Hörby,620,448,Avståndet mellan Kävlinge och Hörby är 620 km och Karl-Johan Gyllenstorm beräknade körtiden till cirka 448 minuter.,<url><loc>https://pendlings-app1.t-767929534-cloudflare.workers.dev/?fran=Kävlinge&amp;till=Hörby</loc><changefreq>monthly</changefreq></url>
Åre,Sunne,526,396,Avståndet mellan Åre och Sunne är 526 km och Karl-Johan Gyllenstorm beräknade körtiden till cirka 396 minuter.,<url><loc>https://pendlings-app1.t-767929534-cloudflare.workers.dev/?fran=Åre&amp;till=Sunne</loc><changefreq>monthly</changefreq></url>
Pajala,Stockholm,1283,834,Avståndet mellan Pajala och Stockholm är 1283 km och Karl-Johan Gyllenstorm beräknade körtiden till cirka 834 minuter.,<url><loc>https://pendlings-app1.t-767929534-cloudflare.workers.dev/?fran=Pajala&amp;till=Stockholm</loc><changefreq>monthly</changefreq></url>
Hällefor,Älvkarleby,501,370,Avståndet mellan Hällefor och Älvkarleby är 501 km och Karl-Johan Gyllenstorm beräknade körtiden till cirka 370 minuter.,<url><loc>https://pendlings-app1.t-767929534-cloudflare.workers.dev/?fran=Hällefor&amp;till=Älvkarleby</loc><changefreq>monthly</changefreq></url>
Älvsbyn,Lärbro,210,164,Avståndet mellan Älvsbyn och Lärbro är 210 km och Karl-Johan Gyllenstorm beräknade körtiden till cirka 164 minuter.,<url><loc>https://pendlings-app1.t-767929534-cloudflare.workers.dev/?fran=Älvsbyn&amp;till=Lärbro</loc><changefreq>monthly</changefreq></url>
Bräcke,Sjöbo,692,551,Avståndet mellan Bräcke och Sjöbo är 692 km och Karl-Johan Gyllenstorm beräknade körtiden till cirka 551 minuter.,<url><loc>https://pendlings-app1.t-767929534-cloudflare.workers.dev/?fran=Bräcke&amp;till=Sjöbo</loc><changefreq>monthly</changefreq></url>
Trollhättan,Hyltebruk,267,173,Avståndet mellan Trollhättan och Hyltebruk är 267 km och Karl-Johan Gyllenstorm beräknade körtiden till cirka 173 minuter.,<url><loc>https://pendlings-app1.t-767929534-cloudflare.workers.dev/?fran=Trollhättan&amp;till=Hyltebruk</loc><changefreq>monthly</changefreq></url>
Tibro,Hudiksvall,590,380,Avståndet mellan Tibro och Hudiksvall är 590 km och Karl-Johan Gyllenstorm beräknade körtiden till cirka 380 minuter.,<url><loc>https://pendlings-app1.t-767929534-cloudflare.workers.dev/?fran=Tibro&amp;till=Hudiksvall</loc><changefreq>monthly</changefreq></url>
Ronneby,Härjedalen,886,663,Avståndet mellan Ronneby och Härjedalen är 886 km och Karl-Johan Gyllenstorm beräknade körtiden till cirka 663 minuter.,<url><loc>https://pendlings-app1.t-767929534-cloudflare.workers.dev/?fran=Ronneby&amp;till=Härjedalen</loc><changefreq>monthly</changefreq></url>
Åsele,Ängelholm,343,243,Avståndet mellan Åsele och Ängelholm är 343 km och Karl-Johan Gyllenstorm beräknade körtiden till cirka 243 minuter.,<url><loc>https://pendlings-app1.t-767929534-cloudflare.workers.dev/?fran=Åsele&amp;till=Ängelholm</loc><changefreq>monthly</changefreq></url>
Bjuv,Falun,1223,809,Avståndet mellan Bjuv och Falun är 1223 km och Karl-Johan Gyllenstorm beräknade körtiden till cirka 809 minuter.,<url><loc>https://pendlings-app1.t-767929534-cloudflare.workers.dev/?fran=Bjuv&amp;till=Falun</loc><changefreq>monthly</changefreq></url>
Burgsvik,Umeå,275,203,Avståndet mellan Burgsvik och Umeå är 275 km och Karl-Johan Gyllenstorm beräknade körtiden till cirka 203 minuter.,<url><loc>https://pendlings-app1.t-767929534-cloudflare.workers.dev/?fran=Burgsvik&amp;till=Umeå</loc><changefreq>monthly</changefreq></url>
Simrishamn,Lund,530,370,Avståndet mellan Simrishamn och Lund är 530 km och Karl-Johan Gyllenstorm beräknade körtiden till cirka 370 minuter.,<url><loc>https://pendlings-app1.t-767929534-cloudflare.workers.dev/?fran=Simrishamn&amp;till=Lund</loc><changefreq>monthly</changefreq></url>
Färgelanda,Mark,682,455,Avståndet mellan Färgelanda och Mark är 682 km och Karl-Johan Gyllenstorm beräknade körtiden till cirka 455 minuter.,<url><loc>https://pendlings-app1.t-767929534-cloudflare.workers.dev/?fran=Färgelanda&amp;till=Mark</loc><changefreq>monthly</changefreq></url>
Svedala,Åsele,252,195,Avståndet mellan Svedala och Åsele är 252 km och Karl-Johan Gyllenstorm beräknade körtiden till cirka 195 minuter.,<url><loc>https://pendlings-app1.t-767929534-cloudflare.workers.dev/?fran=Svedala&amp;till=Åsele</loc><changefreq>monthly</changefreq></url>
Hällefor,Piteå,181,117,Avståndet mellan Hällefor och Piteå är 181 km och Karl-Johan Gyllenstorm beräknade körtiden till cirka 117 minuter.,<url><loc>https://pendlings-app1.t-767929534-cloudflare.workers.dev/?fran=Hällefor&amp;till=Piteå</loc><changefreq>monthly</changefreq></url>
Söderhamn,Laholm,1034,760,Avståndet mellan Söderhamn och Laholm är 1034 km och Karl-Johan Gyllenstorm beräknade körtiden till cirka 760 minuter.,<url><loc>https://pendlings-app1.t-767929534-cloudflare.workers.dev/?fran=Söderhamn&amp;till=Laholm</loc><changefreq>monthly</changefreq></url>
Sölvesborg,Gävle,226,175,Avståndet mellan Sölvesborg och Gävle är 226 km och Karl-Johan Gyllenstorm beräknade körtiden till cirka 175 minuter.,<url><loc>https://pendlings-app1.t-767929534-cloudflare.workers.dev/?fran=Sölvesborg&amp;till=Gävle</loc><changefreq>monthly</changefreq></url>
Gnosjö,Perstorp,1237,900,Avståndet mellan Gnosjö och Perstorp är 1237 km och Karl-Johan Gyllenstorm beräknade körtiden till cirka 900 minuter.,<url><loc>https://pendlings-app1.t-767929534-cloudflare.workers.dev/?fran=Gnosjö&amp;till=Perstorp</loc><changefreq>monthly</changefreq></url>
Ludvika,Kristinehamn,1177,831,Avståndet mellan Ludvika och Kristinehamn är 1177 km och Karl-Johan Gyllenstorm beräknade körtiden till cirka 831 minuter.,<url><loc>https://pendlings-app1.t-767929534-cloudflare.workers.dev/?fran=Ludvika&amp;till=Kristinehamn</loc><changefreq>monthly</changefreq></url>
Munkedal,Malmö,226,166,Avståndet mellan Munkedal och Malmö är 226 km och Karl-Johan Gyllenstorm beräknade körtiden till cirka 166 minuter.,<url><loc>https://pendlings-app1.t-767929534-cloudflare.workers.dev/?fran=Munkedal&amp;till=Malmö</loc><changefreq>monthly</changefreq></url>
Grästorp,Fagersta,556,427,Avståndet mellan Grästorp och Fagersta är 556 km och Karl-Johan Gyllenstorm beräknade körtiden till cirka 427 minuter.,<url><loc>https://pendlings-app1.t-767929534-cloudflare.workers.dev/?fran=Grästorp&amp;till=Fagersta</loc><changefreq>monthly</changefreq></url>
Sjöbo,Arvika,1334,1054,Avståndet mellan Sjöbo och Arvika är 1334 km och Karl-Johan Gyllenstorm beräknade körtiden till cirka 1054 minuter.,<url><loc>https://pendlings-app1.t-767929534-cloudflare.workers.dev/?fran=Sjöbo&amp;till=Arvika</loc><changefreq>monthly</changefreq></url>
Vadstena,Håbo,1400,921,Avståndet mellan Vadstena och Håbo är 1400 km och Karl-Johan Gyllenstorm beräknade körtiden till cirka 921 minuter.,<url><loc>https://pendlings-app1.t-767929534-cloudflare.workers.dev/?fran=Vadstena&amp;till=Håbo</loc><changefreq>monthly</changefreq></url>
Skurup,Skellefteå,970,744,Avståndet mellan Skurup och Skellefteå är 970 km och Karl-Johan Gyllenstorm beräknade körtiden till cirka 744 minuter.,<url><loc>https://pendlings-app1.t-767929534-cloudflare.workers.dev/?fran=Skurup&amp;till=Skellefteå</loc><changefreq>monthly</changefreq></url>
Ragunda,Timrå,810,645,Avståndet mellan Ragunda och Timrå är 810 km och Karl-Johan Gyllenstorm beräknade körtiden till cirka 645 minuter.,<url><loc>https://pendlings-app1.t-767929534-cloudflare.workers.dev/?fran=Ragunda&amp;till=Timrå</loc><changefreq>monthly</changefreq></url>
Söderköping,Hjo,630,417,Avståndet mellan Söderköping och Hjo är 630 km och Karl-Johan Gyllenstorm beräknade körtiden till cirka 417 minuter.,<url><loc>https://pendlings-app1.t-767929534-cloudflare.workers.dev/?fran=Söderköping&amp;till=Hjo</loc><changefreq>monthly</changefreq></url>
Trollhättan,Vilhelmina,916,610,Avståndet mellan Trollhättan och Vilhelmina är 916 km och Karl-Johan Gyllenstorm beräknade körtiden till cirka 610 minuter.,<url><loc>https://pendlings-app1.t-767929534-cloudflare.workers.dev/?fran=Trollhättan&amp;till=Vilhelmina</loc><changefreq>monthly</changefreq></url>
Luleå,Kristianstad,782,519,Avståndet mellan Luleå och Kristianstad är 782 km och Karl-Johan Gyllenstorm beräknade körtiden till cirka 519 minuter.,<url><loc>https://pendlings-app1.t-767929534-cloudflare.workers.dev/?fran=Luleå&amp;till=Kristianstad</loc><changefreq>monthly</changefreq></url>
Sandviken,Karlskoga,890,590,Avståndet mellan Sandviken och Karlskoga är 890 km och Karl-Johan Gyllenstorm beräknade körtiden till cirka 590 minuter.,<url><loc>https://pendlings-app1.t-767929534-cloudflare.workers.dev/?fran=Sandviken&amp;till=Karlskoga</loc><changefreq>monthly</changefreq></url>
Nora,Ockelbo,984,759,Avståndet mellan Nora och Ockelbo är 984 km och Karl-Johan Gyllenstorm beräknade körtiden till cirka 759 minuter.,<url><loc>https://pendlings-app1.t-767929534-cloudflare.workers.dev/?fran=Nora&amp;till=Ockelbo</loc><changefreq>monthly</changefreq></url>
Linköping,Strängnäs,758,596,Avståndet mellan Linköping och Strängnäs är 758 km och Karl-Johan Gyllenstorm beräknade körtiden till cirka 596 minuter.,<url><loc>https://pendlings-app1.t-767929534-cloudflare.workers.dev/?fran=Linköping&amp;till=Strängnäs</loc><changefreq>monthly</changefreq></url>
Trollhättan,Orsa,233,185,Avståndet mellan Trollhättan och Orsa är 233 km och Karl-Johan Gyllenstorm beräknade körtiden till cirka 185 minuter.,<url><loc>https://pendlings-app1.t-767929534-cloudflare.workers.dev/?fran=Trollhättan&amp;till=Orsa</loc><changefreq>monthly</changefreq></url>
Sorsele,Tierp,441,347,Avståndet mellan Sorsele och Tierp är 441 km och Karl-Johan Gyllenstorm beräknade körtiden till cirka 347 minuter.,<url><loc>https://pendlings-app1.t-767929534-cloudflare.workers.dev/?fran=Sorsele&amp;till=Tierp</loc><changefreq>monthly</changefreq></url>
Munkedal,Mark,1049,747,Avståndet mellan Munkedal och Mark är 1049 km och Karl-Johan Gyllenstorm beräknade körtiden till cirka 747 minuter.,<url><loc>https://pendlings-app1.t-767929534-cloudflare.workers.dev/?fran=Munkedal&amp;till=Mark</loc><changefreq>monthly</changefreq></url>
Skurup,Övertorneå,765,555,Avståndet mellan Skurup och Övertorneå är 765 km och Karl-Johan Gyllenstorm beräknade körtiden till cirka 555 minuter.,<url><loc>https://pendlings-app1.t-767929534-cloudflare.workers.dev/?fran=Skurup&amp;till=Övertorneå</loc><changefreq>monthly</changefreq></url>
Oskarshamn,Malung,564,376,Avståndet mellan Oskarshamn och Malung är 564 km och Karl-Johan Gyllenstorm beräknade körtiden till cirka 376 minuter.,<url><loc>https://pendlings-app1.t-767929534-cloudflare.workers.dev/?fran=Oskarshamn&amp;till=Malung</loc><changefreq>monthly</changefreq></url>
Malmö,Håbo,1009,707,Avståndet mellan Malmö och Håbo är 1009 km och Karl-Johan Gyllenstorm beräknade körtiden till cirka 707 minuter.,<url><loc>https://pendlings-app1.t-767929534-cloudflare.workers.dev/?fran=Malmö&amp;till=Håbo</loc><changefreq>monthly</changefreq></url>
Båstad,Älvkarleby,1338,891,Avståndet mellan Båstad och Älvkarleby är 1338 km och Karl-Johan Gyllenstorm beräknade körtiden till cirka 891 minuter.,<url><loc>https://pendlings-app1.t-767929534-cloudflare.workers.dev/?fran=Båstad&amp;till=Älvkarleby</loc><changefreq>monthly</changefreq></url>
Habon,Falköping,1010,686,Avståndet mellan Habon och Falköping är 1010 km och Karl-Johan Gyllenstorm beräknade körtiden till cirka 686 minuter.,<url><loc>https://pendlings-app1.t-767929534-cloudflare.workers.dev/?fran=Habon&amp;till=Falköping</loc><changefreq>monthly</changefreq></url>
Lärbro,Vårgårda,150,113,Avståndet mellan Lärbro och Vårgårda är 150 km och Karl-Johan Gyllenstorm beräknade körtiden till cirka 113 minuter.,<url><loc>https://pendlings-app1.t-767929534-cloudflare.workers.dev/?fran=Lärbro&amp;till=Vårgårda</loc><changefreq>monthly</changefreq></url>
Mora,Västerås,1021,753,Avståndet mellan Mora och Västerås är 1021 km och Karl-Johan Gyllenstorm beräknade körtiden till cirka 753 minuter.,<url><loc>https://pendlings-app1.t-767929534-cloudflare.workers.dev/?fran=Mora&amp;till=Västerås</loc><changefreq>monthly</changefreq></url>
Hallstahammar,Trosa,492,345,Avståndet mellan Hallstahammar och Trosa är 492 km och Karl-Johan Gyllenstorm beräknade körtiden till cirka 345 minuter.,<url><loc>https://pendlings-app1.t-767929534-cloudflare.workers.dev/?fran=Hallstahammar&amp;till=Trosa</loc><changefreq>monthly</changefreq></url>
Mariestad,Munkfors,405,262,Avståndet mellan Mariestad och Munkfors är 405 km och Karl-Johan Gyllenstorm beräknade körtiden till cirka 262 minuter.,<url><loc>https://pendlings-app1.t-767929534-cloudflare.workers.dev/?fran=Mariestad&amp;till=Munkfors</loc><changefreq>monthly</changefreq></url>
Fagersta,Älvsbyn,632,415,Avståndet mellan Fagersta och Älvsbyn är 632 km och Karl-Johan Gyllenstorm beräknade körtiden till cirka 415 minuter.,<url><loc>https://pendlings-app1.t-767929534-cloudflare.workers.dev/?fran=Fagersta&amp;till=Älvsbyn</loc><changefreq>monthly</changefreq></url>
Gnestad,Enköping,642,453,Avståndet mellan Gnestad och Enköping är 642 km och Karl-Johan Gyllenstorm beräknade körtiden till cirka 453 minuter.,<url><loc>https://pendlings-app1.t-767929534-cloudflare.workers.dev/?fran=Gnestad&amp;till=Enköping</loc><changefreq>monthly</changefreq></url>
Filipstad,Övertorneå,689,464,Avståndet mellan Filipstad och Övertorneå är 689 km och Karl-Johan Gyllenstorm beräknade körtiden till cirka 464 minuter.,<url><loc>https://pendlings-app1.t-767929534-cloudflare.workers.dev/?fran=Filipstad&amp;till=Övertorneå</loc><changefreq>monthly</changefreq></url>
Leksand,Ragunda,1400,1068,Avståndet mellan Leksand och Ragunda är 1400 km och Karl-Johan Gyllenstorm beräknade körtiden till cirka 1068 minuter.,<url><loc>https://pendlings-app1.t-767929534-cloudflare.workers.dev/?fran=Leksand&amp;till=Ragunda</loc><changefreq>monthly</changefreq></url>
Håbo,Östhammar,127,97,Avståndet mellan Håbo och Östhammar är 127 km och Karl-Johan Gyllenstorm beräknade körtiden till cirka 97 minuter.,<url><loc>https://pendlings-app1.t-767929534-cloudflare.workers.dev/?fran=Håbo&amp;till=Östhammar</loc><changefreq>monthly</changefreq></url>
Åtvidaberg,Sveg,378,278,Avståndet mellan Åtvidaberg och Sveg är 378 km och Karl-Johan Gyllenstorm beräknade körtiden till cirka 278 minuter.,<url><loc>https://pendlings-app1.t-767929534-cloudflare.workers.dev/?fran=Åtvidaberg&amp;till=Sveg</loc><changefreq>monthly</changefreq></url>
Huddinge,Emmaboda,832,563,Avståndet mellan Huddinge och Emmaboda är 832 km och Karl-Johan Gyllenstorm beräknade körtiden till cirka 563 minuter.,<url><loc>https://pendlings-app1.t-767929534-cloudflare.workers.dev/?fran=Huddinge&amp;till=Emmaboda</loc><changefreq>monthly</changefreq></url>
Charlottenberg,Mullsjö,849,538,Avståndet mellan Charlottenberg och Mullsjö är 849 km och Karl-Johan Gyllenstorm beräknade körtiden till cirka 538 minuter.,<url><loc>https://pendlings-app1.t-767929534-cloudflare.workers.dev/?fran=Charlottenberg&amp;till=Mullsjö</loc><changefreq>monthly</changefreq></url>
Karlskoga,Kumla,948,723,Avståndet mellan Karlskoga och Kumla är 948 km och Karl-Johan Gyllenstorm beräknade körtiden till cirka 723 minuter.,<url><loc>https://pendlings-app1.t-767929534-cloudflare.workers.dev/?fran=Karlskoga&amp;till=Kumla</loc><changefreq>monthly</changefreq></url>
Tomelilla,Fagersta,1082,708,Avståndet mellan Tomelilla och Fagersta är 1082 km och Karl-Johan Gyllenstorm beräknade körtiden till cirka 708 minuter.,<url><loc>https://pendlings-app1.t-767929534-cloudflare.workers.dev/?fran=Tomelilla&amp;till=Fagersta</loc><changefreq>monthly</changefreq></url>
Ludvika,Ulricehamn,118,84,Avståndet mellan Ludvika och Ulricehamn är 118 km och Karl-Johan Gyllenstorm beräknade körtiden till cirka 84 minuter.,<url><loc>https://pendlings-app1.t-767929534-cloudflare.workers.dev/?fran=Ludvika&amp;till=Ulricehamn</loc><changefreq>monthly</changefreq></url>
Högsby,Jokkmokk,902,676,Avståndet mellan Högsby och Jokkmokk är 902 km och Karl-Johan Gyllenstorm beräknade körtiden till cirka 676 minuter.,<url><loc>https://pendlings-app1.t-767929534-cloudflare.workers.dev/?fran=Högsby&amp;till=Jokkmokk</loc><changefreq>monthly</changefreq></url>
Vetlanda,Hässleholm,46,33,Avståndet mellan Vetlanda och Hässleholm är 46 km och Karl-Johan Gyllenstorm beräknade körtiden till cirka 33 minuter.,<url><loc>https://pendlings-app1.t-767929534-cloudflare.workers.dev/?fran=Vetlanda&amp;till=Hässleholm</loc><changefreq>monthly</changefreq></url>
Skurup,Nybro,797,539,Avståndet mellan Skurup och Nybro är 797 km och Karl-Johan Gyllenstorm beräknade körtiden till cirka 539 minuter.,<url><loc>https://pendlings-app1.t-767929534-cloudflare.workers.dev/?fran=Skurup&amp;till=Nybro</loc><changefreq>monthly</changefreq></url>
Götene,Ragunda,319,226,Avståndet mellan Götene och Ragunda är 319 km och Karl-Johan Gyllenstorm beräknade körtiden till cirka 226 minuter.,<url><loc>https://pendlings-app1.t-767929534-cloudflare.workers.dev/?fran=Götene&amp;till=Ragunda</loc><changefreq>monthly</changefreq></url>
Vårgårda,Bengtsfors,163,106,Avståndet mellan Vårgårda och Bengtsfors är 163 km och Karl-Johan Gyllenstorm beräknade körtiden till cirka 106 minuter.,<url><loc>https://pendlings-app1.t-767929534-cloudflare.workers.dev/?fran=Vårgårda&amp;till=Bengtsfors</loc><changefreq>monthly</changefreq></url>
Härnösand,Höganäs,447,286,Avståndet mellan Härnösand och Höganäs är 447 km och Karl-Johan Gyllenstorm beräknade körtiden till cirka 286 minuter.,<url><loc>https://pendlings-app1.t-767929534-cloudflare.workers.dev/?fran=Härnösand&amp;till=Höganäs</loc><changefreq>monthly</changefreq></url>
Skara,Ånge,451,302,Avståndet mellan Skara och Ånge är 451 km och Karl-Johan Gyllenstorm beräknade körtiden till cirka 302 minuter.,<url><loc>https://pendlings-app1.t-767929534-cloudflare.workers.dev/?fran=Skara&amp;till=Ånge</loc><changefreq>monthly</changefreq></url>
Hagfors,Fårösund,846,601,Avståndet mellan Hagfors och Fårösund är 846 km och Karl-Johan Gyllenstorm beräknade körtiden till cirka 601 minuter.,<url><loc>https://pendlings-app1.t-767929534-cloudflare.workers.dev/?fran=Hagfors&amp;till=Fårösund</loc><changefreq>monthly</changefreq></url>
Helsingborg,Kalix,1441,1112,Avståndet mellan Helsingborg och Kalix är 1441 km och Karl-Johan Gyllenstorm beräknade körtiden till cirka 1112 minuter.,<url><loc>https://pendlings-app1.t-767929534-cloudflare.workers.dev/?fran=Helsingborg&amp;till=Kalix</loc><changefreq>monthly</changefreq></url>
Växjö,Mark,1261,976,Avståndet mellan Växjö och Mark är 1261 km och Karl-Johan Gyllenstorm beräknade körtiden till cirka 976 minuter.,<url><loc>https://pendlings-app1.t-767929534-cloudflare.workers.dev/?fran=Växjö&amp;till=Mark</loc><changefreq>monthly</changefreq></url>
Vadstena,Hällefor,1108,795,Avståndet mellan Vadstena och Hällefor är 1108 km och Karl-Johan Gyllenstorm beräknade körtiden till cirka 795 minuter.,<url><loc>https://pendlings-app1.t-767929534-cloudflare.workers.dev/?fran=Vadstena&amp;till=Hällefor</loc><changefreq>monthly</changefreq></url>
Strängnäs,Vårgårda,1057,691,Avståndet mellan Strängnäs och Vårgårda är 1057 km och Karl-Johan Gyllenstorm beräknade körtiden till cirka 691 minuter.,<url><loc>https://pendlings-app1.t-767929534-cloudflare.workers.dev/?fran=Strängnäs&amp;till=Vårgårda</loc><changefreq>monthly</changefreq></url>
Tibro,Arboga,1268,1000,Avståndet mellan Tibro och Arboga är 1268 km och Karl-Johan Gyllenstorm beräknade körtiden till cirka 1000 minuter.,<url><loc>https://pendlings-app1.t-767929534-cloudflare.workers.dev/?fran=Tibro&amp;till=Arboga</loc><changefreq>monthly</changefreq></url>
Eskilstuna,Bräcke,1400,945,Avståndet mellan Eskilstuna och Bräcke är 1400 km och Karl-Johan Gyllenstorm beräknade körtiden till cirka 945 minuter.,<url><loc>https://pendlings-app1.t-767929534-cloudflare.workers.dev/?fran=Eskilstuna&amp;till=Bräcke</loc><changefreq>monthly</changefreq></url>
Kils,Svedala,564,397,Avståndet mellan Kils och Svedala är 564 km och Karl-Johan Gyllenstorm beräknade körtiden till cirka 397 minuter.,<url><loc>https://pendlings-app1.t-767929534-cloudflare.workers.dev/?fran=Kils&amp;till=Svedala</loc><changefreq>monthly</changefreq></url>
Vingåker,Grythyttan,1096,693,Avståndet mellan Vingåker och Grythyttan är 1096 km och Karl-Johan Gyllenstorm beräknade körtiden till cirka 693 minuter.,<url><loc>https://pendlings-app1.t-767929534-cloudflare.workers.dev/?fran=Vingåker&amp;till=Grythyttan</loc><changefreq>monthly</changefreq></url>
Täby,Gislaved,1236,837,Avståndet mellan Täby och Gislaved är 1236 km och Karl-Johan Gyllenstorm beräknade körtiden till cirka 837 minuter.,<url><loc>https://pendlings-app1.t-767929534-cloudflare.workers.dev/?fran=Täby&amp;till=Gislaved</loc><changefreq>monthly</changefreq></url>
Göteborg,Borås,386,304,Avståndet mellan Göteborg och Borås är 386 km och Karl-Johan Gyllenstorm beräknade körtiden till cirka 304 minuter.,<url><loc>https://pendlings-app1.t-767929534-cloudflare.workers.dev/?fran=Göteborg&amp;till=Borås</loc><changefreq>monthly</changefreq></url>
Skellefteå,Emmaboda,710,470,Avståndet mellan Skellefteå och Emmaboda är 710 km och Karl-Johan Gyllenstorm beräknade körtiden till cirka 470 minuter.,<url><loc>https://pendlings-app1.t-767929534-cloudflare.workers.dev/?fran=Skellefteå&amp;till=Emmaboda</loc><changefreq>monthly</changefreq></url>
Tierp,Kalix,506,379,Avståndet mellan Tierp och Kalix är 506 km och Karl-Johan Gyllenstorm beräknade körtiden till cirka 379 minuter.,<url><loc>https://pendlings-app1.t-767929534-cloudflare.workers.dev/?fran=Tierp&amp;till=Kalix</loc><changefreq>monthly</changefreq></url>
Tranemo,Boxholm,735,486,Avståndet mellan Tranemo och Boxholm är 735 km och Karl-Johan Gyllenstorm beräknade körtiden till cirka 486 minuter.,<url><loc>https://pendlings-app1.t-767929534-cloudflare.workers.dev/?fran=Tranemo&amp;till=Boxholm</loc><changefreq>monthly</changefreq></url>
Strömstad,Avesta,1432,1005,Avståndet mellan Strömstad och Avesta är 1432 km och Karl-Johan Gyllenstorm beräknade körtiden till cirka 1005 minuter.,<url><loc>https://pendlings-app1.t-767929534-cloudflare.workers.dev/?fran=Strömstad&amp;till=Avesta</loc><changefreq>monthly</changefreq></url>
Tranås,Sorsele,1261,837,Avståndet mellan Tranås och Sorsele är 1261 km och Karl-Johan Gyllenstorm beräknade körtiden till cirka 837 minuter.,<url><loc>https://pendlings-app1.t-767929534-cloudflare.workers.dev/?fran=Tranås&amp;till=Sorsele</loc><changefreq>monthly</changefreq></url>
Eskilstuna,Ängelholm,996,756,Avståndet mellan Eskilstuna och Ängelholm är 996 km och Karl-Johan Gyllenstorm beräknade körtiden till cirka 756 minuter.,<url><loc>https://pendlings-app1.t-767929534-cloudflare.workers.dev/?fran=Eskilstuna&amp;till=Ängelholm</loc><changefreq>monthly</changefreq></url>
Sotenäs,Degerfors,881,588,Avståndet mellan Sotenäs och Degerfors är 881 km och Karl-Johan Gyllenstorm beräknade körtiden till cirka 588 minuter.,<url><loc>https://pendlings-app1.t-767929534-cloudflare.workers.dev/?fran=Sotenäs&amp;till=Degerfors</loc><changefreq>monthly</changefreq></url>
Simrishamn,Vellinge,695,480,Avståndet mellan Simrishamn och Vellinge är 695 km och Karl-Johan Gyllenstorm beräknade körtiden till cirka 480 minuter.,<url><loc>https://pendlings-app1.t-767929534-cloudflare.workers.dev/?fran=Simrishamn&amp;till=Vellinge</loc><changefreq>monthly</changefreq></url>
Örebro,Skövde,945,678,Avståndet mellan Örebro och Skövde är 945 km och Karl-Johan Gyllenstorm beräknade körtiden till cirka 678 minuter.,<url><loc>https://pendlings-app1.t-767929534-cloudflare.workers.dev/?fran=Örebro&amp;till=Skövde</loc><changefreq>monthly</changefreq></url>
Strömsund,Åsele,552,366,Avståndet mellan Strömsund och Åsele är 552 km och Karl-Johan Gyllenstorm beräknade körtiden till cirka 366 minuter.,<url><loc>https://pendlings-app1.t-767929534-cloudflare.workers.dev/?fran=Strömsund&amp;till=Åsele</loc><changefreq>monthly</changefreq></url>
Gällivare,Sorsele,668,508,Avståndet mellan Gällivare och Sorsele är 668 km och Karl-Johan Gyllenstorm beräknade körtiden till cirka 508 minuter.,<url><loc>https://pendlings-app1.t-767929534-cloudflare.workers.dev/?fran=Gällivare&amp;till=Sorsele</loc><changefreq>monthly</changefreq></url>
Östhammar,Slite,1368,914,Avståndet mellan Östhammar och Slite är 1368 km och Karl-Johan Gyllenstorm beräknade körtiden till cirka 914 minuter.,<url><loc>https://pendlings-app1.t-767929534-cloudflare.workers.dev/?fran=Östhammar&amp;till=Slite</loc><changefreq>monthly</changefreq></url>
Skövde,Lidköping,867,619,Avståndet mellan Skövde och Lidköping är 867 km och Karl-Johan Gyllenstorm beräknade körtiden till cirka 619 minuter.,<url><loc>https://pendlings-app1.t-767929534-cloudflare.workers.dev/?fran=Skövde&amp;till=Lidköping</loc><changefreq>monthly</changefreq></url>
Halmstad,Karlsborg,995,702,Avståndet mellan Halmstad och Karlsborg är 995 km och Karl-Johan Gyllenstorm beräknade körtiden till cirka 702 minuter.,<url><loc>https://pendlings-app1.t-767929534-cloudflare.workers.dev/?fran=Halmstad&amp;till=Karlsborg</loc><changefreq>monthly</changefreq></url>
Skövde,Sävsjö,973,687,Avståndet mellan Skövde och Sävsjö är 973 km och Karl-Johan Gyllenstorm beräknade körtiden till cirka 687 minuter.,<url><loc>https://pendlings-app1.t-767929534-cloudflare.workers.dev/?fran=Skövde&amp;till=Sävsjö</loc><changefreq>monthly</changefreq></url>
Åmål,Borås,719,527,Avståndet mellan Åmål och Borås är 719 km och Karl-Johan Gyllenstorm beräknade körtiden till cirka 527 minuter.,<url><loc>https://pendlings-app1.t-767929534-cloudflare.workers.dev/?fran=Åmål&amp;till=Borås</loc><changefreq>monthly</changefreq></url>
Örkelljunga,Karlstad,350,251,Avståndet mellan Örkelljunga och Karlstad är 350 km och Karl-Johan Gyllenstorm beräknade körtiden till cirka 251 minuter.,<url><loc>https://pendlings-app1.t-767929534-cloudflare.workers.dev/?fran=Örkelljunga&amp;till=Karlstad</loc><changefreq>monthly</changefreq></url>
Uppsala,Vårgårda,182,126,Avståndet mellan Uppsala och Vårgårda är 182 km och Karl-Johan Gyllenstorm beräknade körtiden till cirka 126 minuter.,<url><loc>https://pendlings-app1.t-767929534-cloudflare.workers.dev/?fran=Uppsala&amp;till=Vårgårda</loc><changefreq>monthly</changefreq></url>
Höganäs,Värnamo,81,61,Avståndet mellan Höganäs och Värnamo är 81 km och Karl-Johan Gyllenstorm beräknade körtiden till cirka 61 minuter.,<url><loc>https://pendlings-app1.t-767929534-cloudflare.workers.dev/?fran=Höganäs&amp;till=Värnamo</loc><changefreq>monthly</changefreq></url>
Hemse,Strömsund,1104,826,Avståndet mellan Hemse och Strömsund är 1104 km och Karl-Johan Gyllenstorm beräknade körtiden till cirka 826 minuter.,<url><loc>https://pendlings-app1.t-767929534-cloudflare.workers.dev/?fran=Hemse&amp;till=Strömsund</loc><changefreq>monthly</changefreq></url>
Mellerud,Högsby,395,280,Avståndet mellan Mellerud och Högsby är 395 km och Karl-Johan Gyllenstorm beräknade körtiden till cirka 280 minuter.,<url><loc>https://pendlings-app1.t-767929534-cloudflare.workers.dev/?fran=Mellerud&amp;till=Högsby</loc><changefreq>monthly</changefreq></url>
Vilhelmina,Tofta,849,566,Avståndet mellan Vilhelmina och Tofta är 849 km och Karl-Johan Gyllenstorm beräknade körtiden till cirka 566 minuter.,<url><loc>https://pendlings-app1.t-767929534-cloudflare.workers.dev/?fran=Vilhelmina&amp;till=Tofta</loc><changefreq>monthly</changefreq></url>
Vibble,Tomelilla,291,208,Avståndet mellan Vibble och Tomelilla är 291 km och Karl-Johan Gyllenstorm beräknade körtiden till cirka 208 minuter.,<url><loc>https://pendlings-app1.t-767929534-cloudflare.workers.dev/?fran=Vibble&amp;till=Tomelilla</loc><changefreq>monthly</changefreq></url>
Hjo,Kävlinge,447,341,Avståndet mellan Hjo och Kävlinge är 447 km och Karl-Johan Gyllenstorm beräknade körtiden till cirka 341 minuter.,<url><loc>https://pendlings-app1.t-767929534-cloudflare.workers.dev/?fran=Hjo&amp;till=Kävlinge</loc><changefreq>monthly</changefreq></url>
Örkelljunga,Bromölla,385,294,Avståndet mellan Örkelljunga och Bromölla är 385 km och Karl-Johan Gyllenstorm beräknade körtiden till cirka 294 minuter.,<url><loc>https://pendlings-app1.t-767929534-cloudflare.workers.dev/?fran=Örkelljunga&amp;till=Bromölla</loc><changefreq>monthly</changefreq></url>
Tofta,Stånga,1342,1033,Avståndet mellan Tofta och Stånga är 1342 km och Karl-Johan Gyllenstorm beräknade körtiden till cirka 1033 minuter.,<url><loc>https://pendlings-app1.t-767929534-cloudflare.workers.dev/?fran=Tofta&amp;till=Stånga</loc><changefreq>monthly</changefreq></url>
Överkalix,Umeå,236,184,Avståndet mellan Överkalix och Umeå är 236 km och Karl-Johan Gyllenstorm beräknade körtiden till cirka 184 minuter.,<url><loc>https://pendlings-app1.t-767929534-cloudflare.workers.dev/?fran=Överkalix&amp;till=Umeå</loc><changefreq>monthly</changefreq></url>
Töreboda,Essunga,178,116,Avståndet mellan Töreboda och Essunga är 178 km och Karl-Johan Gyllenstorm beräknade körtiden till cirka 116 minuter.,<url><loc>https://pendlings-app1.t-767929534-cloudflare.workers.dev/?fran=Töreboda&amp;till=Essunga</loc><changefreq>monthly</changefreq></url>
Mullsjö,Katrineholm,784,534,Avståndet mellan Mullsjö och Katrineholm är 784 km och Karl-Johan Gyllenstorm beräknade körtiden till cirka 534 minuter.,<url><loc>https://pendlings-app1.t-767929534-cloudflare.workers.dev/?fran=Mullsjö&amp;till=Katrineholm</loc><changefreq>monthly</changefreq></url>
Timrå,Degerfors,1028,739,Avståndet mellan Timrå och Degerfors är 1028 km och Karl-Johan Gyllenstorm beräknade körtiden till cirka 739 minuter.,<url><loc>https://pendlings-app1.t-767929534-cloudflare.workers.dev/?fran=Timrå&amp;till=Degerfors</loc><changefreq>monthly</changefreq></url>
Haparanda,Åsele,272,173,Avståndet mellan Haparanda och Åsele är 272 km och Karl-Johan Gyllenstorm beräknade körtiden till cirka 173 minuter.,<url><loc>https://pendlings-app1.t-767929534-cloudflare.workers.dev/?fran=Haparanda&amp;till=Åsele</loc><changefreq>monthly</changefreq></url>
Strömstad,Tomelilla,243,175,Avståndet mellan Strömstad och Tomelilla är 243 km och Karl-Johan Gyllenstorm beräknade körtiden till cirka 175 minuter.,<url><loc>https://pendlings-app1.t-767929534-cloudflare.workers.dev/?fran=Strömstad&amp;till=Tomelilla</loc><changefreq>monthly</changefreq></url>
Fagersta,Söderköping,142,94,Avståndet mellan Fagersta och Söderköping är 142 km och Karl-Johan Gyllenstorm beräknade körtiden till cirka 94 minuter.,<url><loc>https://pendlings-app1.t-767929534-cloudflare.workers.dev/?fran=Fagersta&amp;till=Söderköping</loc><changefreq>monthly</changefreq></url>
Pajala,Tierp,347,238,Avståndet mellan Pajala och Tierp är 347 km och Karl-Johan Gyllenstorm beräknade körtiden till cirka 238 minuter.,<url><loc>https://pendlings-app1.t-767929534-cloudflare.workers.dev/?fran=Pajala&amp;till=Tierp</loc><changefreq>monthly</changefreq></url>
Trosa,Smedjebacken,1137,828,Avståndet mellan Trosa och Smedjebacken är 1137 km och Karl-Johan Gyllenstorm beräknade körtiden till cirka 828 minuter.,<url><loc>https://pendlings-app1.t-767929534-cloudflare.workers.dev/?fran=Trosa&amp;till=Smedjebacken</loc><changefreq>monthly</changefreq></url>
Tanum,Avesta,616,460,Avståndet mellan Tanum och Avesta är 616 km och Karl-Johan Gyllenstorm beräknade körtiden till cirka 460 minuter.,<url><loc>https://pendlings-app1.t-767929534-cloudflare.workers.dev/?fran=Tanum&amp;till=Avesta</loc><changefreq>monthly</changefreq></url>
Mullsjö,Leksand,1156,835,Avståndet mellan Mullsjö och Leksand är 1156 km och Karl-Johan Gyllenstorm beräknade körtiden till cirka 835 minuter.,<url><loc>https://pendlings-app1.t-767929534-cloudflare.workers.dev/?fran=Mullsjö&amp;till=Leksand</loc><changefreq>monthly</changefreq></url>
Åre,Visby,1158,872,Avståndet mellan Åre och Visby är 1158 km och Karl-Johan Gyllenstorm beräknade körtiden till cirka 872 minuter.,<url><loc>https://pendlings-app1.t-767929534-cloudflare.workers.dev/?fran=Åre&amp;till=Visby</loc><changefreq>monthly</changefreq></url>
Bollebygd,Norrköping,792,605,Avståndet mellan Bollebygd och Norrköping är 792 km och Karl-Johan Gyllenstorm beräknade körtiden till cirka 605 minuter.,<url><loc>https://pendlings-app1.t-767929534-cloudflare.workers.dev/?fran=Bollebygd&amp;till=Norrköping</loc><changefreq>monthly</changefreq></url>
Höör,Grythyttan,237,155,Avståndet mellan Höör och Grythyttan är 237 km och Karl-Johan Gyllenstorm beräknade körtiden till cirka 155 minuter.,<url><loc>https://pendlings-app1.t-767929534-cloudflare.workers.dev/?fran=Höör&amp;till=Grythyttan</loc><changefreq>monthly</changefreq></url>
Sollefteå,Täby,1209,965,Avståndet mellan Sollefteå och Täby är 1209 km och Karl-Johan Gyllenstorm beräknade körtiden till cirka 965 minuter.,<url><loc>https://pendlings-app1.t-767929534-cloudflare.workers.dev/?fran=Sollefteå&amp;till=Täby</loc><changefreq>monthly</changefreq></url>
Linköping,Höör,1222,796,Avståndet mellan Linköping och Höör är 1222 km och Karl-Johan Gyllenstorm beräknade körtiden till cirka 796 minuter.,<url><loc>https://pendlings-app1.t-767929534-cloudflare.workers.dev/?fran=Linköping&amp;till=Höör</loc><changefreq>monthly</changefreq></url>
Östra Göinge,Grums,391,298,Avståndet mellan Östra Göinge och Grums är 391 km och Karl-Johan Gyllenstorm beräknade körtiden till cirka 298 minuter.,<url><loc>https://pendlings-app1.t-767929534-cloudflare.workers.dev/?fran=Östra Göinge&amp;till=Grums</loc><changefreq>monthly</changefreq></url>
Eksjö,Eskilstuna,394,263,Avståndet mellan Eksjö och Eskilstuna är 394 km och Karl-Johan Gyllenstorm beräknade körtiden till cirka 263 minuter.,<url><loc>https://pendlings-app1.t-767929534-cloudflare.workers.dev/?fran=Eksjö&amp;till=Eskilstuna</loc><changefreq>monthly</changefreq></url>
Götene,Kumla,1189,785,Avståndet mellan Götene och Kumla är 1189 km och Karl-Johan Gyllenstorm beräknade körtiden till cirka 785 minuter.,<url><loc>https://pendlings-app1.t-767929534-cloudflare.workers.dev/?fran=Götene&amp;till=Kumla</loc><changefreq>monthly</changefreq></url>
Hallstahammar,Mellerud,53,41,Avståndet mellan Hallstahammar och Mellerud är 53 km och Karl-Johan Gyllenstorm beräknade körtiden till cirka 41 minuter.,<url><loc>https://pendlings-app1.t-767929534-cloudflare.workers.dev/?fran=Hallstahammar&amp;till=Mellerud</loc><changefreq>monthly</changefreq></url>
Ljusnarsberg,Nybro,570,435,Avståndet mellan Ljusnarsberg och Nybro är 570 km och Karl-Johan Gyllenstorm beräknade körtiden till cirka 435 minuter.,<url><loc>https://pendlings-app1.t-767929534-cloudflare.workers.dev/?fran=Ljusnarsberg&amp;till=Nybro</loc><changefreq>monthly</changefreq></url>
Götene,Malung,839,626,Avståndet mellan Götene och Malung är 839 km och Karl-Johan Gyllenstorm beräknade körtiden till cirka 626 minuter.,<url><loc>https://pendlings-app1.t-767929534-cloudflare.workers.dev/?fran=Götene&amp;till=Malung</loc><changefreq>monthly</changefreq></url>
Mjölby,Örnsköldsvik,183,144,Avståndet mellan Mjölby och Örnsköldsvik är 183 km och Karl-Johan Gyllenstorm beräknade körtiden till cirka 144 minuter.,<url><loc>https://pendlings-app1.t-767929534-cloudflare.workers.dev/?fran=Mjölby&amp;till=Örnsköldsvik</loc><changefreq>monthly</changefreq></url>
Hjo,Ronneby,1143,908,Avståndet mellan Hjo och Ronneby är 1143 km och Karl-Johan Gyllenstorm beräknade körtiden till cirka 908 minuter.,<url><loc>https://pendlings-app1.t-767929534-cloudflare.workers.dev/?fran=Hjo&amp;till=Ronneby</loc><changefreq>monthly</changefreq></url>
Oxelösund,Gällivare,171,122,Avståndet mellan Oxelösund och Gällivare är 171 km och Karl-Johan Gyllenstorm beräknade körtiden till cirka 122 minuter.,<url><loc>https://pendlings-app1.t-767929534-cloudflare.workers.dev/?fran=Oxelösund&amp;till=Gällivare</loc><changefreq>monthly</changefreq></url>
Piteå,Sölvesborg,64,41,Avståndet mellan Piteå och Sölvesborg är 64 km och Karl-Johan Gyllenstorm beräknade körtiden till cirka 41 minuter.,<url><loc>https://pendlings-app1.t-767929534-cloudflare.workers.dev/?fran=Piteå&amp;till=Sölvesborg</loc><changefreq>monthly</changefreq></url>
Kungsör,Boden,189,137,Avståndet mellan Kungsör och Boden är 189 km och Karl-Johan Gyllenstorm beräknade körtiden till cirka 137 minuter.,<url><loc>https://pendlings-app1.t-767929534-cloudflare.workers.dev/?fran=Kungsör&amp;till=Boden</loc><changefreq>monthly</changefreq></url>
Härnösand,Mariestad,422,302,Avståndet mellan Härnösand och Mariestad är 422 km och Karl-Johan Gyllenstorm beräknade körtiden till cirka 302 minuter.,<url><loc>https://pendlings-app1.t-767929534-cloudflare.workers.dev/?fran=Härnösand&amp;till=Mariestad</loc><changefreq>monthly</changefreq></url>
Strömsund,Jönköping,105,68,Avståndet mellan Strömsund och Jönköping är 105 km och Karl-Johan Gyllenstorm beräknade körtiden till cirka 68 minuter.,<url><loc>https://pendlings-app1.t-767929534-cloudflare.workers.dev/?fran=Strömsund&amp;till=Jönköping</loc><changefreq>monthly</changefreq></url>
Östhammar,Skellefteå,1428,1139,Avståndet mellan Östhammar och Skellefteå är 1428 km och Karl-Johan Gyllenstorm beräknade körtiden till cirka 1139 minuter.,<url><loc>https://pendlings-app1.t-767929534-cloudflare.workers.dev/?fran=Östhammar&amp;till=Skellefteå</loc><changefreq>monthly</changefreq></url>
Kristinehamn,Timrå,92,68,Avståndet mellan Kristinehamn och Timrå är 92 km och Karl-Johan Gyllenstorm beräknade körtiden till cirka 68 minuter.,<url><loc>https://pendlings-app1.t-767929534-cloudflare.workers.dev/?fran=Kristinehamn&amp;till=Timrå</loc><changefreq>monthly</changefreq></url>
Munkfors,Roma,431,327,Avståndet mellan Munkfors och Roma är 431 km och Karl-Johan Gyllenstorm beräknade körtiden till cirka 327 minuter.,<url><loc>https://pendlings-app1.t-767929534-cloudflare.workers.dev/?fran=Munkfors&amp;till=Roma</loc><changefreq>monthly</changefreq></url>
Söderköping,Gagnef,871,570,Avståndet mellan Söderköping och Gagnef är 871 km och Karl-Johan Gyllenstorm beräknade körtiden till cirka 570 minuter.,<url><loc>https://pendlings-app1.t-767929534-cloudflare.workers.dev/?fran=Söderköping&amp;till=Gagnef</loc><changefreq>monthly</changefreq></url>
Bengtsfors,Laxå,400,300,Avståndet mellan Bengtsfors och Laxå är 400 km och Karl-Johan Gyllenstorm beräknade körtiden till cirka 300 minuter.,<url><loc>https://pendlings-app1.t-767929534-cloudflare.workers.dev/?fran=Bengtsfors&amp;till=Laxå</loc><changefreq>monthly</changefreq></url>
Örkelljunga,Kalix,597,434,Avståndet mellan Örkelljunga och Kalix är 597 km och Karl-Johan Gyllenstorm beräknade körtiden till cirka 434 minuter.,<url><loc>https://pendlings-app1.t-767929534-cloudflare.workers.dev/?fran=Örkelljunga&amp;till=Kalix</loc><changefreq>monthly</changefreq></url>
Ystad,Kopparberg,483,315,Avståndet mellan Ystad och Kopparberg är 483 km och Karl-Johan Gyllenstorm beräknade körtiden till cirka 315 minuter.,<url><loc>https://pendlings-app1.t-767929534-cloudflare.workers.dev/?fran=Ystad&amp;till=Kopparberg</loc><changefreq>monthly</changefreq></url>
Bjuv,Storuman,927,711,Avståndet mellan Bjuv och Storuman är 927 km och Karl-Johan Gyllenstorm beräknade körtiden till cirka 711 minuter.,<url><loc>https://pendlings-app1.t-767929534-cloudflare.workers.dev/?fran=Bjuv&amp;till=Storuman</loc><changefreq>monthly</changefreq></url>
Habon,Tingstäde,595,394,Avståndet mellan Habon och Tingstäde är 595 km och Karl-Johan Gyllenstorm beräknade körtiden till cirka 394 minuter.,<url><loc>https://pendlings-app1.t-767929534-cloudflare.workers.dev/?fran=Habon&amp;till=Tingstäde</loc><changefreq>monthly</changefreq></url>
Töreboda,Härjedalen,912,579,Avståndet mellan Töreboda och Härjedalen är 912 km och Karl-Johan Gyllenstorm beräknade körtiden till cirka 579 minuter.,<url><loc>https://pendlings-app1.t-767929534-cloudflare.workers.dev/?fran=Töreboda&amp;till=Härjedalen</loc><changefreq>monthly</changefreq></url>
Helsingborg,Vansbro,1162,928,Avståndet mellan Helsingborg och Vansbro är 1162 km och Karl-Johan Gyllenstorm beräknade körtiden till cirka 928 minuter.,<url><loc>https://pendlings-app1.t-767929534-cloudflare.workers.dev/?fran=Helsingborg&amp;till=Vansbro</loc><changefreq>monthly</changefreq></url>
Tingstäde,Slite,480,306,Avståndet mellan Tingstäde och Slite är 480 km och Karl-Johan Gyllenstorm beräknade körtiden till cirka 306 minuter.,<url><loc>https://pendlings-app1.t-767929534-cloudflare.workers.dev/?fran=Tingstäde&amp;till=Slite</loc><changefreq>monthly</changefreq></url>
Krokom,Karlstad,91,61,Avståndet mellan Krokom och Karlstad är 91 km och Karl-Johan Gyllenstorm beräknade körtiden till cirka 61 minuter.,<url><loc>https://pendlings-app1.t-767929534-cloudflare.workers.dev/?fran=Krokom&amp;till=Karlstad</loc><changefreq>monthly</changefreq></url>
Örkelljunga,Sjöbo,690,516,Avståndet mellan Örkelljunga och Sjöbo är 690 km och Karl-Johan Gyllenstorm beräknade körtiden till cirka 516 minuter.,<url><loc>https://pendlings-app1.t-767929534-cloudflare.workers.dev/?fran=Örkelljunga&amp;till=Sjöbo</loc><changefreq>monthly</changefreq></url>
Åre,Trosa,345,223,Avståndet mellan Åre och Trosa är 345 km och Karl-Johan Gyllenstorm beräknade körtiden till cirka 223 minuter.,<url><loc>https://pendlings-app1.t-767929534-cloudflare.workers.dev/?fran=Åre&amp;till=Trosa</loc><changefreq>monthly</changefreq></url>
Sälen,Lomma,1286,861,Avståndet mellan Sälen och Lomma är 1286 km och Karl-Johan Gyllenstorm beräknade körtiden till cirka 861 minuter.,<url><loc>https://pendlings-app1.t-767929534-cloudflare.workers.dev/?fran=Sälen&amp;till=Lomma</loc><changefreq>monthly</changefreq></url>
Hörby,Burgsvik,1151,847,Avståndet mellan Hörby och Burgsvik är 1151 km och Karl-Johan Gyllenstorm beräknade körtiden till cirka 847 minuter.,<url><loc>https://pendlings-app1.t-767929534-cloudflare.workers.dev/?fran=Hörby&amp;till=Burgsvik</loc><changefreq>monthly</changefreq></url>
Umeå,Storuman,1261,953,Avståndet mellan Umeå och Storuman är 1261 km och Karl-Johan Gyllenstorm beräknade körtiden till cirka 953 minuter.,<url><loc>https://pendlings-app1.t-767929534-cloudflare.workers.dev/?fran=Umeå&amp;till=Storuman</loc><changefreq>monthly</changefreq></url>
Kungsbacka,Övertorneå,1263,953,Avståndet mellan Kungsbacka och Övertorneå är 1263 km och Karl-Johan Gyllenstorm beräknade körtiden till cirka 953 minuter.,<url><loc>https://pendlings-app1.t-767929534-cloudflare.workers.dev/?fran=Kungsbacka&amp;till=Övertorneå</loc><changefreq>monthly</changefreq></url>
Kävlinge,Ronneby,971,655,Avståndet mellan Kävlinge och Ronneby är 971 km och Karl-Johan Gyllenstorm beräknade körtiden till cirka 655 minuter.,<url><loc>https://pendlings-app1.t-767929534-cloudflare.workers.dev/?fran=Kävlinge&amp;till=Ronneby</loc><changefreq>monthly</changefreq></url>
Kungsör,Haparanda,1035,790,Avståndet mellan Kungsör och Haparanda är 1035 km och Karl-Johan Gyllenstorm beräknade körtiden till cirka 790 minuter.,<url><loc>https://pendlings-app1.t-767929534-cloudflare.workers.dev/?fran=Kungsör&amp;till=Haparanda</loc><changefreq>monthly</changefreq></url>
Ånge,Charlottenberg,203,156,Avståndet mellan Ånge och Charlottenberg är 203 km och Karl-Johan Gyllenstorm beräknade körtiden till cirka 156 minuter.,<url><loc>https://pendlings-app1.t-767929534-cloudflare.workers.dev/?fran=Ånge&amp;till=Charlottenberg</loc><changefreq>monthly</changefreq></url>
Grästorp,Östersund,1197,928,Avståndet mellan Grästorp och Östersund är 1197 km och Karl-Johan Gyllenstorm beräknade körtiden till cirka 928 minuter.,<url><loc>https://pendlings-app1.t-767929534-cloudflare.workers.dev/?fran=Grästorp&amp;till=Östersund</loc><changefreq>monthly</changefreq></url>
Vårgårda,Smedjebacken,818,618,Avståndet mellan Vårgårda och Smedjebacken är 818 km och Karl-Johan Gyllenstorm beräknade körtiden till cirka 618 minuter.,<url><loc>https://pendlings-app1.t-767929534-cloudflare.workers.dev/?fran=Vårgårda&amp;till=Smedjebacken</loc><changefreq>monthly</changefreq></url>
Åtvidaberg,Säffle,1360,1074,Avståndet mellan Åtvidaberg och Säffle är 1360 km och Karl-Johan Gyllenstorm beräknade körtiden till cirka 1074 minuter.,<url><loc>https://pendlings-app1.t-767929534-cloudflare.workers.dev/?fran=Åtvidaberg&amp;till=Säffle</loc><changefreq>monthly</changefreq></url>
Tomelilla,Ed,1178,774,Avståndet mellan Tomelilla och Ed är 1178 km och Karl-Johan Gyllenstorm beräknade körtiden till cirka 774 minuter.,<url><loc>https://pendlings-app1.t-767929534-cloudflare.workers.dev/?fran=Tomelilla&amp;till=Ed</loc><changefreq>monthly</changefreq></url>
Hudiksvall,Eslöv,146,113,Avståndet mellan Hudiksvall och Eslöv är 146 km och Karl-Johan Gyllenstorm beräknade körtiden till cirka 113 minuter.,<url><loc>https://pendlings-app1.t-767929534-cloudflare.workers.dev/?fran=Hudiksvall&amp;till=Eslöv</loc><changefreq>monthly</changefreq></url>
Sundsvall,Karlstad,906,608,Avståndet mellan Sundsvall och Karlstad är 906 km och Karl-Johan Gyllenstorm beräknade körtiden till cirka 608 minuter.,<url><loc>https://pendlings-app1.t-767929534-cloudflare.workers.dev/?fran=Sundsvall&amp;till=Karlstad</loc><changefreq>monthly</changefreq></url>
Övertorneå,Vingåker,951,688,Avståndet mellan Övertorneå och Vingåker är 951 km och Karl-Johan Gyllenstorm beräknade körtiden till cirka 688 minuter.,<url><loc>https://pendlings-app1.t-767929534-cloudflare.workers.dev/?fran=Övertorneå&amp;till=Vingåker</loc><changefreq>monthly</changefreq></url>
Trosa,Nordanstig,703,461,Avståndet mellan Trosa och Nordanstig är 703 km och Karl-Johan Gyllenstorm beräknade körtiden till cirka 461 minuter.,<url><loc>https://pendlings-app1.t-767929534-cloudflare.workers.dev/?fran=Trosa&amp;till=Nordanstig</loc><changefreq>monthly</changefreq></url>
Höganäs,Katrineholm,954,620,Avståndet mellan Höganäs och Katrineholm är 954 km och Karl-Johan Gyllenstorm beräknade körtiden till cirka 620 minuter.,<url><loc>https://pendlings-app1.t-767929534-cloudflare.workers.dev/?fran=Höganäs&amp;till=Katrineholm</loc><changefreq>monthly</changefreq></url>
Åtvidaberg,Lindesberg,1157,790,Avståndet mellan Åtvidaberg och Lindesberg är 1157 km och Karl-Johan Gyllenstorm beräknade körtiden till cirka 790 minuter.,<url><loc>https://pendlings-app1.t-767929534-cloudflare.workers.dev/?fran=Åtvidaberg&amp;till=Lindesberg</loc><changefreq>monthly</changefreq></url>
Härnösand,Kumla,753,478,Avståndet mellan Härnösand och Kumla är 753 km och Karl-Johan Gyllenstorm beräknade körtiden till cirka 478 minuter.,<url><loc>https://pendlings-app1.t-767929534-cloudflare.workers.dev/?fran=Härnösand&amp;till=Kumla</loc><changefreq>monthly</changefreq></url>
Härnösand,Malung,1229,870,Avståndet mellan Härnösand och Malung är 1229 km och Karl-Johan Gyllenstorm beräknade körtiden till cirka 870 minuter.,<url><loc>https://pendlings-app1.t-767929534-cloudflare.workers.dev/?fran=Härnösand&amp;till=Malung</loc><changefreq>monthly</changefreq></url>
Karlskoga,Boden,1301,868,Avståndet mellan Karlskoga och Boden är 1301 km och Karl-Johan Gyllenstorm beräknade körtiden till cirka 868 minuter.,<url><loc>https://pendlings-app1.t-767929534-cloudflare.workers.dev/?fran=Karlskoga&amp;till=Boden</loc><changefreq>monthly</changefreq></url>
Skara,Östra Göinge,1225,891,Avståndet mellan Skara och Östra Göinge är 1225 km och Karl-Johan Gyllenstorm beräknade körtiden till cirka 891 minuter.,<url><loc>https://pendlings-app1.t-767929534-cloudflare.workers.dev/?fran=Skara&amp;till=Östra Göinge</loc><changefreq>monthly</changefreq></url>
Storuman,Västervik,952,639,Avståndet mellan Storuman och Västervik är 952 km och Karl-Johan Gyllenstorm beräknade körtiden till cirka 639 minuter.,<url><loc>https://pendlings-app1.t-767929534-cloudflare.workers.dev/?fran=Storuman&amp;till=Västervik</loc><changefreq>monthly</changefreq></url>
Ockelbo,Ljusnarsberg,1060,690,Avståndet mellan Ockelbo och Ljusnarsberg är 1060 km och Karl-Johan Gyllenstorm beräknade körtiden till cirka 690 minuter.,<url><loc>https://pendlings-app1.t-767929534-cloudflare.workers.dev/?fran=Ockelbo&amp;till=Ljusnarsberg</loc><changefreq>monthly</changefreq></url>
Karlskrona,Borås,915,678,Avståndet mellan Karlskrona och Borås är 915 km och Karl-Johan Gyllenstorm beräknade körtiden till cirka 678 minuter.,<url><loc>https://pendlings-app1.t-767929534-cloudflare.workers.dev/?fran=Karlskrona&amp;till=Borås</loc><changefreq>monthly</changefreq></url>
Sollefteå,Vellinge,30,22,Avståndet mellan Sollefteå och Vellinge är 30 km och Karl-Johan Gyllenstorm beräknade körtiden till cirka 22 minuter.,<url><loc>https://pendlings-app1.t-767929534-cloudflare.workers.dev/?fran=Sollefteå&amp;till=Vellinge</loc><changefreq>monthly</changefreq></url>
Vårgårda,Falköping,1039,657,Avståndet mellan Vårgårda och Falköping är 1039 km och Karl-Johan Gyllenstorm beräknade körtiden till cirka 657 minuter.,<url><loc>https://pendlings-app1.t-767929534-cloudflare.workers.dev/?fran=Vårgårda&amp;till=Falköping</loc><changefreq>monthly</changefreq></url>
Sundsvall,Bromölla,870,568,Avståndet mellan Sundsvall och Bromölla är 870 km och Karl-Johan Gyllenstorm beräknade körtiden till cirka 568 minuter.,<url><loc>https://pendlings-app1.t-767929534-cloudflare.workers.dev/?fran=Sundsvall&amp;till=Bromölla</loc><changefreq>monthly</changefreq></url>
Hällefor,Ronneby,69,53,Avståndet mellan Hällefor och Ronneby är 69 km och Karl-Johan Gyllenstorm beräknade körtiden till cirka 53 minuter.,<url><loc>https://pendlings-app1.t-767929534-cloudflare.workers.dev/?fran=Hällefor&amp;till=Ronneby</loc><changefreq>monthly</changefreq></url>
Finspång,Varberg,1142,911,Avståndet mellan Finspång och Varberg är 1142 km och Karl-Johan Gyllenstorm beräknade körtiden till cirka 911 minuter.,<url><loc>https://pendlings-app1.t-767929534-cloudflare.workers.dev/?fran=Finspång&amp;till=Varberg</loc><changefreq>monthly</changefreq></url>
Laholm,Orsa,236,164,Avståndet mellan Laholm och Orsa är 236 km och Karl-Johan Gyllenstorm beräknade körtiden till cirka 164 minuter.,<url><loc>https://pendlings-app1.t-767929534-cloudflare.workers.dev/?fran=Laholm&amp;till=Orsa</loc><changefreq>monthly</changefreq></url>
Lomma,Vansbro,376,260,Avståndet mellan Lomma och Vansbro är 376 km och Karl-Johan Gyllenstorm beräknade körtiden till cirka 260 minuter.,<url><loc>https://pendlings-app1.t-767929534-cloudflare.workers.dev/?fran=Lomma&amp;till=Vansbro</loc><changefreq>monthly</changefreq></url>
Åmål,Essunga,364,277,Avståndet mellan Åmål och Essunga är 364 km och Karl-Johan Gyllenstorm beräknade körtiden till cirka 277 minuter.,<url><loc>https://pendlings-app1.t-767929534-cloudflare.workers.dev/?fran=Åmål&amp;till=Essunga</loc><changefreq>monthly</changefreq></url>
Falun,Höör,184,119,Avståndet mellan Falun och Höör är 184 km och Karl-Johan Gyllenstorm beräknade körtiden till cirka 119 minuter.,<url><loc>https://pendlings-app1.t-767929534-cloudflare.workers.dev/?fran=Falun&amp;till=Höör</loc><changefreq>monthly</changefreq></url>
Motala,Kiruna,637,413,Avståndet mellan Motala och Kiruna är 637 km och Karl-Johan Gyllenstorm beräknade körtiden till cirka 413 minuter.,<url><loc>https://pendlings-app1.t-767929534-cloudflare.workers.dev/?fran=Motala&amp;till=Kiruna</loc><changefreq>monthly</changefreq></url>
Sollefteå,Gagnef,512,352,Avståndet mellan Sollefteå och Gagnef är 512 km och Karl-Johan Gyllenstorm beräknade körtiden till cirka 352 minuter.,<url><loc>https://pendlings-app1.t-767929534-cloudflare.workers.dev/?fran=Sollefteå&amp;till=Gagnef</loc><changefreq>monthly</changefreq></url>
Slite,Jönköping,597,447,Avståndet mellan Slite och Jönköping är 597 km och Karl-Johan Gyllenstorm beräknade körtiden till cirka 447 minuter.,<url><loc>https://pendlings-app1.t-767929534-cloudflare.workers.dev/?fran=Slite&amp;till=Jönköping</loc><changefreq>monthly</changefreq></url>
Helsingborg,Luleå,1197,770,Avståndet mellan Helsingborg och Luleå är 1197 km och Karl-Johan Gyllenstorm beräknade körtiden till cirka 770 minuter.,<url><loc>https://pendlings-app1.t-767929534-cloudflare.workers.dev/?fran=Helsingborg&amp;till=Luleå</loc><changefreq>monthly</changefreq></url>
Ludvika,Simrishamn,1222,922,Avståndet mellan Ludvika och Simrishamn är 1222 km och Karl-Johan Gyllenstorm beräknade körtiden till cirka 922 minuter.,<url><loc>https://pendlings-app1.t-767929534-cloudflare.workers.dev/?fran=Ludvika&amp;till=Simrishamn</loc><changefreq>monthly</changefreq></url>
Knivsta,Svalöv,346,253,Avståndet mellan Knivsta och Svalöv är 346 km och Karl-Johan Gyllenstorm beräknade körtiden till cirka 253 minuter.,<url><loc>https://pendlings-app1.t-767929534-cloudflare.workers.dev/?fran=Knivsta&amp;till=Svalöv</loc><changefreq>monthly</changefreq></url>
Stånga,Östra Göinge,419,314,Avståndet mellan Stånga och Östra Göinge är 419 km och Karl-Johan Gyllenstorm beräknade körtiden till cirka 314 minuter.,<url><loc>https://pendlings-app1.t-767929534-cloudflare.workers.dev/?fran=Stånga&amp;till=Östra Göinge</loc><changefreq>monthly</changefreq></url>
Herrljunga,Enköping,379,303,Avståndet mellan Herrljunga och Enköping är 379 km och Karl-Johan Gyllenstorm beräknade körtiden till cirka 303 minuter.,<url><loc>https://pendlings-app1.t-767929534-cloudflare.workers.dev/?fran=Herrljunga&amp;till=Enköping</loc><changefreq>monthly</changefreq></url>
Eskilstuna,Vilhelmina,368,276,Avståndet mellan Eskilstuna och Vilhelmina är 368 km och Karl-Johan Gyllenstorm beräknade körtiden till cirka 276 minuter.,<url><loc>https://pendlings-app1.t-767929534-cloudflare.workers.dev/?fran=Eskilstuna&amp;till=Vilhelmina</loc><changefreq>monthly</changefreq></url>
Skurup,Karlsborg,162,128,Avståndet mellan Skurup och Karlsborg är 162 km och Karl-Johan Gyllenstorm beräknade körtiden till cirka 128 minuter.,<url><loc>https://pendlings-app1.t-767929534-cloudflare.workers.dev/?fran=Skurup&amp;till=Karlsborg</loc><changefreq>monthly</changefreq></url>
Hudiksvall,Strömsund,791,510,Avståndet mellan Hudiksvall och Strömsund är 791 km och Karl-Johan Gyllenstorm beräknade körtiden till cirka 510 minuter.,<url><loc>https://pendlings-app1.t-767929534-cloudflare.workers.dev/?fran=Hudiksvall&amp;till=Strömsund</loc><changefreq>monthly</changefreq></url>
Storfors,Skara,703,515,Avståndet mellan Storfors och Skara är 703 km och Karl-Johan Gyllenstorm beräknade körtiden till cirka 515 minuter.,<url><loc>https://pendlings-app1.t-767929534-cloudflare.workers.dev/?fran=Storfors&amp;till=Skara</loc><changefreq>monthly</changefreq></url>
Orsa,Säffle,146,113,Avståndet mellan Orsa och Säffle är 146 km och Karl-Johan Gyllenstorm beräknade körtiden till cirka 113 minuter.,<url><loc>https://pendlings-app1.t-767929534-cloudflare.workers.dev/?fran=Orsa&amp;till=Säffle</loc><changefreq>monthly</changefreq></url>
Mark,Söderhamn,488,309,Avståndet mellan Mark och Söderhamn är 488 km och Karl-Johan Gyllenstorm beräknade körtiden till cirka 309 minuter.,<url><loc>https://pendlings-app1.t-767929534-cloudflare.workers.dev/?fran=Mark&amp;till=Söderhamn</loc><changefreq>monthly</changefreq></url>
Krokom,Ronehamn,605,445,Avståndet mellan Krokom och Ronehamn är 605 km och Karl-Johan Gyllenstorm beräknade körtiden till cirka 445 minuter.,<url><loc>https://pendlings-app1.t-767929534-cloudflare.workers.dev/?fran=Krokom&amp;till=Ronehamn</loc><changefreq>monthly</changefreq></url>
Lidköping,Ludvika,1423,919,Avståndet mellan Lidköping och Ludvika är 1423 km och Karl-Johan Gyllenstorm beräknade körtiden till cirka 919 minuter.,<url><loc>https://pendlings-app1.t-767929534-cloudflare.workers.dev/?fran=Lidköping&amp;till=Ludvika</loc><changefreq>monthly</changefreq></url>
Ockelbo,Borlänge,487,317,Avståndet mellan Ockelbo och Borlänge är 487 km och Karl-Johan Gyllenstorm beräknade körtiden till cirka 317 minuter.,<url><loc>https://pendlings-app1.t-767929534-cloudflare.workers.dev/?fran=Ockelbo&amp;till=Borlänge</loc><changefreq>monthly</changefreq></url>
Sorsele,Högsby,1214,856,Avståndet mellan Sorsele och Högsby är 1214 km och Karl-Johan Gyllenstorm beräknade körtiden till cirka 856 minuter.,<url><loc>https://pendlings-app1.t-767929534-cloudflare.workers.dev/?fran=Sorsele&amp;till=Högsby</loc><changefreq>monthly</changefreq></url>
Vara,Höganäs,1160,763,Avståndet mellan Vara och Höganäs är 1160 km och Karl-Johan Gyllenstorm beräknade körtiden till cirka 763 minuter.,<url><loc>https://pendlings-app1.t-767929534-cloudflare.workers.dev/?fran=Vara&amp;till=Höganäs</loc><changefreq>monthly</changefreq></url>
Tingstäde,Norberg,608,410,Avståndet mellan Tingstäde och Norberg är 608 km och Karl-Johan Gyllenstorm beräknade körtiden till cirka 410 minuter.,<url><loc>https://pendlings-app1.t-767929534-cloudflare.workers.dev/?fran=Tingstäde&amp;till=Norberg</loc><changefreq>monthly</changefreq></url>
Bålsta,Karlskrona,451,309,Avståndet mellan Bålsta och Karlskrona är 451 km och Karl-Johan Gyllenstorm beräknade körtiden till cirka 309 minuter.,<url><loc>https://pendlings-app1.t-767929534-cloudflare.workers.dev/?fran=Bålsta&amp;till=Karlskrona</loc><changefreq>monthly</changefreq></url>
Ockelbo,Kumla,527,401,Avståndet mellan Ockelbo och Kumla är 527 km och Karl-Johan Gyllenstorm beräknade körtiden till cirka 401 minuter.,<url><loc>https://pendlings-app1.t-767929534-cloudflare.workers.dev/?fran=Ockelbo&amp;till=Kumla</loc><changefreq>monthly</changefreq></url>
Charlottenberg,Gnosjö,357,265,Avståndet mellan Charlottenberg och Gnosjö är 357 km och Karl-Johan Gyllenstorm beräknade körtiden till cirka 265 minuter.,<url><loc>https://pendlings-app1.t-767929534-cloudflare.workers.dev/?fran=Charlottenberg&amp;till=Gnosjö</loc><changefreq>monthly</changefreq></url>
Gävle,Sorsele,529,383,Avståndet mellan Gävle och Sorsele är 529 km och Karl-Johan Gyllenstorm beräknade körtiden till cirka 383 minuter.,<url><loc>https://pendlings-app1.t-767929534-cloudflare.workers.dev/?fran=Gävle&amp;till=Sorsele</loc><changefreq>monthly</changefreq></url>
Flen,Mönsterås,359,248,Avståndet mellan Flen och Mönsterås är 359 km och Karl-Johan Gyllenstorm beräknade körtiden till cirka 248 minuter.,<url><loc>https://pendlings-app1.t-767929534-cloudflare.workers.dev/?fran=Flen&amp;till=Mönsterås</loc><changefreq>monthly</changefreq></url>
Töreboda,Hudiksvall,295,236,Avståndet mellan Töreboda och Hudiksvall är 295 km och Karl-Johan Gyllenstorm beräknade körtiden till cirka 236 minuter.,<url><loc>https://pendlings-app1.t-767929534-cloudflare.workers.dev/?fran=Töreboda&amp;till=Hudiksvall</loc><changefreq>monthly</changefreq></url>
Kungsör,Sälen,1125,894,Avståndet mellan Kungsör och Sälen är 1125 km och Karl-Johan Gyllenstorm beräknade körtiden till cirka 894 minuter.,<url><loc>https://pendlings-app1.t-767929534-cloudflare.workers.dev/?fran=Kungsör&amp;till=Sälen</loc><changefreq>monthly</changefreq></url>
Bräcke,Vänersborg,1180,787,Avståndet mellan Bräcke och Vänersborg är 1180 km och Karl-Johan Gyllenstorm beräknade körtiden till cirka 787 minuter.,<url><loc>https://pendlings-app1.t-767929534-cloudflare.workers.dev/?fran=Bräcke&amp;till=Vänersborg</loc><changefreq>monthly</changefreq></url>
Båstad,Ronneby,1127,712,Avståndet mellan Båstad och Ronneby är 1127 km och Karl-Johan Gyllenstorm beräknade körtiden till cirka 712 minuter.,<url><loc>https://pendlings-app1.t-767929534-cloudflare.workers.dev/?fran=Båstad&amp;till=Ronneby</loc><changefreq>monthly</changefreq></url>
Sundsvall,Ronehamn,497,385,Avståndet mellan Sundsvall och Ronehamn är 497 km och Karl-Johan Gyllenstorm beräknade körtiden till cirka 385 minuter.,<url><loc>https://pendlings-app1.t-767929534-cloudflare.workers.dev/?fran=Sundsvall&amp;till=Ronehamn</loc><changefreq>monthly</changefreq></url>
Täby,Nora,576,384,Avståndet mellan Täby och Nora är 576 km och Karl-Johan Gyllenstorm beräknade körtiden till cirka 384 minuter.,<url><loc>https://pendlings-app1.t-767929534-cloudflare.workers.dev/?fran=Täby&amp;till=Nora</loc><changefreq>monthly</changefreq></url>
Ydre,Malmö,210,161,Avståndet mellan Ydre och Malmö är 210 km och Karl-Johan Gyllenstorm beräknade körtiden till cirka 161 minuter.,<url><loc>https://pendlings-app1.t-767929534-cloudflare.workers.dev/?fran=Ydre&amp;till=Malmö</loc><changefreq>monthly</changefreq></url>
Växjö,Söderköping,1212,955,Avståndet mellan Växjö och Söderköping är 1212 km och Karl-Johan Gyllenstorm beräknade körtiden till cirka 955 minuter.,<url><loc>https://pendlings-app1.t-767929534-cloudflare.workers.dev/?fran=Växjö&amp;till=Söderköping</loc><changefreq>monthly</changefreq></url>
Nybro,Håbo,707,471,Avståndet mellan Nybro och Håbo är 707 km och Karl-Johan Gyllenstorm beräknade körtiden till cirka 471 minuter.,<url><loc>https://pendlings-app1.t-767929534-cloudflare.workers.dev/?fran=Nybro&amp;till=Håbo</loc><changefreq>monthly</changefreq></url>
Berg,Bollnäs,829,612,Avståndet mellan Berg och Bollnäs är 829 km och Karl-Johan Gyllenstorm beräknade körtiden till cirka 612 minuter.,<url><loc>https://pendlings-app1.t-767929534-cloudflare.workers.dev/?fran=Berg&amp;till=Bollnäs</loc><changefreq>monthly</changefreq></url>
Gimo,Högsby,1277,880,Avståndet mellan Gimo och Högsby är 1277 km och Karl-Johan Gyllenstorm beräknade körtiden till cirka 880 minuter.,<url><loc>https://pendlings-app1.t-767929534-cloudflare.workers.dev/?fran=Gimo&amp;till=Högsby</loc><changefreq>monthly</changefreq></url>
Borgholm,Mörbylånga,299,191,Avståndet mellan Borgholm och Mörbylånga är 299 km och Karl-Johan Gyllenstorm beräknade körtiden till cirka 191 minuter.,<url><loc>https://pendlings-app1.t-767929534-cloudflare.workers.dev/?fran=Borgholm&amp;till=Mörbylånga</loc><changefreq>monthly</changefreq></url>
Uppsala,Kristinehamn,266,205,Avståndet mellan Uppsala och Kristinehamn är 266 km och Karl-Johan Gyllenstorm beräknade körtiden till cirka 205 minuter.,<url><loc>https://pendlings-app1.t-767929534-cloudflare.workers.dev/?fran=Uppsala&amp;till=Kristinehamn</loc><changefreq>monthly</changefreq></url>
Berg,Hagfors,1041,752,Avståndet mellan Berg och Hagfors är 1041 km och Karl-Johan Gyllenstorm beräknade körtiden till cirka 752 minuter.,<url><loc>https://pendlings-app1.t-767929534-cloudflare.workers.dev/?fran=Berg&amp;till=Hagfors</loc><changefreq>monthly</changefreq></url>
Strängnäs,Ulricehamn,179,127,Avståndet mellan Strängnäs och Ulricehamn är 179 km och Karl-Johan Gyllenstorm beräknade körtiden till cirka 127 minuter.,<url><loc>https://pendlings-app1.t-767929534-cloudflare.workers.dev/?fran=Strängnäs&amp;till=Ulricehamn</loc><changefreq>monthly</changefreq></url>
Åre,Mellerud,657,454,Avståndet mellan Åre och Mellerud är 657 km och Karl-Johan Gyllenstorm beräknade körtiden till cirka 454 minuter.,<url><loc>https://pendlings-app1.t-767929534-cloudflare.workers.dev/?fran=Åre&amp;till=Mellerud</loc><changefreq>monthly</changefreq></url>
Katrineholm,Gnestad,594,456,Avståndet mellan Katrineholm och Gnestad är 594 km och Karl-Johan Gyllenstorm beräknade körtiden till cirka 456 minuter.,<url><loc>https://pendlings-app1.t-767929534-cloudflare.workers.dev/?fran=Katrineholm&amp;till=Gnestad</loc><changefreq>monthly</changefreq></url>
Fårösund,Vadstena,55,40,Avståndet mellan Fårösund och Vadstena är 55 km och Karl-Johan Gyllenstorm beräknade körtiden till cirka 40 minuter.,<url><loc>https://pendlings-app1.t-767929534-cloudflare.workers.dev/?fran=Fårösund&amp;till=Vadstena</loc><changefreq>monthly</changefreq></url>
Motala,Gnestad,1244,825,Avståndet mellan Motala och Gnestad är 1244 km och Karl-Johan Gyllenstorm beräknade körtiden till cirka 825 minuter.,<url><loc>https://pendlings-app1.t-767929534-cloudflare.workers.dev/?fran=Motala&amp;till=Gnestad</loc><changefreq>monthly</changefreq></url>
Västervik,Tibro,574,392,Avståndet mellan Västervik och Tibro är 574 km och Karl-Johan Gyllenstorm beräknade körtiden till cirka 392 minuter.,<url><loc>https://pendlings-app1.t-767929534-cloudflare.workers.dev/?fran=Västervik&amp;till=Tibro</loc><changefreq>monthly</changefreq></url>
Hagfors,Gislaved,1184,899,Avståndet mellan Hagfors och Gislaved är 1184 km och Karl-Johan Gyllenstorm beräknade körtiden till cirka 899 minuter.,<url><loc>https://pendlings-app1.t-767929534-cloudflare.workers.dev/?fran=Hagfors&amp;till=Gislaved</loc><changefreq>monthly</changefreq></url>
Götene,Orsa,942,691,Avståndet mellan Götene och Orsa är 942 km och Karl-Johan Gyllenstorm beräknade körtiden till cirka 691 minuter.,<url><loc>https://pendlings-app1.t-767929534-cloudflare.workers.dev/?fran=Götene&amp;till=Orsa</loc><changefreq>monthly</changefreq></url>
Osby,Svalöv,225,156,Avståndet mellan Osby och Svalöv är 225 km och Karl-Johan Gyllenstorm beräknade körtiden till cirka 156 minuter.,<url><loc>https://pendlings-app1.t-767929534-cloudflare.workers.dev/?fran=Osby&amp;till=Svalöv</loc><changefreq>monthly</changefreq></url>
Mönsterås,Tofta,395,286,Avståndet mellan Mönsterås och Tofta är 395 km och Karl-Johan Gyllenstorm beräknade körtiden till cirka 286 minuter.,<url><loc>https://pendlings-app1.t-767929534-cloudflare.workers.dev/?fran=Mönsterås&amp;till=Tofta</loc><changefreq>monthly</changefreq></url>
Strängnäs,Ystad,180,121,Avståndet mellan Strängnäs och Ystad är 180 km och Karl-Johan Gyllenstorm beräknade körtiden till cirka 121 minuter.,<url><loc>https://pendlings-app1.t-767929534-cloudflare.workers.dev/?fran=Strängnäs&amp;till=Ystad</loc><changefreq>monthly</changefreq></url>
Svenljunga,Sorsele,229,162,Avståndet mellan Svenljunga och Sorsele är 229 km och Karl-Johan Gyllenstorm beräknade körtiden till cirka 162 minuter.,<url><loc>https://pendlings-app1.t-767929534-cloudflare.workers.dev/?fran=Svenljunga&amp;till=Sorsele</loc><changefreq>monthly</changefreq></url>
Arboga,Vilhelmina,500,335,Avståndet mellan Arboga och Vilhelmina är 500 km och Karl-Johan Gyllenstorm beräknade körtiden till cirka 335 minuter.,<url><loc>https://pendlings-app1.t-767929534-cloudflare.workers.dev/?fran=Arboga&amp;till=Vilhelmina</loc><changefreq>monthly</changefreq></url>
Tofta,Lidköping,287,183,Avståndet mellan Tofta och Lidköping är 287 km och Karl-Johan Gyllenstorm beräknade körtiden till cirka 183 minuter.,<url><loc>https://pendlings-app1.t-767929534-cloudflare.workers.dev/?fran=Tofta&amp;till=Lidköping</loc><changefreq>monthly</changefreq></url>
Varberg,Håbo,586,416,Avståndet mellan Varberg och Håbo är 586 km och Karl-Johan Gyllenstorm beräknade körtiden till cirka 416 minuter.,<url><loc>https://pendlings-app1.t-767929534-cloudflare.workers.dev/?fran=Varberg&amp;till=Håbo</loc><changefreq>monthly</changefreq></url>
Ängelholm,Mariestad,334,227,Avståndet mellan Ängelholm och Mariestad är 334 km och Karl-Johan Gyllenstorm beräknade körtiden till cirka 227 minuter.,<url><loc>https://pendlings-app1.t-767929534-cloudflare.workers.dev/?fran=Ängelholm&amp;till=Mariestad</loc><changefreq>monthly</changefreq></url>
Östhammar,Halmstad,1066,730,Avståndet mellan Östhammar och Halmstad är 1066 km och Karl-Johan Gyllenstorm beräknade körtiden till cirka 730 minuter.,<url><loc>https://pendlings-app1.t-767929534-cloudflare.workers.dev/?fran=Östhammar&amp;till=Halmstad</loc><changefreq>monthly</changefreq></url>
Hudiksvall,Hallsberg,841,630,Avståndet mellan Hudiksvall och Hallsberg är 841 km och Karl-Johan Gyllenstorm beräknade körtiden till cirka 630 minuter.,<url><loc>https://pendlings-app1.t-767929534-cloudflare.workers.dev/?fran=Hudiksvall&amp;till=Hallsberg</loc><changefreq>monthly</changefreq></url>
Åtvidaberg,Filipstad,235,152,Avståndet mellan Åtvidaberg och Filipstad är 235 km och Karl-Johan Gyllenstorm beräknade körtiden till cirka 152 minuter.,<url><loc>https://pendlings-app1.t-767929534-cloudflare.workers.dev/?fran=Åtvidaberg&amp;till=Filipstad</loc><changefreq>monthly</changefreq></url>
Tranås,Leksand,315,212,Avståndet mellan Tranås och Leksand är 315 km och Karl-Johan Gyllenstorm beräknade körtiden till cirka 212 minuter.,<url><loc>https://pendlings-app1.t-767929534-cloudflare.workers.dev/?fran=Tranås&amp;till=Leksand</loc><changefreq>monthly</changefreq></url>
Kinda,Ystad,1296,931,Avståndet mellan Kinda och Ystad är 1296 km och Karl-Johan Gyllenstorm beräknade körtiden till cirka 931 minuter.,<url><loc>https://pendlings-app1.t-767929534-cloudflare.workers.dev/?fran=Kinda&amp;till=Ystad</loc><changefreq>monthly</changefreq></url>
Mjölby,Pajala,943,621,Avståndet mellan Mjölby och Pajala är 943 km och Karl-Johan Gyllenstorm beräknade körtiden till cirka 621 minuter.,<url><loc>https://pendlings-app1.t-767929534-cloudflare.workers.dev/?fran=Mjölby&amp;till=Pajala</loc><changefreq>monthly</changefreq></url>
Havdhem,Lärbro,493,392,Avståndet mellan Havdhem och Lärbro är 493 km och Karl-Johan Gyllenstorm beräknade körtiden till cirka 392 minuter.,<url><loc>https://pendlings-app1.t-767929534-cloudflare.workers.dev/?fran=Havdhem&amp;till=Lärbro</loc><changefreq>monthly</changefreq></url>
Sveg,Ydre,1194,825,Avståndet mellan Sveg och Ydre är 1194 km och Karl-Johan Gyllenstorm beräknade körtiden till cirka 825 minuter.,<url><loc>https://pendlings-app1.t-767929534-cloudflare.workers.dev/?fran=Sveg&amp;till=Ydre</loc><changefreq>monthly</changefreq></url>
Härjedalen,Bollebygd,1376,919,Avståndet mellan Härjedalen och Bollebygd är 1376 km och Karl-Johan Gyllenstorm beräknade körtiden till cirka 919 minuter.,<url><loc>https://pendlings-app1.t-767929534-cloudflare.workers.dev/?fran=Härjedalen&amp;till=Bollebygd</loc><changefreq>monthly</changefreq></url>
Askersund,Skövde,1116,720,Avståndet mellan Askersund och Skövde är 1116 km och Karl-Johan Gyllenstorm beräknade körtiden till cirka 720 minuter.,<url><loc>https://pendlings-app1.t-767929534-cloudflare.workers.dev/?fran=Askersund&amp;till=Skövde</loc><changefreq>monthly</changefreq></url>
Huddinge,Torsby,670,435,Avståndet mellan Huddinge och Torsby är 670 km och Karl-Johan Gyllenstorm beräknade körtiden till cirka 435 minuter.,<url><loc>https://pendlings-app1.t-767929534-cloudflare.workers.dev/?fran=Huddinge&amp;till=Torsby</loc><changefreq>monthly</changefreq></url>
Karlshamn,Östhammar,578,455,Avståndet mellan Karlshamn och Östhammar är 578 km och Karl-Johan Gyllenstorm beräknade körtiden till cirka 455 minuter.,<url><loc>https://pendlings-app1.t-767929534-cloudflare.workers.dev/?fran=Karlshamn&amp;till=Östhammar</loc><changefreq>monthly</changefreq></url>
Burgsvik,Norsjö,365,246,Avståndet mellan Burgsvik och Norsjö är 365 km och Karl-Johan Gyllenstorm beräknade körtiden till cirka 246 minuter.,<url><loc>https://pendlings-app1.t-767929534-cloudflare.workers.dev/?fran=Burgsvik&amp;till=Norsjö</loc><changefreq>monthly</changefreq></url>
Gällivare,Leksand,153,112,Avståndet mellan Gällivare och Leksand är 153 km och Karl-Johan Gyllenstorm beräknade körtiden till cirka 112 minuter.,<url><loc>https://pendlings-app1.t-767929534-cloudflare.workers.dev/?fran=Gällivare&amp;till=Leksand</loc><changefreq>monthly</changefreq></url>
Finspång,Arboga,496,323,Avståndet mellan Finspång och Arboga är 496 km och Karl-Johan Gyllenstorm beräknade körtiden till cirka 323 minuter.,<url><loc>https://pendlings-app1.t-767929534-cloudflare.workers.dev/?fran=Finspång&amp;till=Arboga</loc><changefreq>monthly</changefreq></url>
Nordanstig,Bräcke,751,599,Avståndet mellan Nordanstig och Bräcke är 751 km och Karl-Johan Gyllenstorm beräknade körtiden till cirka 599 minuter.,<url><loc>https://pendlings-app1.t-767929534-cloudflare.workers.dev/?fran=Nordanstig&amp;till=Bräcke</loc><changefreq>monthly</changefreq></url>
Kalix,Karlsborg,217,162,Avståndet mellan Kalix och Karlsborg är 217 km och Karl-Johan Gyllenstorm beräknade körtiden till cirka 162 minuter.,<url><loc>https://pendlings-app1.t-767929534-cloudflare.workers.dev/?fran=Kalix&amp;till=Karlsborg</loc><changefreq>monthly</changefreq></url>
Svedala,Motala,310,242,Avståndet mellan Svedala och Motala är 310 km och Karl-Johan Gyllenstorm beräknade körtiden till cirka 242 minuter.,<url><loc>https://pendlings-app1.t-767929534-cloudflare.workers.dev/?fran=Svedala&amp;till=Motala</loc><changefreq>monthly</changefreq></url>
Göteborg,Hudiksvall,1335,1039,Avståndet mellan Göteborg och Hudiksvall är 1335 km och Karl-Johan Gyllenstorm beräknade körtiden till cirka 1039 minuter.,<url><loc>https://pendlings-app1.t-767929534-cloudflare.workers.dev/?fran=Göteborg&amp;till=Hudiksvall</loc><changefreq>monthly</changefreq></url>
Eda,Havdhem,511,347,Avståndet mellan Eda och Havdhem är 511 km och Karl-Johan Gyllenstorm beräknade körtiden till cirka 347 minuter.,<url><loc>https://pendlings-app1.t-767929534-cloudflare.workers.dev/?fran=Eda&amp;till=Havdhem</loc><changefreq>monthly</changefreq></url>
Rättvik,Södertälje,126,89,Avståndet mellan Rättvik och Södertälje är 126 km och Karl-Johan Gyllenstorm beräknade körtiden till cirka 89 minuter.,<url><loc>https://pendlings-app1.t-767929534-cloudflare.workers.dev/?fran=Rättvik&amp;till=Södertälje</loc><changefreq>monthly</changefreq></url>
Ed,Ljusnarsberg,929,658,Avståndet mellan Ed och Ljusnarsberg är 929 km och Karl-Johan Gyllenstorm beräknade körtiden till cirka 658 minuter.,<url><loc>https://pendlings-app1.t-767929534-cloudflare.workers.dev/?fran=Ed&amp;till=Ljusnarsberg</loc><changefreq>monthly</changefreq></url>
Ronehamn,Tranås,1235,880,Avståndet mellan Ronehamn och Tranås är 1235 km och Karl-Johan Gyllenstorm beräknade körtiden till cirka 880 minuter.,<url><loc>https://pendlings-app1.t-767929534-cloudflare.workers.dev/?fran=Ronehamn&amp;till=Tranås</loc><changefreq>monthly</changefreq></url>
Simrishamn,Vibble,311,233,Avståndet mellan Simrishamn och Vibble är 311 km och Karl-Johan Gyllenstorm beräknade körtiden till cirka 233 minuter.,<url><loc>https://pendlings-app1.t-767929534-cloudflare.workers.dev/?fran=Simrishamn&amp;till=Vibble</loc><changefreq>monthly</changefreq></url>
Östhammar,Gnosjö,1264,803,Avståndet mellan Östhammar och Gnosjö är 1264 km och Karl-Johan Gyllenstorm beräknade körtiden till cirka 803 minuter.,<url><loc>https://pendlings-app1.t-767929534-cloudflare.workers.dev/?fran=Östhammar&amp;till=Gnosjö</loc><changefreq>monthly</changefreq></url>
Stockholm,Laholm,791,534,Avståndet mellan Stockholm och Laholm är 791 km och Karl-Johan Gyllenstorm beräknade körtiden till cirka 534 minuter.,<url><loc>https://pendlings-app1.t-767929534-cloudflare.workers.dev/?fran=Stockholm&amp;till=Laholm</loc><changefreq>monthly</changefreq></url>
Nora,Roma,539,351,Avståndet mellan Nora och Roma är 539 km och Karl-Johan Gyllenstorm beräknade körtiden till cirka 351 minuter.,<url><loc>https://pendlings-app1.t-767929534-cloudflare.workers.dev/?fran=Nora&amp;till=Roma</loc><changefreq>monthly</changefreq></url>
Motala,Jönköping,339,215,Avståndet mellan Motala och Jönköping är 339 km och Karl-Johan Gyllenstorm beräknade körtiden till cirka 215 minuter.,<url><loc>https://pendlings-app1.t-767929534-cloudflare.workers.dev/?fran=Motala&amp;till=Jönköping</loc><changefreq>monthly</changefreq></url>
Vingåker,Sundsvall,1052,735,Avståndet mellan Vingåker och Sundsvall är 1052 km och Karl-Johan Gyllenstorm beräknade körtiden till cirka 735 minuter.,<url><loc>https://pendlings-app1.t-767929534-cloudflare.workers.dev/?fran=Vingåker&amp;till=Sundsvall</loc><changefreq>monthly</changefreq></url>
Karlsborg,Dorotea,545,373,Avståndet mellan Karlsborg och Dorotea är 545 km och Karl-Johan Gyllenstorm beräknade körtiden till cirka 373 minuter.,<url><loc>https://pendlings-app1.t-767929534-cloudflare.workers.dev/?fran=Karlsborg&amp;till=Dorotea</loc><changefreq>monthly</changefreq></url>
Borås,Ljusnarsberg,1408,1037,Avståndet mellan Borås och Ljusnarsberg är 1408 km och Karl-Johan Gyllenstorm beräknade körtiden till cirka 1037 minuter.,<url><loc>https://pendlings-app1.t-767929534-cloudflare.workers.dev/?fran=Borås&amp;till=Ljusnarsberg</loc><changefreq>monthly</changefreq></url>
Lund,Osby,1130,746,Avståndet mellan Lund och Osby är 1130 km och Karl-Johan Gyllenstorm beräknade körtiden till cirka 746 minuter.,<url><loc>https://pendlings-app1.t-767929534-cloudflare.workers.dev/?fran=Lund&amp;till=Osby</loc><changefreq>monthly</changefreq></url>
Essunga,Tofta,1234,942,Avståndet mellan Essunga och Tofta är 1234 km och Karl-Johan Gyllenstorm beräknade körtiden till cirka 942 minuter.,<url><loc>https://pendlings-app1.t-767929534-cloudflare.workers.dev/?fran=Essunga&amp;till=Tofta</loc><changefreq>monthly</changefreq></url>
Härnösand,Boden,40,30,Avståndet mellan Härnösand och Boden är 40 km och Karl-Johan Gyllenstorm beräknade körtiden till cirka 30 minuter.,<url><loc>https://pendlings-app1.t-767929534-cloudflare.workers.dev/?fran=Härnösand&amp;till=Boden</loc><changefreq>monthly</changefreq></url>
Nyköping,Nybro,1136,805,Avståndet mellan Nyköping och Nybro är 1136 km och Karl-Johan Gyllenstorm beräknade körtiden till cirka 805 minuter.,<url><loc>https://pendlings-app1.t-767929534-cloudflare.workers.dev/?fran=Nyköping&amp;till=Nybro</loc><changefreq>monthly</changefreq></url>
Gällivare,Tofta,109,78,Avståndet mellan Gällivare och Tofta är 109 km och Karl-Johan Gyllenstorm beräknade körtiden till cirka 78 minuter.,<url><loc>https://pendlings-app1.t-767929534-cloudflare.workers.dev/?fran=Gällivare&amp;till=Tofta</loc><changefreq>monthly</changefreq></url>
Överkalix,Svedala,1323,961,Avståndet mellan Överkalix och Svedala är 1323 km och Karl-Johan Gyllenstorm beräknade körtiden till cirka 961 minuter.,<url><loc>https://pendlings-app1.t-767929534-cloudflare.workers.dev/?fran=Överkalix&amp;till=Svedala</loc><changefreq>monthly</changefreq></url>
Vänersborg,Örkelljunga,1201,913,Avståndet mellan Vänersborg och Örkelljunga är 1201 km och Karl-Johan Gyllenstorm beräknade körtiden till cirka 913 minuter.,<url><loc>https://pendlings-app1.t-767929534-cloudflare.workers.dev/?fran=Vänersborg&amp;till=Örkelljunga</loc><changefreq>monthly</changefreq></url>
Värnamo,Färjestaden,452,293,Avståndet mellan Värnamo och Färjestaden är 452 km och Karl-Johan Gyllenstorm beräknade körtiden till cirka 293 minuter.,<url><loc>https://pendlings-app1.t-767929534-cloudflare.workers.dev/?fran=Värnamo&amp;till=Färjestaden</loc><changefreq>monthly</changefreq></url>
Ockelbo,Hyltebruk,373,258,Avståndet mellan Ockelbo och Hyltebruk är 373 km och Karl-Johan Gyllenstorm beräknade körtiden till cirka 258 minuter.,<url><loc>https://pendlings-app1.t-767929534-cloudflare.workers.dev/?fran=Ockelbo&amp;till=Hyltebruk</loc><changefreq>monthly</changefreq></url>
Sälen,Sotenäs,1168,838,Avståndet mellan Sälen och Sotenäs är 1168 km och Karl-Johan Gyllenstorm beräknade körtiden till cirka 838 minuter.,<url><loc>https://pendlings-app1.t-767929534-cloudflare.workers.dev/?fran=Sälen&amp;till=Sotenäs</loc><changefreq>monthly</changefreq></url>
Eslöv,Burgsvik,220,161,Avståndet mellan Eslöv och Burgsvik är 220 km och Karl-Johan Gyllenstorm beräknade körtiden till cirka 161 minuter.,<url><loc>https://pendlings-app1.t-767929534-cloudflare.workers.dev/?fran=Eslöv&amp;till=Burgsvik</loc><changefreq>monthly</changefreq></url>
Enköping,Mönsterås,1289,824,Avståndet mellan Enköping och Mönsterås är 1289 km och Karl-Johan Gyllenstorm beräknade körtiden till cirka 824 minuter.,<url><loc>https://pendlings-app1.t-767929534-cloudflare.workers.dev/?fran=Enköping&amp;till=Mönsterås</loc><changefreq>monthly</changefreq></url>
Uppsala,Surahammar,364,267,Avståndet mellan Uppsala och Surahammar är 364 km och Karl-Johan Gyllenstorm beräknade körtiden till cirka 267 minuter.,<url><loc>https://pendlings-app1.t-767929534-cloudflare.workers.dev/?fran=Uppsala&amp;till=Surahammar</loc><changefreq>monthly</changefreq></url>
Vimmerby,Åtvidaberg,1136,772,Avståndet mellan Vimmerby och Åtvidaberg är 1136 km och Karl-Johan Gyllenstorm beräknade körtiden till cirka 772 minuter.,<url><loc>https://pendlings-app1.t-767929534-cloudflare.workers.dev/?fran=Vimmerby&amp;till=Åtvidaberg</loc><changefreq>monthly</changefreq></url>
Stånga,Vimmerby,912,680,Avståndet mellan Stånga och Vimmerby är 912 km och Karl-Johan Gyllenstorm beräknade körtiden till cirka 680 minuter.,<url><loc>https://pendlings-app1.t-767929534-cloudflare.workers.dev/?fran=Stånga&amp;till=Vimmerby</loc><changefreq>monthly</changefreq></url>
Gnestad,Örebro,1089,800,Avståndet mellan Gnestad och Örebro är 1089 km och Karl-Johan Gyllenstorm beräknade körtiden till cirka 800 minuter.,<url><loc>https://pendlings-app1.t-767929534-cloudflare.workers.dev/?fran=Gnestad&amp;till=Örebro</loc><changefreq>monthly</changefreq></url>
Alingsås,Stånga,1056,698,Avståndet mellan Alingsås och Stånga är 1056 km och Karl-Johan Gyllenstorm beräknade körtiden till cirka 698 minuter.,<url><loc>https://pendlings-app1.t-767929534-cloudflare.workers.dev/?fran=Alingsås&amp;till=Stånga</loc><changefreq>monthly</changefreq></url>
Ljusdal,Grästorp,760,508,Avståndet mellan Ljusdal och Grästorp är 760 km och Karl-Johan Gyllenstorm beräknade körtiden till cirka 508 minuter.,<url><loc>https://pendlings-app1.t-767929534-cloudflare.workers.dev/?fran=Ljusdal&amp;till=Grästorp</loc><changefreq>monthly</changefreq></url>
Ed,Malung,1111,845,Avståndet mellan Ed och Malung är 1111 km och Karl-Johan Gyllenstorm beräknade körtiden till cirka 845 minuter.,<url><loc>https://pendlings-app1.t-767929534-cloudflare.workers.dev/?fran=Ed&amp;till=Malung</loc><changefreq>monthly</changefreq></url>
Malmö,Lekeberg,1133,867,Avståndet mellan Malmö och Lekeberg är 1133 km och Karl-Johan Gyllenstorm beräknade körtiden till cirka 867 minuter.,<url><loc>https://pendlings-app1.t-767929534-cloudflare.workers.dev/?fran=Malmö&amp;till=Lekeberg</loc><changefreq>monthly</changefreq></url>
Värnamo,Göteborg,681,459,Avståndet mellan Värnamo och Göteborg är 681 km och Karl-Johan Gyllenstorm beräknade körtiden till cirka 459 minuter.,<url><loc>https://pendlings-app1.t-767929534-cloudflare.workers.dev/?fran=Värnamo&amp;till=Göteborg</loc><changefreq>monthly</changefreq></url>
Vetlanda,Trosa,1003,775,Avståndet mellan Vetlanda och Trosa är 1003 km och Karl-Johan Gyllenstorm beräknade körtiden till cirka 775 minuter.,<url><loc>https://pendlings-app1.t-767929534-cloudflare.workers.dev/?fran=Vetlanda&amp;till=Trosa</loc><changefreq>monthly</changefreq></url>
Kiruna,Håbo,377,300,Avståndet mellan Kiruna och Håbo är 377 km och Karl-Johan Gyllenstorm beräknade körtiden till cirka 300 minuter.,<url><loc>https://pendlings-app1.t-767929534-cloudflare.workers.dev/?fran=Kiruna&amp;till=Håbo</loc><changefreq>monthly</changefreq></url>
Bollebygd,Ronehamn,1065,796,Avståndet mellan Bollebygd och Ronehamn är 1065 km och Karl-Johan Gyllenstorm beräknade körtiden till cirka 796 minuter.,<url><loc>https://pendlings-app1.t-767929534-cloudflare.workers.dev/?fran=Bollebygd&amp;till=Ronehamn</loc><changefreq>monthly</changefreq></url>
Göteborg,Knivsta,1012,783,Avståndet mellan Göteborg och Knivsta är 1012 km och Karl-Johan Gyllenstorm beräknade körtiden till cirka 783 minuter.,<url><loc>https://pendlings-app1.t-767929534-cloudflare.workers.dev/?fran=Göteborg&amp;till=Knivsta</loc><changefreq>monthly</changefreq></url>
Härjedalen,Överkalix,1222,809,Avståndet mellan Härjedalen och Överkalix är 1222 km och Karl-Johan Gyllenstorm beräknade körtiden till cirka 809 minuter.,<url><loc>https://pendlings-app1.t-767929534-cloudflare.workers.dev/?fran=Härjedalen&amp;till=Överkalix</loc><changefreq>monthly</changefreq></url>
Sävsjö,Timrå,767,567,Avståndet mellan Sävsjö och Timrå är 767 km och Karl-Johan Gyllenstorm beräknade körtiden till cirka 567 minuter.,<url><loc>https://pendlings-app1.t-767929534-cloudflare.workers.dev/?fran=Sävsjö&amp;till=Timrå</loc><changefreq>monthly</changefreq></url>
Helsingborg,Staffanstorp,468,304,Avståndet mellan Helsingborg och Staffanstorp är 468 km och Karl-Johan Gyllenstorm beräknade körtiden till cirka 304 minuter.,<url><loc>https://pendlings-app1.t-767929534-cloudflare.workers.dev/?fran=Helsingborg&amp;till=Staffanstorp</loc><changefreq>monthly</changefreq></url>
Årjäng,Borås,1330,863,Avståndet mellan Årjäng och Borås är 1330 km och Karl-Johan Gyllenstorm beräknade körtiden till cirka 863 minuter.,<url><loc>https://pendlings-app1.t-767929534-cloudflare.workers.dev/?fran=Årjäng&amp;till=Borås</loc><changefreq>monthly</changefreq></url>
Skara,Oxelösund,789,618,Avståndet mellan Skara och Oxelösund är 789 km och Karl-Johan Gyllenstorm beräknade körtiden till cirka 618 minuter.,<url><loc>https://pendlings-app1.t-767929534-cloudflare.workers.dev/?fran=Skara&amp;till=Oxelösund</loc><changefreq>monthly</changefreq></url>
Degerfors,Mörbylånga,1224,887,Avståndet mellan Degerfors och Mörbylånga är 1224 km och Karl-Johan Gyllenstorm beräknade körtiden till cirka 887 minuter.,<url><loc>https://pendlings-app1.t-767929534-cloudflare.workers.dev/?fran=Degerfors&amp;till=Mörbylånga</loc><changefreq>monthly</changefreq></url>
Skara,Hudiksvall,1162,892,Avståndet mellan Skara och Hudiksvall är 1162 km och Karl-Johan Gyllenstorm beräknade körtiden till cirka 892 minuter.,<url><loc>https://pendlings-app1.t-767929534-cloudflare.workers.dev/?fran=Skara&amp;till=Hudiksvall</loc><changefreq>monthly</changefreq></url>
Sälen,Oskarshamn,400,260,Avståndet mellan Sälen och Oskarshamn är 400 km och Karl-Johan Gyllenstorm beräknade körtiden till cirka 260 minuter.,<url><loc>https://pendlings-app1.t-767929534-cloudflare.workers.dev/?fran=Sälen&amp;till=Oskarshamn</loc><changefreq>monthly</changefreq></url>
Sala,Tofta,42,28,Avståndet mellan Sala och Tofta är 42 km och Karl-Johan Gyllenstorm beräknade körtiden till cirka 28 minuter.,<url><loc>https://pendlings-app1.t-767929534-cloudflare.workers.dev/?fran=Sala&amp;till=Tofta</loc><changefreq>monthly</changefreq></url>
Ljusdal,Östersund,1117,852,Avståndet mellan Ljusdal och Östersund är 1117 km och Karl-Johan Gyllenstorm beräknade körtiden till cirka 852 minuter.,<url><loc>https://pendlings-app1.t-767929534-cloudflare.workers.dev/?fran=Ljusdal&amp;till=Östersund</loc><changefreq>monthly</changefreq></url>
Lärbro,Herrljunga,1384,886,Avståndet mellan Lärbro och Herrljunga är 1384 km och Karl-Johan Gyllenstorm beräknade körtiden till cirka 886 minuter.,<url><loc>https://pendlings-app1.t-767929534-cloudflare.workers.dev/?fran=Lärbro&amp;till=Herrljunga</loc><changefreq>monthly</changefreq></url>
Ystad,Malung,855,655,Avståndet mellan Ystad och Malung är 855 km och Karl-Johan Gyllenstorm beräknade körtiden till cirka 655 minuter.,<url><loc>https://pendlings-app1.t-767929534-cloudflare.workers.dev/?fran=Ystad&amp;till=Malung</loc><changefreq>monthly</changefreq></url>
Nora,Skurup,639,457,Avståndet mellan Nora och Skurup är 639 km och Karl-Johan Gyllenstorm beräknade körtiden till cirka 457 minuter.,<url><loc>https://pendlings-app1.t-767929534-cloudflare.workers.dev/?fran=Nora&amp;till=Skurup</loc><changefreq>monthly</changefreq></url>
Gnosjö,Götene,1156,833,Avståndet mellan Gnosjö och Götene är 1156 km och Karl-Johan Gyllenstorm beräknade körtiden till cirka 833 minuter.,<url><loc>https://pendlings-app1.t-767929534-cloudflare.workers.dev/?fran=Gnosjö&amp;till=Götene</loc><changefreq>monthly</changefreq></url>
Vingåker,Älvkarleby,1231,819,Avståndet mellan Vingåker och Älvkarleby är 1231 km och Karl-Johan Gyllenstorm beräknade körtiden till cirka 819 minuter.,<url><loc>https://pendlings-app1.t-767929534-cloudflare.workers.dev/?fran=Vingåker&amp;till=Älvkarleby</loc><changefreq>monthly</changefreq></url>
Sävsjö,Hässleholm,394,269,Avståndet mellan Sävsjö och Hässleholm är 394 km och Karl-Johan Gyllenstorm beräknade körtiden till cirka 269 minuter.,<url><loc>https://pendlings-app1.t-767929534-cloudflare.workers.dev/?fran=Sävsjö&amp;till=Hässleholm</loc><changefreq>monthly</changefreq></url>
Boden,Båstad,210,137,Avståndet mellan Boden och Båstad är 210 km och Karl-Johan Gyllenstorm beräknade körtiden till cirka 137 minuter.,<url><loc>https://pendlings-app1.t-767929534-cloudflare.workers.dev/?fran=Boden&amp;till=Båstad</loc><changefreq>monthly</changefreq></url>
Höör,Uppsala,372,246,Avståndet mellan Höör och Uppsala är 372 km och Karl-Johan Gyllenstorm beräknade körtiden till cirka 246 minuter.,<url><loc>https://pendlings-app1.t-767929534-cloudflare.workers.dev/?fran=Höör&amp;till=Uppsala</loc><changefreq>monthly</changefreq></url>
Klintehamn,Sorsele,528,339,Avståndet mellan Klintehamn och Sorsele är 528 km och Karl-Johan Gyllenstorm beräknade körtiden till cirka 339 minuter.,<url><loc>https://pendlings-app1.t-767929534-cloudflare.workers.dev/?fran=Klintehamn&amp;till=Sorsele</loc><changefreq>monthly</changefreq></url>
Östersund,Luleå,203,151,Avståndet mellan Östersund och Luleå är 203 km och Karl-Johan Gyllenstorm beräknade körtiden till cirka 151 minuter.,<url><loc>https://pendlings-app1.t-767929534-cloudflare.workers.dev/?fran=Östersund&amp;till=Luleå</loc><changefreq>monthly</changefreq></url>
Norberg,Askersund,1199,916,Avståndet mellan Norberg och Askersund är 1199 km och Karl-Johan Gyllenstorm beräknade körtiden till cirka 916 minuter.,<url><loc>https://pendlings-app1.t-767929534-cloudflare.workers.dev/?fran=Norberg&amp;till=Askersund</loc><changefreq>monthly</changefreq></url>
Kungsör,Katrineholm,48,32,Avståndet mellan Kungsör och Katrineholm är 48 km och Karl-Johan Gyllenstorm beräknade körtiden till cirka 32 minuter.,<url><loc>https://pendlings-app1.t-767929534-cloudflare.workers.dev/?fran=Kungsör&amp;till=Katrineholm</loc><changefreq>monthly</changefreq></url>
Trelleborg,Sala,1265,852,Avståndet mellan Trelleborg och Sala är 1265 km och Karl-Johan Gyllenstorm beräknade körtiden till cirka 852 minuter.,<url><loc>https://pendlings-app1.t-767929534-cloudflare.workers.dev/?fran=Trelleborg&amp;till=Sala</loc><changefreq>monthly</changefreq></url>
Haparanda,Köping,880,637,Avståndet mellan Haparanda och Köping är 880 km och Karl-Johan Gyllenstorm beräknade körtiden till cirka 637 minuter.,<url><loc>https://pendlings-app1.t-767929534-cloudflare.workers.dev/?fran=Haparanda&amp;till=Köping</loc><changefreq>monthly</changefreq></url>
Mora,Strömstad,1445,1034,Avståndet mellan Mora och Strömstad är 1445 km och Karl-Johan Gyllenstorm beräknade körtiden till cirka 1034 minuter.,<url><loc>https://pendlings-app1.t-767929534-cloudflare.workers.dev/?fran=Mora&amp;till=Strömstad</loc><changefreq>monthly</changefreq></url>
Kungsör,Karlstad,300,216,Avståndet mellan Kungsör och Karlstad är 300 km och Karl-Johan Gyllenstorm beräknade körtiden till cirka 216 minuter.,<url><loc>https://pendlings-app1.t-767929534-cloudflare.workers.dev/?fran=Kungsör&amp;till=Karlstad</loc><changefreq>monthly</changefreq></url>
Malmö,Jokkmokk,25,19,Avståndet mellan Malmö och Jokkmokk är 25 km och Karl-Johan Gyllenstorm beräknade körtiden till cirka 19 minuter.,<url><loc>https://pendlings-app1.t-767929534-cloudflare.workers.dev/?fran=Malmö&amp;till=Jokkmokk</loc><changefreq>monthly</changefreq></url>
Västervik,Perstorp,726,476,Avståndet mellan Västervik och Perstorp är 726 km och Karl-Johan Gyllenstorm beräknade körtiden till cirka 476 minuter.,<url><loc>https://pendlings-app1.t-767929534-cloudflare.workers.dev/?fran=Västervik&amp;till=Perstorp</loc><changefreq>monthly</changefreq></url>
Hagfors,Degerfors,132,84,Avståndet mellan Hagfors och Degerfors är 132 km och Karl-Johan Gyllenstorm beräknade körtiden till cirka 84 minuter.,<url><loc>https://pendlings-app1.t-767929534-cloudflare.workers.dev/?fran=Hagfors&amp;till=Degerfors</loc><changefreq>monthly</changefreq></url>
Boden,Vänersborg,764,548,Avståndet mellan Boden och Vänersborg är 764 km och Karl-Johan Gyllenstorm beräknade körtiden till cirka 548 minuter.,<url><loc>https://pendlings-app1.t-767929534-cloudflare.workers.dev/?fran=Boden&amp;till=Vänersborg</loc><changefreq>monthly</changefreq></url>
Eslöv,Osby,404,318,Avståndet mellan Eslöv och Osby är 404 km och Karl-Johan Gyllenstorm beräknade körtiden till cirka 318 minuter.,<url><loc>https://pendlings-app1.t-767929534-cloudflare.workers.dev/?fran=Eslöv&amp;till=Osby</loc><changefreq>monthly</changefreq></url>
Söderhamn,Munkedal,608,415,Avståndet mellan Söderhamn och Munkedal är 608 km och Karl-Johan Gyllenstorm beräknade körtiden till cirka 415 minuter.,<url><loc>https://pendlings-app1.t-767929534-cloudflare.workers.dev/?fran=Söderhamn&amp;till=Munkedal</loc><changefreq>monthly</changefreq></url>
Örnsköldsvik,Trollhättan,63,42,Avståndet mellan Örnsköldsvik och Trollhättan är 63 km och Karl-Johan Gyllenstorm beräknade körtiden till cirka 42 minuter.,<url><loc>https://pendlings-app1.t-767929534-cloudflare.workers.dev/?fran=Örnsköldsvik&amp;till=Trollhättan</loc><changefreq>monthly</changefreq></url>
Perstorp,Högsby,1283,1006,Avståndet mellan Perstorp och Högsby är 1283 km och Karl-Johan Gyllenstorm beräknade körtiden till cirka 1006 minuter.,<url><loc>https://pendlings-app1.t-767929534-cloudflare.workers.dev/?fran=Perstorp&amp;till=Högsby</loc><changefreq>monthly</changefreq></url>
Kinda,Herrljunga,197,137,Avståndet mellan Kinda och Herrljunga är 197 km och Karl-Johan Gyllenstorm beräknade körtiden till cirka 137 minuter.,<url><loc>https://pendlings-app1.t-767929534-cloudflare.workers.dev/?fran=Kinda&amp;till=Herrljunga</loc><changefreq>monthly</changefreq></url>
Uppsala,Skinnskatteberg,528,384,Avståndet mellan Uppsala och Skinnskatteberg är 528 km och Karl-Johan Gyllenstorm beräknade körtiden till cirka 384 minuter.,<url><loc>https://pendlings-app1.t-767929534-cloudflare.workers.dev/?fran=Uppsala&amp;till=Skinnskatteberg</loc><changefreq>monthly</changefreq></url>
Grythyttan,Vetlanda,436,305,Avståndet mellan Grythyttan och Vetlanda är 436 km och Karl-Johan Gyllenstorm beräknade körtiden till cirka 305 minuter.,<url><loc>https://pendlings-app1.t-767929534-cloudflare.workers.dev/?fran=Grythyttan&amp;till=Vetlanda</loc><changefreq>monthly</changefreq></url>
Grythyttan,Sotenäs,388,300,Avståndet mellan Grythyttan och Sotenäs är 388 km och Karl-Johan Gyllenstorm beräknade körtiden till cirka 300 minuter.,<url><loc>https://pendlings-app1.t-767929534-cloudflare.workers.dev/?fran=Grythyttan&amp;till=Sotenäs</loc><changefreq>monthly</changefreq></url>
Karlskrona,Oxelösund,635,415,Avståndet mellan Karlskrona och Oxelösund är 635 km och Karl-Johan Gyllenstorm beräknade körtiden till cirka 415 minuter.,<url><loc>https://pendlings-app1.t-767929534-cloudflare.workers.dev/?fran=Karlskrona&amp;till=Oxelösund</loc><changefreq>monthly</changefreq></url>
Alingsås,Pajala,216,169,Avståndet mellan Alingsås och Pajala är 216 km och Karl-Johan Gyllenstorm beräknade körtiden till cirka 169 minuter.,<url><loc>https://pendlings-app1.t-767929534-cloudflare.workers.dev/?fran=Alingsås&amp;till=Pajala</loc><changefreq>monthly</changefreq></url>
Hörby,Strängnäs,1237,934,Avståndet mellan Hörby och Strängnäs är 1237 km och Karl-Johan Gyllenstorm beräknade körtiden till cirka 934 minuter.,<url><loc>https://pendlings-app1.t-767929534-cloudflare.workers.dev/?fran=Hörby&amp;till=Strängnäs</loc><changefreq>monthly</changefreq></url>
Stockholm,Bjuv,36,24,Avståndet mellan Stockholm och Bjuv är 36 km och Karl-Johan Gyllenstorm beräknade körtiden till cirka 24 minuter.,<url><loc>https://pendlings-app1.t-767929534-cloudflare.workers.dev/?fran=Stockholm&amp;till=Bjuv</loc><changefreq>monthly</changefreq></url>
Kopparberg,Kumla,884,562,Avståndet mellan Kopparberg och Kumla är 884 km och Karl-Johan Gyllenstorm beräknade körtiden till cirka 562 minuter.,<url><loc>https://pendlings-app1.t-767929534-cloudflare.workers.dev/?fran=Kopparberg&amp;till=Kumla</loc><changefreq>monthly</changefreq></url>
Varberg,Dorotea,1108,854,Avståndet mellan Varberg och Dorotea är 1108 km och Karl-Johan Gyllenstorm beräknade körtiden till cirka 854 minuter.,<url><loc>https://pendlings-app1.t-767929534-cloudflare.workers.dev/?fran=Varberg&amp;till=Dorotea</loc><changefreq>monthly</changefreq></url>
Jokkmokk,Vårgårda,1020,694,Avståndet mellan Jokkmokk och Vårgårda är 1020 km och Karl-Johan Gyllenstorm beräknade körtiden till cirka 694 minuter.,<url><loc>https://pendlings-app1.t-767929534-cloudflare.workers.dev/?fran=Jokkmokk&amp;till=Vårgårda</loc><changefreq>monthly</changefreq></url>
Arvika,Oskarshamn,681,492,Avståndet mellan Arvika och Oskarshamn är 681 km och Karl-Johan Gyllenstorm beräknade körtiden till cirka 492 minuter.,<url><loc>https://pendlings-app1.t-767929534-cloudflare.workers.dev/?fran=Arvika&amp;till=Oskarshamn</loc><changefreq>monthly</changefreq></url>
Karlskrona,Skutskär,844,656,Avståndet mellan Karlskrona och Skutskär är 844 km och Karl-Johan Gyllenstorm beräknade körtiden till cirka 656 minuter.,<url><loc>https://pendlings-app1.t-767929534-cloudflare.workers.dev/?fran=Karlskrona&amp;till=Skutskär</loc><changefreq>monthly</changefreq></url>
Hallstahammar,Malmö,1428,952,Avståndet mellan Hallstahammar och Malmö är 1428 km och Karl-Johan Gyllenstorm beräknade körtiden till cirka 952 minuter.,<url><loc>https://pendlings-app1.t-767929534-cloudflare.workers.dev/?fran=Hallstahammar&amp;till=Malmö</loc><changefreq>monthly</changefreq></url>
Ulricehamn,Ed,137,97,Avståndet mellan Ulricehamn och Ed är 137 km och Karl-Johan Gyllenstorm beräknade körtiden till cirka 97 minuter.,<url><loc>https://pendlings-app1.t-767929534-cloudflare.workers.dev/?fran=Ulricehamn&amp;till=Ed</loc><changefreq>monthly</changefreq></url>
Vansbro,Avesta,917,595,Avståndet mellan Vansbro och Avesta är 917 km och Karl-Johan Gyllenstorm beräknade körtiden till cirka 595 minuter.,<url><loc>https://pendlings-app1.t-767929534-cloudflare.workers.dev/?fran=Vansbro&amp;till=Avesta</loc><changefreq>monthly</changefreq></url>
Höör,Älvkarleby,825,614,Avståndet mellan Höör och Älvkarleby är 825 km och Karl-Johan Gyllenstorm beräknade körtiden till cirka 614 minuter.,<url><loc>https://pendlings-app1.t-767929534-cloudflare.workers.dev/?fran=Höör&amp;till=Älvkarleby</loc><changefreq>monthly</changefreq></url>
Eksjö,Berg,1101,740,Avståndet mellan Eksjö och Berg är 1101 km och Karl-Johan Gyllenstorm beräknade körtiden till cirka 740 minuter.,<url><loc>https://pendlings-app1.t-767929534-cloudflare.workers.dev/?fran=Eksjö&amp;till=Berg</loc><changefreq>monthly</changefreq></url>
Gävle,Katrineholm,749,598,Avståndet mellan Gävle och Katrineholm är 749 km och Karl-Johan Gyllenstorm beräknade körtiden till cirka 598 minuter.,<url><loc>https://pendlings-app1.t-767929534-cloudflare.workers.dev/?fran=Gävle&amp;till=Katrineholm</loc><changefreq>monthly</changefreq></url>
Överkalix,Höör,1197,881,Avståndet mellan Överkalix och Höör är 1197 km och Karl-Johan Gyllenstorm beräknade körtiden till cirka 881 minuter.,<url><loc>https://pendlings-app1.t-767929534-cloudflare.workers.dev/?fran=Överkalix&amp;till=Höör</loc><changefreq>monthly</changefreq></url>
Kalix,Göteborg,973,744,Avståndet mellan Kalix och Göteborg är 973 km och Karl-Johan Gyllenstorm beräknade körtiden till cirka 744 minuter.,<url><loc>https://pendlings-app1.t-767929534-cloudflare.workers.dev/?fran=Kalix&amp;till=Göteborg</loc><changefreq>monthly</changefreq></url>
Herrljunga,Lärbro,580,417,Avståndet mellan Herrljunga och Lärbro är 580 km och Karl-Johan Gyllenstorm beräknade körtiden till cirka 417 minuter.,<url><loc>https://pendlings-app1.t-767929534-cloudflare.workers.dev/?fran=Herrljunga&amp;till=Lärbro</loc><changefreq>monthly</changefreq></url>
Tanum,Jokkmokk,935,613,Avståndet mellan Tanum och Jokkmokk är 935 km och Karl-Johan Gyllenstorm beräknade körtiden till cirka 613 minuter.,<url><loc>https://pendlings-app1.t-767929534-cloudflare.workers.dev/?fran=Tanum&amp;till=Jokkmokk</loc><changefreq>monthly</changefreq></url>
Oskarshamn,Leksand,1374,1058,Avståndet mellan Oskarshamn och Leksand är 1374 km och Karl-Johan Gyllenstorm beräknade körtiden till cirka 1058 minuter.,<url><loc>https://pendlings-app1.t-767929534-cloudflare.workers.dev/?fran=Oskarshamn&amp;till=Leksand</loc><changefreq>monthly</changefreq></url>
Hemse,Gävle,481,326,Avståndet mellan Hemse och Gävle är 481 km och Karl-Johan Gyllenstorm beräknade körtiden till cirka 326 minuter.,<url><loc>https://pendlings-app1.t-767929534-cloudflare.workers.dev/?fran=Hemse&amp;till=Gävle</loc><changefreq>monthly</changefreq></url>
Lärbro,Åre,446,283,Avståndet mellan Lärbro och Åre är 446 km och Karl-Johan Gyllenstorm beräknade körtiden till cirka 283 minuter.,<url><loc>https://pendlings-app1.t-767929534-cloudflare.workers.dev/?fran=Lärbro&amp;till=Åre</loc><changefreq>monthly</changefreq></url>
Orsa,Ånge,430,284,Avståndet mellan Orsa och Ånge är 430 km och Karl-Johan Gyllenstorm beräknade körtiden till cirka 284 minuter.,<url><loc>https://pendlings-app1.t-767929534-cloudflare.workers.dev/?fran=Orsa&amp;till=Ånge</loc><changefreq>monthly</changefreq></url>
Berg,Piteå,259,207,Avståndet mellan Berg och Piteå är 259 km och Karl-Johan Gyllenstorm beräknade körtiden till cirka 207 minuter.,<url><loc>https://pendlings-app1.t-767929534-cloudflare.workers.dev/?fran=Berg&amp;till=Piteå</loc><changefreq>monthly</changefreq></url>
Bengtsfors,Kramfors,1289,965,Avståndet mellan Bengtsfors och Kramfors är 1289 km och Karl-Johan Gyllenstorm beräknade körtiden till cirka 965 minuter.,<url><loc>https://pendlings-app1.t-767929534-cloudflare.workers.dev/?fran=Bengtsfors&amp;till=Kramfors</loc><changefreq>monthly</changefreq></url>
Uppsala,Simrishamn,215,137,Avståndet mellan Uppsala och Simrishamn är 215 km och Karl-Johan Gyllenstorm beräknade körtiden till cirka 137 minuter.,<url><loc>https://pendlings-app1.t-767929534-cloudflare.workers.dev/?fran=Uppsala&amp;till=Simrishamn</loc><changefreq>monthly</changefreq></url>
Staffanstorp,Västervik,638,492,Avståndet mellan Staffanstorp och Västervik är 638 km och Karl-Johan Gyllenstorm beräknade körtiden till cirka 492 minuter.,<url><loc>https://pendlings-app1.t-767929534-cloudflare.workers.dev/?fran=Staffanstorp&amp;till=Västervik</loc><changefreq>monthly</changefreq></url>
Götene,Värnamo,434,292,Avståndet mellan Götene och Värnamo är 434 km och Karl-Johan Gyllenstorm beräknade körtiden till cirka 292 minuter.,<url><loc>https://pendlings-app1.t-767929534-cloudflare.workers.dev/?fran=Götene&amp;till=Värnamo</loc><changefreq>monthly</changefreq></url>
Mullsjö,Forshaga,821,601,Avståndet mellan Mullsjö och Forshaga är 821 km och Karl-Johan Gyllenstorm beräknade körtiden till cirka 601 minuter.,<url><loc>https://pendlings-app1.t-767929534-cloudflare.workers.dev/?fran=Mullsjö&amp;till=Forshaga</loc><changefreq>monthly</changefreq></url>
Svedala,Fårösund,614,476,Avståndet mellan Svedala och Fårösund är 614 km och Karl-Johan Gyllenstorm beräknade körtiden till cirka 476 minuter.,<url><loc>https://pendlings-app1.t-767929534-cloudflare.workers.dev/?fran=Svedala&amp;till=Fårösund</loc><changefreq>monthly</changefreq></url>
Åtvidaberg,Sotenäs,427,304,Avståndet mellan Åtvidaberg och Sotenäs är 427 km och Karl-Johan Gyllenstorm beräknade körtiden till cirka 304 minuter.,<url><loc>https://pendlings-app1.t-767929534-cloudflare.workers.dev/?fran=Åtvidaberg&amp;till=Sotenäs</loc><changefreq>monthly</changefreq></url>
Vilhelmina,Dorotea,975,693,Avståndet mellan Vilhelmina och Dorotea är 975 km och Karl-Johan Gyllenstorm beräknade körtiden till cirka 693 minuter.,<url><loc>https://pendlings-app1.t-767929534-cloudflare.workers.dev/?fran=Vilhelmina&amp;till=Dorotea</loc><changefreq>monthly</changefreq></url>
Höör,Piteå,820,576,Avståndet mellan Höör och Piteå är 820 km och Karl-Johan Gyllenstorm beräknade körtiden till cirka 576 minuter.,<url><loc>https://pendlings-app1.t-767929534-cloudflare.workers.dev/?fran=Höör&amp;till=Piteå</loc><changefreq>monthly</changefreq></url>
Ängelholm,Boden,1001,639,Avståndet mellan Ängelholm och Boden är 1001 km och Karl-Johan Gyllenstorm beräknade körtiden till cirka 639 minuter.,<url><loc>https://pendlings-app1.t-767929534-cloudflare.workers.dev/?fran=Ängelholm&amp;till=Boden</loc><changefreq>monthly</changefreq></url>
Östhammar,Lysekil,89,64,Avståndet mellan Östhammar och Lysekil är 89 km och Karl-Johan Gyllenstorm beräknade körtiden till cirka 64 minuter.,<url><loc>https://pendlings-app1.t-767929534-cloudflare.workers.dev/?fran=Östhammar&amp;till=Lysekil</loc><changefreq>monthly</changefreq></url>
Jönköping,Åmål,1443,1094,Avståndet mellan Jönköping och Åmål är 1443 km och Karl-Johan Gyllenstorm beräknade körtiden till cirka 1094 minuter.,<url><loc>https://pendlings-app1.t-767929534-cloudflare.workers.dev/?fran=Jönköping&amp;till=Åmål</loc><changefreq>monthly</changefreq></url>
Bollnäs,Sotenäs,539,371,Avståndet mellan Bollnäs och Sotenäs är 539 km och Karl-Johan Gyllenstorm beräknade körtiden till cirka 371 minuter.,<url><loc>https://pendlings-app1.t-767929534-cloudflare.workers.dev/?fran=Bollnäs&amp;till=Sotenäs</loc><changefreq>monthly</changefreq></url>
Vetlanda,Grythyttan,393,270,Avståndet mellan Vetlanda och Grythyttan är 393 km och Karl-Johan Gyllenstorm beräknade körtiden till cirka 270 minuter.,<url><loc>https://pendlings-app1.t-767929534-cloudflare.workers.dev/?fran=Vetlanda&amp;till=Grythyttan</loc><changefreq>monthly</changefreq></url>
Gullspång,Ragunda,117,77,Avståndet mellan Gullspång och Ragunda är 117 km och Karl-Johan Gyllenstorm beräknade körtiden till cirka 77 minuter.,<url><loc>https://pendlings-app1.t-767929534-cloudflare.workers.dev/?fran=Gullspång&amp;till=Ragunda</loc><changefreq>monthly</changefreq></url>
Ystad,Hyltebruk,902,594,Avståndet mellan Ystad och Hyltebruk är 902 km och Karl-Johan Gyllenstorm beräknade körtiden till cirka 594 minuter.,<url><loc>https://pendlings-app1.t-767929534-cloudflare.workers.dev/?fran=Ystad&amp;till=Hyltebruk</loc><changefreq>monthly</changefreq></url>
Uddevalla,Söderköping,994,731,Avståndet mellan Uddevalla och Söderköping är 994 km och Karl-Johan Gyllenstorm beräknade körtiden till cirka 731 minuter.,<url><loc>https://pendlings-app1.t-767929534-cloudflare.workers.dev/?fran=Uddevalla&amp;till=Söderköping</loc><changefreq>monthly</changefreq></url>
Södertälje,Eda,721,562,Avståndet mellan Södertälje och Eda är 721 km och Karl-Johan Gyllenstorm beräknade körtiden till cirka 562 minuter.,<url><loc>https://pendlings-app1.t-767929534-cloudflare.workers.dev/?fran=Södertälje&amp;till=Eda</loc><changefreq>monthly</changefreq></url>
Motala,Berg,1152,825,Avståndet mellan Motala och Berg är 1152 km och Karl-Johan Gyllenstorm beräknade körtiden till cirka 825 minuter.,<url><loc>https://pendlings-app1.t-767929534-cloudflare.workers.dev/?fran=Motala&amp;till=Berg</loc><changefreq>monthly</changefreq></url>
Strängnäs,Kopparberg,202,132,Avståndet mellan Strängnäs och Kopparberg är 202 km och Karl-Johan Gyllenstorm beräknade körtiden till cirka 132 minuter.,<url><loc>https://pendlings-app1.t-767929534-cloudflare.workers.dev/?fran=Strängnäs&amp;till=Kopparberg</loc><changefreq>monthly</changefreq></url>
Roma,Jokkmokk,1037,712,Avståndet mellan Roma och Jokkmokk är 1037 km och Karl-Johan Gyllenstorm beräknade körtiden till cirka 712 minuter.,<url><loc>https://pendlings-app1.t-767929534-cloudflare.workers.dev/?fran=Roma&amp;till=Jokkmokk</loc><changefreq>monthly</changefreq></url>
Tomelilla,Grums,1181,900,Avståndet mellan Tomelilla och Grums är 1181 km och Karl-Johan Gyllenstorm beräknade körtiden till cirka 900 minuter.,<url><loc>https://pendlings-app1.t-767929534-cloudflare.workers.dev/?fran=Tomelilla&amp;till=Grums</loc><changefreq>monthly</changefreq></url>
Bjuv,Göteborg,638,430,Avståndet mellan Bjuv och Göteborg är 638 km och Karl-Johan Gyllenstorm beräknade körtiden till cirka 430 minuter.,<url><loc>https://pendlings-app1.t-767929534-cloudflare.workers.dev/?fran=Bjuv&amp;till=Göteborg</loc><changefreq>monthly</changefreq></url>
Falköping,Tierp,109,71,Avståndet mellan Falköping och Tierp är 109 km och Karl-Johan Gyllenstorm beräknade körtiden till cirka 71 minuter.,<url><loc>https://pendlings-app1.t-767929534-cloudflare.workers.dev/?fran=Falköping&amp;till=Tierp</loc><changefreq>monthly</changefreq></url>
Eskilstuna,Hemse,612,426,Avståndet mellan Eskilstuna och Hemse är 612 km och Karl-Johan Gyllenstorm beräknade körtiden till cirka 426 minuter.,<url><loc>https://pendlings-app1.t-767929534-cloudflare.workers.dev/?fran=Eskilstuna&amp;till=Hemse</loc><changefreq>monthly</changefreq></url>
Tranås,Luleå,936,692,Avståndet mellan Tranås och Luleå är 936 km och Karl-Johan Gyllenstorm beräknade körtiden till cirka 692 minuter.,<url><loc>https://pendlings-app1.t-767929534-cloudflare.workers.dev/?fran=Tranås&amp;till=Luleå</loc><changefreq>monthly</changefreq></url>
Säffle,Höör,572,448,Avståndet mellan Säffle och Höör är 572 km och Karl-Johan Gyllenstorm beräknade körtiden till cirka 448 minuter.,<url><loc>https://pendlings-app1.t-767929534-cloudflare.workers.dev/?fran=Säffle&amp;till=Höör</loc><changefreq>monthly</changefreq></url>
Sälen,Linköping,1041,797,Avståndet mellan Sälen och Linköping är 1041 km och Karl-Johan Gyllenstorm beräknade körtiden till cirka 797 minuter.,<url><loc>https://pendlings-app1.t-767929534-cloudflare.workers.dev/?fran=Sälen&amp;till=Linköping</loc><changefreq>monthly</changefreq></url>
Ljusnarsberg,Söderhamn,575,421,Avståndet mellan Ljusnarsberg och Söderhamn är 575 km och Karl-Johan Gyllenstorm beräknade körtiden till cirka 421 minuter.,<url><loc>https://pendlings-app1.t-767929534-cloudflare.workers.dev/?fran=Ljusnarsberg&amp;till=Söderhamn</loc><changefreq>monthly</changefreq></url>
Gävle,Kalix,711,469,Avståndet mellan Gävle och Kalix är 711 km och Karl-Johan Gyllenstorm beräknade körtiden till cirka 469 minuter.,<url><loc>https://pendlings-app1.t-767929534-cloudflare.workers.dev/?fran=Gävle&amp;till=Kalix</loc><changefreq>monthly</changefreq></url>
Lekeberg,Kils,1051,689,Avståndet mellan Lekeberg och Kils är 1051 km och Karl-Johan Gyllenstorm beräknade körtiden till cirka 689 minuter.,<url><loc>https://pendlings-app1.t-767929534-cloudflare.workers.dev/?fran=Lekeberg&amp;till=Kils</loc><changefreq>monthly</changefreq></url>
Umeå,Göteborg,1197,897,Avståndet mellan Umeå och Göteborg är 1197 km och Karl-Johan Gyllenstorm beräknade körtiden till cirka 897 minuter.,<url><loc>https://pendlings-app1.t-767929534-cloudflare.workers.dev/?fran=Umeå&amp;till=Göteborg</loc><changefreq>monthly</changefreq></url>
Södertälje,Falun,1192,793,Avståndet mellan Södertälje och Falun är 1192 km och Karl-Johan Gyllenstorm beräknade körtiden till cirka 793 minuter.,<url><loc>https://pendlings-app1.t-767929534-cloudflare.workers.dev/?fran=Södertälje&amp;till=Falun</loc><changefreq>monthly</changefreq></url>
Trollhättan,Luleå,47,36,Avståndet mellan Trollhättan och Luleå är 47 km och Karl-Johan Gyllenstorm beräknade körtiden till cirka 36 minuter.,<url><loc>https://pendlings-app1.t-767929534-cloudflare.workers.dev/?fran=Trollhättan&amp;till=Luleå</loc><changefreq>monthly</changefreq></url>
Kalmar,Årjäng,625,415,Avståndet mellan Kalmar och Årjäng är 625 km och Karl-Johan Gyllenstorm beräknade körtiden till cirka 415 minuter.,<url><loc>https://pendlings-app1.t-767929534-cloudflare.workers.dev/?fran=Kalmar&amp;till=Årjäng</loc><changefreq>monthly</changefreq></url>
Charlottenberg,Sollefteå,782,522,Avståndet mellan Charlottenberg och Sollefteå är 782 km och Karl-Johan Gyllenstorm beräknade körtiden till cirka 522 minuter.,<url><loc>https://pendlings-app1.t-767929534-cloudflare.workers.dev/?fran=Charlottenberg&amp;till=Sollefteå</loc><changefreq>monthly</changefreq></url>
Uppsala,Åre,800,523,Avståndet mellan Uppsala och Åre är 800 km och Karl-Johan Gyllenstorm beräknade körtiden till cirka 523 minuter.,<url><loc>https://pendlings-app1.t-767929534-cloudflare.workers.dev/?fran=Uppsala&amp;till=Åre</loc><changefreq>monthly</changefreq></url>
Hjo,Strömsund,305,220,Avståndet mellan Hjo och Strömsund är 305 km och Karl-Johan Gyllenstorm beräknade körtiden till cirka 220 minuter.,<url><loc>https://pendlings-app1.t-767929534-cloudflare.workers.dev/?fran=Hjo&amp;till=Strömsund</loc><changefreq>monthly</changefreq></url>
Mörbylånga,Kalmar,1187,939,Avståndet mellan Mörbylånga och Kalmar är 1187 km och Karl-Johan Gyllenstorm beräknade körtiden till cirka 939 minuter.,<url><loc>https://pendlings-app1.t-767929534-cloudflare.workers.dev/?fran=Mörbylånga&amp;till=Kalmar</loc><changefreq>monthly</changefreq></url>
Knivsta,Laholm,1434,1020,Avståndet mellan Knivsta och Laholm är 1434 km och Karl-Johan Gyllenstorm beräknade körtiden till cirka 1020 minuter.,<url><loc>https://pendlings-app1.t-767929534-cloudflare.workers.dev/?fran=Knivsta&amp;till=Laholm</loc><changefreq>monthly</changefreq></url>
Karlstad,Färjestaden,430,302,Avståndet mellan Karlstad och Färjestaden är 430 km och Karl-Johan Gyllenstorm beräknade körtiden till cirka 302 minuter.,<url><loc>https://pendlings-app1.t-767929534-cloudflare.workers.dev/?fran=Karlstad&amp;till=Färjestaden</loc><changefreq>monthly</changefreq></url>
Hjo,Malå,570,448,Avståndet mellan Hjo och Malå är 570 km och Karl-Johan Gyllenstorm beräknade körtiden till cirka 448 minuter.,<url><loc>https://pendlings-app1.t-767929534-cloudflare.workers.dev/?fran=Hjo&amp;till=Malå</loc><changefreq>monthly</changefreq></url>
Orsa,Askersund,49,31,Avståndet mellan Orsa och Askersund är 49 km och Karl-Johan Gyllenstorm beräknade körtiden till cirka 31 minuter.,<url><loc>https://pendlings-app1.t-767929534-cloudflare.workers.dev/?fran=Orsa&amp;till=Askersund</loc><changefreq>monthly</changefreq></url>
Höganäs,Forshaga,31,21,Avståndet mellan Höganäs och Forshaga är 31 km och Karl-Johan Gyllenstorm beräknade körtiden till cirka 21 minuter.,<url><loc>https://pendlings-app1.t-767929534-cloudflare.workers.dev/?fran=Höganäs&amp;till=Forshaga</loc><changefreq>monthly</changefreq></url>
Sollefteå,Eksjö,490,346,Avståndet mellan Sollefteå och Eksjö är 490 km och Karl-Johan Gyllenstorm beräknade körtiden till cirka 346 minuter.,<url><loc>https://pendlings-app1.t-767929534-cloudflare.workers.dev/?fran=Sollefteå&amp;till=Eksjö</loc><changefreq>monthly</changefreq></url>
Slite,Uppsala,715,490,Avståndet mellan Slite och Uppsala är 715 km och Karl-Johan Gyllenstorm beräknade körtiden till cirka 490 minuter.,<url><loc>https://pendlings-app1.t-767929534-cloudflare.workers.dev/?fran=Slite&amp;till=Uppsala</loc><changefreq>monthly</changefreq></url>
Visby,Emmaboda,665,471,Avståndet mellan Visby och Emmaboda är 665 km och Karl-Johan Gyllenstorm beräknade körtiden till cirka 471 minuter.,<url><loc>https://pendlings-app1.t-767929534-cloudflare.workers.dev/?fran=Visby&amp;till=Emmaboda</loc><changefreq>monthly</changefreq></url>
Kopparberg,Hyltebruk,573,438,Avståndet mellan Kopparberg och Hyltebruk är 573 km och Karl-Johan Gyllenstorm beräknade körtiden till cirka 438 minuter.,<url><loc>https://pendlings-app1.t-767929534-cloudflare.workers.dev/?fran=Kopparberg&amp;till=Hyltebruk</loc><changefreq>monthly</changefreq></url>
Ängelholm,Sorsele,825,553,Avståndet mellan Ängelholm och Sorsele är 825 km och Karl-Johan Gyllenstorm beräknade körtiden till cirka 553 minuter.,<url><loc>https://pendlings-app1.t-767929534-cloudflare.workers.dev/?fran=Ängelholm&amp;till=Sorsele</loc><changefreq>monthly</changefreq></url>
Gnosjö,Tierp,505,372,Avståndet mellan Gnosjö och Tierp är 505 km och Karl-Johan Gyllenstorm beräknade körtiden till cirka 372 minuter.,<url><loc>https://pendlings-app1.t-767929534-cloudflare.workers.dev/?fran=Gnosjö&amp;till=Tierp</loc><changefreq>monthly</changefreq></url>
Tingstäde,Lysekil,1233,850,Avståndet mellan Tingstäde och Lysekil är 1233 km och Karl-Johan Gyllenstorm beräknade körtiden till cirka 850 minuter.,<url><loc>https://pendlings-app1.t-767929534-cloudflare.workers.dev/?fran=Tingstäde&amp;till=Lysekil</loc><changefreq>monthly</changefreq></url>
Ljusnarsberg,Kristianstad,91,63,Avståndet mellan Ljusnarsberg och Kristianstad är 91 km och Karl-Johan Gyllenstorm beräknade körtiden till cirka 63 minuter.,<url><loc>https://pendlings-app1.t-767929534-cloudflare.workers.dev/?fran=Ljusnarsberg&amp;till=Kristianstad</loc><changefreq>monthly</changefreq></url>
Hallsberg,Laholm,476,338,Avståndet mellan Hallsberg och Laholm är 476 km och Karl-Johan Gyllenstorm beräknade körtiden till cirka 338 minuter.,<url><loc>https://pendlings-app1.t-767929534-cloudflare.workers.dev/?fran=Hallsberg&amp;till=Laholm</loc><changefreq>monthly</changefreq></url>
Hagfors,Osby,184,138,Avståndet mellan Hagfors och Osby är 184 km och Karl-Johan Gyllenstorm beräknade körtiden till cirka 138 minuter.,<url><loc>https://pendlings-app1.t-767929534-cloudflare.workers.dev/?fran=Hagfors&amp;till=Osby</loc><changefreq>monthly</changefreq></url>
Timrå,Ludvika,900,711,Avståndet mellan Timrå och Ludvika är 900 km och Karl-Johan Gyllenstorm beräknade körtiden till cirka 711 minuter.,<url><loc>https://pendlings-app1.t-767929534-cloudflare.workers.dev/?fran=Timrå&amp;till=Ludvika</loc><changefreq>monthly</changefreq></url>
Oxelösund,Laholm,1025,669,Avståndet mellan Oxelösund och Laholm är 1025 km och Karl-Johan Gyllenstorm beräknade körtiden till cirka 669 minuter.,<url><loc>https://pendlings-app1.t-767929534-cloudflare.workers.dev/?fran=Oxelösund&amp;till=Laholm</loc><changefreq>monthly</changefreq></url>
Kristianstad,Bollnäs,1325,955,Avståndet mellan Kristianstad och Bollnäs är 1325 km och Karl-Johan Gyllenstorm beräknade körtiden till cirka 955 minuter.,<url><loc>https://pendlings-app1.t-767929534-cloudflare.workers.dev/?fran=Kristianstad&amp;till=Bollnäs</loc><changefreq>monthly</changefreq></url>
Gullspång,Borlänge,217,161,Avståndet mellan Gullspång och Borlänge är 217 km och Karl-Johan Gyllenstorm beräknade körtiden till cirka 161 minuter.,<url><loc>https://pendlings-app1.t-767929534-cloudflare.workers.dev/?fran=Gullspång&amp;till=Borlänge</loc><changefreq>monthly</changefreq></url>
Kristianstad,Hagfors,958,675,Avståndet mellan Kristianstad och Hagfors är 958 km och Karl-Johan Gyllenstorm beräknade körtiden till cirka 675 minuter.,<url><loc>https://pendlings-app1.t-767929534-cloudflare.workers.dev/?fran=Kristianstad&amp;till=Hagfors</loc><changefreq>monthly</changefreq></url>
Hallstahammar,Älvsbyn,1095,819,Avståndet mellan Hallstahammar och Älvsbyn är 1095 km och Karl-Johan Gyllenstorm beräknade körtiden till cirka 819 minuter.,<url><loc>https://pendlings-app1.t-767929534-cloudflare.workers.dev/?fran=Hallstahammar&amp;till=Älvsbyn</loc><changefreq>monthly</changefreq></url>
Arboga,Katrineholm,459,327,Avståndet mellan Arboga och Katrineholm är 459 km och Karl-Johan Gyllenstorm beräknade körtiden till cirka 327 minuter.,<url><loc>https://pendlings-app1.t-767929534-cloudflare.workers.dev/?fran=Arboga&amp;till=Katrineholm</loc><changefreq>monthly</changefreq></url>
Gagnef,Stockholm,836,560,Avståndet mellan Gagnef och Stockholm är 836 km och Karl-Johan Gyllenstorm beräknade körtiden till cirka 560 minuter.,<url><loc>https://pendlings-app1.t-767929534-cloudflare.workers.dev/?fran=Gagnef&amp;till=Stockholm</loc><changefreq>monthly</changefreq></url>
Falkenberg,Osby,193,135,Avståndet mellan Falkenberg och Osby är 193 km och Karl-Johan Gyllenstorm beräknade körtiden till cirka 135 minuter.,<url><loc>https://pendlings-app1.t-767929534-cloudflare.workers.dev/?fran=Falkenberg&amp;till=Osby</loc><changefreq>monthly</changefreq></url>
Eskilstuna,Kalix,949,620,Avståndet mellan Eskilstuna och Kalix är 949 km och Karl-Johan Gyllenstorm beräknade körtiden till cirka 620 minuter.,<url><loc>https://pendlings-app1.t-767929534-cloudflare.workers.dev/?fran=Eskilstuna&amp;till=Kalix</loc><changefreq>monthly</changefreq></url>
Grythyttan,Essunga,744,482,Avståndet mellan Grythyttan och Essunga är 744 km och Karl-Johan Gyllenstorm beräknade körtiden till cirka 482 minuter.,<url><loc>https://pendlings-app1.t-767929534-cloudflare.workers.dev/?fran=Grythyttan&amp;till=Essunga</loc><changefreq>monthly</changefreq></url>
Åsele,Vansbro,550,355,Avståndet mellan Åsele och Vansbro är 550 km och Karl-Johan Gyllenstorm beräknade körtiden till cirka 355 minuter.,<url><loc>https://pendlings-app1.t-767929534-cloudflare.workers.dev/?fran=Åsele&amp;till=Vansbro</loc><changefreq>monthly</changefreq></url>
Vansbro,Munkedal,982,759,Avståndet mellan Vansbro och Munkedal är 982 km och Karl-Johan Gyllenstorm beräknade körtiden till cirka 759 minuter.,<url><loc>https://pendlings-app1.t-767929534-cloudflare.workers.dev/?fran=Vansbro&amp;till=Munkedal</loc><changefreq>monthly</changefreq></url>
Katrineholm,Motala,819,545,Avståndet mellan Katrineholm och Motala är 819 km och Karl-Johan Gyllenstorm beräknade körtiden till cirka 545 minuter.,<url><loc>https://pendlings-app1.t-767929534-cloudflare.workers.dev/?fran=Katrineholm&amp;till=Motala</loc><changefreq>monthly</changefreq></url>
Bromölla,Kramfors,852,594,Avståndet mellan Bromölla och Kramfors är 852 km och Karl-Johan Gyllenstorm beräknade körtiden till cirka 594 minuter.,<url><loc>https://pendlings-app1.t-767929534-cloudflare.workers.dev/?fran=Bromölla&amp;till=Kramfors</loc><changefreq>monthly</changefreq></url>
Halmstad,Lindesberg,162,118,Avståndet mellan Halmstad och Lindesberg är 162 km och Karl-Johan Gyllenstorm beräknade körtiden till cirka 118 minuter.,<url><loc>https://pendlings-app1.t-767929534-cloudflare.workers.dev/?fran=Halmstad&amp;till=Lindesberg</loc><changefreq>monthly</changefreq></url>
Kinda,Norberg,633,410,Avståndet mellan Kinda och Norberg är 633 km och Karl-Johan Gyllenstorm beräknade körtiden till cirka 410 minuter.,<url><loc>https://pendlings-app1.t-767929534-cloudflare.workers.dev/?fran=Kinda&amp;till=Norberg</loc><changefreq>monthly</changefreq></url>
Hallsberg,Motala,203,143,Avståndet mellan Hallsberg och Motala är 203 km och Karl-Johan Gyllenstorm beräknade körtiden till cirka 143 minuter.,<url><loc>https://pendlings-app1.t-767929534-cloudflare.workers.dev/?fran=Hallsberg&amp;till=Motala</loc><changefreq>monthly</changefreq></url>
Tingstäde,Haparanda,1084,723,Avståndet mellan Tingstäde och Haparanda är 1084 km och Karl-Johan Gyllenstorm beräknade körtiden till cirka 723 minuter.,<url><loc>https://pendlings-app1.t-767929534-cloudflare.workers.dev/?fran=Tingstäde&amp;till=Haparanda</loc><changefreq>monthly</changefreq></url>
Karlshamn,Sotenäs,1194,947,Avståndet mellan Karlshamn och Sotenäs är 1194 km och Karl-Johan Gyllenstorm beräknade körtiden till cirka 947 minuter.,<url><loc>https://pendlings-app1.t-767929534-cloudflare.workers.dev/?fran=Karlshamn&amp;till=Sotenäs</loc><changefreq>monthly</changefreq></url>
Hallsberg,Vingåker,147,113,Avståndet mellan Hallsberg och Vingåker är 147 km och Karl-Johan Gyllenstorm beräknade körtiden till cirka 113 minuter.,<url><loc>https://pendlings-app1.t-767929534-cloudflare.workers.dev/?fran=Hallsberg&amp;till=Vingåker</loc><changefreq>monthly</changefreq></url>
Osby,Laholm,998,640,Avståndet mellan Osby och Laholm är 998 km och Karl-Johan Gyllenstorm beräknade körtiden till cirka 640 minuter.,<url><loc>https://pendlings-app1.t-767929534-cloudflare.workers.dev/?fran=Osby&amp;till=Laholm</loc><changefreq>monthly</changefreq></url>
Övertorneå,Mörbylånga,366,254,Avståndet mellan Övertorneå och Mörbylånga är 366 km och Karl-Johan Gyllenstorm beräknade körtiden till cirka 254 minuter.,<url><loc>https://pendlings-app1.t-767929534-cloudflare.workers.dev/?fran=Övertorneå&amp;till=Mörbylånga</loc><changefreq>monthly</changefreq></url>
Visby,Helsingborg,250,199,Avståndet mellan Visby och Helsingborg är 250 km och Karl-Johan Gyllenstorm beräknade körtiden till cirka 199 minuter.,<url><loc>https://pendlings-app1.t-767929534-cloudflare.workers.dev/?fran=Visby&amp;till=Helsingborg</loc><changefreq>monthly</changefreq></url>
Sveg,Askersund,1083,801,Avståndet mellan Sveg och Askersund är 1083 km och Karl-Johan Gyllenstorm beräknade körtiden till cirka 801 minuter.,<url><loc>https://pendlings-app1.t-767929534-cloudflare.workers.dev/?fran=Sveg&amp;till=Askersund</loc><changefreq>monthly</changefreq></url>
Lysekil,Vellinge,108,73,Avståndet mellan Lysekil och Vellinge är 108 km och Karl-Johan Gyllenstorm beräknade körtiden till cirka 73 minuter.,<url><loc>https://pendlings-app1.t-767929534-cloudflare.workers.dev/?fran=Lysekil&amp;till=Vellinge</loc><changefreq>monthly</changefreq></url>
Älvdalen,Oskarshamn,1355,885,Avståndet mellan Älvdalen och Oskarshamn är 1355 km och Karl-Johan Gyllenstorm beräknade körtiden till cirka 885 minuter.,<url><loc>https://pendlings-app1.t-767929534-cloudflare.workers.dev/?fran=Älvdalen&amp;till=Oskarshamn</loc><changefreq>monthly</changefreq></url>
Mjölby,Skinnskatteberg,1176,853,Avståndet mellan Mjölby och Skinnskatteberg är 1176 km och Karl-Johan Gyllenstorm beräknade körtiden till cirka 853 minuter.,<url><loc>https://pendlings-app1.t-767929534-cloudflare.workers.dev/?fran=Mjölby&amp;till=Skinnskatteberg</loc><changefreq>monthly</changefreq></url>
Hemse,Sandviken,619,393,Avståndet mellan Hemse och Sandviken är 619 km och Karl-Johan Gyllenstorm beräknade körtiden till cirka 393 minuter.,<url><loc>https://pendlings-app1.t-767929534-cloudflare.workers.dev/?fran=Hemse&amp;till=Sandviken</loc><changefreq>monthly</changefreq></url>
Ockelbo,Boxholm,769,554,Avståndet mellan Ockelbo och Boxholm är 769 km och Karl-Johan Gyllenstorm beräknade körtiden till cirka 554 minuter.,<url><loc>https://pendlings-app1.t-767929534-cloudflare.workers.dev/?fran=Ockelbo&amp;till=Boxholm</loc><changefreq>monthly</changefreq></url>
Vilhelmina,Karlskrona,902,715,Avståndet mellan Vilhelmina och Karlskrona är 902 km och Karl-Johan Gyllenstorm beräknade körtiden till cirka 715 minuter.,<url><loc>https://pendlings-app1.t-767929534-cloudflare.workers.dev/?fran=Vilhelmina&amp;till=Karlskrona</loc><changefreq>monthly</changefreq></url>
Grythyttan,Härjedalen,99,75,Avståndet mellan Grythyttan och Härjedalen är 99 km och Karl-Johan Gyllenstorm beräknade körtiden till cirka 75 minuter.,<url><loc>https://pendlings-app1.t-767929534-cloudflare.workers.dev/?fran=Grythyttan&amp;till=Härjedalen</loc><changefreq>monthly</changefreq></url>
Västerås,Borgholm,532,381,Avståndet mellan Västerås och Borgholm är 532 km och Karl-Johan Gyllenstorm beräknade körtiden till cirka 381 minuter.,<url><loc>https://pendlings-app1.t-767929534-cloudflare.workers.dev/?fran=Västerås&amp;till=Borgholm</loc><changefreq>monthly</changefreq></url>
Åtvidaberg,Essunga,895,618,Avståndet mellan Åtvidaberg och Essunga är 895 km och Karl-Johan Gyllenstorm beräknade körtiden till cirka 618 minuter.,<url><loc>https://pendlings-app1.t-767929534-cloudflare.workers.dev/?fran=Åtvidaberg&amp;till=Essunga</loc><changefreq>monthly</changefreq></url>
Jönköping,Halmstad,528,400,Avståndet mellan Jönköping och Halmstad är 528 km och Karl-Johan Gyllenstorm beräknade körtiden till cirka 400 minuter.,<url><loc>https://pendlings-app1.t-767929534-cloudflare.workers.dev/?fran=Jönköping&amp;till=Halmstad</loc><changefreq>monthly</changefreq></url>
Karlstad,Söderhamn,836,592,Avståndet mellan Karlstad och Söderhamn är 836 km och Karl-Johan Gyllenstorm beräknade körtiden till cirka 592 minuter.,<url><loc>https://pendlings-app1.t-767929534-cloudflare.workers.dev/?fran=Karlstad&amp;till=Söderhamn</loc><changefreq>monthly</changefreq></url>
Mark,Filipstad,926,629,Avståndet mellan Mark och Filipstad är 926 km och Karl-Johan Gyllenstorm beräknade körtiden till cirka 629 minuter.,<url><loc>https://pendlings-app1.t-767929534-cloudflare.workers.dev/?fran=Mark&amp;till=Filipstad</loc><changefreq>monthly</changefreq></url>
Gävle,Vansbro,70,46,Avståndet mellan Gävle och Vansbro är 70 km och Karl-Johan Gyllenstorm beräknade körtiden till cirka 46 minuter.,<url><loc>https://pendlings-app1.t-767929534-cloudflare.workers.dev/?fran=Gävle&amp;till=Vansbro</loc><changefreq>monthly</changefreq></url>
Pajala,Karlskoga,989,667,Avståndet mellan Pajala och Karlskoga är 989 km och Karl-Johan Gyllenstorm beräknade körtiden till cirka 667 minuter.,<url><loc>https://pendlings-app1.t-767929534-cloudflare.workers.dev/?fran=Pajala&amp;till=Karlskoga</loc><changefreq>monthly</changefreq></url>
Skövde,Bräcke,271,189,Avståndet mellan Skövde och Bräcke är 271 km och Karl-Johan Gyllenstorm beräknade körtiden till cirka 189 minuter.,<url><loc>https://pendlings-app1.t-767929534-cloudflare.workers.dev/?fran=Skövde&amp;till=Bräcke</loc><changefreq>monthly</changefreq></url>
Helsingborg,Mjölby,302,230,Avståndet mellan Helsingborg och Mjölby är 302 km och Karl-Johan Gyllenstorm beräknade körtiden till cirka 230 minuter.,<url><loc>https://pendlings-app1.t-767929534-cloudflare.workers.dev/?fran=Helsingborg&amp;till=Mjölby</loc><changefreq>monthly</changefreq></url>
Kils,Flen,400,288,Avståndet mellan Kils och Flen är 400 km och Karl-Johan Gyllenstorm beräknade körtiden till cirka 288 minuter.,<url><loc>https://pendlings-app1.t-767929534-cloudflare.workers.dev/?fran=Kils&amp;till=Flen</loc><changefreq>monthly</changefreq></url>
Stockholm,Avesta,998,642,Avståndet mellan Stockholm och Avesta är 998 km och Karl-Johan Gyllenstorm beräknade körtiden till cirka 642 minuter.,<url><loc>https://pendlings-app1.t-767929534-cloudflare.workers.dev/?fran=Stockholm&amp;till=Avesta</loc><changefreq>monthly</changefreq></url>
Havdhem,Töreboda,1340,997,Avståndet mellan Havdhem och Töreboda är 1340 km och Karl-Johan Gyllenstorm beräknade körtiden till cirka 997 minuter.,<url><loc>https://pendlings-app1.t-767929534-cloudflare.workers.dev/?fran=Havdhem&amp;till=Töreboda</loc><changefreq>monthly</changefreq></url>
Gimo,Havdhem,191,131,Avståndet mellan Gimo och Havdhem är 191 km och Karl-Johan Gyllenstorm beräknade körtiden till cirka 131 minuter.,<url><loc>https://pendlings-app1.t-767929534-cloudflare.workers.dev/?fran=Gimo&amp;till=Havdhem</loc><changefreq>monthly</changefreq></url>
Ronehamn,Ödeshög,1073,766,Avståndet mellan Ronehamn och Ödeshög är 1073 km och Karl-Johan Gyllenstorm beräknade körtiden till cirka 766 minuter.,<url><loc>https://pendlings-app1.t-767929534-cloudflare.workers.dev/?fran=Ronehamn&amp;till=Ödeshög</loc><changefreq>monthly</changefreq></url>
Eslöv,Svedala,1350,951,Avståndet mellan Eslöv och Svedala är 1350 km och Karl-Johan Gyllenstorm beräknade körtiden till cirka 951 minuter.,<url><loc>https://pendlings-app1.t-767929534-cloudflare.workers.dev/?fran=Eslöv&amp;till=Svedala</loc><changefreq>monthly</changefreq></url>
Mjölby,Simrishamn,698,528,Avståndet mellan Mjölby och Simrishamn är 698 km och Karl-Johan Gyllenstorm beräknade körtiden till cirka 528 minuter.,<url><loc>https://pendlings-app1.t-767929534-cloudflare.workers.dev/?fran=Mjölby&amp;till=Simrishamn</loc><changefreq>monthly</changefreq></url>
Piteå,Uddevalla,699,474,Avståndet mellan Piteå och Uddevalla är 699 km och Karl-Johan Gyllenstorm beräknade körtiden till cirka 474 minuter.,<url><loc>https://pendlings-app1.t-767929534-cloudflare.workers.dev/?fran=Piteå&amp;till=Uddevalla</loc><changefreq>monthly</changefreq></url>
Vellinge,Nybro,120,87,Avståndet mellan Vellinge och Nybro är 120 km och Karl-Johan Gyllenstorm beräknade körtiden till cirka 87 minuter.,<url><loc>https://pendlings-app1.t-767929534-cloudflare.workers.dev/?fran=Vellinge&amp;till=Nybro</loc><changefreq>monthly</changefreq></url>
Vadstena,Sala,445,309,Avståndet mellan Vadstena och Sala är 445 km och Karl-Johan Gyllenstorm beräknade körtiden till cirka 309 minuter.,<url><loc>https://pendlings-app1.t-767929534-cloudflare.workers.dev/?fran=Vadstena&amp;till=Sala</loc><changefreq>monthly</changefreq></url>
Södertälje,Slite,443,328,Avståndet mellan Södertälje och Slite är 443 km och Karl-Johan Gyllenstorm beräknade körtiden till cirka 328 minuter.,<url><loc>https://pendlings-app1.t-767929534-cloudflare.workers.dev/?fran=Södertälje&amp;till=Slite</loc><changefreq>monthly</changefreq></url>
Tranås,Vänersborg,371,250,Avståndet mellan Tranås och Vänersborg är 371 km och Karl-Johan Gyllenstorm beräknade körtiden till cirka 250 minuter.,<url><loc>https://pendlings-app1.t-767929534-cloudflare.workers.dev/?fran=Tranås&amp;till=Vänersborg</loc><changefreq>monthly</changefreq></url>
Skellefteå,Borgholm,1445,992,Avståndet mellan Skellefteå och Borgholm är 1445 km och Karl-Johan Gyllenstorm beräknade körtiden till cirka 992 minuter.,<url><loc>https://pendlings-app1.t-767929534-cloudflare.workers.dev/?fran=Skellefteå&amp;till=Borgholm</loc><changefreq>monthly</changefreq></url>
Norrköping,Kils,1056,703,Avståndet mellan Norrköping och Kils är 1056 km och Karl-Johan Gyllenstorm beräknade körtiden till cirka 703 minuter.,<url><loc>https://pendlings-app1.t-767929534-cloudflare.workers.dev/?fran=Norrköping&amp;till=Kils</loc><changefreq>monthly</changefreq></url>
Bollnäs,Linköping,843,670,Avståndet mellan Bollnäs och Linköping är 843 km och Karl-Johan Gyllenstorm beräknade körtiden till cirka 670 minuter.,<url><loc>https://pendlings-app1.t-767929534-cloudflare.workers.dev/?fran=Bollnäs&amp;till=Linköping</loc><changefreq>monthly</changefreq></url>
Hjo,Strängnäs,669,441,Avståndet mellan Hjo och Strängnäs är 669 km och Karl-Johan Gyllenstorm beräknade körtiden till cirka 441 minuter.,<url><loc>https://pendlings-app1.t-767929534-cloudflare.workers.dev/?fran=Hjo&amp;till=Strängnäs</loc><changefreq>monthly</changefreq></url>
Laholm,Åtvidaberg,1330,980,Avståndet mellan Laholm och Åtvidaberg är 1330 km och Karl-Johan Gyllenstorm beräknade körtiden till cirka 980 minuter.,<url><loc>https://pendlings-app1.t-767929534-cloudflare.workers.dev/?fran=Laholm&amp;till=Åtvidaberg</loc><changefreq>monthly</changefreq></url>
Vingåker,Gislaved,69,45,Avståndet mellan Vingåker och Gislaved är 69 km och Karl-Johan Gyllenstorm beräknade körtiden till cirka 45 minuter.,<url><loc>https://pendlings-app1.t-767929534-cloudflare.workers.dev/?fran=Vingåker&amp;till=Gislaved</loc><changefreq>monthly</changefreq></url>
Knivsta,Bjuv,1329,984,Avståndet mellan Knivsta och Bjuv är 1329 km och Karl-Johan Gyllenstorm beräknade körtiden till cirka 984 minuter.,<url><loc>https://pendlings-app1.t-767929534-cloudflare.workers.dev/?fran=Knivsta&amp;till=Bjuv</loc><changefreq>monthly</changefreq></url>
Högsby,Landskrona,307,237,Avståndet mellan Högsby och Landskrona är 307 km och Karl-Johan Gyllenstorm beräknade körtiden till cirka 237 minuter.,<url><loc>https://pendlings-app1.t-767929534-cloudflare.workers.dev/?fran=Högsby&amp;till=Landskrona</loc><changefreq>monthly</changefreq></url>
Vetlanda,Växjö,266,180,Avståndet mellan Vetlanda och Växjö är 266 km och Karl-Johan Gyllenstorm beräknade körtiden till cirka 180 minuter.,<url><loc>https://pendlings-app1.t-767929534-cloudflare.workers.dev/?fran=Vetlanda&amp;till=Växjö</loc><changefreq>monthly</changefreq></url>
Gällivare,Forshaga,145,108,Avståndet mellan Gällivare och Forshaga är 145 km och Karl-Johan Gyllenstorm beräknade körtiden till cirka 108 minuter.,<url><loc>https://pendlings-app1.t-767929534-cloudflare.workers.dev/?fran=Gällivare&amp;till=Forshaga</loc><changefreq>monthly</changefreq></url>
Hagfors,Lund,1173,843,Avståndet mellan Hagfors och Lund är 1173 km och Karl-Johan Gyllenstorm beräknade körtiden till cirka 843 minuter.,<url><loc>https://pendlings-app1.t-767929534-cloudflare.workers.dev/?fran=Hagfors&amp;till=Lund</loc><changefreq>monthly</changefreq></url>
Jönköping,Bräcke,184,129,Avståndet mellan Jönköping och Bräcke är 184 km och Karl-Johan Gyllenstorm beräknade körtiden till cirka 129 minuter.,<url><loc>https://pendlings-app1.t-767929534-cloudflare.workers.dev/?fran=Jönköping&amp;till=Bräcke</loc><changefreq>monthly</changefreq></url>
Jönköping,Gnosjö,847,573,Avståndet mellan Jönköping och Gnosjö är 847 km och Karl-Johan Gyllenstorm beräknade körtiden till cirka 573 minuter.,<url><loc>https://pendlings-app1.t-767929534-cloudflare.workers.dev/?fran=Jönköping&amp;till=Gnosjö</loc><changefreq>monthly</changefreq></url>
Årjäng,Skara,931,739,Avståndet mellan Årjäng och Skara är 931 km och Karl-Johan Gyllenstorm beräknade körtiden till cirka 739 minuter.,<url><loc>https://pendlings-app1.t-767929534-cloudflare.workers.dev/?fran=Årjäng&amp;till=Skara</loc><changefreq>monthly</changefreq></url>
Högsby,Stånga,825,626,Avståndet mellan Högsby och Stånga är 825 km och Karl-Johan Gyllenstorm beräknade körtiden till cirka 626 minuter.,<url><loc>https://pendlings-app1.t-767929534-cloudflare.workers.dev/?fran=Högsby&amp;till=Stånga</loc><changefreq>monthly</changefreq></url>
Degerfors,Eslöv,150,100,Avståndet mellan Degerfors och Eslöv är 150 km och Karl-Johan Gyllenstorm beräknade körtiden till cirka 100 minuter.,<url><loc>https://pendlings-app1.t-767929534-cloudflare.workers.dev/?fran=Degerfors&amp;till=Eslöv</loc><changefreq>monthly</changefreq></url>
Simrishamn,Oskarshamn,848,564,Avståndet mellan Simrishamn och Oskarshamn är 848 km och Karl-Johan Gyllenstorm beräknade körtiden till cirka 564 minuter.,<url><loc>https://pendlings-app1.t-767929534-cloudflare.workers.dev/?fran=Simrishamn&amp;till=Oskarshamn</loc><changefreq>monthly</changefreq></url>
Svedala,Ronneby,1208,774,Avståndet mellan Svedala och Ronneby är 1208 km och Karl-Johan Gyllenstorm beräknade körtiden till cirka 774 minuter.,<url><loc>https://pendlings-app1.t-767929534-cloudflare.workers.dev/?fran=Svedala&amp;till=Ronneby</loc><changefreq>monthly</changefreq></url>
Fagersta,Vellinge,1409,910,Avståndet mellan Fagersta och Vellinge är 1409 km och Karl-Johan Gyllenstorm beräknade körtiden till cirka 910 minuter.,<url><loc>https://pendlings-app1.t-767929534-cloudflare.workers.dev/?fran=Fagersta&amp;till=Vellinge</loc><changefreq>monthly</changefreq></url>
Eskilstuna,Vansbro,55,39,Avståndet mellan Eskilstuna och Vansbro är 55 km och Karl-Johan Gyllenstorm beräknade körtiden till cirka 39 minuter.,<url><loc>https://pendlings-app1.t-767929534-cloudflare.workers.dev/?fran=Eskilstuna&amp;till=Vansbro</loc><changefreq>monthly</changefreq></url>
Lindesberg,Havdhem,1213,840,Avståndet mellan Lindesberg och Havdhem är 1213 km och Karl-Johan Gyllenstorm beräknade körtiden till cirka 840 minuter.,<url><loc>https://pendlings-app1.t-767929534-cloudflare.workers.dev/?fran=Lindesberg&amp;till=Havdhem</loc><changefreq>monthly</changefreq></url>
Boden,Nyköping,1067,697,Avståndet mellan Boden och Nyköping är 1067 km och Karl-Johan Gyllenstorm beräknade körtiden till cirka 697 minuter.,<url><loc>https://pendlings-app1.t-767929534-cloudflare.workers.dev/?fran=Boden&amp;till=Nyköping</loc><changefreq>monthly</changefreq></url>
Årjäng,Knivsta,189,128,Avståndet mellan Årjäng och Knivsta är 189 km och Karl-Johan Gyllenstorm beräknade körtiden till cirka 128 minuter.,<url><loc>https://pendlings-app1.t-767929534-cloudflare.workers.dev/?fran=Årjäng&amp;till=Knivsta</loc><changefreq>monthly</changefreq></url>
Vilhelmina,Klippan,1185,779,Avståndet mellan Vilhelmina och Klippan är 1185 km och Karl-Johan Gyllenstorm beräknade körtiden till cirka 779 minuter.,<url><loc>https://pendlings-app1.t-767929534-cloudflare.workers.dev/?fran=Vilhelmina&amp;till=Klippan</loc><changefreq>monthly</changefreq></url>
Mönsterås,Kinda,352,249,Avståndet mellan Mönsterås och Kinda är 352 km och Karl-Johan Gyllenstorm beräknade körtiden till cirka 249 minuter.,<url><loc>https://pendlings-app1.t-767929534-cloudflare.workers.dev/?fran=Mönsterås&amp;till=Kinda</loc><changefreq>monthly</changefreq></url>
Lund,Krokom,1175,903,Avståndet mellan Lund och Krokom är 1175 km och Karl-Johan Gyllenstorm beräknade körtiden till cirka 903 minuter.,<url><loc>https://pendlings-app1.t-767929534-cloudflare.workers.dev/?fran=Lund&amp;till=Krokom</loc><changefreq>monthly</changefreq></url>
Slite,Kalmar,686,436,Avståndet mellan Slite och Kalmar är 686 km och Karl-Johan Gyllenstorm beräknade körtiden till cirka 436 minuter.,<url><loc>https://pendlings-app1.t-767929534-cloudflare.workers.dev/?fran=Slite&amp;till=Kalmar</loc><changefreq>monthly</changefreq></url>
Örkelljunga,Stockholm,442,293,Avståndet mellan Örkelljunga och Stockholm är 442 km och Karl-Johan Gyllenstorm beräknade körtiden till cirka 293 minuter.,<url><loc>https://pendlings-app1.t-767929534-cloudflare.workers.dev/?fran=Örkelljunga&amp;till=Stockholm</loc><changefreq>monthly</changefreq></url>
Karlskoga,Luleå,502,357,Avståndet mellan Karlskoga och Luleå är 502 km och Karl-Johan Gyllenstorm beräknade körtiden till cirka 357 minuter.,<url><loc>https://pendlings-app1.t-767929534-cloudflare.workers.dev/?fran=Karlskoga&amp;till=Luleå</loc><changefreq>monthly</changefreq></url>
Berg,Trelleborg,962,643,Avståndet mellan Berg och Trelleborg är 962 km och Karl-Johan Gyllenstorm beräknade körtiden till cirka 643 minuter.,<url><loc>https://pendlings-app1.t-767929534-cloudflare.workers.dev/?fran=Berg&amp;till=Trelleborg</loc><changefreq>monthly</changefreq></url>
Kramfors,Hällefor,37,26,Avståndet mellan Kramfors och Hällefor är 37 km och Karl-Johan Gyllenstorm beräknade körtiden till cirka 26 minuter.,<url><loc>https://pendlings-app1.t-767929534-cloudflare.workers.dev/?fran=Kramfors&amp;till=Hällefor</loc><changefreq>monthly</changefreq></url>
Munkedal,Täby,655,451,Avståndet mellan Munkedal och Täby är 655 km och Karl-Johan Gyllenstorm beräknade körtiden till cirka 451 minuter.,<url><loc>https://pendlings-app1.t-767929534-cloudflare.workers.dev/?fran=Munkedal&amp;till=Täby</loc><changefreq>monthly</changefreq></url>
Ragunda,Huddinge,376,271,Avståndet mellan Ragunda och Huddinge är 376 km och Karl-Johan Gyllenstorm beräknade körtiden till cirka 271 minuter.,<url><loc>https://pendlings-app1.t-767929534-cloudflare.workers.dev/?fran=Ragunda&amp;till=Huddinge</loc><changefreq>monthly</changefreq></url>
Ed,Värnamo,622,478,Avståndet mellan Ed och Värnamo är 622 km och Karl-Johan Gyllenstorm beräknade körtiden till cirka 478 minuter.,<url><loc>https://pendlings-app1.t-767929534-cloudflare.workers.dev/?fran=Ed&amp;till=Värnamo</loc><changefreq>monthly</changefreq></url>
Högsby,Sandviken,447,300,Avståndet mellan Högsby och Sandviken är 447 km och Karl-Johan Gyllenstorm beräknade körtiden till cirka 300 minuter.,<url><loc>https://pendlings-app1.t-767929534-cloudflare.workers.dev/?fran=Högsby&amp;till=Sandviken</loc><changefreq>monthly</changefreq></url>
Södertälje,Åmål,1236,865,Avståndet mellan Södertälje och Åmål är 1236 km och Karl-Johan Gyllenstorm beräknade körtiden till cirka 865 minuter.,<url><loc>https://pendlings-app1.t-767929534-cloudflare.workers.dev/?fran=Södertälje&amp;till=Åmål</loc><changefreq>monthly</changefreq></url>
Ludvika,Haparanda,1386,1044,Avståndet mellan Ludvika och Haparanda är 1386 km och Karl-Johan Gyllenstorm beräknade körtiden till cirka 1044 minuter.,<url><loc>https://pendlings-app1.t-767929534-cloudflare.workers.dev/?fran=Ludvika&amp;till=Haparanda</loc><changefreq>monthly</changefreq></url>
Skellefteå,Övertorneå,203,138,Avståndet mellan Skellefteå och Övertorneå är 203 km och Karl-Johan Gyllenstorm beräknade körtiden till cirka 138 minuter.,<url><loc>https://pendlings-app1.t-767929534-cloudflare.workers.dev/?fran=Skellefteå&amp;till=Övertorneå</loc><changefreq>monthly</changefreq></url>
Hällefor,Vellinge,511,326,Avståndet mellan Hällefor och Vellinge är 511 km och Karl-Johan Gyllenstorm beräknade körtiden till cirka 326 minuter.,<url><loc>https://pendlings-app1.t-767929534-cloudflare.workers.dev/?fran=Hällefor&amp;till=Vellinge</loc><changefreq>monthly</changefreq></url>
Örnsköldsvik,Högsby,644,435,Avståndet mellan Örnsköldsvik och Högsby är 644 km och Karl-Johan Gyllenstorm beräknade körtiden till cirka 435 minuter.,<url><loc>https://pendlings-app1.t-767929534-cloudflare.workers.dev/?fran=Örnsköldsvik&amp;till=Högsby</loc><changefreq>monthly</changefreq></url>
Borgholm,Strängnäs,1335,920,Avståndet mellan Borgholm och Strängnäs är 1335 km och Karl-Johan Gyllenstorm beräknade körtiden till cirka 920 minuter.,<url><loc>https://pendlings-app1.t-767929534-cloudflare.workers.dev/?fran=Borgholm&amp;till=Strängnäs</loc><changefreq>monthly</changefreq></url>
Skinnskatteberg,Enköping,64,50,Avståndet mellan Skinnskatteberg och Enköping är 64 km och Karl-Johan Gyllenstorm beräknade körtiden till cirka 50 minuter.,<url><loc>https://pendlings-app1.t-767929534-cloudflare.workers.dev/?fran=Skinnskatteberg&amp;till=Enköping</loc><changefreq>monthly</changefreq></url>
Degerfors,Strömsund,759,503,Avståndet mellan Degerfors och Strömsund är 759 km och Karl-Johan Gyllenstorm beräknade körtiden till cirka 503 minuter.,<url><loc>https://pendlings-app1.t-767929534-cloudflare.workers.dev/?fran=Degerfors&amp;till=Strömsund</loc><changefreq>monthly</changefreq></url>
Skinnskatteberg,Sotenäs,1275,809,Avståndet mellan Skinnskatteberg och Sotenäs är 1275 km och Karl-Johan Gyllenstorm beräknade körtiden till cirka 809 minuter.,<url><loc>https://pendlings-app1.t-767929534-cloudflare.workers.dev/?fran=Skinnskatteberg&amp;till=Sotenäs</loc><changefreq>monthly</changefreq></url>
Mullsjö,Vimmerby,945,751,Avståndet mellan Mullsjö och Vimmerby är 945 km och Karl-Johan Gyllenstorm beräknade körtiden till cirka 751 minuter.,<url><loc>https://pendlings-app1.t-767929534-cloudflare.workers.dev/?fran=Mullsjö&amp;till=Vimmerby</loc><changefreq>monthly</changefreq></url>
Klippan,Mullsjö,804,555,Avståndet mellan Klippan och Mullsjö är 804 km och Karl-Johan Gyllenstorm beräknade körtiden till cirka 555 minuter.,<url><loc>https://pendlings-app1.t-767929534-cloudflare.workers.dev/?fran=Klippan&amp;till=Mullsjö</loc><changefreq>monthly</changefreq></url>
Strängnäs,Bräcke,155,106,Avståndet mellan Strängnäs och Bräcke är 155 km och Karl-Johan Gyllenstorm beräknade körtiden till cirka 106 minuter.,<url><loc>https://pendlings-app1.t-767929534-cloudflare.workers.dev/?fran=Strängnäs&amp;till=Bräcke</loc><changefreq>monthly</changefreq></url>
Fårösund,Lomma,1128,808,Avståndet mellan Fårösund och Lomma är 1128 km och Karl-Johan Gyllenstorm beräknade körtiden till cirka 808 minuter.,<url><loc>https://pendlings-app1.t-767929534-cloudflare.workers.dev/?fran=Fårösund&amp;till=Lomma</loc><changefreq>monthly</changefreq></url>
Åmål,Bollebygd,29,21,Avståndet mellan Åmål och Bollebygd är 29 km och Karl-Johan Gyllenstorm beräknade körtiden till cirka 21 minuter.,<url><loc>https://pendlings-app1.t-767929534-cloudflare.workers.dev/?fran=Åmål&amp;till=Bollebygd</loc><changefreq>monthly</changefreq></url>
Vetlanda,Karlshamn,1268,889,Avståndet mellan Vetlanda och Karlshamn är 1268 km och Karl-Johan Gyllenstorm beräknade körtiden till cirka 889 minuter.,<url><loc>https://pendlings-app1.t-767929534-cloudflare.workers.dev/?fran=Vetlanda&amp;till=Karlshamn</loc><changefreq>monthly</changefreq></url>
Smedjebacken,Dorotea,581,438,Avståndet mellan Smedjebacken och Dorotea är 581 km och Karl-Johan Gyllenstorm beräknade körtiden till cirka 438 minuter.,<url><loc>https://pendlings-app1.t-767929534-cloudflare.workers.dev/?fran=Smedjebacken&amp;till=Dorotea</loc><changefreq>monthly</changefreq></url>
Skutskär,Håbo,1074,717,Avståndet mellan Skutskär och Håbo är 1074 km och Karl-Johan Gyllenstorm beräknade körtiden till cirka 717 minuter.,<url><loc>https://pendlings-app1.t-767929534-cloudflare.workers.dev/?fran=Skutskär&amp;till=Håbo</loc><changefreq>monthly</changefreq></url>
Bollnäs,Lärbro,594,404,Avståndet mellan Bollnäs och Lärbro är 594 km och Karl-Johan Gyllenstorm beräknade körtiden till cirka 404 minuter.,<url><loc>https://pendlings-app1.t-767929534-cloudflare.workers.dev/?fran=Bollnäs&amp;till=Lärbro</loc><changefreq>monthly</changefreq></url>
Härjedalen,Uppsala,527,347,Avståndet mellan Härjedalen och Uppsala är 527 km och Karl-Johan Gyllenstorm beräknade körtiden till cirka 347 minuter.,<url><loc>https://pendlings-app1.t-767929534-cloudflare.workers.dev/?fran=Härjedalen&amp;till=Uppsala</loc><changefreq>monthly</changefreq></url>
Mullsjö,Stockholm,325,215,Avståndet mellan Mullsjö och Stockholm är 325 km och Karl-Johan Gyllenstorm beräknade körtiden till cirka 215 minuter.,<url><loc>https://pendlings-app1.t-767929534-cloudflare.workers.dev/?fran=Mullsjö&amp;till=Stockholm</loc><changefreq>monthly</changefreq></url>
Lindesberg,Huddinge,1445,979,Avståndet mellan Lindesberg och Huddinge är 1445 km och Karl-Johan Gyllenstorm beräknade körtiden till cirka 979 minuter.,<url><loc>https://pendlings-app1.t-767929534-cloudflare.workers.dev/?fran=Lindesberg&amp;till=Huddinge</loc><changefreq>monthly</changefreq></url>
Svalöv,Kävlinge,179,127,Avståndet mellan Svalöv och Kävlinge är 179 km och Karl-Johan Gyllenstorm beräknade körtiden till cirka 127 minuter.,<url><loc>https://pendlings-app1.t-767929534-cloudflare.workers.dev/?fran=Svalöv&amp;till=Kävlinge</loc><changefreq>monthly</changefreq></url>
Ljusdal,Gällivare,1128,876,Avståndet mellan Ljusdal och Gällivare är 1128 km och Karl-Johan Gyllenstorm beräknade körtiden till cirka 876 minuter.,<url><loc>https://pendlings-app1.t-767929534-cloudflare.workers.dev/?fran=Ljusdal&amp;till=Gällivare</loc><changefreq>monthly</changefreq></url>
Högsby,Pajala,990,698,Avståndet mellan Högsby och Pajala är 990 km och Karl-Johan Gyllenstorm beräknade körtiden till cirka 698 minuter.,<url><loc>https://pendlings-app1.t-767929534-cloudflare.workers.dev/?fran=Högsby&amp;till=Pajala</loc><changefreq>monthly</changefreq></url>
Tranås,Kinda,36,26,Avståndet mellan Tranås och Kinda är 36 km och Karl-Johan Gyllenstorm beräknade körtiden till cirka 26 minuter.,<url><loc>https://pendlings-app1.t-767929534-cloudflare.workers.dev/?fran=Tranås&amp;till=Kinda</loc><changefreq>monthly</changefreq></url>
Boxholm,Lärbro,796,508,Avståndet mellan Boxholm och Lärbro är 796 km och Karl-Johan Gyllenstorm beräknade körtiden till cirka 508 minuter.,<url><loc>https://pendlings-app1.t-767929534-cloudflare.workers.dev/?fran=Boxholm&amp;till=Lärbro</loc><changefreq>monthly</changefreq></url>
Mark,Ånge,580,394,Avståndet mellan Mark och Ånge är 580 km och Karl-Johan Gyllenstorm beräknade körtiden till cirka 394 minuter.,<url><loc>https://pendlings-app1.t-767929534-cloudflare.workers.dev/?fran=Mark&amp;till=Ånge</loc><changefreq>monthly</changefreq></url>
Sunne,Karlskoga,1413,1097,Avståndet mellan Sunne och Karlskoga är 1413 km och Karl-Johan Gyllenstorm beräknade körtiden till cirka 1097 minuter.,<url><loc>https://pendlings-app1.t-767929534-cloudflare.workers.dev/?fran=Sunne&amp;till=Karlskoga</loc><changefreq>monthly</changefreq></url>
Linköping,Skinnskatteberg,1346,944,Avståndet mellan Linköping och Skinnskatteberg är 1346 km och Karl-Johan Gyllenstorm beräknade körtiden till cirka 944 minuter.,<url><loc>https://pendlings-app1.t-767929534-cloudflare.workers.dev/?fran=Linköping&amp;till=Skinnskatteberg</loc><changefreq>monthly</changefreq></url>
Krokom,Nyköping,131,102,Avståndet mellan Krokom och Nyköping är 131 km och Karl-Johan Gyllenstorm beräknade körtiden till cirka 102 minuter.,<url><loc>https://pendlings-app1.t-767929534-cloudflare.workers.dev/?fran=Krokom&amp;till=Nyköping</loc><changefreq>monthly</changefreq></url>
Bengtsfors,Kumla,1357,885,Avståndet mellan Bengtsfors och Kumla är 1357 km och Karl-Johan Gyllenstorm beräknade körtiden till cirka 885 minuter.,<url><loc>https://pendlings-app1.t-767929534-cloudflare.workers.dev/?fran=Bengtsfors&amp;till=Kumla</loc><changefreq>monthly</changefreq></url>
Hagfors,Vellinge,1214,780,Avståndet mellan Hagfors och Vellinge är 1214 km och Karl-Johan Gyllenstorm beräknade körtiden till cirka 780 minuter.,<url><loc>https://pendlings-app1.t-767929534-cloudflare.workers.dev/?fran=Hagfors&amp;till=Vellinge</loc><changefreq>monthly</changefreq></url>
Uddevalla,Nora,1372,1058,Avståndet mellan Uddevalla och Nora är 1372 km och Karl-Johan Gyllenstorm beräknade körtiden till cirka 1058 minuter.,<url><loc>https://pendlings-app1.t-767929534-cloudflare.workers.dev/?fran=Uddevalla&amp;till=Nora</loc><changefreq>monthly</changefreq></url>
Hyltebruk,Kinda,1364,960,Avståndet mellan Hyltebruk och Kinda är 1364 km och Karl-Johan Gyllenstorm beräknade körtiden till cirka 960 minuter.,<url><loc>https://pendlings-app1.t-767929534-cloudflare.workers.dev/?fran=Hyltebruk&amp;till=Kinda</loc><changefreq>monthly</changefreq></url>
Smedjebacken,Munkedal,697,557,Avståndet mellan Smedjebacken och Munkedal är 697 km och Karl-Johan Gyllenstorm beräknade körtiden till cirka 557 minuter.,<url><loc>https://pendlings-app1.t-767929534-cloudflare.workers.dev/?fran=Smedjebacken&amp;till=Munkedal</loc><changefreq>monthly</changefreq></url>
Norsjö,Malmö,944,626,Avståndet mellan Norsjö och Malmö är 944 km och Karl-Johan Gyllenstorm beräknade körtiden till cirka 626 minuter.,<url><loc>https://pendlings-app1.t-767929534-cloudflare.workers.dev/?fran=Norsjö&amp;till=Malmö</loc><changefreq>monthly</changefreq></url>
Trollhättan,Kinda,259,184,Avståndet mellan Trollhättan och Kinda är 259 km och Karl-Johan Gyllenstorm beräknade körtiden till cirka 184 minuter.,<url><loc>https://pendlings-app1.t-767929534-cloudflare.workers.dev/?fran=Trollhättan&amp;till=Kinda</loc><changefreq>monthly</changefreq></url>
Karlshamn,Linköping,1251,794,Avståndet mellan Karlshamn och Linköping är 1251 km och Karl-Johan Gyllenstorm beräknade körtiden till cirka 794 minuter.,<url><loc>https://pendlings-app1.t-767929534-cloudflare.workers.dev/?fran=Karlshamn&amp;till=Linköping</loc><changefreq>monthly</changefreq></url>
Kinda,Kumla,869,595,Avståndet mellan Kinda och Kumla är 869 km och Karl-Johan Gyllenstorm beräknade körtiden till cirka 595 minuter.,<url><loc>https://pendlings-app1.t-767929534-cloudflare.workers.dev/?fran=Kinda&amp;till=Kumla</loc><changefreq>monthly</changefreq></url>
Strömsund,Ronneby,112,80,Avståndet mellan Strömsund och Ronneby är 112 km och Karl-Johan Gyllenstorm beräknade körtiden till cirka 80 minuter.,<url><loc>https://pendlings-app1.t-767929534-cloudflare.workers.dev/?fran=Strömsund&amp;till=Ronneby</loc><changefreq>monthly</changefreq></url>
Orsa,Nyköping,123,93,Avståndet mellan Orsa och Nyköping är 123 km och Karl-Johan Gyllenstorm beräknade körtiden till cirka 93 minuter.,<url><loc>https://pendlings-app1.t-767929534-cloudflare.workers.dev/?fran=Orsa&amp;till=Nyköping</loc><changefreq>monthly</changefreq></url>
Bräcke,Sunne,1075,736,Avståndet mellan Bräcke och Sunne är 1075 km och Karl-Johan Gyllenstorm beräknade körtiden till cirka 736 minuter.,<url><loc>https://pendlings-app1.t-767929534-cloudflare.workers.dev/?fran=Bräcke&amp;till=Sunne</loc><changefreq>monthly</changefreq></url>
Eda,Storuman,89,63,Avståndet mellan Eda och Storuman är 89 km och Karl-Johan Gyllenstorm beräknade körtiden till cirka 63 minuter.,<url><loc>https://pendlings-app1.t-767929534-cloudflare.workers.dev/?fran=Eda&amp;till=Storuman</loc><changefreq>monthly</changefreq></url>
Skara,Bollebygd,159,113,Avståndet mellan Skara och Bollebygd är 159 km och Karl-Johan Gyllenstorm beräknade körtiden till cirka 113 minuter.,<url><loc>https://pendlings-app1.t-767929534-cloudflare.workers.dev/?fran=Skara&amp;till=Bollebygd</loc><changefreq>monthly</changefreq></url>
Eksjö,Kalmar,848,652,Avståndet mellan Eksjö och Kalmar är 848 km och Karl-Johan Gyllenstorm beräknade körtiden till cirka 652 minuter.,<url><loc>https://pendlings-app1.t-767929534-cloudflare.workers.dev/?fran=Eksjö&amp;till=Kalmar</loc><changefreq>monthly</changefreq></url>
Hagfors,Gagnef,364,251,Avståndet mellan Hagfors och Gagnef är 364 km och Karl-Johan Gyllenstorm beräknade körtiden till cirka 251 minuter.,<url><loc>https://pendlings-app1.t-767929534-cloudflare.workers.dev/?fran=Hagfors&amp;till=Gagnef</loc><changefreq>monthly</changefreq></url>
Göteborg,Överkalix,874,610,Avståndet mellan Göteborg och Överkalix är 874 km och Karl-Johan Gyllenstorm beräknade körtiden till cirka 610 minuter.,<url><loc>https://pendlings-app1.t-767929534-cloudflare.workers.dev/?fran=Göteborg&amp;till=Överkalix</loc><changefreq>monthly</changefreq></url>
Kungsör,Vänersborg,1358,882,Avståndet mellan Kungsör och Vänersborg är 1358 km och Karl-Johan Gyllenstorm beräknade körtiden till cirka 882 minuter.,<url><loc>https://pendlings-app1.t-767929534-cloudflare.workers.dev/?fran=Kungsör&amp;till=Vänersborg</loc><changefreq>monthly</changefreq></url>
Munkedal,Vellinge,631,413,Avståndet mellan Munkedal och Vellinge är 631 km och Karl-Johan Gyllenstorm beräknade körtiden till cirka 413 minuter.,<url><loc>https://pendlings-app1.t-767929534-cloudflare.workers.dev/?fran=Munkedal&amp;till=Vellinge</loc><changefreq>monthly</changefreq></url>
Norrköping,Gimo,1103,812,Avståndet mellan Norrköping och Gimo är 1103 km och Karl-Johan Gyllenstorm beräknade körtiden till cirka 812 minuter.,<url><loc>https://pendlings-app1.t-767929534-cloudflare.workers.dev/?fran=Norrköping&amp;till=Gimo</loc><changefreq>monthly</changefreq></url>
Grythyttan,Knivsta,86,58,Avståndet mellan Grythyttan och Knivsta är 86 km och Karl-Johan Gyllenstorm beräknade körtiden till cirka 58 minuter.,<url><loc>https://pendlings-app1.t-767929534-cloudflare.workers.dev/?fran=Grythyttan&amp;till=Knivsta</loc><changefreq>monthly</changefreq></url>
Vänersborg,Munkfors,64,46,Avståndet mellan Vänersborg och Munkfors är 64 km och Karl-Johan Gyllenstorm beräknade körtiden till cirka 46 minuter.,<url><loc>https://pendlings-app1.t-767929534-cloudflare.workers.dev/?fran=Vänersborg&amp;till=Munkfors</loc><changefreq>monthly</changefreq></url>
Ängelholm,Leksand,1082,762,Avståndet mellan Ängelholm och Leksand är 1082 km och Karl-Johan Gyllenstorm beräknade körtiden till cirka 762 minuter.,<url><loc>https://pendlings-app1.t-767929534-cloudflare.workers.dev/?fran=Ängelholm&amp;till=Leksand</loc><changefreq>monthly</changefreq></url>
Eda,Åmål,1211,770,Avståndet mellan Eda och Åmål är 1211 km och Karl-Johan Gyllenstorm beräknade körtiden till cirka 770 minuter.,<url><loc>https://pendlings-app1.t-767929534-cloudflare.workers.dev/?fran=Eda&amp;till=Åmål</loc><changefreq>monthly</changefreq></url>
Lomma,Hässleholm,1182,901,Avståndet mellan Lomma och Hässleholm är 1182 km och Karl-Johan Gyllenstorm beräknade körtiden till cirka 901 minuter.,<url><loc>https://pendlings-app1.t-767929534-cloudflare.workers.dev/?fran=Lomma&amp;till=Hässleholm</loc><changefreq>monthly</changefreq></url>
Mjölby,Norberg,1349,960,Avståndet mellan Mjölby och Norberg är 1349 km och Karl-Johan Gyllenstorm beräknade körtiden till cirka 960 minuter.,<url><loc>https://pendlings-app1.t-767929534-cloudflare.workers.dev/?fran=Mjölby&amp;till=Norberg</loc><changefreq>monthly</changefreq></url>
Sollefteå,Flen,589,460,Avståndet mellan Sollefteå och Flen är 589 km och Karl-Johan Gyllenstorm beräknade körtiden till cirka 460 minuter.,<url><loc>https://pendlings-app1.t-767929534-cloudflare.workers.dev/?fran=Sollefteå&amp;till=Flen</loc><changefreq>monthly</changefreq></url>
Gävle,Båstad,883,618,Avståndet mellan Gävle och Båstad är 883 km och Karl-Johan Gyllenstorm beräknade körtiden till cirka 618 minuter.,<url><loc>https://pendlings-app1.t-767929534-cloudflare.workers.dev/?fran=Gävle&amp;till=Båstad</loc><changefreq>monthly</changefreq></url>
Kristinehamn,Tranemo,891,570,Avståndet mellan Kristinehamn och Tranemo är 891 km och Karl-Johan Gyllenstorm beräknade körtiden till cirka 570 minuter.,<url><loc>https://pendlings-app1.t-767929534-cloudflare.workers.dev/?fran=Kristinehamn&amp;till=Tranemo</loc><changefreq>monthly</changefreq></url>
Munkedal,Gagnef,1428,1109,Avståndet mellan Munkedal och Gagnef är 1428 km och Karl-Johan Gyllenstorm beräknade körtiden till cirka 1109 minuter.,<url><loc>https://pendlings-app1.t-767929534-cloudflare.workers.dev/?fran=Munkedal&amp;till=Gagnef</loc><changefreq>monthly</changefreq></url>
Burgsvik,Flen,1253,811,Avståndet mellan Burgsvik och Flen är 1253 km och Karl-Johan Gyllenstorm beräknade körtiden till cirka 811 minuter.,<url><loc>https://pendlings-app1.t-767929534-cloudflare.workers.dev/?fran=Burgsvik&amp;till=Flen</loc><changefreq>monthly</changefreq></url>
Täby,Vibble,813,529,Avståndet mellan Täby och Vibble är 813 km och Karl-Johan Gyllenstorm beräknade körtiden till cirka 529 minuter.,<url><loc>https://pendlings-app1.t-767929534-cloudflare.workers.dev/?fran=Täby&amp;till=Vibble</loc><changefreq>monthly</changefreq></url>
Bromölla,Ragunda,376,248,Avståndet mellan Bromölla och Ragunda är 376 km och Karl-Johan Gyllenstorm beräknade körtiden till cirka 248 minuter.,<url><loc>https://pendlings-app1.t-767929534-cloudflare.workers.dev/?fran=Bromölla&amp;till=Ragunda</loc><changefreq>monthly</changefreq></url>
Arvidsjaur,Boxholm,856,620,Avståndet mellan Arvidsjaur och Boxholm är 856 km och Karl-Johan Gyllenstorm beräknade körtiden till cirka 620 minuter.,<url><loc>https://pendlings-app1.t-767929534-cloudflare.workers.dev/?fran=Arvidsjaur&amp;till=Boxholm</loc><changefreq>monthly</changefreq></url>
Säffle,Vårgårda,56,39,Avståndet mellan Säffle och Vårgårda är 56 km och Karl-Johan Gyllenstorm beräknade körtiden till cirka 39 minuter.,<url><loc>https://pendlings-app1.t-767929534-cloudflare.workers.dev/?fran=Säffle&amp;till=Vårgårda</loc><changefreq>monthly</changefreq></url>
Stånga,Visby,1111,858,Avståndet mellan Stånga och Visby är 1111 km och Karl-Johan Gyllenstorm beräknade körtiden till cirka 858 minuter.,<url><loc>https://pendlings-app1.t-767929534-cloudflare.workers.dev/?fran=Stånga&amp;till=Visby</loc><changefreq>monthly</changefreq></url>
Sollefteå,Fagersta,59,44,Avståndet mellan Sollefteå och Fagersta är 59 km och Karl-Johan Gyllenstorm beräknade körtiden till cirka 44 minuter.,<url><loc>https://pendlings-app1.t-767929534-cloudflare.workers.dev/?fran=Sollefteå&amp;till=Fagersta</loc><changefreq>monthly</changefreq></url>
Kumla,Östra Göinge,270,193,Avståndet mellan Kumla och Östra Göinge är 270 km och Karl-Johan Gyllenstorm beräknade körtiden till cirka 193 minuter.,<url><loc>https://pendlings-app1.t-767929534-cloudflare.workers.dev/?fran=Kumla&amp;till=Östra Göinge</loc><changefreq>monthly</changefreq></url>
Nordanstig,Bromölla,1326,883,Avståndet mellan Nordanstig och Bromölla är 1326 km och Karl-Johan Gyllenstorm beräknade körtiden till cirka 883 minuter.,<url><loc>https://pendlings-app1.t-767929534-cloudflare.workers.dev/?fran=Nordanstig&amp;till=Bromölla</loc><changefreq>monthly</changefreq></url>
Töreboda,Grythyttan,383,242,Avståndet mellan Töreboda och Grythyttan är 383 km och Karl-Johan Gyllenstorm beräknade körtiden till cirka 242 minuter.,<url><loc>https://pendlings-app1.t-767929534-cloudflare.workers.dev/?fran=Töreboda&amp;till=Grythyttan</loc><changefreq>monthly</changefreq></url>
Karlskrona,Färgelanda,887,675,Avståndet mellan Karlskrona och Färgelanda är 887 km och Karl-Johan Gyllenstorm beräknade körtiden till cirka 675 minuter.,<url><loc>https://pendlings-app1.t-767929534-cloudflare.workers.dev/?fran=Karlskrona&amp;till=Färgelanda</loc><changefreq>monthly</changefreq></url>
Ronneby,Köping,566,421,Avståndet mellan Ronneby och Köping är 566 km och Karl-Johan Gyllenstorm beräknade körtiden till cirka 421 minuter.,<url><loc>https://pendlings-app1.t-767929534-cloudflare.workers.dev/?fran=Ronneby&amp;till=Köping</loc><changefreq>monthly</changefreq></url>
Ed,Katrineholm,472,347,Avståndet mellan Ed och Katrineholm är 472 km och Karl-Johan Gyllenstorm beräknade körtiden till cirka 347 minuter.,<url><loc>https://pendlings-app1.t-767929534-cloudflare.workers.dev/?fran=Ed&amp;till=Katrineholm</loc><changefreq>monthly</changefreq></url>
Herrljunga,Töreboda,1243,903,Avståndet mellan Herrljunga och Töreboda är 1243 km och Karl-Johan Gyllenstorm beräknade körtiden till cirka 903 minuter.,<url><loc>https://pendlings-app1.t-767929534-cloudflare.workers.dev/?fran=Herrljunga&amp;till=Töreboda</loc><changefreq>monthly</changefreq></url>
Burgsvik,Fagersta,1358,1036,Avståndet mellan Burgsvik och Fagersta är 1358 km och Karl-Johan Gyllenstorm beräknade körtiden till cirka 1036 minuter.,<url><loc>https://pendlings-app1.t-767929534-cloudflare.workers.dev/?fran=Burgsvik&amp;till=Fagersta</loc><changefreq>monthly</changefreq></url>
Haparanda,Ronneby,543,399,Avståndet mellan Haparanda och Ronneby är 543 km och Karl-Johan Gyllenstorm beräknade körtiden till cirka 399 minuter.,<url><loc>https://pendlings-app1.t-767929534-cloudflare.workers.dev/?fran=Haparanda&amp;till=Ronneby</loc><changefreq>monthly</changefreq></url>
Nyköping,Olofström,1093,740,Avståndet mellan Nyköping och Olofström är 1093 km och Karl-Johan Gyllenstorm beräknade körtiden till cirka 740 minuter.,<url><loc>https://pendlings-app1.t-767929534-cloudflare.workers.dev/?fran=Nyköping&amp;till=Olofström</loc><changefreq>monthly</changefreq></url>
Åre,Söderköping,1017,656,Avståndet mellan Åre och Söderköping är 1017 km och Karl-Johan Gyllenstorm beräknade körtiden till cirka 656 minuter.,<url><loc>https://pendlings-app1.t-767929534-cloudflare.workers.dev/?fran=Åre&amp;till=Söderköping</loc><changefreq>monthly</changefreq></url>
Eda,Nybro,191,146,Avståndet mellan Eda och Nybro är 191 km och Karl-Johan Gyllenstorm beräknade körtiden till cirka 146 minuter.,<url><loc>https://pendlings-app1.t-767929534-cloudflare.workers.dev/?fran=Eda&amp;till=Nybro</loc><changefreq>monthly</changefreq></url>
Oxelösund,Håbo,629,414,Avståndet mellan Oxelösund och Håbo är 629 km och Karl-Johan Gyllenstorm beräknade körtiden till cirka 414 minuter.,<url><loc>https://pendlings-app1.t-767929534-cloudflare.workers.dev/?fran=Oxelösund&amp;till=Håbo</loc><changefreq>monthly</changefreq></url>
Laxå,Höör,1372,1057,Avståndet mellan Laxå och Höör är 1372 km och Karl-Johan Gyllenstorm beräknade körtiden till cirka 1057 minuter.,<url><loc>https://pendlings-app1.t-767929534-cloudflare.workers.dev/?fran=Laxå&amp;till=Höör</loc><changefreq>monthly</changefreq></url>
Ljusnarsberg,Ydre,357,243,Avståndet mellan Ljusnarsberg och Ydre är 357 km och Karl-Johan Gyllenstorm beräknade körtiden till cirka 243 minuter.,<url><loc>https://pendlings-app1.t-767929534-cloudflare.workers.dev/?fran=Ljusnarsberg&amp;till=Ydre</loc><changefreq>monthly</changefreq></url>
Linköping,Kramfors,790,598,Avståndet mellan Linköping och Kramfors är 790 km och Karl-Johan Gyllenstorm beräknade körtiden till cirka 598 minuter.,<url><loc>https://pendlings-app1.t-767929534-cloudflare.workers.dev/?fran=Linköping&amp;till=Kramfors</loc><changefreq>monthly</changefreq></url>
Ronehamn,Kristinehamn,1246,992,Avståndet mellan Ronehamn och Kristinehamn är 1246 km och Karl-Johan Gyllenstorm beräknade körtiden till cirka 992 minuter.,<url><loc>https://pendlings-app1.t-767929534-cloudflare.workers.dev/?fran=Ronehamn&amp;till=Kristinehamn</loc><changefreq>monthly</changefreq></url>
Katrineholm,Kalmar,209,134,Avståndet mellan Katrineholm och Kalmar är 209 km och Karl-Johan Gyllenstorm beräknade körtiden till cirka 134 minuter.,<url><loc>https://pendlings-app1.t-767929534-cloudflare.workers.dev/?fran=Katrineholm&amp;till=Kalmar</loc><changefreq>monthly</changefreq></url>
Mark,Vetlanda,344,219,Avståndet mellan Mark och Vetlanda är 344 km och Karl-Johan Gyllenstorm beräknade körtiden till cirka 219 minuter.,<url><loc>https://pendlings-app1.t-767929534-cloudflare.workers.dev/?fran=Mark&amp;till=Vetlanda</loc><changefreq>monthly</changefreq></url>
Åtvidaberg,Knivsta,964,703,Avståndet mellan Åtvidaberg och Knivsta är 964 km och Karl-Johan Gyllenstorm beräknade körtiden till cirka 703 minuter.,<url><loc>https://pendlings-app1.t-767929534-cloudflare.workers.dev/?fran=Åtvidaberg&amp;till=Knivsta</loc><changefreq>monthly</changefreq></url>
Huddinge,Halmstad,43,33,Avståndet mellan Huddinge och Halmstad är 43 km och Karl-Johan Gyllenstorm beräknade körtiden till cirka 33 minuter.,<url><loc>https://pendlings-app1.t-767929534-cloudflare.workers.dev/?fran=Huddinge&amp;till=Halmstad</loc><changefreq>monthly</changefreq></url>
Örebro,Flen,570,396,Avståndet mellan Örebro och Flen är 570 km och Karl-Johan Gyllenstorm beräknade körtiden till cirka 396 minuter.,<url><loc>https://pendlings-app1.t-767929534-cloudflare.workers.dev/?fran=Örebro&amp;till=Flen</loc><changefreq>monthly</changefreq></url>
Timrå,Lomma,854,560,Avståndet mellan Timrå och Lomma är 854 km och Karl-Johan Gyllenstorm beräknade körtiden till cirka 560 minuter.,<url><loc>https://pendlings-app1.t-767929534-cloudflare.workers.dev/?fran=Timrå&amp;till=Lomma</loc><changefreq>monthly</changefreq></url>
Ronneby,Vingåker,145,109,Avståndet mellan Ronneby och Vingåker är 145 km och Karl-Johan Gyllenstorm beräknade körtiden till cirka 109 minuter.,<url><loc>https://pendlings-app1.t-767929534-cloudflare.workers.dev/?fran=Ronneby&amp;till=Vingåker</loc><changefreq>monthly</changefreq></url>
Tofta,Bräcke,796,543,Avståndet mellan Tofta och Bräcke är 796 km och Karl-Johan Gyllenstorm beräknade körtiden till cirka 543 minuter.,<url><loc>https://pendlings-app1.t-767929534-cloudflare.workers.dev/?fran=Tofta&amp;till=Bräcke</loc><changefreq>monthly</changefreq></url>
Hällefor,Ludvika,944,755,Avståndet mellan Hällefor och Ludvika är 944 km och Karl-Johan Gyllenstorm beräknade körtiden till cirka 755 minuter.,<url><loc>https://pendlings-app1.t-767929534-cloudflare.workers.dev/?fran=Hällefor&amp;till=Ludvika</loc><changefreq>monthly</changefreq></url>
Jokkmokk,Simrishamn,626,470,Avståndet mellan Jokkmokk och Simrishamn är 626 km och Karl-Johan Gyllenstorm beräknade körtiden till cirka 470 minuter.,<url><loc>https://pendlings-app1.t-767929534-cloudflare.workers.dev/?fran=Jokkmokk&amp;till=Simrishamn</loc><changefreq>monthly</changefreq></url>
Vimmerby,Klippan,676,522,Avståndet mellan Vimmerby och Klippan är 676 km och Karl-Johan Gyllenstorm beräknade körtiden till cirka 522 minuter.,<url><loc>https://pendlings-app1.t-767929534-cloudflare.workers.dev/?fran=Vimmerby&amp;till=Klippan</loc><changefreq>monthly</changefreq></url>
Nordanstig,Kalix,1437,1062,Avståndet mellan Nordanstig och Kalix är 1437 km och Karl-Johan Gyllenstorm beräknade körtiden till cirka 1062 minuter.,<url><loc>https://pendlings-app1.t-767929534-cloudflare.workers.dev/?fran=Nordanstig&amp;till=Kalix</loc><changefreq>monthly</changefreq></url>
Karlskoga,Forshaga,745,544,Avståndet mellan Karlskoga och Forshaga är 745 km och Karl-Johan Gyllenstorm beräknade körtiden till cirka 544 minuter.,<url><loc>https://pendlings-app1.t-767929534-cloudflare.workers.dev/?fran=Karlskoga&amp;till=Forshaga</loc><changefreq>monthly</changefreq></url>
Luleå,Mjölby,895,670,Avståndet mellan Luleå och Mjölby är 895 km och Karl-Johan Gyllenstorm beräknade körtiden till cirka 670 minuter.,<url><loc>https://pendlings-app1.t-767929534-cloudflare.workers.dev/?fran=Luleå&amp;till=Mjölby</loc><changefreq>monthly</changefreq></url>
Ystad,Leksand,187,126,Avståndet mellan Ystad och Leksand är 187 km och Karl-Johan Gyllenstorm beräknade körtiden till cirka 126 minuter.,<url><loc>https://pendlings-app1.t-767929534-cloudflare.workers.dev/?fran=Ystad&amp;till=Leksand</loc><changefreq>monthly</changefreq></url>
Sölvesborg,Ängelholm,925,611,Avståndet mellan Sölvesborg och Ängelholm är 925 km och Karl-Johan Gyllenstorm beräknade körtiden till cirka 611 minuter.,<url><loc>https://pendlings-app1.t-767929534-cloudflare.workers.dev/?fran=Sölvesborg&amp;till=Ängelholm</loc><changefreq>monthly</changefreq></url>
Falun,Skinnskatteberg,595,403,Avståndet mellan Falun och Skinnskatteberg är 595 km och Karl-Johan Gyllenstorm beräknade körtiden till cirka 403 minuter.,<url><loc>https://pendlings-app1.t-767929534-cloudflare.workers.dev/?fran=Falun&amp;till=Skinnskatteberg</loc><changefreq>monthly</changefreq></url>
Ystad,Karlstad,522,339,Avståndet mellan Ystad och Karlstad är 522 km och Karl-Johan Gyllenstorm beräknade körtiden till cirka 339 minuter.,<url><loc>https://pendlings-app1.t-767929534-cloudflare.workers.dev/?fran=Ystad&amp;till=Karlstad</loc><changefreq>monthly</changefreq></url>
Hörby,Vårgårda,582,380,Avståndet mellan Hörby och Vårgårda är 582 km och Karl-Johan Gyllenstorm beräknade körtiden till cirka 380 minuter.,<url><loc>https://pendlings-app1.t-767929534-cloudflare.workers.dev/?fran=Hörby&amp;till=Vårgårda</loc><changefreq>monthly</changefreq></url>
Flen,Finspång,1069,746,Avståndet mellan Flen och Finspång är 1069 km och Karl-Johan Gyllenstorm beräknade körtiden till cirka 746 minuter.,<url><loc>https://pendlings-app1.t-767929534-cloudflare.workers.dev/?fran=Flen&amp;till=Finspång</loc><changefreq>monthly</changefreq></url>
Eskilstuna,Båstad,268,196,Avståndet mellan Eskilstuna och Båstad är 268 km och Karl-Johan Gyllenstorm beräknade körtiden till cirka 196 minuter.,<url><loc>https://pendlings-app1.t-767929534-cloudflare.workers.dev/?fran=Eskilstuna&amp;till=Båstad</loc><changefreq>monthly</changefreq></url>
Alingsås,Slite,1192,851,Avståndet mellan Alingsås och Slite är 1192 km och Karl-Johan Gyllenstorm beräknade körtiden till cirka 851 minuter.,<url><loc>https://pendlings-app1.t-767929534-cloudflare.workers.dev/?fran=Alingsås&amp;till=Slite</loc><changefreq>monthly</changefreq></url>
Bålsta,Aneby,1045,784,Avståndet mellan Bålsta och Aneby är 1045 km och Karl-Johan Gyllenstorm beräknade körtiden till cirka 784 minuter.,<url><loc>https://pendlings-app1.t-767929534-cloudflare.workers.dev/?fran=Bålsta&amp;till=Aneby</loc><changefreq>monthly</changefreq></url>
Skövde,Haparanda,781,582,Avståndet mellan Skövde och Haparanda är 781 km och Karl-Johan Gyllenstorm beräknade körtiden till cirka 582 minuter.,<url><loc>https://pendlings-app1.t-767929534-cloudflare.workers.dev/?fran=Skövde&amp;till=Haparanda</loc><changefreq>monthly</changefreq></url>
Torsby,Varberg,844,608,Avståndet mellan Torsby och Varberg är 844 km och Karl-Johan Gyllenstorm beräknade körtiden till cirka 608 minuter.,<url><loc>https://pendlings-app1.t-767929534-cloudflare.workers.dev/?fran=Torsby&amp;till=Varberg</loc><changefreq>monthly</changefreq></url>
Skara,Överkalix,429,273,Avståndet mellan Skara och Överkalix är 429 km och Karl-Johan Gyllenstorm beräknade körtiden till cirka 273 minuter.,<url><loc>https://pendlings-app1.t-767929534-cloudflare.workers.dev/?fran=Skara&amp;till=Överkalix</loc><changefreq>monthly</changefreq></url>
Tanum,Storfors,497,357,Avståndet mellan Tanum och Storfors är 497 km och Karl-Johan Gyllenstorm beräknade körtiden till cirka 357 minuter.,<url><loc>https://pendlings-app1.t-767929534-cloudflare.workers.dev/?fran=Tanum&amp;till=Storfors</loc><changefreq>monthly</changefreq></url>
Ockelbo,Åtvidaberg,805,581,Avståndet mellan Ockelbo och Åtvidaberg är 805 km och Karl-Johan Gyllenstorm beräknade körtiden till cirka 581 minuter.,<url><loc>https://pendlings-app1.t-767929534-cloudflare.workers.dev/?fran=Ockelbo&amp;till=Åtvidaberg</loc><changefreq>monthly</changefreq></url>
Södertälje,Halmstad,974,671,Avståndet mellan Södertälje och Halmstad är 974 km och Karl-Johan Gyllenstorm beräknade körtiden till cirka 671 minuter.,<url><loc>https://pendlings-app1.t-767929534-cloudflare.workers.dev/?fran=Södertälje&amp;till=Halmstad</loc><changefreq>monthly</changefreq></url>
Stånga,Tingstäde,1304,829,Avståndet mellan Stånga och Tingstäde är 1304 km och Karl-Johan Gyllenstorm beräknade körtiden till cirka 829 minuter.,<url><loc>https://pendlings-app1.t-767929534-cloudflare.workers.dev/?fran=Stånga&amp;till=Tingstäde</loc><changefreq>monthly</changefreq></url>
Härnösand,Luleå,860,640,Avståndet mellan Härnösand och Luleå är 860 km och Karl-Johan Gyllenstorm beräknade körtiden till cirka 640 minuter.,<url><loc>https://pendlings-app1.t-767929534-cloudflare.workers.dev/?fran=Härnösand&amp;till=Luleå</loc><changefreq>monthly</changefreq></url>
Trelleborg,Ödeshög,175,135,Avståndet mellan Trelleborg och Ödeshög är 175 km och Karl-Johan Gyllenstorm beräknade körtiden till cirka 135 minuter.,<url><loc>https://pendlings-app1.t-767929534-cloudflare.workers.dev/?fran=Trelleborg&amp;till=Ödeshög</loc><changefreq>monthly</changefreq></url>
Bromölla,Gullspång,1215,898,Avståndet mellan Bromölla och Gullspång är 1215 km och Karl-Johan Gyllenstorm beräknade körtiden till cirka 898 minuter.,<url><loc>https://pendlings-app1.t-767929534-cloudflare.workers.dev/?fran=Bromölla&amp;till=Gullspång</loc><changefreq>monthly</changefreq></url>
Slite,Hofors,1017,647,Avståndet mellan Slite och Hofors är 1017 km och Karl-Johan Gyllenstorm beräknade körtiden till cirka 647 minuter.,<url><loc>https://pendlings-app1.t-767929534-cloudflare.workers.dev/?fran=Slite&amp;till=Hofors</loc><changefreq>monthly</changefreq></url>
Enköping,Östra Göinge,1390,896,Avståndet mellan Enköping och Östra Göinge är 1390 km och Karl-Johan Gyllenstorm beräknade körtiden till cirka 896 minuter.,<url><loc>https://pendlings-app1.t-767929534-cloudflare.workers.dev/?fran=Enköping&amp;till=Östra Göinge</loc><changefreq>monthly</changefreq></url>
Svenljunga,Forshaga,301,201,Avståndet mellan Svenljunga och Forshaga är 301 km och Karl-Johan Gyllenstorm beräknade körtiden till cirka 201 minuter.,<url><loc>https://pendlings-app1.t-767929534-cloudflare.workers.dev/?fran=Svenljunga&amp;till=Forshaga</loc><changefreq>monthly</changefreq></url>
Östhammar,Ronehamn,550,419,Avståndet mellan Östhammar och Ronehamn är 550 km och Karl-Johan Gyllenstorm beräknade körtiden till cirka 419 minuter.,<url><loc>https://pendlings-app1.t-767929534-cloudflare.workers.dev/?fran=Östhammar&amp;till=Ronehamn</loc><changefreq>monthly</changefreq></url>
Boxholm,Arboga,1099,797,Avståndet mellan Boxholm och Arboga är 1099 km och Karl-Johan Gyllenstorm beräknade körtiden till cirka 797 minuter.,<url><loc>https://pendlings-app1.t-767929534-cloudflare.workers.dev/?fran=Boxholm&amp;till=Arboga</loc><changefreq>monthly</changefreq></url>
Charlottenberg,Vansbro,364,232,Avståndet mellan Charlottenberg och Vansbro är 364 km och Karl-Johan Gyllenstorm beräknade körtiden till cirka 232 minuter.,<url><loc>https://pendlings-app1.t-767929534-cloudflare.workers.dev/?fran=Charlottenberg&amp;till=Vansbro</loc><changefreq>monthly</changefreq></url>
Hagfors,Norsjö,1179,809,Avståndet mellan Hagfors och Norsjö är 1179 km och Karl-Johan Gyllenstorm beräknade körtiden till cirka 809 minuter.,<url><loc>https://pendlings-app1.t-767929534-cloudflare.workers.dev/?fran=Hagfors&amp;till=Norsjö</loc><changefreq>monthly</changefreq></url>
Falun,Simrishamn,47,34,Avståndet mellan Falun och Simrishamn är 47 km och Karl-Johan Gyllenstorm beräknade körtiden till cirka 34 minuter.,<url><loc>https://pendlings-app1.t-767929534-cloudflare.workers.dev/?fran=Falun&amp;till=Simrishamn</loc><changefreq>monthly</changefreq></url>
Lekeberg,Eskilstuna,840,659,Avståndet mellan Lekeberg och Eskilstuna är 840 km och Karl-Johan Gyllenstorm beräknade körtiden till cirka 659 minuter.,<url><loc>https://pendlings-app1.t-767929534-cloudflare.workers.dev/?fran=Lekeberg&amp;till=Eskilstuna</loc><changefreq>monthly</changefreq></url>
Sveg,Oxelösund,954,609,Avståndet mellan Sveg och Oxelösund är 954 km och Karl-Johan Gyllenstorm beräknade körtiden till cirka 609 minuter.,<url><loc>https://pendlings-app1.t-767929534-cloudflare.workers.dev/?fran=Sveg&amp;till=Oxelösund</loc><changefreq>monthly</changefreq></url>
Kungsbacka,Östhammar,1190,824,Avståndet mellan Kungsbacka och Östhammar är 1190 km och Karl-Johan Gyllenstorm beräknade körtiden till cirka 824 minuter.,<url><loc>https://pendlings-app1.t-767929534-cloudflare.workers.dev/?fran=Kungsbacka&amp;till=Östhammar</loc><changefreq>monthly</changefreq></url>
Eskilstuna,Vänersborg,387,295,Avståndet mellan Eskilstuna och Vänersborg är 387 km och Karl-Johan Gyllenstorm beräknade körtiden till cirka 295 minuter.,<url><loc>https://pendlings-app1.t-767929534-cloudflare.workers.dev/?fran=Eskilstuna&amp;till=Vänersborg</loc><changefreq>monthly</changefreq></url>
Båstad,Norsjö,731,531,Avståndet mellan Båstad och Norsjö är 731 km och Karl-Johan Gyllenstorm beräknade körtiden till cirka 531 minuter.,<url><loc>https://pendlings-app1.t-767929534-cloudflare.workers.dev/?fran=Båstad&amp;till=Norsjö</loc><changefreq>monthly</changefreq></url>
Krokom,Timrå,1233,794,Avståndet mellan Krokom och Timrå är 1233 km och Karl-Johan Gyllenstorm beräknade körtiden till cirka 794 minuter.,<url><loc>https://pendlings-app1.t-767929534-cloudflare.workers.dev/?fran=Krokom&amp;till=Timrå</loc><changefreq>monthly</changefreq></url>
Västervik,Jokkmokk,1255,854,Avståndet mellan Västervik och Jokkmokk är 1255 km och Karl-Johan Gyllenstorm beräknade körtiden till cirka 854 minuter.,<url><loc>https://pendlings-app1.t-767929534-cloudflare.workers.dev/?fran=Västervik&amp;till=Jokkmokk</loc><changefreq>monthly</changefreq></url>
Landskrona,Örkelljunga,341,236,Avståndet mellan Landskrona och Örkelljunga är 341 km och Karl-Johan Gyllenstorm beräknade körtiden till cirka 236 minuter.,<url><loc>https://pendlings-app1.t-767929534-cloudflare.workers.dev/?fran=Landskrona&amp;till=Örkelljunga</loc><changefreq>monthly</changefreq></url>
Mellerud,Slite,1260,832,Avståndet mellan Mellerud och Slite är 1260 km och Karl-Johan Gyllenstorm beräknade körtiden till cirka 832 minuter.,<url><loc>https://pendlings-app1.t-767929534-cloudflare.workers.dev/?fran=Mellerud&amp;till=Slite</loc><changefreq>monthly</changefreq></url>
Hällefor,Krokom,1147,861,Avståndet mellan Hällefor och Krokom är 1147 km och Karl-Johan Gyllenstorm beräknade körtiden till cirka 861 minuter.,<url><loc>https://pendlings-app1.t-767929534-cloudflare.workers.dev/?fran=Hällefor&amp;till=Krokom</loc><changefreq>monthly</changefreq></url>
Söderhamn,Sala,681,454,Avståndet mellan Söderhamn och Sala är 681 km och Karl-Johan Gyllenstorm beräknade körtiden till cirka 454 minuter.,<url><loc>https://pendlings-app1.t-767929534-cloudflare.workers.dev/?fran=Söderhamn&amp;till=Sala</loc><changefreq>monthly</changefreq></url>
Bålsta,Gävle,1002,651,Avståndet mellan Bålsta och Gävle är 1002 km och Karl-Johan Gyllenstorm beräknade körtiden till cirka 651 minuter.,<url><loc>https://pendlings-app1.t-767929534-cloudflare.workers.dev/?fran=Bålsta&amp;till=Gävle</loc><changefreq>monthly</changefreq></url>
Orsa,Timrå,843,587,Avståndet mellan Orsa och Timrå är 843 km och Karl-Johan Gyllenstorm beräknade körtiden till cirka 587 minuter.,<url><loc>https://pendlings-app1.t-767929534-cloudflare.workers.dev/?fran=Orsa&amp;till=Timrå</loc><changefreq>monthly</changefreq></url>
Tibro,Piteå,975,656,Avståndet mellan Tibro och Piteå är 975 km och Karl-Johan Gyllenstorm beräknade körtiden till cirka 656 minuter.,<url><loc>https://pendlings-app1.t-767929534-cloudflare.workers.dev/?fran=Tibro&amp;till=Piteå</loc><changefreq>monthly</changefreq></url>
Storfors,Bollnäs,948,652,Avståndet mellan Storfors och Bollnäs är 948 km och Karl-Johan Gyllenstorm beräknade körtiden till cirka 652 minuter.,<url><loc>https://pendlings-app1.t-767929534-cloudflare.workers.dev/?fran=Storfors&amp;till=Bollnäs</loc><changefreq>monthly</changefreq></url>
Kumla,Finspång,787,506,Avståndet mellan Kumla och Finspång är 787 km och Karl-Johan Gyllenstorm beräknade körtiden till cirka 506 minuter.,<url><loc>https://pendlings-app1.t-767929534-cloudflare.workers.dev/?fran=Kumla&amp;till=Finspång</loc><changefreq>monthly</changefreq></url>
Storfors,Hagfors,913,728,Avståndet mellan Storfors och Hagfors är 913 km och Karl-Johan Gyllenstorm beräknade körtiden till cirka 728 minuter.,<url><loc>https://pendlings-app1.t-767929534-cloudflare.workers.dev/?fran=Storfors&amp;till=Hagfors</loc><changefreq>monthly</changefreq></url>
Västerås,Karlsborg,273,205,Avståndet mellan Västerås och Karlsborg är 273 km och Karl-Johan Gyllenstorm beräknade körtiden till cirka 205 minuter.,<url><loc>https://pendlings-app1.t-767929534-cloudflare.workers.dev/?fran=Västerås&amp;till=Karlsborg</loc><changefreq>monthly</changefreq></url>
Åmål,Grythyttan,1100,841,Avståndet mellan Åmål och Grythyttan är 1100 km och Karl-Johan Gyllenstorm beräknade körtiden till cirka 841 minuter.,<url><loc>https://pendlings-app1.t-767929534-cloudflare.workers.dev/?fran=Åmål&amp;till=Grythyttan</loc><changefreq>monthly</changefreq></url>
Trelleborg,Pajala,1096,700,Avståndet mellan Trelleborg och Pajala är 1096 km och Karl-Johan Gyllenstorm beräknade körtiden till cirka 700 minuter.,<url><loc>https://pendlings-app1.t-767929534-cloudflare.workers.dev/?fran=Trelleborg&amp;till=Pajala</loc><changefreq>monthly</changefreq></url>
Hällefor,Uddevalla,540,349,Avståndet mellan Hällefor och Uddevalla är 540 km och Karl-Johan Gyllenstorm beräknade körtiden till cirka 349 minuter.,<url><loc>https://pendlings-app1.t-767929534-cloudflare.workers.dev/?fran=Hällefor&amp;till=Uddevalla</loc><changefreq>monthly</changefreq></url>
Mullsjö,Tierp,530,413,Avståndet mellan Mullsjö och Tierp är 530 km och Karl-Johan Gyllenstorm beräknade körtiden till cirka 413 minuter.,<url><loc>https://pendlings-app1.t-767929534-cloudflare.workers.dev/?fran=Mullsjö&amp;till=Tierp</loc><changefreq>monthly</changefreq></url>
Nybro,Sala,434,299,Avståndet mellan Nybro och Sala är 434 km och Karl-Johan Gyllenstorm beräknade körtiden till cirka 299 minuter.,<url><loc>https://pendlings-app1.t-767929534-cloudflare.workers.dev/?fran=Nybro&amp;till=Sala</loc><changefreq>monthly</changefreq></url>
Älvkarleby,Finspång,413,262,Avståndet mellan Älvkarleby och Finspång är 413 km och Karl-Johan Gyllenstorm beräknade körtiden till cirka 262 minuter.,<url><loc>https://pendlings-app1.t-767929534-cloudflare.workers.dev/?fran=Älvkarleby&amp;till=Finspång</loc><changefreq>monthly</changefreq></url>
Skutskär,Dorotea,1252,979,Avståndet mellan Skutskär och Dorotea är 1252 km och Karl-Johan Gyllenstorm beräknade körtiden till cirka 979 minuter.,<url><loc>https://pendlings-app1.t-767929534-cloudflare.workers.dev/?fran=Skutskär&amp;till=Dorotea</loc><changefreq>monthly</changefreq></url>
Östra Göinge,Hällefor,283,204,Avståndet mellan Östra Göinge och Hällefor är 283 km och Karl-Johan Gyllenstorm beräknade körtiden till cirka 204 minuter.,<url><loc>https://pendlings-app1.t-767929534-cloudflare.workers.dev/?fran=Östra Göinge&amp;till=Hällefor</loc><changefreq>monthly</changefreq></url>
Hässleholm,Slite,85,68,Avståndet mellan Hässleholm och Slite är 85 km och Karl-Johan Gyllenstorm beräknade körtiden till cirka 68 minuter.,<url><loc>https://pendlings-app1.t-767929534-cloudflare.workers.dev/?fran=Hässleholm&amp;till=Slite</loc><changefreq>monthly</changefreq></url>
Bengtsfors,Vilhelmina,161,120,Avståndet mellan Bengtsfors och Vilhelmina är 161 km och Karl-Johan Gyllenstorm beräknade körtiden till cirka 120 minuter.,<url><loc>https://pendlings-app1.t-767929534-cloudflare.workers.dev/?fran=Bengtsfors&amp;till=Vilhelmina</loc><changefreq>monthly</changefreq></url>
Flen,Nyköping,126,86,Avståndet mellan Flen och Nyköping är 126 km och Karl-Johan Gyllenstorm beräknade körtiden till cirka 86 minuter.,<url><loc>https://pendlings-app1.t-767929534-cloudflare.workers.dev/?fran=Flen&amp;till=Nyköping</loc><changefreq>monthly</changefreq></url>
Ragunda,Älvsbyn,1373,926,Avståndet mellan Ragunda och Älvsbyn är 1373 km och Karl-Johan Gyllenstorm beräknade körtiden till cirka 926 minuter.,<url><loc>https://pendlings-app1.t-767929534-cloudflare.workers.dev/?fran=Ragunda&amp;till=Älvsbyn</loc><changefreq>monthly</changefreq></url>
Bengtsfors,Orsa,841,647,Avståndet mellan Bengtsfors och Orsa är 841 km och Karl-Johan Gyllenstorm beräknade körtiden till cirka 647 minuter.,<url><loc>https://pendlings-app1.t-767929534-cloudflare.workers.dev/?fran=Bengtsfors&amp;till=Orsa</loc><changefreq>monthly</changefreq></url>
Mjölby,Mariestad,1288,864,Avståndet mellan Mjölby och Mariestad är 1288 km och Karl-Johan Gyllenstorm beräknade körtiden till cirka 864 minuter.,<url><loc>https://pendlings-app1.t-767929534-cloudflare.workers.dev/?fran=Mjölby&amp;till=Mariestad</loc><changefreq>monthly</changefreq></url>
Arvidsjaur,Tofta,162,103,Avståndet mellan Arvidsjaur och Tofta är 162 km och Karl-Johan Gyllenstorm beräknade körtiden till cirka 103 minuter.,<url><loc>https://pendlings-app1.t-767929534-cloudflare.workers.dev/?fran=Arvidsjaur&amp;till=Tofta</loc><changefreq>monthly</changefreq></url>
Simrishamn,Kils,649,434,Avståndet mellan Simrishamn och Kils är 649 km och Karl-Johan Gyllenstorm beräknade körtiden till cirka 434 minuter.,<url><loc>https://pendlings-app1.t-767929534-cloudflare.workers.dev/?fran=Simrishamn&amp;till=Kils</loc><changefreq>monthly</changefreq></url>
Ockelbo,Luleå,1379,1040,Avståndet mellan Ockelbo och Luleå är 1379 km och Karl-Johan Gyllenstorm beräknade körtiden till cirka 1040 minuter.,<url><loc>https://pendlings-app1.t-767929534-cloudflare.workers.dev/?fran=Ockelbo&amp;till=Luleå</loc><changefreq>monthly</changefreq></url>
Perstorp,Lidköping,94,61,Avståndet mellan Perstorp och Lidköping är 94 km och Karl-Johan Gyllenstorm beräknade körtiden till cirka 61 minuter.,<url><loc>https://pendlings-app1.t-767929534-cloudflare.workers.dev/?fran=Perstorp&amp;till=Lidköping</loc><changefreq>monthly</changefreq></url>
Höör,Nora,1180,927,Avståndet mellan Höör och Nora är 1180 km och Karl-Johan Gyllenstorm beräknade körtiden till cirka 927 minuter.,<url><loc>https://pendlings-app1.t-767929534-cloudflare.workers.dev/?fran=Höör&amp;till=Nora</loc><changefreq>monthly</changefreq></url>
Älvsbyn,Piteå,640,496,Avståndet mellan Älvsbyn och Piteå är 640 km och Karl-Johan Gyllenstorm beräknade körtiden till cirka 496 minuter.,<url><loc>https://pendlings-app1.t-767929534-cloudflare.workers.dev/?fran=Älvsbyn&amp;till=Piteå</loc><changefreq>monthly</changefreq></url>
Luleå,Timrå,443,311,Avståndet mellan Luleå och Timrå är 443 km och Karl-Johan Gyllenstorm beräknade körtiden till cirka 311 minuter.,<url><loc>https://pendlings-app1.t-767929534-cloudflare.workers.dev/?fran=Luleå&amp;till=Timrå</loc><changefreq>monthly</changefreq></url>
Västerås,Södertälje,1202,849,Avståndet mellan Västerås och Södertälje är 1202 km och Karl-Johan Gyllenstorm beräknade körtiden till cirka 849 minuter.,<url><loc>https://pendlings-app1.t-767929534-cloudflare.workers.dev/?fran=Västerås&amp;till=Södertälje</loc><changefreq>monthly</changefreq></url>
Trollhättan,Götene,336,217,Avståndet mellan Trollhättan och Götene är 336 km och Karl-Johan Gyllenstorm beräknade körtiden till cirka 217 minuter.,<url><loc>https://pendlings-app1.t-767929534-cloudflare.workers.dev/?fran=Trollhättan&amp;till=Götene</loc><changefreq>monthly</changefreq></url>
Fårösund,Enköping,1138,809,Avståndet mellan Fårösund och Enköping är 1138 km och Karl-Johan Gyllenstorm beräknade körtiden till cirka 809 minuter.,<url><loc>https://pendlings-app1.t-767929534-cloudflare.workers.dev/?fran=Fårösund&amp;till=Enköping</loc><changefreq>monthly</changefreq></url>
Vingåker,Umeå,92,64,Avståndet mellan Vingåker och Umeå är 92 km och Karl-Johan Gyllenstorm beräknade körtiden till cirka 64 minuter.,<url><loc>https://pendlings-app1.t-767929534-cloudflare.workers.dev/?fran=Vingåker&amp;till=Umeå</loc><changefreq>monthly</changefreq></url>
Varberg,Sala,1131,811,Avståndet mellan Varberg och Sala är 1131 km och Karl-Johan Gyllenstorm beräknade körtiden till cirka 811 minuter.,<url><loc>https://pendlings-app1.t-767929534-cloudflare.workers.dev/?fran=Varberg&amp;till=Sala</loc><changefreq>monthly</changefreq></url>
Gislaved,Lärbro,695,455,Avståndet mellan Gislaved och Lärbro är 695 km och Karl-Johan Gyllenstorm beräknade körtiden till cirka 455 minuter.,<url><loc>https://pendlings-app1.t-767929534-cloudflare.workers.dev/?fran=Gislaved&amp;till=Lärbro</loc><changefreq>monthly</changefreq></url>
Lekeberg,Svalöv,810,600,Avståndet mellan Lekeberg och Svalöv är 810 km och Karl-Johan Gyllenstorm beräknade körtiden till cirka 600 minuter.,<url><loc>https://pendlings-app1.t-767929534-cloudflare.workers.dev/?fran=Lekeberg&amp;till=Svalöv</loc><changefreq>monthly</changefreq></url>
Skutskär,Munkedal,1391,890,Avståndet mellan Skutskär och Munkedal är 1391 km och Karl-Johan Gyllenstorm beräknade körtiden till cirka 890 minuter.,<url><loc>https://pendlings-app1.t-767929534-cloudflare.workers.dev/?fran=Skutskär&amp;till=Munkedal</loc><changefreq>monthly</changefreq></url>
Mellerud,Skellefteå,302,224,Avståndet mellan Mellerud och Skellefteå är 302 km och Karl-Johan Gyllenstorm beräknade körtiden till cirka 224 minuter.,<url><loc>https://pendlings-app1.t-767929534-cloudflare.workers.dev/?fran=Mellerud&amp;till=Skellefteå</loc><changefreq>monthly</changefreq></url>
Skara,Grythyttan,48,35,Avståndet mellan Skara och Grythyttan är 48 km och Karl-Johan Gyllenstorm beräknade körtiden till cirka 35 minuter.,<url><loc>https://pendlings-app1.t-767929534-cloudflare.workers.dev/?fran=Skara&amp;till=Grythyttan</loc><changefreq>monthly</changefreq></url>
Sunne,Torsby,1354,1041,Avståndet mellan Sunne och Torsby är 1354 km och Karl-Johan Gyllenstorm beräknade körtiden till cirka 1041 minuter.,<url><loc>https://pendlings-app1.t-767929534-cloudflare.workers.dev/?fran=Sunne&amp;till=Torsby</loc><changefreq>monthly</changefreq></url>
Sollefteå,Ed,1087,829,Avståndet mellan Sollefteå och Ed är 1087 km och Karl-Johan Gyllenstorm beräknade körtiden till cirka 829 minuter.,<url><loc>https://pendlings-app1.t-767929534-cloudflare.workers.dev/?fran=Sollefteå&amp;till=Ed</loc><changefreq>monthly</changefreq></url>
Karlshamn,Knivsta,714,468,Avståndet mellan Karlshamn och Knivsta är 714 km och Karl-Johan Gyllenstorm beräknade körtiden till cirka 468 minuter.,<url><loc>https://pendlings-app1.t-767929534-cloudflare.workers.dev/?fran=Karlshamn&amp;till=Knivsta</loc><changefreq>monthly</changefreq></url>
Lärbro,Sorsele,88,61,Avståndet mellan Lärbro och Sorsele är 88 km och Karl-Johan Gyllenstorm beräknade körtiden till cirka 61 minuter.,<url><loc>https://pendlings-app1.t-767929534-cloudflare.workers.dev/?fran=Lärbro&amp;till=Sorsele</loc><changefreq>monthly</changefreq></url>
Burgsvik,Ed,1017,643,Avståndet mellan Burgsvik och Ed är 1017 km och Karl-Johan Gyllenstorm beräknade körtiden till cirka 643 minuter.,<url><loc>https://pendlings-app1.t-767929534-cloudflare.workers.dev/?fran=Burgsvik&amp;till=Ed</loc><changefreq>monthly</changefreq></url>
Munkedal,Krokom,901,620,Avståndet mellan Munkedal och Krokom är 901 km och Karl-Johan Gyllenstorm beräknade körtiden till cirka 620 minuter.,<url><loc>https://pendlings-app1.t-767929534-cloudflare.workers.dev/?fran=Munkedal&amp;till=Krokom</loc><changefreq>monthly</changefreq></url>
Övertorneå,Malå,234,161,Avståndet mellan Övertorneå och Malå är 234 km och Karl-Johan Gyllenstorm beräknade körtiden till cirka 161 minuter.,<url><loc>https://pendlings-app1.t-767929534-cloudflare.workers.dev/?fran=Övertorneå&amp;till=Malå</loc><changefreq>monthly</changefreq></url>
Söderköping,Varberg,559,389,Avståndet mellan Söderköping och Varberg är 559 km och Karl-Johan Gyllenstorm beräknade körtiden till cirka 389 minuter.,<url><loc>https://pendlings-app1.t-767929534-cloudflare.workers.dev/?fran=Söderköping&amp;till=Varberg</loc><changefreq>monthly</changefreq></url>
Forshaga,Klippan,1295,936,Avståndet mellan Forshaga och Klippan är 1295 km och Karl-Johan Gyllenstorm beräknade körtiden till cirka 936 minuter.,<url><loc>https://pendlings-app1.t-767929534-cloudflare.workers.dev/?fran=Forshaga&amp;till=Klippan</loc><changefreq>monthly</changefreq></url>
Ydre,Täby,1189,761,Avståndet mellan Ydre och Täby är 1189 km och Karl-Johan Gyllenstorm beräknade körtiden till cirka 761 minuter.,<url><loc>https://pendlings-app1.t-767929534-cloudflare.workers.dev/?fran=Ydre&amp;till=Täby</loc><changefreq>monthly</changefreq></url>
Avesta,Åsele,1141,733,Avståndet mellan Avesta och Åsele är 1141 km och Karl-Johan Gyllenstorm beräknade körtiden till cirka 733 minuter.,<url><loc>https://pendlings-app1.t-767929534-cloudflare.workers.dev/?fran=Avesta&amp;till=Åsele</loc><changefreq>monthly</changefreq></url>
Svenljunga,Kinda,94,64,Avståndet mellan Svenljunga och Kinda är 94 km och Karl-Johan Gyllenstorm beräknade körtiden till cirka 64 minuter.,<url><loc>https://pendlings-app1.t-767929534-cloudflare.workers.dev/?fran=Svenljunga&amp;till=Kinda</loc><changefreq>monthly</changefreq></url>
Skinnskatteberg,Lärbro,782,565,Avståndet mellan Skinnskatteberg och Lärbro är 782 km och Karl-Johan Gyllenstorm beräknade körtiden till cirka 565 minuter.,<url><loc>https://pendlings-app1.t-767929534-cloudflare.workers.dev/?fran=Skinnskatteberg&amp;till=Lärbro</loc><changefreq>monthly</changefreq></url>
Storfors,Habon,294,191,Avståndet mellan Storfors och Habon är 294 km och Karl-Johan Gyllenstorm beräknade körtiden till cirka 191 minuter.,<url><loc>https://pendlings-app1.t-767929534-cloudflare.workers.dev/?fran=Storfors&amp;till=Habon</loc><changefreq>monthly</changefreq></url>
Stockholm,Burgsvik,199,141,Avståndet mellan Stockholm och Burgsvik är 199 km och Karl-Johan Gyllenstorm beräknade körtiden till cirka 141 minuter.,<url><loc>https://pendlings-app1.t-767929534-cloudflare.workers.dev/?fran=Stockholm&amp;till=Burgsvik</loc><changefreq>monthly</changefreq></url>
Bjuv,Filipstad,771,579,Avståndet mellan Bjuv och Filipstad är 771 km och Karl-Johan Gyllenstorm beräknade körtiden till cirka 579 minuter.,<url><loc>https://pendlings-app1.t-767929534-cloudflare.workers.dev/?fran=Bjuv&amp;till=Filipstad</loc><changefreq>monthly</changefreq></url>
Ludvika,Karlstad,30,21,Avståndet mellan Ludvika och Karlstad är 30 km och Karl-Johan Gyllenstorm beräknade körtiden till cirka 21 minuter.,<url><loc>https://pendlings-app1.t-767929534-cloudflare.workers.dev/?fran=Ludvika&amp;till=Karlstad</loc><changefreq>monthly</changefreq></url>
Örebro,Ed,861,621,Avståndet mellan Örebro och Ed är 861 km och Karl-Johan Gyllenstorm beräknade körtiden till cirka 621 minuter.,<url><loc>https://pendlings-app1.t-767929534-cloudflare.workers.dev/?fran=Örebro&amp;till=Ed</loc><changefreq>monthly</changefreq></url>
Finspång,Motala,1102,791,Avståndet mellan Finspång och Motala är 1102 km och Karl-Johan Gyllenstorm beräknade körtiden till cirka 791 minuter.,<url><loc>https://pendlings-app1.t-767929534-cloudflare.workers.dev/?fran=Finspång&amp;till=Motala</loc><changefreq>monthly</changefreq></url>
Gnosjö,Emmaboda,707,449,Avståndet mellan Gnosjö och Emmaboda är 707 km och Karl-Johan Gyllenstorm beräknade körtiden till cirka 449 minuter.,<url><loc>https://pendlings-app1.t-767929534-cloudflare.workers.dev/?fran=Gnosjö&amp;till=Emmaboda</loc><changefreq>monthly</changefreq></url>
Karlskrona,Mellerud,338,225,Avståndet mellan Karlskrona och Mellerud är 338 km och Karl-Johan Gyllenstorm beräknade körtiden till cirka 225 minuter.,<url><loc>https://pendlings-app1.t-767929534-cloudflare.workers.dev/?fran=Karlskrona&amp;till=Mellerud</loc><changefreq>monthly</changefreq></url>
Knivsta,Munkedal,1359,874,Avståndet mellan Knivsta och Munkedal är 1359 km och Karl-Johan Gyllenstorm beräknade körtiden till cirka 874 minuter.,<url><loc>https://pendlings-app1.t-767929534-cloudflare.workers.dev/?fran=Knivsta&amp;till=Munkedal</loc><changefreq>monthly</changefreq></url>
Hemse,Herrljunga,1339,852,Avståndet mellan Hemse och Herrljunga är 1339 km och Karl-Johan Gyllenstorm beräknade körtiden till cirka 852 minuter.,<url><loc>https://pendlings-app1.t-767929534-cloudflare.workers.dev/?fran=Hemse&amp;till=Herrljunga</loc><changefreq>monthly</changefreq></url>
Sala,Klippan,619,404,Avståndet mellan Sala och Klippan är 619 km och Karl-Johan Gyllenstorm beräknade körtiden till cirka 404 minuter.,<url><loc>https://pendlings-app1.t-767929534-cloudflare.workers.dev/?fran=Sala&amp;till=Klippan</loc><changefreq>monthly</changefreq></url>
Enköping,Hallstahammar,38,28,Avståndet mellan Enköping och Hallstahammar är 38 km och Karl-Johan Gyllenstorm beräknade körtiden till cirka 28 minuter.,<url><loc>https://pendlings-app1.t-767929534-cloudflare.workers.dev/?fran=Enköping&amp;till=Hallstahammar</loc><changefreq>monthly</changefreq></url>
Arvika,Gällivare,654,463,Avståndet mellan Arvika och Gällivare är 654 km och Karl-Johan Gyllenstorm beräknade körtiden till cirka 463 minuter.,<url><loc>https://pendlings-app1.t-767929534-cloudflare.workers.dev/?fran=Arvika&amp;till=Gällivare</loc><changefreq>monthly</changefreq></url>
Västervik,Tierp,271,182,Avståndet mellan Västervik och Tierp är 271 km och Karl-Johan Gyllenstorm beräknade körtiden till cirka 182 minuter.,<url><loc>https://pendlings-app1.t-767929534-cloudflare.workers.dev/?fran=Västervik&amp;till=Tierp</loc><changefreq>monthly</changefreq></url>
Trelleborg,Sävsjö,676,510,Avståndet mellan Trelleborg och Sävsjö är 676 km och Karl-Johan Gyllenstorm beräknade körtiden till cirka 510 minuter.,<url><loc>https://pendlings-app1.t-767929534-cloudflare.workers.dev/?fran=Trelleborg&amp;till=Sävsjö</loc><changefreq>monthly</changefreq></url>
Ronneby,Piteå,173,118,Avståndet mellan Ronneby och Piteå är 173 km och Karl-Johan Gyllenstorm beräknade körtiden till cirka 118 minuter.,<url><loc>https://pendlings-app1.t-767929534-cloudflare.workers.dev/?fran=Ronneby&amp;till=Piteå</loc><changefreq>monthly</changefreq></url>
Eksjö,Mörbylånga,1012,688,Avståndet mellan Eksjö och Mörbylånga är 1012 km och Karl-Johan Gyllenstorm beräknade körtiden till cirka 688 minuter.,<url><loc>https://pendlings-app1.t-767929534-cloudflare.workers.dev/?fran=Eksjö&amp;till=Mörbylånga</loc><changefreq>monthly</changefreq></url>
Osby,Kävlinge,671,438,Avståndet mellan Osby och Kävlinge är 671 km och Karl-Johan Gyllenstorm beräknade körtiden till cirka 438 minuter.,<url><loc>https://pendlings-app1.t-767929534-cloudflare.workers.dev/?fran=Osby&amp;till=Kävlinge</loc><changefreq>monthly</changefreq></url>
Härjedalen,Söderköping,223,178,Avståndet mellan Härjedalen och Söderköping är 223 km och Karl-Johan Gyllenstorm beräknade körtiden till cirka 178 minuter.,<url><loc>https://pendlings-app1.t-767929534-cloudflare.workers.dev/?fran=Härjedalen&amp;till=Söderköping</loc><changefreq>monthly</changefreq></url>
Östersund,Bengtsfors,1041,737,Avståndet mellan Östersund och Bengtsfors är 1041 km och Karl-Johan Gyllenstorm beräknade körtiden till cirka 737 minuter.,<url><loc>https://pendlings-app1.t-767929534-cloudflare.workers.dev/?fran=Östersund&amp;till=Bengtsfors</loc><changefreq>monthly</changefreq></url>
Lysekil,Lomma,427,292,Avståndet mellan Lysekil och Lomma är 427 km och Karl-Johan Gyllenstorm beräknade körtiden till cirka 292 minuter.,<url><loc>https://pendlings-app1.t-767929534-cloudflare.workers.dev/?fran=Lysekil&amp;till=Lomma</loc><changefreq>monthly</changefreq></url>
Sandviken,Söderhamn,175,124,Avståndet mellan Sandviken och Söderhamn är 175 km och Karl-Johan Gyllenstorm beräknade körtiden till cirka 124 minuter.,<url><loc>https://pendlings-app1.t-767929534-cloudflare.workers.dev/?fran=Sandviken&amp;till=Söderhamn</loc><changefreq>monthly</changefreq></url>
Höganäs,Bengtsfors,741,583,Avståndet mellan Höganäs och Bengtsfors är 741 km och Karl-Johan Gyllenstorm beräknade körtiden till cirka 583 minuter.,<url><loc>https://pendlings-app1.t-767929534-cloudflare.workers.dev/?fran=Höganäs&amp;till=Bengtsfors</loc><changefreq>monthly</changefreq></url>
Sotenäs,Flen,883,691,Avståndet mellan Sotenäs och Flen är 883 km och Karl-Johan Gyllenstorm beräknade körtiden till cirka 691 minuter.,<url><loc>https://pendlings-app1.t-767929534-cloudflare.workers.dev/?fran=Sotenäs&amp;till=Flen</loc><changefreq>monthly</changefreq></url>
Tofta,Kungsbacka,1203,800,Avståndet mellan Tofta och Kungsbacka är 1203 km och Karl-Johan Gyllenstorm beräknade körtiden till cirka 800 minuter.,<url><loc>https://pendlings-app1.t-767929534-cloudflare.workers.dev/?fran=Tofta&amp;till=Kungsbacka</loc><changefreq>monthly</changefreq></url>
Hallsberg,Munkedal,392,249,Avståndet mellan Hallsberg och Munkedal är 392 km och Karl-Johan Gyllenstorm beräknade körtiden till cirka 249 minuter.,<url><loc>https://pendlings-app1.t-767929534-cloudflare.workers.dev/?fran=Hallsberg&amp;till=Munkedal</loc><changefreq>monthly</changefreq></url>
Gagnef,Visby,325,219,Avståndet mellan Gagnef och Visby är 325 km och Karl-Johan Gyllenstorm beräknade körtiden till cirka 219 minuter.,<url><loc>https://pendlings-app1.t-767929534-cloudflare.workers.dev/?fran=Gagnef&amp;till=Visby</loc><changefreq>monthly</changefreq></url>
Essunga,Bålsta,1298,866,Avståndet mellan Essunga och Bålsta är 1298 km och Karl-Johan Gyllenstorm beräknade körtiden till cirka 866 minuter.,<url><loc>https://pendlings-app1.t-767929534-cloudflare.workers.dev/?fran=Essunga&amp;till=Bålsta</loc><changefreq>monthly</changefreq></url>
Oxelösund,Munkedal,1220,842,Avståndet mellan Oxelösund och Munkedal är 1220 km och Karl-Johan Gyllenstorm beräknade körtiden till cirka 842 minuter.,<url><loc>https://pendlings-app1.t-767929534-cloudflare.workers.dev/?fran=Oxelösund&amp;till=Munkedal</loc><changefreq>monthly</changefreq></url>
Finspång,Habon,170,117,Avståndet mellan Finspång och Habon är 170 km och Karl-Johan Gyllenstorm beräknade körtiden till cirka 117 minuter.,<url><loc>https://pendlings-app1.t-767929534-cloudflare.workers.dev/?fran=Finspång&amp;till=Habon</loc><changefreq>monthly</changefreq></url>
Klintehamn,Staffanstorp,1081,766,Avståndet mellan Klintehamn och Staffanstorp är 1081 km och Karl-Johan Gyllenstorm beräknade körtiden till cirka 766 minuter.,<url><loc>https://pendlings-app1.t-767929534-cloudflare.workers.dev/?fran=Klintehamn&amp;till=Staffanstorp</loc><changefreq>monthly</changefreq></url>
Strömsund,Burgsvik,455,324,Avståndet mellan Strömsund och Burgsvik är 455 km och Karl-Johan Gyllenstorm beräknade körtiden till cirka 324 minuter.,<url><loc>https://pendlings-app1.t-767929534-cloudflare.workers.dev/?fran=Strömsund&amp;till=Burgsvik</loc><changefreq>monthly</changefreq></url>
Vårgårda,Slite,413,306,Avståndet mellan Vårgårda och Slite är 413 km och Karl-Johan Gyllenstorm beräknade körtiden till cirka 306 minuter.,<url><loc>https://pendlings-app1.t-767929534-cloudflare.workers.dev/?fran=Vårgårda&amp;till=Slite</loc><changefreq>monthly</changefreq></url>
Eda,Södertälje,401,264,Avståndet mellan Eda och Södertälje är 401 km och Karl-Johan Gyllenstorm beräknade körtiden till cirka 264 minuter.,<url><loc>https://pendlings-app1.t-767929534-cloudflare.workers.dev/?fran=Eda&amp;till=Södertälje</loc><changefreq>monthly</changefreq></url>
Tomelilla,Tofta,660,492,Avståndet mellan Tomelilla och Tofta är 660 km och Karl-Johan Gyllenstorm beräknade körtiden till cirka 492 minuter.,<url><loc>https://pendlings-app1.t-767929534-cloudflare.workers.dev/?fran=Tomelilla&amp;till=Tofta</loc><changefreq>monthly</changefreq></url>
Surahammar,Ödeshög,943,701,Avståndet mellan Surahammar och Ödeshög är 943 km och Karl-Johan Gyllenstorm beräknade körtiden till cirka 701 minuter.,<url><loc>https://pendlings-app1.t-767929534-cloudflare.workers.dev/?fran=Surahammar&amp;till=Ödeshög</loc><changefreq>monthly</changefreq></url>
Strängnäs,Sollefteå,1272,1018,Avståndet mellan Strängnäs och Sollefteå är 1272 km och Karl-Johan Gyllenstorm beräknade körtiden till cirka 1018 minuter.,<url><loc>https://pendlings-app1.t-767929534-cloudflare.workers.dev/?fran=Strängnäs&amp;till=Sollefteå</loc><changefreq>monthly</changefreq></url>
Visby,Falun,579,409,Avståndet mellan Visby och Falun är 579 km och Karl-Johan Gyllenstorm beräknade körtiden till cirka 409 minuter.,<url><loc>https://pendlings-app1.t-767929534-cloudflare.workers.dev/?fran=Visby&amp;till=Falun</loc><changefreq>monthly</changefreq></url>
Västerås,Färjestaden,77,55,Avståndet mellan Västerås och Färjestaden är 77 km och Karl-Johan Gyllenstorm beräknade körtiden till cirka 55 minuter.,<url><loc>https://pendlings-app1.t-767929534-cloudflare.workers.dev/?fran=Västerås&amp;till=Färjestaden</loc><changefreq>monthly</changefreq></url>
Sävsjö,Tranemo,1119,806,Avståndet mellan Sävsjö och Tranemo är 1119 km och Karl-Johan Gyllenstorm beräknade körtiden till cirka 806 minuter.,<url><loc>https://pendlings-app1.t-767929534-cloudflare.workers.dev/?fran=Sävsjö&amp;till=Tranemo</loc><changefreq>monthly</changefreq></url>
Åsele,Vimmerby,288,191,Avståndet mellan Åsele och Vimmerby är 288 km och Karl-Johan Gyllenstorm beräknade körtiden till cirka 191 minuter.,<url><loc>https://pendlings-app1.t-767929534-cloudflare.workers.dev/?fran=Åsele&amp;till=Vimmerby</loc><changefreq>monthly</changefreq></url>
Slite,Degerfors,670,424,Avståndet mellan Slite och Degerfors är 670 km och Karl-Johan Gyllenstorm beräknade körtiden till cirka 424 minuter.,<url><loc>https://pendlings-app1.t-767929534-cloudflare.workers.dev/?fran=Slite&amp;till=Degerfors</loc><changefreq>monthly</changefreq></url>
Slite,Sölvesborg,35,24,Avståndet mellan Slite och Sölvesborg är 35 km och Karl-Johan Gyllenstorm beräknade körtiden till cirka 24 minuter.,<url><loc>https://pendlings-app1.t-767929534-cloudflare.workers.dev/?fran=Slite&amp;till=Sölvesborg</loc><changefreq>monthly</changefreq></url>
Vårgårda,Strömstad,988,712,Avståndet mellan Vårgårda och Strömstad är 988 km och Karl-Johan Gyllenstorm beräknade körtiden till cirka 712 minuter.,<url><loc>https://pendlings-app1.t-767929534-cloudflare.workers.dev/?fran=Vårgårda&amp;till=Strömstad</loc><changefreq>monthly</changefreq></url>
Halmstad,Essunga,181,120,Avståndet mellan Halmstad och Essunga är 181 km och Karl-Johan Gyllenstorm beräknade körtiden till cirka 120 minuter.,<url><loc>https://pendlings-app1.t-767929534-cloudflare.workers.dev/?fran=Halmstad&amp;till=Essunga</loc><changefreq>monthly</changefreq></url>
Sollefteå,Kils,1270,997,Avståndet mellan Sollefteå och Kils är 1270 km och Karl-Johan Gyllenstorm beräknade körtiden till cirka 997 minuter.,<url><loc>https://pendlings-app1.t-767929534-cloudflare.workers.dev/?fran=Sollefteå&amp;till=Kils</loc><changefreq>monthly</changefreq></url>
Arvidsjaur,Åtvidaberg,990,678,Avståndet mellan Arvidsjaur och Åtvidaberg är 990 km och Karl-Johan Gyllenstorm beräknade körtiden till cirka 678 minuter.,<url><loc>https://pendlings-app1.t-767929534-cloudflare.workers.dev/?fran=Arvidsjaur&amp;till=Åtvidaberg</loc><changefreq>monthly</changefreq></url>
Ed,Luleå,1434,999,Avståndet mellan Ed och Luleå är 1434 km och Karl-Johan Gyllenstorm beräknade körtiden till cirka 999 minuter.,<url><loc>https://pendlings-app1.t-767929534-cloudflare.workers.dev/?fran=Ed&amp;till=Luleå</loc><changefreq>monthly</changefreq></url>
Helsingborg,Hedemora,756,591,Avståndet mellan Helsingborg och Hedemora är 756 km och Karl-Johan Gyllenstorm beräknade körtiden till cirka 591 minuter.,<url><loc>https://pendlings-app1.t-767929534-cloudflare.workers.dev/?fran=Helsingborg&amp;till=Hedemora</loc><changefreq>monthly</changefreq></url>
Gnestad,Köping,1448,1089,Avståndet mellan Gnestad och Köping är 1448 km och Karl-Johan Gyllenstorm beräknade körtiden till cirka 1089 minuter.,<url><loc>https://pendlings-app1.t-767929534-cloudflare.workers.dev/?fran=Gnestad&amp;till=Köping</loc><changefreq>monthly</changefreq></url>
Hallstahammar,Osby,1371,1050,Avståndet mellan Hallstahammar och Osby är 1371 km och Karl-Johan Gyllenstorm beräknade körtiden till cirka 1050 minuter.,<url><loc>https://pendlings-app1.t-767929534-cloudflare.workers.dev/?fran=Hallstahammar&amp;till=Osby</loc><changefreq>monthly</changefreq></url>
Staffanstorp,Vadstena,1127,778,Avståndet mellan Staffanstorp och Vadstena är 1127 km och Karl-Johan Gyllenstorm beräknade körtiden till cirka 778 minuter.,<url><loc>https://pendlings-app1.t-767929534-cloudflare.workers.dev/?fran=Staffanstorp&amp;till=Vadstena</loc><changefreq>monthly</changefreq></url>
Kinda,Sollefteå,185,138,Avståndet mellan Kinda och Sollefteå är 185 km och Karl-Johan Gyllenstorm beräknade körtiden till cirka 138 minuter.,<url><loc>https://pendlings-app1.t-767929534-cloudflare.workers.dev/?fran=Kinda&amp;till=Sollefteå</loc><changefreq>monthly</changefreq></url>
Simrishamn,Gimo,810,616,Avståndet mellan Simrishamn och Gimo är 810 km och Karl-Johan Gyllenstorm beräknade körtiden till cirka 616 minuter.,<url><loc>https://pendlings-app1.t-767929534-cloudflare.workers.dev/?fran=Simrishamn&amp;till=Gimo</loc><changefreq>monthly</changefreq></url>
Trosa,Årjäng,548,434,Avståndet mellan Trosa och Årjäng är 548 km och Karl-Johan Gyllenstorm beräknade körtiden till cirka 434 minuter.,<url><loc>https://pendlings-app1.t-767929534-cloudflare.workers.dev/?fran=Trosa&amp;till=Årjäng</loc><changefreq>monthly</changefreq></url>
Sandviken,Norrköping,175,122,Avståndet mellan Sandviken och Norrköping är 175 km och Karl-Johan Gyllenstorm beräknade körtiden till cirka 122 minuter.,<url><loc>https://pendlings-app1.t-767929534-cloudflare.workers.dev/?fran=Sandviken&amp;till=Norrköping</loc><changefreq>monthly</changefreq></url>
Gislaved,Arboga,750,528,Avståndet mellan Gislaved och Arboga är 750 km och Karl-Johan Gyllenstorm beräknade körtiden till cirka 528 minuter.,<url><loc>https://pendlings-app1.t-767929534-cloudflare.workers.dev/?fran=Gislaved&amp;till=Arboga</loc><changefreq>monthly</changefreq></url>
Örkelljunga,Falköping,730,535,Avståndet mellan Örkelljunga och Falköping är 730 km och Karl-Johan Gyllenstorm beräknade körtiden till cirka 535 minuter.,<url><loc>https://pendlings-app1.t-767929534-cloudflare.workers.dev/?fran=Örkelljunga&amp;till=Falköping</loc><changefreq>monthly</changefreq></url>
Höör,Eslöv,186,125,Avståndet mellan Höör och Eslöv är 186 km och Karl-Johan Gyllenstorm beräknade körtiden till cirka 125 minuter.,<url><loc>https://pendlings-app1.t-767929534-cloudflare.workers.dev/?fran=Höör&amp;till=Eslöv</loc><changefreq>monthly</changefreq></url>
Skellefteå,Färjestaden,220,162,Avståndet mellan Skellefteå och Färjestaden är 220 km och Karl-Johan Gyllenstorm beräknade körtiden till cirka 162 minuter.,<url><loc>https://pendlings-app1.t-767929534-cloudflare.workers.dev/?fran=Skellefteå&amp;till=Färjestaden</loc><changefreq>monthly</changefreq></url>
Uppsala,Sälen,950,711,Avståndet mellan Uppsala och Sälen är 950 km och Karl-Johan Gyllenstorm beräknade körtiden till cirka 711 minuter.,<url><loc>https://pendlings-app1.t-767929534-cloudflare.workers.dev/?fran=Uppsala&amp;till=Sälen</loc><changefreq>monthly</changefreq></url>
Skinnskatteberg,Örebro,1293,936,Avståndet mellan Skinnskatteberg och Örebro är 1293 km och Karl-Johan Gyllenstorm beräknade körtiden till cirka 936 minuter.,<url><loc>https://pendlings-app1.t-767929534-cloudflare.workers.dev/?fran=Skinnskatteberg&amp;till=Örebro</loc><changefreq>monthly</changefreq></url>
Sälen,Gnestad,774,581,Avståndet mellan Sälen och Gnestad är 774 km och Karl-Johan Gyllenstorm beräknade körtiden till cirka 581 minuter.,<url><loc>https://pendlings-app1.t-767929534-cloudflare.workers.dev/?fran=Sälen&amp;till=Gnestad</loc><changefreq>monthly</changefreq></url>
Skinnskatteberg,Knivsta,1389,1078,Avståndet mellan Skinnskatteberg och Knivsta är 1389 km och Karl-Johan Gyllenstorm beräknade körtiden till cirka 1078 minuter.,<url><loc>https://pendlings-app1.t-767929534-cloudflare.workers.dev/?fran=Skinnskatteberg&amp;till=Knivsta</loc><changefreq>monthly</changefreq></url>
Fagersta,Lomma,840,664,Avståndet mellan Fagersta och Lomma är 840 km och Karl-Johan Gyllenstorm beräknade körtiden till cirka 664 minuter.,<url><loc>https://pendlings-app1.t-767929534-cloudflare.workers.dev/?fran=Fagersta&amp;till=Lomma</loc><changefreq>monthly</changefreq></url>
Växjö,Vibble,1032,677,Avståndet mellan Växjö och Vibble är 1032 km och Karl-Johan Gyllenstorm beräknade körtiden till cirka 677 minuter.,<url><loc>https://pendlings-app1.t-767929534-cloudflare.workers.dev/?fran=Växjö&amp;till=Vibble</loc><changefreq>monthly</changefreq></url>
Sälen,Åsele,30,24,Avståndet mellan Sälen och Åsele är 30 km och Karl-Johan Gyllenstorm beräknade körtiden till cirka 24 minuter.,<url><loc>https://pendlings-app1.t-767929534-cloudflare.workers.dev/?fran=Sälen&amp;till=Åsele</loc><changefreq>monthly</changefreq></url>
Hällefor,Eksjö,48,33,Avståndet mellan Hällefor och Eksjö är 48 km och Karl-Johan Gyllenstorm beräknade körtiden till cirka 33 minuter.,<url><loc>https://pendlings-app1.t-767929534-cloudflare.workers.dev/?fran=Hällefor&amp;till=Eksjö</loc><changefreq>monthly</changefreq></url>
Hemse,Kopparberg,50,34,Avståndet mellan Hemse och Kopparberg är 50 km och Karl-Johan Gyllenstorm beräknade körtiden till cirka 34 minuter.,<url><loc>https://pendlings-app1.t-767929534-cloudflare.workers.dev/?fran=Hemse&amp;till=Kopparberg</loc><changefreq>monthly</changefreq></url>
Skellefteå,Göteborg,678,438,Avståndet mellan Skellefteå och Göteborg är 678 km och Karl-Johan Gyllenstorm beräknade körtiden till cirka 438 minuter.,<url><loc>https://pendlings-app1.t-767929534-cloudflare.workers.dev/?fran=Skellefteå&amp;till=Göteborg</loc><changefreq>monthly</changefreq></url>
Sorsele,Skellefteå,265,185,Avståndet mellan Sorsele och Skellefteå är 265 km och Karl-Johan Gyllenstorm beräknade körtiden till cirka 185 minuter.,<url><loc>https://pendlings-app1.t-767929534-cloudflare.workers.dev/?fran=Sorsele&amp;till=Skellefteå</loc><changefreq>monthly</changefreq></url>
Svedala,Hjo,62,39,Avståndet mellan Svedala och Hjo är 62 km och Karl-Johan Gyllenstorm beräknade körtiden till cirka 39 minuter.,<url><loc>https://pendlings-app1.t-767929534-cloudflare.workers.dev/?fran=Svedala&amp;till=Hjo</loc><changefreq>monthly</changefreq></url>
Varberg,Storfors,534,368,Avståndet mellan Varberg och Storfors är 534 km och Karl-Johan Gyllenstorm beräknade körtiden till cirka 368 minuter.,<url><loc>https://pendlings-app1.t-767929534-cloudflare.workers.dev/?fran=Varberg&amp;till=Storfors</loc><changefreq>monthly</changefreq></url>
Sorsele,Storuman,1143,879,Avståndet mellan Sorsele och Storuman är 1143 km och Karl-Johan Gyllenstorm beräknade körtiden till cirka 879 minuter.,<url><loc>https://pendlings-app1.t-767929534-cloudflare.workers.dev/?fran=Sorsele&amp;till=Storuman</loc><changefreq>monthly</changefreq></url>
Malå,Älvdalen,191,126,Avståndet mellan Malå och Älvdalen är 191 km och Karl-Johan Gyllenstorm beräknade körtiden till cirka 126 minuter.,<url><loc>https://pendlings-app1.t-767929534-cloudflare.workers.dev/?fran=Malå&amp;till=Älvdalen</loc><changefreq>monthly</changefreq></url>
Vadstena,Rättvik,74,50,Avståndet mellan Vadstena och Rättvik är 74 km och Karl-Johan Gyllenstorm beräknade körtiden till cirka 50 minuter.,<url><loc>https://pendlings-app1.t-767929534-cloudflare.workers.dev/?fran=Vadstena&amp;till=Rättvik</loc><changefreq>monthly</changefreq></url>
Strömstad,Vårgårda,1230,893,Avståndet mellan Strömstad och Vårgårda är 1230 km och Karl-Johan Gyllenstorm beräknade körtiden till cirka 893 minuter.,<url><loc>https://pendlings-app1.t-767929534-cloudflare.workers.dev/?fran=Strömstad&amp;till=Vårgårda</loc><changefreq>monthly</changefreq></url>
Mellerud,Halmstad,353,234,Avståndet mellan Mellerud och Halmstad är 353 km och Karl-Johan Gyllenstorm beräknade körtiden till cirka 234 minuter.,<url><loc>https://pendlings-app1.t-767929534-cloudflare.workers.dev/?fran=Mellerud&amp;till=Halmstad</loc><changefreq>monthly</changefreq></url>
Strömstad,Sandviken,106,80,Avståndet mellan Strömstad och Sandviken är 106 km och Karl-Johan Gyllenstorm beräknade körtiden till cirka 80 minuter.,<url><loc>https://pendlings-app1.t-767929534-cloudflare.workers.dev/?fran=Strömstad&amp;till=Sandviken</loc><changefreq>monthly</changefreq></url>
Alingsås,Gnosjö,786,505,Avståndet mellan Alingsås och Gnosjö är 786 km och Karl-Johan Gyllenstorm beräknade körtiden till cirka 505 minuter.,<url><loc>https://pendlings-app1.t-767929534-cloudflare.workers.dev/?fran=Alingsås&amp;till=Gnosjö</loc><changefreq>monthly</changefreq></url>
Örebro,Åre,1139,794,Avståndet mellan Örebro och Åre är 1139 km och Karl-Johan Gyllenstorm beräknade körtiden till cirka 794 minuter.,<url><loc>https://pendlings-app1.t-767929534-cloudflare.workers.dev/?fran=Örebro&amp;till=Åre</loc><changefreq>monthly</changefreq></url>
Kalmar,Sveg,1426,910,Avståndet mellan Kalmar och Sveg är 1426 km och Karl-Johan Gyllenstorm beräknade körtiden till cirka 910 minuter.,<url><loc>https://pendlings-app1.t-767929534-cloudflare.workers.dev/?fran=Kalmar&amp;till=Sveg</loc><changefreq>monthly</changefreq></url>
Härnösand,Kinda,1311,833,Avståndet mellan Härnösand och Kinda är 1311 km och Karl-Johan Gyllenstorm beräknade körtiden till cirka 833 minuter.,<url><loc>https://pendlings-app1.t-767929534-cloudflare.workers.dev/?fran=Härnösand&amp;till=Kinda</loc><changefreq>monthly</changefreq></url>
Lindesberg,Borgholm,68,46,Avståndet mellan Lindesberg och Borgholm är 68 km och Karl-Johan Gyllenstorm beräknade körtiden till cirka 46 minuter.,<url><loc>https://pendlings-app1.t-767929534-cloudflare.workers.dev/?fran=Lindesberg&amp;till=Borgholm</loc><changefreq>monthly</changefreq></url>
Vadstena,Sandviken,1118,782,Avståndet mellan Vadstena och Sandviken är 1118 km och Karl-Johan Gyllenstorm beräknade körtiden till cirka 782 minuter.,<url><loc>https://pendlings-app1.t-767929534-cloudflare.workers.dev/?fran=Vadstena&amp;till=Sandviken</loc><changefreq>monthly</changefreq></url>
Gullspång,Tibro,335,243,Avståndet mellan Gullspång och Tibro är 335 km och Karl-Johan Gyllenstorm beräknade körtiden till cirka 243 minuter.,<url><loc>https://pendlings-app1.t-767929534-cloudflare.workers.dev/?fran=Gullspång&amp;till=Tibro</loc><changefreq>monthly</changefreq></url>
Håbo,Jönköping,347,239,Avståndet mellan Håbo och Jönköping är 347 km och Karl-Johan Gyllenstorm beräknade körtiden till cirka 239 minuter.,<url><loc>https://pendlings-app1.t-767929534-cloudflare.workers.dev/?fran=Håbo&amp;till=Jönköping</loc><changefreq>monthly</changefreq></url>
Vårgårda,Årjäng,717,560,Avståndet mellan Vårgårda och Årjäng är 717 km och Karl-Johan Gyllenstorm beräknade körtiden till cirka 560 minuter.,<url><loc>https://pendlings-app1.t-767929534-cloudflare.workers.dev/?fran=Vårgårda&amp;till=Årjäng</loc><changefreq>monthly</changefreq></url>
Hudiksvall,Skinnskatteberg,807,600,Avståndet mellan Hudiksvall och Skinnskatteberg är 807 km och Karl-Johan Gyllenstorm beräknade körtiden till cirka 600 minuter.,<url><loc>https://pendlings-app1.t-767929534-cloudflare.workers.dev/?fran=Hudiksvall&amp;till=Skinnskatteberg</loc><changefreq>monthly</changefreq></url>
Tibro,Ronneby,920,619,Avståndet mellan Tibro och Ronneby är 920 km och Karl-Johan Gyllenstorm beräknade körtiden till cirka 619 minuter.,<url><loc>https://pendlings-app1.t-767929534-cloudflare.workers.dev/?fran=Tibro&amp;till=Ronneby</loc><changefreq>monthly</changefreq></url>
Årjäng,Överkalix,448,291,Avståndet mellan Årjäng och Överkalix är 448 km och Karl-Johan Gyllenstorm beräknade körtiden till cirka 291 minuter.,<url><loc>https://pendlings-app1.t-767929534-cloudflare.workers.dev/?fran=Årjäng&amp;till=Överkalix</loc><changefreq>monthly</changefreq></url>
Skövde,Hemse,509,373,Avståndet mellan Skövde och Hemse är 509 km och Karl-Johan Gyllenstorm beräknade körtiden till cirka 373 minuter.,<url><loc>https://pendlings-app1.t-767929534-cloudflare.workers.dev/?fran=Skövde&amp;till=Hemse</loc><changefreq>monthly</changefreq></url>
Aneby,Östhammar,880,680,Avståndet mellan Aneby och Östhammar är 880 km och Karl-Johan Gyllenstorm beräknade körtiden till cirka 680 minuter.,<url><loc>https://pendlings-app1.t-767929534-cloudflare.workers.dev/?fran=Aneby&amp;till=Östhammar</loc><changefreq>monthly</changefreq></url>
Bollnäs,Eskilstuna,138,88,Avståndet mellan Bollnäs och Eskilstuna är 138 km och Karl-Johan Gyllenstorm beräknade körtiden till cirka 88 minuter.,<url><loc>https://pendlings-app1.t-767929534-cloudflare.workers.dev/?fran=Bollnäs&amp;till=Eskilstuna</loc><changefreq>monthly</changefreq></url>
Jokkmokk,Mariestad,1263,800,Avståndet mellan Jokkmokk och Mariestad är 1263 km och Karl-Johan Gyllenstorm beräknade körtiden till cirka 800 minuter.,<url><loc>https://pendlings-app1.t-767929534-cloudflare.workers.dev/?fran=Jokkmokk&amp;till=Mariestad</loc><changefreq>monthly</changefreq></url>
Örnsköldsvik,Havdhem,639,478,Avståndet mellan Örnsköldsvik och Havdhem är 639 km och Karl-Johan Gyllenstorm beräknade körtiden till cirka 478 minuter.,<url><loc>https://pendlings-app1.t-767929534-cloudflare.workers.dev/?fran=Örnsköldsvik&amp;till=Havdhem</loc><changefreq>monthly</changefreq></url>
Malmö,Ödeshög,67,47,Avståndet mellan Malmö och Ödeshög är 67 km och Karl-Johan Gyllenstorm beräknade körtiden till cirka 47 minuter.,<url><loc>https://pendlings-app1.t-767929534-cloudflare.workers.dev/?fran=Malmö&amp;till=Ödeshög</loc><changefreq>monthly</changefreq></url>
Tibro,Hofors,1063,686,Avståndet mellan Tibro och Hofors är 1063 km och Karl-Johan Gyllenstorm beräknade körtiden till cirka 686 minuter.,<url><loc>https://pendlings-app1.t-767929534-cloudflare.workers.dev/?fran=Tibro&amp;till=Hofors</loc><changefreq>monthly</changefreq></url>
Emmaboda,Boxholm,909,644,Avståndet mellan Emmaboda och Boxholm är 909 km och Karl-Johan Gyllenstorm beräknade körtiden till cirka 644 minuter.,<url><loc>https://pendlings-app1.t-767929534-cloudflare.workers.dev/?fran=Emmaboda&amp;till=Boxholm</loc><changefreq>monthly</changefreq></url>
Malung,Svalöv,1060,711,Avståndet mellan Malung och Svalöv är 1060 km och Karl-Johan Gyllenstorm beräknade körtiden till cirka 711 minuter.,<url><loc>https://pendlings-app1.t-767929534-cloudflare.workers.dev/?fran=Malung&amp;till=Svalöv</loc><changefreq>monthly</changefreq></url>
Lycksele,Högsby,1264,880,Avståndet mellan Lycksele och Högsby är 1264 km och Karl-Johan Gyllenstorm beräknade körtiden till cirka 880 minuter.,<url><loc>https://pendlings-app1.t-767929534-cloudflare.workers.dev/?fran=Lycksele&amp;till=Högsby</loc><changefreq>monthly</changefreq></url>
Töreboda,Älvdalen,112,77,Avståndet mellan Töreboda och Älvdalen är 112 km och Karl-Johan Gyllenstorm beräknade körtiden till cirka 77 minuter.,<url><loc>https://pendlings-app1.t-767929534-cloudflare.workers.dev/?fran=Töreboda&amp;till=Älvdalen</loc><changefreq>monthly</changefreq></url>
Gimo,Åmål,109,69,Avståndet mellan Gimo och Åmål är 109 km och Karl-Johan Gyllenstorm beräknade körtiden till cirka 69 minuter.,<url><loc>https://pendlings-app1.t-767929534-cloudflare.workers.dev/?fran=Gimo&amp;till=Åmål</loc><changefreq>monthly</changefreq></url>
Mullsjö,Nordanstig,265,183,Avståndet mellan Mullsjö och Nordanstig är 265 km och Karl-Johan Gyllenstorm beräknade körtiden till cirka 183 minuter.,<url><loc>https://pendlings-app1.t-767929534-cloudflare.workers.dev/?fran=Mullsjö&amp;till=Nordanstig</loc><changefreq>monthly</changefreq></url>
Boxholm,Eskilstuna,1284,1002,Avståndet mellan Boxholm och Eskilstuna är 1284 km och Karl-Johan Gyllenstorm beräknade körtiden till cirka 1002 minuter.,<url><loc>https://pendlings-app1.t-767929534-cloudflare.workers.dev/?fran=Boxholm&amp;till=Eskilstuna</loc><changefreq>monthly</changefreq></url>
Falköping,Havdhem,1443,989,Avståndet mellan Falköping och Havdhem är 1443 km och Karl-Johan Gyllenstorm beräknade körtiden till cirka 989 minuter.,<url><loc>https://pendlings-app1.t-767929534-cloudflare.workers.dev/?fran=Falköping&amp;till=Havdhem</loc><changefreq>monthly</changefreq></url>
Svenljunga,Stockholm,602,391,Avståndet mellan Svenljunga och Stockholm är 602 km och Karl-Johan Gyllenstorm beräknade körtiden till cirka 391 minuter.,<url><loc>https://pendlings-app1.t-767929534-cloudflare.workers.dev/?fran=Svenljunga&amp;till=Stockholm</loc><changefreq>monthly</changefreq></url>
Falkenberg,Eksjö,186,145,Avståndet mellan Falkenberg och Eksjö är 186 km och Karl-Johan Gyllenstorm beräknade körtiden till cirka 145 minuter.,<url><loc>https://pendlings-app1.t-767929534-cloudflare.workers.dev/?fran=Falkenberg&amp;till=Eksjö</loc><changefreq>monthly</changefreq></url>
Eskilstuna,Vimmerby,1419,924,Avståndet mellan Eskilstuna och Vimmerby är 1419 km och Karl-Johan Gyllenstorm beräknade körtiden till cirka 924 minuter.,<url><loc>https://pendlings-app1.t-767929534-cloudflare.workers.dev/?fran=Eskilstuna&amp;till=Vimmerby</loc><changefreq>monthly</changefreq></url>
Ånge,Vellinge,322,212,Avståndet mellan Ånge och Vellinge är 322 km och Karl-Johan Gyllenstorm beräknade körtiden till cirka 212 minuter.,<url><loc>https://pendlings-app1.t-767929534-cloudflare.workers.dev/?fran=Ånge&amp;till=Vellinge</loc><changefreq>monthly</changefreq></url>
Nordanstig,Vänersborg,800,623,Avståndet mellan Nordanstig och Vänersborg är 800 km och Karl-Johan Gyllenstorm beräknade körtiden till cirka 623 minuter.,<url><loc>https://pendlings-app1.t-767929534-cloudflare.workers.dev/?fran=Nordanstig&amp;till=Vänersborg</loc><changefreq>monthly</changefreq></url>
Pajala,Slite,711,498,Avståndet mellan Pajala och Slite är 711 km och Karl-Johan Gyllenstorm beräknade körtiden till cirka 498 minuter.,<url><loc>https://pendlings-app1.t-767929534-cloudflare.workers.dev/?fran=Pajala&amp;till=Slite</loc><changefreq>monthly</changefreq></url>
Hedemora,Älvdalen,1158,850,Avståndet mellan Hedemora och Älvdalen är 1158 km och Karl-Johan Gyllenstorm beräknade körtiden till cirka 850 minuter.,<url><loc>https://pendlings-app1.t-767929534-cloudflare.workers.dev/?fran=Hedemora&amp;till=Älvdalen</loc><changefreq>monthly</changefreq></url>
Kiruna,Tranås,121,89,Avståndet mellan Kiruna och Tranås är 121 km och Karl-Johan Gyllenstorm beräknade körtiden till cirka 89 minuter.,<url><loc>https://pendlings-app1.t-767929534-cloudflare.workers.dev/?fran=Kiruna&amp;till=Tranås</loc><changefreq>monthly</changefreq></url>
Älvsbyn,Hofors,842,633,Avståndet mellan Älvsbyn och Hofors är 842 km och Karl-Johan Gyllenstorm beräknade körtiden till cirka 633 minuter.,<url><loc>https://pendlings-app1.t-767929534-cloudflare.workers.dev/?fran=Älvsbyn&amp;till=Hofors</loc><changefreq>monthly</changefreq></url>
Norberg,Överkalix,1372,1064,Avståndet mellan Norberg och Överkalix är 1372 km och Karl-Johan Gyllenstorm beräknade körtiden till cirka 1064 minuter.,<url><loc>https://pendlings-app1.t-767929534-cloudflare.workers.dev/?fran=Norberg&amp;till=Överkalix</loc><changefreq>monthly</changefreq></url>
Hallstahammar,Lund,1241,845,Avståndet mellan Hallstahammar och Lund är 1241 km och Karl-Johan Gyllenstorm beräknade körtiden till cirka 845 minuter.,<url><loc>https://pendlings-app1.t-767929534-cloudflare.workers.dev/?fran=Hallstahammar&amp;till=Lund</loc><changefreq>monthly</changefreq></url>
Lund,Fagersta,91,67,Avståndet mellan Lund och Fagersta är 91 km och Karl-Johan Gyllenstorm beräknade körtiden till cirka 67 minuter.,<url><loc>https://pendlings-app1.t-767929534-cloudflare.workers.dev/?fran=Lund&amp;till=Fagersta</loc><changefreq>monthly</changefreq></url>
Arvika,Åsele,956,631,Avståndet mellan Arvika och Åsele är 956 km och Karl-Johan Gyllenstorm beräknade körtiden till cirka 631 minuter.,<url><loc>https://pendlings-app1.t-767929534-cloudflare.workers.dev/?fran=Arvika&amp;till=Åsele</loc><changefreq>monthly</changefreq></url>
Uppsala,Värnamo,1401,887,Avståndet mellan Uppsala och Värnamo är 1401 km och Karl-Johan Gyllenstorm beräknade körtiden till cirka 887 minuter.,<url><loc>https://pendlings-app1.t-767929534-cloudflare.workers.dev/?fran=Uppsala&amp;till=Värnamo</loc><changefreq>monthly</changefreq></url>
Norrköping,Munkfors,325,259,Avståndet mellan Norrköping och Munkfors är 325 km och Karl-Johan Gyllenstorm beräknade körtiden till cirka 259 minuter.,<url><loc>https://pendlings-app1.t-767929534-cloudflare.workers.dev/?fran=Norrköping&amp;till=Munkfors</loc><changefreq>monthly</changefreq></url>
Ljusnarsberg,Borås,487,336,Avståndet mellan Ljusnarsberg och Borås är 487 km och Karl-Johan Gyllenstorm beräknade körtiden till cirka 336 minuter.,<url><loc>https://pendlings-app1.t-767929534-cloudflare.workers.dev/?fran=Ljusnarsberg&amp;till=Borås</loc><changefreq>monthly</changefreq></url>
Stånga,Tranemo,988,669,Avståndet mellan Stånga och Tranemo är 988 km och Karl-Johan Gyllenstorm beräknade körtiden till cirka 669 minuter.,<url><loc>https://pendlings-app1.t-767929534-cloudflare.workers.dev/?fran=Stånga&amp;till=Tranemo</loc><changefreq>monthly</changefreq></url>
Ydre,Norsjö,999,709,Avståndet mellan Ydre och Norsjö är 999 km och Karl-Johan Gyllenstorm beräknade körtiden till cirka 709 minuter.,<url><loc>https://pendlings-app1.t-767929534-cloudflare.workers.dev/?fran=Ydre&amp;till=Norsjö</loc><changefreq>monthly</changefreq></url>
Hultsfred,Östhammar,583,425,Avståndet mellan Hultsfred och Östhammar är 583 km och Karl-Johan Gyllenstorm beräknade körtiden till cirka 425 minuter.,<url><loc>https://pendlings-app1.t-767929534-cloudflare.workers.dev/?fran=Hultsfred&amp;till=Östhammar</loc><changefreq>monthly</changefreq></url>
Stockholm,Malå,595,441,Avståndet mellan Stockholm och Malå är 595 km och Karl-Johan Gyllenstorm beräknade körtiden till cirka 441 minuter.,<url><loc>https://pendlings-app1.t-767929534-cloudflare.workers.dev/?fran=Stockholm&amp;till=Malå</loc><changefreq>monthly</changefreq></url>
Pajala,Strömstad,141,92,Avståndet mellan Pajala och Strömstad är 141 km och Karl-Johan Gyllenstorm beräknade körtiden till cirka 92 minuter.,<url><loc>https://pendlings-app1.t-767929534-cloudflare.workers.dev/?fran=Pajala&amp;till=Strömstad</loc><changefreq>monthly</changefreq></url>
Hässleholm,Gnosjö,1415,915,Avståndet mellan Hässleholm och Gnosjö är 1415 km och Karl-Johan Gyllenstorm beräknade körtiden till cirka 915 minuter.,<url><loc>https://pendlings-app1.t-767929534-cloudflare.workers.dev/?fran=Hässleholm&amp;till=Gnosjö</loc><changefreq>monthly</changefreq></url>
Grythyttan,Gnestad,306,197,Avståndet mellan Grythyttan och Gnestad är 306 km och Karl-Johan Gyllenstorm beräknade körtiden till cirka 197 minuter.,<url><loc>https://pendlings-app1.t-767929534-cloudflare.workers.dev/?fran=Grythyttan&amp;till=Gnestad</loc><changefreq>monthly</changefreq></url>
Höganäs,Falköping,427,334,Avståndet mellan Höganäs och Falköping är 427 km och Karl-Johan Gyllenstorm beräknade körtiden till cirka 334 minuter.,<url><loc>https://pendlings-app1.t-767929534-cloudflare.workers.dev/?fran=Höganäs&amp;till=Falköping</loc><changefreq>monthly</changefreq></url>
Sotenäs,Ed,155,115,Avståndet mellan Sotenäs och Ed är 155 km och Karl-Johan Gyllenstorm beräknade körtiden till cirka 115 minuter.,<url><loc>https://pendlings-app1.t-767929534-cloudflare.workers.dev/?fran=Sotenäs&amp;till=Ed</loc><changefreq>monthly</changefreq></url>
Karlskrona,Hagfors,175,115,Avståndet mellan Karlskrona och Hagfors är 175 km och Karl-Johan Gyllenstorm beräknade körtiden till cirka 115 minuter.,<url><loc>https://pendlings-app1.t-767929534-cloudflare.workers.dev/?fran=Karlskrona&amp;till=Hagfors</loc><changefreq>monthly</changefreq></url>
Mörbylånga,Hallsberg,1197,878,Avståndet mellan Mörbylånga och Hallsberg är 1197 km och Karl-Johan Gyllenstorm beräknade körtiden till cirka 878 minuter.,<url><loc>https://pendlings-app1.t-767929534-cloudflare.workers.dev/?fran=Mörbylånga&amp;till=Hallsberg</loc><changefreq>monthly</changefreq></url>
Torsby,Gällivare,524,363,Avståndet mellan Torsby och Gällivare är 524 km och Karl-Johan Gyllenstorm beräknade körtiden till cirka 363 minuter.,<url><loc>https://pendlings-app1.t-767929534-cloudflare.workers.dev/?fran=Torsby&amp;till=Gällivare</loc><changefreq>monthly</changefreq></url>
Vansbro,Tranås,887,575,Avståndet mellan Vansbro och Tranås är 887 km och Karl-Johan Gyllenstorm beräknade körtiden till cirka 575 minuter.,<url><loc>https://pendlings-app1.t-767929534-cloudflare.workers.dev/?fran=Vansbro&amp;till=Tranås</loc><changefreq>monthly</changefreq></url>
Lindesberg,Övertorneå,1020,672,Avståndet mellan Lindesberg och Övertorneå är 1020 km och Karl-Johan Gyllenstorm beräknade körtiden till cirka 672 minuter.,<url><loc>https://pendlings-app1.t-767929534-cloudflare.workers.dev/?fran=Lindesberg&amp;till=Övertorneå</loc><changefreq>monthly</changefreq></url>
Mariestad,Sala,860,665,Avståndet mellan Mariestad och Sala är 860 km och Karl-Johan Gyllenstorm beräknade körtiden till cirka 665 minuter.,<url><loc>https://pendlings-app1.t-767929534-cloudflare.workers.dev/?fran=Mariestad&amp;till=Sala</loc><changefreq>monthly</changefreq></url>
Ystad,Båstad,859,656,Avståndet mellan Ystad och Båstad är 859 km och Karl-Johan Gyllenstorm beräknade körtiden till cirka 656 minuter.,<url><loc>https://pendlings-app1.t-767929534-cloudflare.workers.dev/?fran=Ystad&amp;till=Båstad</loc><changefreq>monthly</changefreq></url>
Bollnäs,Svalöv,694,468,Avståndet mellan Bollnäs och Svalöv är 694 km och Karl-Johan Gyllenstorm beräknade körtiden till cirka 468 minuter.,<url><loc>https://pendlings-app1.t-767929534-cloudflare.workers.dev/?fran=Bollnäs&amp;till=Svalöv</loc><changefreq>monthly</changefreq></url>
Oxelösund,Lekeberg,1205,876,Avståndet mellan Oxelösund och Lekeberg är 1205 km och Karl-Johan Gyllenstorm beräknade körtiden till cirka 876 minuter.,<url><loc>https://pendlings-app1.t-767929534-cloudflare.workers.dev/?fran=Oxelösund&amp;till=Lekeberg</loc><changefreq>monthly</changefreq></url>
Gnestad,Skurup,30,22,Avståndet mellan Gnestad och Skurup är 30 km och Karl-Johan Gyllenstorm beräknade körtiden till cirka 22 minuter.,<url><loc>https://pendlings-app1.t-767929534-cloudflare.workers.dev/?fran=Gnestad&amp;till=Skurup</loc><changefreq>monthly</changefreq></url>
Haparanda,Eslöv,52,40,Avståndet mellan Haparanda och Eslöv är 52 km och Karl-Johan Gyllenstorm beräknade körtiden till cirka 40 minuter.,<url><loc>https://pendlings-app1.t-767929534-cloudflare.workers.dev/?fran=Haparanda&amp;till=Eslöv</loc><changefreq>monthly</changefreq></url>
Svalöv,Strömsund,812,637,Avståndet mellan Svalöv och Strömsund är 812 km och Karl-Johan Gyllenstorm beräknade körtiden till cirka 637 minuter.,<url><loc>https://pendlings-app1.t-767929534-cloudflare.workers.dev/?fran=Svalöv&amp;till=Strömsund</loc><changefreq>monthly</changefreq></url>
Ronehamn,Norberg,1119,829,Avståndet mellan Ronehamn och Norberg är 1119 km och Karl-Johan Gyllenstorm beräknade körtiden till cirka 829 minuter.,<url><loc>https://pendlings-app1.t-767929534-cloudflare.workers.dev/?fran=Ronehamn&amp;till=Norberg</loc><changefreq>monthly</changefreq></url>
Trosa,Halmstad,290,211,Avståndet mellan Trosa och Halmstad är 290 km och Karl-Johan Gyllenstorm beräknade körtiden till cirka 211 minuter.,<url><loc>https://pendlings-app1.t-767929534-cloudflare.workers.dev/?fran=Trosa&amp;till=Halmstad</loc><changefreq>monthly</changefreq></url>
Kristianstad,Degerfors,1162,749,Avståndet mellan Kristianstad och Degerfors är 1162 km och Karl-Johan Gyllenstorm beräknade körtiden till cirka 749 minuter.,<url><loc>https://pendlings-app1.t-767929534-cloudflare.workers.dev/?fran=Kristianstad&amp;till=Degerfors</loc><changefreq>monthly</changefreq></url>
Huddinge,Olofström,37,28,Avståndet mellan Huddinge och Olofström är 37 km och Karl-Johan Gyllenstorm beräknade körtiden till cirka 28 minuter.,<url><loc>https://pendlings-app1.t-767929534-cloudflare.workers.dev/?fran=Huddinge&amp;till=Olofström</loc><changefreq>monthly</changefreq></url>
Svalöv,Malå,820,577,Avståndet mellan Svalöv och Malå är 820 km och Karl-Johan Gyllenstorm beräknade körtiden till cirka 577 minuter.,<url><loc>https://pendlings-app1.t-767929534-cloudflare.workers.dev/?fran=Svalöv&amp;till=Malå</loc><changefreq>monthly</changefreq></url>
Boxholm,Svalöv,124,91,Avståndet mellan Boxholm och Svalöv är 124 km och Karl-Johan Gyllenstorm beräknade körtiden till cirka 91 minuter.,<url><loc>https://pendlings-app1.t-767929534-cloudflare.workers.dev/?fran=Boxholm&amp;till=Svalöv</loc><changefreq>monthly</changefreq></url>
Tingstäde,Båstad,131,95,Avståndet mellan Tingstäde och Båstad är 131 km och Karl-Johan Gyllenstorm beräknade körtiden till cirka 95 minuter.,<url><loc>https://pendlings-app1.t-767929534-cloudflare.workers.dev/?fran=Tingstäde&amp;till=Båstad</loc><changefreq>monthly</changefreq></url>
Östhammar,Borås,110,80,Avståndet mellan Östhammar och Borås är 110 km och Karl-Johan Gyllenstorm beräknade körtiden till cirka 80 minuter.,<url><loc>https://pendlings-app1.t-767929534-cloudflare.workers.dev/?fran=Östhammar&amp;till=Borås</loc><changefreq>monthly</changefreq></url>
Karlshamn,Töreboda,513,368,Avståndet mellan Karlshamn och Töreboda är 513 km och Karl-Johan Gyllenstorm beräknade körtiden till cirka 368 minuter.,<url><loc>https://pendlings-app1.t-767929534-cloudflare.workers.dev/?fran=Karlshamn&amp;till=Töreboda</loc><changefreq>monthly</changefreq></url>
Värnamo,Linköping,42,31,Avståndet mellan Värnamo och Linköping är 42 km och Karl-Johan Gyllenstorm beräknade körtiden till cirka 31 minuter.,<url><loc>https://pendlings-app1.t-767929534-cloudflare.workers.dev/?fran=Värnamo&amp;till=Linköping</loc><changefreq>monthly</changefreq></url>
Ystad,Vänersborg,289,193,Avståndet mellan Ystad och Vänersborg är 289 km och Karl-Johan Gyllenstorm beräknade körtiden till cirka 193 minuter.,<url><loc>https://pendlings-app1.t-767929534-cloudflare.workers.dev/?fran=Ystad&amp;till=Vänersborg</loc><changefreq>monthly</changefreq></url>
Vimmerby,Nordanstig,1337,1045,Avståndet mellan Vimmerby och Nordanstig är 1337 km och Karl-Johan Gyllenstorm beräknade körtiden till cirka 1045 minuter.,<url><loc>https://pendlings-app1.t-767929534-cloudflare.workers.dev/?fran=Vimmerby&amp;till=Nordanstig</loc><changefreq>monthly</changefreq></url>
Hörby,Skinnskatteberg,1321,948,Avståndet mellan Hörby och Skinnskatteberg är 1321 km och Karl-Johan Gyllenstorm beräknade körtiden till cirka 948 minuter.,<url><loc>https://pendlings-app1.t-767929534-cloudflare.workers.dev/?fran=Hörby&amp;till=Skinnskatteberg</loc><changefreq>monthly</changefreq></url>
Ed,Staffanstorp,41,28,Avståndet mellan Ed och Staffanstorp är 41 km och Karl-Johan Gyllenstorm beräknade körtiden till cirka 28 minuter.,<url><loc>https://pendlings-app1.t-767929534-cloudflare.workers.dev/?fran=Ed&amp;till=Staffanstorp</loc><changefreq>monthly</changefreq></url>
Värnamo,Härjedalen,1228,952,Avståndet mellan Värnamo och Härjedalen är 1228 km och Karl-Johan Gyllenstorm beräknade körtiden till cirka 952 minuter.,<url><loc>https://pendlings-app1.t-767929534-cloudflare.workers.dev/?fran=Värnamo&amp;till=Härjedalen</loc><changefreq>monthly</changefreq></url>
Kungsbacka,Oskarshamn,468,324,Avståndet mellan Kungsbacka och Oskarshamn är 468 km och Karl-Johan Gyllenstorm beräknade körtiden till cirka 324 minuter.,<url><loc>https://pendlings-app1.t-767929534-cloudflare.workers.dev/?fran=Kungsbacka&amp;till=Oskarshamn</loc><changefreq>monthly</changefreq></url>
Bengtsfors,Katrineholm,1238,960,Avståndet mellan Bengtsfors och Katrineholm är 1238 km och Karl-Johan Gyllenstorm beräknade körtiden till cirka 960 minuter.,<url><loc>https://pendlings-app1.t-767929534-cloudflare.workers.dev/?fran=Bengtsfors&amp;till=Katrineholm</loc><changefreq>monthly</changefreq></url>
Filipstad,Linköping,362,285,Avståndet mellan Filipstad och Linköping är 362 km och Karl-Johan Gyllenstorm beräknade körtiden till cirka 285 minuter.,<url><loc>https://pendlings-app1.t-767929534-cloudflare.workers.dev/?fran=Filipstad&amp;till=Linköping</loc><changefreq>monthly</changefreq></url>
Munkfors,Aneby,510,349,Avståndet mellan Munkfors och Aneby är 510 km och Karl-Johan Gyllenstorm beräknade körtiden till cirka 349 minuter.,<url><loc>https://pendlings-app1.t-767929534-cloudflare.workers.dev/?fran=Munkfors&amp;till=Aneby</loc><changefreq>monthly</changefreq></url>
Skurup,Härjedalen,318,232,Avståndet mellan Skurup och Härjedalen är 318 km och Karl-Johan Gyllenstorm beräknade körtiden till cirka 232 minuter.,<url><loc>https://pendlings-app1.t-767929534-cloudflare.workers.dev/?fran=Skurup&amp;till=Härjedalen</loc><changefreq>monthly</changefreq></url>
Degerfors,Arvidsjaur,72,50,Avståndet mellan Degerfors och Arvidsjaur är 72 km och Karl-Johan Gyllenstorm beräknade körtiden till cirka 50 minuter.,<url><loc>https://pendlings-app1.t-767929534-cloudflare.workers.dev/?fran=Degerfors&amp;till=Arvidsjaur</loc><changefreq>monthly</changefreq></url>
Karlsborg,Stånga,719,552,Avståndet mellan Karlsborg och Stånga är 719 km och Karl-Johan Gyllenstorm beräknade körtiden till cirka 552 minuter.,<url><loc>https://pendlings-app1.t-767929534-cloudflare.workers.dev/?fran=Karlsborg&amp;till=Stånga</loc><changefreq>monthly</changefreq></url>
Linköping,Hyltebruk,434,288,Avståndet mellan Linköping och Hyltebruk är 434 km och Karl-Johan Gyllenstorm beräknade körtiden till cirka 288 minuter.,<url><loc>https://pendlings-app1.t-767929534-cloudflare.workers.dev/?fran=Linköping&amp;till=Hyltebruk</loc><changefreq>monthly</changefreq></url>
Ödeshög,Västerås,967,644,Avståndet mellan Ödeshög och Västerås är 967 km och Karl-Johan Gyllenstorm beräknade körtiden till cirka 644 minuter.,<url><loc>https://pendlings-app1.t-767929534-cloudflare.workers.dev/?fran=Ödeshög&amp;till=Västerås</loc><changefreq>monthly</changefreq></url>
Filipstad,Härjedalen,1189,846,Avståndet mellan Filipstad och Härjedalen är 1189 km och Karl-Johan Gyllenstorm beräknade körtiden till cirka 846 minuter.,<url><loc>https://pendlings-app1.t-767929534-cloudflare.workers.dev/?fran=Filipstad&amp;till=Härjedalen</loc><changefreq>monthly</changefreq></url>
Smedjebacken,Sala,1248,909,Avståndet mellan Smedjebacken och Sala är 1248 km och Karl-Johan Gyllenstorm beräknade körtiden till cirka 909 minuter.,<url><loc>https://pendlings-app1.t-767929534-cloudflare.workers.dev/?fran=Smedjebacken&amp;till=Sala</loc><changefreq>monthly</changefreq></url>
Visby,Årjäng,254,176,Avståndet mellan Visby och Årjäng är 254 km och Karl-Johan Gyllenstorm beräknade körtiden till cirka 176 minuter.,<url><loc>https://pendlings-app1.t-767929534-cloudflare.workers.dev/?fran=Visby&amp;till=Årjäng</loc><changefreq>monthly</changefreq></url>
Karlstad,Sotenäs,407,259,Avståndet mellan Karlstad och Sotenäs är 407 km och Karl-Johan Gyllenstorm beräknade körtiden till cirka 259 minuter.,<url><loc>https://pendlings-app1.t-767929534-cloudflare.workers.dev/?fran=Karlstad&amp;till=Sotenäs</loc><changefreq>monthly</changefreq></url>
Eksjö,Umeå,110,87,Avståndet mellan Eksjö och Umeå är 110 km och Karl-Johan Gyllenstorm beräknade körtiden till cirka 87 minuter.,<url><loc>https://pendlings-app1.t-767929534-cloudflare.workers.dev/?fran=Eksjö&amp;till=Umeå</loc><changefreq>monthly</changefreq></url>
Gnestad,Hörby,1117,802,Avståndet mellan Gnestad och Hörby är 1117 km och Karl-Johan Gyllenstorm beräknade körtiden till cirka 802 minuter.,<url><loc>https://pendlings-app1.t-767929534-cloudflare.workers.dev/?fran=Gnestad&amp;till=Hörby</loc><changefreq>monthly</changefreq></url>
Timrå,Östersund,297,193,Avståndet mellan Timrå och Östersund är 297 km och Karl-Johan Gyllenstorm beräknade körtiden till cirka 193 minuter.,<url><loc>https://pendlings-app1.t-767929534-cloudflare.workers.dev/?fran=Timrå&amp;till=Östersund</loc><changefreq>monthly</changefreq></url>
Perstorp,Slite,974,713,Avståndet mellan Perstorp och Slite är 974 km och Karl-Johan Gyllenstorm beräknade körtiden till cirka 713 minuter.,<url><loc>https://pendlings-app1.t-767929534-cloudflare.workers.dev/?fran=Perstorp&amp;till=Slite</loc><changefreq>monthly</changefreq></url>
Perstorp,Borgholm,1034,662,Avståndet mellan Perstorp och Borgholm är 1034 km och Karl-Johan Gyllenstorm beräknade körtiden till cirka 662 minuter.,<url><loc>https://pendlings-app1.t-767929534-cloudflare.workers.dev/?fran=Perstorp&amp;till=Borgholm</loc><changefreq>monthly</changefreq></url>
Malmö,Torsby,1379,1016,Avståndet mellan Malmö och Torsby är 1379 km och Karl-Johan Gyllenstorm beräknade körtiden till cirka 1016 minuter.,<url><loc>https://pendlings-app1.t-767929534-cloudflare.workers.dev/?fran=Malmö&amp;till=Torsby</loc><changefreq>monthly</changefreq></url>
Mjölby,Sollefteå,584,370,Avståndet mellan Mjölby och Sollefteå är 584 km och Karl-Johan Gyllenstorm beräknade körtiden till cirka 370 minuter.,<url><loc>https://pendlings-app1.t-767929534-cloudflare.workers.dev/?fran=Mjölby&amp;till=Sollefteå</loc><changefreq>monthly</changefreq></url>
Mjölby,Sälen,1234,787,Avståndet mellan Mjölby och Sälen är 1234 km och Karl-Johan Gyllenstorm beräknade körtiden till cirka 787 minuter.,<url><loc>https://pendlings-app1.t-767929534-cloudflare.workers.dev/?fran=Mjölby&amp;till=Sälen</loc><changefreq>monthly</changefreq></url>
Kungsör,Bengtsfors,114,84,Avståndet mellan Kungsör och Bengtsfors är 114 km och Karl-Johan Gyllenstorm beräknade körtiden till cirka 84 minuter.,<url><loc>https://pendlings-app1.t-767929534-cloudflare.workers.dev/?fran=Kungsör&amp;till=Bengtsfors</loc><changefreq>monthly</changefreq></url>
Oskarshamn,Tierp,1165,742,Avståndet mellan Oskarshamn och Tierp är 1165 km och Karl-Johan Gyllenstorm beräknade körtiden till cirka 742 minuter.,<url><loc>https://pendlings-app1.t-767929534-cloudflare.workers.dev/?fran=Oskarshamn&amp;till=Tierp</loc><changefreq>monthly</changefreq></url>
Perstorp,Strömstad,601,406,Avståndet mellan Perstorp och Strömstad är 601 km och Karl-Johan Gyllenstorm beräknade körtiden till cirka 406 minuter.,<url><loc>https://pendlings-app1.t-767929534-cloudflare.workers.dev/?fran=Perstorp&amp;till=Strömstad</loc><changefreq>monthly</changefreq></url>
Bålsta,Ulricehamn,699,528,Avståndet mellan Bålsta och Ulricehamn är 699 km och Karl-Johan Gyllenstorm beräknade körtiden till cirka 528 minuter.,<url><loc>https://pendlings-app1.t-767929534-cloudflare.workers.dev/?fran=Bålsta&amp;till=Ulricehamn</loc><changefreq>monthly</changefreq></url>
Hyltebruk,Smedjebacken,210,163,Avståndet mellan Hyltebruk och Smedjebacken är 210 km och Karl-Johan Gyllenstorm beräknade körtiden till cirka 163 minuter.,<url><loc>https://pendlings-app1.t-767929534-cloudflare.workers.dev/?fran=Hyltebruk&amp;till=Smedjebacken</loc><changefreq>monthly</changefreq></url>
Sotenäs,Kils,58,40,Avståndet mellan Sotenäs och Kils är 58 km och Karl-Johan Gyllenstorm beräknade körtiden till cirka 40 minuter.,<url><loc>https://pendlings-app1.t-767929534-cloudflare.workers.dev/?fran=Sotenäs&amp;till=Kils</loc><changefreq>monthly</changefreq></url>
Klippan,Olofström,272,183,Avståndet mellan Klippan och Olofström är 272 km och Karl-Johan Gyllenstorm beräknade körtiden till cirka 183 minuter.,<url><loc>https://pendlings-app1.t-767929534-cloudflare.workers.dev/?fran=Klippan&amp;till=Olofström</loc><changefreq>monthly</changefreq></url>
Vingåker,Norsjö,1244,902,Avståndet mellan Vingåker och Norsjö är 1244 km och Karl-Johan Gyllenstorm beräknade körtiden till cirka 902 minuter.,<url><loc>https://pendlings-app1.t-767929534-cloudflare.workers.dev/?fran=Vingåker&amp;till=Norsjö</loc><changefreq>monthly</changefreq></url>
Grästorp,Hällefor,1313,961,Avståndet mellan Grästorp och Hällefor är 1313 km och Karl-Johan Gyllenstorm beräknade körtiden till cirka 961 minuter.,<url><loc>https://pendlings-app1.t-767929534-cloudflare.workers.dev/?fran=Grästorp&amp;till=Hällefor</loc><changefreq>monthly</changefreq></url>
Gnosjö,Lidköping,457,340,Avståndet mellan Gnosjö och Lidköping är 457 km och Karl-Johan Gyllenstorm beräknade körtiden till cirka 340 minuter.,<url><loc>https://pendlings-app1.t-767929534-cloudflare.workers.dev/?fran=Gnosjö&amp;till=Lidköping</loc><changefreq>monthly</changefreq></url>
Strängnäs,Kalix,604,402,Avståndet mellan Strängnäs och Kalix är 604 km och Karl-Johan Gyllenstorm beräknade körtiden till cirka 402 minuter.,<url><loc>https://pendlings-app1.t-767929534-cloudflare.workers.dev/?fran=Strängnäs&amp;till=Kalix</loc><changefreq>monthly</changefreq></url>
Gnosjö,Sävsjö,840,533,Avståndet mellan Gnosjö och Sävsjö är 840 km och Karl-Johan Gyllenstorm beräknade körtiden till cirka 533 minuter.,<url><loc>https://pendlings-app1.t-767929534-cloudflare.workers.dev/?fran=Gnosjö&amp;till=Sävsjö</loc><changefreq>monthly</changefreq></url>
Grums,Mariestad,346,225,Avståndet mellan Grums och Mariestad är 346 km och Karl-Johan Gyllenstorm beräknade körtiden till cirka 225 minuter.,<url><loc>https://pendlings-app1.t-767929534-cloudflare.workers.dev/?fran=Grums&amp;till=Mariestad</loc><changefreq>monthly</changefreq></url>
Stockholm,Strängnäs,1247,823,Avståndet mellan Stockholm och Strängnäs är 1247 km och Karl-Johan Gyllenstorm beräknade körtiden till cirka 823 minuter.,<url><loc>https://pendlings-app1.t-767929534-cloudflare.workers.dev/?fran=Stockholm&amp;till=Strängnäs</loc><changefreq>monthly</changefreq></url>
Åmål,Fårösund,784,603,Avståndet mellan Åmål och Fårösund är 784 km och Karl-Johan Gyllenstorm beräknade körtiden till cirka 603 minuter.,<url><loc>https://pendlings-app1.t-767929534-cloudflare.workers.dev/?fran=Åmål&amp;till=Fårösund</loc><changefreq>monthly</changefreq></url>
Östra Göinge,Jokkmokk,1035,711,Avståndet mellan Östra Göinge och Jokkmokk är 1035 km och Karl-Johan Gyllenstorm beräknade körtiden till cirka 711 minuter.,<url><loc>https://pendlings-app1.t-767929534-cloudflare.workers.dev/?fran=Östra Göinge&amp;till=Jokkmokk</loc><changefreq>monthly</changefreq></url>
Fårösund,Örebro,132,97,Avståndet mellan Fårösund och Örebro är 132 km och Karl-Johan Gyllenstorm beräknade körtiden till cirka 97 minuter.,<url><loc>https://pendlings-app1.t-767929534-cloudflare.workers.dev/?fran=Fårösund&amp;till=Örebro</loc><changefreq>monthly</changefreq></url>
Håbo,Berg,859,624,Avståndet mellan Håbo och Berg är 859 km och Karl-Johan Gyllenstorm beräknade körtiden till cirka 624 minuter.,<url><loc>https://pendlings-app1.t-767929534-cloudflare.workers.dev/?fran=Håbo&amp;till=Berg</loc><changefreq>monthly</changefreq></url>
Bräcke,Växjö,505,321,Avståndet mellan Bräcke och Växjö är 505 km och Karl-Johan Gyllenstorm beräknade körtiden till cirka 321 minuter.,<url><loc>https://pendlings-app1.t-767929534-cloudflare.workers.dev/?fran=Bräcke&amp;till=Växjö</loc><changefreq>monthly</changefreq></url>
Stånga,Malmö,861,670,Avståndet mellan Stånga och Malmö är 861 km och Karl-Johan Gyllenstorm beräknade körtiden till cirka 670 minuter.,<url><loc>https://pendlings-app1.t-767929534-cloudflare.workers.dev/?fran=Stånga&amp;till=Malmö</loc><changefreq>monthly</changefreq></url>
Värnamo,Lärbro,885,578,Avståndet mellan Värnamo och Lärbro är 885 km och Karl-Johan Gyllenstorm beräknade körtiden till cirka 578 minuter.,<url><loc>https://pendlings-app1.t-767929534-cloudflare.workers.dev/?fran=Värnamo&amp;till=Lärbro</loc><changefreq>monthly</changefreq></url>
Leksand,Bålsta,659,461,Avståndet mellan Leksand och Bålsta är 659 km och Karl-Johan Gyllenstorm beräknade körtiden till cirka 461 minuter.,<url><loc>https://pendlings-app1.t-767929534-cloudflare.workers.dev/?fran=Leksand&amp;till=Bålsta</loc><changefreq>monthly</changefreq></url>
Kiruna,Aneby,87,62,Avståndet mellan Kiruna och Aneby är 87 km och Karl-Johan Gyllenstorm beräknade körtiden till cirka 62 minuter.,<url><loc>https://pendlings-app1.t-767929534-cloudflare.workers.dev/?fran=Kiruna&amp;till=Aneby</loc><changefreq>monthly</changefreq></url>
Skara,Älvkarleby,631,451,Avståndet mellan Skara och Älvkarleby är 631 km och Karl-Johan Gyllenstorm beräknade körtiden till cirka 451 minuter.,<url><loc>https://pendlings-app1.t-767929534-cloudflare.workers.dev/?fran=Skara&amp;till=Älvkarleby</loc><changefreq>monthly</changefreq></url>
Askersund,Kramfors,1336,1027,Avståndet mellan Askersund och Kramfors är 1336 km och Karl-Johan Gyllenstorm beräknade körtiden till cirka 1027 minuter.,<url><loc>https://pendlings-app1.t-767929534-cloudflare.workers.dev/?fran=Askersund&amp;till=Kramfors</loc><changefreq>monthly</changefreq></url>
Grästorp,Avesta,888,573,Avståndet mellan Grästorp och Avesta är 888 km och Karl-Johan Gyllenstorm beräknade körtiden till cirka 573 minuter.,<url><loc>https://pendlings-app1.t-767929534-cloudflare.workers.dev/?fran=Grästorp&amp;till=Avesta</loc><changefreq>monthly</changefreq></url>
Vilhelmina,Örnsköldsvik,856,682,Avståndet mellan Vilhelmina och Örnsköldsvik är 856 km och Karl-Johan Gyllenstorm beräknade körtiden till cirka 682 minuter.,<url><loc>https://pendlings-app1.t-767929534-cloudflare.workers.dev/?fran=Vilhelmina&amp;till=Örnsköldsvik</loc><changefreq>monthly</changefreq></url>
Skellefteå,Sveg,427,312,Avståndet mellan Skellefteå och Sveg är 427 km och Karl-Johan Gyllenstorm beräknade körtiden till cirka 312 minuter.,<url><loc>https://pendlings-app1.t-767929534-cloudflare.workers.dev/?fran=Skellefteå&amp;till=Sveg</loc><changefreq>monthly</changefreq></url>
Tibro,Degerfors,153,112,Avståndet mellan Tibro och Degerfors är 153 km och Karl-Johan Gyllenstorm beräknade körtiden till cirka 112 minuter.,<url><loc>https://pendlings-app1.t-767929534-cloudflare.workers.dev/?fran=Tibro&amp;till=Degerfors</loc><changefreq>monthly</changefreq></url>
Bräcke,Arvika,772,613,Avståndet mellan Bräcke och Arvika är 772 km och Karl-Johan Gyllenstorm beräknade körtiden till cirka 613 minuter.,<url><loc>https://pendlings-app1.t-767929534-cloudflare.workers.dev/?fran=Bräcke&amp;till=Arvika</loc><changefreq>monthly</changefreq></url>
Västerås,Mönsterås,791,504,Avståndet mellan Västerås och Mönsterås är 791 km och Karl-Johan Gyllenstorm beräknade körtiden till cirka 504 minuter.,<url><loc>https://pendlings-app1.t-767929534-cloudflare.workers.dev/?fran=Västerås&amp;till=Mönsterås</loc><changefreq>monthly</changefreq></url>
Sollefteå,Grums,1419,1134,Avståndet mellan Sollefteå och Grums är 1419 km och Karl-Johan Gyllenstorm beräknade körtiden till cirka 1134 minuter.,<url><loc>https://pendlings-app1.t-767929534-cloudflare.workers.dev/?fran=Sollefteå&amp;till=Grums</loc><changefreq>monthly</changefreq></url>
Eksjö,Skövde,928,699,Avståndet mellan Eksjö och Skövde är 928 km och Karl-Johan Gyllenstorm beräknade körtiden till cirka 699 minuter.,<url><loc>https://pendlings-app1.t-767929534-cloudflare.workers.dev/?fran=Eksjö&amp;till=Skövde</loc><changefreq>monthly</changefreq></url>
Lycksele,Svenljunga,1325,846,Avståndet mellan Lycksele och Svenljunga är 1325 km och Karl-Johan Gyllenstorm beräknade körtiden till cirka 846 minuter.,<url><loc>https://pendlings-app1.t-767929534-cloudflare.workers.dev/?fran=Lycksele&amp;till=Svenljunga</loc><changefreq>monthly</changefreq></url>
Årjäng,Hultsfred,891,629,Avståndet mellan Årjäng och Hultsfred är 891 km och Karl-Johan Gyllenstorm beräknade körtiden till cirka 629 minuter.,<url><loc>https://pendlings-app1.t-767929534-cloudflare.workers.dev/?fran=Årjäng&amp;till=Hultsfred</loc><changefreq>monthly</changefreq></url>
Vara,Kinda,217,160,Avståndet mellan Vara och Kinda är 217 km och Karl-Johan Gyllenstorm beräknade körtiden till cirka 160 minuter.,<url><loc>https://pendlings-app1.t-767929534-cloudflare.workers.dev/?fran=Vara&amp;till=Kinda</loc><changefreq>monthly</changefreq></url>
Karlsborg,Pajala,135,99,Avståndet mellan Karlsborg och Pajala är 135 km och Karl-Johan Gyllenstorm beräknade körtiden till cirka 99 minuter.,<url><loc>https://pendlings-app1.t-767929534-cloudflare.workers.dev/?fran=Karlsborg&amp;till=Pajala</loc><changefreq>monthly</changefreq></url>
Ljusnarsberg,Finspång,926,643,Avståndet mellan Ljusnarsberg och Finspång är 926 km och Karl-Johan Gyllenstorm beräknade körtiden till cirka 643 minuter.,<url><loc>https://pendlings-app1.t-767929534-cloudflare.workers.dev/?fran=Ljusnarsberg&amp;till=Finspång</loc><changefreq>monthly</changefreq></url>
Trosa,Härnösand,789,610,Avståndet mellan Trosa och Härnösand är 789 km och Karl-Johan Gyllenstorm beräknade körtiden till cirka 610 minuter.,<url><loc>https://pendlings-app1.t-767929534-cloudflare.workers.dev/?fran=Trosa&amp;till=Härnösand</loc><changefreq>monthly</changefreq></url>
Värnamo,Hudiksvall,548,406,Avståndet mellan Värnamo och Hudiksvall är 548 km och Karl-Johan Gyllenstorm beräknade körtiden till cirka 406 minuter.,<url><loc>https://pendlings-app1.t-767929534-cloudflare.workers.dev/?fran=Värnamo&amp;till=Hudiksvall</loc><changefreq>monthly</changefreq></url>
Strömsund,Svedala,453,340,Avståndet mellan Strömsund och Svedala är 453 km och Karl-Johan Gyllenstorm beräknade körtiden till cirka 340 minuter.,<url><loc>https://pendlings-app1.t-767929534-cloudflare.workers.dev/?fran=Strömsund&amp;till=Svedala</loc><changefreq>monthly</changefreq></url>
Skara,Piteå,693,512,Avståndet mellan Skara och Piteå är 693 km och Karl-Johan Gyllenstorm beräknade körtiden till cirka 512 minuter.,<url><loc>https://pendlings-app1.t-767929534-cloudflare.workers.dev/?fran=Skara&amp;till=Piteå</loc><changefreq>monthly</changefreq></url>
Tofta,Karlstad,1186,886,Avståndet mellan Tofta och Karlstad är 1186 km och Karl-Johan Gyllenstorm beräknade körtiden till cirka 886 minuter.,<url><loc>https://pendlings-app1.t-767929534-cloudflare.workers.dev/?fran=Tofta&amp;till=Karlstad</loc><changefreq>monthly</changefreq></url>
Trollhättan,Nordanstig,793,504,Avståndet mellan Trollhättan och Nordanstig är 793 km och Karl-Johan Gyllenstorm beräknade körtiden till cirka 504 minuter.,<url><loc>https://pendlings-app1.t-767929534-cloudflare.workers.dev/?fran=Trollhättan&amp;till=Nordanstig</loc><changefreq>monthly</changefreq></url>
Älvsbyn,Degerfors,773,585,Avståndet mellan Älvsbyn och Degerfors är 773 km och Karl-Johan Gyllenstorm beräknade körtiden till cirka 585 minuter.,<url><loc>https://pendlings-app1.t-767929534-cloudflare.workers.dev/?fran=Älvsbyn&amp;till=Degerfors</loc><changefreq>monthly</changefreq></url>
Skara,Fårösund,1417,932,Avståndet mellan Skara och Fårösund är 1417 km och Karl-Johan Gyllenstorm beräknade körtiden till cirka 932 minuter.,<url><loc>https://pendlings-app1.t-767929534-cloudflare.workers.dev/?fran=Skara&amp;till=Fårösund</loc><changefreq>monthly</changefreq></url>
Älvsbyn,Sölvesborg,1447,926,Avståndet mellan Älvsbyn och Sölvesborg är 1447 km och Karl-Johan Gyllenstorm beräknade körtiden till cirka 926 minuter.,<url><loc>https://pendlings-app1.t-767929534-cloudflare.workers.dev/?fran=Älvsbyn&amp;till=Sölvesborg</loc><changefreq>monthly</changefreq></url>
Storfors,Ronneby,982,680,Avståndet mellan Storfors och Ronneby är 982 km och Karl-Johan Gyllenstorm beräknade körtiden till cirka 680 minuter.,<url><loc>https://pendlings-app1.t-767929534-cloudflare.workers.dev/?fran=Storfors&amp;till=Ronneby</loc><changefreq>monthly</changefreq></url>
Trollhättan,Högsby,678,455,Avståndet mellan Trollhättan och Högsby är 678 km och Karl-Johan Gyllenstorm beräknade körtiden till cirka 455 minuter.,<url><loc>https://pendlings-app1.t-767929534-cloudflare.workers.dev/?fran=Trollhättan&amp;till=Högsby</loc><changefreq>monthly</changefreq></url>
Uddevalla,Vibble,277,192,Avståndet mellan Uddevalla och Vibble är 277 km och Karl-Johan Gyllenstorm beräknade körtiden till cirka 192 minuter.,<url><loc>https://pendlings-app1.t-767929534-cloudflare.workers.dev/?fran=Uddevalla&amp;till=Vibble</loc><changefreq>monthly</changefreq></url>
Åtvidaberg,Grythyttan,188,125,Avståndet mellan Åtvidaberg och Grythyttan är 188 km och Karl-Johan Gyllenstorm beräknade körtiden till cirka 125 minuter.,<url><loc>https://pendlings-app1.t-767929534-cloudflare.workers.dev/?fran=Åtvidaberg&amp;till=Grythyttan</loc><changefreq>monthly</changefreq></url>
Hemse,Malung,1099,752,Avståndet mellan Hemse och Malung är 1099 km och Karl-Johan Gyllenstorm beräknade körtiden till cirka 752 minuter.,<url><loc>https://pendlings-app1.t-767929534-cloudflare.workers.dev/?fran=Hemse&amp;till=Malung</loc><changefreq>monthly</changefreq></url>
Helsingborg,Charlottenberg,1113,805,Avståndet mellan Helsingborg och Charlottenberg är 1113 km och Karl-Johan Gyllenstorm beräknade körtiden till cirka 805 minuter.,<url><loc>https://pendlings-app1.t-767929534-cloudflare.workers.dev/?fran=Helsingborg&amp;till=Charlottenberg</loc><changefreq>monthly</changefreq></url>
Nybro,Vara,640,418,Avståndet mellan Nybro och Vara är 640 km och Karl-Johan Gyllenstorm beräknade körtiden till cirka 418 minuter.,<url><loc>https://pendlings-app1.t-767929534-cloudflare.workers.dev/?fran=Nybro&amp;till=Vara</loc><changefreq>monthly</changefreq></url>
Katrineholm,Skövde,853,591,Avståndet mellan Katrineholm och Skövde är 853 km och Karl-Johan Gyllenstorm beräknade körtiden till cirka 591 minuter.,<url><loc>https://pendlings-app1.t-767929534-cloudflare.workers.dev/?fran=Katrineholm&amp;till=Skövde</loc><changefreq>monthly</changefreq></url>
Höör,Norsjö,904,665,Avståndet mellan Höör och Norsjö är 904 km och Karl-Johan Gyllenstorm beräknade körtiden till cirka 665 minuter.,<url><loc>https://pendlings-app1.t-767929534-cloudflare.workers.dev/?fran=Höör&amp;till=Norsjö</loc><changefreq>monthly</changefreq></url>
Munkfors,Falkenberg,277,193,Avståndet mellan Munkfors och Falkenberg är 277 km och Karl-Johan Gyllenstorm beräknade körtiden till cirka 193 minuter.,<url><loc>https://pendlings-app1.t-767929534-cloudflare.workers.dev/?fran=Munkfors&amp;till=Falkenberg</loc><changefreq>monthly</changefreq></url>
Sunne,Övertorneå,423,274,Avståndet mellan Sunne och Övertorneå är 423 km och Karl-Johan Gyllenstorm beräknade körtiden till cirka 274 minuter.,<url><loc>https://pendlings-app1.t-767929534-cloudflare.workers.dev/?fran=Sunne&amp;till=Övertorneå</loc><changefreq>monthly</changefreq></url>
Hällefor,Fagersta,1268,896,Avståndet mellan Hällefor och Fagersta är 1268 km och Karl-Johan Gyllenstorm beräknade körtiden till cirka 896 minuter.,<url><loc>https://pendlings-app1.t-767929534-cloudflare.workers.dev/?fran=Hällefor&amp;till=Fagersta</loc><changefreq>monthly</changefreq></url>
Finspång,Kävlinge,1309,888,Avståndet mellan Finspång och Kävlinge är 1309 km och Karl-Johan Gyllenstorm beräknade körtiden till cirka 888 minuter.,<url><loc>https://pendlings-app1.t-767929534-cloudflare.workers.dev/?fran=Finspång&amp;till=Kävlinge</loc><changefreq>monthly</changefreq></url>
Söderhamn,Sandviken,967,700,Avståndet mellan Söderhamn och Sandviken är 967 km och Karl-Johan Gyllenstorm beräknade körtiden till cirka 700 minuter.,<url><loc>https://pendlings-app1.t-767929534-cloudflare.workers.dev/?fran=Söderhamn&amp;till=Sandviken</loc><changefreq>monthly</changefreq></url>
Tierp,Charlottenberg,39,28,Avståndet mellan Tierp och Charlottenberg är 39 km och Karl-Johan Gyllenstorm beräknade körtiden till cirka 28 minuter.,<url><loc>https://pendlings-app1.t-767929534-cloudflare.workers.dev/?fran=Tierp&amp;till=Charlottenberg</loc><changefreq>monthly</changefreq></url>
Arvidsjaur,Kinda,984,777,Avståndet mellan Arvidsjaur och Kinda är 984 km och Karl-Johan Gyllenstorm beräknade körtiden till cirka 777 minuter.,<url><loc>https://pendlings-app1.t-767929534-cloudflare.workers.dev/?fran=Arvidsjaur&amp;till=Kinda</loc><changefreq>monthly</changefreq></url>
Pajala,Halmstad,405,257,Avståndet mellan Pajala och Halmstad är 405 km och Karl-Johan Gyllenstorm beräknade körtiden till cirka 257 minuter.,<url><loc>https://pendlings-app1.t-767929534-cloudflare.workers.dev/?fran=Pajala&amp;till=Halmstad</loc><changefreq>monthly</changefreq></url>
Nyköping,Sotenäs,1446,1026,Avståndet mellan Nyköping och Sotenäs är 1446 km och Karl-Johan Gyllenstorm beräknade körtiden till cirka 1026 minuter.,<url><loc>https://pendlings-app1.t-767929534-cloudflare.workers.dev/?fran=Nyköping&amp;till=Sotenäs</loc><changefreq>monthly</changefreq></url>
Vilhelmina,Falkenberg,995,656,Avståndet mellan Vilhelmina och Falkenberg är 995 km och Karl-Johan Gyllenstorm beräknade körtiden till cirka 656 minuter.,<url><loc>https://pendlings-app1.t-767929534-cloudflare.workers.dev/?fran=Vilhelmina&amp;till=Falkenberg</loc><changefreq>monthly</changefreq></url>
Storfors,Trelleborg,206,144,Avståndet mellan Storfors och Trelleborg är 206 km och Karl-Johan Gyllenstorm beräknade körtiden till cirka 144 minuter.,<url><loc>https://pendlings-app1.t-767929534-cloudflare.workers.dev/?fran=Storfors&amp;till=Trelleborg</loc><changefreq>monthly</changefreq></url>
Vårgårda,Härnösand,525,342,Avståndet mellan Vårgårda och Härnösand är 525 km och Karl-Johan Gyllenstorm beräknade körtiden till cirka 342 minuter.,<url><loc>https://pendlings-app1.t-767929534-cloudflare.workers.dev/?fran=Vårgårda&amp;till=Härnösand</loc><changefreq>monthly</changefreq></url>
Nybro,Vårgårda,1340,1044,Avståndet mellan Nybro och Vårgårda är 1340 km och Karl-Johan Gyllenstorm beräknade körtiden till cirka 1044 minuter.,<url><loc>https://pendlings-app1.t-767929534-cloudflare.workers.dev/?fran=Nybro&amp;till=Vårgårda</loc><changefreq>monthly</changefreq></url>
Klintehamn,Trollhättan,405,310,Avståndet mellan Klintehamn och Trollhättan är 405 km och Karl-Johan Gyllenstorm beräknade körtiden till cirka 310 minuter.,<url><loc>https://pendlings-app1.t-767929534-cloudflare.workers.dev/?fran=Klintehamn&amp;till=Trollhättan</loc><changefreq>monthly</changefreq></url>
Gimo,Södertälje,1260,920,Avståndet mellan Gimo och Södertälje är 1260 km och Karl-Johan Gyllenstorm beräknade körtiden till cirka 920 minuter.,<url><loc>https://pendlings-app1.t-767929534-cloudflare.workers.dev/?fran=Gimo&amp;till=Södertälje</loc><changefreq>monthly</changefreq></url>
Olofström,Övertorneå,1026,771,Avståndet mellan Olofström och Övertorneå är 1026 km och Karl-Johan Gyllenstorm beräknade körtiden till cirka 771 minuter.,<url><loc>https://pendlings-app1.t-767929534-cloudflare.workers.dev/?fran=Olofström&amp;till=Övertorneå</loc><changefreq>monthly</changefreq></url>
Kungsbacka,Härjedalen,413,269,Avståndet mellan Kungsbacka och Härjedalen är 413 km och Karl-Johan Gyllenstorm beräknade körtiden till cirka 269 minuter.,<url><loc>https://pendlings-app1.t-767929534-cloudflare.workers.dev/?fran=Kungsbacka&amp;till=Härjedalen</loc><changefreq>monthly</changefreq></url>
Södertälje,Hemse,319,216,Avståndet mellan Södertälje och Hemse är 319 km och Karl-Johan Gyllenstorm beräknade körtiden till cirka 216 minuter.,<url><loc>https://pendlings-app1.t-767929534-cloudflare.workers.dev/?fran=Södertälje&amp;till=Hemse</loc><changefreq>monthly</changefreq></url>
Vilhelmina,Landskrona,1261,850,Avståndet mellan Vilhelmina och Landskrona är 1261 km och Karl-Johan Gyllenstorm beräknade körtiden till cirka 850 minuter.,<url><loc>https://pendlings-app1.t-767929534-cloudflare.workers.dev/?fran=Vilhelmina&amp;till=Landskrona</loc><changefreq>monthly</changefreq></url>
Lidköping,Svalöv,460,304,Avståndet mellan Lidköping och Svalöv är 460 km och Karl-Johan Gyllenstorm beräknade körtiden till cirka 304 minuter.,<url><loc>https://pendlings-app1.t-767929534-cloudflare.workers.dev/?fran=Lidköping&amp;till=Svalöv</loc><changefreq>monthly</changefreq></url>
Kumla,Kiruna,297,225,Avståndet mellan Kumla och Kiruna är 297 km och Karl-Johan Gyllenstorm beräknade körtiden till cirka 225 minuter.,<url><loc>https://pendlings-app1.t-767929534-cloudflare.workers.dev/?fran=Kumla&amp;till=Kiruna</loc><changefreq>monthly</changefreq></url>
Kalix,Lärbro,854,634,Avståndet mellan Kalix och Lärbro är 854 km och Karl-Johan Gyllenstorm beräknade körtiden till cirka 634 minuter.,<url><loc>https://pendlings-app1.t-767929534-cloudflare.workers.dev/?fran=Kalix&amp;till=Lärbro</loc><changefreq>monthly</changefreq></url>
Ockelbo,Jokkmokk,106,81,Avståndet mellan Ockelbo och Jokkmokk är 106 km och Karl-Johan Gyllenstorm beräknade körtiden till cirka 81 minuter.,<url><loc>https://pendlings-app1.t-767929534-cloudflare.workers.dev/?fran=Ockelbo&amp;till=Jokkmokk</loc><changefreq>monthly</changefreq></url>
Simrishamn,Åsele,1173,753,Avståndet mellan Simrishamn och Åsele är 1173 km och Karl-Johan Gyllenstorm beräknade körtiden till cirka 753 minuter.,<url><loc>https://pendlings-app1.t-767929534-cloudflare.workers.dev/?fran=Simrishamn&amp;till=Åsele</loc><changefreq>monthly</changefreq></url>
Katrineholm,Strömsund,684,514,Avståndet mellan Katrineholm och Strömsund är 684 km och Karl-Johan Gyllenstorm beräknade körtiden till cirka 514 minuter.,<url><loc>https://pendlings-app1.t-767929534-cloudflare.workers.dev/?fran=Katrineholm&amp;till=Strömsund</loc><changefreq>monthly</changefreq></url>
Avesta,Bjuv,360,237,Avståndet mellan Avesta och Bjuv är 360 km och Karl-Johan Gyllenstorm beräknade körtiden till cirka 237 minuter.,<url><loc>https://pendlings-app1.t-767929534-cloudflare.workers.dev/?fran=Avesta&amp;till=Bjuv</loc><changefreq>monthly</changefreq></url>
Tofta,Ydre,967,703,Avståndet mellan Tofta och Ydre är 967 km och Karl-Johan Gyllenstorm beräknade körtiden till cirka 703 minuter.,<url><loc>https://pendlings-app1.t-767929534-cloudflare.workers.dev/?fran=Tofta&amp;till=Ydre</loc><changefreq>monthly</changefreq></url>
Karlshamn,Jönköping,1240,845,Avståndet mellan Karlshamn och Jönköping är 1240 km och Karl-Johan Gyllenstorm beräknade körtiden till cirka 845 minuter.,<url><loc>https://pendlings-app1.t-767929534-cloudflare.workers.dev/?fran=Karlshamn&amp;till=Jönköping</loc><changefreq>monthly</changefreq></url>
Berg,Uddevalla,553,424,Avståndet mellan Berg och Uddevalla är 553 km och Karl-Johan Gyllenstorm beräknade körtiden till cirka 424 minuter.,<url><loc>https://pendlings-app1.t-767929534-cloudflare.workers.dev/?fran=Berg&amp;till=Uddevalla</loc><changefreq>monthly</changefreq></url>
Filipstad,Knivsta,994,639,Avståndet mellan Filipstad och Knivsta är 994 km och Karl-Johan Gyllenstorm beräknade körtiden till cirka 639 minuter.,<url><loc>https://pendlings-app1.t-767929534-cloudflare.workers.dev/?fran=Filipstad&amp;till=Knivsta</loc><changefreq>monthly</changefreq></url>
Slite,Svedala,1298,832,Avståndet mellan Slite och Svedala är 1298 km och Karl-Johan Gyllenstorm beräknade körtiden till cirka 832 minuter.,<url><loc>https://pendlings-app1.t-767929534-cloudflare.workers.dev/?fran=Slite&amp;till=Svedala</loc><changefreq>monthly</changefreq></url>
Mullsjö,Helsingborg,351,265,Avståndet mellan Mullsjö och Helsingborg är 351 km och Karl-Johan Gyllenstorm beräknade körtiden till cirka 265 minuter.,<url><loc>https://pendlings-app1.t-767929534-cloudflare.workers.dev/?fran=Mullsjö&amp;till=Helsingborg</loc><changefreq>monthly</changefreq></url>
Sälen,Motala,1120,728,Avståndet mellan Sälen och Motala är 1120 km och Karl-Johan Gyllenstorm beräknade körtiden till cirka 728 minuter.,<url><loc>https://pendlings-app1.t-767929534-cloudflare.workers.dev/?fran=Sälen&amp;till=Motala</loc><changefreq>monthly</changefreq></url>
Håbo,Habon,1359,1048,Avståndet mellan Håbo och Habon är 1359 km och Karl-Johan Gyllenstorm beräknade körtiden till cirka 1048 minuter.,<url><loc>https://pendlings-app1.t-767929534-cloudflare.workers.dev/?fran=Håbo&amp;till=Habon</loc><changefreq>monthly</changefreq></url>
Stånga,Älvsbyn,304,229,Avståndet mellan Stånga och Älvsbyn är 304 km och Karl-Johan Gyllenstorm beräknade körtiden till cirka 229 minuter.,<url><loc>https://pendlings-app1.t-767929534-cloudflare.workers.dev/?fran=Stånga&amp;till=Älvsbyn</loc><changefreq>monthly</changefreq></url>
Hudiksvall,Ljusnarsberg,398,317,Avståndet mellan Hudiksvall och Ljusnarsberg är 398 km och Karl-Johan Gyllenstorm beräknade körtiden till cirka 317 minuter.,<url><loc>https://pendlings-app1.t-767929534-cloudflare.workers.dev/?fran=Hudiksvall&amp;till=Ljusnarsberg</loc><changefreq>monthly</changefreq></url>
Lindesberg,Södertälje,217,163,Avståndet mellan Lindesberg och Södertälje är 217 km och Karl-Johan Gyllenstorm beräknade körtiden till cirka 163 minuter.,<url><loc>https://pendlings-app1.t-767929534-cloudflare.workers.dev/?fran=Lindesberg&amp;till=Södertälje</loc><changefreq>monthly</changefreq></url>
Nora,Aneby,25,20,Avståndet mellan Nora och Aneby är 25 km och Karl-Johan Gyllenstorm beräknade körtiden till cirka 20 minuter.,<url><loc>https://pendlings-app1.t-767929534-cloudflare.workers.dev/?fran=Nora&amp;till=Aneby</loc><changefreq>monthly</changefreq></url>
Borgholm,Surahammar,1288,981,Avståndet mellan Borgholm och Surahammar är 1288 km och Karl-Johan Gyllenstorm beräknade körtiden till cirka 981 minuter.,<url><loc>https://pendlings-app1.t-767929534-cloudflare.workers.dev/?fran=Borgholm&amp;till=Surahammar</loc><changefreq>monthly</changefreq></url>
Sandviken,Filipstad,383,269,Avståndet mellan Sandviken och Filipstad är 383 km och Karl-Johan Gyllenstorm beräknade körtiden till cirka 269 minuter.,<url><loc>https://pendlings-app1.t-767929534-cloudflare.workers.dev/?fran=Sandviken&amp;till=Filipstad</loc><changefreq>monthly</changefreq></url>
Stånga,Västervik,625,482,Avståndet mellan Stånga och Västervik är 625 km och Karl-Johan Gyllenstorm beräknade körtiden till cirka 482 minuter.,<url><loc>https://pendlings-app1.t-767929534-cloudflare.workers.dev/?fran=Stånga&amp;till=Västervik</loc><changefreq>monthly</changefreq></url>
Munkfors,Vårgårda,633,447,Avståndet mellan Munkfors och Vårgårda är 633 km och Karl-Johan Gyllenstorm beräknade körtiden till cirka 447 minuter.,<url><loc>https://pendlings-app1.t-767929534-cloudflare.workers.dev/?fran=Munkfors&amp;till=Vårgårda</loc><changefreq>monthly</changefreq></url>
Hörby,Höganäs,169,116,Avståndet mellan Hörby och Höganäs är 169 km och Karl-Johan Gyllenstorm beräknade körtiden till cirka 116 minuter.,<url><loc>https://pendlings-app1.t-767929534-cloudflare.workers.dev/?fran=Hörby&amp;till=Höganäs</loc><changefreq>monthly</changefreq></url>
Västerås,Lindesberg,1100,846,Avståndet mellan Västerås och Lindesberg är 1100 km och Karl-Johan Gyllenstorm beräknade körtiden till cirka 846 minuter.,<url><loc>https://pendlings-app1.t-767929534-cloudflare.workers.dev/?fran=Västerås&amp;till=Lindesberg</loc><changefreq>monthly</changefreq></url>
Boden,Charlottenberg,1270,1014,Avståndet mellan Boden och Charlottenberg är 1270 km och Karl-Johan Gyllenstorm beräknade körtiden till cirka 1014 minuter.,<url><loc>https://pendlings-app1.t-767929534-cloudflare.workers.dev/?fran=Boden&amp;till=Charlottenberg</loc><changefreq>monthly</changefreq></url>
Vilhelmina,Rättvik,1402,994,Avståndet mellan Vilhelmina och Rättvik är 1402 km och Karl-Johan Gyllenstorm beräknade körtiden till cirka 994 minuter.,<url><loc>https://pendlings-app1.t-767929534-cloudflare.workers.dev/?fran=Vilhelmina&amp;till=Rättvik</loc><changefreq>monthly</changefreq></url>
Norrköping,Tofta,682,444,Avståndet mellan Norrköping och Tofta är 682 km och Karl-Johan Gyllenstorm beräknade körtiden till cirka 444 minuter.,<url><loc>https://pendlings-app1.t-767929534-cloudflare.workers.dev/?fran=Norrköping&amp;till=Tofta</loc><changefreq>monthly</changefreq></url>
Mjölby,Leksand,697,455,Avståndet mellan Mjölby och Leksand är 697 km och Karl-Johan Gyllenstorm beräknade körtiden till cirka 455 minuter.,<url><loc>https://pendlings-app1.t-767929534-cloudflare.workers.dev/?fran=Mjölby&amp;till=Leksand</loc><changefreq>monthly</changefreq></url>
Örkelljunga,Charlottenberg,1438,1054,Avståndet mellan Örkelljunga och Charlottenberg är 1438 km och Karl-Johan Gyllenstorm beräknade körtiden till cirka 1054 minuter.,<url><loc>https://pendlings-app1.t-767929534-cloudflare.workers.dev/?fran=Örkelljunga&amp;till=Charlottenberg</loc><changefreq>monthly</changefreq></url>
Ydre,Lomma,821,647,Avståndet mellan Ydre och Lomma är 821 km och Karl-Johan Gyllenstorm beräknade körtiden till cirka 647 minuter.,<url><loc>https://pendlings-app1.t-767929534-cloudflare.workers.dev/?fran=Ydre&amp;till=Lomma</loc><changefreq>monthly</changefreq></url>
Grums,Hyltebruk,931,686,Avståndet mellan Grums och Hyltebruk är 931 km och Karl-Johan Gyllenstorm beräknade körtiden till cirka 686 minuter.,<url><loc>https://pendlings-app1.t-767929534-cloudflare.workers.dev/?fran=Grums&amp;till=Hyltebruk</loc><changefreq>monthly</changefreq></url>
Överkalix,Gullspång,1189,803,Avståndet mellan Överkalix och Gullspång är 1189 km och Karl-Johan Gyllenstorm beräknade körtiden till cirka 803 minuter.,<url><loc>https://pendlings-app1.t-767929534-cloudflare.workers.dev/?fran=Överkalix&amp;till=Gullspång</loc><changefreq>monthly</changefreq></url>
Årjäng,Habon,1299,1020,Avståndet mellan Årjäng och Habon är 1299 km och Karl-Johan Gyllenstorm beräknade körtiden till cirka 1020 minuter.,<url><loc>https://pendlings-app1.t-767929534-cloudflare.workers.dev/?fran=Årjäng&amp;till=Habon</loc><changefreq>monthly</changefreq></url>
Lycksele,Stånga,1153,734,Avståndet mellan Lycksele och Stånga är 1153 km och Karl-Johan Gyllenstorm beräknade körtiden till cirka 734 minuter.,<url><loc>https://pendlings-app1.t-767929534-cloudflare.workers.dev/?fran=Lycksele&amp;till=Stånga</loc><changefreq>monthly</changefreq></url>
Mörbylånga,Aneby,279,221,Avståndet mellan Mörbylånga och Aneby är 279 km och Karl-Johan Gyllenstorm beräknade körtiden till cirka 221 minuter.,<url><loc>https://pendlings-app1.t-767929534-cloudflare.workers.dev/?fran=Mörbylånga&amp;till=Aneby</loc><changefreq>monthly</changefreq></url>
Åmål,Söderköping,830,549,Avståndet mellan Åmål och Söderköping är 830 km och Karl-Johan Gyllenstorm beräknade körtiden till cirka 549 minuter.,<url><loc>https://pendlings-app1.t-767929534-cloudflare.workers.dev/?fran=Åmål&amp;till=Söderköping</loc><changefreq>monthly</changefreq></url>
Karlskoga,Smedjebacken,528,400,Avståndet mellan Karlskoga och Smedjebacken är 528 km och Karl-Johan Gyllenstorm beräknade körtiden till cirka 400 minuter.,<url><loc>https://pendlings-app1.t-767929534-cloudflare.workers.dev/?fran=Karlskoga&amp;till=Smedjebacken</loc><changefreq>monthly</changefreq></url>
Överkalix,Grums,341,260,Avståndet mellan Överkalix och Grums är 341 km och Karl-Johan Gyllenstorm beräknade körtiden till cirka 260 minuter.,<url><loc>https://pendlings-app1.t-767929534-cloudflare.workers.dev/?fran=Överkalix&amp;till=Grums</loc><changefreq>monthly</changefreq></url>
Sorsele,Färjestaden,910,576,Avståndet mellan Sorsele och Färjestaden är 910 km och Karl-Johan Gyllenstorm beräknade körtiden till cirka 576 minuter.,<url><loc>https://pendlings-app1.t-767929534-cloudflare.workers.dev/?fran=Sorsele&amp;till=Färjestaden</loc><changefreq>monthly</changefreq></url>
Hudiksvall,Borlänge,333,214,Avståndet mellan Hudiksvall och Borlänge är 333 km och Karl-Johan Gyllenstorm beräknade körtiden till cirka 214 minuter.,<url><loc>https://pendlings-app1.t-767929534-cloudflare.workers.dev/?fran=Hudiksvall&amp;till=Borlänge</loc><changefreq>monthly</changefreq></url>
Ljusnarsberg,Skara,1034,739,Avståndet mellan Ljusnarsberg och Skara är 1034 km och Karl-Johan Gyllenstorm beräknade körtiden till cirka 739 minuter.,<url><loc>https://pendlings-app1.t-767929534-cloudflare.workers.dev/?fran=Ljusnarsberg&amp;till=Skara</loc><changefreq>monthly</changefreq></url>
Strängnäs,Ljusdal,981,742,Avståndet mellan Strängnäs och Ljusdal är 981 km och Karl-Johan Gyllenstorm beräknade körtiden till cirka 742 minuter.,<url><loc>https://pendlings-app1.t-767929534-cloudflare.workers.dev/?fran=Strängnäs&amp;till=Ljusdal</loc><changefreq>monthly</changefreq></url>
Pajala,Södertälje,179,129,Avståndet mellan Pajala och Södertälje är 179 km och Karl-Johan Gyllenstorm beräknade körtiden till cirka 129 minuter.,<url><loc>https://pendlings-app1.t-767929534-cloudflare.workers.dev/?fran=Pajala&amp;till=Södertälje</loc><changefreq>monthly</changefreq></url>
Arvika,Köping,1061,715,Avståndet mellan Arvika och Köping är 1061 km och Karl-Johan Gyllenstorm beräknade körtiden till cirka 715 minuter.,<url><loc>https://pendlings-app1.t-767929534-cloudflare.workers.dev/?fran=Arvika&amp;till=Köping</loc><changefreq>monthly</changefreq></url>
Lysekil,Varberg,94,60,Avståndet mellan Lysekil och Varberg är 94 km och Karl-Johan Gyllenstorm beräknade körtiden till cirka 60 minuter.,<url><loc>https://pendlings-app1.t-767929534-cloudflare.workers.dev/?fran=Lysekil&amp;till=Varberg</loc><changefreq>monthly</changefreq></url>
Härnösand,Bengtsfors,847,543,Avståndet mellan Härnösand och Bengtsfors är 847 km och Karl-Johan Gyllenstorm beräknade körtiden till cirka 543 minuter.,<url><loc>https://pendlings-app1.t-767929534-cloudflare.workers.dev/?fran=Härnösand&amp;till=Bengtsfors</loc><changefreq>monthly</changefreq></url>
Älvsbyn,Osby,1004,797,Avståndet mellan Älvsbyn och Osby är 1004 km och Karl-Johan Gyllenstorm beräknade körtiden till cirka 797 minuter.,<url><loc>https://pendlings-app1.t-767929534-cloudflare.workers.dev/?fran=Älvsbyn&amp;till=Osby</loc><changefreq>monthly</changefreq></url>
Vansbro,Arvidsjaur,932,745,Avståndet mellan Vansbro och Arvidsjaur är 932 km och Karl-Johan Gyllenstorm beräknade körtiden till cirka 745 minuter.,<url><loc>https://pendlings-app1.t-767929534-cloudflare.workers.dev/?fran=Vansbro&amp;till=Arvidsjaur</loc><changefreq>monthly</changefreq></url>
Enköping,Visby,1168,852,Avståndet mellan Enköping och Visby är 1168 km och Karl-Johan Gyllenstorm beräknade körtiden till cirka 852 minuter.,<url><loc>https://pendlings-app1.t-767929534-cloudflare.workers.dev/?fran=Enköping&amp;till=Visby</loc><changefreq>monthly</changefreq></url>
Gimo,Färjestaden,512,372,Avståndet mellan Gimo och Färjestaden är 512 km och Karl-Johan Gyllenstorm beräknade körtiden till cirka 372 minuter.,<url><loc>https://pendlings-app1.t-767929534-cloudflare.workers.dev/?fran=Gimo&amp;till=Färjestaden</loc><changefreq>monthly</changefreq></url>
Kramfors,Storfors,95,70,Avståndet mellan Kramfors och Storfors är 95 km och Karl-Johan Gyllenstorm beräknade körtiden till cirka 70 minuter.,<url><loc>https://pendlings-app1.t-767929534-cloudflare.workers.dev/?fran=Kramfors&amp;till=Storfors</loc><changefreq>monthly</changefreq></url>
Eksjö,Strängnäs,666,510,Avståndet mellan Eksjö och Strängnäs är 666 km och Karl-Johan Gyllenstorm beräknade körtiden till cirka 510 minuter.,<url><loc>https://pendlings-app1.t-767929534-cloudflare.workers.dev/?fran=Eksjö&amp;till=Strängnäs</loc><changefreq>monthly</changefreq></url>
Storuman,Oskarshamn,1056,697,Avståndet mellan Storuman och Oskarshamn är 1056 km och Karl-Johan Gyllenstorm beräknade körtiden till cirka 697 minuter.,<url><loc>https://pendlings-app1.t-767929534-cloudflare.workers.dev/?fran=Storuman&amp;till=Oskarshamn</loc><changefreq>monthly</changefreq></url>
Kiruna,Rättvik,302,207,Avståndet mellan Kiruna och Rättvik är 302 km och Karl-Johan Gyllenstorm beräknade körtiden till cirka 207 minuter.,<url><loc>https://pendlings-app1.t-767929534-cloudflare.workers.dev/?fran=Kiruna&amp;till=Rättvik</loc><changefreq>monthly</changefreq></url>
Pajala,Härnösand,198,133,Avståndet mellan Pajala och Härnösand är 198 km och Karl-Johan Gyllenstorm beräknade körtiden till cirka 133 minuter.,<url><loc>https://pendlings-app1.t-767929534-cloudflare.workers.dev/?fran=Pajala&amp;till=Härnösand</loc><changefreq>monthly</changefreq></url>
Vimmerby,Helsingborg,101,69,Avståndet mellan Vimmerby och Helsingborg är 101 km och Karl-Johan Gyllenstorm beräknade körtiden till cirka 69 minuter.,<url><loc>https://pendlings-app1.t-767929534-cloudflare.workers.dev/?fran=Vimmerby&amp;till=Helsingborg</loc><changefreq>monthly</changefreq></url>
Söderköping,Ockelbo,634,425,Avståndet mellan Söderköping och Ockelbo är 634 km och Karl-Johan Gyllenstorm beräknade körtiden till cirka 425 minuter.,<url><loc>https://pendlings-app1.t-767929534-cloudflare.workers.dev/?fran=Söderköping&amp;till=Ockelbo</loc><changefreq>monthly</changefreq></url>
Håbo,Älvdalen,295,190,Avståndet mellan Håbo och Älvdalen är 295 km och Karl-Johan Gyllenstorm beräknade körtiden till cirka 190 minuter.,<url><loc>https://pendlings-app1.t-767929534-cloudflare.workers.dev/?fran=Håbo&amp;till=Älvdalen</loc><changefreq>monthly</changefreq></url>
Örkelljunga,Tranemo,578,460,Avståndet mellan Örkelljunga och Tranemo är 578 km och Karl-Johan Gyllenstorm beräknade körtiden till cirka 460 minuter.,<url><loc>https://pendlings-app1.t-767929534-cloudflare.workers.dev/?fran=Örkelljunga&amp;till=Tranemo</loc><changefreq>monthly</changefreq></url>
Tranemo,Vara,1352,878,Avståndet mellan Tranemo och Vara är 1352 km och Karl-Johan Gyllenstorm beräknade körtiden till cirka 878 minuter.,<url><loc>https://pendlings-app1.t-767929534-cloudflare.workers.dev/?fran=Tranemo&amp;till=Vara</loc><changefreq>monthly</changefreq></url>
Grums,Boden,994,658,Avståndet mellan Grums och Boden är 994 km och Karl-Johan Gyllenstorm beräknade körtiden till cirka 658 minuter.,<url><loc>https://pendlings-app1.t-767929534-cloudflare.workers.dev/?fran=Grums&amp;till=Boden</loc><changefreq>monthly</changefreq></url>
Örkelljunga,Arvika,776,547,Avståndet mellan Örkelljunga och Arvika är 776 km och Karl-Johan Gyllenstorm beräknade körtiden till cirka 547 minuter.,<url><loc>https://pendlings-app1.t-767929534-cloudflare.workers.dev/?fran=Örkelljunga&amp;till=Arvika</loc><changefreq>monthly</changefreq></url>
Perstorp,Gnosjö,901,643,Avståndet mellan Perstorp och Gnosjö är 901 km och Karl-Johan Gyllenstorm beräknade körtiden till cirka 643 minuter.,<url><loc>https://pendlings-app1.t-767929534-cloudflare.workers.dev/?fran=Perstorp&amp;till=Gnosjö</loc><changefreq>monthly</changefreq></url>
Klippan,Lindesberg,307,223,Avståndet mellan Klippan och Lindesberg är 307 km och Karl-Johan Gyllenstorm beräknade körtiden till cirka 223 minuter.,<url><loc>https://pendlings-app1.t-767929534-cloudflare.workers.dev/?fran=Klippan&amp;till=Lindesberg</loc><changefreq>monthly</changefreq></url>
Gällivare,Svenljunga,29,19,Avståndet mellan Gällivare och Svenljunga är 29 km och Karl-Johan Gyllenstorm beräknade körtiden till cirka 19 minuter.,<url><loc>https://pendlings-app1.t-767929534-cloudflare.workers.dev/?fran=Gällivare&amp;till=Svenljunga</loc><changefreq>monthly</changefreq></url>
Borås,Mjölby,905,593,Avståndet mellan Borås och Mjölby är 905 km och Karl-Johan Gyllenstorm beräknade körtiden till cirka 593 minuter.,<url><loc>https://pendlings-app1.t-767929534-cloudflare.workers.dev/?fran=Borås&amp;till=Mjölby</loc><changefreq>monthly</changefreq></url>
Karlskoga,Högsby,53,35,Avståndet mellan Karlskoga och Högsby är 53 km och Karl-Johan Gyllenstorm beräknade körtiden till cirka 35 minuter.,<url><loc>https://pendlings-app1.t-767929534-cloudflare.workers.dev/?fran=Karlskoga&amp;till=Högsby</loc><changefreq>monthly</changefreq></url>
Skövde,Askersund,526,354,Avståndet mellan Skövde och Askersund är 526 km och Karl-Johan Gyllenstorm beräknade körtiden till cirka 354 minuter.,<url><loc>https://pendlings-app1.t-767929534-cloudflare.workers.dev/?fran=Skövde&amp;till=Askersund</loc><changefreq>monthly</changefreq></url>
Eda,Säffle,415,273,Avståndet mellan Eda och Säffle är 415 km och Karl-Johan Gyllenstorm beräknade körtiden till cirka 273 minuter.,<url><loc>https://pendlings-app1.t-767929534-cloudflare.workers.dev/?fran=Eda&amp;till=Säffle</loc><changefreq>monthly</changefreq></url>
Katrineholm,Strängnäs,1381,876,Avståndet mellan Katrineholm och Strängnäs är 1381 km och Karl-Johan Gyllenstorm beräknade körtiden till cirka 876 minuter.,<url><loc>https://pendlings-app1.t-767929534-cloudflare.workers.dev/?fran=Katrineholm&amp;till=Strängnäs</loc><changefreq>monthly</changefreq></url>
Ronneby,Umeå,1324,864,Avståndet mellan Ronneby och Umeå är 1324 km och Karl-Johan Gyllenstorm beräknade körtiden till cirka 864 minuter.,<url><loc>https://pendlings-app1.t-767929534-cloudflare.workers.dev/?fran=Ronneby&amp;till=Umeå</loc><changefreq>monthly</changefreq></url>
Tranemo,Sandviken,851,551,Avståndet mellan Tranemo och Sandviken är 851 km och Karl-Johan Gyllenstorm beräknade körtiden till cirka 551 minuter.,<url><loc>https://pendlings-app1.t-767929534-cloudflare.workers.dev/?fran=Tranemo&amp;till=Sandviken</loc><changefreq>monthly</changefreq></url>
Hörby,Mariestad,562,359,Avståndet mellan Hörby och Mariestad är 562 km och Karl-Johan Gyllenstorm beräknade körtiden till cirka 359 minuter.,<url><loc>https://pendlings-app1.t-767929534-cloudflare.workers.dev/?fran=Hörby&amp;till=Mariestad</loc><changefreq>monthly</changefreq></url>
Bromölla,Åtvidaberg,170,126,Avståndet mellan Bromölla och Åtvidaberg är 170 km och Karl-Johan Gyllenstorm beräknade körtiden till cirka 126 minuter.,<url><loc>https://pendlings-app1.t-767929534-cloudflare.workers.dev/?fran=Bromölla&amp;till=Åtvidaberg</loc><changefreq>monthly</changefreq></url>
Sotenäs,Grums,942,703,Avståndet mellan Sotenäs och Grums är 942 km och Karl-Johan Gyllenstorm beräknade körtiden till cirka 703 minuter.,<url><loc>https://pendlings-app1.t-767929534-cloudflare.workers.dev/?fran=Sotenäs&amp;till=Grums</loc><changefreq>monthly</changefreq></url>
Motala,Svedala,1243,880,Avståndet mellan Motala och Svedala är 1243 km och Karl-Johan Gyllenstorm beräknade körtiden till cirka 880 minuter.,<url><loc>https://pendlings-app1.t-767929534-cloudflare.workers.dev/?fran=Motala&amp;till=Svedala</loc><changefreq>monthly</changefreq></url>
Trosa,Kristianstad,1225,928,Avståndet mellan Trosa och Kristianstad är 1225 km och Karl-Johan Gyllenstorm beräknade körtiden till cirka 928 minuter.,<url><loc>https://pendlings-app1.t-767929534-cloudflare.workers.dev/?fran=Trosa&amp;till=Kristianstad</loc><changefreq>monthly</changefreq></url>
Örebro,Boden,1095,703,Avståndet mellan Örebro och Boden är 1095 km och Karl-Johan Gyllenstorm beräknade körtiden till cirka 703 minuter.,<url><loc>https://pendlings-app1.t-767929534-cloudflare.workers.dev/?fran=Örebro&amp;till=Boden</loc><changefreq>monthly</changefreq></url>
Eda,Lindesberg,1227,827,Avståndet mellan Eda och Lindesberg är 1227 km och Karl-Johan Gyllenstorm beräknade körtiden till cirka 827 minuter.,<url><loc>https://pendlings-app1.t-767929534-cloudflare.workers.dev/?fran=Eda&amp;till=Lindesberg</loc><changefreq>monthly</changefreq></url>
Säffle,Kumla,1193,808,Avståndet mellan Säffle och Kumla är 1193 km och Karl-Johan Gyllenstorm beräknade körtiden till cirka 808 minuter.,<url><loc>https://pendlings-app1.t-767929534-cloudflare.workers.dev/?fran=Säffle&amp;till=Kumla</loc><changefreq>monthly</changefreq></url>
Gällivare,Emmaboda,1201,785,Avståndet mellan Gällivare och Emmaboda är 1201 km och Karl-Johan Gyllenstorm beräknade körtiden till cirka 785 minuter.,<url><loc>https://pendlings-app1.t-767929534-cloudflare.workers.dev/?fran=Gällivare&amp;till=Emmaboda</loc><changefreq>monthly</changefreq></url>
Bjuv,Knivsta,593,387,Avståndet mellan Bjuv och Knivsta är 593 km och Karl-Johan Gyllenstorm beräknade körtiden till cirka 387 minuter.,<url><loc>https://pendlings-app1.t-767929534-cloudflare.workers.dev/?fran=Bjuv&amp;till=Knivsta</loc><changefreq>monthly</changefreq></url>
Svenljunga,Högsby,1250,826,Avståndet mellan Svenljunga och Högsby är 1250 km och Karl-Johan Gyllenstorm beräknade körtiden till cirka 826 minuter.,<url><loc>https://pendlings-app1.t-767929534-cloudflare.workers.dev/?fran=Svenljunga&amp;till=Högsby</loc><changefreq>monthly</changefreq></url>
Västerås,Filipstad,552,381,Avståndet mellan Västerås och Filipstad är 552 km och Karl-Johan Gyllenstorm beräknade körtiden till cirka 381 minuter.,<url><loc>https://pendlings-app1.t-767929534-cloudflare.workers.dev/?fran=Västerås&amp;till=Filipstad</loc><changefreq>monthly</changefreq></url>
Oskarshamn,Hedemora,1061,762,Avståndet mellan Oskarshamn och Hedemora är 1061 km och Karl-Johan Gyllenstorm beräknade körtiden till cirka 762 minuter.,<url><loc>https://pendlings-app1.t-767929534-cloudflare.workers.dev/?fran=Oskarshamn&amp;till=Hedemora</loc><changefreq>monthly</changefreq></url>
Boden,Huddinge,1231,822,Avståndet mellan Boden och Huddinge är 1231 km och Karl-Johan Gyllenstorm beräknade körtiden till cirka 822 minuter.,<url><loc>https://pendlings-app1.t-767929534-cloudflare.workers.dev/?fran=Boden&amp;till=Huddinge</loc><changefreq>monthly</changefreq></url>
Kils,Boxholm,670,440,Avståndet mellan Kils och Boxholm är 670 km och Karl-Johan Gyllenstorm beräknade körtiden till cirka 440 minuter.,<url><loc>https://pendlings-app1.t-767929534-cloudflare.workers.dev/?fran=Kils&amp;till=Boxholm</loc><changefreq>monthly</changefreq></url>
Årjäng,Älvkarleby,54,35,Avståndet mellan Årjäng och Älvkarleby är 54 km och Karl-Johan Gyllenstorm beräknade körtiden till cirka 35 minuter.,<url><loc>https://pendlings-app1.t-767929534-cloudflare.workers.dev/?fran=Årjäng&amp;till=Älvkarleby</loc><changefreq>monthly</changefreq></url>
Älvsbyn,Hjo,1248,841,Avståndet mellan Älvsbyn och Hjo är 1248 km och Karl-Johan Gyllenstorm beräknade körtiden till cirka 841 minuter.,<url><loc>https://pendlings-app1.t-767929534-cloudflare.workers.dev/?fran=Älvsbyn&amp;till=Hjo</loc><changefreq>monthly</changefreq></url>
Fagersta,Kils,1380,1046,Avståndet mellan Fagersta och Kils är 1380 km och Karl-Johan Gyllenstorm beräknade körtiden till cirka 1046 minuter.,<url><loc>https://pendlings-app1.t-767929534-cloudflare.workers.dev/?fran=Fagersta&amp;till=Kils</loc><changefreq>monthly</changefreq></url>
Håbo,Piteå,878,582,Avståndet mellan Håbo och Piteå är 878 km och Karl-Johan Gyllenstorm beräknade körtiden till cirka 582 minuter.,<url><loc>https://pendlings-app1.t-767929534-cloudflare.workers.dev/?fran=Håbo&amp;till=Piteå</loc><changefreq>monthly</changefreq></url>
Arboga,Smedjebacken,918,681,Avståndet mellan Arboga och Smedjebacken är 918 km och Karl-Johan Gyllenstorm beräknade körtiden till cirka 681 minuter.,<url><loc>https://pendlings-app1.t-767929534-cloudflare.workers.dev/?fran=Arboga&amp;till=Smedjebacken</loc><changefreq>monthly</changefreq></url>
Mark,Trosa,286,221,Avståndet mellan Mark och Trosa är 286 km och Karl-Johan Gyllenstorm beräknade körtiden till cirka 221 minuter.,<url><loc>https://pendlings-app1.t-767929534-cloudflare.workers.dev/?fran=Mark&amp;till=Trosa</loc><changefreq>monthly</changefreq></url>
Sollefteå,Ockelbo,480,305,Avståndet mellan Sollefteå och Ockelbo är 480 km och Karl-Johan Gyllenstorm beräknade körtiden till cirka 305 minuter.,<url><loc>https://pendlings-app1.t-767929534-cloudflare.workers.dev/?fran=Sollefteå&amp;till=Ockelbo</loc><changefreq>monthly</changefreq></url>
Falköping,Borgholm,551,356,Avståndet mellan Falköping och Borgholm är 551 km och Karl-Johan Gyllenstorm beräknade körtiden till cirka 356 minuter.,<url><loc>https://pendlings-app1.t-767929534-cloudflare.workers.dev/?fran=Falköping&amp;till=Borgholm</loc><changefreq>monthly</changefreq></url>
Grums,Sorsele,232,179,Avståndet mellan Grums och Sorsele är 232 km och Karl-Johan Gyllenstorm beräknade körtiden till cirka 179 minuter.,<url><loc>https://pendlings-app1.t-767929534-cloudflare.workers.dev/?fran=Grums&amp;till=Sorsele</loc><changefreq>monthly</changefreq></url>
Krokom,Arvika,346,232,Avståndet mellan Krokom och Arvika är 346 km och Karl-Johan Gyllenstorm beräknade körtiden till cirka 232 minuter.,<url><loc>https://pendlings-app1.t-767929534-cloudflare.workers.dev/?fran=Krokom&amp;till=Arvika</loc><changefreq>monthly</changefreq></url>
Norberg,Malmö,1224,824,Avståndet mellan Norberg och Malmö är 1224 km och Karl-Johan Gyllenstorm beräknade körtiden till cirka 824 minuter.,<url><loc>https://pendlings-app1.t-767929534-cloudflare.workers.dev/?fran=Norberg&amp;till=Malmö</loc><changefreq>monthly</changefreq></url>
Hemse,Sorsele,1117,736,Avståndet mellan Hemse och Sorsele är 1117 km och Karl-Johan Gyllenstorm beräknade körtiden till cirka 736 minuter.,<url><loc>https://pendlings-app1.t-767929534-cloudflare.workers.dev/?fran=Hemse&amp;till=Sorsele</loc><changefreq>monthly</changefreq></url>
Älvkarleby,Mellerud,177,120,Avståndet mellan Älvkarleby och Mellerud är 177 km och Karl-Johan Gyllenstorm beräknade körtiden till cirka 120 minuter.,<url><loc>https://pendlings-app1.t-767929534-cloudflare.workers.dev/?fran=Älvkarleby&amp;till=Mellerud</loc><changefreq>monthly</changefreq></url>
Arvika,Bjuv,238,175,Avståndet mellan Arvika och Bjuv är 238 km och Karl-Johan Gyllenstorm beräknade körtiden till cirka 175 minuter.,<url><loc>https://pendlings-app1.t-767929534-cloudflare.workers.dev/?fran=Arvika&amp;till=Bjuv</loc><changefreq>monthly</changefreq></url>
Berg,Eksjö,615,428,Avståndet mellan Berg och Eksjö är 615 km och Karl-Johan Gyllenstorm beräknade körtiden till cirka 428 minuter.,<url><loc>https://pendlings-app1.t-767929534-cloudflare.workers.dev/?fran=Berg&amp;till=Eksjö</loc><changefreq>monthly</changefreq></url>
Orsa,Arvika,720,543,Avståndet mellan Orsa och Arvika är 720 km och Karl-Johan Gyllenstorm beräknade körtiden till cirka 543 minuter.,<url><loc>https://pendlings-app1.t-767929534-cloudflare.workers.dev/?fran=Orsa&amp;till=Arvika</loc><changefreq>monthly</changefreq></url>
Tibro,Täby,58,46,Avståndet mellan Tibro och Täby är 58 km och Karl-Johan Gyllenstorm beräknade körtiden till cirka 46 minuter.,<url><loc>https://pendlings-app1.t-767929534-cloudflare.workers.dev/?fran=Tibro&amp;till=Täby</loc><changefreq>monthly</changefreq></url>
Askersund,Grums,174,133,Avståndet mellan Askersund och Grums är 174 km och Karl-Johan Gyllenstorm beräknade körtiden till cirka 133 minuter.,<url><loc>https://pendlings-app1.t-767929534-cloudflare.workers.dev/?fran=Askersund&amp;till=Grums</loc><changefreq>monthly</changefreq></url>
Norsjö,Vellinge,947,679,Avståndet mellan Norsjö och Vellinge är 947 km och Karl-Johan Gyllenstorm beräknade körtiden till cirka 679 minuter.,<url><loc>https://pendlings-app1.t-767929534-cloudflare.workers.dev/?fran=Norsjö&amp;till=Vellinge</loc><changefreq>monthly</changefreq></url>
Norberg,Mark,359,277,Avståndet mellan Norberg och Mark är 359 km och Karl-Johan Gyllenstorm beräknade körtiden till cirka 277 minuter.,<url><loc>https://pendlings-app1.t-767929534-cloudflare.workers.dev/?fran=Norberg&amp;till=Mark</loc><changefreq>monthly</changefreq></url>
Årjäng,Piteå,420,276,Avståndet mellan Årjäng och Piteå är 420 km och Karl-Johan Gyllenstorm beräknade körtiden till cirka 276 minuter.,<url><loc>https://pendlings-app1.t-767929534-cloudflare.workers.dev/?fran=Årjäng&amp;till=Piteå</loc><changefreq>monthly</changefreq></url>
Arboga,Falköping,1112,749,Avståndet mellan Arboga och Falköping är 1112 km och Karl-Johan Gyllenstorm beräknade körtiden till cirka 749 minuter.,<url><loc>https://pendlings-app1.t-767929534-cloudflare.workers.dev/?fran=Arboga&amp;till=Falköping</loc><changefreq>monthly</changefreq></url>
Olofström,Karlsborg,647,414,Avståndet mellan Olofström och Karlsborg är 647 km och Karl-Johan Gyllenstorm beräknade körtiden till cirka 414 minuter.,<url><loc>https://pendlings-app1.t-767929534-cloudflare.workers.dev/?fran=Olofström&amp;till=Karlsborg</loc><changefreq>monthly</changefreq></url>
Sundsvall,Tranemo,639,489,Avståndet mellan Sundsvall och Tranemo är 639 km och Karl-Johan Gyllenstorm beräknade körtiden till cirka 489 minuter.,<url><loc>https://pendlings-app1.t-767929534-cloudflare.workers.dev/?fran=Sundsvall&amp;till=Tranemo</loc><changefreq>monthly</changefreq></url>
Munkedal,Östersund,1329,1019,Avståndet mellan Munkedal och Östersund är 1329 km och Karl-Johan Gyllenstorm beräknade körtiden till cirka 1019 minuter.,<url><loc>https://pendlings-app1.t-767929534-cloudflare.workers.dev/?fran=Munkedal&amp;till=Östersund</loc><changefreq>monthly</changefreq></url>
Hällefor,Kils,839,564,Avståndet mellan Hällefor och Kils är 839 km och Karl-Johan Gyllenstorm beräknade körtiden till cirka 564 minuter.,<url><loc>https://pendlings-app1.t-767929534-cloudflare.workers.dev/?fran=Hällefor&amp;till=Kils</loc><changefreq>monthly</changefreq></url>
Mariestad,Stånga,1057,713,Avståndet mellan Mariestad och Stånga är 1057 km och Karl-Johan Gyllenstorm beräknade körtiden till cirka 713 minuter.,<url><loc>https://pendlings-app1.t-767929534-cloudflare.workers.dev/?fran=Mariestad&amp;till=Stånga</loc><changefreq>monthly</changefreq></url>
Askersund,Borlänge,156,102,Avståndet mellan Askersund och Borlänge är 156 km och Karl-Johan Gyllenstorm beräknade körtiden till cirka 102 minuter.,<url><loc>https://pendlings-app1.t-767929534-cloudflare.workers.dev/?fran=Askersund&amp;till=Borlänge</loc><changefreq>monthly</changefreq></url>
Vårgårda,Norrköping,1051,737,Avståndet mellan Vårgårda och Norrköping är 1051 km och Karl-Johan Gyllenstorm beräknade körtiden till cirka 737 minuter.,<url><loc>https://pendlings-app1.t-767929534-cloudflare.workers.dev/?fran=Vårgårda&amp;till=Norrköping</loc><changefreq>monthly</changefreq></url>
Mark,Överkalix,288,218,Avståndet mellan Mark och Överkalix är 288 km och Karl-Johan Gyllenstorm beräknade körtiden till cirka 218 minuter.,<url><loc>https://pendlings-app1.t-767929534-cloudflare.workers.dev/?fran=Mark&amp;till=Överkalix</loc><changefreq>monthly</changefreq></url>
Skövde,Östra Göinge,1101,752,Avståndet mellan Skövde och Östra Göinge är 1101 km och Karl-Johan Gyllenstorm beräknade körtiden till cirka 752 minuter.,<url><loc>https://pendlings-app1.t-767929534-cloudflare.workers.dev/?fran=Skövde&amp;till=Östra Göinge</loc><changefreq>monthly</changefreq></url>
Höör,Eksjö,1354,960,Avståndet mellan Höör och Eksjö är 1354 km och Karl-Johan Gyllenstorm beräknade körtiden till cirka 960 minuter.,<url><loc>https://pendlings-app1.t-767929534-cloudflare.workers.dev/?fran=Höör&amp;till=Eksjö</loc><changefreq>monthly</changefreq></url>
Klintehamn,Smedjebacken,700,476,Avståndet mellan Klintehamn och Smedjebacken är 700 km och Karl-Johan Gyllenstorm beräknade körtiden till cirka 476 minuter.,<url><loc>https://pendlings-app1.t-767929534-cloudflare.workers.dev/?fran=Klintehamn&amp;till=Smedjebacken</loc><changefreq>monthly</changefreq></url>
Hyltebruk,Helsingborg,619,486,Avståndet mellan Hyltebruk och Helsingborg är 619 km och Karl-Johan Gyllenstorm beräknade körtiden till cirka 486 minuter.,<url><loc>https://pendlings-app1.t-767929534-cloudflare.workers.dev/?fran=Hyltebruk&amp;till=Helsingborg</loc><changefreq>monthly</changefreq></url>
Borgholm,Åre,1094,864,Avståndet mellan Borgholm och Åre är 1094 km och Karl-Johan Gyllenstorm beräknade körtiden till cirka 864 minuter.,<url><loc>https://pendlings-app1.t-767929534-cloudflare.workers.dev/?fran=Borgholm&amp;till=Åre</loc><changefreq>monthly</changefreq></url>
Östersund,Havdhem,182,115,Avståndet mellan Östersund och Havdhem är 182 km och Karl-Johan Gyllenstorm beräknade körtiden till cirka 115 minuter.,<url><loc>https://pendlings-app1.t-767929534-cloudflare.workers.dev/?fran=Östersund&amp;till=Havdhem</loc><changefreq>monthly</changefreq></url>
Bollnäs,Roma,434,293,Avståndet mellan Bollnäs och Roma är 434 km och Karl-Johan Gyllenstorm beräknade körtiden till cirka 293 minuter.,<url><loc>https://pendlings-app1.t-767929534-cloudflare.workers.dev/?fran=Bollnäs&amp;till=Roma</loc><changefreq>monthly</changefreq></url>
Trollhättan,Helsingborg,548,380,Avståndet mellan Trollhättan och Helsingborg är 548 km och Karl-Johan Gyllenstorm beräknade körtiden till cirka 380 minuter.,<url><loc>https://pendlings-app1.t-767929534-cloudflare.workers.dev/?fran=Trollhättan&amp;till=Helsingborg</loc><changefreq>monthly</changefreq></url>
Härjedalen,Gagnef,782,565,Avståndet mellan Härjedalen och Gagnef är 782 km och Karl-Johan Gyllenstorm beräknade körtiden till cirka 565 minuter.,<url><loc>https://pendlings-app1.t-767929534-cloudflare.workers.dev/?fran=Härjedalen&amp;till=Gagnef</loc><changefreq>monthly</changefreq></url>
Växjö,Grästorp,982,655,Avståndet mellan Växjö och Grästorp är 982 km och Karl-Johan Gyllenstorm beräknade körtiden till cirka 655 minuter.,<url><loc>https://pendlings-app1.t-767929534-cloudflare.workers.dev/?fran=Växjö&amp;till=Grästorp</loc><changefreq>monthly</changefreq></url>
Gnosjö,Borgholm,1202,829,Avståndet mellan Gnosjö och Borgholm är 1202 km och Karl-Johan Gyllenstorm beräknade körtiden till cirka 829 minuter.,<url><loc>https://pendlings-app1.t-767929534-cloudflare.workers.dev/?fran=Gnosjö&amp;till=Borgholm</loc><changefreq>monthly</changefreq></url>
Luleå,Tranemo,580,420,Avståndet mellan Luleå och Tranemo är 580 km och Karl-Johan Gyllenstorm beräknade körtiden till cirka 420 minuter.,<url><loc>https://pendlings-app1.t-767929534-cloudflare.workers.dev/?fran=Luleå&amp;till=Tranemo</loc><changefreq>monthly</changefreq></url>
Nyköping,Lärbro,1416,1043,Avståndet mellan Nyköping och Lärbro är 1416 km och Karl-Johan Gyllenstorm beräknade körtiden till cirka 1043 minuter.,<url><loc>https://pendlings-app1.t-767929534-cloudflare.workers.dev/?fran=Nyköping&amp;till=Lärbro</loc><changefreq>monthly</changefreq></url>
Varberg,Ulricehamn,902,610,Avståndet mellan Varberg och Ulricehamn är 902 km och Karl-Johan Gyllenstorm beräknade körtiden till cirka 610 minuter.,<url><loc>https://pendlings-app1.t-767929534-cloudflare.workers.dev/?fran=Varberg&amp;till=Ulricehamn</loc><changefreq>monthly</changefreq></url>
Grythyttan,Älvdalen,1301,971,Avståndet mellan Grythyttan och Älvdalen är 1301 km och Karl-Johan Gyllenstorm beräknade körtiden till cirka 971 minuter.,<url><loc>https://pendlings-app1.t-767929534-cloudflare.workers.dev/?fran=Grythyttan&amp;till=Älvdalen</loc><changefreq>monthly</changefreq></url>
Grums,Sälen,817,622,Avståndet mellan Grums och Sälen är 817 km och Karl-Johan Gyllenstorm beräknade körtiden till cirka 622 minuter.,<url><loc>https://pendlings-app1.t-767929534-cloudflare.workers.dev/?fran=Grums&amp;till=Sälen</loc><changefreq>monthly</changefreq></url>
Smedjebacken,Falkenberg,1414,988,Avståndet mellan Smedjebacken och Falkenberg är 1414 km och Karl-Johan Gyllenstorm beräknade körtiden till cirka 988 minuter.,<url><loc>https://pendlings-app1.t-767929534-cloudflare.workers.dev/?fran=Smedjebacken&amp;till=Falkenberg</loc><changefreq>monthly</changefreq></url>
Falköping,Storuman,32,21,Avståndet mellan Falköping och Storuman är 32 km och Karl-Johan Gyllenstorm beräknade körtiden till cirka 21 minuter.,<url><loc>https://pendlings-app1.t-767929534-cloudflare.workers.dev/?fran=Falköping&amp;till=Storuman</loc><changefreq>monthly</changefreq></url>
Hemse,Sollefteå,935,718,Avståndet mellan Hemse och Sollefteå är 935 km och Karl-Johan Gyllenstorm beräknade körtiden till cirka 718 minuter.,<url><loc>https://pendlings-app1.t-767929534-cloudflare.workers.dev/?fran=Hemse&amp;till=Sollefteå</loc><changefreq>monthly</changefreq></url>
Landskrona,Tofta,833,549,Avståndet mellan Landskrona och Tofta är 833 km och Karl-Johan Gyllenstorm beräknade körtiden till cirka 549 minuter.,<url><loc>https://pendlings-app1.t-767929534-cloudflare.workers.dev/?fran=Landskrona&amp;till=Tofta</loc><changefreq>monthly</changefreq></url>
Gimo,Norrköping,128,84,Avståndet mellan Gimo och Norrköping är 128 km och Karl-Johan Gyllenstorm beräknade körtiden till cirka 84 minuter.,<url><loc>https://pendlings-app1.t-767929534-cloudflare.workers.dev/?fran=Gimo&amp;till=Norrköping</loc><changefreq>monthly</changefreq></url>
Åtvidaberg,Uppsala,146,101,Avståndet mellan Åtvidaberg och Uppsala är 146 km och Karl-Johan Gyllenstorm beräknade körtiden till cirka 101 minuter.,<url><loc>https://pendlings-app1.t-767929534-cloudflare.workers.dev/?fran=Åtvidaberg&amp;till=Uppsala</loc><changefreq>monthly</changefreq></url>
Hofors,Habon,313,225,Avståndet mellan Hofors och Habon är 313 km och Karl-Johan Gyllenstorm beräknade körtiden till cirka 225 minuter.,<url><loc>https://pendlings-app1.t-767929534-cloudflare.workers.dev/?fran=Hofors&amp;till=Habon</loc><changefreq>monthly</changefreq></url>
Bollebygd,Hultsfred,811,586,Avståndet mellan Bollebygd och Hultsfred är 811 km och Karl-Johan Gyllenstorm beräknade körtiden till cirka 586 minuter.,<url><loc>https://pendlings-app1.t-767929534-cloudflare.workers.dev/?fran=Bollebygd&amp;till=Hultsfred</loc><changefreq>monthly</changefreq></url>
Mariestad,Rättvik,40,31,Avståndet mellan Mariestad och Rättvik är 40 km och Karl-Johan Gyllenstorm beräknade körtiden till cirka 31 minuter.,<url><loc>https://pendlings-app1.t-767929534-cloudflare.workers.dev/?fran=Mariestad&amp;till=Rättvik</loc><changefreq>monthly</changefreq></url>
Vibble,Norberg,685,500,Avståndet mellan Vibble och Norberg är 685 km och Karl-Johan Gyllenstorm beräknade körtiden till cirka 500 minuter.,<url><loc>https://pendlings-app1.t-767929534-cloudflare.workers.dev/?fran=Vibble&amp;till=Norberg</loc><changefreq>monthly</changefreq></url>
Härnösand,Falköping,677,453,Avståndet mellan Härnösand och Falköping är 677 km och Karl-Johan Gyllenstorm beräknade körtiden till cirka 453 minuter.,<url><loc>https://pendlings-app1.t-767929534-cloudflare.workers.dev/?fran=Härnösand&amp;till=Falköping</loc><changefreq>monthly</changefreq></url>
Essunga,Landskrona,1426,1005,Avståndet mellan Essunga och Landskrona är 1426 km och Karl-Johan Gyllenstorm beräknade körtiden till cirka 1005 minuter.,<url><loc>https://pendlings-app1.t-767929534-cloudflare.workers.dev/?fran=Essunga&amp;till=Landskrona</loc><changefreq>monthly</changefreq></url>
Halmstad,Gnestad,593,436,Avståndet mellan Halmstad och Gnestad är 593 km och Karl-Johan Gyllenstorm beräknade körtiden till cirka 436 minuter.,<url><loc>https://pendlings-app1.t-767929534-cloudflare.workers.dev/?fran=Halmstad&amp;till=Gnestad</loc><changefreq>monthly</changefreq></url>
Hofors,Roma,1387,890,Avståndet mellan Hofors och Roma är 1387 km och Karl-Johan Gyllenstorm beräknade körtiden till cirka 890 minuter.,<url><loc>https://pendlings-app1.t-767929534-cloudflare.workers.dev/?fran=Hofors&amp;till=Roma</loc><changefreq>monthly</changefreq></url>
Herrljunga,Kävlinge,841,620,Avståndet mellan Herrljunga och Kävlinge är 841 km och Karl-Johan Gyllenstorm beräknade körtiden till cirka 620 minuter.,<url><loc>https://pendlings-app1.t-767929534-cloudflare.workers.dev/?fran=Herrljunga&amp;till=Kävlinge</loc><changefreq>monthly</changefreq></url>
Jokkmokk,Leksand,759,491,Avståndet mellan Jokkmokk och Leksand är 759 km och Karl-Johan Gyllenstorm beräknade körtiden till cirka 491 minuter.,<url><loc>https://pendlings-app1.t-767929534-cloudflare.workers.dev/?fran=Jokkmokk&amp;till=Leksand</loc><changefreq>monthly</changefreq></url>
Falköping,Årjäng,746,581,Avståndet mellan Falköping och Årjäng är 746 km och Karl-Johan Gyllenstorm beräknade körtiden till cirka 581 minuter.,<url><loc>https://pendlings-app1.t-767929534-cloudflare.workers.dev/?fran=Falköping&amp;till=Årjäng</loc><changefreq>monthly</changefreq></url>
Hagfors,Kils,377,282,Avståndet mellan Hagfors och Kils är 377 km och Karl-Johan Gyllenstorm beräknade körtiden till cirka 282 minuter.,<url><loc>https://pendlings-app1.t-767929534-cloudflare.workers.dev/?fran=Hagfors&amp;till=Kils</loc><changefreq>monthly</changefreq></url>
Halmstad,Åsele,907,676,Avståndet mellan Halmstad och Åsele är 907 km och Karl-Johan Gyllenstorm beräknade körtiden till cirka 676 minuter.,<url><loc>https://pendlings-app1.t-767929534-cloudflare.workers.dev/?fran=Halmstad&amp;till=Åsele</loc><changefreq>monthly</changefreq></url>
Vara,Tierp,39,31,Avståndet mellan Vara och Tierp är 39 km och Karl-Johan Gyllenstorm beräknade körtiden till cirka 31 minuter.,<url><loc>https://pendlings-app1.t-767929534-cloudflare.workers.dev/?fran=Vara&amp;till=Tierp</loc><changefreq>monthly</changefreq></url>
Oxelösund,Storfors,1097,784,Avståndet mellan Oxelösund och Storfors är 1097 km och Karl-Johan Gyllenstorm beräknade körtiden till cirka 784 minuter.,<url><loc>https://pendlings-app1.t-767929534-cloudflare.workers.dev/?fran=Oxelösund&amp;till=Storfors</loc><changefreq>monthly</changefreq></url>
Mörbylånga,Vårgårda,1092,722,Avståndet mellan Mörbylånga och Vårgårda är 1092 km och Karl-Johan Gyllenstorm beräknade körtiden till cirka 722 minuter.,<url><loc>https://pendlings-app1.t-767929534-cloudflare.workers.dev/?fran=Mörbylånga&amp;till=Vårgårda</loc><changefreq>monthly</changefreq></url>
Strömstad,Norberg,874,575,Avståndet mellan Strömstad och Norberg är 874 km och Karl-Johan Gyllenstorm beräknade körtiden till cirka 575 minuter.,<url><loc>https://pendlings-app1.t-767929534-cloudflare.workers.dev/?fran=Strömstad&amp;till=Norberg</loc><changefreq>monthly</changefreq></url>
Tranemo,Torsby,296,220,Avståndet mellan Tranemo och Torsby är 296 km och Karl-Johan Gyllenstorm beräknade körtiden till cirka 220 minuter.,<url><loc>https://pendlings-app1.t-767929534-cloudflare.workers.dev/?fran=Tranemo&amp;till=Torsby</loc><changefreq>monthly</changefreq></url>
Lund,Gullspång,142,104,Avståndet mellan Lund och Gullspång är 142 km och Karl-Johan Gyllenstorm beräknade körtiden till cirka 104 minuter.,<url><loc>https://pendlings-app1.t-767929534-cloudflare.workers.dev/?fran=Lund&amp;till=Gullspång</loc><changefreq>monthly</changefreq></url>
Smedjebacken,Stånga,874,634,Avståndet mellan Smedjebacken och Stånga är 874 km och Karl-Johan Gyllenstorm beräknade körtiden till cirka 634 minuter.,<url><loc>https://pendlings-app1.t-767929534-cloudflare.workers.dev/?fran=Smedjebacken&amp;till=Stånga</loc><changefreq>monthly</changefreq></url>
Linköping,Tibro,547,403,Avståndet mellan Linköping och Tibro är 547 km och Karl-Johan Gyllenstorm beräknade körtiden till cirka 403 minuter.,<url><loc>https://pendlings-app1.t-767929534-cloudflare.workers.dev/?fran=Linköping&amp;till=Tibro</loc><changefreq>monthly</changefreq></url>
Eskilstuna,Tingstäde,340,260,Avståndet mellan Eskilstuna och Tingstäde är 340 km och Karl-Johan Gyllenstorm beräknade körtiden till cirka 260 minuter.,<url><loc>https://pendlings-app1.t-767929534-cloudflare.workers.dev/?fran=Eskilstuna&amp;till=Tingstäde</loc><changefreq>monthly</changefreq></url>
Tranemo,Lidköping,550,358,Avståndet mellan Tranemo och Lidköping är 550 km och Karl-Johan Gyllenstorm beräknade körtiden till cirka 358 minuter.,<url><loc>https://pendlings-app1.t-767929534-cloudflare.workers.dev/?fran=Tranemo&amp;till=Lidköping</loc><changefreq>monthly</changefreq></url>
Köping,Knivsta,557,438,Avståndet mellan Köping och Knivsta är 557 km och Karl-Johan Gyllenstorm beräknade körtiden till cirka 438 minuter.,<url><loc>https://pendlings-app1.t-767929534-cloudflare.workers.dev/?fran=Köping&amp;till=Knivsta</loc><changefreq>monthly</changefreq></url>
Herrljunga,Ronneby,1074,743,Avståndet mellan Herrljunga och Ronneby är 1074 km och Karl-Johan Gyllenstorm beräknade körtiden till cirka 743 minuter.,<url><loc>https://pendlings-app1.t-767929534-cloudflare.workers.dev/?fran=Herrljunga&amp;till=Ronneby</loc><changefreq>monthly</changefreq></url>
Borlänge,Strängnäs,992,635,Avståndet mellan Borlänge och Strängnäs är 992 km och Karl-Johan Gyllenstorm beräknade körtiden till cirka 635 minuter.,<url><loc>https://pendlings-app1.t-767929534-cloudflare.workers.dev/?fran=Borlänge&amp;till=Strängnäs</loc><changefreq>monthly</changefreq></url>
Pajala,Söderhamn,35,27,Avståndet mellan Pajala och Söderhamn är 35 km och Karl-Johan Gyllenstorm beräknade körtiden till cirka 27 minuter.,<url><loc>https://pendlings-app1.t-767929534-cloudflare.workers.dev/?fran=Pajala&amp;till=Söderhamn</loc><changefreq>monthly</changefreq></url>
Åtvidaberg,Älvdalen,438,333,Avståndet mellan Åtvidaberg och Älvdalen är 438 km och Karl-Johan Gyllenstorm beräknade körtiden till cirka 333 minuter.,<url><loc>https://pendlings-app1.t-767929534-cloudflare.workers.dev/?fran=Åtvidaberg&amp;till=Älvdalen</loc><changefreq>monthly</changefreq></url>
Ed,Bengtsfors,857,551,Avståndet mellan Ed och Bengtsfors är 857 km och Karl-Johan Gyllenstorm beräknade körtiden till cirka 551 minuter.,<url><loc>https://pendlings-app1.t-767929534-cloudflare.workers.dev/?fran=Ed&amp;till=Bengtsfors</loc><changefreq>monthly</changefreq></url>
Tibro,Svedala,897,714,Avståndet mellan Tibro och Svedala är 897 km och Karl-Johan Gyllenstorm beräknade körtiden till cirka 714 minuter.,<url><loc>https://pendlings-app1.t-767929534-cloudflare.workers.dev/?fran=Tibro&amp;till=Svedala</loc><changefreq>monthly</changefreq></url>
Lärbro,Kinda,502,328,Avståndet mellan Lärbro och Kinda är 502 km och Karl-Johan Gyllenstorm beräknade körtiden till cirka 328 minuter.,<url><loc>https://pendlings-app1.t-767929534-cloudflare.workers.dev/?fran=Lärbro&amp;till=Kinda</loc><changefreq>monthly</changefreq></url>
Härnösand,Nordanstig,987,641,Avståndet mellan Härnösand och Nordanstig är 987 km och Karl-Johan Gyllenstorm beräknade körtiden till cirka 641 minuter.,<url><loc>https://pendlings-app1.t-767929534-cloudflare.workers.dev/?fran=Härnösand&amp;till=Nordanstig</loc><changefreq>monthly</changefreq></url>
Boxholm,Bjuv,155,111,Avståndet mellan Boxholm och Bjuv är 155 km och Karl-Johan Gyllenstorm beräknade körtiden till cirka 111 minuter.,<url><loc>https://pendlings-app1.t-767929534-cloudflare.workers.dev/?fran=Boxholm&amp;till=Bjuv</loc><changefreq>monthly</changefreq></url>
Kristianstad,Ludvika,527,380,Avståndet mellan Kristianstad och Ludvika är 527 km och Karl-Johan Gyllenstorm beräknade körtiden till cirka 380 minuter.,<url><loc>https://pendlings-app1.t-767929534-cloudflare.workers.dev/?fran=Kristianstad&amp;till=Ludvika</loc><changefreq>monthly</changefreq></url>
Kiruna,Kristinehamn,118,76,Avståndet mellan Kiruna och Kristinehamn är 118 km och Karl-Johan Gyllenstorm beräknade körtiden till cirka 76 minuter.,<url><loc>https://pendlings-app1.t-767929534-cloudflare.workers.dev/?fran=Kiruna&amp;till=Kristinehamn</loc><changefreq>monthly</changefreq></url>
Roma,Borgholm,635,418,Avståndet mellan Roma och Borgholm är 635 km och Karl-Johan Gyllenstorm beräknade körtiden till cirka 418 minuter.,<url><loc>https://pendlings-app1.t-767929534-cloudflare.workers.dev/?fran=Roma&amp;till=Borgholm</loc><changefreq>monthly</changefreq></url>
Perstorp,Färjestaden,573,440,Avståndet mellan Perstorp och Färjestaden är 573 km och Karl-Johan Gyllenstorm beräknade körtiden till cirka 440 minuter.,<url><loc>https://pendlings-app1.t-767929534-cloudflare.workers.dev/?fran=Perstorp&amp;till=Färjestaden</loc><changefreq>monthly</changefreq></url>
Alingsås,Ronehamn,459,323,Avståndet mellan Alingsås och Ronehamn är 459 km och Karl-Johan Gyllenstorm beräknade körtiden till cirka 323 minuter.,<url><loc>https://pendlings-app1.t-767929534-cloudflare.workers.dev/?fran=Alingsås&amp;till=Ronehamn</loc><changefreq>monthly</changefreq></url>
Vellinge,Sotenäs,867,683,Avståndet mellan Vellinge och Sotenäs är 867 km och Karl-Johan Gyllenstorm beräknade körtiden till cirka 683 minuter.,<url><loc>https://pendlings-app1.t-767929534-cloudflare.workers.dev/?fran=Vellinge&amp;till=Sotenäs</loc><changefreq>monthly</changefreq></url>
Skutskär,Aneby,117,77,Avståndet mellan Skutskär och Aneby är 117 km och Karl-Johan Gyllenstorm beräknade körtiden till cirka 77 minuter.,<url><loc>https://pendlings-app1.t-767929534-cloudflare.workers.dev/?fran=Skutskär&amp;till=Aneby</loc><changefreq>monthly</changefreq></url>
Falun,Leksand,706,473,Avståndet mellan Falun och Leksand är 706 km och Karl-Johan Gyllenstorm beräknade körtiden till cirka 473 minuter.,<url><loc>https://pendlings-app1.t-767929534-cloudflare.workers.dev/?fran=Falun&amp;till=Leksand</loc><changefreq>monthly</changefreq></url>
Oskarshamn,Svenljunga,1132,779,Avståndet mellan Oskarshamn och Svenljunga är 1132 km och Karl-Johan Gyllenstorm beräknade körtiden till cirka 779 minuter.,<url><loc>https://pendlings-app1.t-767929534-cloudflare.workers.dev/?fran=Oskarshamn&amp;till=Svenljunga</loc><changefreq>monthly</changefreq></url>
Malung,Hörby,1120,846,Avståndet mellan Malung och Hörby är 1120 km och Karl-Johan Gyllenstorm beräknade körtiden till cirka 846 minuter.,<url><loc>https://pendlings-app1.t-767929534-cloudflare.workers.dev/?fran=Malung&amp;till=Hörby</loc><changefreq>monthly</changefreq></url>
Roma,Strömstad,1271,842,Avståndet mellan Roma och Strömstad är 1271 km och Karl-Johan Gyllenstorm beräknade körtiden till cirka 842 minuter.,<url><loc>https://pendlings-app1.t-767929534-cloudflare.workers.dev/?fran=Roma&amp;till=Strömstad</loc><changefreq>monthly</changefreq></url>
Malå,Umeå,594,396,Avståndet mellan Malå och Umeå är 594 km och Karl-Johan Gyllenstorm beräknade körtiden till cirka 396 minuter.,<url><loc>https://pendlings-app1.t-767929534-cloudflare.workers.dev/?fran=Malå&amp;till=Umeå</loc><changefreq>monthly</changefreq></url>
Gnosjö,Årjäng,460,343,Avståndet mellan Gnosjö och Årjäng är 460 km och Karl-Johan Gyllenstorm beräknade körtiden till cirka 343 minuter.,<url><loc>https://pendlings-app1.t-767929534-cloudflare.workers.dev/?fran=Gnosjö&amp;till=Årjäng</loc><changefreq>monthly</changefreq></url>
Mjölby,Ljusdal,1209,964,Avståndet mellan Mjölby och Ljusdal är 1209 km och Karl-Johan Gyllenstorm beräknade körtiden till cirka 964 minuter.,<url><loc>https://pendlings-app1.t-767929534-cloudflare.workers.dev/?fran=Mjölby&amp;till=Ljusdal</loc><changefreq>monthly</changefreq></url>
Katrineholm,Krokom,912,624,Avståndet mellan Katrineholm och Krokom är 912 km och Karl-Johan Gyllenstorm beräknade körtiden till cirka 624 minuter.,<url><loc>https://pendlings-app1.t-767929534-cloudflare.workers.dev/?fran=Katrineholm&amp;till=Krokom</loc><changefreq>monthly</changefreq></url>
Varberg,Surahammar,1268,900,Avståndet mellan Varberg och Surahammar är 1268 km och Karl-Johan Gyllenstorm beräknade körtiden till cirka 900 minuter.,<url><loc>https://pendlings-app1.t-767929534-cloudflare.workers.dev/?fran=Varberg&amp;till=Surahammar</loc><changefreq>monthly</changefreq></url>
Degerfors,Kramfors,1017,661,Avståndet mellan Degerfors och Kramfors är 1017 km och Karl-Johan Gyllenstorm beräknade körtiden till cirka 661 minuter.,<url><loc>https://pendlings-app1.t-767929534-cloudflare.workers.dev/?fran=Degerfors&amp;till=Kramfors</loc><changefreq>monthly</changefreq></url>
Åre,Östhammar,1204,781,Avståndet mellan Åre och Östhammar är 1204 km och Karl-Johan Gyllenstorm beräknade körtiden till cirka 781 minuter.,<url><loc>https://pendlings-app1.t-767929534-cloudflare.workers.dev/?fran=Åre&amp;till=Östhammar</loc><changefreq>monthly</changefreq></url>
Hagfors,Örkelljunga,301,197,Avståndet mellan Hagfors och Örkelljunga är 301 km och Karl-Johan Gyllenstorm beräknade körtiden till cirka 197 minuter.,<url><loc>https://pendlings-app1.t-767929534-cloudflare.workers.dev/?fran=Hagfors&amp;till=Örkelljunga</loc><changefreq>monthly</changefreq></url>
Karlskoga,Svenljunga,714,452,Avståndet mellan Karlskoga och Svenljunga är 714 km och Karl-Johan Gyllenstorm beräknade körtiden till cirka 452 minuter.,<url><loc>https://pendlings-app1.t-767929534-cloudflare.workers.dev/?fran=Karlskoga&amp;till=Svenljunga</loc><changefreq>monthly</changefreq></url>
Grästorp,Bålsta,1162,867,Avståndet mellan Grästorp och Bålsta är 1162 km och Karl-Johan Gyllenstorm beräknade körtiden till cirka 867 minuter.,<url><loc>https://pendlings-app1.t-767929534-cloudflare.workers.dev/?fran=Grästorp&amp;till=Bålsta</loc><changefreq>monthly</changefreq></url>
Stockholm,Vårgårda,454,331,Avståndet mellan Stockholm och Vårgårda är 454 km och Karl-Johan Gyllenstorm beräknade körtiden till cirka 331 minuter.,<url><loc>https://pendlings-app1.t-767929534-cloudflare.workers.dev/?fran=Stockholm&amp;till=Vårgårda</loc><changefreq>monthly</changefreq></url>
Nora,Laxå,1273,950,Avståndet mellan Nora och Laxå är 1273 km och Karl-Johan Gyllenstorm beräknade körtiden till cirka 950 minuter.,<url><loc>https://pendlings-app1.t-767929534-cloudflare.workers.dev/?fran=Nora&amp;till=Laxå</loc><changefreq>monthly</changefreq></url>
Höganäs,Torsby,51,38,Avståndet mellan Höganäs och Torsby är 51 km och Karl-Johan Gyllenstorm beräknade körtiden till cirka 38 minuter.,<url><loc>https://pendlings-app1.t-767929534-cloudflare.workers.dev/?fran=Höganäs&amp;till=Torsby</loc><changefreq>monthly</changefreq></url>
Kils,Tibro,111,79,Avståndet mellan Kils och Tibro är 111 km och Karl-Johan Gyllenstorm beräknade körtiden till cirka 79 minuter.,<url><loc>https://pendlings-app1.t-767929534-cloudflare.workers.dev/?fran=Kils&amp;till=Tibro</loc><changefreq>monthly</changefreq></url>
Gnosjö,Nybro,749,499,Avståndet mellan Gnosjö och Nybro är 749 km och Karl-Johan Gyllenstorm beräknade körtiden till cirka 499 minuter.,<url><loc>https://pendlings-app1.t-767929534-cloudflare.workers.dev/?fran=Gnosjö&amp;till=Nybro</loc><changefreq>monthly</changefreq></url>
Gullspång,Klippan,798,532,Avståndet mellan Gullspång och Klippan är 798 km och Karl-Johan Gyllenstorm beräknade körtiden till cirka 532 minuter.,<url><loc>https://pendlings-app1.t-767929534-cloudflare.workers.dev/?fran=Gullspång&amp;till=Klippan</loc><changefreq>monthly</changefreq></url>
Falkenberg,Örkelljunga,1032,765,Avståndet mellan Falkenberg och Örkelljunga är 1032 km och Karl-Johan Gyllenstorm beräknade körtiden till cirka 765 minuter.,<url><loc>https://pendlings-app1.t-767929534-cloudflare.workers.dev/?fran=Falkenberg&amp;till=Örkelljunga</loc><changefreq>monthly</changefreq></url>
Uddevalla,Oskarshamn,1068,678,Avståndet mellan Uddevalla och Oskarshamn är 1068 km och Karl-Johan Gyllenstorm beräknade körtiden till cirka 678 minuter.,<url><loc>https://pendlings-app1.t-767929534-cloudflare.workers.dev/?fran=Uddevalla&amp;till=Oskarshamn</loc><changefreq>monthly</changefreq></url>
Surahammar,Halmstad,54,37,Avståndet mellan Surahammar och Halmstad är 54 km och Karl-Johan Gyllenstorm beräknade körtiden till cirka 37 minuter.,<url><loc>https://pendlings-app1.t-767929534-cloudflare.workers.dev/?fran=Surahammar&amp;till=Halmstad</loc><changefreq>monthly</changefreq></url>
Skellefteå,Ånge,1045,714,Avståndet mellan Skellefteå och Ånge är 1045 km och Karl-Johan Gyllenstorm beräknade körtiden till cirka 714 minuter.,<url><loc>https://pendlings-app1.t-767929534-cloudflare.workers.dev/?fran=Skellefteå&amp;till=Ånge</loc><changefreq>monthly</changefreq></url>
Storuman,Lärbro,481,334,Avståndet mellan Storuman och Lärbro är 481 km och Karl-Johan Gyllenstorm beräknade körtiden till cirka 334 minuter.,<url><loc>https://pendlings-app1.t-767929534-cloudflare.workers.dev/?fran=Storuman&amp;till=Lärbro</loc><changefreq>monthly</changefreq></url>
Orsa,Malmö,1411,1123,Avståndet mellan Orsa och Malmö är 1411 km och Karl-Johan Gyllenstorm beräknade körtiden till cirka 1123 minuter.,<url><loc>https://pendlings-app1.t-767929534-cloudflare.workers.dev/?fran=Orsa&amp;till=Malmö</loc><changefreq>monthly</changefreq></url>
Falun,Tofta,714,494,Avståndet mellan Falun och Tofta är 714 km och Karl-Johan Gyllenstorm beräknade körtiden till cirka 494 minuter.,<url><loc>https://pendlings-app1.t-767929534-cloudflare.workers.dev/?fran=Falun&amp;till=Tofta</loc><changefreq>monthly</changefreq></url>
Askersund,Hyltebruk,1311,872,Avståndet mellan Askersund och Hyltebruk är 1311 km och Karl-Johan Gyllenstorm beräknade körtiden till cirka 872 minuter.,<url><loc>https://pendlings-app1.t-767929534-cloudflare.workers.dev/?fran=Askersund&amp;till=Hyltebruk</loc><changefreq>monthly</changefreq></url>
Gnestad,Burgsvik,117,90,Avståndet mellan Gnestad och Burgsvik är 117 km och Karl-Johan Gyllenstorm beräknade körtiden till cirka 90 minuter.,<url><loc>https://pendlings-app1.t-767929534-cloudflare.workers.dev/?fran=Gnestad&amp;till=Burgsvik</loc><changefreq>monthly</changefreq></url>
Skurup,Kiruna,910,728,Avståndet mellan Skurup och Kiruna är 910 km och Karl-Johan Gyllenstorm beräknade körtiden till cirka 728 minuter.,<url><loc>https://pendlings-app1.t-767929534-cloudflare.workers.dev/?fran=Skurup&amp;till=Kiruna</loc><changefreq>monthly</changefreq></url>
Hässleholm,Säffle,1288,966,Avståndet mellan Hässleholm och Säffle är 1288 km och Karl-Johan Gyllenstorm beräknade körtiden till cirka 966 minuter.,<url><loc>https://pendlings-app1.t-767929534-cloudflare.workers.dev/?fran=Hässleholm&amp;till=Säffle</loc><changefreq>monthly</changefreq></url>
Burgsvik,Boxholm,326,222,Avståndet mellan Burgsvik och Boxholm är 326 km och Karl-Johan Gyllenstorm beräknade körtiden till cirka 222 minuter.,<url><loc>https://pendlings-app1.t-767929534-cloudflare.workers.dev/?fran=Burgsvik&amp;till=Boxholm</loc><changefreq>monthly</changefreq></url>
Skutskär,Gävle,115,76,Avståndet mellan Skutskär och Gävle är 115 km och Karl-Johan Gyllenstorm beräknade körtiden till cirka 76 minuter.,<url><loc>https://pendlings-app1.t-767929534-cloudflare.workers.dev/?fran=Skutskär&amp;till=Gävle</loc><changefreq>monthly</changefreq></url>
Vimmerby,Lidköping,209,153,Avståndet mellan Vimmerby och Lidköping är 209 km och Karl-Johan Gyllenstorm beräknade körtiden till cirka 153 minuter.,<url><loc>https://pendlings-app1.t-767929534-cloudflare.workers.dev/?fran=Vimmerby&amp;till=Lidköping</loc><changefreq>monthly</changefreq></url>
Karlskoga,Emmaboda,1111,766,Avståndet mellan Karlskoga och Emmaboda är 1111 km och Karl-Johan Gyllenstorm beräknade körtiden till cirka 766 minuter.,<url><loc>https://pendlings-app1.t-767929534-cloudflare.workers.dev/?fran=Karlskoga&amp;till=Emmaboda</loc><changefreq>monthly</changefreq></url>
Hässleholm,Ydre,311,229,Avståndet mellan Hässleholm och Ydre är 311 km och Karl-Johan Gyllenstorm beräknade körtiden till cirka 229 minuter.,<url><loc>https://pendlings-app1.t-767929534-cloudflare.workers.dev/?fran=Hässleholm&amp;till=Ydre</loc><changefreq>monthly</changefreq></url>
Kalmar,Essunga,599,412,Avståndet mellan Kalmar och Essunga är 599 km och Karl-Johan Gyllenstorm beräknade körtiden till cirka 412 minuter.,<url><loc>https://pendlings-app1.t-767929534-cloudflare.workers.dev/?fran=Kalmar&amp;till=Essunga</loc><changefreq>monthly</changefreq></url>
Kiruna,Ystad,60,43,Avståndet mellan Kiruna och Ystad är 60 km och Karl-Johan Gyllenstorm beräknade körtiden till cirka 43 minuter.,<url><loc>https://pendlings-app1.t-767929534-cloudflare.workers.dev/?fran=Kiruna&amp;till=Ystad</loc><changefreq>monthly</changefreq></url>
Fårösund,Ockelbo,664,510,Avståndet mellan Fårösund och Ockelbo är 664 km och Karl-Johan Gyllenstorm beräknade körtiden till cirka 510 minuter.,<url><loc>https://pendlings-app1.t-767929534-cloudflare.workers.dev/?fran=Fårösund&amp;till=Ockelbo</loc><changefreq>monthly</changefreq></url>
Högsby,Sollefteå,490,382,Avståndet mellan Högsby och Sollefteå är 490 km och Karl-Johan Gyllenstorm beräknade körtiden till cirka 382 minuter.,<url><loc>https://pendlings-app1.t-767929534-cloudflare.workers.dev/?fran=Högsby&amp;till=Sollefteå</loc><changefreq>monthly</changefreq></url>
Herrljunga,Mörbylånga,926,629,Avståndet mellan Herrljunga och Mörbylånga är 926 km och Karl-Johan Gyllenstorm beräknade körtiden till cirka 629 minuter.,<url><loc>https://pendlings-app1.t-767929534-cloudflare.workers.dev/?fran=Herrljunga&amp;till=Mörbylånga</loc><changefreq>monthly</changefreq></url>
Kramfors,Landskrona,989,735,Avståndet mellan Kramfors och Landskrona är 989 km och Karl-Johan Gyllenstorm beräknade körtiden till cirka 735 minuter.,<url><loc>https://pendlings-app1.t-767929534-cloudflare.workers.dev/?fran=Kramfors&amp;till=Landskrona</loc><changefreq>monthly</changefreq></url>
Västervik,Sävsjö,919,655,Avståndet mellan Västervik och Sävsjö är 919 km och Karl-Johan Gyllenstorm beräknade körtiden till cirka 655 minuter.,<url><loc>https://pendlings-app1.t-767929534-cloudflare.workers.dev/?fran=Västervik&amp;till=Sävsjö</loc><changefreq>monthly</changefreq></url>
Övertorneå,Ystad,1273,928,Avståndet mellan Övertorneå och Ystad är 1273 km och Karl-Johan Gyllenstorm beräknade körtiden till cirka 928 minuter.,<url><loc>https://pendlings-app1.t-767929534-cloudflare.workers.dev/?fran=Övertorneå&amp;till=Ystad</loc><changefreq>monthly</changefreq></url>
Uppsala,Kinda,257,175,Avståndet mellan Uppsala och Kinda är 257 km och Karl-Johan Gyllenstorm beräknade körtiden till cirka 175 minuter.,<url><loc>https://pendlings-app1.t-767929534-cloudflare.workers.dev/?fran=Uppsala&amp;till=Kinda</loc><changefreq>monthly</changefreq></url>
Timrå,Svalöv,161,113,Avståndet mellan Timrå och Svalöv är 161 km och Karl-Johan Gyllenstorm beräknade körtiden till cirka 113 minuter.,<url><loc>https://pendlings-app1.t-767929534-cloudflare.workers.dev/?fran=Timrå&amp;till=Svalöv</loc><changefreq>monthly</changefreq></url>
Trollhättan,Havdhem,896,599,Avståndet mellan Trollhättan och Havdhem är 896 km och Karl-Johan Gyllenstorm beräknade körtiden till cirka 599 minuter.,<url><loc>https://pendlings-app1.t-767929534-cloudflare.workers.dev/?fran=Trollhättan&amp;till=Havdhem</loc><changefreq>monthly</changefreq></url>
Söderhamn,Herrljunga,1431,1005,Avståndet mellan Söderhamn och Herrljunga är 1431 km och Karl-Johan Gyllenstorm beräknade körtiden till cirka 1005 minuter.,<url><loc>https://pendlings-app1.t-767929534-cloudflare.workers.dev/?fran=Söderhamn&amp;till=Herrljunga</loc><changefreq>monthly</changefreq></url>
Grythyttan,Kalmar,350,266,Avståndet mellan Grythyttan och Kalmar är 350 km och Karl-Johan Gyllenstorm beräknade körtiden till cirka 266 minuter.,<url><loc>https://pendlings-app1.t-767929534-cloudflare.workers.dev/?fran=Grythyttan&amp;till=Kalmar</loc><changefreq>monthly</changefreq></url>
Hörby,Boden,1050,737,Avståndet mellan Hörby och Boden är 1050 km och Karl-Johan Gyllenstorm beräknade körtiden till cirka 737 minuter.,<url><loc>https://pendlings-app1.t-767929534-cloudflare.workers.dev/?fran=Hörby&amp;till=Boden</loc><changefreq>monthly</changefreq></url>
Huddinge,Vetlanda,289,189,Avståndet mellan Huddinge och Vetlanda är 289 km och Karl-Johan Gyllenstorm beräknade körtiden till cirka 189 minuter.,<url><loc>https://pendlings-app1.t-767929534-cloudflare.workers.dev/?fran=Huddinge&amp;till=Vetlanda</loc><changefreq>monthly</changefreq></url>
Orsa,Älvkarleby,680,450,Avståndet mellan Orsa och Älvkarleby är 680 km och Karl-Johan Gyllenstorm beräknade körtiden till cirka 450 minuter.,<url><loc>https://pendlings-app1.t-767929534-cloudflare.workers.dev/?fran=Orsa&amp;till=Älvkarleby</loc><changefreq>monthly</changefreq></url>
Gullspång,Jokkmokk,1089,707,Avståndet mellan Gullspång och Jokkmokk är 1089 km och Karl-Johan Gyllenstorm beräknade körtiden till cirka 707 minuter.,<url><loc>https://pendlings-app1.t-767929534-cloudflare.workers.dev/?fran=Gullspång&amp;till=Jokkmokk</loc><changefreq>monthly</changefreq></url>
Surahammar,Bräcke,1078,710,Avståndet mellan Surahammar och Bräcke är 1078 km och Karl-Johan Gyllenstorm beräknade körtiden till cirka 710 minuter.,<url><loc>https://pendlings-app1.t-767929534-cloudflare.workers.dev/?fran=Surahammar&amp;till=Bräcke</loc><changefreq>monthly</changefreq></url>
Staffanstorp,Sotenäs,591,460,Avståndet mellan Staffanstorp och Sotenäs är 591 km och Karl-Johan Gyllenstorm beräknade körtiden till cirka 460 minuter.,<url><loc>https://pendlings-app1.t-767929534-cloudflare.workers.dev/?fran=Staffanstorp&amp;till=Sotenäs</loc><changefreq>monthly</changefreq></url>
Laxå,Ragunda,885,679,Avståndet mellan Laxå och Ragunda är 885 km och Karl-Johan Gyllenstorm beräknade körtiden till cirka 679 minuter.,<url><loc>https://pendlings-app1.t-767929534-cloudflare.workers.dev/?fran=Laxå&amp;till=Ragunda</loc><changefreq>monthly</changefreq></url>
Lekeberg,Munkedal,1349,896,Avståndet mellan Lekeberg och Munkedal är 1349 km och Karl-Johan Gyllenstorm beräknade körtiden till cirka 896 minuter.,<url><loc>https://pendlings-app1.t-767929534-cloudflare.workers.dev/?fran=Lekeberg&amp;till=Munkedal</loc><changefreq>monthly</changefreq></url>
Skinnskatteberg,Bollnäs,369,234,Avståndet mellan Skinnskatteberg och Bollnäs är 369 km och Karl-Johan Gyllenstorm beräknade körtiden till cirka 234 minuter.,<url><loc>https://pendlings-app1.t-767929534-cloudflare.workers.dev/?fran=Skinnskatteberg&amp;till=Bollnäs</loc><changefreq>monthly</changefreq></url>
Surahammar,Gnosjö,904,717,Avståndet mellan Surahammar och Gnosjö är 904 km och Karl-Johan Gyllenstorm beräknade körtiden till cirka 717 minuter.,<url><loc>https://pendlings-app1.t-767929534-cloudflare.workers.dev/?fran=Surahammar&amp;till=Gnosjö</loc><changefreq>monthly</changefreq></url>
Enköping,Hultsfred,1341,979,Avståndet mellan Enköping och Hultsfred är 1341 km och Karl-Johan Gyllenstorm beräknade körtiden till cirka 979 minuter.,<url><loc>https://pendlings-app1.t-767929534-cloudflare.workers.dev/?fran=Enköping&amp;till=Hultsfred</loc><changefreq>monthly</changefreq></url>
Eslöv,Gullspång,1148,835,Avståndet mellan Eslöv och Gullspång är 1148 km och Karl-Johan Gyllenstorm beräknade körtiden till cirka 835 minuter.,<url><loc>https://pendlings-app1.t-767929534-cloudflare.workers.dev/?fran=Eslöv&amp;till=Gullspång</loc><changefreq>monthly</changefreq></url>
Huddinge,Askersund,1300,865,Avståndet mellan Huddinge och Askersund är 1300 km och Karl-Johan Gyllenstorm beräknade körtiden till cirka 865 minuter.,<url><loc>https://pendlings-app1.t-767929534-cloudflare.workers.dev/?fran=Huddinge&amp;till=Askersund</loc><changefreq>monthly</changefreq></url>
Klippan,Ånge,364,259,Avståndet mellan Klippan och Ånge är 364 km och Karl-Johan Gyllenstorm beräknade körtiden till cirka 259 minuter.,<url><loc>https://pendlings-app1.t-767929534-cloudflare.workers.dev/?fran=Klippan&amp;till=Ånge</loc><changefreq>monthly</changefreq></url>
Falköping,Halmstad,1009,749,Avståndet mellan Falköping och Halmstad är 1009 km och Karl-Johan Gyllenstorm beräknade körtiden till cirka 749 minuter.,<url><loc>https://pendlings-app1.t-767929534-cloudflare.workers.dev/?fran=Falköping&amp;till=Halmstad</loc><changefreq>monthly</changefreq></url>
Mjölby,Båstad,1082,820,Avståndet mellan Mjölby och Båstad är 1082 km och Karl-Johan Gyllenstorm beräknade körtiden till cirka 820 minuter.,<url><loc>https://pendlings-app1.t-767929534-cloudflare.workers.dev/?fran=Mjölby&amp;till=Båstad</loc><changefreq>monthly</changefreq></url>
Borgholm,Ragunda,933,710,Avståndet mellan Borgholm och Ragunda är 933 km och Karl-Johan Gyllenstorm beräknade körtiden till cirka 710 minuter.,<url><loc>https://pendlings-app1.t-767929534-cloudflare.workers.dev/?fran=Borgholm&amp;till=Ragunda</loc><changefreq>monthly</changefreq></url>
Skellefteå,Sotenäs,30,22,Avståndet mellan Skellefteå och Sotenäs är 30 km och Karl-Johan Gyllenstorm beräknade körtiden till cirka 22 minuter.,<url><loc>https://pendlings-app1.t-767929534-cloudflare.workers.dev/?fran=Skellefteå&amp;till=Sotenäs</loc><changefreq>monthly</changefreq></url>
Aneby,Örebro,397,259,Avståndet mellan Aneby och Örebro är 397 km och Karl-Johan Gyllenstorm beräknade körtiden till cirka 259 minuter.,<url><loc>https://pendlings-app1.t-767929534-cloudflare.workers.dev/?fran=Aneby&amp;till=Örebro</loc><changefreq>monthly</changefreq></url>
Härjedalen,Uddevalla,462,314,Avståndet mellan Härjedalen och Uddevalla är 462 km och Karl-Johan Gyllenstorm beräknade körtiden till cirka 314 minuter.,<url><loc>https://pendlings-app1.t-767929534-cloudflare.workers.dev/?fran=Härjedalen&amp;till=Uddevalla</loc><changefreq>monthly</changefreq></url>
Kramfors,Rättvik,1340,862,Avståndet mellan Kramfors och Rättvik är 1340 km och Karl-Johan Gyllenstorm beräknade körtiden till cirka 862 minuter.,<url><loc>https://pendlings-app1.t-767929534-cloudflare.workers.dev/?fran=Kramfors&amp;till=Rättvik</loc><changefreq>monthly</changefreq></url>
Skinnskatteberg,Köping,202,147,Avståndet mellan Skinnskatteberg och Köping är 202 km och Karl-Johan Gyllenstorm beräknade körtiden till cirka 147 minuter.,<url><loc>https://pendlings-app1.t-767929534-cloudflare.workers.dev/?fran=Skinnskatteberg&amp;till=Köping</loc><changefreq>monthly</changefreq></url>
Tingstäde,Sunne,1109,712,Avståndet mellan Tingstäde och Sunne är 1109 km och Karl-Johan Gyllenstorm beräknade körtiden till cirka 712 minuter.,<url><loc>https://pendlings-app1.t-767929534-cloudflare.workers.dev/?fran=Tingstäde&amp;till=Sunne</loc><changefreq>monthly</changefreq></url>
Knivsta,Örnsköldsvik,209,149,Avståndet mellan Knivsta och Örnsköldsvik är 209 km och Karl-Johan Gyllenstorm beräknade körtiden till cirka 149 minuter.,<url><loc>https://pendlings-app1.t-767929534-cloudflare.workers.dev/?fran=Knivsta&amp;till=Örnsköldsvik</loc><changefreq>monthly</changefreq></url>
Laxå,Ljusnarsberg,1050,808,Avståndet mellan Laxå och Ljusnarsberg är 1050 km och Karl-Johan Gyllenstorm beräknade körtiden till cirka 808 minuter.,<url><loc>https://pendlings-app1.t-767929534-cloudflare.workers.dev/?fran=Laxå&amp;till=Ljusnarsberg</loc><changefreq>monthly</changefreq></url>
Varberg,Herrljunga,325,210,Avståndet mellan Varberg och Herrljunga är 325 km och Karl-Johan Gyllenstorm beräknade körtiden till cirka 210 minuter.,<url><loc>https://pendlings-app1.t-767929534-cloudflare.workers.dev/?fran=Varberg&amp;till=Herrljunga</loc><changefreq>monthly</changefreq></url>
Malmö,Halmstad,765,502,Avståndet mellan Malmö och Halmstad är 765 km och Karl-Johan Gyllenstorm beräknade körtiden till cirka 502 minuter.,<url><loc>https://pendlings-app1.t-767929534-cloudflare.workers.dev/?fran=Malmö&amp;till=Halmstad</loc><changefreq>monthly</changefreq></url>
Ängelholm,Falköping,1178,870,Avståndet mellan Ängelholm och Falköping är 1178 km och Karl-Johan Gyllenstorm beräknade körtiden till cirka 870 minuter.,<url><loc>https://pendlings-app1.t-767929534-cloudflare.workers.dev/?fran=Ängelholm&amp;till=Falköping</loc><changefreq>monthly</changefreq></url>
Trelleborg,Haparanda,1300,907,Avståndet mellan Trelleborg och Haparanda är 1300 km och Karl-Johan Gyllenstorm beräknade körtiden till cirka 907 minuter.,<url><loc>https://pendlings-app1.t-767929534-cloudflare.workers.dev/?fran=Trelleborg&amp;till=Haparanda</loc><changefreq>monthly</changefreq></url>
Hyltebruk,Huddinge,72,46,Avståndet mellan Hyltebruk och Huddinge är 72 km och Karl-Johan Gyllenstorm beräknade körtiden till cirka 46 minuter.,<url><loc>https://pendlings-app1.t-767929534-cloudflare.workers.dev/?fran=Hyltebruk&amp;till=Huddinge</loc><changefreq>monthly</changefreq></url>
Sölvesborg,Kinda,337,254,Avståndet mellan Sölvesborg och Kinda är 337 km och Karl-Johan Gyllenstorm beräknade körtiden till cirka 254 minuter.,<url><loc>https://pendlings-app1.t-767929534-cloudflare.workers.dev/?fran=Sölvesborg&amp;till=Kinda</loc><changefreq>monthly</changefreq></url>
Lysekil,Gällivare,967,648,Avståndet mellan Lysekil och Gällivare är 967 km och Karl-Johan Gyllenstorm beräknade körtiden till cirka 648 minuter.,<url><loc>https://pendlings-app1.t-767929534-cloudflare.workers.dev/?fran=Lysekil&amp;till=Gällivare</loc><changefreq>monthly</changefreq></url>
Malung,Avesta,475,324,Avståndet mellan Malung och Avesta är 475 km och Karl-Johan Gyllenstorm beräknade körtiden till cirka 324 minuter.,<url><loc>https://pendlings-app1.t-767929534-cloudflare.workers.dev/?fran=Malung&amp;till=Avesta</loc><changefreq>monthly</changefreq></url>
Skutskär,Falkenberg,268,191,Avståndet mellan Skutskär och Falkenberg är 268 km och Karl-Johan Gyllenstorm beräknade körtiden till cirka 191 minuter.,<url><loc>https://pendlings-app1.t-767929534-cloudflare.workers.dev/?fran=Skutskär&amp;till=Falkenberg</loc><changefreq>monthly</changefreq></url>
Oxelösund,Gävle,1054,673,Avståndet mellan Oxelösund och Gävle är 1054 km och Karl-Johan Gyllenstorm beräknade körtiden till cirka 673 minuter.,<url><loc>https://pendlings-app1.t-767929534-cloudflare.workers.dev/?fran=Oxelösund&amp;till=Gävle</loc><changefreq>monthly</changefreq></url>
Hjo,Kumla,80,51,Avståndet mellan Hjo och Kumla är 80 km och Karl-Johan Gyllenstorm beräknade körtiden till cirka 51 minuter.,<url><loc>https://pendlings-app1.t-767929534-cloudflare.workers.dev/?fran=Hjo&amp;till=Kumla</loc><changefreq>monthly</changefreq></url>
Finspång,Strömsund,375,283,Avståndet mellan Finspång och Strömsund är 375 km och Karl-Johan Gyllenstorm beräknade körtiden till cirka 283 minuter.,<url><loc>https://pendlings-app1.t-767929534-cloudflare.workers.dev/?fran=Finspång&amp;till=Strömsund</loc><changefreq>monthly</changefreq></url>
Kils,Åtvidaberg,1416,928,Avståndet mellan Kils och Åtvidaberg är 1416 km och Karl-Johan Gyllenstorm beräknade körtiden till cirka 928 minuter.,<url><loc>https://pendlings-app1.t-767929534-cloudflare.workers.dev/?fran=Kils&amp;till=Åtvidaberg</loc><changefreq>monthly</changefreq></url>
Sveg,Mark,140,111,Avståndet mellan Sveg och Mark är 140 km och Karl-Johan Gyllenstorm beräknade körtiden till cirka 111 minuter.,<url><loc>https://pendlings-app1.t-767929534-cloudflare.workers.dev/?fran=Sveg&amp;till=Mark</loc><changefreq>monthly</changefreq></url>
Grums,Leksand,902,665,Avståndet mellan Grums och Leksand är 902 km och Karl-Johan Gyllenstorm beräknade körtiden till cirka 665 minuter.,<url><loc>https://pendlings-app1.t-767929534-cloudflare.workers.dev/?fran=Grums&amp;till=Leksand</loc><changefreq>monthly</changefreq></url>
Karlskrona,Sölvesborg,583,378,Avståndet mellan Karlskrona och Sölvesborg är 583 km och Karl-Johan Gyllenstorm beräknade körtiden till cirka 378 minuter.,<url><loc>https://pendlings-app1.t-767929534-cloudflare.workers.dev/?fran=Karlskrona&amp;till=Sölvesborg</loc><changefreq>monthly</changefreq></url>
Sandviken,Finspång,1135,778,Avståndet mellan Sandviken och Finspång är 1135 km och Karl-Johan Gyllenstorm beräknade körtiden till cirka 778 minuter.,<url><loc>https://pendlings-app1.t-767929534-cloudflare.workers.dev/?fran=Sandviken&amp;till=Finspång</loc><changefreq>monthly</changefreq></url>
Hemse,Leksand,942,743,Avståndet mellan Hemse och Leksand är 942 km och Karl-Johan Gyllenstorm beräknade körtiden till cirka 743 minuter.,<url><loc>https://pendlings-app1.t-767929534-cloudflare.workers.dev/?fran=Hemse&amp;till=Leksand</loc><changefreq>monthly</changefreq></url>
Mjölby,Vänersborg,1155,860,Avståndet mellan Mjölby och Vänersborg är 1155 km och Karl-Johan Gyllenstorm beräknade körtiden till cirka 860 minuter.,<url><loc>https://pendlings-app1.t-767929534-cloudflare.workers.dev/?fran=Mjölby&amp;till=Vänersborg</loc><changefreq>monthly</changefreq></url>
Hörby,Sorsele,979,620,Avståndet mellan Hörby och Sorsele är 979 km och Karl-Johan Gyllenstorm beräknade körtiden till cirka 620 minuter.,<url><loc>https://pendlings-app1.t-767929534-cloudflare.workers.dev/?fran=Hörby&amp;till=Sorsele</loc><changefreq>monthly</changefreq></url>
Borgholm,Ljusnarsberg,1214,894,Avståndet mellan Borgholm och Ljusnarsberg är 1214 km och Karl-Johan Gyllenstorm beräknade körtiden till cirka 894 minuter.,<url><loc>https://pendlings-app1.t-767929534-cloudflare.workers.dev/?fran=Borgholm&amp;till=Ljusnarsberg</loc><changefreq>monthly</changefreq></url>
Borgholm,Mariestad,556,437,Avståndet mellan Borgholm och Mariestad är 556 km och Karl-Johan Gyllenstorm beräknade körtiden till cirka 437 minuter.,<url><loc>https://pendlings-app1.t-767929534-cloudflare.workers.dev/?fran=Borgholm&amp;till=Mariestad</loc><changefreq>monthly</changefreq></url>
Bollebygd,Sundsvall,936,673,Avståndet mellan Bollebygd och Sundsvall är 936 km och Karl-Johan Gyllenstorm beräknade körtiden till cirka 673 minuter.,<url><loc>https://pendlings-app1.t-767929534-cloudflare.workers.dev/?fran=Bollebygd&amp;till=Sundsvall</loc><changefreq>monthly</changefreq></url>
Årjäng,Hofors,667,492,Avståndet mellan Årjäng och Hofors är 667 km och Karl-Johan Gyllenstorm beräknade körtiden till cirka 492 minuter.,<url><loc>https://pendlings-app1.t-767929534-cloudflare.workers.dev/?fran=Årjäng&amp;till=Hofors</loc><changefreq>monthly</changefreq></url>
Simrishamn,Bjuv,1240,870,Avståndet mellan Simrishamn och Bjuv är 1240 km och Karl-Johan Gyllenstorm beräknade körtiden till cirka 870 minuter.,<url><loc>https://pendlings-app1.t-767929534-cloudflare.workers.dev/?fran=Simrishamn&amp;till=Bjuv</loc><changefreq>monthly</changefreq></url>
Mora,Skutskär,1140,797,Avståndet mellan Mora och Skutskär är 1140 km och Karl-Johan Gyllenstorm beräknade körtiden till cirka 797 minuter.,<url><loc>https://pendlings-app1.t-767929534-cloudflare.workers.dev/?fran=Mora&amp;till=Skutskär</loc><changefreq>monthly</changefreq></url>
Laxå,Grums,1428,1130,Avståndet mellan Laxå och Grums är 1428 km och Karl-Johan Gyllenstorm beräknade körtiden till cirka 1130 minuter.,<url><loc>https://pendlings-app1.t-767929534-cloudflare.workers.dev/?fran=Laxå&amp;till=Grums</loc><changefreq>monthly</changefreq></url>
Flen,Uppsala,951,634,Avståndet mellan Flen och Uppsala är 951 km och Karl-Johan Gyllenstorm beräknade körtiden till cirka 634 minuter.,<url><loc>https://pendlings-app1.t-767929534-cloudflare.workers.dev/?fran=Flen&amp;till=Uppsala</loc><changefreq>monthly</changefreq></url>
Lärbro,Vimmerby,972,684,Avståndet mellan Lärbro och Vimmerby är 972 km och Karl-Johan Gyllenstorm beräknade körtiden till cirka 684 minuter.,<url><loc>https://pendlings-app1.t-767929534-cloudflare.workers.dev/?fran=Lärbro&amp;till=Vimmerby</loc><changefreq>monthly</changefreq></url>
Söderhamn,Åre,747,517,Avståndet mellan Söderhamn och Åre är 747 km och Karl-Johan Gyllenstorm beräknade körtiden till cirka 517 minuter.,<url><loc>https://pendlings-app1.t-767929534-cloudflare.workers.dev/?fran=Söderhamn&amp;till=Åre</loc><changefreq>monthly</changefreq></url>
Laxå,Borlänge,681,481,Avståndet mellan Laxå och Borlänge är 681 km och Karl-Johan Gyllenstorm beräknade körtiden till cirka 481 minuter.,<url><loc>https://pendlings-app1.t-767929534-cloudflare.workers.dev/?fran=Laxå&amp;till=Borlänge</loc><changefreq>monthly</changefreq></url>
Ängelholm,Högsby,143,100,Avståndet mellan Ängelholm och Högsby är 143 km och Karl-Johan Gyllenstorm beräknade körtiden till cirka 100 minuter.,<url><loc>https://pendlings-app1.t-767929534-cloudflare.workers.dev/?fran=Ängelholm&amp;till=Högsby</loc><changefreq>monthly</changefreq></url>
Smedjebacken,Lidköping,644,469,Avståndet mellan Smedjebacken och Lidköping är 644 km och Karl-Johan Gyllenstorm beräknade körtiden till cirka 469 minuter.,<url><loc>https://pendlings-app1.t-767929534-cloudflare.workers.dev/?fran=Smedjebacken&amp;till=Lidköping</loc><changefreq>monthly</changefreq></url>
Kalmar,Lärbro,1271,845,Avståndet mellan Kalmar och Lärbro är 1271 km och Karl-Johan Gyllenstorm beräknade körtiden till cirka 845 minuter.,<url><loc>https://pendlings-app1.t-767929534-cloudflare.workers.dev/?fran=Kalmar&amp;till=Lärbro</loc><changefreq>monthly</changefreq></url>
Huddinge,Östra Göinge,1309,948,Avståndet mellan Huddinge och Östra Göinge är 1309 km och Karl-Johan Gyllenstorm beräknade körtiden till cirka 948 minuter.,<url><loc>https://pendlings-app1.t-767929534-cloudflare.workers.dev/?fran=Huddinge&amp;till=Östra Göinge</loc><changefreq>monthly</changefreq></url>
Kalix,Bollebygd,854,560,Avståndet mellan Kalix och Bollebygd är 854 km och Karl-Johan Gyllenstorm beräknade körtiden till cirka 560 minuter.,<url><loc>https://pendlings-app1.t-767929534-cloudflare.workers.dev/?fran=Kalix&amp;till=Bollebygd</loc><changefreq>monthly</changefreq></url>
Årjäng,Gislaved,455,321,Avståndet mellan Årjäng och Gislaved är 455 km och Karl-Johan Gyllenstorm beräknade körtiden till cirka 321 minuter.,<url><loc>https://pendlings-app1.t-767929534-cloudflare.workers.dev/?fran=Årjäng&amp;till=Gislaved</loc><changefreq>monthly</changefreq></url>
Bräcke,Lycksele,1152,811,Avståndet mellan Bräcke och Lycksele är 1152 km och Karl-Johan Gyllenstorm beräknade körtiden till cirka 811 minuter.,<url><loc>https://pendlings-app1.t-767929534-cloudflare.workers.dev/?fran=Bräcke&amp;till=Lycksele</loc><changefreq>monthly</changefreq></url>
Jönköping,Skutskär,866,657,Avståndet mellan Jönköping och Skutskär är 866 km och Karl-Johan Gyllenstorm beräknade körtiden till cirka 657 minuter.,<url><loc>https://pendlings-app1.t-767929534-cloudflare.workers.dev/?fran=Jönköping&amp;till=Skutskär</loc><changefreq>monthly</changefreq></url>
Örebro,Leksand,71,46,Avståndet mellan Örebro och Leksand är 71 km och Karl-Johan Gyllenstorm beräknade körtiden till cirka 46 minuter.,<url><loc>https://pendlings-app1.t-767929534-cloudflare.workers.dev/?fran=Örebro&amp;till=Leksand</loc><changefreq>monthly</changefreq></url>
Arboga,Emmaboda,59,40,Avståndet mellan Arboga och Emmaboda är 59 km och Karl-Johan Gyllenstorm beräknade körtiden till cirka 40 minuter.,<url><loc>https://pendlings-app1.t-767929534-cloudflare.workers.dev/?fran=Arboga&amp;till=Emmaboda</loc><changefreq>monthly</changefreq></url>
Piteå,Munkfors,841,659,Avståndet mellan Piteå och Munkfors är 841 km och Karl-Johan Gyllenstorm beräknade körtiden till cirka 659 minuter.,<url><loc>https://pendlings-app1.t-767929534-cloudflare.workers.dev/?fran=Piteå&amp;till=Munkfors</loc><changefreq>monthly</changefreq></url>
Gnestad,Skövde,512,354,Avståndet mellan Gnestad och Skövde är 512 km och Karl-Johan Gyllenstorm beräknade körtiden till cirka 354 minuter.,<url><loc>https://pendlings-app1.t-767929534-cloudflare.workers.dev/?fran=Gnestad&amp;till=Skövde</loc><changefreq>monthly</changefreq></url>
Hudiksvall,Värnamo,1420,1104,Avståndet mellan Hudiksvall och Värnamo är 1420 km och Karl-Johan Gyllenstorm beräknade körtiden till cirka 1104 minuter.,<url><loc>https://pendlings-app1.t-767929534-cloudflare.workers.dev/?fran=Hudiksvall&amp;till=Värnamo</loc><changefreq>monthly</changefreq></url>
Burgsvik,Tofta,259,166,Avståndet mellan Burgsvik och Tofta är 259 km och Karl-Johan Gyllenstorm beräknade körtiden till cirka 166 minuter.,<url><loc>https://pendlings-app1.t-767929534-cloudflare.workers.dev/?fran=Burgsvik&amp;till=Tofta</loc><changefreq>monthly</changefreq></url>
Vårgårda,Säffle,1392,959,Avståndet mellan Vårgårda och Säffle är 1392 km och Karl-Johan Gyllenstorm beräknade körtiden till cirka 959 minuter.,<url><loc>https://pendlings-app1.t-767929534-cloudflare.workers.dev/?fran=Vårgårda&amp;till=Säffle</loc><changefreq>monthly</changefreq></url>
Burgsvik,Tanum,1319,860,Avståndet mellan Burgsvik och Tanum är 1319 km och Karl-Johan Gyllenstorm beräknade körtiden till cirka 860 minuter.,<url><loc>https://pendlings-app1.t-767929534-cloudflare.workers.dev/?fran=Burgsvik&amp;till=Tanum</loc><changefreq>monthly</changefreq></url>
Orsa,Älvsbyn,205,143,Avståndet mellan Orsa och Älvsbyn är 205 km och Karl-Johan Gyllenstorm beräknade körtiden till cirka 143 minuter.,<url><loc>https://pendlings-app1.t-767929534-cloudflare.workers.dev/?fran=Orsa&amp;till=Älvsbyn</loc><changefreq>monthly</changefreq></url>
Eda,Vetlanda,1144,891,Avståndet mellan Eda och Vetlanda är 1144 km och Karl-Johan Gyllenstorm beräknade körtiden till cirka 891 minuter.,<url><loc>https://pendlings-app1.t-767929534-cloudflare.workers.dev/?fran=Eda&amp;till=Vetlanda</loc><changefreq>monthly</changefreq></url>
Borås,Falköping,1186,809,Avståndet mellan Borås och Falköping är 1186 km och Karl-Johan Gyllenstorm beräknade körtiden till cirka 809 minuter.,<url><loc>https://pendlings-app1.t-767929534-cloudflare.workers.dev/?fran=Borås&amp;till=Falköping</loc><changefreq>monthly</changefreq></url>
Svenljunga,Karlskoga,1130,793,Avståndet mellan Svenljunga och Karlskoga är 1130 km och Karl-Johan Gyllenstorm beräknade körtiden till cirka 793 minuter.,<url><loc>https://pendlings-app1.t-767929534-cloudflare.workers.dev/?fran=Svenljunga&amp;till=Karlskoga</loc><changefreq>monthly</changefreq></url>
Eda,Sotenäs,817,533,Avståndet mellan Eda och Sotenäs är 817 km och Karl-Johan Gyllenstorm beräknade körtiden till cirka 533 minuter.,<url><loc>https://pendlings-app1.t-767929534-cloudflare.workers.dev/?fran=Eda&amp;till=Sotenäs</loc><changefreq>monthly</changefreq></url>
Klintehamn,Svenljunga,226,159,Avståndet mellan Klintehamn och Svenljunga är 226 km och Karl-Johan Gyllenstorm beräknade körtiden till cirka 159 minuter.,<url><loc>https://pendlings-app1.t-767929534-cloudflare.workers.dev/?fran=Klintehamn&amp;till=Svenljunga</loc><changefreq>monthly</changefreq></url>
Norsjö,Vibble,299,196,Avståndet mellan Norsjö och Vibble är 299 km och Karl-Johan Gyllenstorm beräknade körtiden till cirka 196 minuter.,<url><loc>https://pendlings-app1.t-767929534-cloudflare.workers.dev/?fran=Norsjö&amp;till=Vibble</loc><changefreq>monthly</changefreq></url>
Vellinge,Linköping,79,54,Avståndet mellan Vellinge och Linköping är 79 km och Karl-Johan Gyllenstorm beräknade körtiden till cirka 54 minuter.,<url><loc>https://pendlings-app1.t-767929534-cloudflare.workers.dev/?fran=Vellinge&amp;till=Linköping</loc><changefreq>monthly</changefreq></url>
Filipstad,Jönköping,1025,818,Avståndet mellan Filipstad och Jönköping är 1025 km och Karl-Johan Gyllenstorm beräknade körtiden till cirka 818 minuter.,<url><loc>https://pendlings-app1.t-767929534-cloudflare.workers.dev/?fran=Filipstad&amp;till=Jönköping</loc><changefreq>monthly</changefreq></url>
Hedemora,Strömsund,847,614,Avståndet mellan Hedemora och Strömsund är 847 km och Karl-Johan Gyllenstorm beräknade körtiden till cirka 614 minuter.,<url><loc>https://pendlings-app1.t-767929534-cloudflare.workers.dev/?fran=Hedemora&amp;till=Strömsund</loc><changefreq>monthly</changefreq></url>
Härnösand,Svenljunga,1245,986,Avståndet mellan Härnösand och Svenljunga är 1245 km och Karl-Johan Gyllenstorm beräknade körtiden till cirka 986 minuter.,<url><loc>https://pendlings-app1.t-767929534-cloudflare.workers.dev/?fran=Härnösand&amp;till=Svenljunga</loc><changefreq>monthly</changefreq></url>
Åsele,Havdhem,267,211,Avståndet mellan Åsele och Havdhem är 267 km och Karl-Johan Gyllenstorm beräknade körtiden till cirka 211 minuter.,<url><loc>https://pendlings-app1.t-767929534-cloudflare.workers.dev/?fran=Åsele&amp;till=Havdhem</loc><changefreq>monthly</changefreq></url>
Ydre,Östersund,1225,947,Avståndet mellan Ydre och Östersund är 1225 km och Karl-Johan Gyllenstorm beräknade körtiden till cirka 947 minuter.,<url><loc>https://pendlings-app1.t-767929534-cloudflare.workers.dev/?fran=Ydre&amp;till=Östersund</loc><changefreq>monthly</changefreq></url>
Strängnäs,Nyköping,1010,669,Avståndet mellan Strängnäs och Nyköping är 1010 km och Karl-Johan Gyllenstorm beräknade körtiden till cirka 669 minuter.,<url><loc>https://pendlings-app1.t-767929534-cloudflare.workers.dev/?fran=Strängnäs&amp;till=Nyköping</loc><changefreq>monthly</changefreq></url>
Södertälje,Östra Göinge,1232,859,Avståndet mellan Södertälje och Östra Göinge är 1232 km och Karl-Johan Gyllenstorm beräknade körtiden till cirka 859 minuter.,<url><loc>https://pendlings-app1.t-767929534-cloudflare.workers.dev/?fran=Södertälje&amp;till=Östra Göinge</loc><changefreq>monthly</changefreq></url>
Höör,Fagersta,818,570,Avståndet mellan Höör och Fagersta är 818 km och Karl-Johan Gyllenstorm beräknade körtiden till cirka 570 minuter.,<url><loc>https://pendlings-app1.t-767929534-cloudflare.workers.dev/?fran=Höör&amp;till=Fagersta</loc><changefreq>monthly</changefreq></url>
Kumla,Uppsala,498,376,Avståndet mellan Kumla och Uppsala är 498 km och Karl-Johan Gyllenstorm beräknade körtiden till cirka 376 minuter.,<url><loc>https://pendlings-app1.t-767929534-cloudflare.workers.dev/?fran=Kumla&amp;till=Uppsala</loc><changefreq>monthly</changefreq></url>
Tanum,Bräcke,1072,729,Avståndet mellan Tanum och Bräcke är 1072 km och Karl-Johan Gyllenstorm beräknade körtiden till cirka 729 minuter.,<url><loc>https://pendlings-app1.t-767929534-cloudflare.workers.dev/?fran=Tanum&amp;till=Bräcke</loc><changefreq>monthly</changefreq></url>
Skutskär,Ödeshög,919,625,Avståndet mellan Skutskär och Ödeshög är 919 km och Karl-Johan Gyllenstorm beräknade körtiden till cirka 625 minuter.,<url><loc>https://pendlings-app1.t-767929534-cloudflare.workers.dev/?fran=Skutskär&amp;till=Ödeshög</loc><changefreq>monthly</changefreq></url>
Örebro,Tofta,1269,818,Avståndet mellan Örebro och Tofta är 1269 km och Karl-Johan Gyllenstorm beräknade körtiden till cirka 818 minuter.,<url><loc>https://pendlings-app1.t-767929534-cloudflare.workers.dev/?fran=Örebro&amp;till=Tofta</loc><changefreq>monthly</changefreq></url>
Bengtsfors,Stockholm,119,89,Avståndet mellan Bengtsfors och Stockholm är 119 km och Karl-Johan Gyllenstorm beräknade körtiden till cirka 89 minuter.,<url><loc>https://pendlings-app1.t-767929534-cloudflare.workers.dev/?fran=Bengtsfors&amp;till=Stockholm</loc><changefreq>monthly</changefreq></url>
Borlänge,Aneby,672,531,Avståndet mellan Borlänge och Aneby är 672 km och Karl-Johan Gyllenstorm beräknade körtiden till cirka 531 minuter.,<url><loc>https://pendlings-app1.t-767929534-cloudflare.workers.dev/?fran=Borlänge&amp;till=Aneby</loc><changefreq>monthly</changefreq></url>
Kiruna,Herrljunga,1030,758,Avståndet mellan Kiruna och Herrljunga är 1030 km och Karl-Johan Gyllenstorm beräknade körtiden till cirka 758 minuter.,<url><loc>https://pendlings-app1.t-767929534-cloudflare.workers.dev/?fran=Kiruna&amp;till=Herrljunga</loc><changefreq>monthly</changefreq></url>
Luleå,Västervik,1071,736,Avståndet mellan Luleå och Västervik är 1071 km och Karl-Johan Gyllenstorm beräknade körtiden till cirka 736 minuter.,<url><loc>https://pendlings-app1.t-767929534-cloudflare.workers.dev/?fran=Luleå&amp;till=Västervik</loc><changefreq>monthly</changefreq></url>
Örebro,Tanum,1087,719,Avståndet mellan Örebro och Tanum är 1087 km och Karl-Johan Gyllenstorm beräknade körtiden till cirka 719 minuter.,<url><loc>https://pendlings-app1.t-767929534-cloudflare.workers.dev/?fran=Örebro&amp;till=Tanum</loc><changefreq>monthly</changefreq></url>
Mariestad,Ystad,486,307,Avståndet mellan Mariestad och Ystad är 486 km och Karl-Johan Gyllenstorm beräknade körtiden till cirka 307 minuter.,<url><loc>https://pendlings-app1.t-767929534-cloudflare.workers.dev/?fran=Mariestad&amp;till=Ystad</loc><changefreq>monthly</changefreq></url>
Norberg,Gislaved,416,305,Avståndet mellan Norberg och Gislaved är 416 km och Karl-Johan Gyllenstorm beräknade körtiden till cirka 305 minuter.,<url><loc>https://pendlings-app1.t-767929534-cloudflare.workers.dev/?fran=Norberg&amp;till=Gislaved</loc><changefreq>monthly</changefreq></url>
Helsingborg,Skellefteå,1439,1029,Avståndet mellan Helsingborg och Skellefteå är 1439 km och Karl-Johan Gyllenstorm beräknade körtiden till cirka 1029 minuter.,<url><loc>https://pendlings-app1.t-767929534-cloudflare.workers.dev/?fran=Helsingborg&amp;till=Skellefteå</loc><changefreq>monthly</changefreq></url>
Skövde,Timrå,1022,731,Avståndet mellan Skövde och Timrå är 1022 km och Karl-Johan Gyllenstorm beräknade körtiden till cirka 731 minuter.,<url><loc>https://pendlings-app1.t-767929534-cloudflare.workers.dev/?fran=Skövde&amp;till=Timrå</loc><changefreq>monthly</changefreq></url>
Flen,Älvkarleby,232,154,Avståndet mellan Flen och Älvkarleby är 232 km och Karl-Johan Gyllenstorm beräknade körtiden till cirka 154 minuter.,<url><loc>https://pendlings-app1.t-767929534-cloudflare.workers.dev/?fran=Flen&amp;till=Älvkarleby</loc><changefreq>monthly</changefreq></url>
Helsingborg,Storuman,1372,885,Avståndet mellan Helsingborg och Storuman är 1372 km och Karl-Johan Gyllenstorm beräknade körtiden till cirka 885 minuter.,<url><loc>https://pendlings-app1.t-767929534-cloudflare.workers.dev/?fran=Helsingborg&amp;till=Storuman</loc><changefreq>monthly</changefreq></url>
Kungsbacka,Svalöv,471,367,Avståndet mellan Kungsbacka och Svalöv är 471 km och Karl-Johan Gyllenstorm beräknade körtiden till cirka 367 minuter.,<url><loc>https://pendlings-app1.t-767929534-cloudflare.workers.dev/?fran=Kungsbacka&amp;till=Svalöv</loc><changefreq>monthly</changefreq></url>
Arboga,Helsingborg,699,513,Avståndet mellan Arboga och Helsingborg är 699 km och Karl-Johan Gyllenstorm beräknade körtiden till cirka 513 minuter.,<url><loc>https://pendlings-app1.t-767929534-cloudflare.workers.dev/?fran=Arboga&amp;till=Helsingborg</loc><changefreq>monthly</changefreq></url>
Helsingborg,Övertorneå,112,76,Avståndet mellan Helsingborg och Övertorneå är 112 km och Karl-Johan Gyllenstorm beräknade körtiden till cirka 76 minuter.,<url><loc>https://pendlings-app1.t-767929534-cloudflare.workers.dev/?fran=Helsingborg&amp;till=Övertorneå</loc><changefreq>monthly</changefreq></url>
Knivsta,Vara,676,484,Avståndet mellan Knivsta och Vara är 676 km och Karl-Johan Gyllenstorm beräknade körtiden till cirka 484 minuter.,<url><loc>https://pendlings-app1.t-767929534-cloudflare.workers.dev/?fran=Knivsta&amp;till=Vara</loc><changefreq>monthly</changefreq></url>
Eskilstuna,Charlottenberg,92,67,Avståndet mellan Eskilstuna och Charlottenberg är 92 km och Karl-Johan Gyllenstorm beräknade körtiden till cirka 67 minuter.,<url><loc>https://pendlings-app1.t-767929534-cloudflare.workers.dev/?fran=Eskilstuna&amp;till=Charlottenberg</loc><changefreq>monthly</changefreq></url>
Leksand,Karlskoga,1343,1048,Avståndet mellan Leksand och Karlskoga är 1343 km och Karl-Johan Gyllenstorm beräknade körtiden till cirka 1048 minuter.,<url><loc>https://pendlings-app1.t-767929534-cloudflare.workers.dev/?fran=Leksand&amp;till=Karlskoga</loc><changefreq>monthly</changefreq></url>
Västervik,Eda,1004,690,Avståndet mellan Västervik och Eda är 1004 km och Karl-Johan Gyllenstorm beräknade körtiden till cirka 690 minuter.,<url><loc>https://pendlings-app1.t-767929534-cloudflare.workers.dev/?fran=Västervik&amp;till=Eda</loc><changefreq>monthly</changefreq></url>
Emmaboda,Jokkmokk,1408,913,Avståndet mellan Emmaboda och Jokkmokk är 1408 km och Karl-Johan Gyllenstorm beräknade körtiden till cirka 913 minuter.,<url><loc>https://pendlings-app1.t-767929534-cloudflare.workers.dev/?fran=Emmaboda&amp;till=Jokkmokk</loc><changefreq>monthly</changefreq></url>
Båstad,Grums,480,338,Avståndet mellan Båstad och Grums är 480 km och Karl-Johan Gyllenstorm beräknade körtiden till cirka 338 minuter.,<url><loc>https://pendlings-app1.t-767929534-cloudflare.workers.dev/?fran=Båstad&amp;till=Grums</loc><changefreq>monthly</changefreq></url>
Oxelösund,Stånga,598,447,Avståndet mellan Oxelösund och Stånga är 598 km och Karl-Johan Gyllenstorm beräknade körtiden till cirka 447 minuter.,<url><loc>https://pendlings-app1.t-767929534-cloudflare.workers.dev/?fran=Oxelösund&amp;till=Stånga</loc><changefreq>monthly</changefreq></url>
Lysekil,Svalöv,662,482,Avståndet mellan Lysekil och Svalöv är 662 km och Karl-Johan Gyllenstorm beräknade körtiden till cirka 482 minuter.,<url><loc>https://pendlings-app1.t-767929534-cloudflare.workers.dev/?fran=Lysekil&amp;till=Svalöv</loc><changefreq>monthly</changefreq></url>
Karlshamn,Kalmar,1067,747,Avståndet mellan Karlshamn och Kalmar är 1067 km och Karl-Johan Gyllenstorm beräknade körtiden till cirka 747 minuter.,<url><loc>https://pendlings-app1.t-767929534-cloudflare.workers.dev/?fran=Karlshamn&amp;till=Kalmar</loc><changefreq>monthly</changefreq></url>
Tierp,Årjäng,239,152,Avståndet mellan Tierp och Årjäng är 239 km och Karl-Johan Gyllenstorm beräknade körtiden till cirka 152 minuter.,<url><loc>https://pendlings-app1.t-767929534-cloudflare.workers.dev/?fran=Tierp&amp;till=Årjäng</loc><changefreq>monthly</changefreq></url>
Skinnskatteberg,Skurup,662,521,Avståndet mellan Skinnskatteberg och Skurup är 662 km och Karl-Johan Gyllenstorm beräknade körtiden till cirka 521 minuter.,<url><loc>https://pendlings-app1.t-767929534-cloudflare.workers.dev/?fran=Skinnskatteberg&amp;till=Skurup</loc><changefreq>monthly</changefreq></url>
Köping,Töreboda,1014,647,Avståndet mellan Köping och Töreboda är 1014 km och Karl-Johan Gyllenstorm beräknade körtiden till cirka 647 minuter.,<url><loc>https://pendlings-app1.t-767929534-cloudflare.workers.dev/?fran=Köping&amp;till=Töreboda</loc><changefreq>monthly</changefreq></url>
Älvkarleby,Malmö,1359,873,Avståndet mellan Älvkarleby och Malmö är 1359 km och Karl-Johan Gyllenstorm beräknade körtiden till cirka 873 minuter.,<url><loc>https://pendlings-app1.t-767929534-cloudflare.workers.dev/?fran=Älvkarleby&amp;till=Malmö</loc><changefreq>monthly</changefreq></url>
Roma,Gnosjö,234,156,Avståndet mellan Roma och Gnosjö är 234 km och Karl-Johan Gyllenstorm beräknade körtiden till cirka 156 minuter.,<url><loc>https://pendlings-app1.t-767929534-cloudflare.workers.dev/?fran=Roma&amp;till=Gnosjö</loc><changefreq>monthly</changefreq></url>
Gnosjö,Södertälje,489,310,Avståndet mellan Gnosjö och Södertälje är 489 km och Karl-Johan Gyllenstorm beräknade körtiden till cirka 310 minuter.,<url><loc>https://pendlings-app1.t-767929534-cloudflare.workers.dev/?fran=Gnosjö&amp;till=Södertälje</loc><changefreq>monthly</changefreq></url>
Skellefteå,Essunga,685,447,Avståndet mellan Skellefteå och Essunga är 685 km och Karl-Johan Gyllenstorm beräknade körtiden till cirka 447 minuter.,<url><loc>https://pendlings-app1.t-767929534-cloudflare.workers.dev/?fran=Skellefteå&amp;till=Essunga</loc><changefreq>monthly</changefreq></url>
Täby,Munkfors,431,312,Avståndet mellan Täby och Munkfors är 431 km och Karl-Johan Gyllenstorm beräknade körtiden till cirka 312 minuter.,<url><loc>https://pendlings-app1.t-767929534-cloudflare.workers.dev/?fran=Täby&amp;till=Munkfors</loc><changefreq>monthly</changefreq></url>
Vara,Hedemora,934,725,Avståndet mellan Vara och Hedemora är 934 km och Karl-Johan Gyllenstorm beräknade körtiden till cirka 725 minuter.,<url><loc>https://pendlings-app1.t-767929534-cloudflare.workers.dev/?fran=Vara&amp;till=Hedemora</loc><changefreq>monthly</changefreq></url>
Bålsta,Vilhelmina,1310,873,Avståndet mellan Bålsta och Vilhelmina är 1310 km och Karl-Johan Gyllenstorm beräknade körtiden till cirka 873 minuter.,<url><loc>https://pendlings-app1.t-767929534-cloudflare.workers.dev/?fran=Bålsta&amp;till=Vilhelmina</loc><changefreq>monthly</changefreq></url>
Finspång,Strängnäs,1118,771,Avståndet mellan Finspång och Strängnäs är 1118 km och Karl-Johan Gyllenstorm beräknade körtiden till cirka 771 minuter.,<url><loc>https://pendlings-app1.t-767929534-cloudflare.workers.dev/?fran=Finspång&amp;till=Strängnäs</loc><changefreq>monthly</changefreq></url>
Vellinge,Lärbro,101,70,Avståndet mellan Vellinge och Lärbro är 101 km och Karl-Johan Gyllenstorm beräknade körtiden till cirka 70 minuter.,<url><loc>https://pendlings-app1.t-767929534-cloudflare.workers.dev/?fran=Vellinge&amp;till=Lärbro</loc><changefreq>monthly</changefreq></url>
Borås,Hedemora,921,597,Avståndet mellan Borås och Hedemora är 921 km och Karl-Johan Gyllenstorm beräknade körtiden till cirka 597 minuter.,<url><loc>https://pendlings-app1.t-767929534-cloudflare.workers.dev/?fran=Borås&amp;till=Hedemora</loc><changefreq>monthly</changefreq></url>
Bålsta,Lysekil,947,650,Avståndet mellan Bålsta och Lysekil är 947 km och Karl-Johan Gyllenstorm beräknade körtiden till cirka 650 minuter.,<url><loc>https://pendlings-app1.t-767929534-cloudflare.workers.dev/?fran=Bålsta&amp;till=Lysekil</loc><changefreq>monthly</changefreq></url>
Uppsala,Mjölby,1126,888,Avståndet mellan Uppsala och Mjölby är 1126 km och Karl-Johan Gyllenstorm beräknade körtiden till cirka 888 minuter.,<url><loc>https://pendlings-app1.t-767929534-cloudflare.workers.dev/?fran=Uppsala&amp;till=Mjölby</loc><changefreq>monthly</changefreq></url>
Gislaved,Hörby,316,238,Avståndet mellan Gislaved och Hörby är 316 km och Karl-Johan Gyllenstorm beräknade körtiden till cirka 238 minuter.,<url><loc>https://pendlings-app1.t-767929534-cloudflare.workers.dev/?fran=Gislaved&amp;till=Hörby</loc><changefreq>monthly</changefreq></url>
Kalix,Jönköping,644,424,Avståndet mellan Kalix och Jönköping är 644 km och Karl-Johan Gyllenstorm beräknade körtiden till cirka 424 minuter.,<url><loc>https://pendlings-app1.t-767929534-cloudflare.workers.dev/?fran=Kalix&amp;till=Jönköping</loc><changefreq>monthly</changefreq></url>
Åtvidaberg,Ronneby,1310,978,Avståndet mellan Åtvidaberg och Ronneby är 1310 km och Karl-Johan Gyllenstorm beräknade körtiden till cirka 978 minuter.,<url><loc>https://pendlings-app1.t-767929534-cloudflare.workers.dev/?fran=Åtvidaberg&amp;till=Ronneby</loc><changefreq>monthly</changefreq></url>
Sotenäs,Boxholm,898,632,Avståndet mellan Sotenäs och Boxholm är 898 km och Karl-Johan Gyllenstorm beräknade körtiden till cirka 632 minuter.,<url><loc>https://pendlings-app1.t-767929534-cloudflare.workers.dev/?fran=Sotenäs&amp;till=Boxholm</loc><changefreq>monthly</changefreq></url>
Vansbro,Kramfors,564,407,Avståndet mellan Vansbro och Kramfors är 564 km och Karl-Johan Gyllenstorm beräknade körtiden till cirka 407 minuter.,<url><loc>https://pendlings-app1.t-767929534-cloudflare.workers.dev/?fran=Vansbro&amp;till=Kramfors</loc><changefreq>monthly</changefreq></url>
Laholm,Klintehamn,993,689,Avståndet mellan Laholm och Klintehamn är 993 km och Karl-Johan Gyllenstorm beräknade körtiden till cirka 689 minuter.,<url><loc>https://pendlings-app1.t-767929534-cloudflare.workers.dev/?fran=Laholm&amp;till=Klintehamn</loc><changefreq>monthly</changefreq></url>
Östra Göinge,Landskrona,625,497,Avståndet mellan Östra Göinge och Landskrona är 625 km och Karl-Johan Gyllenstorm beräknade körtiden till cirka 497 minuter.,<url><loc>https://pendlings-app1.t-767929534-cloudflare.workers.dev/?fran=Östra Göinge&amp;till=Landskrona</loc><changefreq>monthly</changefreq></url>
Arvika,Mörbylånga,499,328,Avståndet mellan Arvika och Mörbylånga är 499 km och Karl-Johan Gyllenstorm beräknade körtiden till cirka 328 minuter.,<url><loc>https://pendlings-app1.t-767929534-cloudflare.workers.dev/?fran=Arvika&amp;till=Mörbylånga</loc><changefreq>monthly</changefreq></url>
Åtvidaberg,Hofors,891,597,Avståndet mellan Åtvidaberg och Hofors är 891 km och Karl-Johan Gyllenstorm beräknade körtiden till cirka 597 minuter.,<url><loc>https://pendlings-app1.t-767929534-cloudflare.workers.dev/?fran=Åtvidaberg&amp;till=Hofors</loc><changefreq>monthly</changefreq></url>
Oxelösund,Vårgårda,900,574,Avståndet mellan Oxelösund och Vårgårda är 900 km och Karl-Johan Gyllenstorm beräknade körtiden till cirka 574 minuter.,<url><loc>https://pendlings-app1.t-767929534-cloudflare.workers.dev/?fran=Oxelösund&amp;till=Vårgårda</loc><changefreq>monthly</changefreq></url>
Forshaga,Ystad,69,54,Avståndet mellan Forshaga och Ystad är 69 km och Karl-Johan Gyllenstorm beräknade körtiden till cirka 54 minuter.,<url><loc>https://pendlings-app1.t-767929534-cloudflare.workers.dev/?fran=Forshaga&amp;till=Ystad</loc><changefreq>monthly</changefreq></url>
Tingstäde,Visby,471,301,Avståndet mellan Tingstäde och Visby är 471 km och Karl-Johan Gyllenstorm beräknade körtiden till cirka 301 minuter.,<url><loc>https://pendlings-app1.t-767929534-cloudflare.workers.dev/?fran=Tingstäde&amp;till=Visby</loc><changefreq>monthly</changefreq></url>
Halmstad,Köping,1280,944,Avståndet mellan Halmstad och Köping är 1280 km och Karl-Johan Gyllenstorm beräknade körtiden till cirka 944 minuter.,<url><loc>https://pendlings-app1.t-767929534-cloudflare.workers.dev/?fran=Halmstad&amp;till=Köping</loc><changefreq>monthly</changefreq></url>
Hofors,Kävlinge,472,314,Avståndet mellan Hofors och Kävlinge är 472 km och Karl-Johan Gyllenstorm beräknade körtiden till cirka 314 minuter.,<url><loc>https://pendlings-app1.t-767929534-cloudflare.workers.dev/?fran=Hofors&amp;till=Kävlinge</loc><changefreq>monthly</changefreq></url>
Sorsele,Filipstad,1061,721,Avståndet mellan Sorsele och Filipstad är 1061 km och Karl-Johan Gyllenstorm beräknade körtiden till cirka 721 minuter.,<url><loc>https://pendlings-app1.t-767929534-cloudflare.workers.dev/?fran=Sorsele&amp;till=Filipstad</loc><changefreq>monthly</changefreq></url>
Åmål,Täby,268,196,Avståndet mellan Åmål och Täby är 268 km och Karl-Johan Gyllenstorm beräknade körtiden till cirka 196 minuter.,<url><loc>https://pendlings-app1.t-767929534-cloudflare.workers.dev/?fran=Åmål&amp;till=Täby</loc><changefreq>monthly</changefreq></url>
Örnsköldsvik,Färjestaden,1045,762,Avståndet mellan Örnsköldsvik och Färjestaden är 1045 km och Karl-Johan Gyllenstorm beräknade körtiden till cirka 762 minuter.,<url><loc>https://pendlings-app1.t-767929534-cloudflare.workers.dev/?fran=Örnsköldsvik&amp;till=Färjestaden</loc><changefreq>monthly</changefreq></url>
Burgsvik,Åtvidaberg,353,243,Avståndet mellan Burgsvik och Åtvidaberg är 353 km och Karl-Johan Gyllenstorm beräknade körtiden till cirka 243 minuter.,<url><loc>https://pendlings-app1.t-767929534-cloudflare.workers.dev/?fran=Burgsvik&amp;till=Åtvidaberg</loc><changefreq>monthly</changefreq></url>
Färgelanda,Töreboda,1395,1074,Avståndet mellan Färgelanda och Töreboda är 1395 km och Karl-Johan Gyllenstorm beräknade körtiden till cirka 1074 minuter.,<url><loc>https://pendlings-app1.t-767929534-cloudflare.workers.dev/?fran=Färgelanda&amp;till=Töreboda</loc><changefreq>monthly</changefreq></url>
Övertorneå,Kopparberg,924,696,Avståndet mellan Övertorneå och Kopparberg är 924 km och Karl-Johan Gyllenstorm beräknade körtiden till cirka 696 minuter.,<url><loc>https://pendlings-app1.t-767929534-cloudflare.workers.dev/?fran=Övertorneå&amp;till=Kopparberg</loc><changefreq>monthly</changefreq></url>
Dorotea,Sotenäs,1067,773,Avståndet mellan Dorotea och Sotenäs är 1067 km och Karl-Johan Gyllenstorm beräknade körtiden till cirka 773 minuter.,<url><loc>https://pendlings-app1.t-767929534-cloudflare.workers.dev/?fran=Dorotea&amp;till=Sotenäs</loc><changefreq>monthly</changefreq></url>
Haparanda,Flen,1170,776,Avståndet mellan Haparanda och Flen är 1170 km och Karl-Johan Gyllenstorm beräknade körtiden till cirka 776 minuter.,<url><loc>https://pendlings-app1.t-767929534-cloudflare.workers.dev/?fran=Haparanda&amp;till=Flen</loc><changefreq>monthly</changefreq></url>
Vingåker,Östersund,451,303,Avståndet mellan Vingåker och Östersund är 451 km och Karl-Johan Gyllenstorm beräknade körtiden till cirka 303 minuter.,<url><loc>https://pendlings-app1.t-767929534-cloudflare.workers.dev/?fran=Vingåker&amp;till=Östersund</loc><changefreq>monthly</changefreq></url>
Älvkarleby,Piteå,304,211,Avståndet mellan Älvkarleby och Piteå är 304 km och Karl-Johan Gyllenstorm beräknade körtiden till cirka 211 minuter.,<url><loc>https://pendlings-app1.t-767929534-cloudflare.workers.dev/?fran=Älvkarleby&amp;till=Piteå</loc><changefreq>monthly</changefreq></url>
Ljusnarsberg,Mellerud,206,151,Avståndet mellan Ljusnarsberg och Mellerud är 206 km och Karl-Johan Gyllenstorm beräknade körtiden till cirka 151 minuter.,<url><loc>https://pendlings-app1.t-767929534-cloudflare.workers.dev/?fran=Ljusnarsberg&amp;till=Mellerud</loc><changefreq>monthly</changefreq></url>
Lidköping,Håbo,779,500,Avståndet mellan Lidköping och Håbo är 779 km och Karl-Johan Gyllenstorm beräknade körtiden till cirka 500 minuter.,<url><loc>https://pendlings-app1.t-767929534-cloudflare.workers.dev/?fran=Lidköping&amp;till=Håbo</loc><changefreq>monthly</changefreq></url>
Halmstad,Vingåker,1380,1021,Avståndet mellan Halmstad och Vingåker är 1380 km och Karl-Johan Gyllenstorm beräknade körtiden till cirka 1021 minuter.,<url><loc>https://pendlings-app1.t-767929534-cloudflare.workers.dev/?fran=Halmstad&amp;till=Vingåker</loc><changefreq>monthly</changefreq></url>
Stockholm,Surahammar,360,228,Avståndet mellan Stockholm och Surahammar är 360 km och Karl-Johan Gyllenstorm beräknade körtiden till cirka 228 minuter.,<url><loc>https://pendlings-app1.t-767929534-cloudflare.workers.dev/?fran=Stockholm&amp;till=Surahammar</loc><changefreq>monthly</changefreq></url>
Lomma,Lycksele,489,369,Avståndet mellan Lomma och Lycksele är 489 km och Karl-Johan Gyllenstorm beräknade körtiden till cirka 369 minuter.,<url><loc>https://pendlings-app1.t-767929534-cloudflare.workers.dev/?fran=Lomma&amp;till=Lycksele</loc><changefreq>monthly</changefreq></url>
Vansbro,Kopparberg,639,499,Avståndet mellan Vansbro och Kopparberg är 639 km och Karl-Johan Gyllenstorm beräknade körtiden till cirka 499 minuter.,<url><loc>https://pendlings-app1.t-767929534-cloudflare.workers.dev/?fran=Vansbro&amp;till=Kopparberg</loc><changefreq>monthly</changefreq></url>
Högsby,Sjöbo,788,619,Avståndet mellan Högsby och Sjöbo är 788 km och Karl-Johan Gyllenstorm beräknade körtiden till cirka 619 minuter.,<url><loc>https://pendlings-app1.t-767929534-cloudflare.workers.dev/?fran=Högsby&amp;till=Sjöbo</loc><changefreq>monthly</changefreq></url>
Lysekil,Munkfors,735,504,Avståndet mellan Lysekil och Munkfors är 735 km och Karl-Johan Gyllenstorm beräknade körtiden till cirka 504 minuter.,<url><loc>https://pendlings-app1.t-767929534-cloudflare.workers.dev/?fran=Lysekil&amp;till=Munkfors</loc><changefreq>monthly</changefreq></url>
Skellefteå,Hallstahammar,545,381,Avståndet mellan Skellefteå och Hallstahammar är 545 km och Karl-Johan Gyllenstorm beräknade körtiden till cirka 381 minuter.,<url><loc>https://pendlings-app1.t-767929534-cloudflare.workers.dev/?fran=Skellefteå&amp;till=Hallstahammar</loc><changefreq>monthly</changefreq></url>
Vadstena,Kungsbacka,1219,874,Avståndet mellan Vadstena och Kungsbacka är 1219 km och Karl-Johan Gyllenstorm beräknade körtiden till cirka 874 minuter.,<url><loc>https://pendlings-app1.t-767929534-cloudflare.workers.dev/?fran=Vadstena&amp;till=Kungsbacka</loc><changefreq>monthly</changefreq></url>
Berg,Ed,821,653,Avståndet mellan Berg och Ed är 821 km och Karl-Johan Gyllenstorm beräknade körtiden till cirka 653 minuter.,<url><loc>https://pendlings-app1.t-767929534-cloudflare.workers.dev/?fran=Berg&amp;till=Ed</loc><changefreq>monthly</changefreq></url>
Degerfors,Kumla,980,631,Avståndet mellan Degerfors och Kumla är 980 km och Karl-Johan Gyllenstorm beräknade körtiden till cirka 631 minuter.,<url><loc>https://pendlings-app1.t-767929534-cloudflare.workers.dev/?fran=Degerfors&amp;till=Kumla</loc><changefreq>monthly</changefreq></url>
Askersund,Boxholm,639,474,Avståndet mellan Askersund och Boxholm är 639 km och Karl-Johan Gyllenstorm beräknade körtiden till cirka 474 minuter.,<url><loc>https://pendlings-app1.t-767929534-cloudflare.workers.dev/?fran=Askersund&amp;till=Boxholm</loc><changefreq>monthly</changefreq></url>
Kungsbacka,Jönköping,812,530,Avståndet mellan Kungsbacka och Jönköping är 812 km och Karl-Johan Gyllenstorm beräknade körtiden till cirka 530 minuter.,<url><loc>https://pendlings-app1.t-767929534-cloudflare.workers.dev/?fran=Kungsbacka&amp;till=Jönköping</loc><changefreq>monthly</changefreq></url>
Högsby,Ronehamn,546,396,Avståndet mellan Högsby och Ronehamn är 546 km och Karl-Johan Gyllenstorm beräknade körtiden till cirka 396 minuter.,<url><loc>https://pendlings-app1.t-767929534-cloudflare.workers.dev/?fran=Högsby&amp;till=Ronehamn</loc><changefreq>monthly</changefreq></url>
Örkelljunga,Övertorneå,275,201,Avståndet mellan Örkelljunga och Övertorneå är 275 km och Karl-Johan Gyllenstorm beräknade körtiden till cirka 201 minuter.,<url><loc>https://pendlings-app1.t-767929534-cloudflare.workers.dev/?fran=Örkelljunga&amp;till=Övertorneå</loc><changefreq>monthly</changefreq></url>
Tranemo,Strömstad,1319,915,Avståndet mellan Tranemo och Strömstad är 1319 km och Karl-Johan Gyllenstorm beräknade körtiden till cirka 915 minuter.,<url><loc>https://pendlings-app1.t-767929534-cloudflare.workers.dev/?fran=Tranemo&amp;till=Strömstad</loc><changefreq>monthly</changefreq></url>
Roma,Mora,1140,848,Avståndet mellan Roma och Mora är 1140 km och Karl-Johan Gyllenstorm beräknade körtiden till cirka 848 minuter.,<url><loc>https://pendlings-app1.t-767929534-cloudflare.workers.dev/?fran=Roma&amp;till=Mora</loc><changefreq>monthly</changefreq></url>
Östra Göinge,Sandviken,193,124,Avståndet mellan Östra Göinge och Sandviken är 193 km och Karl-Johan Gyllenstorm beräknade körtiden till cirka 124 minuter.,<url><loc>https://pendlings-app1.t-767929534-cloudflare.workers.dev/?fran=Östra Göinge&amp;till=Sandviken</loc><changefreq>monthly</changefreq></url>
Lysekil,Ockelbo,1022,763,Avståndet mellan Lysekil och Ockelbo är 1022 km och Karl-Johan Gyllenstorm beräknade körtiden till cirka 763 minuter.,<url><loc>https://pendlings-app1.t-767929534-cloudflare.workers.dev/?fran=Lysekil&amp;till=Ockelbo</loc><changefreq>monthly</changefreq></url>
Kävlinge,Boden,1273,988,Avståndet mellan Kävlinge och Boden är 1273 km och Karl-Johan Gyllenstorm beräknade körtiden till cirka 988 minuter.,<url><loc>https://pendlings-app1.t-767929534-cloudflare.workers.dev/?fran=Kävlinge&amp;till=Boden</loc><changefreq>monthly</changefreq></url>
Köping,Svalöv,155,111,Avståndet mellan Köping och Svalöv är 155 km och Karl-Johan Gyllenstorm beräknade körtiden till cirka 111 minuter.,<url><loc>https://pendlings-app1.t-767929534-cloudflare.workers.dev/?fran=Köping&amp;till=Svalöv</loc><changefreq>monthly</changefreq></url>
Gällivare,Eda,714,569,Avståndet mellan Gällivare och Eda är 714 km och Karl-Johan Gyllenstorm beräknade körtiden till cirka 569 minuter.,<url><loc>https://pendlings-app1.t-767929534-cloudflare.workers.dev/?fran=Gällivare&amp;till=Eda</loc><changefreq>monthly</changefreq></url>
Ockelbo,Helsingborg,355,229,Avståndet mellan Ockelbo och Helsingborg är 355 km och Karl-Johan Gyllenstorm beräknade körtiden till cirka 229 minuter.,<url><loc>https://pendlings-app1.t-767929534-cloudflare.workers.dev/?fran=Ockelbo&amp;till=Helsingborg</loc><changefreq>monthly</changefreq></url>
Nora,Herrljunga,182,128,Avståndet mellan Nora och Herrljunga är 182 km och Karl-Johan Gyllenstorm beräknade körtiden till cirka 128 minuter.,<url><loc>https://pendlings-app1.t-767929534-cloudflare.workers.dev/?fran=Nora&amp;till=Herrljunga</loc><changefreq>monthly</changefreq></url>
Umeå,Jönköping,217,157,Avståndet mellan Umeå och Jönköping är 217 km och Karl-Johan Gyllenstorm beräknade körtiden till cirka 157 minuter.,<url><loc>https://pendlings-app1.t-767929534-cloudflare.workers.dev/?fran=Umeå&amp;till=Jönköping</loc><changefreq>monthly</changefreq></url>
Hudiksvall,Tibro,1155,907,Avståndet mellan Hudiksvall och Tibro är 1155 km och Karl-Johan Gyllenstorm beräknade körtiden till cirka 907 minuter.,<url><loc>https://pendlings-app1.t-767929534-cloudflare.workers.dev/?fran=Hudiksvall&amp;till=Tibro</loc><changefreq>monthly</changefreq></url>
Trollhättan,Eda,612,396,Avståndet mellan Trollhättan och Eda är 612 km och Karl-Johan Gyllenstorm beräknade körtiden till cirka 396 minuter.,<url><loc>https://pendlings-app1.t-767929534-cloudflare.workers.dev/?fran=Trollhättan&amp;till=Eda</loc><changefreq>monthly</changefreq></url>
Finspång,Tranås,227,171,Avståndet mellan Finspång och Tranås är 227 km och Karl-Johan Gyllenstorm beräknade körtiden till cirka 171 minuter.,<url><loc>https://pendlings-app1.t-767929534-cloudflare.workers.dev/?fran=Finspång&amp;till=Tranås</loc><changefreq>monthly</changefreq></url>
Ängelholm,Svenljunga,639,418,Avståndet mellan Ängelholm och Svenljunga är 639 km och Karl-Johan Gyllenstorm beräknade körtiden till cirka 418 minuter.,<url><loc>https://pendlings-app1.t-767929534-cloudflare.workers.dev/?fran=Ängelholm&amp;till=Svenljunga</loc><changefreq>monthly</changefreq></url>
Höör,Ed,1392,987,Avståndet mellan Höör och Ed är 1392 km och Karl-Johan Gyllenstorm beräknade körtiden till cirka 987 minuter.,<url><loc>https://pendlings-app1.t-767929534-cloudflare.workers.dev/?fran=Höör&amp;till=Ed</loc><changefreq>monthly</changefreq></url>
Ånge,Varberg,144,97,Avståndet mellan Ånge och Varberg är 144 km och Karl-Johan Gyllenstorm beräknade körtiden till cirka 97 minuter.,<url><loc>https://pendlings-app1.t-767929534-cloudflare.workers.dev/?fran=Ånge&amp;till=Varberg</loc><changefreq>monthly</changefreq></url>
Mellerud,Vetlanda,547,359,Avståndet mellan Mellerud och Vetlanda är 547 km och Karl-Johan Gyllenstorm beräknade körtiden till cirka 359 minuter.,<url><loc>https://pendlings-app1.t-767929534-cloudflare.workers.dev/?fran=Mellerud&amp;till=Vetlanda</loc><changefreq>monthly</changefreq></url>
Mullsjö,Skellefteå,441,298,Avståndet mellan Mullsjö och Skellefteå är 441 km och Karl-Johan Gyllenstorm beräknade körtiden till cirka 298 minuter.,<url><loc>https://pendlings-app1.t-767929534-cloudflare.workers.dev/?fran=Mullsjö&amp;till=Skellefteå</loc><changefreq>monthly</changefreq></url>
Berg,Östersund,946,703,Avståndet mellan Berg och Östersund är 946 km och Karl-Johan Gyllenstorm beräknade körtiden till cirka 703 minuter.,<url><loc>https://pendlings-app1.t-767929534-cloudflare.workers.dev/?fran=Berg&amp;till=Östersund</loc><changefreq>monthly</changefreq></url>
Söderhamn,Mariestad,288,199,Avståndet mellan Söderhamn och Mariestad är 288 km och Karl-Johan Gyllenstorm beräknade körtiden till cirka 199 minuter.,<url><loc>https://pendlings-app1.t-767929534-cloudflare.workers.dev/?fran=Söderhamn&amp;till=Mariestad</loc><changefreq>monthly</changefreq></url>
Filipstad,Berg,281,197,Avståndet mellan Filipstad och Berg är 281 km och Karl-Johan Gyllenstorm beräknade körtiden till cirka 197 minuter.,<url><loc>https://pendlings-app1.t-767929534-cloudflare.workers.dev/?fran=Filipstad&amp;till=Berg</loc><changefreq>monthly</changefreq></url>
Grums,Luleå,616,419,Avståndet mellan Grums och Luleå är 616 km och Karl-Johan Gyllenstorm beräknade körtiden till cirka 419 minuter.,<url><loc>https://pendlings-app1.t-767929534-cloudflare.workers.dev/?fran=Grums&amp;till=Luleå</loc><changefreq>monthly</changefreq></url>
Nyköping,Kiruna,519,330,Avståndet mellan Nyköping och Kiruna är 519 km och Karl-Johan Gyllenstorm beräknade körtiden till cirka 330 minuter.,<url><loc>https://pendlings-app1.t-767929534-cloudflare.workers.dev/?fran=Nyköping&amp;till=Kiruna</loc><changefreq>monthly</changefreq></url>
Herrljunga,Eslöv,83,55,Avståndet mellan Herrljunga och Eslöv är 83 km och Karl-Johan Gyllenstorm beräknade körtiden till cirka 55 minuter.,<url><loc>https://pendlings-app1.t-767929534-cloudflare.workers.dev/?fran=Herrljunga&amp;till=Eslöv</loc><changefreq>monthly</changefreq></url>
Norberg,Degerfors,894,569,Avståndet mellan Norberg och Degerfors är 894 km och Karl-Johan Gyllenstorm beräknade körtiden till cirka 569 minuter.,<url><loc>https://pendlings-app1.t-767929534-cloudflare.workers.dev/?fran=Norberg&amp;till=Degerfors</loc><changefreq>monthly</changefreq></url>
Ockelbo,Karlskoga,1324,969,Avståndet mellan Ockelbo och Karlskoga är 1324 km och Karl-Johan Gyllenstorm beräknade körtiden till cirka 969 minuter.,<url><loc>https://pendlings-app1.t-767929534-cloudflare.workers.dev/?fran=Ockelbo&amp;till=Karlskoga</loc><changefreq>monthly</changefreq></url>
Karlstad,Jönköping,85,59,Avståndet mellan Karlstad och Jönköping är 85 km och Karl-Johan Gyllenstorm beräknade körtiden till cirka 59 minuter.,<url><loc>https://pendlings-app1.t-767929534-cloudflare.workers.dev/?fran=Karlstad&amp;till=Jönköping</loc><changefreq>monthly</changefreq></url>
Klippan,Hallstahammar,1347,932,Avståndet mellan Klippan och Hallstahammar är 1347 km och Karl-Johan Gyllenstorm beräknade körtiden till cirka 932 minuter.,<url><loc>https://pendlings-app1.t-767929534-cloudflare.workers.dev/?fran=Klippan&amp;till=Hallstahammar</loc><changefreq>monthly</changefreq></url>
Borlänge,Arvidsjaur,408,317,Avståndet mellan Borlänge och Arvidsjaur är 408 km och Karl-Johan Gyllenstorm beräknade körtiden till cirka 317 minuter.,<url><loc>https://pendlings-app1.t-767929534-cloudflare.workers.dev/?fran=Borlänge&amp;till=Arvidsjaur</loc><changefreq>monthly</changefreq></url>
Ockelbo,Landskrona,411,296,Avståndet mellan Ockelbo och Landskrona är 411 km och Karl-Johan Gyllenstorm beräknade körtiden till cirka 296 minuter.,<url><loc>https://pendlings-app1.t-767929534-cloudflare.workers.dev/?fran=Ockelbo&amp;till=Landskrona</loc><changefreq>monthly</changefreq></url>
Färjestaden,Övertorneå,951,678,Avståndet mellan Färjestaden och Övertorneå är 951 km och Karl-Johan Gyllenstorm beräknade körtiden till cirka 678 minuter.,<url><loc>https://pendlings-app1.t-767929534-cloudflare.workers.dev/?fran=Färjestaden&amp;till=Övertorneå</loc><changefreq>monthly</changefreq></url>
Hörby,Leksand,1253,836,Avståndet mellan Hörby och Leksand är 1253 km och Karl-Johan Gyllenstorm beräknade körtiden till cirka 836 minuter.,<url><loc>https://pendlings-app1.t-767929534-cloudflare.workers.dev/?fran=Hörby&amp;till=Leksand</loc><changefreq>monthly</changefreq></url>
Tanum,Kungsbacka,875,630,Avståndet mellan Tanum och Kungsbacka är 875 km och Karl-Johan Gyllenstorm beräknade körtiden till cirka 630 minuter.,<url><loc>https://pendlings-app1.t-767929534-cloudflare.workers.dev/?fran=Tanum&amp;till=Kungsbacka</loc><changefreq>monthly</changefreq></url>
Finspång,Höör,184,147,Avståndet mellan Finspång och Höör är 184 km och Karl-Johan Gyllenstorm beräknade körtiden till cirka 147 minuter.,<url><loc>https://pendlings-app1.t-767929534-cloudflare.workers.dev/?fran=Finspång&amp;till=Höör</loc><changefreq>monthly</changefreq></url>
Gislaved,Avesta,666,444,Avståndet mellan Gislaved och Avesta är 666 km och Karl-Johan Gyllenstorm beräknade körtiden till cirka 444 minuter.,<url><loc>https://pendlings-app1.t-767929534-cloudflare.workers.dev/?fran=Gislaved&amp;till=Avesta</loc><changefreq>monthly</changefreq></url>
Trelleborg,Hemse,517,385,Avståndet mellan Trelleborg och Hemse är 517 km och Karl-Johan Gyllenstorm beräknade körtiden till cirka 385 minuter.,<url><loc>https://pendlings-app1.t-767929534-cloudflare.workers.dev/?fran=Trelleborg&amp;till=Hemse</loc><changefreq>monthly</changefreq></url>
Norrköping,Klippan,90,70,Avståndet mellan Norrköping och Klippan är 90 km och Karl-Johan Gyllenstorm beräknade körtiden till cirka 70 minuter.,<url><loc>https://pendlings-app1.t-767929534-cloudflare.workers.dev/?fran=Norrköping&amp;till=Klippan</loc><changefreq>monthly</changefreq></url>
Värnamo,Hagfors,287,222,Avståndet mellan Värnamo och Hagfors är 287 km och Karl-Johan Gyllenstorm beräknade körtiden till cirka 222 minuter.,<url><loc>https://pendlings-app1.t-767929534-cloudflare.workers.dev/?fran=Värnamo&amp;till=Hagfors</loc><changefreq>monthly</changefreq></url>
Trelleborg,Karlstad,475,355,Avståndet mellan Trelleborg och Karlstad är 475 km och Karl-Johan Gyllenstorm beräknade körtiden till cirka 355 minuter.,<url><loc>https://pendlings-app1.t-767929534-cloudflare.workers.dev/?fran=Trelleborg&amp;till=Karlstad</loc><changefreq>monthly</changefreq></url>
Storuman,Töreboda,1230,859,Avståndet mellan Storuman och Töreboda är 1230 km och Karl-Johan Gyllenstorm beräknade körtiden till cirka 859 minuter.,<url><loc>https://pendlings-app1.t-767929534-cloudflare.workers.dev/?fran=Storuman&amp;till=Töreboda</loc><changefreq>monthly</changefreq></url>
Sölvesborg,Trollhättan,173,112,Avståndet mellan Sölvesborg och Trollhättan är 173 km och Karl-Johan Gyllenstorm beräknade körtiden till cirka 112 minuter.,<url><loc>https://pendlings-app1.t-767929534-cloudflare.workers.dev/?fran=Sölvesborg&amp;till=Trollhättan</loc><changefreq>monthly</changefreq></url>
Borlänge,Rättvik,452,303,Avståndet mellan Borlänge och Rättvik är 452 km och Karl-Johan Gyllenstorm beräknade körtiden till cirka 303 minuter.,<url><loc>https://pendlings-app1.t-767929534-cloudflare.workers.dev/?fran=Borlänge&amp;till=Rättvik</loc><changefreq>monthly</changefreq></url>
Hallstahammar,Östersund,892,622,Avståndet mellan Hallstahammar och Östersund är 892 km och Karl-Johan Gyllenstorm beräknade körtiden till cirka 622 minuter.,<url><loc>https://pendlings-app1.t-767929534-cloudflare.workers.dev/?fran=Hallstahammar&amp;till=Östersund</loc><changefreq>monthly</changefreq></url>
Linköping,Kinda,887,628,Avståndet mellan Linköping och Kinda är 887 km och Karl-Johan Gyllenstorm beräknade körtiden till cirka 628 minuter.,<url><loc>https://pendlings-app1.t-767929534-cloudflare.workers.dev/?fran=Linköping&amp;till=Kinda</loc><changefreq>monthly</changefreq></url>
Mjölby,Vimmerby,1289,861,Avståndet mellan Mjölby och Vimmerby är 1289 km och Karl-Johan Gyllenstorm beräknade körtiden till cirka 861 minuter.,<url><loc>https://pendlings-app1.t-767929534-cloudflare.workers.dev/?fran=Mjölby&amp;till=Vimmerby</loc><changefreq>monthly</changefreq></url>
Avesta,Eslöv,217,154,Avståndet mellan Avesta och Eslöv är 217 km och Karl-Johan Gyllenstorm beräknade körtiden till cirka 154 minuter.,<url><loc>https://pendlings-app1.t-767929534-cloudflare.workers.dev/?fran=Avesta&amp;till=Eslöv</loc><changefreq>monthly</changefreq></url>
Burgsvik,Håbo,951,654,Avståndet mellan Burgsvik och Håbo är 951 km och Karl-Johan Gyllenstorm beräknade körtiden till cirka 654 minuter.,<url><loc>https://pendlings-app1.t-767929534-cloudflare.workers.dev/?fran=Burgsvik&amp;till=Håbo</loc><changefreq>monthly</changefreq></url>
Karlshamn,Hofors,695,535,Avståndet mellan Karlshamn och Hofors är 695 km och Karl-Johan Gyllenstorm beräknade körtiden till cirka 535 minuter.,<url><loc>https://pendlings-app1.t-767929534-cloudflare.workers.dev/?fran=Karlshamn&amp;till=Hofors</loc><changefreq>monthly</changefreq></url>
Vimmerby,Mullsjö,648,483,Avståndet mellan Vimmerby och Mullsjö är 648 km och Karl-Johan Gyllenstorm beräknade körtiden till cirka 483 minuter.,<url><loc>https://pendlings-app1.t-767929534-cloudflare.workers.dev/?fran=Vimmerby&amp;till=Mullsjö</loc><changefreq>monthly</changefreq></url>
Nybro,Bräcke,851,660,Avståndet mellan Nybro och Bräcke är 851 km och Karl-Johan Gyllenstorm beräknade körtiden till cirka 660 minuter.,<url><loc>https://pendlings-app1.t-767929534-cloudflare.workers.dev/?fran=Nybro&amp;till=Bräcke</loc><changefreq>monthly</changefreq></url>
Rättvik,Hultsfred,626,497,Avståndet mellan Rättvik och Hultsfred är 626 km och Karl-Johan Gyllenstorm beräknade körtiden till cirka 497 minuter.,<url><loc>https://pendlings-app1.t-767929534-cloudflare.workers.dev/?fran=Rättvik&amp;till=Hultsfred</loc><changefreq>monthly</changefreq></url>
Östersund,Skellefteå,361,273,Avståndet mellan Östersund och Skellefteå är 361 km och Karl-Johan Gyllenstorm beräknade körtiden till cirka 273 minuter.,<url><loc>https://pendlings-app1.t-767929534-cloudflare.workers.dev/?fran=Östersund&amp;till=Skellefteå</loc><changefreq>monthly</changefreq></url>