Startort,Destination,Distans_km,Kortid_min,Genererad_Text,Sitemap_Rad
Hultsfred,Skara,767,577,Avståndet mellan Hultsfred och Skara är 767 km och Karl-Johan Gyllenstorm beräknade körtiden till cirka 577 minuter.,<url><loc>https://pendlings-app1.t-767929534-cloudflare.workers.dev/?fran=Hultsfred&amp;till=Skara</loc><changefreq>monthly</changefreq></url>
Sorsele,Bromölla,1386,980,Avståndet mellan Sorsele och Bromölla är 1386 km och Karl-Johan Gyllenstorm beräknade körtiden till cirka 980 minuter.,<url><loc>https://pendlings-app1.t-767929534-cloudflare.workers.dev/?fran=Sorsele&amp;till=Bromölla</loc><changefreq>monthly</changefreq></url>
Strömstad,Gullspång,910,654,Avståndet mellan Strömstad och Gullspång är 910 km och Karl-Johan Gyllenstorm beräknade körtiden till cirka 654 minuter.,<url><loc>https://pendlings-app1.t-767929534-cloudflare.workers.dev/?fran=Strömstad&amp;till=Gullspång</loc><changefreq>monthly</changefreq></url>
Karlskoga,Falkenberg,1331,1036,Avståndet mellan Karlskoga och Falkenberg är 1331 km och Karl-Johan Gyllenstorm beräknade körtiden till cirka 1036 minuter.,<url><loc>https://pendlings-app1.t-767929534-cloudflare.workers.dev/?fran=Karlskoga&amp;till=Falkenberg</loc><changefreq>monthly</changefreq></url>
Älvsbyn,Ludvika,598,391,Avståndet mellan Älvsbyn och Ludvika är 598 km och Karl-Johan Gyllenstorm beräknade körtiden till cirka 391 minuter.,<url><loc>https://pendlings-app1.t-767929534-cloudflare.workers.dev/?fran=Älvsbyn&amp;till=Ludvika</loc><changefreq>monthly</changefreq></url>
Bromölla,Dorotea,589,380,Avståndet mellan Bromölla och Dorotea är 589 km och Karl-Johan Gyllenstorm beräknade körtiden till cirka 380 minuter.,<url><loc>https://pendlings-app1.t-767929534-cloudflare.workers.dev/?fran=Bromölla&amp;till=Dorotea</loc><changefreq>monthly</changefreq></url>
Tomelilla,Skövde,1336,941,Avståndet mellan Tomelilla och Skövde är 1336 km och Karl-Johan Gyllenstorm beräknade körtiden till cirka 941 minuter.,<url><loc>https://pendlings-app1.t-767929534-cloudflare.workers.dev/?fran=Tomelilla&amp;till=Skövde</loc><changefreq>monthly</changefreq></url>
Falköping,Bräcke,884,600,Avståndet mellan Falköping och Bräcke är 884 km och Karl-Johan Gyllenstorm beräknade körtiden till cirka 600 minuter.,<url><loc>https://pendlings-app1.t-767929534-cloudflare.workers.dev/?fran=Falköping&amp;till=Bräcke</loc><changefreq>monthly</changefreq></url>
Vibble,Malung,539,342,Avståndet mellan Vibble och Malung är 539 km och Karl-Johan Gyllenstorm beräknade körtiden till cirka 342 minuter.,<url><loc>https://pendlings-app1.t-767929534-cloudflare.workers.dev/?fran=Vibble&amp;till=Malung</loc><changefreq>monthly</changefreq></url>
Svedala,Enköping,195,155,Avståndet mellan Svedala och Enköping är 195 km och Karl-Johan Gyllenstorm beräknade körtiden till cirka 155 minuter.,<url><loc>https://pendlings-app1.t-767929534-cloudflare.workers.dev/?fran=Svedala&amp;till=Enköping</loc><changefreq>monthly</changefreq></url>
Tranås,Sävsjö,1019,766,Avståndet mellan Tranås och Sävsjö är 1019 km och Karl-Johan Gyllenstorm beräknade körtiden till cirka 766 minuter.,<url><loc>https://pendlings-app1.t-767929534-cloudflare.workers.dev/?fran=Tranås&amp;till=Sävsjö</loc><changefreq>monthly</changefreq></url>
Karlskoga,Landskrona,1038,784,Avståndet mellan Karlskoga och Landskrona är 1038 km och Karl-Johan Gyllenstorm beräknade körtiden till cirka 784 minuter.,<url><loc>https://pendlings-app1.t-767929534-cloudflare.workers.dev/?fran=Karlskoga&amp;till=Landskrona</loc><changefreq>monthly</changefreq></url>
Leksand,Örnsköldsvik,913,620,Avståndet mellan Leksand och Örnsköldsvik är 913 km och Karl-Johan Gyllenstorm beräknade körtiden till cirka 620 minuter.,<url><loc>https://pendlings-app1.t-767929534-cloudflare.workers.dev/?fran=Leksand&amp;till=Örnsköldsvik</loc><changefreq>monthly</changefreq></url>
Uddevalla,Essunga,237,150,Avståndet mellan Uddevalla och Essunga är 237 km och Karl-Johan Gyllenstorm beräknade körtiden till cirka 150 minuter.,<url><loc>https://pendlings-app1.t-767929534-cloudflare.workers.dev/?fran=Uddevalla&amp;till=Essunga</loc><changefreq>monthly</changefreq></url>
Gnosjö,Mariestad,1024,713,Avståndet mellan Gnosjö och Mariestad är 1024 km och Karl-Johan Gyllenstorm beräknade körtiden till cirka 713 minuter.,<url><loc>https://pendlings-app1.t-767929534-cloudflare.workers.dev/?fran=Gnosjö&amp;till=Mariestad</loc><changefreq>monthly</changefreq></url>
Gällivare,Lidköping,1183,860,Avståndet mellan Gällivare och Lidköping är 1183 km och Karl-Johan Gyllenstorm beräknade körtiden till cirka 860 minuter.,<url><loc>https://pendlings-app1.t-767929534-cloudflare.workers.dev/?fran=Gällivare&amp;till=Lidköping</loc><changefreq>monthly</changefreq></url>
Vårgårda,Kalix,1087,706,Avståndet mellan Vårgårda och Kalix är 1087 km och Karl-Johan Gyllenstorm beräknade körtiden till cirka 706 minuter.,<url><loc>https://pendlings-app1.t-767929534-cloudflare.workers.dev/?fran=Vårgårda&amp;till=Kalix</loc><changefreq>monthly</changefreq></url>
Vadstena,Malung,1392,1011,Avståndet mellan Vadstena och Malung är 1392 km och Karl-Johan Gyllenstorm beräknade körtiden till cirka 1011 minuter.,<url><loc>https://pendlings-app1.t-767929534-cloudflare.workers.dev/?fran=Vadstena&amp;till=Malung</loc><changefreq>monthly</changefreq></url>
Trollhättan,Sävsjö,1257,978,Avståndet mellan Trollhättan och Sävsjö är 1257 km och Karl-Johan Gyllenstorm beräknade körtiden till cirka 978 minuter.,<url><loc>https://pendlings-app1.t-767929534-cloudflare.workers.dev/?fran=Trollhättan&amp;till=Sävsjö</loc><changefreq>monthly</changefreq></url>
Torsby,Hörby,1341,855,Avståndet mellan Torsby och Hörby är 1341 km och Karl-Johan Gyllenstorm beräknade körtiden till cirka 855 minuter.,<url><loc>https://pendlings-app1.t-767929534-cloudflare.workers.dev/?fran=Torsby&amp;till=Hörby</loc><changefreq>monthly</changefreq></url>
Tanum,Ljusnarsberg,1203,939,Avståndet mellan Tanum och Ljusnarsberg är 1203 km och Karl-Johan Gyllenstorm beräknade körtiden till cirka 939 minuter.,<url><loc>https://pendlings-app1.t-767929534-cloudflare.workers.dev/?fran=Tanum&amp;till=Ljusnarsberg</loc><changefreq>monthly</changefreq></url>
Lindesberg,Hemse,513,374,Avståndet mellan Lindesberg och Hemse är 513 km och Karl-Johan Gyllenstorm beräknade körtiden till cirka 374 minuter.,<url><loc>https://pendlings-app1.t-767929534-cloudflare.workers.dev/?fran=Lindesberg&amp;till=Hemse</loc><changefreq>monthly</changefreq></url>
Malå,Täby,1402,943,Avståndet mellan Malå och Täby är 1402 km och Karl-Johan Gyllenstorm beräknade körtiden till cirka 943 minuter.,<url><loc>https://pendlings-app1.t-767929534-cloudflare.workers.dev/?fran=Malå&amp;till=Täby</loc><changefreq>monthly</changefreq></url>
Askersund,Ockelbo,1261,907,Avståndet mellan Askersund och Ockelbo är 1261 km och Karl-Johan Gyllenstorm beräknade körtiden till cirka 907 minuter.,<url><loc>https://pendlings-app1.t-767929534-cloudflare.workers.dev/?fran=Askersund&amp;till=Ockelbo</loc><changefreq>monthly</changefreq></url>
Grums,Tanum,831,558,Avståndet mellan Grums och Tanum är 831 km och Karl-Johan Gyllenstorm beräknade körtiden till cirka 558 minuter.,<url><loc>https://pendlings-app1.t-767929534-cloudflare.workers.dev/?fran=Grums&amp;till=Tanum</loc><changefreq>monthly</changefreq></url>
Torsby,Fårösund,106,78,Avståndet mellan Torsby och Fårösund är 106 km och Karl-Johan Gyllenstorm beräknade körtiden till cirka 78 minuter.,<url><loc>https://pendlings-app1.t-767929534-cloudflare.workers.dev/?fran=Torsby&amp;till=Fårösund</loc><changefreq>monthly</changefreq></url>
Lindesberg,Karlstad,926,604,Avståndet mellan Lindesberg och Karlstad är 926 km och Karl-Johan Gyllenstorm beräknade körtiden till cirka 604 minuter.,<url><loc>https://pendlings-app1.t-767929534-cloudflare.workers.dev/?fran=Lindesberg&amp;till=Karlstad</loc><changefreq>monthly</changefreq></url>
Svedala,Oskarshamn,1199,780,Avståndet mellan Svedala och Oskarshamn är 1199 km och Karl-Johan Gyllenstorm beräknade körtiden till cirka 780 minuter.,<url><loc>https://pendlings-app1.t-767929534-cloudflare.workers.dev/?fran=Svedala&amp;till=Oskarshamn</loc><changefreq>monthly</changefreq></url>
Bollebygd,Malmö,101,65,Avståndet mellan Bollebygd och Malmö är 101 km och Karl-Johan Gyllenstorm beräknade körtiden till cirka 65 minuter.,<url><loc>https://pendlings-app1.t-767929534-cloudflare.workers.dev/?fran=Bollebygd&amp;till=Malmö</loc><changefreq>monthly</changefreq></url>
Sollefteå,Motala,1311,875,Avståndet mellan Sollefteå och Motala är 1311 km och Karl-Johan Gyllenstorm beräknade körtiden till cirka 875 minuter.,<url><loc>https://pendlings-app1.t-767929534-cloudflare.workers.dev/?fran=Sollefteå&amp;till=Motala</loc><changefreq>monthly</changefreq></url>
Kopparberg,Sala,909,617,Avståndet mellan Kopparberg och Sala är 909 km och Karl-Johan Gyllenstorm beräknade körtiden till cirka 617 minuter.,<url><loc>https://pendlings-app1.t-767929534-cloudflare.workers.dev/?fran=Kopparberg&amp;till=Sala</loc><changefreq>monthly</changefreq></url>
Vellinge,Finspång,77,58,Avståndet mellan Vellinge och Finspång är 77 km och Karl-Johan Gyllenstorm beräknade körtiden till cirka 58 minuter.,<url><loc>https://pendlings-app1.t-767929534-cloudflare.workers.dev/?fran=Vellinge&amp;till=Finspång</loc><changefreq>monthly</changefreq></url>
Enköping,Västerås,395,314,Avståndet mellan Enköping och Västerås är 395 km och Karl-Johan Gyllenstorm beräknade körtiden till cirka 314 minuter.,<url><loc>https://pendlings-app1.t-767929534-cloudflare.workers.dev/?fran=Enköping&amp;till=Västerås</loc><changefreq>monthly</changefreq></url>
Eskilstuna,Karlskoga,698,544,Avståndet mellan Eskilstuna och Karlskoga är 698 km och Karl-Johan Gyllenstorm beräknade körtiden till cirka 544 minuter.,<url><loc>https://pendlings-app1.t-767929534-cloudflare.workers.dev/?fran=Eskilstuna&amp;till=Karlskoga</loc><changefreq>monthly</changefreq></url>
Kalmar,Oxelösund,869,573,Avståndet mellan Kalmar och Oxelösund är 869 km och Karl-Johan Gyllenstorm beräknade körtiden till cirka 573 minuter.,<url><loc>https://pendlings-app1.t-767929534-cloudflare.workers.dev/?fran=Kalmar&amp;till=Oxelösund</loc><changefreq>monthly</changefreq></url>
Jokkmokk,Perstorp,960,626,Avståndet mellan Jokkmokk och Perstorp är 960 km och Karl-Johan Gyllenstorm beräknade körtiden till cirka 626 minuter.,<url><loc>https://pendlings-app1.t-767929534-cloudflare.workers.dev/?fran=Jokkmokk&amp;till=Perstorp</loc><changefreq>monthly</changefreq></url>
Hedemora,Lund,544,397,Avståndet mellan Hedemora och Lund är 544 km och Karl-Johan Gyllenstorm beräknade körtiden till cirka 397 minuter.,<url><loc>https://pendlings-app1.t-767929534-cloudflare.workers.dev/?fran=Hedemora&amp;till=Lund</loc><changefreq>monthly</changefreq></url>
Sandviken,Vimmerby,1423,1043,Avståndet mellan Sandviken och Vimmerby är 1423 km och Karl-Johan Gyllenstorm beräknade körtiden till cirka 1043 minuter.,<url><loc>https://pendlings-app1.t-767929534-cloudflare.workers.dev/?fran=Sandviken&amp;till=Vimmerby</loc><changefreq>monthly</changefreq></url>
Essunga,Kristinehamn,534,398,Avståndet mellan Essunga och Kristinehamn är 534 km och Karl-Johan Gyllenstorm beräknade körtiden till cirka 398 minuter.,<url><loc>https://pendlings-app1.t-767929534-cloudflare.workers.dev/?fran=Essunga&amp;till=Kristinehamn</loc><changefreq>monthly</changefreq></url>
Lund,Åsele,122,90,Avståndet mellan Lund och Åsele är 122 km och Karl-Johan Gyllenstorm beräknade körtiden till cirka 90 minuter.,<url><loc>https://pendlings-app1.t-767929534-cloudflare.workers.dev/?fran=Lund&amp;till=Åsele</loc><changefreq>monthly</changefreq></url>
Kramfors,Laxå,1325,990,Avståndet mellan Kramfors och Laxå är 1325 km och Karl-Johan Gyllenstorm beräknade körtiden till cirka 990 minuter.,<url><loc>https://pendlings-app1.t-767929534-cloudflare.workers.dev/?fran=Kramfors&amp;till=Laxå</loc><changefreq>monthly</changefreq></url>
Gimo,Ydre,353,267,Avståndet mellan Gimo och Ydre är 353 km och Karl-Johan Gyllenstorm beräknade körtiden till cirka 267 minuter.,<url><loc>https://pendlings-app1.t-767929534-cloudflare.workers.dev/?fran=Gimo&amp;till=Ydre</loc><changefreq>monthly</changefreq></url>
Kalmar,Skutskär,1145,781,Avståndet mellan Kalmar och Skutskär är 1145 km och Karl-Johan Gyllenstorm beräknade körtiden till cirka 781 minuter.,<url><loc>https://pendlings-app1.t-767929534-cloudflare.workers.dev/?fran=Kalmar&amp;till=Skutskär</loc><changefreq>monthly</changefreq></url>
Landskrona,Kalmar,846,564,Avståndet mellan Landskrona och Kalmar är 846 km och Karl-Johan Gyllenstorm beräknade körtiden till cirka 564 minuter.,<url><loc>https://pendlings-app1.t-767929534-cloudflare.workers.dev/?fran=Landskrona&amp;till=Kalmar</loc><changefreq>monthly</changefreq></url>
Arvika,Ronneby,377,246,Avståndet mellan Arvika och Ronneby är 377 km och Karl-Johan Gyllenstorm beräknade körtiden till cirka 246 minuter.,<url><loc>https://pendlings-app1.t-767929534-cloudflare.workers.dev/?fran=Arvika&amp;till=Ronneby</loc><changefreq>monthly</changefreq></url>
Mark,Tranemo,207,152,Avståndet mellan Mark och Tranemo är 207 km och Karl-Johan Gyllenstorm beräknade körtiden till cirka 152 minuter.,<url><loc>https://pendlings-app1.t-767929534-cloudflare.workers.dev/?fran=Mark&amp;till=Tranemo</loc><changefreq>monthly</changefreq></url>
Surahammar,Hyltebruk,1287,900,Avståndet mellan Surahammar och Hyltebruk är 1287 km och Karl-Johan Gyllenstorm beräknade körtiden till cirka 900 minuter.,<url><loc>https://pendlings-app1.t-767929534-cloudflare.workers.dev/?fran=Surahammar&amp;till=Hyltebruk</loc><changefreq>monthly</changefreq></url>
Lidköping,Skurup,491,362,Avståndet mellan Lidköping och Skurup är 491 km och Karl-Johan Gyllenstorm beräknade körtiden till cirka 362 minuter.,<url><loc>https://pendlings-app1.t-767929534-cloudflare.workers.dev/?fran=Lidköping&amp;till=Skurup</loc><changefreq>monthly</changefreq></url>
Ystad,Nordanstig,651,507,Avståndet mellan Ystad och Nordanstig är 651 km och Karl-Johan Gyllenstorm beräknade körtiden till cirka 507 minuter.,<url><loc>https://pendlings-app1.t-767929534-cloudflare.workers.dev/?fran=Ystad&amp;till=Nordanstig</loc><changefreq>monthly</changefreq></url>
Luleå,Eda,210,144,Avståndet mellan Luleå och Eda är 210 km och Karl-Johan Gyllenstorm beräknade körtiden till cirka 144 minuter.,<url><loc>https://pendlings-app1.t-767929534-cloudflare.workers.dev/?fran=Luleå&amp;till=Eda</loc><changefreq>monthly</changefreq></url>
Svenljunga,Vara,665,456,Avståndet mellan Svenljunga och Vara är 665 km och Karl-Johan Gyllenstorm beräknade körtiden till cirka 456 minuter.,<url><loc>https://pendlings-app1.t-767929534-cloudflare.workers.dev/?fran=Svenljunga&amp;till=Vara</loc><changefreq>monthly</changefreq></url>
Härjedalen,Östhammar,1334,1017,Avståndet mellan Härjedalen och Östhammar är 1334 km och Karl-Johan Gyllenstorm beräknade körtiden till cirka 1017 minuter.,<url><loc>https://pendlings-app1.t-767929534-cloudflare.workers.dev/?fran=Härjedalen&amp;till=Östhammar</loc><changefreq>monthly</changefreq></url>
Västervik,Surahammar,808,613,Avståndet mellan Västervik och Surahammar är 808 km och Karl-Johan Gyllenstorm beräknade körtiden till cirka 613 minuter.,<url><loc>https://pendlings-app1.t-767929534-cloudflare.workers.dev/?fran=Västervik&amp;till=Surahammar</loc><changefreq>monthly</changefreq></url>
Hallsberg,Eksjö,1019,746,Avståndet mellan Hallsberg och Eksjö är 1019 km och Karl-Johan Gyllenstorm beräknade körtiden till cirka 746 minuter.,<url><loc>https://pendlings-app1.t-767929534-cloudflare.workers.dev/?fran=Hallsberg&amp;till=Eksjö</loc><changefreq>monthly</changefreq></url>
Jokkmokk,Alingsås,921,595,Avståndet mellan Jokkmokk och Alingsås är 921 km och Karl-Johan Gyllenstorm beräknade körtiden till cirka 595 minuter.,<url><loc>https://pendlings-app1.t-767929534-cloudflare.workers.dev/?fran=Jokkmokk&amp;till=Alingsås</loc><changefreq>monthly</changefreq></url>
Ödeshög,Gnosjö,351,224,Avståndet mellan Ödeshög och Gnosjö är 351 km och Karl-Johan Gyllenstorm beräknade körtiden till cirka 224 minuter.,<url><loc>https://pendlings-app1.t-767929534-cloudflare.workers.dev/?fran=Ödeshög&amp;till=Gnosjö</loc><changefreq>monthly</changefreq></url>
Bjuv,Visby,686,546,Avståndet mellan Bjuv och Visby är 686 km och Karl-Johan Gyllenstorm beräknade körtiden till cirka 546 minuter.,<url><loc>https://pendlings-app1.t-767929534-cloudflare.workers.dev/?fran=Bjuv&amp;till=Visby</loc><changefreq>monthly</changefreq></url>
Tanum,Malung,413,286,Avståndet mellan Tanum och Malung är 413 km och Karl-Johan Gyllenstorm beräknade körtiden till cirka 286 minuter.,<url><loc>https://pendlings-app1.t-767929534-cloudflare.workers.dev/?fran=Tanum&amp;till=Malung</loc><changefreq>monthly</changefreq></url>
Tranemo,Skinnskatteberg,1061,715,Avståndet mellan Tranemo och Skinnskatteberg är 1061 km och Karl-Johan Gyllenstorm beräknade körtiden till cirka 715 minuter.,<url><loc>https://pendlings-app1.t-767929534-cloudflare.workers.dev/?fran=Tranemo&amp;till=Skinnskatteberg</loc><changefreq>monthly</changefreq></url>
Mora,Timrå,1172,869,Avståndet mellan Mora och Timrå är 1172 km och Karl-Johan Gyllenstorm beräknade körtiden till cirka 869 minuter.,<url><loc>https://pendlings-app1.t-767929534-cloudflare.workers.dev/?fran=Mora&amp;till=Timrå</loc><changefreq>monthly</changefreq></url>
Ragunda,Lindesberg,1171,819,Avståndet mellan Ragunda och Lindesberg är 1171 km och Karl-Johan Gyllenstorm beräknade körtiden till cirka 819 minuter.,<url><loc>https://pendlings-app1.t-767929534-cloudflare.workers.dev/?fran=Ragunda&amp;till=Lindesberg</loc><changefreq>monthly</changefreq></url>
Sjöbo,Arboga,840,577,Avståndet mellan Sjöbo och Arboga är 840 km och Karl-Johan Gyllenstorm beräknade körtiden till cirka 577 minuter.,<url><loc>https://pendlings-app1.t-767929534-cloudflare.workers.dev/?fran=Sjöbo&amp;till=Arboga</loc><changefreq>monthly</changefreq></url>
Laholm,Rättvik,180,137,Avståndet mellan Laholm och Rättvik är 180 km och Karl-Johan Gyllenstorm beräknade körtiden till cirka 137 minuter.,<url><loc>https://pendlings-app1.t-767929534-cloudflare.workers.dev/?fran=Laholm&amp;till=Rättvik</loc><changefreq>monthly</changefreq></url>
Helsingborg,Åmål,210,141,Avståndet mellan Helsingborg och Åmål är 210 km och Karl-Johan Gyllenstorm beräknade körtiden till cirka 141 minuter.,<url><loc>https://pendlings-app1.t-767929534-cloudflare.workers.dev/?fran=Helsingborg&amp;till=Åmål</loc><changefreq>monthly</changefreq></url>
Stockholm,Flen,1383,999,Avståndet mellan Stockholm och Flen är 1383 km och Karl-Johan Gyllenstorm beräknade körtiden till cirka 999 minuter.,<url><loc>https://pendlings-app1.t-767929534-cloudflare.workers.dev/?fran=Stockholm&amp;till=Flen</loc><changefreq>monthly</changefreq></url>
Uddevalla,Hallstahammar,564,434,Avståndet mellan Uddevalla och Hallstahammar är 564 km och Karl-Johan Gyllenstorm beräknade körtiden till cirka 434 minuter.,<url><loc>https://pendlings-app1.t-767929534-cloudflare.workers.dev/?fran=Uddevalla&amp;till=Hallstahammar</loc><changefreq>monthly</changefreq></url>
Hässleholm,Ljusdal,721,505,Avståndet mellan Hässleholm och Ljusdal är 721 km och Karl-Johan Gyllenstorm beräknade körtiden till cirka 505 minuter.,<url><loc>https://pendlings-app1.t-767929534-cloudflare.workers.dev/?fran=Hässleholm&amp;till=Ljusdal</loc><changefreq>monthly</changefreq></url>
Simrishamn,Piteå,837,647,Avståndet mellan Simrishamn och Piteå är 837 km och Karl-Johan Gyllenstorm beräknade körtiden till cirka 647 minuter.,<url><loc>https://pendlings-app1.t-767929534-cloudflare.workers.dev/?fran=Simrishamn&amp;till=Piteå</loc><changefreq>monthly</changefreq></url>
Burgsvik,Roma,813,633,Avståndet mellan Burgsvik och Roma är 813 km och Karl-Johan Gyllenstorm beräknade körtiden till cirka 633 minuter.,<url><loc>https://pendlings-app1.t-767929534-cloudflare.workers.dev/?fran=Burgsvik&amp;till=Roma</loc><changefreq>monthly</changefreq></url>
Härnösand,Örnsköldsvik,626,430,Avståndet mellan Härnösand och Örnsköldsvik är 626 km och Karl-Johan Gyllenstorm beräknade körtiden till cirka 430 minuter.,<url><loc>https://pendlings-app1.t-767929534-cloudflare.workers.dev/?fran=Härnösand&amp;till=Örnsköldsvik</loc><changefreq>monthly</changefreq></url>
Tingstäde,Nordanstig,193,142,Avståndet mellan Tingstäde och Nordanstig är 193 km och Karl-Johan Gyllenstorm beräknade körtiden till cirka 142 minuter.,<url><loc>https://pendlings-app1.t-767929534-cloudflare.workers.dev/?fran=Tingstäde&amp;till=Nordanstig</loc><changefreq>monthly</changefreq></url>
Svenljunga,Ödeshög,485,347,Avståndet mellan Svenljunga och Ödeshög är 485 km och Karl-Johan Gyllenstorm beräknade körtiden till cirka 347 minuter.,<url><loc>https://pendlings-app1.t-767929534-cloudflare.workers.dev/?fran=Svenljunga&amp;till=Ödeshög</loc><changefreq>monthly</changefreq></url>
Högsby,Katrineholm,108,81,Avståndet mellan Högsby och Katrineholm är 108 km och Karl-Johan Gyllenstorm beräknade körtiden till cirka 81 minuter.,<url><loc>https://pendlings-app1.t-767929534-cloudflare.workers.dev/?fran=Högsby&amp;till=Katrineholm</loc><changefreq>monthly</changefreq></url>
Stockholm,Fagersta,342,232,Avståndet mellan Stockholm och Fagersta är 342 km och Karl-Johan Gyllenstorm beräknade körtiden till cirka 232 minuter.,<url><loc>https://pendlings-app1.t-767929534-cloudflare.workers.dev/?fran=Stockholm&amp;till=Fagersta</loc><changefreq>monthly</changefreq></url>
Dorotea,Ånge,585,465,Avståndet mellan Dorotea och Ånge är 585 km och Karl-Johan Gyllenstorm beräknade körtiden till cirka 465 minuter.,<url><loc>https://pendlings-app1.t-767929534-cloudflare.workers.dev/?fran=Dorotea&amp;till=Ånge</loc><changefreq>monthly</changefreq></url>
Kalix,Överkalix,484,317,Avståndet mellan Kalix och Överkalix är 484 km och Karl-Johan Gyllenstorm beräknade körtiden till cirka 317 minuter.,<url><loc>https://pendlings-app1.t-767929534-cloudflare.workers.dev/?fran=Kalix&amp;till=Överkalix</loc><changefreq>monthly</changefreq></url>
Fårösund,Hultsfred,473,355,Avståndet mellan Fårösund och Hultsfred är 473 km och Karl-Johan Gyllenstorm beräknade körtiden till cirka 355 minuter.,<url><loc>https://pendlings-app1.t-767929534-cloudflare.workers.dev/?fran=Fårösund&amp;till=Hultsfred</loc><changefreq>monthly</changefreq></url>
Sandviken,Oxelösund,487,349,Avståndet mellan Sandviken och Oxelösund är 487 km och Karl-Johan Gyllenstorm beräknade körtiden till cirka 349 minuter.,<url><loc>https://pendlings-app1.t-767929534-cloudflare.workers.dev/?fran=Sandviken&amp;till=Oxelösund</loc><changefreq>monthly</changefreq></url>
Katrineholm,Lomma,467,360,Avståndet mellan Katrineholm och Lomma är 467 km och Karl-Johan Gyllenstorm beräknade körtiden till cirka 360 minuter.,<url><loc>https://pendlings-app1.t-767929534-cloudflare.workers.dev/?fran=Katrineholm&amp;till=Lomma</loc><changefreq>monthly</changefreq></url>
Skinnskatteberg,Malmö,632,475,Avståndet mellan Skinnskatteberg och Malmö är 632 km och Karl-Johan Gyllenstorm beräknade körtiden till cirka 475 minuter.,<url><loc>https://pendlings-app1.t-767929534-cloudflare.workers.dev/?fran=Skinnskatteberg&amp;till=Malmö</loc><changefreq>monthly</changefreq></url>
Motala,Lomma,67,44,Avståndet mellan Motala och Lomma är 67 km och Karl-Johan Gyllenstorm beräknade körtiden till cirka 44 minuter.,<url><loc>https://pendlings-app1.t-767929534-cloudflare.workers.dev/?fran=Motala&amp;till=Lomma</loc><changefreq>monthly</changefreq></url>
Karlshamn,Älvsbyn,1014,663,Avståndet mellan Karlshamn och Älvsbyn är 1014 km och Karl-Johan Gyllenstorm beräknade körtiden till cirka 663 minuter.,<url><loc>https://pendlings-app1.t-767929534-cloudflare.workers.dev/?fran=Karlshamn&amp;till=Älvsbyn</loc><changefreq>monthly</changefreq></url>
Gällivare,Ulricehamn,873,608,Avståndet mellan Gällivare och Ulricehamn är 873 km och Karl-Johan Gyllenstorm beräknade körtiden till cirka 608 minuter.,<url><loc>https://pendlings-app1.t-767929534-cloudflare.workers.dev/?fran=Gällivare&amp;till=Ulricehamn</loc><changefreq>monthly</changefreq></url>
Ed,Storfors,1188,904,Avståndet mellan Ed och Storfors är 1188 km och Karl-Johan Gyllenstorm beräknade körtiden till cirka 904 minuter.,<url><loc>https://pendlings-app1.t-767929534-cloudflare.workers.dev/?fran=Ed&amp;till=Storfors</loc><changefreq>monthly</changefreq></url>
Eslöv,Svalöv,406,265,Avståndet mellan Eslöv och Svalöv är 406 km och Karl-Johan Gyllenstorm beräknade körtiden till cirka 265 minuter.,<url><loc>https://pendlings-app1.t-767929534-cloudflare.workers.dev/?fran=Eslöv&amp;till=Svalöv</loc><changefreq>monthly</changefreq></url>
Havdhem,Lund,1214,878,Avståndet mellan Havdhem och Lund är 1214 km och Karl-Johan Gyllenstorm beräknade körtiden till cirka 878 minuter.,<url><loc>https://pendlings-app1.t-767929534-cloudflare.workers.dev/?fran=Havdhem&amp;till=Lund</loc><changefreq>monthly</changefreq></url>
Lärbro,Trollhättan,1203,778,Avståndet mellan Lärbro och Trollhättan är 1203 km och Karl-Johan Gyllenstorm beräknade körtiden till cirka 778 minuter.,<url><loc>https://pendlings-app1.t-767929534-cloudflare.workers.dev/?fran=Lärbro&amp;till=Trollhättan</loc><changefreq>monthly</changefreq></url>
Svalöv,Fagersta,817,545,Avståndet mellan Svalöv och Fagersta är 817 km och Karl-Johan Gyllenstorm beräknade körtiden till cirka 545 minuter.,<url><loc>https://pendlings-app1.t-767929534-cloudflare.workers.dev/?fran=Svalöv&amp;till=Fagersta</loc><changefreq>monthly</changefreq></url>
Kristianstad,Lomma,770,507,Avståndet mellan Kristianstad och Lomma är 770 km och Karl-Johan Gyllenstorm beräknade körtiden till cirka 507 minuter.,<url><loc>https://pendlings-app1.t-767929534-cloudflare.workers.dev/?fran=Kristianstad&amp;till=Lomma</loc><changefreq>monthly</changefreq></url>
Kinda,Jokkmokk,564,405,Avståndet mellan Kinda och Jokkmokk är 564 km och Karl-Johan Gyllenstorm beräknade körtiden till cirka 405 minuter.,<url><loc>https://pendlings-app1.t-767929534-cloudflare.workers.dev/?fran=Kinda&amp;till=Jokkmokk</loc><changefreq>monthly</changefreq></url>
Ljusdal,Umeå,771,497,Avståndet mellan Ljusdal och Umeå är 771 km och Karl-Johan Gyllenstorm beräknade körtiden till cirka 497 minuter.,<url><loc>https://pendlings-app1.t-767929534-cloudflare.workers.dev/?fran=Ljusdal&amp;till=Umeå</loc><changefreq>monthly</changefreq></url>
Burgsvik,Bjuv,505,372,Avståndet mellan Burgsvik och Bjuv är 505 km och Karl-Johan Gyllenstorm beräknade körtiden till cirka 372 minuter.,<url><loc>https://pendlings-app1.t-767929534-cloudflare.workers.dev/?fran=Burgsvik&amp;till=Bjuv</loc><changefreq>monthly</changefreq></url>
Vadstena,Hyltebruk,756,593,Avståndet mellan Vadstena och Hyltebruk är 756 km och Karl-Johan Gyllenstorm beräknade körtiden till cirka 593 minuter.,<url><loc>https://pendlings-app1.t-767929534-cloudflare.workers.dev/?fran=Vadstena&amp;till=Hyltebruk</loc><changefreq>monthly</changefreq></url>
Bjuv,Tingstäde,1444,1115,Avståndet mellan Bjuv och Tingstäde är 1444 km och Karl-Johan Gyllenstorm beräknade körtiden till cirka 1115 minuter.,<url><loc>https://pendlings-app1.t-767929534-cloudflare.workers.dev/?fran=Bjuv&amp;till=Tingstäde</loc><changefreq>monthly</changefreq></url>
Svenljunga,Pajala,530,350,Avståndet mellan Svenljunga och Pajala är 530 km och Karl-Johan Gyllenstorm beräknade körtiden till cirka 350 minuter.,<url><loc>https://pendlings-app1.t-767929534-cloudflare.workers.dev/?fran=Svenljunga&amp;till=Pajala</loc><changefreq>monthly</changefreq></url>
Lomma,Åmål,1210,936,Avståndet mellan Lomma och Åmål är 1210 km och Karl-Johan Gyllenstorm beräknade körtiden till cirka 936 minuter.,<url><loc>https://pendlings-app1.t-767929534-cloudflare.workers.dev/?fran=Lomma&amp;till=Åmål</loc><changefreq>monthly</changefreq></url>
Strömsund,Fagersta,1064,716,Avståndet mellan Strömsund och Fagersta är 1064 km och Karl-Johan Gyllenstorm beräknade körtiden till cirka 716 minuter.,<url><loc>https://pendlings-app1.t-767929534-cloudflare.workers.dev/?fran=Strömsund&amp;till=Fagersta</loc><changefreq>monthly</changefreq></url>
Fagersta,Kiruna,1121,828,Avståndet mellan Fagersta och Kiruna är 1121 km och Karl-Johan Gyllenstorm beräknade körtiden till cirka 828 minuter.,<url><loc>https://pendlings-app1.t-767929534-cloudflare.workers.dev/?fran=Fagersta&amp;till=Kiruna</loc><changefreq>monthly</changefreq></url>
Hudiksvall,Laholm,1262,952,Avståndet mellan Hudiksvall och Laholm är 1262 km och Karl-Johan Gyllenstorm beräknade körtiden till cirka 952 minuter.,<url><loc>https://pendlings-app1.t-767929534-cloudflare.workers.dev/?fran=Hudiksvall&amp;till=Laholm</loc><changefreq>monthly</changefreq></url>
Bollnäs,Hofors,738,496,Avståndet mellan Bollnäs och Hofors är 738 km och Karl-Johan Gyllenstorm beräknade körtiden till cirka 496 minuter.,<url><loc>https://pendlings-app1.t-767929534-cloudflare.workers.dev/?fran=Bollnäs&amp;till=Hofors</loc><changefreq>monthly</changefreq></url>
Överkalix,Laholm,1345,854,Avståndet mellan Överkalix och Laholm är 1345 km och Karl-Johan Gyllenstorm beräknade körtiden till cirka 854 minuter.,<url><loc>https://pendlings-app1.t-767929534-cloudflare.workers.dev/?fran=Överkalix&amp;till=Laholm</loc><changefreq>monthly</changefreq></url>
Vänersborg,Hallsberg,483,344,Avståndet mellan Vänersborg och Hallsberg är 483 km och Karl-Johan Gyllenstorm beräknade körtiden till cirka 344 minuter.,<url><loc>https://pendlings-app1.t-767929534-cloudflare.workers.dev/?fran=Vänersborg&amp;till=Hallsberg</loc><changefreq>monthly</changefreq></url>
Kils,Hällefor,1201,786,Avståndet mellan Kils och Hällefor är 1201 km och Karl-Johan Gyllenstorm beräknade körtiden till cirka 786 minuter.,<url><loc>https://pendlings-app1.t-767929534-cloudflare.workers.dev/?fran=Kils&amp;till=Hällefor</loc><changefreq>monthly</changefreq></url>
Håbo,Degerfors,967,664,Avståndet mellan Håbo och Degerfors är 967 km och Karl-Johan Gyllenstorm beräknade körtiden till cirka 664 minuter.,<url><loc>https://pendlings-app1.t-767929534-cloudflare.workers.dev/?fran=Håbo&amp;till=Degerfors</loc><changefreq>monthly</changefreq></url>
Östra Göinge,Arvidsjaur,1043,721,Avståndet mellan Östra Göinge och Arvidsjaur är 1043 km och Karl-Johan Gyllenstorm beräknade körtiden till cirka 721 minuter.,<url><loc>https://pendlings-app1.t-767929534-cloudflare.workers.dev/?fran=Östra Göinge&amp;till=Arvidsjaur</loc><changefreq>monthly</changefreq></url>
Sollefteå,Skurup,157,100,Avståndet mellan Sollefteå och Skurup är 157 km och Karl-Johan Gyllenstorm beräknade körtiden till cirka 100 minuter.,<url><loc>https://pendlings-app1.t-767929534-cloudflare.workers.dev/?fran=Sollefteå&amp;till=Skurup</loc><changefreq>monthly</changefreq></url>
Örnsköldsvik,Vilhelmina,375,298,Avståndet mellan Örnsköldsvik och Vilhelmina är 375 km och Karl-Johan Gyllenstorm beräknade körtiden till cirka 298 minuter.,<url><loc>https://pendlings-app1.t-767929534-cloudflare.workers.dev/?fran=Örnsköldsvik&amp;till=Vilhelmina</loc><changefreq>monthly</changefreq></url>
Staffanstorp,Hallstahammar,943,657,Avståndet mellan Staffanstorp och Hallstahammar är 943 km och Karl-Johan Gyllenstorm beräknade körtiden till cirka 657 minuter.,<url><loc>https://pendlings-app1.t-767929534-cloudflare.workers.dev/?fran=Staffanstorp&amp;till=Hallstahammar</loc><changefreq>monthly</changefreq></url>
Lekeberg,Burgsvik,142,92,Avståndet mellan Lekeberg och Burgsvik är 142 km och Karl-Johan Gyllenstorm beräknade körtiden till cirka 92 minuter.,<url><loc>https://pendlings-app1.t-767929534-cloudflare.workers.dev/?fran=Lekeberg&amp;till=Burgsvik</loc><changefreq>monthly</changefreq></url>
Arboga,Vara,1001,650,Avståndet mellan Arboga och Vara är 1001 km och Karl-Johan Gyllenstorm beräknade körtiden till cirka 650 minuter.,<url><loc>https://pendlings-app1.t-767929534-cloudflare.workers.dev/?fran=Arboga&amp;till=Vara</loc><changefreq>monthly</changefreq></url>
Tofta,Götene,327,257,Avståndet mellan Tofta och Götene är 327 km och Karl-Johan Gyllenstorm beräknade körtiden till cirka 257 minuter.,<url><loc>https://pendlings-app1.t-767929534-cloudflare.workers.dev/?fran=Tofta&amp;till=Götene</loc><changefreq>monthly</changefreq></url>
Kungsbacka,Överkalix,750,590,Avståndet mellan Kungsbacka och Överkalix är 750 km och Karl-Johan Gyllenstorm beräknade körtiden till cirka 590 minuter.,<url><loc>https://pendlings-app1.t-767929534-cloudflare.workers.dev/?fran=Kungsbacka&amp;till=Överkalix</loc><changefreq>monthly</changefreq></url>
Bengtsfors,Bålsta,590,410,Avståndet mellan Bengtsfors och Bålsta är 590 km och Karl-Johan Gyllenstorm beräknade körtiden till cirka 410 minuter.,<url><loc>https://pendlings-app1.t-767929534-cloudflare.workers.dev/?fran=Bengtsfors&amp;till=Bålsta</loc><changefreq>monthly</changefreq></url>
Örnsköldsvik,Kungsbacka,81,54,Avståndet mellan Örnsköldsvik och Kungsbacka är 81 km och Karl-Johan Gyllenstorm beräknade körtiden till cirka 54 minuter.,<url><loc>https://pendlings-app1.t-767929534-cloudflare.workers.dev/?fran=Örnsköldsvik&amp;till=Kungsbacka</loc><changefreq>monthly</changefreq></url>
Bollnäs,Trelleborg,1030,739,Avståndet mellan Bollnäs och Trelleborg är 1030 km och Karl-Johan Gyllenstorm beräknade körtiden till cirka 739 minuter.,<url><loc>https://pendlings-app1.t-767929534-cloudflare.workers.dev/?fran=Bollnäs&amp;till=Trelleborg</loc><changefreq>monthly</changefreq></url>
Rättvik,Grythyttan,298,189,Avståndet mellan Rättvik och Grythyttan är 298 km och Karl-Johan Gyllenstorm beräknade körtiden till cirka 189 minuter.,<url><loc>https://pendlings-app1.t-767929534-cloudflare.workers.dev/?fran=Rättvik&amp;till=Grythyttan</loc><changefreq>monthly</changefreq></url>
Karlsborg,Gullspång,465,316,Avståndet mellan Karlsborg och Gullspång är 465 km och Karl-Johan Gyllenstorm beräknade körtiden till cirka 316 minuter.,<url><loc>https://pendlings-app1.t-767929534-cloudflare.workers.dev/?fran=Karlsborg&amp;till=Gullspång</loc><changefreq>monthly</changefreq></url>
Sävsjö,Söderhamn,659,461,Avståndet mellan Sävsjö och Söderhamn är 659 km och Karl-Johan Gyllenstorm beräknade körtiden till cirka 461 minuter.,<url><loc>https://pendlings-app1.t-767929534-cloudflare.workers.dev/?fran=Sävsjö&amp;till=Söderhamn</loc><changefreq>monthly</changefreq></url>
Sölvesborg,Klippan,1406,1040,Avståndet mellan Sölvesborg och Klippan är 1406 km och Karl-Johan Gyllenstorm beräknade körtiden till cirka 1040 minuter.,<url><loc>https://pendlings-app1.t-767929534-cloudflare.workers.dev/?fran=Sölvesborg&amp;till=Klippan</loc><changefreq>monthly</changefreq></url>
Hagfors,Töreboda,501,348,Avståndet mellan Hagfors och Töreboda är 501 km och Karl-Johan Gyllenstorm beräknade körtiden till cirka 348 minuter.,<url><loc>https://pendlings-app1.t-767929534-cloudflare.workers.dev/?fran=Hagfors&amp;till=Töreboda</loc><changefreq>monthly</changefreq></url>
Högsby,Tibro,1065,680,Avståndet mellan Högsby och Tibro är 1065 km och Karl-Johan Gyllenstorm beräknade körtiden till cirka 680 minuter.,<url><loc>https://pendlings-app1.t-767929534-cloudflare.workers.dev/?fran=Högsby&amp;till=Tibro</loc><changefreq>monthly</changefreq></url>
Bräcke,Gnosjö,320,213,Avståndet mellan Bräcke och Gnosjö är 320 km och Karl-Johan Gyllenstorm beräknade körtiden till cirka 213 minuter.,<url><loc>https://pendlings-app1.t-767929534-cloudflare.workers.dev/?fran=Bräcke&amp;till=Gnosjö</loc><changefreq>monthly</changefreq></url>
Köping,Kiruna,1420,982,Avståndet mellan Köping och Kiruna är 1420 km och Karl-Johan Gyllenstorm beräknade körtiden till cirka 982 minuter.,<url><loc>https://pendlings-app1.t-767929534-cloudflare.workers.dev/?fran=Köping&amp;till=Kiruna</loc><changefreq>monthly</changefreq></url>
Flen,Västervik,38,24,Avståndet mellan Flen och Västervik är 38 km och Karl-Johan Gyllenstorm beräknade körtiden till cirka 24 minuter.,<url><loc>https://pendlings-app1.t-767929534-cloudflare.workers.dev/?fran=Flen&amp;till=Västervik</loc><changefreq>monthly</changefreq></url>
Perstorp,Leksand,133,89,Avståndet mellan Perstorp och Leksand är 133 km och Karl-Johan Gyllenstorm beräknade körtiden till cirka 89 minuter.,<url><loc>https://pendlings-app1.t-767929534-cloudflare.workers.dev/?fran=Perstorp&amp;till=Leksand</loc><changefreq>monthly</changefreq></url>
Storfors,Norsjö,758,524,Avståndet mellan Storfors och Norsjö är 758 km och Karl-Johan Gyllenstorm beräknade körtiden till cirka 524 minuter.,<url><loc>https://pendlings-app1.t-767929534-cloudflare.workers.dev/?fran=Storfors&amp;till=Norsjö</loc><changefreq>monthly</changefreq></url>
Linköping,Tomelilla,170,117,Avståndet mellan Linköping och Tomelilla är 170 km och Karl-Johan Gyllenstorm beräknade körtiden till cirka 117 minuter.,<url><loc>https://pendlings-app1.t-767929534-cloudflare.workers.dev/?fran=Linköping&amp;till=Tomelilla</loc><changefreq>monthly</changefreq></url>
Sälen,Degerfors,1109,799,Avståndet mellan Sälen och Degerfors är 1109 km och Karl-Johan Gyllenstorm beräknade körtiden till cirka 799 minuter.,<url><loc>https://pendlings-app1.t-767929534-cloudflare.workers.dev/?fran=Sälen&amp;till=Degerfors</loc><changefreq>monthly</changefreq></url>
Boxholm,Gislaved,355,238,Avståndet mellan Boxholm och Gislaved är 355 km och Karl-Johan Gyllenstorm beräknade körtiden till cirka 238 minuter.,<url><loc>https://pendlings-app1.t-767929534-cloudflare.workers.dev/?fran=Boxholm&amp;till=Gislaved</loc><changefreq>monthly</changefreq></url>
Oskarshamn,Lidköping,534,339,Avståndet mellan Oskarshamn och Lidköping är 534 km och Karl-Johan Gyllenstorm beräknade körtiden till cirka 339 minuter.,<url><loc>https://pendlings-app1.t-767929534-cloudflare.workers.dev/?fran=Oskarshamn&amp;till=Lidköping</loc><changefreq>monthly</changefreq></url>
Berg,Grästorp,392,256,Avståndet mellan Berg och Grästorp är 392 km och Karl-Johan Gyllenstorm beräknade körtiden till cirka 256 minuter.,<url><loc>https://pendlings-app1.t-767929534-cloudflare.workers.dev/?fran=Berg&amp;till=Grästorp</loc><changefreq>monthly</changefreq></url>
Örkelljunga,Årjäng,85,58,Avståndet mellan Örkelljunga och Årjäng är 85 km och Karl-Johan Gyllenstorm beräknade körtiden till cirka 58 minuter.,<url><loc>https://pendlings-app1.t-767929534-cloudflare.workers.dev/?fran=Örkelljunga&amp;till=Årjäng</loc><changefreq>monthly</changefreq></url>
Dorotea,Borås,1038,695,Avståndet mellan Dorotea och Borås är 1038 km och Karl-Johan Gyllenstorm beräknade körtiden till cirka 695 minuter.,<url><loc>https://pendlings-app1.t-767929534-cloudflare.workers.dev/?fran=Dorotea&amp;till=Borås</loc><changefreq>monthly</changefreq></url>
Malmö,Vilhelmina,704,550,Avståndet mellan Malmö och Vilhelmina är 704 km och Karl-Johan Gyllenstorm beräknade körtiden till cirka 550 minuter.,<url><loc>https://pendlings-app1.t-767929534-cloudflare.workers.dev/?fran=Malmö&amp;till=Vilhelmina</loc><changefreq>monthly</changefreq></url>
Gävle,Sävsjö,851,590,Avståndet mellan Gävle och Sävsjö är 851 km och Karl-Johan Gyllenstorm beräknade körtiden till cirka 590 minuter.,<url><loc>https://pendlings-app1.t-767929534-cloudflare.workers.dev/?fran=Gävle&amp;till=Sävsjö</loc><changefreq>monthly</changefreq></url>
Vellinge,Skara,1428,1035,Avståndet mellan Vellinge och Skara är 1428 km och Karl-Johan Gyllenstorm beräknade körtiden till cirka 1035 minuter.,<url><loc>https://pendlings-app1.t-767929534-cloudflare.workers.dev/?fran=Vellinge&amp;till=Skara</loc><changefreq>monthly</changefreq></url>
Åre,Sotenäs,859,624,Avståndet mellan Åre och Sotenäs är 859 km och Karl-Johan Gyllenstorm beräknade körtiden till cirka 624 minuter.,<url><loc>https://pendlings-app1.t-767929534-cloudflare.workers.dev/?fran=Åre&amp;till=Sotenäs</loc><changefreq>monthly</changefreq></url>
Håbo,Nora,996,768,Avståndet mellan Håbo och Nora är 996 km och Karl-Johan Gyllenstorm beräknade körtiden till cirka 768 minuter.,<url><loc>https://pendlings-app1.t-767929534-cloudflare.workers.dev/?fran=Håbo&amp;till=Nora</loc><changefreq>monthly</changefreq></url>
Munkfors,Höganäs,728,555,Avståndet mellan Munkfors och Höganäs är 728 km och Karl-Johan Gyllenstorm beräknade körtiden till cirka 555 minuter.,<url><loc>https://pendlings-app1.t-767929534-cloudflare.workers.dev/?fran=Munkfors&amp;till=Höganäs</loc><changefreq>monthly</changefreq></url>
Färjestaden,Mullsjö,662,484,Avståndet mellan Färjestaden och Mullsjö är 662 km och Karl-Johan Gyllenstorm beräknade körtiden till cirka 484 minuter.,<url><loc>https://pendlings-app1.t-767929534-cloudflare.workers.dev/?fran=Färjestaden&amp;till=Mullsjö</loc><changefreq>monthly</changefreq></url>
Karlskoga,Torsby,906,587,Avståndet mellan Karlskoga och Torsby är 906 km och Karl-Johan Gyllenstorm beräknade körtiden till cirka 587 minuter.,<url><loc>https://pendlings-app1.t-767929534-cloudflare.workers.dev/?fran=Karlskoga&amp;till=Torsby</loc><changefreq>monthly</changefreq></url>
Mariestad,Skinnskatteberg,1048,819,Avståndet mellan Mariestad och Skinnskatteberg är 1048 km och Karl-Johan Gyllenstorm beräknade körtiden till cirka 819 minuter.,<url><loc>https://pendlings-app1.t-767929534-cloudflare.workers.dev/?fran=Mariestad&amp;till=Skinnskatteberg</loc><changefreq>monthly</changefreq></url>
Nybro,Ragunda,558,403,Avståndet mellan Nybro och Ragunda är 558 km och Karl-Johan Gyllenstorm beräknade körtiden till cirka 403 minuter.,<url><loc>https://pendlings-app1.t-767929534-cloudflare.workers.dev/?fran=Nybro&amp;till=Ragunda</loc><changefreq>monthly</changefreq></url>
Karlskoga,Lidköping,489,358,Avståndet mellan Karlskoga och Lidköping är 489 km och Karl-Johan Gyllenstorm beräknade körtiden till cirka 358 minuter.,<url><loc>https://pendlings-app1.t-767929534-cloudflare.workers.dev/?fran=Karlskoga&amp;till=Lidköping</loc><changefreq>monthly</changefreq></url>
Vansbro,Örkelljunga,1350,924,Avståndet mellan Vansbro och Örkelljunga är 1350 km och Karl-Johan Gyllenstorm beräknade körtiden till cirka 924 minuter.,<url><loc>https://pendlings-app1.t-767929534-cloudflare.workers.dev/?fran=Vansbro&amp;till=Örkelljunga</loc><changefreq>monthly</changefreq></url>
Vårgårda,Ljusdal,720,514,Avståndet mellan Vårgårda och Ljusdal är 720 km och Karl-Johan Gyllenstorm beräknade körtiden till cirka 514 minuter.,<url><loc>https://pendlings-app1.t-767929534-cloudflare.workers.dev/?fran=Vårgårda&amp;till=Ljusdal</loc><changefreq>monthly</changefreq></url>
Falun,Avesta,217,152,Avståndet mellan Falun och Avesta är 217 km och Karl-Johan Gyllenstorm beräknade körtiden till cirka 152 minuter.,<url><loc>https://pendlings-app1.t-767929534-cloudflare.workers.dev/?fran=Falun&amp;till=Avesta</loc><changefreq>monthly</changefreq></url>
Lekeberg,Umeå,66,43,Avståndet mellan Lekeberg och Umeå är 66 km och Karl-Johan Gyllenstorm beräknade körtiden till cirka 43 minuter.,<url><loc>https://pendlings-app1.t-767929534-cloudflare.workers.dev/?fran=Lekeberg&amp;till=Umeå</loc><changefreq>monthly</changefreq></url>
Vingåker,Lärbro,149,94,Avståndet mellan Vingåker och Lärbro är 149 km och Karl-Johan Gyllenstorm beräknade körtiden till cirka 94 minuter.,<url><loc>https://pendlings-app1.t-767929534-cloudflare.workers.dev/?fran=Vingåker&amp;till=Lärbro</loc><changefreq>monthly</changefreq></url>
Burgsvik,Hörby,146,99,Avståndet mellan Burgsvik och Hörby är 146 km och Karl-Johan Gyllenstorm beräknade körtiden till cirka 99 minuter.,<url><loc>https://pendlings-app1.t-767929534-cloudflare.workers.dev/?fran=Burgsvik&amp;till=Hörby</loc><changefreq>monthly</changefreq></url>
Åre,Borås,220,168,Avståndet mellan Åre och Borås är 220 km och Karl-Johan Gyllenstorm beräknade körtiden till cirka 168 minuter.,<url><loc>https://pendlings-app1.t-767929534-cloudflare.workers.dev/?fran=Åre&amp;till=Borås</loc><changefreq>monthly</changefreq></url>
Malå,Norsjö,1108,883,Avståndet mellan Malå och Norsjö är 1108 km och Karl-Johan Gyllenstorm beräknade körtiden till cirka 883 minuter.,<url><loc>https://pendlings-app1.t-767929534-cloudflare.workers.dev/?fran=Malå&amp;till=Norsjö</loc><changefreq>monthly</changefreq></url>
Sävsjö,Norrköping,694,504,Avståndet mellan Sävsjö och Norrköping är 694 km och Karl-Johan Gyllenstorm beräknade körtiden till cirka 504 minuter.,<url><loc>https://pendlings-app1.t-767929534-cloudflare.workers.dev/?fran=Sävsjö&amp;till=Norrköping</loc><changefreq>monthly</changefreq></url>
Finspång,Norsjö,81,53,Avståndet mellan Finspång och Norsjö är 81 km och Karl-Johan Gyllenstorm beräknade körtiden till cirka 53 minuter.,<url><loc>https://pendlings-app1.t-767929534-cloudflare.workers.dev/?fran=Finspång&amp;till=Norsjö</loc><changefreq>monthly</changefreq></url>
Mullsjö,Åmål,1188,826,Avståndet mellan Mullsjö och Åmål är 1188 km och Karl-Johan Gyllenstorm beräknade körtiden till cirka 826 minuter.,<url><loc>https://pendlings-app1.t-767929534-cloudflare.workers.dev/?fran=Mullsjö&amp;till=Åmål</loc><changefreq>monthly</changefreq></url>
Svenljunga,Torsby,167,106,Avståndet mellan Svenljunga och Torsby är 167 km och Karl-Johan Gyllenstorm beräknade körtiden till cirka 106 minuter.,<url><loc>https://pendlings-app1.t-767929534-cloudflare.workers.dev/?fran=Svenljunga&amp;till=Torsby</loc><changefreq>monthly</changefreq></url>
Laholm,Sävsjö,411,281,Avståndet mellan Laholm och Sävsjö är 411 km och Karl-Johan Gyllenstorm beräknade körtiden till cirka 281 minuter.,<url><loc>https://pendlings-app1.t-767929534-cloudflare.workers.dev/?fran=Laholm&amp;till=Sävsjö</loc><changefreq>monthly</changefreq></url>
Kristinehamn,Lindesberg,1045,797,Avståndet mellan Kristinehamn och Lindesberg är 1045 km och Karl-Johan Gyllenstorm beräknade körtiden till cirka 797 minuter.,<url><loc>https://pendlings-app1.t-767929534-cloudflare.workers.dev/?fran=Kristinehamn&amp;till=Lindesberg</loc><changefreq>monthly</changefreq></url>
Kils,Tomelilla,472,300,Avståndet mellan Kils och Tomelilla är 472 km och Karl-Johan Gyllenstorm beräknade körtiden till cirka 300 minuter.,<url><loc>https://pendlings-app1.t-767929534-cloudflare.workers.dev/?fran=Kils&amp;till=Tomelilla</loc><changefreq>monthly</changefreq></url>
Linköping,Dorotea,223,145,Avståndet mellan Linköping och Dorotea är 223 km och Karl-Johan Gyllenstorm beräknade körtiden till cirka 145 minuter.,<url><loc>https://pendlings-app1.t-767929534-cloudflare.workers.dev/?fran=Linköping&amp;till=Dorotea</loc><changefreq>monthly</changefreq></url>
Oskarshamn,Kristinehamn,341,235,Avståndet mellan Oskarshamn och Kristinehamn är 341 km och Karl-Johan Gyllenstorm beräknade körtiden till cirka 235 minuter.,<url><loc>https://pendlings-app1.t-767929534-cloudflare.workers.dev/?fran=Oskarshamn&amp;till=Kristinehamn</loc><changefreq>monthly</changefreq></url>
Piteå,Berg,1200,917,Avståndet mellan Piteå och Berg är 1200 km och Karl-Johan Gyllenstorm beräknade körtiden till cirka 917 minuter.,<url><loc>https://pendlings-app1.t-767929534-cloudflare.workers.dev/?fran=Piteå&amp;till=Berg</loc><changefreq>monthly</changefreq></url>
Olofström,Hemse,927,624,Avståndet mellan Olofström och Hemse är 927 km och Karl-Johan Gyllenstorm beräknade körtiden till cirka 624 minuter.,<url><loc>https://pendlings-app1.t-767929534-cloudflare.workers.dev/?fran=Olofström&amp;till=Hemse</loc><changefreq>monthly</changefreq></url>
Skinnskatteberg,Älvsbyn,388,273,Avståndet mellan Skinnskatteberg och Älvsbyn är 388 km och Karl-Johan Gyllenstorm beräknade körtiden till cirka 273 minuter.,<url><loc>https://pendlings-app1.t-767929534-cloudflare.workers.dev/?fran=Skinnskatteberg&amp;till=Älvsbyn</loc><changefreq>monthly</changefreq></url>
Säffle,Tanum,936,743,Avståndet mellan Säffle och Tanum är 936 km och Karl-Johan Gyllenstorm beräknade körtiden till cirka 743 minuter.,<url><loc>https://pendlings-app1.t-767929534-cloudflare.workers.dev/?fran=Säffle&amp;till=Tanum</loc><changefreq>monthly</changefreq></url>
Staffanstorp,Skutskär,104,67,Avståndet mellan Staffanstorp och Skutskär är 104 km och Karl-Johan Gyllenstorm beräknade körtiden till cirka 67 minuter.,<url><loc>https://pendlings-app1.t-767929534-cloudflare.workers.dev/?fran=Staffanstorp&amp;till=Skutskär</loc><changefreq>monthly</changefreq></url>
Roma,Hyltebruk,271,178,Avståndet mellan Roma och Hyltebruk är 271 km och Karl-Johan Gyllenstorm beräknade körtiden till cirka 178 minuter.,<url><loc>https://pendlings-app1.t-767929534-cloudflare.workers.dev/?fran=Roma&amp;till=Hyltebruk</loc><changefreq>monthly</changefreq></url>
Perstorp,Kalix,663,425,Avståndet mellan Perstorp och Kalix är 663 km och Karl-Johan Gyllenstorm beräknade körtiden till cirka 425 minuter.,<url><loc>https://pendlings-app1.t-767929534-cloudflare.workers.dev/?fran=Perstorp&amp;till=Kalix</loc><changefreq>monthly</changefreq></url>
Ockelbo,Stånga,245,179,Avståndet mellan Ockelbo och Stånga är 245 km och Karl-Johan Gyllenstorm beräknade körtiden till cirka 179 minuter.,<url><loc>https://pendlings-app1.t-767929534-cloudflare.workers.dev/?fran=Ockelbo&amp;till=Stånga</loc><changefreq>monthly</changefreq></url>
Färgelanda,Bollebygd,394,272,Avståndet mellan Färgelanda och Bollebygd är 394 km och Karl-Johan Gyllenstorm beräknade körtiden till cirka 272 minuter.,<url><loc>https://pendlings-app1.t-767929534-cloudflare.workers.dev/?fran=Färgelanda&amp;till=Bollebygd</loc><changefreq>monthly</changefreq></url>
Tanum,Boden,367,237,Avståndet mellan Tanum och Boden är 367 km och Karl-Johan Gyllenstorm beräknade körtiden till cirka 237 minuter.,<url><loc>https://pendlings-app1.t-767929534-cloudflare.workers.dev/?fran=Tanum&amp;till=Boden</loc><changefreq>monthly</changefreq></url>
Pajala,Vansbro,1044,794,Avståndet mellan Pajala och Vansbro är 1044 km och Karl-Johan Gyllenstorm beräknade körtiden till cirka 794 minuter.,<url><loc>https://pendlings-app1.t-767929534-cloudflare.workers.dev/?fran=Pajala&amp;till=Vansbro</loc><changefreq>monthly</changefreq></url>
Trosa,Båstad,342,216,Avståndet mellan Trosa och Båstad är 342 km och Karl-Johan Gyllenstorm beräknade körtiden till cirka 216 minuter.,<url><loc>https://pendlings-app1.t-767929534-cloudflare.workers.dev/?fran=Trosa&amp;till=Båstad</loc><changefreq>monthly</changefreq></url>
Bromölla,Jokkmokk,715,458,Avståndet mellan Bromölla och Jokkmokk är 715 km och Karl-Johan Gyllenstorm beräknade körtiden till cirka 458 minuter.,<url><loc>https://pendlings-app1.t-767929534-cloudflare.workers.dev/?fran=Bromölla&amp;till=Jokkmokk</loc><changefreq>monthly</changefreq></url>
Bräcke,Härnösand,1373,958,Avståndet mellan Bräcke och Härnösand är 1373 km och Karl-Johan Gyllenstorm beräknade körtiden till cirka 958 minuter.,<url><loc>https://pendlings-app1.t-767929534-cloudflare.workers.dev/?fran=Bräcke&amp;till=Härnösand</loc><changefreq>monthly</changefreq></url>
Munkfors,Ragunda,821,543,Avståndet mellan Munkfors och Ragunda är 821 km och Karl-Johan Gyllenstorm beräknade körtiden till cirka 543 minuter.,<url><loc>https://pendlings-app1.t-767929534-cloudflare.workers.dev/?fran=Munkfors&amp;till=Ragunda</loc><changefreq>monthly</changefreq></url>
Storfors,Uddevalla,263,179,Avståndet mellan Storfors och Uddevalla är 263 km och Karl-Johan Gyllenstorm beräknade körtiden till cirka 179 minuter.,<url><loc>https://pendlings-app1.t-767929534-cloudflare.workers.dev/?fran=Storfors&amp;till=Uddevalla</loc><changefreq>monthly</changefreq></url>
Tomelilla,Tranås,159,117,Avståndet mellan Tomelilla och Tranås är 159 km och Karl-Johan Gyllenstorm beräknade körtiden till cirka 117 minuter.,<url><loc>https://pendlings-app1.t-767929534-cloudflare.workers.dev/?fran=Tomelilla&amp;till=Tranås</loc><changefreq>monthly</changefreq></url>
Jönköping,Sunne,773,596,Avståndet mellan Jönköping och Sunne är 773 km och Karl-Johan Gyllenstorm beräknade körtiden till cirka 596 minuter.,<url><loc>https://pendlings-app1.t-767929534-cloudflare.workers.dev/?fran=Jönköping&amp;till=Sunne</loc><changefreq>monthly</changefreq></url>
Arvika,Sölvesborg,1030,785,Avståndet mellan Arvika och Sölvesborg är 1030 km och Karl-Johan Gyllenstorm beräknade körtiden till cirka 785 minuter.,<url><loc>https://pendlings-app1.t-767929534-cloudflare.workers.dev/?fran=Arvika&amp;till=Sölvesborg</loc><changefreq>monthly</changefreq></url>
Kiruna,Höganäs,852,674,Avståndet mellan Kiruna och Höganäs är 852 km och Karl-Johan Gyllenstorm beräknade körtiden till cirka 674 minuter.,<url><loc>https://pendlings-app1.t-767929534-cloudflare.workers.dev/?fran=Kiruna&amp;till=Höganäs</loc><changefreq>monthly</changefreq></url>
Kävlinge,Ockelbo,145,93,Avståndet mellan Kävlinge och Ockelbo är 145 km och Karl-Johan Gyllenstorm beräknade körtiden till cirka 93 minuter.,<url><loc>https://pendlings-app1.t-767929534-cloudflare.workers.dev/?fran=Kävlinge&amp;till=Ockelbo</loc><changefreq>monthly</changefreq></url>
Kramfors,Surahammar,1008,663,Avståndet mellan Kramfors och Surahammar är 1008 km och Karl-Johan Gyllenstorm beräknade körtiden till cirka 663 minuter.,<url><loc>https://pendlings-app1.t-767929534-cloudflare.workers.dev/?fran=Kramfors&amp;till=Surahammar</loc><changefreq>monthly</changefreq></url>
Västervik,Kopparberg,1375,925,Avståndet mellan Västervik och Kopparberg är 1375 km och Karl-Johan Gyllenstorm beräknade körtiden till cirka 925 minuter.,<url><loc>https://pendlings-app1.t-767929534-cloudflare.workers.dev/?fran=Västervik&amp;till=Kopparberg</loc><changefreq>monthly</changefreq></url>
Tranemo,Norberg,1235,963,Avståndet mellan Tranemo och Norberg är 1235 km och Karl-Johan Gyllenstorm beräknade körtiden till cirka 963 minuter.,<url><loc>https://pendlings-app1.t-767929534-cloudflare.workers.dev/?fran=Tranemo&amp;till=Norberg</loc><changefreq>monthly</changefreq></url>
Ockelbo,Vara,1089,851,Avståndet mellan Ockelbo och Vara är 1089 km och Karl-Johan Gyllenstorm beräknade körtiden till cirka 851 minuter.,<url><loc>https://pendlings-app1.t-767929534-cloudflare.workers.dev/?fran=Ockelbo&amp;till=Vara</loc><changefreq>monthly</changefreq></url>
Orsa,Övertorneå,1366,1007,Avståndet mellan Orsa och Övertorneå är 1366 km och Karl-Johan Gyllenstorm beräknade körtiden till cirka 1007 minuter.,<url><loc>https://pendlings-app1.t-767929534-cloudflare.workers.dev/?fran=Orsa&amp;till=Övertorneå</loc><changefreq>monthly</changefreq></url>
Helsingborg,Bräcke,1104,768,Avståndet mellan Helsingborg och Bräcke är 1104 km och Karl-Johan Gyllenstorm beräknade körtiden till cirka 768 minuter.,<url><loc>https://pendlings-app1.t-767929534-cloudflare.workers.dev/?fran=Helsingborg&amp;till=Bräcke</loc><changefreq>monthly</changefreq></url>
Sveg,Slite,1114,782,Avståndet mellan Sveg och Slite är 1114 km och Karl-Johan Gyllenstorm beräknade körtiden till cirka 782 minuter.,<url><loc>https://pendlings-app1.t-767929534-cloudflare.workers.dev/?fran=Sveg&amp;till=Slite</loc><changefreq>monthly</changefreq></url>
Östra Göinge,Laxå,1143,781,Avståndet mellan Östra Göinge och Laxå är 1143 km och Karl-Johan Gyllenstorm beräknade körtiden till cirka 781 minuter.,<url><loc>https://pendlings-app1.t-767929534-cloudflare.workers.dev/?fran=Östra Göinge&amp;till=Laxå</loc><changefreq>monthly</changefreq></url>
Köping,Överkalix,603,444,Avståndet mellan Köping och Överkalix är 603 km och Karl-Johan Gyllenstorm beräknade körtiden till cirka 444 minuter.,<url><loc>https://pendlings-app1.t-767929534-cloudflare.workers.dev/?fran=Köping&amp;till=Överkalix</loc><changefreq>monthly</changefreq></url>
Högsby,Åtvidaberg,942,626,Avståndet mellan Högsby och Åtvidaberg är 942 km och Karl-Johan Gyllenstorm beräknade körtiden till cirka 626 minuter.,<url><loc>https://pendlings-app1.t-767929534-cloudflare.workers.dev/?fran=Högsby&amp;till=Åtvidaberg</loc><changefreq>monthly</changefreq></url>
Värnamo,Växjö,624,399,Avståndet mellan Värnamo och Växjö är 624 km och Karl-Johan Gyllenstorm beräknade körtiden till cirka 399 minuter.,<url><loc>https://pendlings-app1.t-767929534-cloudflare.workers.dev/?fran=Värnamo&amp;till=Växjö</loc><changefreq>monthly</changefreq></url>
Lekeberg,Eslöv,898,648,Avståndet mellan Lekeberg och Eslöv är 898 km och Karl-Johan Gyllenstorm beräknade körtiden till cirka 648 minuter.,<url><loc>https://pendlings-app1.t-767929534-cloudflare.workers.dev/?fran=Lekeberg&amp;till=Eslöv</loc><changefreq>monthly</changefreq></url>
Örnsköldsvik,Kristianstad,797,624,Avståndet mellan Örnsköldsvik och Kristianstad är 797 km och Karl-Johan Gyllenstorm beräknade körtiden till cirka 624 minuter.,<url><loc>https://pendlings-app1.t-767929534-cloudflare.workers.dev/?fran=Örnsköldsvik&amp;till=Kristianstad</loc><changefreq>monthly</changefreq></url>
Sveg,Strömstad,73,52,Avståndet mellan Sveg och Strömstad är 73 km och Karl-Johan Gyllenstorm beräknade körtiden till cirka 52 minuter.,<url><loc>https://pendlings-app1.t-767929534-cloudflare.workers.dev/?fran=Sveg&amp;till=Strömstad</loc><changefreq>monthly</changefreq></url>
Nybro,Borlänge,683,475,Avståndet mellan Nybro och Borlänge är 683 km och Karl-Johan Gyllenstorm beräknade körtiden till cirka 475 minuter.,<url><loc>https://pendlings-app1.t-767929534-cloudflare.workers.dev/?fran=Nybro&amp;till=Borlänge</loc><changefreq>monthly</changefreq></url>
Trosa,Vänersborg,1273,923,Avståndet mellan Trosa och Vänersborg är 1273 km och Karl-Johan Gyllenstorm beräknade körtiden till cirka 923 minuter.,<url><loc>https://pendlings-app1.t-767929534-cloudflare.workers.dev/?fran=Trosa&amp;till=Vänersborg</loc><changefreq>monthly</changefreq></url>
Timrå,Köping,1044,660,Avståndet mellan Timrå och Köping är 1044 km och Karl-Johan Gyllenstorm beräknade körtiden till cirka 660 minuter.,<url><loc>https://pendlings-app1.t-767929534-cloudflare.workers.dev/?fran=Timrå&amp;till=Köping</loc><changefreq>monthly</changefreq></url>
Mönsterås,Åre,613,407,Avståndet mellan Mönsterås och Åre är 613 km och Karl-Johan Gyllenstorm beräknade körtiden till cirka 407 minuter.,<url><loc>https://pendlings-app1.t-767929534-cloudflare.workers.dev/?fran=Mönsterås&amp;till=Åre</loc><changefreq>monthly</changefreq></url>
Eda,Nyköping,137,96,Avståndet mellan Eda och Nyköping är 137 km och Karl-Johan Gyllenstorm beräknade körtiden till cirka 96 minuter.,<url><loc>https://pendlings-app1.t-767929534-cloudflare.workers.dev/?fran=Eda&amp;till=Nyköping</loc><changefreq>monthly</changefreq></url>
Aneby,Kiruna,110,84,Avståndet mellan Aneby och Kiruna är 110 km och Karl-Johan Gyllenstorm beräknade körtiden till cirka 84 minuter.,<url><loc>https://pendlings-app1.t-767929534-cloudflare.workers.dev/?fran=Aneby&amp;till=Kiruna</loc><changefreq>monthly</changefreq></url>
Ockelbo,Sandviken,207,153,Avståndet mellan Ockelbo och Sandviken är 207 km och Karl-Johan Gyllenstorm beräknade körtiden till cirka 153 minuter.,<url><loc>https://pendlings-app1.t-767929534-cloudflare.workers.dev/?fran=Ockelbo&amp;till=Sandviken</loc><changefreq>monthly</changefreq></url>
Mjölby,Klippan,1228,819,Avståndet mellan Mjölby och Klippan är 1228 km och Karl-Johan Gyllenstorm beräknade körtiden till cirka 819 minuter.,<url><loc>https://pendlings-app1.t-767929534-cloudflare.workers.dev/?fran=Mjölby&amp;till=Klippan</loc><changefreq>monthly</changefreq></url>
Varberg,Gullspång,1194,834,Avståndet mellan Varberg och Gullspång är 1194 km och Karl-Johan Gyllenstorm beräknade körtiden till cirka 834 minuter.,<url><loc>https://pendlings-app1.t-767929534-cloudflare.workers.dev/?fran=Varberg&amp;till=Gullspång</loc><changefreq>monthly</changefreq></url>
Mariestad,Åre,1337,987,Avståndet mellan Mariestad och Åre är 1337 km och Karl-Johan Gyllenstorm beräknade körtiden till cirka 987 minuter.,<url><loc>https://pendlings-app1.t-767929534-cloudflare.workers.dev/?fran=Mariestad&amp;till=Åre</loc><changefreq>monthly</changefreq></url>
Håbo,Osby,123,86,Avståndet mellan Håbo och Osby är 123 km och Karl-Johan Gyllenstorm beräknade körtiden till cirka 86 minuter.,<url><loc>https://pendlings-app1.t-767929534-cloudflare.workers.dev/?fran=Håbo&amp;till=Osby</loc><changefreq>monthly</changefreq></url>
Olofström,Säffle,121,77,Avståndet mellan Olofström och Säffle är 121 km och Karl-Johan Gyllenstorm beräknade körtiden till cirka 77 minuter.,<url><loc>https://pendlings-app1.t-767929534-cloudflare.workers.dev/?fran=Olofström&amp;till=Säffle</loc><changefreq>monthly</changefreq></url>
Sorsele,Båstad,813,619,Avståndet mellan Sorsele och Båstad är 813 km och Karl-Johan Gyllenstorm beräknade körtiden till cirka 619 minuter.,<url><loc>https://pendlings-app1.t-767929534-cloudflare.workers.dev/?fran=Sorsele&amp;till=Båstad</loc><changefreq>monthly</changefreq></url>
Karlsborg,Hyltebruk,1126,888,Avståndet mellan Karlsborg och Hyltebruk är 1126 km och Karl-Johan Gyllenstorm beräknade körtiden till cirka 888 minuter.,<url><loc>https://pendlings-app1.t-767929534-cloudflare.workers.dev/?fran=Karlsborg&amp;till=Hyltebruk</loc><changefreq>monthly</changefreq></url>
Vilhelmina,Ljusnarsberg,1426,925,Avståndet mellan Vilhelmina och Ljusnarsberg är 1426 km och Karl-Johan Gyllenstorm beräknade körtiden till cirka 925 minuter.,<url><loc>https://pendlings-app1.t-767929534-cloudflare.workers.dev/?fran=Vilhelmina&amp;till=Ljusnarsberg</loc><changefreq>monthly</changefreq></url>
Varberg,Borlänge,1066,748,Avståndet mellan Varberg och Borlänge är 1066 km och Karl-Johan Gyllenstorm beräknade körtiden till cirka 748 minuter.,<url><loc>https://pendlings-app1.t-767929534-cloudflare.workers.dev/?fran=Varberg&amp;till=Borlänge</loc><changefreq>monthly</changefreq></url>
Munkedal,Gnestad,390,275,Avståndet mellan Munkedal och Gnestad är 390 km och Karl-Johan Gyllenstorm beräknade körtiden till cirka 275 minuter.,<url><loc>https://pendlings-app1.t-767929534-cloudflare.workers.dev/?fran=Munkedal&amp;till=Gnestad</loc><changefreq>monthly</changefreq></url>
Strömsund,Östersund,1419,957,Avståndet mellan Strömsund och Östersund är 1419 km och Karl-Johan Gyllenstorm beräknade körtiden till cirka 957 minuter.,<url><loc>https://pendlings-app1.t-767929534-cloudflare.workers.dev/?fran=Strömsund&amp;till=Östersund</loc><changefreq>monthly</changefreq></url>
Täby,Berg,464,362,Avståndet mellan Täby och Berg är 464 km och Karl-Johan Gyllenstorm beräknade körtiden till cirka 362 minuter.,<url><loc>https://pendlings-app1.t-767929534-cloudflare.workers.dev/?fran=Täby&amp;till=Berg</loc><changefreq>monthly</changefreq></url>
Nordanstig,Karlskoga,405,262,Avståndet mellan Nordanstig och Karlskoga är 405 km och Karl-Johan Gyllenstorm beräknade körtiden till cirka 262 minuter.,<url><loc>https://pendlings-app1.t-767929534-cloudflare.workers.dev/?fran=Nordanstig&amp;till=Karlskoga</loc><changefreq>monthly</changefreq></url>
Kiruna,Ragunda,680,534,Avståndet mellan Kiruna och Ragunda är 680 km och Karl-Johan Gyllenstorm beräknade körtiden till cirka 534 minuter.,<url><loc>https://pendlings-app1.t-767929534-cloudflare.workers.dev/?fran=Kiruna&amp;till=Ragunda</loc><changefreq>monthly</changefreq></url>
Färgelanda,Överkalix,441,312,Avståndet mellan Färgelanda och Överkalix är 441 km och Karl-Johan Gyllenstorm beräknade körtiden till cirka 312 minuter.,<url><loc>https://pendlings-app1.t-767929534-cloudflare.workers.dev/?fran=Färgelanda&amp;till=Överkalix</loc><changefreq>monthly</changefreq></url>
Lidköping,Kävlinge,1194,816,Avståndet mellan Lidköping och Kävlinge är 1194 km och Karl-Johan Gyllenstorm beräknade körtiden till cirka 816 minuter.,<url><loc>https://pendlings-app1.t-767929534-cloudflare.workers.dev/?fran=Lidköping&amp;till=Kävlinge</loc><changefreq>monthly</changefreq></url>
Pajala,Ljusdal,56,44,Avståndet mellan Pajala och Ljusdal är 56 km och Karl-Johan Gyllenstorm beräknade körtiden till cirka 44 minuter.,<url><loc>https://pendlings-app1.t-767929534-cloudflare.workers.dev/?fran=Pajala&amp;till=Ljusdal</loc><changefreq>monthly</changefreq></url>
Piteå,Motala,806,611,Avståndet mellan Piteå och Motala är 806 km och Karl-Johan Gyllenstorm beräknade körtiden till cirka 611 minuter.,<url><loc>https://pendlings-app1.t-767929534-cloudflare.workers.dev/?fran=Piteå&amp;till=Motala</loc><changefreq>monthly</changefreq></url>
Huddinge,Hässleholm,1436,1114,Avståndet mellan Huddinge och Hässleholm är 1436 km och Karl-Johan Gyllenstorm beräknade körtiden till cirka 1114 minuter.,<url><loc>https://pendlings-app1.t-767929534-cloudflare.workers.dev/?fran=Huddinge&amp;till=Hässleholm</loc><changefreq>monthly</changefreq></url>
Tofta,Tierp,619,495,Avståndet mellan Tofta och Tierp är 619 km och Karl-Johan Gyllenstorm beräknade körtiden till cirka 495 minuter.,<url><loc>https://pendlings-app1.t-767929534-cloudflare.workers.dev/?fran=Tofta&amp;till=Tierp</loc><changefreq>monthly</changefreq></url>
Bollnäs,Degerfors,517,352,Avståndet mellan Bollnäs och Degerfors är 517 km och Karl-Johan Gyllenstorm beräknade körtiden till cirka 352 minuter.,<url><loc>https://pendlings-app1.t-767929534-cloudflare.workers.dev/?fran=Bollnäs&amp;till=Degerfors</loc><changefreq>monthly</changefreq></url>
Ängelholm,Landskrona,702,445,Avståndet mellan Ängelholm och Landskrona är 702 km och Karl-Johan Gyllenstorm beräknade körtiden till cirka 445 minuter.,<url><loc>https://pendlings-app1.t-767929534-cloudflare.workers.dev/?fran=Ängelholm&amp;till=Landskrona</loc><changefreq>monthly</changefreq></url>
Leksand,Kristinehamn,823,539,Avståndet mellan Leksand och Kristinehamn är 823 km och Karl-Johan Gyllenstorm beräknade körtiden till cirka 539 minuter.,<url><loc>https://pendlings-app1.t-767929534-cloudflare.workers.dev/?fran=Leksand&amp;till=Kristinehamn</loc><changefreq>monthly</changefreq></url>
Vänersborg,Höör,786,505,Avståndet mellan Vänersborg och Höör är 786 km och Karl-Johan Gyllenstorm beräknade körtiden till cirka 505 minuter.,<url><loc>https://pendlings-app1.t-767929534-cloudflare.workers.dev/?fran=Vänersborg&amp;till=Höör</loc><changefreq>monthly</changefreq></url>
Skinnskatteberg,Söderköping,848,670,Avståndet mellan Skinnskatteberg och Söderköping är 848 km och Karl-Johan Gyllenstorm beräknade körtiden till cirka 670 minuter.,<url><loc>https://pendlings-app1.t-767929534-cloudflare.workers.dev/?fran=Skinnskatteberg&amp;till=Söderköping</loc><changefreq>monthly</changefreq></url>
Burgsvik,Avesta,315,217,Avståndet mellan Burgsvik och Avesta är 315 km och Karl-Johan Gyllenstorm beräknade körtiden till cirka 217 minuter.,<url><loc>https://pendlings-app1.t-767929534-cloudflare.workers.dev/?fran=Burgsvik&amp;till=Avesta</loc><changefreq>monthly</changefreq></url>
Munkfors,Borlänge,1298,881,Avståndet mellan Munkfors och Borlänge är 1298 km och Karl-Johan Gyllenstorm beräknade körtiden till cirka 881 minuter.,<url><loc>https://pendlings-app1.t-767929534-cloudflare.workers.dev/?fran=Munkfors&amp;till=Borlänge</loc><changefreq>monthly</changefreq></url>
Kristianstad,Sotenäs,890,603,Avståndet mellan Kristianstad och Sotenäs är 890 km och Karl-Johan Gyllenstorm beräknade körtiden till cirka 603 minuter.,<url><loc>https://pendlings-app1.t-767929534-cloudflare.workers.dev/?fran=Kristianstad&amp;till=Sotenäs</loc><changefreq>monthly</changefreq></url>
Högsby,Luleå,1307,966,Avståndet mellan Högsby och Luleå är 1307 km och Karl-Johan Gyllenstorm beräknade körtiden till cirka 966 minuter.,<url><loc>https://pendlings-app1.t-767929534-cloudflare.workers.dev/?fran=Högsby&amp;till=Luleå</loc><changefreq>monthly</changefreq></url>
Gislaved,Ronneby,1363,911,Avståndet mellan Gislaved och Ronneby är 1363 km och Karl-Johan Gyllenstorm beräknade körtiden till cirka 911 minuter.,<url><loc>https://pendlings-app1.t-767929534-cloudflare.workers.dev/?fran=Gislaved&amp;till=Ronneby</loc><changefreq>monthly</changefreq></url>
Motala,Oskarshamn,583,421,Avståndet mellan Motala och Oskarshamn är 583 km och Karl-Johan Gyllenstorm beräknade körtiden till cirka 421 minuter.,<url><loc>https://pendlings-app1.t-767929534-cloudflare.workers.dev/?fran=Motala&amp;till=Oskarshamn</loc><changefreq>monthly</changefreq></url>
Halmstad,Piteå,45,32,Avståndet mellan Halmstad och Piteå är 45 km och Karl-Johan Gyllenstorm beräknade körtiden till cirka 32 minuter.,<url><loc>https://pendlings-app1.t-767929534-cloudflare.workers.dev/?fran=Halmstad&amp;till=Piteå</loc><changefreq>monthly</changefreq></url>
Rättvik,Växjö,872,634,Avståndet mellan Rättvik och Växjö är 872 km och Karl-Johan Gyllenstorm beräknade körtiden till cirka 634 minuter.,<url><loc>https://pendlings-app1.t-767929534-cloudflare.workers.dev/?fran=Rättvik&amp;till=Växjö</loc><changefreq>monthly</changefreq></url>
Sandviken,Sunne,413,271,Avståndet mellan Sandviken och Sunne är 413 km och Karl-Johan Gyllenstorm beräknade körtiden till cirka 271 minuter.,<url><loc>https://pendlings-app1.t-767929534-cloudflare.workers.dev/?fran=Sandviken&amp;till=Sunne</loc><changefreq>monthly</changefreq></url>
Hedemora,Uddevalla,1024,767,Avståndet mellan Hedemora och Uddevalla är 1024 km och Karl-Johan Gyllenstorm beräknade körtiden till cirka 767 minuter.,<url><loc>https://pendlings-app1.t-767929534-cloudflare.workers.dev/?fran=Hedemora&amp;till=Uddevalla</loc><changefreq>monthly</changefreq></url>
Färgelanda,Jönköping,46,32,Avståndet mellan Färgelanda och Jönköping är 46 km och Karl-Johan Gyllenstorm beräknade körtiden till cirka 32 minuter.,<url><loc>https://pendlings-app1.t-767929534-cloudflare.workers.dev/?fran=Färgelanda&amp;till=Jönköping</loc><changefreq>monthly</changefreq></url>
Lomma,Karlsborg,834,660,Avståndet mellan Lomma och Karlsborg är 834 km och Karl-Johan Gyllenstorm beräknade körtiden till cirka 660 minuter.,<url><loc>https://pendlings-app1.t-767929534-cloudflare.workers.dev/?fran=Lomma&amp;till=Karlsborg</loc><changefreq>monthly</changefreq></url>
Aneby,Trosa,944,730,Avståndet mellan Aneby och Trosa är 944 km och Karl-Johan Gyllenstorm beräknade körtiden till cirka 730 minuter.,<url><loc>https://pendlings-app1.t-767929534-cloudflare.workers.dev/?fran=Aneby&amp;till=Trosa</loc><changefreq>monthly</changefreq></url>
Smedjebacken,Åre,1437,1085,Avståndet mellan Smedjebacken och Åre är 1437 km och Karl-Johan Gyllenstorm beräknade körtiden till cirka 1085 minuter.,<url><loc>https://pendlings-app1.t-767929534-cloudflare.workers.dev/?fran=Smedjebacken&amp;till=Åre</loc><changefreq>monthly</changefreq></url>
Lund,Laholm,1330,1033,Avståndet mellan Lund och Laholm är 1330 km och Karl-Johan Gyllenstorm beräknade körtiden till cirka 1033 minuter.,<url><loc>https://pendlings-app1.t-767929534-cloudflare.workers.dev/?fran=Lund&amp;till=Laholm</loc><changefreq>monthly</changefreq></url>
Lidköping,Hofors,350,226,Avståndet mellan Lidköping och Hofors är 350 km och Karl-Johan Gyllenstorm beräknade körtiden till cirka 226 minuter.,<url><loc>https://pendlings-app1.t-767929534-cloudflare.workers.dev/?fran=Lidköping&amp;till=Hofors</loc><changefreq>monthly</changefreq></url>
Klintehamn,Sävsjö,1025,806,Avståndet mellan Klintehamn och Sävsjö är 1025 km och Karl-Johan Gyllenstorm beräknade körtiden till cirka 806 minuter.,<url><loc>https://pendlings-app1.t-767929534-cloudflare.workers.dev/?fran=Klintehamn&amp;till=Sävsjö</loc><changefreq>monthly</changefreq></url>
Gimo,Vänersborg,1124,827,Avståndet mellan Gimo och Vänersborg är 1124 km och Karl-Johan Gyllenstorm beräknade körtiden till cirka 827 minuter.,<url><loc>https://pendlings-app1.t-767929534-cloudflare.workers.dev/?fran=Gimo&amp;till=Vänersborg</loc><changefreq>monthly</changefreq></url>
Härnösand,Lidköping,550,351,Avståndet mellan Härnösand och Lidköping är 550 km och Karl-Johan Gyllenstorm beräknade körtiden till cirka 351 minuter.,<url><loc>https://pendlings-app1.t-767929534-cloudflare.workers.dev/?fran=Härnösand&amp;till=Lidköping</loc><changefreq>monthly</changefreq></url>
Borås,Falkenberg,1448,1047,Avståndet mellan Borås och Falkenberg är 1448 km och Karl-Johan Gyllenstorm beräknade körtiden till cirka 1047 minuter.,<url><loc>https://pendlings-app1.t-767929534-cloudflare.workers.dev/?fran=Borås&amp;till=Falkenberg</loc><changefreq>monthly</changefreq></url>
Östra Göinge,Kristinehamn,1123,835,Avståndet mellan Östra Göinge och Kristinehamn är 1123 km och Karl-Johan Gyllenstorm beräknade körtiden till cirka 835 minuter.,<url><loc>https://pendlings-app1.t-767929534-cloudflare.workers.dev/?fran=Östra Göinge&amp;till=Kristinehamn</loc><changefreq>monthly</changefreq></url>
Örebro,Avesta,1192,891,Avståndet mellan Örebro och Avesta är 1192 km och Karl-Johan Gyllenstorm beräknade körtiden till cirka 891 minuter.,<url><loc>https://pendlings-app1.t-767929534-cloudflare.workers.dev/?fran=Örebro&amp;till=Avesta</loc><changefreq>monthly</changefreq></url>
Ockelbo,Laxå,269,195,Avståndet mellan Ockelbo och Laxå är 269 km och Karl-Johan Gyllenstorm beräknade körtiden till cirka 195 minuter.,<url><loc>https://pendlings-app1.t-767929534-cloudflare.workers.dev/?fran=Ockelbo&amp;till=Laxå</loc><changefreq>monthly</changefreq></url>
Vänersborg,Krokom,438,280,Avståndet mellan Vänersborg och Krokom är 438 km och Karl-Johan Gyllenstorm beräknade körtiden till cirka 280 minuter.,<url><loc>https://pendlings-app1.t-767929534-cloudflare.workers.dev/?fran=Vänersborg&amp;till=Krokom</loc><changefreq>monthly</changefreq></url>
Sunne,Vansbro,1161,758,Avståndet mellan Sunne och Vansbro är 1161 km och Karl-Johan Gyllenstorm beräknade körtiden till cirka 758 minuter.,<url><loc>https://pendlings-app1.t-767929534-cloudflare.workers.dev/?fran=Sunne&amp;till=Vansbro</loc><changefreq>monthly</changefreq></url>
Värnamo,Sundsvall,436,337,Avståndet mellan Värnamo och Sundsvall är 436 km och Karl-Johan Gyllenstorm beräknade körtiden till cirka 337 minuter.,<url><loc>https://pendlings-app1.t-767929534-cloudflare.workers.dev/?fran=Värnamo&amp;till=Sundsvall</loc><changefreq>monthly</changefreq></url>
Norsjö,Sotenäs,98,70,Avståndet mellan Norsjö och Sotenäs är 98 km och Karl-Johan Gyllenstorm beräknade körtiden till cirka 70 minuter.,<url><loc>https://pendlings-app1.t-767929534-cloudflare.workers.dev/?fran=Norsjö&amp;till=Sotenäs</loc><changefreq>monthly</changefreq></url>
Vara,Landskrona,248,193,Avståndet mellan Vara och Landskrona är 248 km och Karl-Johan Gyllenstorm beräknade körtiden till cirka 193 minuter.,<url><loc>https://pendlings-app1.t-767929534-cloudflare.workers.dev/?fran=Vara&amp;till=Landskrona</loc><changefreq>monthly</changefreq></url>
Forshaga,Kopparberg,102,67,Avståndet mellan Forshaga och Kopparberg är 102 km och Karl-Johan Gyllenstorm beräknade körtiden till cirka 67 minuter.,<url><loc>https://pendlings-app1.t-767929534-cloudflare.workers.dev/?fran=Forshaga&amp;till=Kopparberg</loc><changefreq>monthly</changefreq></url>
Härjedalen,Sotenäs,402,315,Avståndet mellan Härjedalen och Sotenäs är 402 km och Karl-Johan Gyllenstorm beräknade körtiden till cirka 315 minuter.,<url><loc>https://pendlings-app1.t-767929534-cloudflare.workers.dev/?fran=Härjedalen&amp;till=Sotenäs</loc><changefreq>monthly</changefreq></url>
Ängelholm,Sandviken,1445,951,Avståndet mellan Ängelholm och Sandviken är 1445 km och Karl-Johan Gyllenstorm beräknade körtiden till cirka 951 minuter.,<url><loc>https://pendlings-app1.t-767929534-cloudflare.workers.dev/?fran=Ängelholm&amp;till=Sandviken</loc><changefreq>monthly</changefreq></url>
Filipstad,Sundsvall,520,373,Avståndet mellan Filipstad och Sundsvall är 520 km och Karl-Johan Gyllenstorm beräknade körtiden till cirka 373 minuter.,<url><loc>https://pendlings-app1.t-767929534-cloudflare.workers.dev/?fran=Filipstad&amp;till=Sundsvall</loc><changefreq>monthly</changefreq></url>
Tranemo,Mariestad,784,562,Avståndet mellan Tranemo och Mariestad är 784 km och Karl-Johan Gyllenstorm beräknade körtiden till cirka 562 minuter.,<url><loc>https://pendlings-app1.t-767929534-cloudflare.workers.dev/?fran=Tranemo&amp;till=Mariestad</loc><changefreq>monthly</changefreq></url>
Gävle,Falun,317,227,Avståndet mellan Gävle och Falun är 317 km och Karl-Johan Gyllenstorm beräknade körtiden till cirka 227 minuter.,<url><loc>https://pendlings-app1.t-767929534-cloudflare.workers.dev/?fran=Gävle&amp;till=Falun</loc><changefreq>monthly</changefreq></url>
Malung,Umeå,109,74,Avståndet mellan Malung och Umeå är 109 km och Karl-Johan Gyllenstorm beräknade körtiden till cirka 74 minuter.,<url><loc>https://pendlings-app1.t-767929534-cloudflare.workers.dev/?fran=Malung&amp;till=Umeå</loc><changefreq>monthly</changefreq></url>
Filipstad,Uppsala,1056,701,Avståndet mellan Filipstad och Uppsala är 1056 km och Karl-Johan Gyllenstorm beräknade körtiden till cirka 701 minuter.,<url><loc>https://pendlings-app1.t-767929534-cloudflare.workers.dev/?fran=Filipstad&amp;till=Uppsala</loc><changefreq>monthly</changefreq></url>
Lomma,Mora,412,274,Avståndet mellan Lomma och Mora är 412 km och Karl-Johan Gyllenstorm beräknade körtiden till cirka 274 minuter.,<url><loc>https://pendlings-app1.t-767929534-cloudflare.workers.dev/?fran=Lomma&amp;till=Mora</loc><changefreq>monthly</changefreq></url>
Håbo,Lund,676,535,Avståndet mellan Håbo och Lund är 676 km och Karl-Johan Gyllenstorm beräknade körtiden till cirka 535 minuter.,<url><loc>https://pendlings-app1.t-767929534-cloudflare.workers.dev/?fran=Håbo&amp;till=Lund</loc><changefreq>monthly</changefreq></url>
Överkalix,Håbo,54,34,Avståndet mellan Överkalix och Håbo är 54 km och Karl-Johan Gyllenstorm beräknade körtiden till cirka 34 minuter.,<url><loc>https://pendlings-app1.t-767929534-cloudflare.workers.dev/?fran=Överkalix&amp;till=Håbo</loc><changefreq>monthly</changefreq></url>
Höör,Arboga,724,471,Avståndet mellan Höör och Arboga är 724 km och Karl-Johan Gyllenstorm beräknade körtiden till cirka 471 minuter.,<url><loc>https://pendlings-app1.t-767929534-cloudflare.workers.dev/?fran=Höör&amp;till=Arboga</loc><changefreq>monthly</changefreq></url>
Hallstahammar,Knivsta,538,345,Avståndet mellan Hallstahammar och Knivsta är 538 km och Karl-Johan Gyllenstorm beräknade körtiden till cirka 345 minuter.,<url><loc>https://pendlings-app1.t-767929534-cloudflare.workers.dev/?fran=Hallstahammar&amp;till=Knivsta</loc><changefreq>monthly</changefreq></url>
Sollefteå,Kävlinge,742,528,Avståndet mellan Sollefteå och Kävlinge är 742 km och Karl-Johan Gyllenstorm beräknade körtiden till cirka 528 minuter.,<url><loc>https://pendlings-app1.t-767929534-cloudflare.workers.dev/?fran=Sollefteå&amp;till=Kävlinge</loc><changefreq>monthly</changefreq></url>
Halmstad,Älvsbyn,1344,1059,Avståndet mellan Halmstad och Älvsbyn är 1344 km och Karl-Johan Gyllenstorm beräknade körtiden till cirka 1059 minuter.,<url><loc>https://pendlings-app1.t-767929534-cloudflare.workers.dev/?fran=Halmstad&amp;till=Älvsbyn</loc><changefreq>monthly</changefreq></url>
Strömstad,Boxholm,803,617,Avståndet mellan Strömstad och Boxholm är 803 km och Karl-Johan Gyllenstorm beräknade körtiden till cirka 617 minuter.,<url><loc>https://pendlings-app1.t-767929534-cloudflare.workers.dev/?fran=Strömstad&amp;till=Boxholm</loc><changefreq>monthly</changefreq></url>
Åre,Hallstahammar,622,438,Avståndet mellan Åre och Hallstahammar är 622 km och Karl-Johan Gyllenstorm beräknade körtiden till cirka 438 minuter.,<url><loc>https://pendlings-app1.t-767929534-cloudflare.workers.dev/?fran=Åre&amp;till=Hallstahammar</loc><changefreq>monthly</changefreq></url>
Kiruna,Kumla,486,371,Avståndet mellan Kiruna och Kumla är 486 km och Karl-Johan Gyllenstorm beräknade körtiden till cirka 371 minuter.,<url><loc>https://pendlings-app1.t-767929534-cloudflare.workers.dev/?fran=Kiruna&amp;till=Kumla</loc><changefreq>monthly</changefreq></url>
Degerfors,Munkfors,423,311,Avståndet mellan Degerfors och Munkfors är 423 km och Karl-Johan Gyllenstorm beräknade körtiden till cirka 311 minuter.,<url><loc>https://pendlings-app1.t-767929534-cloudflare.workers.dev/?fran=Degerfors&amp;till=Munkfors</loc><changefreq>monthly</changefreq></url>
Vansbro,Grums,923,733,Avståndet mellan Vansbro och Grums är 923 km och Karl-Johan Gyllenstorm beräknade körtiden till cirka 733 minuter.,<url><loc>https://pendlings-app1.t-767929534-cloudflare.workers.dev/?fran=Vansbro&amp;till=Grums</loc><changefreq>monthly</changefreq></url>
Perstorp,Luleå,927,728,Avståndet mellan Perstorp och Luleå är 927 km och Karl-Johan Gyllenstorm beräknade körtiden till cirka 728 minuter.,<url><loc>https://pendlings-app1.t-767929534-cloudflare.workers.dev/?fran=Perstorp&amp;till=Luleå</loc><changefreq>monthly</changefreq></url>
Mora,Visby,528,364,Avståndet mellan Mora och Visby är 528 km och Karl-Johan Gyllenstorm beräknade körtiden till cirka 364 minuter.,<url><loc>https://pendlings-app1.t-767929534-cloudflare.workers.dev/?fran=Mora&amp;till=Visby</loc><changefreq>monthly</changefreq></url>
Alingsås,Vimmerby,614,428,Avståndet mellan Alingsås och Vimmerby är 614 km och Karl-Johan Gyllenstorm beräknade körtiden till cirka 428 minuter.,<url><loc>https://pendlings-app1.t-767929534-cloudflare.workers.dev/?fran=Alingsås&amp;till=Vimmerby</loc><changefreq>monthly</changefreq></url>
Borås,Vara,318,222,Avståndet mellan Borås och Vara är 318 km och Karl-Johan Gyllenstorm beräknade körtiden till cirka 222 minuter.,<url><loc>https://pendlings-app1.t-767929534-cloudflare.workers.dev/?fran=Borås&amp;till=Vara</loc><changefreq>monthly</changefreq></url>
Färjestaden,Bräcke,675,532,Avståndet mellan Färjestaden och Bräcke är 675 km och Karl-Johan Gyllenstorm beräknade körtiden till cirka 532 minuter.,<url><loc>https://pendlings-app1.t-767929534-cloudflare.workers.dev/?fran=Färjestaden&amp;till=Bräcke</loc><changefreq>monthly</changefreq></url>
Värnamo,Malmö,1427,1122,Avståndet mellan Värnamo och Malmö är 1427 km och Karl-Johan Gyllenstorm beräknade körtiden till cirka 1122 minuter.,<url><loc>https://pendlings-app1.t-767929534-cloudflare.workers.dev/?fran=Värnamo&amp;till=Malmö</loc><changefreq>monthly</changefreq></url>
Eskilstuna,Eda,1085,760,Avståndet mellan Eskilstuna och Eda är 1085 km och Karl-Johan Gyllenstorm beräknade körtiden till cirka 760 minuter.,<url><loc>https://pendlings-app1.t-767929534-cloudflare.workers.dev/?fran=Eskilstuna&amp;till=Eda</loc><changefreq>monthly</changefreq></url>
Sundsvall,Halmstad,1291,866,Avståndet mellan Sundsvall och Halmstad är 1291 km och Karl-Johan Gyllenstorm beräknade körtiden till cirka 866 minuter.,<url><loc>https://pendlings-app1.t-767929534-cloudflare.workers.dev/?fran=Sundsvall&amp;till=Halmstad</loc><changefreq>monthly</changefreq></url>
Timrå,Älvdalen,683,497,Avståndet mellan Timrå och Älvdalen är 683 km och Karl-Johan Gyllenstorm beräknade körtiden till cirka 497 minuter.,<url><loc>https://pendlings-app1.t-767929534-cloudflare.workers.dev/?fran=Timrå&amp;till=Älvdalen</loc><changefreq>monthly</changefreq></url>
Linköping,Lekeberg,318,205,Avståndet mellan Linköping och Lekeberg är 318 km och Karl-Johan Gyllenstorm beräknade körtiden till cirka 205 minuter.,<url><loc>https://pendlings-app1.t-767929534-cloudflare.workers.dev/?fran=Linköping&amp;till=Lekeberg</loc><changefreq>monthly</changefreq></url>
Haparanda,Kils,1426,1074,Avståndet mellan Haparanda och Kils är 1426 km och Karl-Johan Gyllenstorm beräknade körtiden till cirka 1074 minuter.,<url><loc>https://pendlings-app1.t-767929534-cloudflare.workers.dev/?fran=Haparanda&amp;till=Kils</loc><changefreq>monthly</changefreq></url>
Grythyttan,Osby,805,643,Avståndet mellan Grythyttan och Osby är 805 km och Karl-Johan Gyllenstorm beräknade körtiden till cirka 643 minuter.,<url><loc>https://pendlings-app1.t-767929534-cloudflare.workers.dev/?fran=Grythyttan&amp;till=Osby</loc><changefreq>monthly</changefreq></url>
Örebro,Tomelilla,144,95,Avståndet mellan Örebro och Tomelilla är 144 km och Karl-Johan Gyllenstorm beräknade körtiden till cirka 95 minuter.,<url><loc>https://pendlings-app1.t-767929534-cloudflare.workers.dev/?fran=Örebro&amp;till=Tomelilla</loc><changefreq>monthly</changefreq></url>
Töreboda,Östhammar,1186,919,Avståndet mellan Töreboda och Östhammar är 1186 km och Karl-Johan Gyllenstorm beräknade körtiden till cirka 919 minuter.,<url><loc>https://pendlings-app1.t-767929534-cloudflare.workers.dev/?fran=Töreboda&amp;till=Östhammar</loc><changefreq>monthly</changefreq></url>
Lysekil,Bollnäs,484,322,Avståndet mellan Lysekil och Bollnäs är 484 km och Karl-Johan Gyllenstorm beräknade körtiden till cirka 322 minuter.,<url><loc>https://pendlings-app1.t-767929534-cloudflare.workers.dev/?fran=Lysekil&amp;till=Bollnäs</loc><changefreq>monthly</changefreq></url>
Tranås,Norberg,97,67,Avståndet mellan Tranås och Norberg är 97 km och Karl-Johan Gyllenstorm beräknade körtiden till cirka 67 minuter.,<url><loc>https://pendlings-app1.t-767929534-cloudflare.workers.dev/?fran=Tranås&amp;till=Norberg</loc><changefreq>monthly</changefreq></url>
Kalmar,Färgelanda,176,140,Avståndet mellan Kalmar och Färgelanda är 176 km och Karl-Johan Gyllenstorm beräknade körtiden till cirka 140 minuter.,<url><loc>https://pendlings-app1.t-767929534-cloudflare.workers.dev/?fran=Kalmar&amp;till=Färgelanda</loc><changefreq>monthly</changefreq></url>
Stånga,Sveg,1000,640,Avståndet mellan Stånga och Sveg är 1000 km och Karl-Johan Gyllenstorm beräknade körtiden till cirka 640 minuter.,<url><loc>https://pendlings-app1.t-767929534-cloudflare.workers.dev/?fran=Stånga&amp;till=Sveg</loc><changefreq>monthly</changefreq></url>
Borås,Rättvik,1345,976,Avståndet mellan Borås och Rättvik är 1345 km och Karl-Johan Gyllenstorm beräknade körtiden till cirka 976 minuter.,<url><loc>https://pendlings-app1.t-767929534-cloudflare.workers.dev/?fran=Borås&amp;till=Rättvik</loc><changefreq>monthly</changefreq></url>
Vara,Ödeshög,1429,982,Avståndet mellan Vara och Ödeshög är 1429 km och Karl-Johan Gyllenstorm beräknade körtiden till cirka 982 minuter.,<url><loc>https://pendlings-app1.t-767929534-cloudflare.workers.dev/?fran=Vara&amp;till=Ödeshög</loc><changefreq>monthly</changefreq></url>
Värnamo,Mark,945,608,Avståndet mellan Värnamo och Mark är 945 km och Karl-Johan Gyllenstorm beräknade körtiden till cirka 608 minuter.,<url><loc>https://pendlings-app1.t-767929534-cloudflare.workers.dev/?fran=Värnamo&amp;till=Mark</loc><changefreq>monthly</changefreq></url>
Skutskär,Skinnskatteberg,511,346,Avståndet mellan Skutskär och Skinnskatteberg är 511 km och Karl-Johan Gyllenstorm beräknade körtiden till cirka 346 minuter.,<url><loc>https://pendlings-app1.t-767929534-cloudflare.workers.dev/?fran=Skutskär&amp;till=Skinnskatteberg</loc><changefreq>monthly</changefreq></url>
Ronehamn,Staffanstorp,1279,959,Avståndet mellan Ronehamn och Staffanstorp är 1279 km och Karl-Johan Gyllenstorm beräknade körtiden till cirka 959 minuter.,<url><loc>https://pendlings-app1.t-767929534-cloudflare.workers.dev/?fran=Ronehamn&amp;till=Staffanstorp</loc><changefreq>monthly</changefreq></url>
Sotenäs,Hörby,1328,947,Avståndet mellan Sotenäs och Hörby är 1328 km och Karl-Johan Gyllenstorm beräknade körtiden till cirka 947 minuter.,<url><loc>https://pendlings-app1.t-767929534-cloudflare.workers.dev/?fran=Sotenäs&amp;till=Hörby</loc><changefreq>monthly</changefreq></url>
Vimmerby,Kungsör,338,241,Avståndet mellan Vimmerby och Kungsör är 338 km och Karl-Johan Gyllenstorm beräknade körtiden till cirka 241 minuter.,<url><loc>https://pendlings-app1.t-767929534-cloudflare.workers.dev/?fran=Vimmerby&amp;till=Kungsör</loc><changefreq>monthly</changefreq></url>
Lund,Roma,762,575,Avståndet mellan Lund och Roma är 762 km och Karl-Johan Gyllenstorm beräknade körtiden till cirka 575 minuter.,<url><loc>https://pendlings-app1.t-767929534-cloudflare.workers.dev/?fran=Lund&amp;till=Roma</loc><changefreq>monthly</changefreq></url>
Säffle,Alingsås,612,419,Avståndet mellan Säffle och Alingsås är 612 km och Karl-Johan Gyllenstorm beräknade körtiden till cirka 419 minuter.,<url><loc>https://pendlings-app1.t-767929534-cloudflare.workers.dev/?fran=Säffle&amp;till=Alingsås</loc><changefreq>monthly</changefreq></url>
Leksand,Surahammar,382,243,Avståndet mellan Leksand och Surahammar är 382 km och Karl-Johan Gyllenstorm beräknade körtiden till cirka 243 minuter.,<url><loc>https://pendlings-app1.t-767929534-cloudflare.workers.dev/?fran=Leksand&amp;till=Surahammar</loc><changefreq>monthly</changefreq></url>
Boden,Härnösand,820,518,Avståndet mellan Boden och Härnösand är 820 km och Karl-Johan Gyllenstorm beräknade körtiden till cirka 518 minuter.,<url><loc>https://pendlings-app1.t-767929534-cloudflare.workers.dev/?fran=Boden&amp;till=Härnösand</loc><changefreq>monthly</changefreq></url>
Fårösund,Kalmar,353,257,Avståndet mellan Fårösund och Kalmar är 353 km och Karl-Johan Gyllenstorm beräknade körtiden till cirka 257 minuter.,<url><loc>https://pendlings-app1.t-767929534-cloudflare.workers.dev/?fran=Fårösund&amp;till=Kalmar</loc><changefreq>monthly</changefreq></url>
Kalix,Karlshamn,67,48,Avståndet mellan Kalix och Karlshamn är 67 km och Karl-Johan Gyllenstorm beräknade körtiden till cirka 48 minuter.,<url><loc>https://pendlings-app1.t-767929534-cloudflare.workers.dev/?fran=Kalix&amp;till=Karlshamn</loc><changefreq>monthly</changefreq></url>
Nora,Ragunda,639,492,Avståndet mellan Nora och Ragunda är 639 km och Karl-Johan Gyllenstorm beräknade körtiden till cirka 492 minuter.,<url><loc>https://pendlings-app1.t-767929534-cloudflare.workers.dev/?fran=Nora&amp;till=Ragunda</loc><changefreq>monthly</changefreq></url>
Östhammar,Västerås,966,697,Avståndet mellan Östhammar och Västerås är 966 km och Karl-Johan Gyllenstorm beräknade körtiden till cirka 697 minuter.,<url><loc>https://pendlings-app1.t-767929534-cloudflare.workers.dev/?fran=Östhammar&amp;till=Västerås</loc><changefreq>monthly</changefreq></url>
Norrköping,Strömsund,1133,739,Avståndet mellan Norrköping och Strömsund är 1133 km och Karl-Johan Gyllenstorm beräknade körtiden till cirka 739 minuter.,<url><loc>https://pendlings-app1.t-767929534-cloudflare.workers.dev/?fran=Norrköping&amp;till=Strömsund</loc><changefreq>monthly</changefreq></url>
Götene,Surahammar,848,657,Avståndet mellan Götene och Surahammar är 848 km och Karl-Johan Gyllenstorm beräknade körtiden till cirka 657 minuter.,<url><loc>https://pendlings-app1.t-767929534-cloudflare.workers.dev/?fran=Götene&amp;till=Surahammar</loc><changefreq>monthly</changefreq></url>
Tierp,Kungsbacka,1308,956,Avståndet mellan Tierp och Kungsbacka är 1308 km och Karl-Johan Gyllenstorm beräknade körtiden till cirka 956 minuter.,<url><loc>https://pendlings-app1.t-767929534-cloudflare.workers.dev/?fran=Tierp&amp;till=Kungsbacka</loc><changefreq>monthly</changefreq></url>
Borlänge,Flen,856,616,Avståndet mellan Borlänge och Flen är 856 km och Karl-Johan Gyllenstorm beräknade körtiden till cirka 616 minuter.,<url><loc>https://pendlings-app1.t-767929534-cloudflare.workers.dev/?fran=Borlänge&amp;till=Flen</loc><changefreq>monthly</changefreq></url>
Kils,Lekeberg,880,627,Avståndet mellan Kils och Lekeberg är 880 km och Karl-Johan Gyllenstorm beräknade körtiden till cirka 627 minuter.,<url><loc>https://pendlings-app1.t-767929534-cloudflare.workers.dev/?fran=Kils&amp;till=Lekeberg</loc><changefreq>monthly</changefreq></url>
Storfors,Lomma,951,680,Avståndet mellan Storfors och Lomma är 951 km och Karl-Johan Gyllenstorm beräknade körtiden till cirka 680 minuter.,<url><loc>https://pendlings-app1.t-767929534-cloudflare.workers.dev/?fran=Storfors&amp;till=Lomma</loc><changefreq>monthly</changefreq></url>
Mora,Tingstäde,820,584,Avståndet mellan Mora och Tingstäde är 820 km och Karl-Johan Gyllenstorm beräknade körtiden till cirka 584 minuter.,<url><loc>https://pendlings-app1.t-767929534-cloudflare.workers.dev/?fran=Mora&amp;till=Tingstäde</loc><changefreq>monthly</changefreq></url>
Älvkarleby,Övertorneå,716,527,Avståndet mellan Älvkarleby och Övertorneå är 716 km och Karl-Johan Gyllenstorm beräknade körtiden till cirka 527 minuter.,<url><loc>https://pendlings-app1.t-767929534-cloudflare.workers.dev/?fran=Älvkarleby&amp;till=Övertorneå</loc><changefreq>monthly</changefreq></url>
Älvsbyn,Enköping,841,650,Avståndet mellan Älvsbyn och Enköping är 841 km och Karl-Johan Gyllenstorm beräknade körtiden till cirka 650 minuter.,<url><loc>https://pendlings-app1.t-767929534-cloudflare.workers.dev/?fran=Älvsbyn&amp;till=Enköping</loc><changefreq>monthly</changefreq></url>
Tibro,Oskarshamn,1110,842,Avståndet mellan Tibro och Oskarshamn är 1110 km och Karl-Johan Gyllenstorm beräknade körtiden till cirka 842 minuter.,<url><loc>https://pendlings-app1.t-767929534-cloudflare.workers.dev/?fran=Tibro&amp;till=Oskarshamn</loc><changefreq>monthly</changefreq></url>
Stockholm,Gimo,469,315,Avståndet mellan Stockholm och Gimo är 469 km och Karl-Johan Gyllenstorm beräknade körtiden till cirka 315 minuter.,<url><loc>https://pendlings-app1.t-767929534-cloudflare.workers.dev/?fran=Stockholm&amp;till=Gimo</loc><changefreq>monthly</changefreq></url>
Hässleholm,Vimmerby,1189,904,Avståndet mellan Hässleholm och Vimmerby är 1189 km och Karl-Johan Gyllenstorm beräknade körtiden till cirka 904 minuter.,<url><loc>https://pendlings-app1.t-767929534-cloudflare.workers.dev/?fran=Hässleholm&amp;till=Vimmerby</loc><changefreq>monthly</changefreq></url>
Hemse,Kinda,1375,910,Avståndet mellan Hemse och Kinda är 1375 km och Karl-Johan Gyllenstorm beräknade körtiden till cirka 910 minuter.,<url><loc>https://pendlings-app1.t-767929534-cloudflare.workers.dev/?fran=Hemse&amp;till=Kinda</loc><changefreq>monthly</changefreq></url>
Hudiksvall,Avesta,769,496,Avståndet mellan Hudiksvall och Avesta är 769 km och Karl-Johan Gyllenstorm beräknade körtiden till cirka 496 minuter.,<url><loc>https://pendlings-app1.t-767929534-cloudflare.workers.dev/?fran=Hudiksvall&amp;till=Avesta</loc><changefreq>monthly</changefreq></url>
Högsby,Forshaga,1147,746,Avståndet mellan Högsby och Forshaga är 1147 km och Karl-Johan Gyllenstorm beräknade körtiden till cirka 746 minuter.,<url><loc>https://pendlings-app1.t-767929534-cloudflare.workers.dev/?fran=Högsby&amp;till=Forshaga</loc><changefreq>monthly</changefreq></url>
Arvidsjaur,Ödeshög,861,626,Avståndet mellan Arvidsjaur och Ödeshög är 861 km och Karl-Johan Gyllenstorm beräknade körtiden till cirka 626 minuter.,<url><loc>https://pendlings-app1.t-767929534-cloudflare.workers.dev/?fran=Arvidsjaur&amp;till=Ödeshög</loc><changefreq>monthly</changefreq></url>
Pajala,Askersund,653,494,Avståndet mellan Pajala och Askersund är 653 km och Karl-Johan Gyllenstorm beräknade körtiden till cirka 494 minuter.,<url><loc>https://pendlings-app1.t-767929534-cloudflare.workers.dev/?fran=Pajala&amp;till=Askersund</loc><changefreq>monthly</changefreq></url>
Hörby,Alingsås,314,223,Avståndet mellan Hörby och Alingsås är 314 km och Karl-Johan Gyllenstorm beräknade körtiden till cirka 223 minuter.,<url><loc>https://pendlings-app1.t-767929534-cloudflare.workers.dev/?fran=Hörby&amp;till=Alingsås</loc><changefreq>monthly</changefreq></url>
Vadstena,Katrineholm,1136,774,Avståndet mellan Vadstena och Katrineholm är 1136 km och Karl-Johan Gyllenstorm beräknade körtiden till cirka 774 minuter.,<url><loc>https://pendlings-app1.t-767929534-cloudflare.workers.dev/?fran=Vadstena&amp;till=Katrineholm</loc><changefreq>monthly</changefreq></url>
Ragunda,Östra Göinge,640,412,Avståndet mellan Ragunda och Östra Göinge är 640 km och Karl-Johan Gyllenstorm beräknade körtiden till cirka 412 minuter.,<url><loc>https://pendlings-app1.t-767929534-cloudflare.workers.dev/?fran=Ragunda&amp;till=Östra Göinge</loc><changefreq>monthly</changefreq></url>
Hallsberg,Ed,1302,938,Avståndet mellan Hallsberg och Ed är 1302 km och Karl-Johan Gyllenstorm beräknade körtiden till cirka 938 minuter.,<url><loc>https://pendlings-app1.t-767929534-cloudflare.workers.dev/?fran=Hallsberg&amp;till=Ed</loc><changefreq>monthly</changefreq></url>
Forshaga,Höganäs,433,327,Avståndet mellan Forshaga och Höganäs är 433 km och Karl-Johan Gyllenstorm beräknade körtiden till cirka 327 minuter.,<url><loc>https://pendlings-app1.t-767929534-cloudflare.workers.dev/?fran=Forshaga&amp;till=Höganäs</loc><changefreq>monthly</changefreq></url>
Skutskär,Kramfors,1154,746,Avståndet mellan Skutskär och Kramfors är 1154 km och Karl-Johan Gyllenstorm beräknade körtiden till cirka 746 minuter.,<url><loc>https://pendlings-app1.t-767929534-cloudflare.workers.dev/?fran=Skutskär&amp;till=Kramfors</loc><changefreq>monthly</changefreq></url>
Strömstad,Leksand,1375,998,Avståndet mellan Strömstad och Leksand är 1375 km och Karl-Johan Gyllenstorm beräknade körtiden till cirka 998 minuter.,<url><loc>https://pendlings-app1.t-767929534-cloudflare.workers.dev/?fran=Strömstad&amp;till=Leksand</loc><changefreq>monthly</changefreq></url>
Jokkmokk,Klippan,1084,778,Avståndet mellan Jokkmokk och Klippan är 1084 km och Karl-Johan Gyllenstorm beräknade körtiden till cirka 778 minuter.,<url><loc>https://pendlings-app1.t-767929534-cloudflare.workers.dev/?fran=Jokkmokk&amp;till=Klippan</loc><changefreq>monthly</changefreq></url>
Skellefteå,Sunne,932,741,Avståndet mellan Skellefteå och Sunne är 932 km och Karl-Johan Gyllenstorm beräknade körtiden till cirka 741 minuter.,<url><loc>https://pendlings-app1.t-767929534-cloudflare.workers.dev/?fran=Skellefteå&amp;till=Sunne</loc><changefreq>monthly</changefreq></url>
Kopparberg,Rättvik,447,324,Avståndet mellan Kopparberg och Rättvik är 447 km och Karl-Johan Gyllenstorm beräknade körtiden till cirka 324 minuter.,<url><loc>https://pendlings-app1.t-767929534-cloudflare.workers.dev/?fran=Kopparberg&amp;till=Rättvik</loc><changefreq>monthly</changefreq></url>
Malung,Hjo,1391,1064,Avståndet mellan Malung och Hjo är 1391 km och Karl-Johan Gyllenstorm beräknade körtiden till cirka 1064 minuter.,<url><loc>https://pendlings-app1.t-767929534-cloudflare.workers.dev/?fran=Malung&amp;till=Hjo</loc><changefreq>monthly</changefreq></url>
Åsele,Mullsjö,1418,986,Avståndet mellan Åsele och Mullsjö är 1418 km och Karl-Johan Gyllenstorm beräknade körtiden till cirka 986 minuter.,<url><loc>https://pendlings-app1.t-767929534-cloudflare.workers.dev/?fran=Åsele&amp;till=Mullsjö</loc><changefreq>monthly</changefreq></url>
Kopparberg,Ödeshög,344,235,Avståndet mellan Kopparberg och Ödeshög är 344 km och Karl-Johan Gyllenstorm beräknade körtiden till cirka 235 minuter.,<url><loc>https://pendlings-app1.t-767929534-cloudflare.workers.dev/?fran=Kopparberg&amp;till=Ödeshög</loc><changefreq>monthly</changefreq></url>
Vimmerby,Ängelholm,1202,796,Avståndet mellan Vimmerby och Ängelholm är 1202 km och Karl-Johan Gyllenstorm beräknade körtiden till cirka 796 minuter.,<url><loc>https://pendlings-app1.t-767929534-cloudflare.workers.dev/?fran=Vimmerby&amp;till=Ängelholm</loc><changefreq>monthly</changefreq></url>
Sjöbo,Jönköping,430,331,Avståndet mellan Sjöbo och Jönköping är 430 km och Karl-Johan Gyllenstorm beräknade körtiden till cirka 331 minuter.,<url><loc>https://pendlings-app1.t-767929534-cloudflare.workers.dev/?fran=Sjöbo&amp;till=Jönköping</loc><changefreq>monthly</changefreq></url>
Enköping,Storuman,673,479,Avståndet mellan Enköping och Storuman är 673 km och Karl-Johan Gyllenstorm beräknade körtiden till cirka 479 minuter.,<url><loc>https://pendlings-app1.t-767929534-cloudflare.workers.dev/?fran=Enköping&amp;till=Storuman</loc><changefreq>monthly</changefreq></url>
Hultsfred,Mellerud,292,194,Avståndet mellan Hultsfred och Mellerud är 292 km och Karl-Johan Gyllenstorm beräknade körtiden till cirka 194 minuter.,<url><loc>https://pendlings-app1.t-767929534-cloudflare.workers.dev/?fran=Hultsfred&amp;till=Mellerud</loc><changefreq>monthly</changefreq></url>
Emmaboda,Höör,1021,753,Avståndet mellan Emmaboda och Höör är 1021 km och Karl-Johan Gyllenstorm beräknade körtiden till cirka 753 minuter.,<url><loc>https://pendlings-app1.t-767929534-cloudflare.workers.dev/?fran=Emmaboda&amp;till=Höör</loc><changefreq>monthly</changefreq></url>
Kävlinge,Laholm,1279,896,Avståndet mellan Kävlinge och Laholm är 1279 km och Karl-Johan Gyllenstorm beräknade körtiden till cirka 896 minuter.,<url><loc>https://pendlings-app1.t-767929534-cloudflare.workers.dev/?fran=Kävlinge&amp;till=Laholm</loc><changefreq>monthly</changefreq></url>
Herrljunga,Ludvika,1311,850,Avståndet mellan Herrljunga och Ludvika är 1311 km och Karl-Johan Gyllenstorm beräknade körtiden till cirka 850 minuter.,<url><loc>https://pendlings-app1.t-767929534-cloudflare.workers.dev/?fran=Herrljunga&amp;till=Ludvika</loc><changefreq>monthly</changefreq></url>
Sandviken,Visby,1409,1099,Avståndet mellan Sandviken och Visby är 1409 km och Karl-Johan Gyllenstorm beräknade körtiden till cirka 1099 minuter.,<url><loc>https://pendlings-app1.t-767929534-cloudflare.workers.dev/?fran=Sandviken&amp;till=Visby</loc><changefreq>monthly</changefreq></url>
Gävle,Borgholm,158,124,Avståndet mellan Gävle och Borgholm är 158 km och Karl-Johan Gyllenstorm beräknade körtiden till cirka 124 minuter.,<url><loc>https://pendlings-app1.t-767929534-cloudflare.workers.dev/?fran=Gävle&amp;till=Borgholm</loc><changefreq>monthly</changefreq></url>
Kristianstad,Härjedalen,42,27,Avståndet mellan Kristianstad och Härjedalen är 42 km och Karl-Johan Gyllenstorm beräknade körtiden till cirka 27 minuter.,<url><loc>https://pendlings-app1.t-767929534-cloudflare.workers.dev/?fran=Kristianstad&amp;till=Härjedalen</loc><changefreq>monthly</changefreq></url>
Bengtsfors,Storfors,133,98,Avståndet mellan Bengtsfors och Storfors är 133 km och Karl-Johan Gyllenstorm beräknade körtiden till cirka 98 minuter.,<url><loc>https://pendlings-app1.t-767929534-cloudflare.workers.dev/?fran=Bengtsfors&amp;till=Storfors</loc><changefreq>monthly</changefreq></url>
Ockelbo,Ystad,209,154,Avståndet mellan Ockelbo och Ystad är 209 km och Karl-Johan Gyllenstorm beräknade körtiden till cirka 154 minuter.,<url><loc>https://pendlings-app1.t-767929534-cloudflare.workers.dev/?fran=Ockelbo&amp;till=Ystad</loc><changefreq>monthly</changefreq></url>
Karlskoga,Slite,755,573,Avståndet mellan Karlskoga och Slite är 755 km och Karl-Johan Gyllenstorm beräknade körtiden till cirka 573 minuter.,<url><loc>https://pendlings-app1.t-767929534-cloudflare.workers.dev/?fran=Karlskoga&amp;till=Slite</loc><changefreq>monthly</changefreq></url>
Hudiksvall,Tomelilla,333,212,Avståndet mellan Hudiksvall och Tomelilla är 333 km och Karl-Johan Gyllenstorm beräknade körtiden till cirka 212 minuter.,<url><loc>https://pendlings-app1.t-767929534-cloudflare.workers.dev/?fran=Hudiksvall&amp;till=Tomelilla</loc><changefreq>monthly</changefreq></url>
Alingsås,Trollhättan,654,427,Avståndet mellan Alingsås och Trollhättan är 654 km och Karl-Johan Gyllenstorm beräknade körtiden till cirka 427 minuter.,<url><loc>https://pendlings-app1.t-767929534-cloudflare.workers.dev/?fran=Alingsås&amp;till=Trollhättan</loc><changefreq>monthly</changefreq></url>
Tranås,Kungsör,768,527,Avståndet mellan Tranås och Kungsör är 768 km och Karl-Johan Gyllenstorm beräknade körtiden till cirka 527 minuter.,<url><loc>https://pendlings-app1.t-767929534-cloudflare.workers.dev/?fran=Tranås&amp;till=Kungsör</loc><changefreq>monthly</changefreq></url>
Bjuv,Uppsala,671,465,Avståndet mellan Bjuv och Uppsala är 671 km och Karl-Johan Gyllenstorm beräknade körtiden till cirka 465 minuter.,<url><loc>https://pendlings-app1.t-767929534-cloudflare.workers.dev/?fran=Bjuv&amp;till=Uppsala</loc><changefreq>monthly</changefreq></url>
Örnsköldsvik,Kalix,939,667,Avståndet mellan Örnsköldsvik och Kalix är 939 km och Karl-Johan Gyllenstorm beräknade körtiden till cirka 667 minuter.,<url><loc>https://pendlings-app1.t-767929534-cloudflare.workers.dev/?fran=Örnsköldsvik&amp;till=Kalix</loc><changefreq>monthly</changefreq></url>
Kungsbacka,Sundsvall,383,284,Avståndet mellan Kungsbacka och Sundsvall är 383 km och Karl-Johan Gyllenstorm beräknade körtiden till cirka 284 minuter.,<url><loc>https://pendlings-app1.t-767929534-cloudflare.workers.dev/?fran=Kungsbacka&amp;till=Sundsvall</loc><changefreq>monthly</changefreq></url>
Örkelljunga,Färjestaden,232,153,Avståndet mellan Örkelljunga och Färjestaden är 232 km och Karl-Johan Gyllenstorm beräknade körtiden till cirka 153 minuter.,<url><loc>https://pendlings-app1.t-767929534-cloudflare.workers.dev/?fran=Örkelljunga&amp;till=Färjestaden</loc><changefreq>monthly</changefreq></url>
Ydre,Bollebygd,352,227,Avståndet mellan Ydre och Bollebygd är 352 km och Karl-Johan Gyllenstorm beräknade körtiden till cirka 227 minuter.,<url><loc>https://pendlings-app1.t-767929534-cloudflare.workers.dev/?fran=Ydre&amp;till=Bollebygd</loc><changefreq>monthly</changefreq></url>
Tierp,Söderhamn,336,258,Avståndet mellan Tierp och Söderhamn är 336 km och Karl-Johan Gyllenstorm beräknade körtiden till cirka 258 minuter.,<url><loc>https://pendlings-app1.t-767929534-cloudflare.workers.dev/?fran=Tierp&amp;till=Söderhamn</loc><changefreq>monthly</changefreq></url>
Kungsbacka,Uppsala,267,187,Avståndet mellan Kungsbacka och Uppsala är 267 km och Karl-Johan Gyllenstorm beräknade körtiden till cirka 187 minuter.,<url><loc>https://pendlings-app1.t-767929534-cloudflare.workers.dev/?fran=Kungsbacka&amp;till=Uppsala</loc><changefreq>monthly</changefreq></url>
Leksand,Herrljunga,1291,931,Avståndet mellan Leksand och Herrljunga är 1291 km och Karl-Johan Gyllenstorm beräknade körtiden till cirka 931 minuter.,<url><loc>https://pendlings-app1.t-767929534-cloudflare.workers.dev/?fran=Leksand&amp;till=Herrljunga</loc><changefreq>monthly</changefreq></url>
Eksjö,Kils,1175,819,Avståndet mellan Eksjö och Kils är 1175 km och Karl-Johan Gyllenstorm beräknade körtiden till cirka 819 minuter.,<url><loc>https://pendlings-app1.t-767929534-cloudflare.workers.dev/?fran=Eksjö&amp;till=Kils</loc><changefreq>monthly</changefreq></url>
Mörbylånga,Gullspång,986,665,Avståndet mellan Mörbylånga och Gullspång är 986 km och Karl-Johan Gyllenstorm beräknade körtiden till cirka 665 minuter.,<url><loc>https://pendlings-app1.t-767929534-cloudflare.workers.dev/?fran=Mörbylånga&amp;till=Gullspång</loc><changefreq>monthly</changefreq></url>
Borgholm,Laholm,600,405,Avståndet mellan Borgholm och Laholm är 600 km och Karl-Johan Gyllenstorm beräknade körtiden till cirka 405 minuter.,<url><loc>https://pendlings-app1.t-767929534-cloudflare.workers.dev/?fran=Borgholm&amp;till=Laholm</loc><changefreq>monthly</changefreq></url>
Klippan,Sunne,535,340,Avståndet mellan Klippan och Sunne är 535 km och Karl-Johan Gyllenstorm beräknade körtiden till cirka 340 minuter.,<url><loc>https://pendlings-app1.t-767929534-cloudflare.workers.dev/?fran=Klippan&amp;till=Sunne</loc><changefreq>monthly</changefreq></url>
Kopparberg,Pajala,1384,884,Avståndet mellan Kopparberg och Pajala är 1384 km och Karl-Johan Gyllenstorm beräknade körtiden till cirka 884 minuter.,<url><loc>https://pendlings-app1.t-767929534-cloudflare.workers.dev/?fran=Kopparberg&amp;till=Pajala</loc><changefreq>monthly</changefreq></url>
Gällivare,Kungsör,936,730,Avståndet mellan Gällivare och Kungsör är 936 km och Karl-Johan Gyllenstorm beräknade körtiden till cirka 730 minuter.,<url><loc>https://pendlings-app1.t-767929534-cloudflare.workers.dev/?fran=Gällivare&amp;till=Kungsör</loc><changefreq>monthly</changefreq></url>
Trosa,Vimmerby,105,81,Avståndet mellan Trosa och Vimmerby är 105 km och Karl-Johan Gyllenstorm beräknade körtiden till cirka 81 minuter.,<url><loc>https://pendlings-app1.t-767929534-cloudflare.workers.dev/?fran=Trosa&amp;till=Vimmerby</loc><changefreq>monthly</changefreq></url>
Umeå,Sundsvall,805,572,Avståndet mellan Umeå och Sundsvall är 805 km och Karl-Johan Gyllenstorm beräknade körtiden till cirka 572 minuter.,<url><loc>https://pendlings-app1.t-767929534-cloudflare.workers.dev/?fran=Umeå&amp;till=Sundsvall</loc><changefreq>monthly</changefreq></url>
Mönsterås,Kumla,1001,766,Avståndet mellan Mönsterås och Kumla är 1001 km och Karl-Johan Gyllenstorm beräknade körtiden till cirka 766 minuter.,<url><loc>https://pendlings-app1.t-767929534-cloudflare.workers.dev/?fran=Mönsterås&amp;till=Kumla</loc><changefreq>monthly</changefreq></url>
Gagnef,Norrköping,65,45,Avståndet mellan Gagnef och Norrköping är 65 km och Karl-Johan Gyllenstorm beräknade körtiden till cirka 45 minuter.,<url><loc>https://pendlings-app1.t-767929534-cloudflare.workers.dev/?fran=Gagnef&amp;till=Norrköping</loc><changefreq>monthly</changefreq></url>
Sälen,Gagnef,767,492,Avståndet mellan Sälen och Gagnef är 767 km och Karl-Johan Gyllenstorm beräknade körtiden till cirka 492 minuter.,<url><loc>https://pendlings-app1.t-767929534-cloudflare.workers.dev/?fran=Sälen&amp;till=Gagnef</loc><changefreq>monthly</changefreq></url>
Kristinehamn,Askersund,1222,848,Avståndet mellan Kristinehamn och Askersund är 1222 km och Karl-Johan Gyllenstorm beräknade körtiden till cirka 848 minuter.,<url><loc>https://pendlings-app1.t-767929534-cloudflare.workers.dev/?fran=Kristinehamn&amp;till=Askersund</loc><changefreq>monthly</changefreq></url>
Sotenäs,Avesta,941,608,Avståndet mellan Sotenäs och Avesta är 941 km och Karl-Johan Gyllenstorm beräknade körtiden till cirka 608 minuter.,<url><loc>https://pendlings-app1.t-767929534-cloudflare.workers.dev/?fran=Sotenäs&amp;till=Avesta</loc><changefreq>monthly</changefreq></url>
Torsby,Umeå,1032,659,Avståndet mellan Torsby och Umeå är 1032 km och Karl-Johan Gyllenstorm beräknade körtiden till cirka 659 minuter.,<url><loc>https://pendlings-app1.t-767929534-cloudflare.workers.dev/?fran=Torsby&amp;till=Umeå</loc><changefreq>monthly</changefreq></url>
Örnsköldsvik,Ronehamn,1185,868,Avståndet mellan Örnsköldsvik och Ronehamn är 1185 km och Karl-Johan Gyllenstorm beräknade körtiden till cirka 868 minuter.,<url><loc>https://pendlings-app1.t-767929534-cloudflare.workers.dev/?fran=Örnsköldsvik&amp;till=Ronehamn</loc><changefreq>monthly</changefreq></url>
Luleå,Mora,720,456,Avståndet mellan Luleå och Mora är 720 km och Karl-Johan Gyllenstorm beräknade körtiden till cirka 456 minuter.,<url><loc>https://pendlings-app1.t-767929534-cloudflare.workers.dev/?fran=Luleå&amp;till=Mora</loc><changefreq>monthly</changefreq></url>
Kramfors,Höganäs,782,614,Avståndet mellan Kramfors och Höganäs är 782 km och Karl-Johan Gyllenstorm beräknade körtiden till cirka 614 minuter.,<url><loc>https://pendlings-app1.t-767929534-cloudflare.workers.dev/?fran=Kramfors&amp;till=Höganäs</loc><changefreq>monthly</changefreq></url>
Essunga,Mariestad,301,206,Avståndet mellan Essunga och Mariestad är 301 km och Karl-Johan Gyllenstorm beräknade körtiden till cirka 206 minuter.,<url><loc>https://pendlings-app1.t-767929534-cloudflare.workers.dev/?fran=Essunga&amp;till=Mariestad</loc><changefreq>monthly</changefreq></url>
Luleå,Härnösand,1412,1022,Avståndet mellan Luleå och Härnösand är 1412 km och Karl-Johan Gyllenstorm beräknade körtiden till cirka 1022 minuter.,<url><loc>https://pendlings-app1.t-767929534-cloudflare.workers.dev/?fran=Luleå&amp;till=Härnösand</loc><changefreq>monthly</changefreq></url>
Helsingborg,Kristianstad,331,257,Avståndet mellan Helsingborg och Kristianstad är 331 km och Karl-Johan Gyllenstorm beräknade körtiden till cirka 257 minuter.,<url><loc>https://pendlings-app1.t-767929534-cloudflare.workers.dev/?fran=Helsingborg&amp;till=Kristianstad</loc><changefreq>monthly</changefreq></url>
Osby,Östersund,1394,1060,Avståndet mellan Osby och Östersund är 1394 km och Karl-Johan Gyllenstorm beräknade körtiden till cirka 1060 minuter.,<url><loc>https://pendlings-app1.t-767929534-cloudflare.workers.dev/?fran=Osby&amp;till=Östersund</loc><changefreq>monthly</changefreq></url>
Gagnef,Olofström,1323,975,Avståndet mellan Gagnef och Olofström är 1323 km och Karl-Johan Gyllenstorm beräknade körtiden till cirka 975 minuter.,<url><loc>https://pendlings-app1.t-767929534-cloudflare.workers.dev/?fran=Gagnef&amp;till=Olofström</loc><changefreq>monthly</changefreq></url>
Smedjebacken,Ljusnarsberg,195,143,Avståndet mellan Smedjebacken och Ljusnarsberg är 195 km och Karl-Johan Gyllenstorm beräknade körtiden till cirka 143 minuter.,<url><loc>https://pendlings-app1.t-767929534-cloudflare.workers.dev/?fran=Smedjebacken&amp;till=Ljusnarsberg</loc><changefreq>monthly</changefreq></url>
Lycksele,Orsa,1038,827,Avståndet mellan Lycksele och Orsa är 1038 km och Karl-Johan Gyllenstorm beräknade körtiden till cirka 827 minuter.,<url><loc>https://pendlings-app1.t-767929534-cloudflare.workers.dev/?fran=Lycksele&amp;till=Orsa</loc><changefreq>monthly</changefreq></url>
Katrineholm,Varberg,1233,888,Avståndet mellan Katrineholm och Varberg är 1233 km och Karl-Johan Gyllenstorm beräknade körtiden till cirka 888 minuter.,<url><loc>https://pendlings-app1.t-767929534-cloudflare.workers.dev/?fran=Katrineholm&amp;till=Varberg</loc><changefreq>monthly</changefreq></url>
Gislaved,Nora,371,270,Avståndet mellan Gislaved och Nora är 371 km och Karl-Johan Gyllenstorm beräknade körtiden till cirka 270 minuter.,<url><loc>https://pendlings-app1.t-767929534-cloudflare.workers.dev/?fran=Gislaved&amp;till=Nora</loc><changefreq>monthly</changefreq></url>
Gävle,Skellefteå,542,412,Avståndet mellan Gävle och Skellefteå är 542 km och Karl-Johan Gyllenstorm beräknade körtiden till cirka 412 minuter.,<url><loc>https://pendlings-app1.t-767929534-cloudflare.workers.dev/?fran=Gävle&amp;till=Skellefteå</loc><changefreq>monthly</changefreq></url>
Åtvidaberg,Vadstena,598,379,Avståndet mellan Åtvidaberg och Vadstena är 598 km och Karl-Johan Gyllenstorm beräknade körtiden till cirka 379 minuter.,<url><loc>https://pendlings-app1.t-767929534-cloudflare.workers.dev/?fran=Åtvidaberg&amp;till=Vadstena</loc><changefreq>monthly</changefreq></url>
Stånga,Säffle,73,52,Avståndet mellan Stånga och Säffle är 73 km och Karl-Johan Gyllenstorm beräknade körtiden till cirka 52 minuter.,<url><loc>https://pendlings-app1.t-767929534-cloudflare.workers.dev/?fran=Stånga&amp;till=Säffle</loc><changefreq>monthly</changefreq></url>
Umeå,Malmö,366,289,Avståndet mellan Umeå och Malmö är 366 km och Karl-Johan Gyllenstorm beräknade körtiden till cirka 289 minuter.,<url><loc>https://pendlings-app1.t-767929534-cloudflare.workers.dev/?fran=Umeå&amp;till=Malmö</loc><changefreq>monthly</changefreq></url>
Forshaga,Mariestad,514,346,Avståndet mellan Forshaga och Mariestad är 514 km och Karl-Johan Gyllenstorm beräknade körtiden till cirka 346 minuter.,<url><loc>https://pendlings-app1.t-767929534-cloudflare.workers.dev/?fran=Forshaga&amp;till=Mariestad</loc><changefreq>monthly</changefreq></url>
Eskilstuna,Strömstad,563,402,Avståndet mellan Eskilstuna och Strömstad är 563 km och Karl-Johan Gyllenstorm beräknade körtiden till cirka 402 minuter.,<url><loc>https://pendlings-app1.t-767929534-cloudflare.workers.dev/?fran=Eskilstuna&amp;till=Strömstad</loc><changefreq>monthly</changefreq></url>
Gävle,Åmål,911,669,Avståndet mellan Gävle och Åmål är 911 km och Karl-Johan Gyllenstorm beräknade körtiden till cirka 669 minuter.,<url><loc>https://pendlings-app1.t-767929534-cloudflare.workers.dev/?fran=Gävle&amp;till=Åmål</loc><changefreq>monthly</changefreq></url>
Kopparberg,Laxå,583,389,Avståndet mellan Kopparberg och Laxå är 583 km och Karl-Johan Gyllenstorm beräknade körtiden till cirka 389 minuter.,<url><loc>https://pendlings-app1.t-767929534-cloudflare.workers.dev/?fran=Kopparberg&amp;till=Laxå</loc><changefreq>monthly</changefreq></url>
Lysekil,Älvdalen,1369,976,Avståndet mellan Lysekil och Älvdalen är 1369 km och Karl-Johan Gyllenstorm beräknade körtiden till cirka 976 minuter.,<url><loc>https://pendlings-app1.t-767929534-cloudflare.workers.dev/?fran=Lysekil&amp;till=Älvdalen</loc><changefreq>monthly</changefreq></url>
Alingsås,Tierp,189,139,Avståndet mellan Alingsås och Tierp är 189 km och Karl-Johan Gyllenstorm beräknade körtiden till cirka 139 minuter.,<url><loc>https://pendlings-app1.t-767929534-cloudflare.workers.dev/?fran=Alingsås&amp;till=Tierp</loc><changefreq>monthly</changefreq></url>
Vingåker,Eskilstuna,89,69,Avståndet mellan Vingåker och Eskilstuna är 89 km och Karl-Johan Gyllenstorm beräknade körtiden till cirka 69 minuter.,<url><loc>https://pendlings-app1.t-767929534-cloudflare.workers.dev/?fran=Vingåker&amp;till=Eskilstuna</loc><changefreq>monthly</changefreq></url>
Säffle,Tomelilla,1303,1039,Avståndet mellan Säffle och Tomelilla är 1303 km och Karl-Johan Gyllenstorm beräknade körtiden till cirka 1039 minuter.,<url><loc>https://pendlings-app1.t-767929534-cloudflare.workers.dev/?fran=Säffle&amp;till=Tomelilla</loc><changefreq>monthly</changefreq></url>
Boxholm,Lund,1199,954,Avståndet mellan Boxholm och Lund är 1199 km och Karl-Johan Gyllenstorm beräknade körtiden till cirka 954 minuter.,<url><loc>https://pendlings-app1.t-767929534-cloudflare.workers.dev/?fran=Boxholm&amp;till=Lund</loc><changefreq>monthly</changefreq></url>
Slite,Gimo,804,611,Avståndet mellan Slite och Gimo är 804 km och Karl-Johan Gyllenstorm beräknade körtiden till cirka 611 minuter.,<url><loc>https://pendlings-app1.t-767929534-cloudflare.workers.dev/?fran=Slite&amp;till=Gimo</loc><changefreq>monthly</changefreq></url>
Färjestaden,Kungsbacka,987,717,Avståndet mellan Färjestaden och Kungsbacka är 987 km och Karl-Johan Gyllenstorm beräknade körtiden till cirka 717 minuter.,<url><loc>https://pendlings-app1.t-767929534-cloudflare.workers.dev/?fran=Färjestaden&amp;till=Kungsbacka</loc><changefreq>monthly</changefreq></url>
Vårgårda,Vimmerby,98,66,Avståndet mellan Vårgårda och Vimmerby är 98 km och Karl-Johan Gyllenstorm beräknade körtiden till cirka 66 minuter.,<url><loc>https://pendlings-app1.t-767929534-cloudflare.workers.dev/?fran=Vårgårda&amp;till=Vimmerby</loc><changefreq>monthly</changefreq></url>
Västerås,Färgelanda,578,390,Avståndet mellan Västerås och Färgelanda är 578 km och Karl-Johan Gyllenstorm beräknade körtiden till cirka 390 minuter.,<url><loc>https://pendlings-app1.t-767929534-cloudflare.workers.dev/?fran=Västerås&amp;till=Färgelanda</loc><changefreq>monthly</changefreq></url>
Tomelilla,Vårgårda,712,519,Avståndet mellan Tomelilla och Vårgårda är 712 km och Karl-Johan Gyllenstorm beräknade körtiden till cirka 519 minuter.,<url><loc>https://pendlings-app1.t-767929534-cloudflare.workers.dev/?fran=Tomelilla&amp;till=Vårgårda</loc><changefreq>monthly</changefreq></url>
Eksjö,Örkelljunga,1074,700,Avståndet mellan Eksjö och Örkelljunga är 1074 km och Karl-Johan Gyllenstorm beräknade körtiden till cirka 700 minuter.,<url><loc>https://pendlings-app1.t-767929534-cloudflare.workers.dev/?fran=Eksjö&amp;till=Örkelljunga</loc><changefreq>monthly</changefreq></url>
Sveg,Härnösand,894,645,Avståndet mellan Sveg och Härnösand är 894 km och Karl-Johan Gyllenstorm beräknade körtiden till cirka 645 minuter.,<url><loc>https://pendlings-app1.t-767929534-cloudflare.workers.dev/?fran=Sveg&amp;till=Härnösand</loc><changefreq>monthly</changefreq></url>
Bålsta,Åtvidaberg,725,560,Avståndet mellan Bålsta och Åtvidaberg är 725 km och Karl-Johan Gyllenstorm beräknade körtiden till cirka 560 minuter.,<url><loc>https://pendlings-app1.t-767929534-cloudflare.workers.dev/?fran=Bålsta&amp;till=Åtvidaberg</loc><changefreq>monthly</changefreq></url>
Båstad,Laholm,734,493,Avståndet mellan Båstad och Laholm är 734 km och Karl-Johan Gyllenstorm beräknade körtiden till cirka 493 minuter.,<url><loc>https://pendlings-app1.t-767929534-cloudflare.workers.dev/?fran=Båstad&amp;till=Laholm</loc><changefreq>monthly</changefreq></url>
Sorsele,Nyköping,1156,880,Avståndet mellan Sorsele och Nyköping är 1156 km och Karl-Johan Gyllenstorm beräknade körtiden till cirka 880 minuter.,<url><loc>https://pendlings-app1.t-767929534-cloudflare.workers.dev/?fran=Sorsele&amp;till=Nyköping</loc><changefreq>monthly</changefreq></url>
Nyköping,Arvika,601,449,Avståndet mellan Nyköping och Arvika är 601 km och Karl-Johan Gyllenstorm beräknade körtiden till cirka 449 minuter.,<url><loc>https://pendlings-app1.t-767929534-cloudflare.workers.dev/?fran=Nyköping&amp;till=Arvika</loc><changefreq>monthly</changefreq></url>
Tranemo,Boden,946,608,Avståndet mellan Tranemo och Boden är 946 km och Karl-Johan Gyllenstorm beräknade körtiden till cirka 608 minuter.,<url><loc>https://pendlings-app1.t-767929534-cloudflare.workers.dev/?fran=Tranemo&amp;till=Boden</loc><changefreq>monthly</changefreq></url>
Askersund,Avesta,198,130,Avståndet mellan Askersund och Avesta är 198 km och Karl-Johan Gyllenstorm beräknade körtiden till cirka 130 minuter.,<url><loc>https://pendlings-app1.t-767929534-cloudflare.workers.dev/?fran=Askersund&amp;till=Avesta</loc><changefreq>monthly</changefreq></url>
Klintehamn,Herrljunga,677,440,Avståndet mellan Klintehamn och Herrljunga är 677 km och Karl-Johan Gyllenstorm beräknade körtiden till cirka 440 minuter.,<url><loc>https://pendlings-app1.t-767929534-cloudflare.workers.dev/?fran=Klintehamn&amp;till=Herrljunga</loc><changefreq>monthly</changefreq></url>
Gullspång,Arvidsjaur,257,204,Avståndet mellan Gullspång och Arvidsjaur är 257 km och Karl-Johan Gyllenstorm beräknade körtiden till cirka 204 minuter.,<url><loc>https://pendlings-app1.t-767929534-cloudflare.workers.dev/?fran=Gullspång&amp;till=Arvidsjaur</loc><changefreq>monthly</changefreq></url>
Söderköping,Burgsvik,288,190,Avståndet mellan Söderköping och Burgsvik är 288 km och Karl-Johan Gyllenstorm beräknade körtiden till cirka 190 minuter.,<url><loc>https://pendlings-app1.t-767929534-cloudflare.workers.dev/?fran=Söderköping&amp;till=Burgsvik</loc><changefreq>monthly</changefreq></url>
Gnosjö,Sjöbo,244,183,Avståndet mellan Gnosjö och Sjöbo är 244 km och Karl-Johan Gyllenstorm beräknade körtiden till cirka 183 minuter.,<url><loc>https://pendlings-app1.t-767929534-cloudflare.workers.dev/?fran=Gnosjö&amp;till=Sjöbo</loc><changefreq>monthly</changefreq></url>
Essunga,Malung,387,282,Avståndet mellan Essunga och Malung är 387 km och Karl-Johan Gyllenstorm beräknade körtiden till cirka 282 minuter.,<url><loc>https://pendlings-app1.t-767929534-cloudflare.workers.dev/?fran=Essunga&amp;till=Malung</loc><changefreq>monthly</changefreq></url>
Umeå,Älvkarleby,340,236,Avståndet mellan Umeå och Älvkarleby är 340 km och Karl-Johan Gyllenstorm beräknade körtiden till cirka 236 minuter.,<url><loc>https://pendlings-app1.t-767929534-cloudflare.workers.dev/?fran=Umeå&amp;till=Älvkarleby</loc><changefreq>monthly</changefreq></url>
Boden,Söderhamn,510,338,Avståndet mellan Boden och Söderhamn är 510 km och Karl-Johan Gyllenstorm beräknade körtiden till cirka 338 minuter.,<url><loc>https://pendlings-app1.t-767929534-cloudflare.workers.dev/?fran=Boden&amp;till=Söderhamn</loc><changefreq>monthly</changefreq></url>
Kalmar,Mellerud,179,143,Avståndet mellan Kalmar och Mellerud är 179 km och Karl-Johan Gyllenstorm beräknade körtiden till cirka 143 minuter.,<url><loc>https://pendlings-app1.t-767929534-cloudflare.workers.dev/?fran=Kalmar&amp;till=Mellerud</loc><changefreq>monthly</changefreq></url>
Torsby,Eslöv,52,35,Avståndet mellan Torsby och Eslöv är 52 km och Karl-Johan Gyllenstorm beräknade körtiden till cirka 35 minuter.,<url><loc>https://pendlings-app1.t-767929534-cloudflare.workers.dev/?fran=Torsby&amp;till=Eslöv</loc><changefreq>monthly</changefreq></url>
Ängelholm,Ystad,723,469,Avståndet mellan Ängelholm och Ystad är 723 km och Karl-Johan Gyllenstorm beräknade körtiden till cirka 469 minuter.,<url><loc>https://pendlings-app1.t-767929534-cloudflare.workers.dev/?fran=Ängelholm&amp;till=Ystad</loc><changefreq>monthly</changefreq></url>
Gimo,Vimmerby,1289,1012,Avståndet mellan Gimo och Vimmerby är 1289 km och Karl-Johan Gyllenstorm beräknade körtiden till cirka 1012 minuter.,<url><loc>https://pendlings-app1.t-767929534-cloudflare.workers.dev/?fran=Gimo&amp;till=Vimmerby</loc><changefreq>monthly</changefreq></url>
Fårösund,Trelleborg,1218,835,Avståndet mellan Fårösund och Trelleborg är 1218 km och Karl-Johan Gyllenstorm beräknade körtiden till cirka 835 minuter.,<url><loc>https://pendlings-app1.t-767929534-cloudflare.workers.dev/?fran=Fårösund&amp;till=Trelleborg</loc><changefreq>monthly</changefreq></url>
Grythyttan,Vellinge,968,663,Avståndet mellan Grythyttan och Vellinge är 968 km och Karl-Johan Gyllenstorm beräknade körtiden till cirka 663 minuter.,<url><loc>https://pendlings-app1.t-767929534-cloudflare.workers.dev/?fran=Grythyttan&amp;till=Vellinge</loc><changefreq>monthly</changefreq></url>
Trelleborg,Forshaga,702,464,Avståndet mellan Trelleborg och Forshaga är 702 km och Karl-Johan Gyllenstorm beräknade körtiden till cirka 464 minuter.,<url><loc>https://pendlings-app1.t-767929534-cloudflare.workers.dev/?fran=Trelleborg&amp;till=Forshaga</loc><changefreq>monthly</changefreq></url>
Kristinehamn,Östra Göinge,241,166,Avståndet mellan Kristinehamn och Östra Göinge är 241 km och Karl-Johan Gyllenstorm beräknade körtiden till cirka 166 minuter.,<url><loc>https://pendlings-app1.t-767929534-cloudflare.workers.dev/?fran=Kristinehamn&amp;till=Östra Göinge</loc><changefreq>monthly</changefreq></url>
Sundsvall,Färjestaden,140,94,Avståndet mellan Sundsvall och Färjestaden är 140 km och Karl-Johan Gyllenstorm beräknade körtiden till cirka 94 minuter.,<url><loc>https://pendlings-app1.t-767929534-cloudflare.workers.dev/?fran=Sundsvall&amp;till=Färjestaden</loc><changefreq>monthly</changefreq></url>
Hällefor,Roma,433,278,Avståndet mellan Hällefor och Roma är 433 km och Karl-Johan Gyllenstorm beräknade körtiden till cirka 278 minuter.,<url><loc>https://pendlings-app1.t-767929534-cloudflare.workers.dev/?fran=Hällefor&amp;till=Roma</loc><changefreq>monthly</changefreq></url>
Forshaga,Ängelholm,191,146,Avståndet mellan Forshaga och Ängelholm är 191 km och Karl-Johan Gyllenstorm beräknade körtiden till cirka 146 minuter.,<url><loc>https://pendlings-app1.t-767929534-cloudflare.workers.dev/?fran=Forshaga&amp;till=Ängelholm</loc><changefreq>monthly</changefreq></url>
Karlskrona,Östhammar,212,169,Avståndet mellan Karlskrona och Östhammar är 212 km och Karl-Johan Gyllenstorm beräknade körtiden till cirka 169 minuter.,<url><loc>https://pendlings-app1.t-767929534-cloudflare.workers.dev/?fran=Karlskrona&amp;till=Östhammar</loc><changefreq>monthly</changefreq></url>
Västerås,Visby,1429,1076,Avståndet mellan Västerås och Visby är 1429 km och Karl-Johan Gyllenstorm beräknade körtiden till cirka 1076 minuter.,<url><loc>https://pendlings-app1.t-767929534-cloudflare.workers.dev/?fran=Västerås&amp;till=Visby</loc><changefreq>monthly</changefreq></url>
Hagfors,Motala,127,85,Avståndet mellan Hagfors och Motala är 127 km och Karl-Johan Gyllenstorm beräknade körtiden till cirka 85 minuter.,<url><loc>https://pendlings-app1.t-767929534-cloudflare.workers.dev/?fran=Hagfors&amp;till=Motala</loc><changefreq>monthly</changefreq></url>
Forshaga,Malung,817,602,Avståndet mellan Forshaga och Malung är 817 km och Karl-Johan Gyllenstorm beräknade körtiden till cirka 602 minuter.,<url><loc>https://pendlings-app1.t-767929534-cloudflare.workers.dev/?fran=Forshaga&amp;till=Malung</loc><changefreq>monthly</changefreq></url>
Växjö,Bollnäs,1109,844,Avståndet mellan Växjö och Bollnäs är 1109 km och Karl-Johan Gyllenstorm beräknade körtiden till cirka 844 minuter.,<url><loc>https://pendlings-app1.t-767929534-cloudflare.workers.dev/?fran=Växjö&amp;till=Bollnäs</loc><changefreq>monthly</changefreq></url>
Ydre,Jönköping,429,289,Avståndet mellan Ydre och Jönköping är 429 km och Karl-Johan Gyllenstorm beräknade körtiden till cirka 289 minuter.,<url><loc>https://pendlings-app1.t-767929534-cloudflare.workers.dev/?fran=Ydre&amp;till=Jönköping</loc><changefreq>monthly</changefreq></url>
Grythyttan,Gagnef,1039,716,Avståndet mellan Grythyttan och Gagnef är 1039 km och Karl-Johan Gyllenstorm beräknade körtiden till cirka 716 minuter.,<url><loc>https://pendlings-app1.t-767929534-cloudflare.workers.dev/?fran=Grythyttan&amp;till=Gagnef</loc><changefreq>monthly</changefreq></url>
Örnsköldsvik,Vansbro,406,289,Avståndet mellan Örnsköldsvik och Vansbro är 406 km och Karl-Johan Gyllenstorm beräknade körtiden till cirka 289 minuter.,<url><loc>https://pendlings-app1.t-767929534-cloudflare.workers.dev/?fran=Örnsköldsvik&amp;till=Vansbro</loc><changefreq>monthly</changefreq></url>
Gullspång,Vårgårda,1409,974,Avståndet mellan Gullspång och Vårgårda är 1409 km och Karl-Johan Gyllenstorm beräknade körtiden till cirka 974 minuter.,<url><loc>https://pendlings-app1.t-767929534-cloudflare.workers.dev/?fran=Gullspång&amp;till=Vårgårda</loc><changefreq>monthly</changefreq></url>
Östersund,Lysekil,150,107,Avståndet mellan Östersund och Lysekil är 150 km och Karl-Johan Gyllenstorm beräknade körtiden till cirka 107 minuter.,<url><loc>https://pendlings-app1.t-767929534-cloudflare.workers.dev/?fran=Östersund&amp;till=Lysekil</loc><changefreq>monthly</changefreq></url>
Tranemo,Haparanda,1064,850,Avståndet mellan Tranemo och Haparanda är 1064 km och Karl-Johan Gyllenstorm beräknade körtiden till cirka 850 minuter.,<url><loc>https://pendlings-app1.t-767929534-cloudflare.workers.dev/?fran=Tranemo&amp;till=Haparanda</loc><changefreq>monthly</changefreq></url>
Aneby,Hagfors,385,244,Avståndet mellan Aneby och Hagfors är 385 km och Karl-Johan Gyllenstorm beräknade körtiden till cirka 244 minuter.,<url><loc>https://pendlings-app1.t-767929534-cloudflare.workers.dev/?fran=Aneby&amp;till=Hagfors</loc><changefreq>monthly</changefreq></url>
Täby,Kalmar,564,435,Avståndet mellan Täby och Kalmar är 564 km och Karl-Johan Gyllenstorm beräknade körtiden till cirka 435 minuter.,<url><loc>https://pendlings-app1.t-767929534-cloudflare.workers.dev/?fran=Täby&amp;till=Kalmar</loc><changefreq>monthly</changefreq></url>
Köping,Sundsvall,1135,787,Avståndet mellan Köping och Sundsvall är 1135 km och Karl-Johan Gyllenstorm beräknade körtiden till cirka 787 minuter.,<url><loc>https://pendlings-app1.t-767929534-cloudflare.workers.dev/?fran=Köping&amp;till=Sundsvall</loc><changefreq>monthly</changefreq></url>
Lycksele,Sorsele,412,278,Avståndet mellan Lycksele och Sorsele är 412 km och Karl-Johan Gyllenstorm beräknade körtiden till cirka 278 minuter.,<url><loc>https://pendlings-app1.t-767929534-cloudflare.workers.dev/?fran=Lycksele&amp;till=Sorsele</loc><changefreq>monthly</changefreq></url>
Gislaved,Umeå,180,137,Avståndet mellan Gislaved och Umeå är 180 km och Karl-Johan Gyllenstorm beräknade körtiden till cirka 137 minuter.,<url><loc>https://pendlings-app1.t-767929534-cloudflare.workers.dev/?fran=Gislaved&amp;till=Umeå</loc><changefreq>monthly</changefreq></url>
Sundsvall,Göteborg,683,455,Avståndet mellan Sundsvall och Göteborg är 683 km och Karl-Johan Gyllenstorm beräknade körtiden till cirka 455 minuter.,<url><loc>https://pendlings-app1.t-767929534-cloudflare.workers.dev/?fran=Sundsvall&amp;till=Göteborg</loc><changefreq>monthly</changefreq></url>
Tibro,Östersund,491,376,Avståndet mellan Tibro och Östersund är 491 km och Karl-Johan Gyllenstorm beräknade körtiden till cirka 376 minuter.,<url><loc>https://pendlings-app1.t-767929534-cloudflare.workers.dev/?fran=Tibro&amp;till=Östersund</loc><changefreq>monthly</changefreq></url>
Hemse,Klippan,1326,867,Avståndet mellan Hemse och Klippan är 1326 km och Karl-Johan Gyllenstorm beräknade körtiden till cirka 867 minuter.,<url><loc>https://pendlings-app1.t-767929534-cloudflare.workers.dev/?fran=Hemse&amp;till=Klippan</loc><changefreq>monthly</changefreq></url>
Örebro,Lekeberg,632,436,Avståndet mellan Örebro och Lekeberg är 632 km och Karl-Johan Gyllenstorm beräknade körtiden till cirka 436 minuter.,<url><loc>https://pendlings-app1.t-767929534-cloudflare.workers.dev/?fran=Örebro&amp;till=Lekeberg</loc><changefreq>monthly</changefreq></url>
Vimmerby,Lysekil,1062,726,Avståndet mellan Vimmerby och Lysekil är 1062 km och Karl-Johan Gyllenstorm beräknade körtiden till cirka 726 minuter.,<url><loc>https://pendlings-app1.t-767929534-cloudflare.workers.dev/?fran=Vimmerby&amp;till=Lysekil</loc><changefreq>monthly</changefreq></url>
Sala,Kumla,471,338,Avståndet mellan Sala och Kumla är 471 km och Karl-Johan Gyllenstorm beräknade körtiden till cirka 338 minuter.,<url><loc>https://pendlings-app1.t-767929534-cloudflare.workers.dev/?fran=Sala&amp;till=Kumla</loc><changefreq>monthly</changefreq></url>
Mjölby,Nordanstig,731,489,Avståndet mellan Mjölby och Nordanstig är 731 km och Karl-Johan Gyllenstorm beräknade körtiden till cirka 489 minuter.,<url><loc>https://pendlings-app1.t-767929534-cloudflare.workers.dev/?fran=Mjölby&amp;till=Nordanstig</loc><changefreq>monthly</changefreq></url>
Eskilstuna,Nybro,1111,887,Avståndet mellan Eskilstuna och Nybro är 1111 km och Karl-Johan Gyllenstorm beräknade körtiden till cirka 887 minuter.,<url><loc>https://pendlings-app1.t-767929534-cloudflare.workers.dev/?fran=Eskilstuna&amp;till=Nybro</loc><changefreq>monthly</changefreq></url>
Torsby,Strömsund,1424,1068,Avståndet mellan Torsby och Strömsund är 1424 km och Karl-Johan Gyllenstorm beräknade körtiden till cirka 1068 minuter.,<url><loc>https://pendlings-app1.t-767929534-cloudflare.workers.dev/?fran=Torsby&amp;till=Strömsund</loc><changefreq>monthly</changefreq></url>
Arboga,Mullsjö,355,279,Avståndet mellan Arboga och Mullsjö är 355 km och Karl-Johan Gyllenstorm beräknade körtiden till cirka 279 minuter.,<url><loc>https://pendlings-app1.t-767929534-cloudflare.workers.dev/?fran=Arboga&amp;till=Mullsjö</loc><changefreq>monthly</changefreq></url>
Timrå,Kävlinge,153,108,Avståndet mellan Timrå och Kävlinge är 153 km och Karl-Johan Gyllenstorm beräknade körtiden till cirka 108 minuter.,<url><loc>https://pendlings-app1.t-767929534-cloudflare.workers.dev/?fran=Timrå&amp;till=Kävlinge</loc><changefreq>monthly</changefreq></url>
Västervik,Lysekil,148,102,Avståndet mellan Västervik och Lysekil är 148 km och Karl-Johan Gyllenstorm beräknade körtiden till cirka 102 minuter.,<url><loc>https://pendlings-app1.t-767929534-cloudflare.workers.dev/?fran=Västervik&amp;till=Lysekil</loc><changefreq>monthly</changefreq></url>
Roma,Sjöbo,905,709,Avståndet mellan Roma och Sjöbo är 905 km och Karl-Johan Gyllenstorm beräknade körtiden till cirka 709 minuter.,<url><loc>https://pendlings-app1.t-767929534-cloudflare.workers.dev/?fran=Roma&amp;till=Sjöbo</loc><changefreq>monthly</changefreq></url>
Lindesberg,Nyköping,938,748,Avståndet mellan Lindesberg och Nyköping är 938 km och Karl-Johan Gyllenstorm beräknade körtiden till cirka 748 minuter.,<url><loc>https://pendlings-app1.t-767929534-cloudflare.workers.dev/?fran=Lindesberg&amp;till=Nyköping</loc><changefreq>monthly</changefreq></url>
Torsby,Malå,1406,1099,Avståndet mellan Torsby och Malå är 1406 km och Karl-Johan Gyllenstorm beräknade körtiden till cirka 1099 minuter.,<url><loc>https://pendlings-app1.t-767929534-cloudflare.workers.dev/?fran=Torsby&amp;till=Malå</loc><changefreq>monthly</changefreq></url>
Staffanstorp,Trosa,1229,815,Avståndet mellan Staffanstorp och Trosa är 1229 km och Karl-Johan Gyllenstorm beräknade körtiden till cirka 815 minuter.,<url><loc>https://pendlings-app1.t-767929534-cloudflare.workers.dev/?fran=Staffanstorp&amp;till=Trosa</loc><changefreq>monthly</changefreq></url>
Älvkarleby,Karlsborg,765,516,Avståndet mellan Älvkarleby och Karlsborg är 765 km och Karl-Johan Gyllenstorm beräknade körtiden till cirka 516 minuter.,<url><loc>https://pendlings-app1.t-767929534-cloudflare.workers.dev/?fran=Älvkarleby&amp;till=Karlsborg</loc><changefreq>monthly</changefreq></url>
Sollefteå,Burgsvik,1265,857,Avståndet mellan Sollefteå och Burgsvik är 1265 km och Karl-Johan Gyllenstorm beräknade körtiden till cirka 857 minuter.,<url><loc>https://pendlings-app1.t-767929534-cloudflare.workers.dev/?fran=Sollefteå&amp;till=Burgsvik</loc><changefreq>monthly</changefreq></url>
Lund,Avesta,159,110,Avståndet mellan Lund och Avesta är 159 km och Karl-Johan Gyllenstorm beräknade körtiden till cirka 110 minuter.,<url><loc>https://pendlings-app1.t-767929534-cloudflare.workers.dev/?fran=Lund&amp;till=Avesta</loc><changefreq>monthly</changefreq></url>
Hörby,Dorotea,678,484,Avståndet mellan Hörby och Dorotea är 678 km och Karl-Johan Gyllenstorm beräknade körtiden till cirka 484 minuter.,<url><loc>https://pendlings-app1.t-767929534-cloudflare.workers.dev/?fran=Hörby&amp;till=Dorotea</loc><changefreq>monthly</changefreq></url>
Älvsbyn,Östersund,1008,734,Avståndet mellan Älvsbyn och Östersund är 1008 km och Karl-Johan Gyllenstorm beräknade körtiden till cirka 734 minuter.,<url><loc>https://pendlings-app1.t-767929534-cloudflare.workers.dev/?fran=Älvsbyn&amp;till=Östersund</loc><changefreq>monthly</changefreq></url>
Båstad,Roma,639,425,Avståndet mellan Båstad och Roma är 639 km och Karl-Johan Gyllenstorm beräknade körtiden till cirka 425 minuter.,<url><loc>https://pendlings-app1.t-767929534-cloudflare.workers.dev/?fran=Båstad&amp;till=Roma</loc><changefreq>monthly</changefreq></url>
Osby,Örkelljunga,666,465,Avståndet mellan Osby och Örkelljunga är 666 km och Karl-Johan Gyllenstorm beräknade körtiden till cirka 465 minuter.,<url><loc>https://pendlings-app1.t-767929534-cloudflare.workers.dev/?fran=Osby&amp;till=Örkelljunga</loc><changefreq>monthly</changefreq></url>
Svalöv,Gällivare,414,312,Avståndet mellan Svalöv och Gällivare är 414 km och Karl-Johan Gyllenstorm beräknade körtiden till cirka 312 minuter.,<url><loc>https://pendlings-app1.t-767929534-cloudflare.workers.dev/?fran=Svalöv&amp;till=Gällivare</loc><changefreq>monthly</changefreq></url>
Östersund,Haparanda,374,296,Avståndet mellan Östersund och Haparanda är 374 km och Karl-Johan Gyllenstorm beräknade körtiden till cirka 296 minuter.,<url><loc>https://pendlings-app1.t-767929534-cloudflare.workers.dev/?fran=Östersund&amp;till=Haparanda</loc><changefreq>monthly</changefreq></url>
Kristianstad,Knivsta,747,539,Avståndet mellan Kristianstad och Knivsta är 747 km och Karl-Johan Gyllenstorm beräknade körtiden till cirka 539 minuter.,<url><loc>https://pendlings-app1.t-767929534-cloudflare.workers.dev/?fran=Kristianstad&amp;till=Knivsta</loc><changefreq>monthly</changefreq></url>
Örkelljunga,Olofström,970,714,Avståndet mellan Örkelljunga och Olofström är 970 km och Karl-Johan Gyllenstorm beräknade körtiden till cirka 714 minuter.,<url><loc>https://pendlings-app1.t-767929534-cloudflare.workers.dev/?fran=Örkelljunga&amp;till=Olofström</loc><changefreq>monthly</changefreq></url>
Krokom,Söderhamn,850,605,Avståndet mellan Krokom och Söderhamn är 850 km och Karl-Johan Gyllenstorm beräknade körtiden till cirka 605 minuter.,<url><loc>https://pendlings-app1.t-767929534-cloudflare.workers.dev/?fran=Krokom&amp;till=Söderhamn</loc><changefreq>monthly</changefreq></url>
Eda,Färgelanda,976,697,Avståndet mellan Eda och Färgelanda är 976 km och Karl-Johan Gyllenstorm beräknade körtiden till cirka 697 minuter.,<url><loc>https://pendlings-app1.t-767929534-cloudflare.workers.dev/?fran=Eda&amp;till=Färgelanda</loc><changefreq>monthly</changefreq></url>
Storfors,Oskarshamn,315,211,Avståndet mellan Storfors och Oskarshamn är 315 km och Karl-Johan Gyllenstorm beräknade körtiden till cirka 211 minuter.,<url><loc>https://pendlings-app1.t-767929534-cloudflare.workers.dev/?fran=Storfors&amp;till=Oskarshamn</loc><changefreq>monthly</changefreq></url>
Lycksele,Sälen,814,586,Avståndet mellan Lycksele och Sälen är 814 km och Karl-Johan Gyllenstorm beräknade körtiden till cirka 586 minuter.,<url><loc>https://pendlings-app1.t-767929534-cloudflare.workers.dev/?fran=Lycksele&amp;till=Sälen</loc><changefreq>monthly</changefreq></url>
Vibble,Perstorp,75,49,Avståndet mellan Vibble och Perstorp är 75 km och Karl-Johan Gyllenstorm beräknade körtiden till cirka 49 minuter.,<url><loc>https://pendlings-app1.t-767929534-cloudflare.workers.dev/?fran=Vibble&amp;till=Perstorp</loc><changefreq>monthly</changefreq></url>
Älvdalen,Täby,673,489,Avståndet mellan Älvdalen och Täby är 673 km och Karl-Johan Gyllenstorm beräknade körtiden till cirka 489 minuter.,<url><loc>https://pendlings-app1.t-767929534-cloudflare.workers.dev/?fran=Älvdalen&amp;till=Täby</loc><changefreq>monthly</changefreq></url>
Nyköping,Uppsala,1319,1015,Avståndet mellan Nyköping och Uppsala är 1319 km och Karl-Johan Gyllenstorm beräknade körtiden till cirka 1015 minuter.,<url><loc>https://pendlings-app1.t-767929534-cloudflare.workers.dev/?fran=Nyköping&amp;till=Uppsala</loc><changefreq>monthly</changefreq></url>
Lindesberg,Oxelösund,773,616,Avståndet mellan Lindesberg och Oxelösund är 773 km och Karl-Johan Gyllenstorm beräknade körtiden till cirka 616 minuter.,<url><loc>https://pendlings-app1.t-767929534-cloudflare.workers.dev/?fran=Lindesberg&amp;till=Oxelösund</loc><changefreq>monthly</changefreq></url>
Varberg,Boxholm,1380,889,Avståndet mellan Varberg och Boxholm är 1380 km och Karl-Johan Gyllenstorm beräknade körtiden till cirka 889 minuter.,<url><loc>https://pendlings-app1.t-767929534-cloudflare.workers.dev/?fran=Varberg&amp;till=Boxholm</loc><changefreq>monthly</changefreq></url>
Askersund,Dorotea,334,231,Avståndet mellan Askersund och Dorotea är 334 km och Karl-Johan Gyllenstorm beräknade körtiden till cirka 231 minuter.,<url><loc>https://pendlings-app1.t-767929534-cloudflare.workers.dev/?fran=Askersund&amp;till=Dorotea</loc><changefreq>monthly</changefreq></url>
Hudiksvall,Karlskrona,401,303,Avståndet mellan Hudiksvall och Karlskrona är 401 km och Karl-Johan Gyllenstorm beräknade körtiden till cirka 303 minuter.,<url><loc>https://pendlings-app1.t-767929534-cloudflare.workers.dev/?fran=Hudiksvall&amp;till=Karlskrona</loc><changefreq>monthly</changefreq></url>
Pajala,Vimmerby,58,42,Avståndet mellan Pajala och Vimmerby är 58 km och Karl-Johan Gyllenstorm beräknade körtiden till cirka 42 minuter.,<url><loc>https://pendlings-app1.t-767929534-cloudflare.workers.dev/?fran=Pajala&amp;till=Vimmerby</loc><changefreq>monthly</changefreq></url>
Staffanstorp,Överkalix,331,247,Avståndet mellan Staffanstorp och Överkalix är 331 km och Karl-Johan Gyllenstorm beräknade körtiden till cirka 247 minuter.,<url><loc>https://pendlings-app1.t-767929534-cloudflare.workers.dev/?fran=Staffanstorp&amp;till=Överkalix</loc><changefreq>monthly</changefreq></url>
Umeå,Älvsbyn,430,342,Avståndet mellan Umeå och Älvsbyn är 430 km och Karl-Johan Gyllenstorm beräknade körtiden till cirka 342 minuter.,<url><loc>https://pendlings-app1.t-767929534-cloudflare.workers.dev/?fran=Umeå&amp;till=Älvsbyn</loc><changefreq>monthly</changefreq></url>
Överkalix,Karlskrona,828,636,Avståndet mellan Överkalix och Karlskrona är 828 km och Karl-Johan Gyllenstorm beräknade körtiden till cirka 636 minuter.,<url><loc>https://pendlings-app1.t-767929534-cloudflare.workers.dev/?fran=Överkalix&amp;till=Karlskrona</loc><changefreq>monthly</changefreq></url>
Gävle,Kungsör,1150,857,Avståndet mellan Gävle och Kungsör är 1150 km och Karl-Johan Gyllenstorm beräknade körtiden till cirka 857 minuter.,<url><loc>https://pendlings-app1.t-767929534-cloudflare.workers.dev/?fran=Gävle&amp;till=Kungsör</loc><changefreq>monthly</changefreq></url>
Tanum,Åtvidaberg,414,293,Avståndet mellan Tanum och Åtvidaberg är 414 km och Karl-Johan Gyllenstorm beräknade körtiden till cirka 293 minuter.,<url><loc>https://pendlings-app1.t-767929534-cloudflare.workers.dev/?fran=Tanum&amp;till=Åtvidaberg</loc><changefreq>monthly</changefreq></url>
Sundsvall,Söderhamn,1047,751,Avståndet mellan Sundsvall och Söderhamn är 1047 km och Karl-Johan Gyllenstorm beräknade körtiden till cirka 751 minuter.,<url><loc>https://pendlings-app1.t-767929534-cloudflare.workers.dev/?fran=Sundsvall&amp;till=Söderhamn</loc><changefreq>monthly</changefreq></url>
Örnsköldsvik,Ljusdal,352,249,Avståndet mellan Örnsköldsvik och Ljusdal är 352 km och Karl-Johan Gyllenstorm beräknade körtiden till cirka 249 minuter.,<url><loc>https://pendlings-app1.t-767929534-cloudflare.workers.dev/?fran=Örnsköldsvik&amp;till=Ljusdal</loc><changefreq>monthly</changefreq></url>
Sotenäs,Mörbylånga,1388,1093,Avståndet mellan Sotenäs och Mörbylånga är 1388 km och Karl-Johan Gyllenstorm beräknade körtiden till cirka 1093 minuter.,<url><loc>https://pendlings-app1.t-767929534-cloudflare.workers.dev/?fran=Sotenäs&amp;till=Mörbylånga</loc><changefreq>monthly</changefreq></url>
Götene,Norberg,242,190,Avståndet mellan Götene och Norberg är 242 km och Karl-Johan Gyllenstorm beräknade körtiden till cirka 190 minuter.,<url><loc>https://pendlings-app1.t-767929534-cloudflare.workers.dev/?fran=Götene&amp;till=Norberg</loc><changefreq>monthly</changefreq></url>
Arvidsjaur,Ystad,687,463,Avståndet mellan Arvidsjaur och Ystad är 687 km och Karl-Johan Gyllenstorm beräknade körtiden till cirka 463 minuter.,<url><loc>https://pendlings-app1.t-767929534-cloudflare.workers.dev/?fran=Arvidsjaur&amp;till=Ystad</loc><changefreq>monthly</changefreq></url>
Essunga,Hyltebruk,1269,942,Avståndet mellan Essunga och Hyltebruk är 1269 km och Karl-Johan Gyllenstorm beräknade körtiden till cirka 942 minuter.,<url><loc>https://pendlings-app1.t-767929534-cloudflare.workers.dev/?fran=Essunga&amp;till=Hyltebruk</loc><changefreq>monthly</changefreq></url>
Åsele,Gnosjö,506,356,Avståndet mellan Åsele och Gnosjö är 506 km och Karl-Johan Gyllenstorm beräknade körtiden till cirka 356 minuter.,<url><loc>https://pendlings-app1.t-767929534-cloudflare.workers.dev/?fran=Åsele&amp;till=Gnosjö</loc><changefreq>monthly</changefreq></url>
Fagersta,Piteå,1037,683,Avståndet mellan Fagersta och Piteå är 1037 km och Karl-Johan Gyllenstorm beräknade körtiden till cirka 683 minuter.,<url><loc>https://pendlings-app1.t-767929534-cloudflare.workers.dev/?fran=Fagersta&amp;till=Piteå</loc><changefreq>monthly</changefreq></url>
Vårgårda,Timrå,877,620,Avståndet mellan Vårgårda och Timrå är 877 km och Karl-Johan Gyllenstorm beräknade körtiden till cirka 620 minuter.,<url><loc>https://pendlings-app1.t-767929534-cloudflare.workers.dev/?fran=Vårgårda&amp;till=Timrå</loc><changefreq>monthly</changefreq></url>
Piteå,Hofors,655,448,Avståndet mellan Piteå och Hofors är 655 km och Karl-Johan Gyllenstorm beräknade körtiden till cirka 448 minuter.,<url><loc>https://pendlings-app1.t-767929534-cloudflare.workers.dev/?fran=Piteå&amp;till=Hofors</loc><changefreq>monthly</changefreq></url>
Lomma,Sveg,718,492,Avståndet mellan Lomma och Sveg är 718 km och Karl-Johan Gyllenstorm beräknade körtiden till cirka 492 minuter.,<url><loc>https://pendlings-app1.t-767929534-cloudflare.workers.dev/?fran=Lomma&amp;till=Sveg</loc><changefreq>monthly</changefreq></url>
Gullspång,Laxå,1425,979,Avståndet mellan Gullspång och Laxå är 1425 km och Karl-Johan Gyllenstorm beräknade körtiden till cirka 979 minuter.,<url><loc>https://pendlings-app1.t-767929534-cloudflare.workers.dev/?fran=Gullspång&amp;till=Laxå</loc><changefreq>monthly</changefreq></url>
Strängnäs,Helsingborg,1277,989,Avståndet mellan Strängnäs och Helsingborg är 1277 km och Karl-Johan Gyllenstorm beräknade körtiden till cirka 989 minuter.,<url><loc>https://pendlings-app1.t-767929534-cloudflare.workers.dev/?fran=Strängnäs&amp;till=Helsingborg</loc><changefreq>monthly</changefreq></url>
Arboga,Norberg,290,203,Avståndet mellan Arboga och Norberg är 290 km och Karl-Johan Gyllenstorm beräknade körtiden till cirka 203 minuter.,<url><loc>https://pendlings-app1.t-767929534-cloudflare.workers.dev/?fran=Arboga&amp;till=Norberg</loc><changefreq>monthly</changefreq></url>
Ödeshög,Vansbro,723,485,Avståndet mellan Ödeshög och Vansbro är 723 km och Karl-Johan Gyllenstorm beräknade körtiden till cirka 485 minuter.,<url><loc>https://pendlings-app1.t-767929534-cloudflare.workers.dev/?fran=Ödeshög&amp;till=Vansbro</loc><changefreq>monthly</changefreq></url>
Luleå,Söderhamn,1435,933,Avståndet mellan Luleå och Söderhamn är 1435 km och Karl-Johan Gyllenstorm beräknade körtiden till cirka 933 minuter.,<url><loc>https://pendlings-app1.t-767929534-cloudflare.workers.dev/?fran=Luleå&amp;till=Söderhamn</loc><changefreq>monthly</changefreq></url>
Aneby,Karlshamn,781,543,Avståndet mellan Aneby och Karlshamn är 781 km och Karl-Johan Gyllenstorm beräknade körtiden till cirka 543 minuter.,<url><loc>https://pendlings-app1.t-767929534-cloudflare.workers.dev/?fran=Aneby&amp;till=Karlshamn</loc><changefreq>monthly</changefreq></url>
Filipstad,Gislaved,994,782,Avståndet mellan Filipstad och Gislaved är 994 km och Karl-Johan Gyllenstorm beräknade körtiden till cirka 782 minuter.,<url><loc>https://pendlings-app1.t-767929534-cloudflare.workers.dev/?fran=Filipstad&amp;till=Gislaved</loc><changefreq>monthly</changefreq></url>
Kävlinge,Alingsås,940,684,Avståndet mellan Kävlinge och Alingsås är 940 km och Karl-Johan Gyllenstorm beräknade körtiden till cirka 684 minuter.,<url><loc>https://pendlings-app1.t-767929534-cloudflare.workers.dev/?fran=Kävlinge&amp;till=Alingsås</loc><changefreq>monthly</changefreq></url>
Kalix,Söderköping,529,401,Avståndet mellan Kalix och Söderköping är 529 km och Karl-Johan Gyllenstorm beräknade körtiden till cirka 401 minuter.,<url><loc>https://pendlings-app1.t-767929534-cloudflare.workers.dev/?fran=Kalix&amp;till=Söderköping</loc><changefreq>monthly</changefreq></url>
Laholm,Kungsör,693,468,Avståndet mellan Laholm och Kungsör är 693 km och Karl-Johan Gyllenstorm beräknade körtiden till cirka 468 minuter.,<url><loc>https://pendlings-app1.t-767929534-cloudflare.workers.dev/?fran=Laholm&amp;till=Kungsör</loc><changefreq>monthly</changefreq></url>
Mönsterås,Haparanda,665,455,Avståndet mellan Mönsterås och Haparanda är 665 km och Karl-Johan Gyllenstorm beräknade körtiden till cirka 455 minuter.,<url><loc>https://pendlings-app1.t-767929534-cloudflare.workers.dev/?fran=Mönsterås&amp;till=Haparanda</loc><changefreq>monthly</changefreq></url>
Halmstad,Sölvesborg,1000,661,Avståndet mellan Halmstad och Sölvesborg är 1000 km och Karl-Johan Gyllenstorm beräknade körtiden till cirka 661 minuter.,<url><loc>https://pendlings-app1.t-767929534-cloudflare.workers.dev/?fran=Halmstad&amp;till=Sölvesborg</loc><changefreq>monthly</changefreq></url>
Borgholm,Perstorp,1161,851,Avståndet mellan Borgholm och Perstorp är 1161 km och Karl-Johan Gyllenstorm beräknade körtiden till cirka 851 minuter.,<url><loc>https://pendlings-app1.t-767929534-cloudflare.workers.dev/?fran=Borgholm&amp;till=Perstorp</loc><changefreq>monthly</changefreq></url>
Helsingborg,Hemse,703,474,Avståndet mellan Helsingborg och Hemse är 703 km och Karl-Johan Gyllenstorm beräknade körtiden till cirka 474 minuter.,<url><loc>https://pendlings-app1.t-767929534-cloudflare.workers.dev/?fran=Helsingborg&amp;till=Hemse</loc><changefreq>monthly</changefreq></url>
Gimo,Timrå,285,181,Avståndet mellan Gimo och Timrå är 285 km och Karl-Johan Gyllenstorm beräknade körtiden till cirka 181 minuter.,<url><loc>https://pendlings-app1.t-767929534-cloudflare.workers.dev/?fran=Gimo&amp;till=Timrå</loc><changefreq>monthly</changefreq></url>
Berg,Åsele,1320,916,Avståndet mellan Berg och Åsele är 1320 km och Karl-Johan Gyllenstorm beräknade körtiden till cirka 916 minuter.,<url><loc>https://pendlings-app1.t-767929534-cloudflare.workers.dev/?fran=Berg&amp;till=Åsele</loc><changefreq>monthly</changefreq></url>
Norsjö,Arboga,493,332,Avståndet mellan Norsjö och Arboga är 493 km och Karl-Johan Gyllenstorm beräknade körtiden till cirka 332 minuter.,<url><loc>https://pendlings-app1.t-767929534-cloudflare.workers.dev/?fran=Norsjö&amp;till=Arboga</loc><changefreq>monthly</changefreq></url>
Hällefor,Hörby,1273,958,Avståndet mellan Hällefor och Hörby är 1273 km och Karl-Johan Gyllenstorm beräknade körtiden till cirka 958 minuter.,<url><loc>https://pendlings-app1.t-767929534-cloudflare.workers.dev/?fran=Hällefor&amp;till=Hörby</loc><changefreq>monthly</changefreq></url>
Falkenberg,Skurup,535,379,Avståndet mellan Falkenberg och Skurup är 535 km och Karl-Johan Gyllenstorm beräknade körtiden till cirka 379 minuter.,<url><loc>https://pendlings-app1.t-767929534-cloudflare.workers.dev/?fran=Falkenberg&amp;till=Skurup</loc><changefreq>monthly</changefreq></url>
Essunga,Vilhelmina,987,638,Avståndet mellan Essunga och Vilhelmina är 987 km och Karl-Johan Gyllenstorm beräknade körtiden till cirka 638 minuter.,<url><loc>https://pendlings-app1.t-767929534-cloudflare.workers.dev/?fran=Essunga&amp;till=Vilhelmina</loc><changefreq>monthly</changefreq></url>
Tranås,Lysekil,666,469,Avståndet mellan Tranås och Lysekil är 666 km och Karl-Johan Gyllenstorm beräknade körtiden till cirka 469 minuter.,<url><loc>https://pendlings-app1.t-767929534-cloudflare.workers.dev/?fran=Tranås&amp;till=Lysekil</loc><changefreq>monthly</changefreq></url>
Höör,Gnestad,220,160,Avståndet mellan Höör och Gnestad är 220 km och Karl-Johan Gyllenstorm beräknade körtiden till cirka 160 minuter.,<url><loc>https://pendlings-app1.t-767929534-cloudflare.workers.dev/?fran=Höör&amp;till=Gnestad</loc><changefreq>monthly</changefreq></url>
Mora,Tranemo,328,225,Avståndet mellan Mora och Tranemo är 328 km och Karl-Johan Gyllenstorm beräknade körtiden till cirka 225 minuter.,<url><loc>https://pendlings-app1.t-767929534-cloudflare.workers.dev/?fran=Mora&amp;till=Tranemo</loc><changefreq>monthly</changefreq></url>
Strängnäs,Landskrona,191,134,Avståndet mellan Strängnäs och Landskrona är 191 km och Karl-Johan Gyllenstorm beräknade körtiden till cirka 134 minuter.,<url><loc>https://pendlings-app1.t-767929534-cloudflare.workers.dev/?fran=Strängnäs&amp;till=Landskrona</loc><changefreq>monthly</changefreq></url>
Vetlanda,Knivsta,972,670,Avståndet mellan Vetlanda och Knivsta är 972 km och Karl-Johan Gyllenstorm beräknade körtiden till cirka 670 minuter.,<url><loc>https://pendlings-app1.t-767929534-cloudflare.workers.dev/?fran=Vetlanda&amp;till=Knivsta</loc><changefreq>monthly</changefreq></url>
Hudiksvall,Lekeberg,569,447,Avståndet mellan Hudiksvall och Lekeberg är 569 km och Karl-Johan Gyllenstorm beräknade körtiden till cirka 447 minuter.,<url><loc>https://pendlings-app1.t-767929534-cloudflare.workers.dev/?fran=Hudiksvall&amp;till=Lekeberg</loc><changefreq>monthly</changefreq></url>
Höganäs,Kristianstad,822,545,Avståndet mellan Höganäs och Kristianstad är 822 km och Karl-Johan Gyllenstorm beräknade körtiden till cirka 545 minuter.,<url><loc>https://pendlings-app1.t-767929534-cloudflare.workers.dev/?fran=Höganäs&amp;till=Kristianstad</loc><changefreq>monthly</changefreq></url>
Charlottenberg,Borgholm,590,397,Avståndet mellan Charlottenberg och Borgholm är 590 km och Karl-Johan Gyllenstorm beräknade körtiden till cirka 397 minuter.,<url><loc>https://pendlings-app1.t-767929534-cloudflare.workers.dev/?fran=Charlottenberg&amp;till=Borgholm</loc><changefreq>monthly</changefreq></url>
Gävle,Gnosjö,770,502,Avståndet mellan Gävle och Gnosjö är 770 km och Karl-Johan Gyllenstorm beräknade körtiden till cirka 502 minuter.,<url><loc>https://pendlings-app1.t-767929534-cloudflare.workers.dev/?fran=Gävle&amp;till=Gnosjö</loc><changefreq>monthly</changefreq></url>
Essunga,Boden,145,103,Avståndet mellan Essunga och Boden är 145 km och Karl-Johan Gyllenstorm beräknade körtiden till cirka 103 minuter.,<url><loc>https://pendlings-app1.t-767929534-cloudflare.workers.dev/?fran=Essunga&amp;till=Boden</loc><changefreq>monthly</changefreq></url>
Jokkmokk,Sala,482,330,Avståndet mellan Jokkmokk och Sala är 482 km och Karl-Johan Gyllenstorm beräknade körtiden till cirka 330 minuter.,<url><loc>https://pendlings-app1.t-767929534-cloudflare.workers.dev/?fran=Jokkmokk&amp;till=Sala</loc><changefreq>monthly</changefreq></url>
Piteå,Mörbylånga,695,508,Avståndet mellan Piteå och Mörbylånga är 695 km och Karl-Johan Gyllenstorm beräknade körtiden till cirka 508 minuter.,<url><loc>https://pendlings-app1.t-767929534-cloudflare.workers.dev/?fran=Piteå&amp;till=Mörbylånga</loc><changefreq>monthly</changefreq></url>
Mönsterås,Sorsele,1296,919,Avståndet mellan Mönsterås och Sorsele är 1296 km och Karl-Johan Gyllenstorm beräknade körtiden till cirka 919 minuter.,<url><loc>https://pendlings-app1.t-767929534-cloudflare.workers.dev/?fran=Mönsterås&amp;till=Sorsele</loc><changefreq>monthly</changefreq></url>
Gnosjö,Ljusdal,324,214,Avståndet mellan Gnosjö och Ljusdal är 324 km och Karl-Johan Gyllenstorm beräknade körtiden till cirka 214 minuter.,<url><loc>https://pendlings-app1.t-767929534-cloudflare.workers.dev/?fran=Gnosjö&amp;till=Ljusdal</loc><changefreq>monthly</changefreq></url>
Charlottenberg,Strömstad,680,482,Avståndet mellan Charlottenberg och Strömstad är 680 km och Karl-Johan Gyllenstorm beräknade körtiden till cirka 482 minuter.,<url><loc>https://pendlings-app1.t-767929534-cloudflare.workers.dev/?fran=Charlottenberg&amp;till=Strömstad</loc><changefreq>monthly</changefreq></url>
Fagersta,Kalmar,668,460,Avståndet mellan Fagersta och Kalmar är 668 km och Karl-Johan Gyllenstorm beräknade körtiden till cirka 460 minuter.,<url><loc>https://pendlings-app1.t-767929534-cloudflare.workers.dev/?fran=Fagersta&amp;till=Kalmar</loc><changefreq>monthly</changefreq></url>
Sundsvall,Olofström,1123,853,Avståndet mellan Sundsvall och Olofström är 1123 km och Karl-Johan Gyllenstorm beräknade körtiden till cirka 853 minuter.,<url><loc>https://pendlings-app1.t-767929534-cloudflare.workers.dev/?fran=Sundsvall&amp;till=Olofström</loc><changefreq>monthly</changefreq></url>
Jönköping,Havdhem,1347,1026,Avståndet mellan Jönköping och Havdhem är 1347 km och Karl-Johan Gyllenstorm beräknade körtiden till cirka 1026 minuter.,<url><loc>https://pendlings-app1.t-767929534-cloudflare.workers.dev/?fran=Jönköping&amp;till=Havdhem</loc><changefreq>monthly</changefreq></url>
Staffanstorp,Mellerud,1248,860,Avståndet mellan Staffanstorp och Mellerud är 1248 km och Karl-Johan Gyllenstorm beräknade körtiden till cirka 860 minuter.,<url><loc>https://pendlings-app1.t-767929534-cloudflare.workers.dev/?fran=Staffanstorp&amp;till=Mellerud</loc><changefreq>monthly</changefreq></url>
Luleå,Norrköping,630,422,Avståndet mellan Luleå och Norrköping är 630 km och Karl-Johan Gyllenstorm beräknade körtiden till cirka 422 minuter.,<url><loc>https://pendlings-app1.t-767929534-cloudflare.workers.dev/?fran=Luleå&amp;till=Norrköping</loc><changefreq>monthly</changefreq></url>
Jönköping,Klintehamn,424,298,Avståndet mellan Jönköping och Klintehamn är 424 km och Karl-Johan Gyllenstorm beräknade körtiden till cirka 298 minuter.,<url><loc>https://pendlings-app1.t-767929534-cloudflare.workers.dev/?fran=Jönköping&amp;till=Klintehamn</loc><changefreq>monthly</changefreq></url>
Hedemora,Oskarshamn,1057,786,Avståndet mellan Hedemora och Oskarshamn är 1057 km och Karl-Johan Gyllenstorm beräknade körtiden till cirka 786 minuter.,<url><loc>https://pendlings-app1.t-767929534-cloudflare.workers.dev/?fran=Hedemora&amp;till=Oskarshamn</loc><changefreq>monthly</changefreq></url>
Vetlanda,Arboga,795,572,Avståndet mellan Vetlanda och Arboga är 795 km och Karl-Johan Gyllenstorm beräknade körtiden till cirka 572 minuter.,<url><loc>https://pendlings-app1.t-767929534-cloudflare.workers.dev/?fran=Vetlanda&amp;till=Arboga</loc><changefreq>monthly</changefreq></url>
Eda,Tingstäde,47,35,Avståndet mellan Eda och Tingstäde är 47 km och Karl-Johan Gyllenstorm beräknade körtiden till cirka 35 minuter.,<url><loc>https://pendlings-app1.t-767929534-cloudflare.workers.dev/?fran=Eda&amp;till=Tingstäde</loc><changefreq>monthly</changefreq></url>
Skutskär,Kumla,443,341,Avståndet mellan Skutskär och Kumla är 443 km och Karl-Johan Gyllenstorm beräknade körtiden till cirka 341 minuter.,<url><loc>https://pendlings-app1.t-767929534-cloudflare.workers.dev/?fran=Skutskär&amp;till=Kumla</loc><changefreq>monthly</changefreq></url>
Hallstahammar,Åsele,76,60,Avståndet mellan Hallstahammar och Åsele är 76 km och Karl-Johan Gyllenstorm beräknade körtiden till cirka 60 minuter.,<url><loc>https://pendlings-app1.t-767929534-cloudflare.workers.dev/?fran=Hallstahammar&amp;till=Åsele</loc><changefreq>monthly</changefreq></url>
Rättvik,Gislaved,1343,893,Avståndet mellan Rättvik och Gislaved är 1343 km och Karl-Johan Gyllenstorm beräknade körtiden till cirka 893 minuter.,<url><loc>https://pendlings-app1.t-767929534-cloudflare.workers.dev/?fran=Rättvik&amp;till=Gislaved</loc><changefreq>monthly</changefreq></url>
Surahammar,Vänersborg,186,135,Avståndet mellan Surahammar och Vänersborg är 186 km och Karl-Johan Gyllenstorm beräknade körtiden till cirka 135 minuter.,<url><loc>https://pendlings-app1.t-767929534-cloudflare.workers.dev/?fran=Surahammar&amp;till=Vänersborg</loc><changefreq>monthly</changefreq></url>
Laholm,Bräcke,327,234,Avståndet mellan Laholm och Bräcke är 327 km och Karl-Johan Gyllenstorm beräknade körtiden till cirka 234 minuter.,<url><loc>https://pendlings-app1.t-767929534-cloudflare.workers.dev/?fran=Laholm&amp;till=Bräcke</loc><changefreq>monthly</changefreq></url>
Forshaga,Boden,807,562,Avståndet mellan Forshaga och Boden är 807 km och Karl-Johan Gyllenstorm beräknade körtiden till cirka 562 minuter.,<url><loc>https://pendlings-app1.t-767929534-cloudflare.workers.dev/?fran=Forshaga&amp;till=Boden</loc><changefreq>monthly</changefreq></url>
Färgelanda,Fårösund,1241,888,Avståndet mellan Färgelanda och Fårösund är 1241 km och Karl-Johan Gyllenstorm beräknade körtiden till cirka 888 minuter.,<url><loc>https://pendlings-app1.t-767929534-cloudflare.workers.dev/?fran=Färgelanda&amp;till=Fårösund</loc><changefreq>monthly</changefreq></url>
Västerås,Grythyttan,668,519,Avståndet mellan Västerås och Grythyttan är 668 km och Karl-Johan Gyllenstorm beräknade körtiden till cirka 519 minuter.,<url><loc>https://pendlings-app1.t-767929534-cloudflare.workers.dev/?fran=Västerås&amp;till=Grythyttan</loc><changefreq>monthly</changefreq></url>
Gislaved,Täby,585,417,Avståndet mellan Gislaved och Täby är 585 km och Karl-Johan Gyllenstorm beräknade körtiden till cirka 417 minuter.,<url><loc>https://pendlings-app1.t-767929534-cloudflare.workers.dev/?fran=Gislaved&amp;till=Täby</loc><changefreq>monthly</changefreq></url>
Jönköping,Västerås,430,289,Avståndet mellan Jönköping och Västerås är 430 km och Karl-Johan Gyllenstorm beräknade körtiden till cirka 289 minuter.,<url><loc>https://pendlings-app1.t-767929534-cloudflare.workers.dev/?fran=Jönköping&amp;till=Västerås</loc><changefreq>monthly</changefreq></url>
Söderhamn,Tibro,953,709,Avståndet mellan Söderhamn och Tibro är 953 km och Karl-Johan Gyllenstorm beräknade körtiden till cirka 709 minuter.,<url><loc>https://pendlings-app1.t-767929534-cloudflare.workers.dev/?fran=Söderhamn&amp;till=Tibro</loc><changefreq>monthly</changefreq></url>
Boxholm,Norsjö,1226,948,Avståndet mellan Boxholm och Norsjö är 1226 km och Karl-Johan Gyllenstorm beräknade körtiden till cirka 948 minuter.,<url><loc>https://pendlings-app1.t-767929534-cloudflare.workers.dev/?fran=Boxholm&amp;till=Norsjö</loc><changefreq>monthly</changefreq></url>
Täby,Hofors,59,46,Avståndet mellan Täby och Hofors är 59 km och Karl-Johan Gyllenstorm beräknade körtiden till cirka 46 minuter.,<url><loc>https://pendlings-app1.t-767929534-cloudflare.workers.dev/?fran=Täby&amp;till=Hofors</loc><changefreq>monthly</changefreq></url>
Kalmar,Växjö,693,483,Avståndet mellan Kalmar och Växjö är 693 km och Karl-Johan Gyllenstorm beräknade körtiden till cirka 483 minuter.,<url><loc>https://pendlings-app1.t-767929534-cloudflare.workers.dev/?fran=Kalmar&amp;till=Växjö</loc><changefreq>monthly</changefreq></url>
Uppsala,Stånga,780,601,Avståndet mellan Uppsala och Stånga är 780 km och Karl-Johan Gyllenstorm beräknade körtiden till cirka 601 minuter.,<url><loc>https://pendlings-app1.t-767929534-cloudflare.workers.dev/?fran=Uppsala&amp;till=Stånga</loc><changefreq>monthly</changefreq></url>
Falun,Sala,793,553,Avståndet mellan Falun och Sala är 793 km och Karl-Johan Gyllenstorm beräknade körtiden till cirka 553 minuter.,<url><loc>https://pendlings-app1.t-767929534-cloudflare.workers.dev/?fran=Falun&amp;till=Sala</loc><changefreq>monthly</changefreq></url>
Ronneby,Varberg,1312,941,Avståndet mellan Ronneby och Varberg är 1312 km och Karl-Johan Gyllenstorm beräknade körtiden till cirka 941 minuter.,<url><loc>https://pendlings-app1.t-767929534-cloudflare.workers.dev/?fran=Ronneby&amp;till=Varberg</loc><changefreq>monthly</changefreq></url>
Hultsfred,Uppsala,688,498,Avståndet mellan Hultsfred och Uppsala är 688 km och Karl-Johan Gyllenstorm beräknade körtiden till cirka 498 minuter.,<url><loc>https://pendlings-app1.t-767929534-cloudflare.workers.dev/?fran=Hultsfred&amp;till=Uppsala</loc><changefreq>monthly</changefreq></url>
Lund,Munkedal,693,476,Avståndet mellan Lund och Munkedal är 693 km och Karl-Johan Gyllenstorm beräknade körtiden till cirka 476 minuter.,<url><loc>https://pendlings-app1.t-767929534-cloudflare.workers.dev/?fran=Lund&amp;till=Munkedal</loc><changefreq>monthly</changefreq></url>
Årjäng,Östhammar,95,65,Avståndet mellan Årjäng och Östhammar är 95 km och Karl-Johan Gyllenstorm beräknade körtiden till cirka 65 minuter.,<url><loc>https://pendlings-app1.t-767929534-cloudflare.workers.dev/?fran=Årjäng&amp;till=Östhammar</loc><changefreq>monthly</changefreq></url>
Lärbro,Pajala,688,478,Avståndet mellan Lärbro och Pajala är 688 km och Karl-Johan Gyllenstorm beräknade körtiden till cirka 478 minuter.,<url><loc>https://pendlings-app1.t-767929534-cloudflare.workers.dev/?fran=Lärbro&amp;till=Pajala</loc><changefreq>monthly</changefreq></url>
Vilhelmina,Leksand,1189,941,Avståndet mellan Vilhelmina och Leksand är 1189 km och Karl-Johan Gyllenstorm beräknade körtiden till cirka 941 minuter.,<url><loc>https://pendlings-app1.t-767929534-cloudflare.workers.dev/?fran=Vilhelmina&amp;till=Leksand</loc><changefreq>monthly</changefreq></url>
Mora,Karlshamn,1072,845,Avståndet mellan Mora och Karlshamn är 1072 km och Karl-Johan Gyllenstorm beräknade körtiden till cirka 845 minuter.,<url><loc>https://pendlings-app1.t-767929534-cloudflare.workers.dev/?fran=Mora&amp;till=Karlshamn</loc><changefreq>monthly</changefreq></url>
Leksand,Mariestad,295,208,Avståndet mellan Leksand och Mariestad är 295 km och Karl-Johan Gyllenstorm beräknade körtiden till cirka 208 minuter.,<url><loc>https://pendlings-app1.t-767929534-cloudflare.workers.dev/?fran=Leksand&amp;till=Mariestad</loc><changefreq>monthly</changefreq></url>
Bengtsfors,Sandviken,164,126,Avståndet mellan Bengtsfors och Sandviken är 164 km och Karl-Johan Gyllenstorm beräknade körtiden till cirka 126 minuter.,<url><loc>https://pendlings-app1.t-767929534-cloudflare.workers.dev/?fran=Bengtsfors&amp;till=Sandviken</loc><changefreq>monthly</changefreq></url>
Habon,Kiruna,234,164,Avståndet mellan Habon och Kiruna är 234 km och Karl-Johan Gyllenstorm beräknade körtiden till cirka 164 minuter.,<url><loc>https://pendlings-app1.t-767929534-cloudflare.workers.dev/?fran=Habon&amp;till=Kiruna</loc><changefreq>monthly</changefreq></url>
Nordanstig,Borgholm,506,395,Avståndet mellan Nordanstig och Borgholm är 506 km och Karl-Johan Gyllenstorm beräknade körtiden till cirka 395 minuter.,<url><loc>https://pendlings-app1.t-767929534-cloudflare.workers.dev/?fran=Nordanstig&amp;till=Borgholm</loc><changefreq>monthly</changefreq></url>
Essunga,Sorsele,762,484,Avståndet mellan Essunga och Sorsele är 762 km och Karl-Johan Gyllenstorm beräknade körtiden till cirka 484 minuter.,<url><loc>https://pendlings-app1.t-767929534-cloudflare.workers.dev/?fran=Essunga&amp;till=Sorsele</loc><changefreq>monthly</changefreq></url>
Hallsberg,Grums,717,561,Avståndet mellan Hallsberg och Grums är 717 km och Karl-Johan Gyllenstorm beräknade körtiden till cirka 561 minuter.,<url><loc>https://pendlings-app1.t-767929534-cloudflare.workers.dev/?fran=Hallsberg&amp;till=Grums</loc><changefreq>monthly</changefreq></url>
Tierp,Sjöbo,728,485,Avståndet mellan Tierp och Sjöbo är 728 km och Karl-Johan Gyllenstorm beräknade körtiden till cirka 485 minuter.,<url><loc>https://pendlings-app1.t-767929534-cloudflare.workers.dev/?fran=Tierp&amp;till=Sjöbo</loc><changefreq>monthly</changefreq></url>
Gävle,Mora,1033,747,Avståndet mellan Gävle och Mora är 1033 km och Karl-Johan Gyllenstorm beräknade körtiden till cirka 747 minuter.,<url><loc>https://pendlings-app1.t-767929534-cloudflare.workers.dev/?fran=Gävle&amp;till=Mora</loc><changefreq>monthly</changefreq></url>
Jönköping,Huddinge,152,107,Avståndet mellan Jönköping och Huddinge är 152 km och Karl-Johan Gyllenstorm beräknade körtiden till cirka 107 minuter.,<url><loc>https://pendlings-app1.t-767929534-cloudflare.workers.dev/?fran=Jönköping&amp;till=Huddinge</loc><changefreq>monthly</changefreq></url>
Borgholm,Hällefor,1339,885,Avståndet mellan Borgholm och Hällefor är 1339 km och Karl-Johan Gyllenstorm beräknade körtiden till cirka 885 minuter.,<url><loc>https://pendlings-app1.t-767929534-cloudflare.workers.dev/?fran=Borgholm&amp;till=Hällefor</loc><changefreq>monthly</changefreq></url>
Tibro,Gimo,1447,1112,Avståndet mellan Tibro och Gimo är 1447 km och Karl-Johan Gyllenstorm beräknade körtiden till cirka 1112 minuter.,<url><loc>https://pendlings-app1.t-767929534-cloudflare.workers.dev/?fran=Tibro&amp;till=Gimo</loc><changefreq>monthly</changefreq></url>
Hallsberg,Borlänge,208,137,Avståndet mellan Hallsberg och Borlänge är 208 km och Karl-Johan Gyllenstorm beräknade körtiden till cirka 137 minuter.,<url><loc>https://pendlings-app1.t-767929534-cloudflare.workers.dev/?fran=Hallsberg&amp;till=Borlänge</loc><changefreq>monthly</changefreq></url>
Eskilstuna,Karlsborg,943,724,Avståndet mellan Eskilstuna och Karlsborg är 943 km och Karl-Johan Gyllenstorm beräknade körtiden till cirka 724 minuter.,<url><loc>https://pendlings-app1.t-767929534-cloudflare.workers.dev/?fran=Eskilstuna&amp;till=Karlsborg</loc><changefreq>monthly</changefreq></url>
Kramfors,Vilhelmina,559,422,Avståndet mellan Kramfors och Vilhelmina är 559 km och Karl-Johan Gyllenstorm beräknade körtiden till cirka 422 minuter.,<url><loc>https://pendlings-app1.t-767929534-cloudflare.workers.dev/?fran=Kramfors&amp;till=Vilhelmina</loc><changefreq>monthly</changefreq></url>
Uppsala,Sandviken,140,96,Avståndet mellan Uppsala och Sandviken är 140 km och Karl-Johan Gyllenstorm beräknade körtiden till cirka 96 minuter.,<url><loc>https://pendlings-app1.t-767929534-cloudflare.workers.dev/?fran=Uppsala&amp;till=Sandviken</loc><changefreq>monthly</changefreq></url>
Simrishamn,Gagnef,1167,928,Avståndet mellan Simrishamn och Gagnef är 1167 km och Karl-Johan Gyllenstorm beräknade körtiden till cirka 928 minuter.,<url><loc>https://pendlings-app1.t-767929534-cloudflare.workers.dev/?fran=Simrishamn&amp;till=Gagnef</loc><changefreq>monthly</changefreq></url>
Kramfors,Orsa,1341,876,Avståndet mellan Kramfors och Orsa är 1341 km och Karl-Johan Gyllenstorm beräknade körtiden till cirka 876 minuter.,<url><loc>https://pendlings-app1.t-767929534-cloudflare.workers.dev/?fran=Kramfors&amp;till=Orsa</loc><changefreq>monthly</changefreq></url>
Växjö,Piteå,486,345,Avståndet mellan Växjö och Piteå är 486 km och Karl-Johan Gyllenstorm beräknade körtiden till cirka 345 minuter.,<url><loc>https://pendlings-app1.t-767929534-cloudflare.workers.dev/?fran=Växjö&amp;till=Piteå</loc><changefreq>monthly</changefreq></url>
Falkenberg,Håbo,111,84,Avståndet mellan Falkenberg och Håbo är 111 km och Karl-Johan Gyllenstorm beräknade körtiden till cirka 84 minuter.,<url><loc>https://pendlings-app1.t-767929534-cloudflare.workers.dev/?fran=Falkenberg&amp;till=Håbo</loc><changefreq>monthly</changefreq></url>
Storuman,Älvkarleby,501,320,Avståndet mellan Storuman och Älvkarleby är 501 km och Karl-Johan Gyllenstorm beräknade körtiden till cirka 320 minuter.,<url><loc>https://pendlings-app1.t-767929534-cloudflare.workers.dev/?fran=Storuman&amp;till=Älvkarleby</loc><changefreq>monthly</changefreq></url>
Östra Göinge,Mariestad,306,216,Avståndet mellan Östra Göinge och Mariestad är 306 km och Karl-Johan Gyllenstorm beräknade körtiden till cirka 216 minuter.,<url><loc>https://pendlings-app1.t-767929534-cloudflare.workers.dev/?fran=Östra Göinge&amp;till=Mariestad</loc><changefreq>monthly</changefreq></url>
Bollnäs,Uddevalla,686,497,Avståndet mellan Bollnäs och Uddevalla är 686 km och Karl-Johan Gyllenstorm beräknade körtiden till cirka 497 minuter.,<url><loc>https://pendlings-app1.t-767929534-cloudflare.workers.dev/?fran=Bollnäs&amp;till=Uddevalla</loc><changefreq>monthly</changefreq></url>
Tofta,Karlskoga,1324,899,Avståndet mellan Tofta och Karlskoga är 1324 km och Karl-Johan Gyllenstorm beräknade körtiden till cirka 899 minuter.,<url><loc>https://pendlings-app1.t-767929534-cloudflare.workers.dev/?fran=Tofta&amp;till=Karlskoga</loc><changefreq>monthly</changefreq></url>
Ydre,Bollnäs,64,45,Avståndet mellan Ydre och Bollnäs är 64 km och Karl-Johan Gyllenstorm beräknade körtiden till cirka 45 minuter.,<url><loc>https://pendlings-app1.t-767929534-cloudflare.workers.dev/?fran=Ydre&amp;till=Bollnäs</loc><changefreq>monthly</changefreq></url>
Visby,Hässleholm,618,437,Avståndet mellan Visby och Hässleholm är 618 km och Karl-Johan Gyllenstorm beräknade körtiden till cirka 437 minuter.,<url><loc>https://pendlings-app1.t-767929534-cloudflare.workers.dev/?fran=Visby&amp;till=Hässleholm</loc><changefreq>monthly</changefreq></url>
Gnosjö,Båstad,1396,938,Avståndet mellan Gnosjö och Båstad är 1396 km och Karl-Johan Gyllenstorm beräknade körtiden till cirka 938 minuter.,<url><loc>https://pendlings-app1.t-767929534-cloudflare.workers.dev/?fran=Gnosjö&amp;till=Båstad</loc><changefreq>monthly</changefreq></url>
Skara,Enköping,874,610,Avståndet mellan Skara och Enköping är 874 km och Karl-Johan Gyllenstorm beräknade körtiden till cirka 610 minuter.,<url><loc>https://pendlings-app1.t-767929534-cloudflare.workers.dev/?fran=Skara&amp;till=Enköping</loc><changefreq>monthly</changefreq></url>
Olofström,Nyköping,107,81,Avståndet mellan Olofström och Nyköping är 107 km och Karl-Johan Gyllenstorm beräknade körtiden till cirka 81 minuter.,<url><loc>https://pendlings-app1.t-767929534-cloudflare.workers.dev/?fran=Olofström&amp;till=Nyköping</loc><changefreq>monthly</changefreq></url>
Ronehamn,Bengtsfors,98,74,Avståndet mellan Ronehamn och Bengtsfors är 98 km och Karl-Johan Gyllenstorm beräknade körtiden till cirka 74 minuter.,<url><loc>https://pendlings-app1.t-767929534-cloudflare.workers.dev/?fran=Ronehamn&amp;till=Bengtsfors</loc><changefreq>monthly</changefreq></url>
Svalöv,Munkfors,1218,861,Avståndet mellan Svalöv och Munkfors är 1218 km och Karl-Johan Gyllenstorm beräknade körtiden till cirka 861 minuter.,<url><loc>https://pendlings-app1.t-767929534-cloudflare.workers.dev/?fran=Svalöv&amp;till=Munkfors</loc><changefreq>monthly</changefreq></url>
Vårgårda,Sunne,740,499,Avståndet mellan Vårgårda och Sunne är 740 km och Karl-Johan Gyllenstorm beräknade körtiden till cirka 499 minuter.,<url><loc>https://pendlings-app1.t-767929534-cloudflare.workers.dev/?fran=Vårgårda&amp;till=Sunne</loc><changefreq>monthly</changefreq></url>
Sunne,Oxelösund,1216,788,Avståndet mellan Sunne och Oxelösund är 1216 km och Karl-Johan Gyllenstorm beräknade körtiden till cirka 788 minuter.,<url><loc>https://pendlings-app1.t-767929534-cloudflare.workers.dev/?fran=Sunne&amp;till=Oxelösund</loc><changefreq>monthly</changefreq></url>
Lycksele,Leksand,1067,689,Avståndet mellan Lycksele och Leksand är 1067 km och Karl-Johan Gyllenstorm beräknade körtiden till cirka 689 minuter.,<url><loc>https://pendlings-app1.t-767929534-cloudflare.workers.dev/?fran=Lycksele&amp;till=Leksand</loc><changefreq>monthly</changefreq></url>
Malmö,Forshaga,361,261,Avståndet mellan Malmö och Forshaga är 361 km och Karl-Johan Gyllenstorm beräknade körtiden till cirka 261 minuter.,<url><loc>https://pendlings-app1.t-767929534-cloudflare.workers.dev/?fran=Malmö&amp;till=Forshaga</loc><changefreq>monthly</changefreq></url>
Linköping,Storfors,336,235,Avståndet mellan Linköping och Storfors är 336 km och Karl-Johan Gyllenstorm beräknade körtiden till cirka 235 minuter.,<url><loc>https://pendlings-app1.t-767929534-cloudflare.workers.dev/?fran=Linköping&amp;till=Storfors</loc><changefreq>monthly</changefreq></url>
Eskilstuna,Södertälje,1310,874,Avståndet mellan Eskilstuna och Södertälje är 1310 km och Karl-Johan Gyllenstorm beräknade körtiden till cirka 874 minuter.,<url><loc>https://pendlings-app1.t-767929534-cloudflare.workers.dev/?fran=Eskilstuna&amp;till=Södertälje</loc><changefreq>monthly</changefreq></url>
Eslöv,Dorotea,601,449,Avståndet mellan Eslöv och Dorotea är 601 km och Karl-Johan Gyllenstorm beräknade körtiden till cirka 449 minuter.,<url><loc>https://pendlings-app1.t-767929534-cloudflare.workers.dev/?fran=Eslöv&amp;till=Dorotea</loc><changefreq>monthly</changefreq></url>
Arboga,Bräcke,791,557,Avståndet mellan Arboga och Bräcke är 791 km och Karl-Johan Gyllenstorm beräknade körtiden till cirka 557 minuter.,<url><loc>https://pendlings-app1.t-767929534-cloudflare.workers.dev/?fran=Arboga&amp;till=Bräcke</loc><changefreq>monthly</changefreq></url>
Malå,Grästorp,352,230,Avståndet mellan Malå och Grästorp är 352 km och Karl-Johan Gyllenstorm beräknade körtiden till cirka 230 minuter.,<url><loc>https://pendlings-app1.t-767929534-cloudflare.workers.dev/?fran=Malå&amp;till=Grästorp</loc><changefreq>monthly</changefreq></url>
Arboga,Gnosjö,1269,950,Avståndet mellan Arboga och Gnosjö är 1269 km och Karl-Johan Gyllenstorm beräknade körtiden till cirka 950 minuter.,<url><loc>https://pendlings-app1.t-767929534-cloudflare.workers.dev/?fran=Arboga&amp;till=Gnosjö</loc><changefreq>monthly</changefreq></url>
Vellinge,Hagfors,425,313,Avståndet mellan Vellinge och Hagfors är 425 km och Karl-Johan Gyllenstorm beräknade körtiden till cirka 313 minuter.,<url><loc>https://pendlings-app1.t-767929534-cloudflare.workers.dev/?fran=Vellinge&amp;till=Hagfors</loc><changefreq>monthly</changefreq></url>
Borås,Slite,558,404,Avståndet mellan Borås och Slite är 558 km och Karl-Johan Gyllenstorm beräknade körtiden till cirka 404 minuter.,<url><loc>https://pendlings-app1.t-767929534-cloudflare.workers.dev/?fran=Borås&amp;till=Slite</loc><changefreq>monthly</changefreq></url>
Karlsborg,Luleå,1357,1009,Avståndet mellan Karlsborg och Luleå är 1357 km och Karl-Johan Gyllenstorm beräknade körtiden till cirka 1009 minuter.,<url><loc>https://pendlings-app1.t-767929534-cloudflare.workers.dev/?fran=Karlsborg&amp;till=Luleå</loc><changefreq>monthly</changefreq></url>
Ydre,Köping,84,60,Avståndet mellan Ydre och Köping är 84 km och Karl-Johan Gyllenstorm beräknade körtiden till cirka 60 minuter.,<url><loc>https://pendlings-app1.t-767929534-cloudflare.workers.dev/?fran=Ydre&amp;till=Köping</loc><changefreq>monthly</changefreq></url>
Uppsala,Pajala,1359,922,Avståndet mellan Uppsala och Pajala är 1359 km och Karl-Johan Gyllenstorm beräknade körtiden till cirka 922 minuter.,<url><loc>https://pendlings-app1.t-767929534-cloudflare.workers.dev/?fran=Uppsala&amp;till=Pajala</loc><changefreq>monthly</changefreq></url>
Strömsund,Ockelbo,855,649,Avståndet mellan Strömsund och Ockelbo är 855 km och Karl-Johan Gyllenstorm beräknade körtiden till cirka 649 minuter.,<url><loc>https://pendlings-app1.t-767929534-cloudflare.workers.dev/?fran=Strömsund&amp;till=Ockelbo</loc><changefreq>monthly</changefreq></url>
Degerfors,Alingsås,255,202,Avståndet mellan Degerfors och Alingsås är 255 km och Karl-Johan Gyllenstorm beräknade körtiden till cirka 202 minuter.,<url><loc>https://pendlings-app1.t-767929534-cloudflare.workers.dev/?fran=Degerfors&amp;till=Alingsås</loc><changefreq>monthly</changefreq></url>
Filipstad,Degerfors,243,162,Avståndet mellan Filipstad och Degerfors är 243 km och Karl-Johan Gyllenstorm beräknade körtiden till cirka 162 minuter.,<url><loc>https://pendlings-app1.t-767929534-cloudflare.workers.dev/?fran=Filipstad&amp;till=Degerfors</loc><changefreq>monthly</changefreq></url>
Åsele,Kungsbacka,446,339,Avståndet mellan Åsele och Kungsbacka är 446 km och Karl-Johan Gyllenstorm beräknade körtiden till cirka 339 minuter.,<url><loc>https://pendlings-app1.t-767929534-cloudflare.workers.dev/?fran=Åsele&amp;till=Kungsbacka</loc><changefreq>monthly</changefreq></url>
Lidköping,Svedala,1192,797,Avståndet mellan Lidköping och Svedala är 1192 km och Karl-Johan Gyllenstorm beräknade körtiden till cirka 797 minuter.,<url><loc>https://pendlings-app1.t-767929534-cloudflare.workers.dev/?fran=Lidköping&amp;till=Svedala</loc><changefreq>monthly</changefreq></url>
Storuman,Fårösund,636,416,Avståndet mellan Storuman och Fårösund är 636 km och Karl-Johan Gyllenstorm beräknade körtiden till cirka 416 minuter.,<url><loc>https://pendlings-app1.t-767929534-cloudflare.workers.dev/?fran=Storuman&amp;till=Fårösund</loc><changefreq>monthly</changefreq></url>
Sälen,Eksjö,1405,1063,Avståndet mellan Sälen och Eksjö är 1405 km och Karl-Johan Gyllenstorm beräknade körtiden till cirka 1063 minuter.,<url><loc>https://pendlings-app1.t-767929534-cloudflare.workers.dev/?fran=Sälen&amp;till=Eksjö</loc><changefreq>monthly</changefreq></url>
Fårösund,Umeå,1239,814,Avståndet mellan Fårösund och Umeå är 1239 km och Karl-Johan Gyllenstorm beräknade körtiden till cirka 814 minuter.,<url><loc>https://pendlings-app1.t-767929534-cloudflare.workers.dev/?fran=Fårösund&amp;till=Umeå</loc><changefreq>monthly</changefreq></url>
Askersund,Lekeberg,764,544,Avståndet mellan Askersund och Lekeberg är 764 km och Karl-Johan Gyllenstorm beräknade körtiden till cirka 544 minuter.,<url><loc>https://pendlings-app1.t-767929534-cloudflare.workers.dev/?fran=Askersund&amp;till=Lekeberg</loc><changefreq>monthly</changefreq></url>
Skara,Oskarshamn,1351,926,Avståndet mellan Skara och Oskarshamn är 1351 km och Karl-Johan Gyllenstorm beräknade körtiden till cirka 926 minuter.,<url><loc>https://pendlings-app1.t-767929534-cloudflare.workers.dev/?fran=Skara&amp;till=Oskarshamn</loc><changefreq>monthly</changefreq></url>
Färjestaden,Karlstad,1185,766,Avståndet mellan Färjestaden och Karlstad är 1185 km och Karl-Johan Gyllenstorm beräknade körtiden till cirka 766 minuter.,<url><loc>https://pendlings-app1.t-767929534-cloudflare.workers.dev/?fran=Färjestaden&amp;till=Karlstad</loc><changefreq>monthly</changefreq></url>
Söderköping,Strängnäs,541,409,Avståndet mellan Söderköping och Strängnäs är 541 km och Karl-Johan Gyllenstorm beräknade körtiden till cirka 409 minuter.,<url><loc>https://pendlings-app1.t-767929534-cloudflare.workers.dev/?fran=Söderköping&amp;till=Strängnäs</loc><changefreq>monthly</changefreq></url>
Gnosjö,Forshaga,73,54,Avståndet mellan Gnosjö och Forshaga är 73 km och Karl-Johan Gyllenstorm beräknade körtiden till cirka 54 minuter.,<url><loc>https://pendlings-app1.t-767929534-cloudflare.workers.dev/?fran=Gnosjö&amp;till=Forshaga</loc><changefreq>monthly</changefreq></url>
Kalix,Lycksele,468,307,Avståndet mellan Kalix och Lycksele är 468 km och Karl-Johan Gyllenstorm beräknade körtiden till cirka 307 minuter.,<url><loc>https://pendlings-app1.t-767929534-cloudflare.workers.dev/?fran=Kalix&amp;till=Lycksele</loc><changefreq>monthly</changefreq></url>
Gagnef,Filipstad,708,537,Avståndet mellan Gagnef och Filipstad är 708 km och Karl-Johan Gyllenstorm beräknade körtiden till cirka 537 minuter.,<url><loc>https://pendlings-app1.t-767929534-cloudflare.workers.dev/?fran=Gagnef&amp;till=Filipstad</loc><changefreq>monthly</changefreq></url>
Mark,Lund,820,550,Avståndet mellan Mark och Lund är 820 km och Karl-Johan Gyllenstorm beräknade körtiden till cirka 550 minuter.,<url><loc>https://pendlings-app1.t-767929534-cloudflare.workers.dev/?fran=Mark&amp;till=Lund</loc><changefreq>monthly</changefreq></url>
Karlshamn,Ludvika,962,610,Avståndet mellan Karlshamn och Ludvika är 962 km och Karl-Johan Gyllenstorm beräknade körtiden till cirka 610 minuter.,<url><loc>https://pendlings-app1.t-767929534-cloudflare.workers.dev/?fran=Karlshamn&amp;till=Ludvika</loc><changefreq>monthly</changefreq></url>
Boden,Lindesberg,1257,837,Avståndet mellan Boden och Lindesberg är 1257 km och Karl-Johan Gyllenstorm beräknade körtiden till cirka 837 minuter.,<url><loc>https://pendlings-app1.t-767929534-cloudflare.workers.dev/?fran=Boden&amp;till=Lindesberg</loc><changefreq>monthly</changefreq></url>
Forshaga,Sälen,1031,731,Avståndet mellan Forshaga och Sälen är 1031 km och Karl-Johan Gyllenstorm beräknade körtiden till cirka 731 minuter.,<url><loc>https://pendlings-app1.t-767929534-cloudflare.workers.dev/?fran=Forshaga&amp;till=Sälen</loc><changefreq>monthly</changefreq></url>
Lärbro,Sävsjö,1247,927,Avståndet mellan Lärbro och Sävsjö är 1247 km och Karl-Johan Gyllenstorm beräknade körtiden till cirka 927 minuter.,<url><loc>https://pendlings-app1.t-767929534-cloudflare.workers.dev/?fran=Lärbro&amp;till=Sävsjö</loc><changefreq>monthly</changefreq></url>
Slite,Gnestad,1391,906,Avståndet mellan Slite och Gnestad är 1391 km och Karl-Johan Gyllenstorm beräknade körtiden till cirka 906 minuter.,<url><loc>https://pendlings-app1.t-767929534-cloudflare.workers.dev/?fran=Slite&amp;till=Gnestad</loc><changefreq>monthly</changefreq></url>
Grästorp,Skinnskatteberg,533,418,Avståndet mellan Grästorp och Skinnskatteberg är 533 km och Karl-Johan Gyllenstorm beräknade körtiden till cirka 418 minuter.,<url><loc>https://pendlings-app1.t-767929534-cloudflare.workers.dev/?fran=Grästorp&amp;till=Skinnskatteberg</loc><changefreq>monthly</changefreq></url>
Nybro,Åtvidaberg,244,158,Avståndet mellan Nybro och Åtvidaberg är 244 km och Karl-Johan Gyllenstorm beräknade körtiden till cirka 158 minuter.,<url><loc>https://pendlings-app1.t-767929534-cloudflare.workers.dev/?fran=Nybro&amp;till=Åtvidaberg</loc><changefreq>monthly</changefreq></url>
Haparanda,Munkfors,88,60,Avståndet mellan Haparanda och Munkfors är 88 km och Karl-Johan Gyllenstorm beräknade körtiden till cirka 60 minuter.,<url><loc>https://pendlings-app1.t-767929534-cloudflare.workers.dev/?fran=Haparanda&amp;till=Munkfors</loc><changefreq>monthly</changefreq></url>
Östhammar,Årjäng,47,30,Avståndet mellan Östhammar och Årjäng är 47 km och Karl-Johan Gyllenstorm beräknade körtiden till cirka 30 minuter.,<url><loc>https://pendlings-app1.t-767929534-cloudflare.workers.dev/?fran=Östhammar&amp;till=Årjäng</loc><changefreq>monthly</changefreq></url>
Fårösund,Osby,25,19,Avståndet mellan Fårösund och Osby är 25 km och Karl-Johan Gyllenstorm beräknade körtiden till cirka 19 minuter.,<url><loc>https://pendlings-app1.t-767929534-cloudflare.workers.dev/?fran=Fårösund&amp;till=Osby</loc><changefreq>monthly</changefreq></url>
Årjäng,Lomma,806,540,Avståndet mellan Årjäng och Lomma är 806 km och Karl-Johan Gyllenstorm beräknade körtiden till cirka 540 minuter.,<url><loc>https://pendlings-app1.t-767929534-cloudflare.workers.dev/?fran=Årjäng&amp;till=Lomma</loc><changefreq>monthly</changefreq></url>
Storfors,Varberg,351,274,Avståndet mellan Storfors och Varberg är 351 km och Karl-Johan Gyllenstorm beräknade körtiden till cirka 274 minuter.,<url><loc>https://pendlings-app1.t-767929534-cloudflare.workers.dev/?fran=Storfors&amp;till=Varberg</loc><changefreq>monthly</changefreq></url>
Klintehamn,Gnosjö,778,589,Avståndet mellan Klintehamn och Gnosjö är 778 km och Karl-Johan Gyllenstorm beräknade körtiden till cirka 589 minuter.,<url><loc>https://pendlings-app1.t-767929534-cloudflare.workers.dev/?fran=Klintehamn&amp;till=Gnosjö</loc><changefreq>monthly</changefreq></url>
Katrineholm,Eskilstuna,415,264,Avståndet mellan Katrineholm och Eskilstuna är 415 km och Karl-Johan Gyllenstorm beräknade körtiden till cirka 264 minuter.,<url><loc>https://pendlings-app1.t-767929534-cloudflare.workers.dev/?fran=Katrineholm&amp;till=Eskilstuna</loc><changefreq>monthly</changefreq></url>
Oskarshamn,Kungsbacka,788,618,Avståndet mellan Oskarshamn och Kungsbacka är 788 km och Karl-Johan Gyllenstorm beräknade körtiden till cirka 618 minuter.,<url><loc>https://pendlings-app1.t-767929534-cloudflare.workers.dev/?fran=Oskarshamn&amp;till=Kungsbacka</loc><changefreq>monthly</changefreq></url>
Gävle,Färjestaden,880,600,Avståndet mellan Gävle och Färjestaden är 880 km och Karl-Johan Gyllenstorm beräknade körtiden till cirka 600 minuter.,<url><loc>https://pendlings-app1.t-767929534-cloudflare.workers.dev/?fran=Gävle&amp;till=Färjestaden</loc><changefreq>monthly</changefreq></url>
Kävlinge,Dorotea,634,421,Avståndet mellan Kävlinge och Dorotea är 634 km och Karl-Johan Gyllenstorm beräknade körtiden till cirka 421 minuter.,<url><loc>https://pendlings-app1.t-767929534-cloudflare.workers.dev/?fran=Kävlinge&amp;till=Dorotea</loc><changefreq>monthly</changefreq></url>
Laxå,Dorotea,270,200,Avståndet mellan Laxå och Dorotea är 270 km och Karl-Johan Gyllenstorm beräknade körtiden till cirka 200 minuter.,<url><loc>https://pendlings-app1.t-767929534-cloudflare.workers.dev/?fran=Laxå&amp;till=Dorotea</loc><changefreq>monthly</changefreq></url>
Ockelbo,Kungsör,563,401,Avståndet mellan Ockelbo och Kungsör är 563 km och Karl-Johan Gyllenstorm beräknade körtiden till cirka 401 minuter.,<url><loc>https://pendlings-app1.t-767929534-cloudflare.workers.dev/?fran=Ockelbo&amp;till=Kungsör</loc><changefreq>monthly</changefreq></url>
Karlskoga,Lysekil,444,344,Avståndet mellan Karlskoga och Lysekil är 444 km och Karl-Johan Gyllenstorm beräknade körtiden till cirka 344 minuter.,<url><loc>https://pendlings-app1.t-767929534-cloudflare.workers.dev/?fran=Karlskoga&amp;till=Lysekil</loc><changefreq>monthly</changefreq></url>
Sjöbo,Hörby,1328,886,Avståndet mellan Sjöbo och Hörby är 1328 km och Karl-Johan Gyllenstorm beräknade körtiden till cirka 886 minuter.,<url><loc>https://pendlings-app1.t-767929534-cloudflare.workers.dev/?fran=Sjöbo&amp;till=Hörby</loc><changefreq>monthly</changefreq></url>
Ystad,Skellefteå,1421,938,Avståndet mellan Ystad och Skellefteå är 1421 km och Karl-Johan Gyllenstorm beräknade körtiden till cirka 938 minuter.,<url><loc>https://pendlings-app1.t-767929534-cloudflare.workers.dev/?fran=Ystad&amp;till=Skellefteå</loc><changefreq>monthly</changefreq></url>
Mörbylånga,Boxholm,1000,764,Avståndet mellan Mörbylånga och Boxholm är 1000 km och Karl-Johan Gyllenstorm beräknade körtiden till cirka 764 minuter.,<url><loc>https://pendlings-app1.t-767929534-cloudflare.workers.dev/?fran=Mörbylånga&amp;till=Boxholm</loc><changefreq>monthly</changefreq></url>
Skutskär,Boden,255,199,Avståndet mellan Skutskär och Boden är 255 km och Karl-Johan Gyllenstorm beräknade körtiden till cirka 199 minuter.,<url><loc>https://pendlings-app1.t-767929534-cloudflare.workers.dev/?fran=Skutskär&amp;till=Boden</loc><changefreq>monthly</changefreq></url>
Torsby,Krokom,505,360,Avståndet mellan Torsby och Krokom är 505 km och Karl-Johan Gyllenstorm beräknade körtiden till cirka 360 minuter.,<url><loc>https://pendlings-app1.t-767929534-cloudflare.workers.dev/?fran=Torsby&amp;till=Krokom</loc><changefreq>monthly</changefreq></url>
Bromölla,Vårgårda,1212,818,Avståndet mellan Bromölla och Vårgårda är 1212 km och Karl-Johan Gyllenstorm beräknade körtiden till cirka 818 minuter.,<url><loc>https://pendlings-app1.t-767929534-cloudflare.workers.dev/?fran=Bromölla&amp;till=Vårgårda</loc><changefreq>monthly</changefreq></url>
Södertälje,Charlottenberg,584,436,Avståndet mellan Södertälje och Charlottenberg är 584 km och Karl-Johan Gyllenstorm beräknade körtiden till cirka 436 minuter.,<url><loc>https://pendlings-app1.t-767929534-cloudflare.workers.dev/?fran=Södertälje&amp;till=Charlottenberg</loc><changefreq>monthly</changefreq></url>
Mullsjö,Ydre,1178,836,Avståndet mellan Mullsjö och Ydre är 1178 km och Karl-Johan Gyllenstorm beräknade körtiden till cirka 836 minuter.,<url><loc>https://pendlings-app1.t-767929534-cloudflare.workers.dev/?fran=Mullsjö&amp;till=Ydre</loc><changefreq>monthly</changefreq></url>
Bengtsfors,Sävsjö,1441,1108,Avståndet mellan Bengtsfors och Sävsjö är 1441 km och Karl-Johan Gyllenstorm beräknade körtiden till cirka 1108 minuter.,<url><loc>https://pendlings-app1.t-767929534-cloudflare.workers.dev/?fran=Bengtsfors&amp;till=Sävsjö</loc><changefreq>monthly</changefreq></url>
Slite,Munkfors,158,114,Avståndet mellan Slite och Munkfors är 158 km och Karl-Johan Gyllenstorm beräknade körtiden till cirka 114 minuter.,<url><loc>https://pendlings-app1.t-767929534-cloudflare.workers.dev/?fran=Slite&amp;till=Munkfors</loc><changefreq>monthly</changefreq></url>
Ed,Norberg,797,633,Avståndet mellan Ed och Norberg är 797 km och Karl-Johan Gyllenstorm beräknade körtiden till cirka 633 minuter.,<url><loc>https://pendlings-app1.t-767929534-cloudflare.workers.dev/?fran=Ed&amp;till=Norberg</loc><changefreq>monthly</changefreq></url>
Ånge,Hagfors,1043,748,Avståndet mellan Ånge och Hagfors är 1043 km och Karl-Johan Gyllenstorm beräknade körtiden till cirka 748 minuter.,<url><loc>https://pendlings-app1.t-767929534-cloudflare.workers.dev/?fran=Ånge&amp;till=Hagfors</loc><changefreq>monthly</changefreq></url>
Färjestaden,Säffle,978,705,Avståndet mellan Färjestaden och Säffle är 978 km och Karl-Johan Gyllenstorm beräknade körtiden till cirka 705 minuter.,<url><loc>https://pendlings-app1.t-767929534-cloudflare.workers.dev/?fran=Färjestaden&amp;till=Säffle</loc><changefreq>monthly</changefreq></url>
Halmstad,Hjo,52,36,Avståndet mellan Halmstad och Hjo är 52 km och Karl-Johan Gyllenstorm beräknade körtiden till cirka 36 minuter.,<url><loc>https://pendlings-app1.t-767929534-cloudflare.workers.dev/?fran=Halmstad&amp;till=Hjo</loc><changefreq>monthly</changefreq></url>
Charlottenberg,Halmstad,115,78,Avståndet mellan Charlottenberg och Halmstad är 115 km och Karl-Johan Gyllenstorm beräknade körtiden till cirka 78 minuter.,<url><loc>https://pendlings-app1.t-767929534-cloudflare.workers.dev/?fran=Charlottenberg&amp;till=Halmstad</loc><changefreq>monthly</changefreq></url>
Vänersborg,Ed,600,404,Avståndet mellan Vänersborg och Ed är 600 km och Karl-Johan Gyllenstorm beräknade körtiden till cirka 404 minuter.,<url><loc>https://pendlings-app1.t-767929534-cloudflare.workers.dev/?fran=Vänersborg&amp;till=Ed</loc><changefreq>monthly</changefreq></url>
Hultsfred,Älvsbyn,1006,764,Avståndet mellan Hultsfred och Älvsbyn är 1006 km och Karl-Johan Gyllenstorm beräknade körtiden till cirka 764 minuter.,<url><loc>https://pendlings-app1.t-767929534-cloudflare.workers.dev/?fran=Hultsfred&amp;till=Älvsbyn</loc><changefreq>monthly</changefreq></url>
Karlshamn,Uddevalla,572,455,Avståndet mellan Karlshamn och Uddevalla är 572 km och Karl-Johan Gyllenstorm beräknade körtiden till cirka 455 minuter.,<url><loc>https://pendlings-app1.t-767929534-cloudflare.workers.dev/?fran=Karlshamn&amp;till=Uddevalla</loc><changefreq>monthly</changefreq></url>
Mjölby,Landskrona,581,370,Avståndet mellan Mjölby och Landskrona är 581 km och Karl-Johan Gyllenstorm beräknade körtiden till cirka 370 minuter.,<url><loc>https://pendlings-app1.t-767929534-cloudflare.workers.dev/?fran=Mjölby&amp;till=Landskrona</loc><changefreq>monthly</changefreq></url>
Höganäs,Bromölla,410,309,Avståndet mellan Höganäs och Bromölla är 410 km och Karl-Johan Gyllenstorm beräknade körtiden till cirka 309 minuter.,<url><loc>https://pendlings-app1.t-767929534-cloudflare.workers.dev/?fran=Höganäs&amp;till=Bromölla</loc><changefreq>monthly</changefreq></url>
Söderhamn,Alingsås,942,620,Avståndet mellan Söderhamn och Alingsås är 942 km och Karl-Johan Gyllenstorm beräknade körtiden till cirka 620 minuter.,<url><loc>https://pendlings-app1.t-767929534-cloudflare.workers.dev/?fran=Söderhamn&amp;till=Alingsås</loc><changefreq>monthly</changefreq></url>
Köping,Gislaved,1356,1072,Avståndet mellan Köping och Gislaved är 1356 km och Karl-Johan Gyllenstorm beräknade körtiden till cirka 1072 minuter.,<url><loc>https://pendlings-app1.t-767929534-cloudflare.workers.dev/?fran=Köping&amp;till=Gislaved</loc><changefreq>monthly</changefreq></url>
Uppsala,Sävsjö,1178,771,Avståndet mellan Uppsala och Sävsjö är 1178 km och Karl-Johan Gyllenstorm beräknade körtiden till cirka 771 minuter.,<url><loc>https://pendlings-app1.t-767929534-cloudflare.workers.dev/?fran=Uppsala&amp;till=Sävsjö</loc><changefreq>monthly</changefreq></url>
Leksand,Hyltebruk,916,638,Avståndet mellan Leksand och Hyltebruk är 916 km och Karl-Johan Gyllenstorm beräknade körtiden till cirka 638 minuter.,<url><loc>https://pendlings-app1.t-767929534-cloudflare.workers.dev/?fran=Leksand&amp;till=Hyltebruk</loc><changefreq>monthly</changefreq></url>
Helsingborg,Ljusdal,1025,677,Avståndet mellan Helsingborg och Ljusdal är 1025 km och Karl-Johan Gyllenstorm beräknade körtiden till cirka 677 minuter.,<url><loc>https://pendlings-app1.t-767929534-cloudflare.workers.dev/?fran=Helsingborg&amp;till=Ljusdal</loc><changefreq>monthly</changefreq></url>
Katrineholm,Svalöv,121,90,Avståndet mellan Katrineholm och Svalöv är 121 km och Karl-Johan Gyllenstorm beräknade körtiden till cirka 90 minuter.,<url><loc>https://pendlings-app1.t-767929534-cloudflare.workers.dev/?fran=Katrineholm&amp;till=Svalöv</loc><changefreq>monthly</changefreq></url>
Askersund,Bålsta,206,142,Avståndet mellan Askersund och Bålsta är 206 km och Karl-Johan Gyllenstorm beräknade körtiden till cirka 142 minuter.,<url><loc>https://pendlings-app1.t-767929534-cloudflare.workers.dev/?fran=Askersund&amp;till=Bålsta</loc><changefreq>monthly</changefreq></url>
Havdhem,Grästorp,959,629,Avståndet mellan Havdhem och Grästorp är 959 km och Karl-Johan Gyllenstorm beräknade körtiden till cirka 629 minuter.,<url><loc>https://pendlings-app1.t-767929534-cloudflare.workers.dev/?fran=Havdhem&amp;till=Grästorp</loc><changefreq>monthly</changefreq></url>
Alingsås,Svenljunga,1140,874,Avståndet mellan Alingsås och Svenljunga är 1140 km och Karl-Johan Gyllenstorm beräknade körtiden till cirka 874 minuter.,<url><loc>https://pendlings-app1.t-767929534-cloudflare.workers.dev/?fran=Alingsås&amp;till=Svenljunga</loc><changefreq>monthly</changefreq></url>
Skellefteå,Växjö,1373,885,Avståndet mellan Skellefteå och Växjö är 1373 km och Karl-Johan Gyllenstorm beräknade körtiden till cirka 885 minuter.,<url><loc>https://pendlings-app1.t-767929534-cloudflare.workers.dev/?fran=Skellefteå&amp;till=Växjö</loc><changefreq>monthly</changefreq></url>
Klippan,Charlottenberg,1153,806,Avståndet mellan Klippan och Charlottenberg är 1153 km och Karl-Johan Gyllenstorm beräknade körtiden till cirka 806 minuter.,<url><loc>https://pendlings-app1.t-767929534-cloudflare.workers.dev/?fran=Klippan&amp;till=Charlottenberg</loc><changefreq>monthly</changefreq></url>
Åmål,Grästorp,681,455,Avståndet mellan Åmål och Grästorp är 681 km och Karl-Johan Gyllenstorm beräknade körtiden till cirka 455 minuter.,<url><loc>https://pendlings-app1.t-767929534-cloudflare.workers.dev/?fran=Åmål&amp;till=Grästorp</loc><changefreq>monthly</changefreq></url>
Åmål,Härjedalen,735,530,Avståndet mellan Åmål och Härjedalen är 735 km och Karl-Johan Gyllenstorm beräknade körtiden till cirka 530 minuter.,<url><loc>https://pendlings-app1.t-767929534-cloudflare.workers.dev/?fran=Åmål&amp;till=Härjedalen</loc><changefreq>monthly</changefreq></url>
Mönsterås,Leksand,1213,876,Avståndet mellan Mönsterås och Leksand är 1213 km och Karl-Johan Gyllenstorm beräknade körtiden till cirka 876 minuter.,<url><loc>https://pendlings-app1.t-767929534-cloudflare.workers.dev/?fran=Mönsterås&amp;till=Leksand</loc><changefreq>monthly</changefreq></url>
Östersund,Kalix,982,622,Avståndet mellan Östersund och Kalix är 982 km och Karl-Johan Gyllenstorm beräknade körtiden till cirka 622 minuter.,<url><loc>https://pendlings-app1.t-767929534-cloudflare.workers.dev/?fran=Östersund&amp;till=Kalix</loc><changefreq>monthly</changefreq></url>
Höganäs,Kalix,623,480,Avståndet mellan Höganäs och Kalix är 623 km och Karl-Johan Gyllenstorm beräknade körtiden till cirka 480 minuter.,<url><loc>https://pendlings-app1.t-767929534-cloudflare.workers.dev/?fran=Höganäs&amp;till=Kalix</loc><changefreq>monthly</changefreq></url>
Uddevalla,Uppsala,1402,934,Avståndet mellan Uddevalla och Uppsala är 1402 km och Karl-Johan Gyllenstorm beräknade körtiden till cirka 934 minuter.,<url><loc>https://pendlings-app1.t-767929534-cloudflare.workers.dev/?fran=Uddevalla&amp;till=Uppsala</loc><changefreq>monthly</changefreq></url>
Kungsör,Sollefteå,1037,703,Avståndet mellan Kungsör och Sollefteå är 1037 km och Karl-Johan Gyllenstorm beräknade körtiden till cirka 703 minuter.,<url><loc>https://pendlings-app1.t-767929534-cloudflare.workers.dev/?fran=Kungsör&amp;till=Sollefteå</loc><changefreq>monthly</changefreq></url>
Östersund,Ydre,860,628,Avståndet mellan Östersund och Ydre är 860 km och Karl-Johan Gyllenstorm beräknade körtiden till cirka 628 minuter.,<url><loc>https://pendlings-app1.t-767929534-cloudflare.workers.dev/?fran=Östersund&amp;till=Ydre</loc><changefreq>monthly</changefreq></url>
Mora,Älvsbyn,909,711,Avståndet mellan Mora och Älvsbyn är 909 km och Karl-Johan Gyllenstorm beräknade körtiden till cirka 711 minuter.,<url><loc>https://pendlings-app1.t-767929534-cloudflare.workers.dev/?fran=Mora&amp;till=Älvsbyn</loc><changefreq>monthly</changefreq></url>
Östra Göinge,Hyltebruk,543,351,Avståndet mellan Östra Göinge och Hyltebruk är 543 km och Karl-Johan Gyllenstorm beräknade körtiden till cirka 351 minuter.,<url><loc>https://pendlings-app1.t-767929534-cloudflare.workers.dev/?fran=Östra Göinge&amp;till=Hyltebruk</loc><changefreq>monthly</changefreq></url>
Havdhem,Östersund,706,453,Avståndet mellan Havdhem och Östersund är 706 km och Karl-Johan Gyllenstorm beräknade körtiden till cirka 453 minuter.,<url><loc>https://pendlings-app1.t-767929534-cloudflare.workers.dev/?fran=Havdhem&amp;till=Östersund</loc><changefreq>monthly</changefreq></url>
Tibro,Gällivare,1346,958,Avståndet mellan Tibro och Gällivare är 1346 km och Karl-Johan Gyllenstorm beräknade körtiden till cirka 958 minuter.,<url><loc>https://pendlings-app1.t-767929534-cloudflare.workers.dev/?fran=Tibro&amp;till=Gällivare</loc><changefreq>monthly</changefreq></url>
Oxelösund,Boden,1129,734,Avståndet mellan Oxelösund och Boden är 1129 km och Karl-Johan Gyllenstorm beräknade körtiden till cirka 734 minuter.,<url><loc>https://pendlings-app1.t-767929534-cloudflare.workers.dev/?fran=Oxelösund&amp;till=Boden</loc><changefreq>monthly</changefreq></url>
Nordanstig,Kungsör,361,233,Avståndet mellan Nordanstig och Kungsör är 361 km och Karl-Johan Gyllenstorm beräknade körtiden till cirka 233 minuter.,<url><loc>https://pendlings-app1.t-767929534-cloudflare.workers.dev/?fran=Nordanstig&amp;till=Kungsör</loc><changefreq>monthly</changefreq></url>
Älvdalen,Vibble,728,513,Avståndet mellan Älvdalen och Vibble är 728 km och Karl-Johan Gyllenstorm beräknade körtiden till cirka 513 minuter.,<url><loc>https://pendlings-app1.t-767929534-cloudflare.workers.dev/?fran=Älvdalen&amp;till=Vibble</loc><changefreq>monthly</changefreq></url>
Vimmerby,Kalix,1305,1005,Avståndet mellan Vimmerby och Kalix är 1305 km och Karl-Johan Gyllenstorm beräknade körtiden till cirka 1005 minuter.,<url><loc>https://pendlings-app1.t-767929534-cloudflare.workers.dev/?fran=Vimmerby&amp;till=Kalix</loc><changefreq>monthly</changefreq></url>
Kungsbacka,Degerfors,724,506,Avståndet mellan Kungsbacka och Degerfors är 724 km och Karl-Johan Gyllenstorm beräknade körtiden till cirka 506 minuter.,<url><loc>https://pendlings-app1.t-767929534-cloudflare.workers.dev/?fran=Kungsbacka&amp;till=Degerfors</loc><changefreq>monthly</changefreq></url>
Örkelljunga,Filipstad,351,229,Avståndet mellan Örkelljunga och Filipstad är 351 km och Karl-Johan Gyllenstorm beräknade körtiden till cirka 229 minuter.,<url><loc>https://pendlings-app1.t-767929534-cloudflare.workers.dev/?fran=Örkelljunga&amp;till=Filipstad</loc><changefreq>monthly</changefreq></url>
Färgelanda,Gislaved,1199,925,Avståndet mellan Färgelanda och Gislaved är 1199 km och Karl-Johan Gyllenstorm beräknade körtiden till cirka 925 minuter.,<url><loc>https://pendlings-app1.t-767929534-cloudflare.workers.dev/?fran=Färgelanda&amp;till=Gislaved</loc><changefreq>monthly</changefreq></url>
Ödeshög,Östra Göinge,446,292,Avståndet mellan Ödeshög och Östra Göinge är 446 km och Karl-Johan Gyllenstorm beräknade körtiden till cirka 292 minuter.,<url><loc>https://pendlings-app1.t-767929534-cloudflare.workers.dev/?fran=Ödeshög&amp;till=Östra Göinge</loc><changefreq>monthly</changefreq></url>
Kiruna,Åtvidaberg,836,655,Avståndet mellan Kiruna och Åtvidaberg är 836 km och Karl-Johan Gyllenstorm beräknade körtiden till cirka 655 minuter.,<url><loc>https://pendlings-app1.t-767929534-cloudflare.workers.dev/?fran=Kiruna&amp;till=Åtvidaberg</loc><changefreq>monthly</changefreq></url>
Sölvesborg,Lidköping,883,572,Avståndet mellan Sölvesborg och Lidköping är 883 km och Karl-Johan Gyllenstorm beräknade körtiden till cirka 572 minuter.,<url><loc>https://pendlings-app1.t-767929534-cloudflare.workers.dev/?fran=Sölvesborg&amp;till=Lidköping</loc><changefreq>monthly</changefreq></url>
Övertorneå,Åtvidaberg,1051,734,Avståndet mellan Övertorneå och Åtvidaberg är 1051 km och Karl-Johan Gyllenstorm beräknade körtiden till cirka 734 minuter.,<url><loc>https://pendlings-app1.t-767929534-cloudflare.workers.dev/?fran=Övertorneå&amp;till=Åtvidaberg</loc><changefreq>monthly</changefreq></url>
Svedala,Laholm,1089,848,Avståndet mellan Svedala och Laholm är 1089 km och Karl-Johan Gyllenstorm beräknade körtiden till cirka 848 minuter.,<url><loc>https://pendlings-app1.t-767929534-cloudflare.workers.dev/?fran=Svedala&amp;till=Laholm</loc><changefreq>monthly</changefreq></url>
Götene,Kungsbacka,33,25,Avståndet mellan Götene och Kungsbacka är 33 km och Karl-Johan Gyllenstorm beräknade körtiden till cirka 25 minuter.,<url><loc>https://pendlings-app1.t-767929534-cloudflare.workers.dev/?fran=Götene&amp;till=Kungsbacka</loc><changefreq>monthly</changefreq></url>
Skövde,Falun,1152,783,Avståndet mellan Skövde och Falun är 1152 km och Karl-Johan Gyllenstorm beräknade körtiden till cirka 783 minuter.,<url><loc>https://pendlings-app1.t-767929534-cloudflare.workers.dev/?fran=Skövde&amp;till=Falun</loc><changefreq>monthly</changefreq></url>
Kopparberg,Norberg,362,242,Avståndet mellan Kopparberg och Norberg är 362 km och Karl-Johan Gyllenstorm beräknade körtiden till cirka 242 minuter.,<url><loc>https://pendlings-app1.t-767929534-cloudflare.workers.dev/?fran=Kopparberg&amp;till=Norberg</loc><changefreq>monthly</changefreq></url>
Sorsele,Visby,1425,959,Avståndet mellan Sorsele och Visby är 1425 km och Karl-Johan Gyllenstorm beräknade körtiden till cirka 959 minuter.,<url><loc>https://pendlings-app1.t-767929534-cloudflare.workers.dev/?fran=Sorsele&amp;till=Visby</loc><changefreq>monthly</changefreq></url>
Oskarshamn,Kristianstad,710,502,Avståndet mellan Oskarshamn och Kristianstad är 710 km och Karl-Johan Gyllenstorm beräknade körtiden till cirka 502 minuter.,<url><loc>https://pendlings-app1.t-767929534-cloudflare.workers.dev/?fran=Oskarshamn&amp;till=Kristianstad</loc><changefreq>monthly</changefreq></url>
Boxholm,Eksjö,691,463,Avståndet mellan Boxholm och Eksjö är 691 km och Karl-Johan Gyllenstorm beräknade körtiden till cirka 463 minuter.,<url><loc>https://pendlings-app1.t-767929534-cloudflare.workers.dev/?fran=Boxholm&amp;till=Eksjö</loc><changefreq>monthly</changefreq></url>
Burgsvik,Tranås,789,551,Avståndet mellan Burgsvik och Tranås är 789 km och Karl-Johan Gyllenstorm beräknade körtiden till cirka 551 minuter.,<url><loc>https://pendlings-app1.t-767929534-cloudflare.workers.dev/?fran=Burgsvik&amp;till=Tranås</loc><changefreq>monthly</changefreq></url>
Skara,Härjedalen,833,585,Avståndet mellan Skara och Härjedalen är 833 km och Karl-Johan Gyllenstorm beräknade körtiden till cirka 585 minuter.,<url><loc>https://pendlings-app1.t-767929534-cloudflare.workers.dev/?fran=Skara&amp;till=Härjedalen</loc><changefreq>monthly</changefreq></url>
Båstad,Munkedal,829,627,Avståndet mellan Båstad och Munkedal är 829 km och Karl-Johan Gyllenstorm beräknade körtiden till cirka 627 minuter.,<url><loc>https://pendlings-app1.t-767929534-cloudflare.workers.dev/?fran=Båstad&amp;till=Munkedal</loc><changefreq>monthly</changefreq></url>
Gullspång,Kramfors,744,496,Avståndet mellan Gullspång och Kramfors är 744 km och Karl-Johan Gyllenstorm beräknade körtiden till cirka 496 minuter.,<url><loc>https://pendlings-app1.t-767929534-cloudflare.workers.dev/?fran=Gullspång&amp;till=Kramfors</loc><changefreq>monthly</changefreq></url>
Tomelilla,Kopparberg,1433,955,Avståndet mellan Tomelilla och Kopparberg är 1433 km och Karl-Johan Gyllenstorm beräknade körtiden till cirka 955 minuter.,<url><loc>https://pendlings-app1.t-767929534-cloudflare.workers.dev/?fran=Tomelilla&amp;till=Kopparberg</loc><changefreq>monthly</changefreq></url>
Kristianstad,Gnestad,242,183,Avståndet mellan Kristianstad och Gnestad är 242 km och Karl-Johan Gyllenstorm beräknade körtiden till cirka 183 minuter.,<url><loc>https://pendlings-app1.t-767929534-cloudflare.workers.dev/?fran=Kristianstad&amp;till=Gnestad</loc><changefreq>monthly</changefreq></url>
Bjuv,Nora,1343,958,Avståndet mellan Bjuv och Nora är 1343 km och Karl-Johan Gyllenstorm beräknade körtiden till cirka 958 minuter.,<url><loc>https://pendlings-app1.t-767929534-cloudflare.workers.dev/?fran=Bjuv&amp;till=Nora</loc><changefreq>monthly</changefreq></url>
Storfors,Gimo,1446,934,Avståndet mellan Storfors och Gimo är 1446 km och Karl-Johan Gyllenstorm beräknade körtiden till cirka 934 minuter.,<url><loc>https://pendlings-app1.t-767929534-cloudflare.workers.dev/?fran=Storfors&amp;till=Gimo</loc><changefreq>monthly</changefreq></url>
Mörbylånga,Tanum,410,275,Avståndet mellan Mörbylånga och Tanum är 410 km och Karl-Johan Gyllenstorm beräknade körtiden till cirka 275 minuter.,<url><loc>https://pendlings-app1.t-767929534-cloudflare.workers.dev/?fran=Mörbylånga&amp;till=Tanum</loc><changefreq>monthly</changefreq></url>
Gävle,Norrköping,1058,698,Avståndet mellan Gävle och Norrköping är 1058 km och Karl-Johan Gyllenstorm beräknade körtiden till cirka 698 minuter.,<url><loc>https://pendlings-app1.t-767929534-cloudflare.workers.dev/?fran=Gävle&amp;till=Norrköping</loc><changefreq>monthly</changefreq></url>
Vingåker,Roma,1039,800,Avståndet mellan Vingåker och Roma är 1039 km och Karl-Johan Gyllenstorm beräknade körtiden till cirka 800 minuter.,<url><loc>https://pendlings-app1.t-767929534-cloudflare.workers.dev/?fran=Vingåker&amp;till=Roma</loc><changefreq>monthly</changefreq></url>
Sotenäs,Malå,172,116,Avståndet mellan Sotenäs och Malå är 172 km och Karl-Johan Gyllenstorm beräknade körtiden till cirka 116 minuter.,<url><loc>https://pendlings-app1.t-767929534-cloudflare.workers.dev/?fran=Sotenäs&amp;till=Malå</loc><changefreq>monthly</changefreq></url>
Essunga,Karlstad,652,490,Avståndet mellan Essunga och Karlstad är 652 km och Karl-Johan Gyllenstorm beräknade körtiden till cirka 490 minuter.,<url><loc>https://pendlings-app1.t-767929534-cloudflare.workers.dev/?fran=Essunga&amp;till=Karlstad</loc><changefreq>monthly</changefreq></url>
Södertälje,Huddinge,856,634,Avståndet mellan Södertälje och Huddinge är 856 km och Karl-Johan Gyllenstorm beräknade körtiden till cirka 634 minuter.,<url><loc>https://pendlings-app1.t-767929534-cloudflare.workers.dev/?fran=Södertälje&amp;till=Huddinge</loc><changefreq>monthly</changefreq></url>
Charlottenberg,Södertälje,453,317,Avståndet mellan Charlottenberg och Södertälje är 453 km och Karl-Johan Gyllenstorm beräknade körtiden till cirka 317 minuter.,<url><loc>https://pendlings-app1.t-767929534-cloudflare.workers.dev/?fran=Charlottenberg&amp;till=Södertälje</loc><changefreq>monthly</changefreq></url>
Åmål,Lärbro,222,142,Avståndet mellan Åmål och Lärbro är 222 km och Karl-Johan Gyllenstorm beräknade körtiden till cirka 142 minuter.,<url><loc>https://pendlings-app1.t-767929534-cloudflare.workers.dev/?fran=Åmål&amp;till=Lärbro</loc><changefreq>monthly</changefreq></url>
Vårgårda,Trosa,416,331,Avståndet mellan Vårgårda och Trosa är 416 km och Karl-Johan Gyllenstorm beräknade körtiden till cirka 331 minuter.,<url><loc>https://pendlings-app1.t-767929534-cloudflare.workers.dev/?fran=Vårgårda&amp;till=Trosa</loc><changefreq>monthly</changefreq></url>
Piteå,Skövde,88,65,Avståndet mellan Piteå och Skövde är 88 km och Karl-Johan Gyllenstorm beräknade körtiden till cirka 65 minuter.,<url><loc>https://pendlings-app1.t-767929534-cloudflare.workers.dev/?fran=Piteå&amp;till=Skövde</loc><changefreq>monthly</changefreq></url>
Ydre,Piteå,449,342,Avståndet mellan Ydre och Piteå är 449 km och Karl-Johan Gyllenstorm beräknade körtiden till cirka 342 minuter.,<url><loc>https://pendlings-app1.t-767929534-cloudflare.workers.dev/?fran=Ydre&amp;till=Piteå</loc><changefreq>monthly</changefreq></url>
Karlskrona,Essunga,1418,1113,Avståndet mellan Karlskrona och Essunga är 1418 km och Karl-Johan Gyllenstorm beräknade körtiden till cirka 1113 minuter.,<url><loc>https://pendlings-app1.t-767929534-cloudflare.workers.dev/?fran=Karlskrona&amp;till=Essunga</loc><changefreq>monthly</changefreq></url>
Ängelholm,Bräcke,544,388,Avståndet mellan Ängelholm och Bräcke är 544 km och Karl-Johan Gyllenstorm beräknade körtiden till cirka 388 minuter.,<url><loc>https://pendlings-app1.t-767929534-cloudflare.workers.dev/?fran=Ängelholm&amp;till=Bräcke</loc><changefreq>monthly</changefreq></url>
Ydre,Fårösund,268,193,Avståndet mellan Ydre och Fårösund är 268 km och Karl-Johan Gyllenstorm beräknade körtiden till cirka 193 minuter.,<url><loc>https://pendlings-app1.t-767929534-cloudflare.workers.dev/?fran=Ydre&amp;till=Fårösund</loc><changefreq>monthly</changefreq></url>
Ängelholm,Gnosjö,757,515,Avståndet mellan Ängelholm och Gnosjö är 757 km och Karl-Johan Gyllenstorm beräknade körtiden till cirka 515 minuter.,<url><loc>https://pendlings-app1.t-767929534-cloudflare.workers.dev/?fran=Ängelholm&amp;till=Gnosjö</loc><changefreq>monthly</changefreq></url>
Grums,Storfors,46,31,Avståndet mellan Grums och Storfors är 46 km och Karl-Johan Gyllenstorm beräknade körtiden till cirka 31 minuter.,<url><loc>https://pendlings-app1.t-767929534-cloudflare.workers.dev/?fran=Grums&amp;till=Storfors</loc><changefreq>monthly</changefreq></url>
Hjo,Lekeberg,639,468,Avståndet mellan Hjo och Lekeberg är 639 km och Karl-Johan Gyllenstorm beräknade körtiden till cirka 468 minuter.,<url><loc>https://pendlings-app1.t-767929534-cloudflare.workers.dev/?fran=Hjo&amp;till=Lekeberg</loc><changefreq>monthly</changefreq></url>
Örebro,Tranås,792,600,Avståndet mellan Örebro och Tranås är 792 km och Karl-Johan Gyllenstorm beräknade körtiden till cirka 600 minuter.,<url><loc>https://pendlings-app1.t-767929534-cloudflare.workers.dev/?fran=Örebro&amp;till=Tranås</loc><changefreq>monthly</changefreq></url>
Trelleborg,Bengtsfors,902,619,Avståndet mellan Trelleborg och Bengtsfors är 902 km och Karl-Johan Gyllenstorm beräknade körtiden till cirka 619 minuter.,<url><loc>https://pendlings-app1.t-767929534-cloudflare.workers.dev/?fran=Trelleborg&amp;till=Bengtsfors</loc><changefreq>monthly</changefreq></url>
Arboga,Haparanda,1004,687,Avståndet mellan Arboga och Haparanda är 1004 km och Karl-Johan Gyllenstorm beräknade körtiden till cirka 687 minuter.,<url><loc>https://pendlings-app1.t-767929534-cloudflare.workers.dev/?fran=Arboga&amp;till=Haparanda</loc><changefreq>monthly</changefreq></url>
Gullspång,Åre,1240,981,Avståndet mellan Gullspång och Åre är 1240 km och Karl-Johan Gyllenstorm beräknade körtiden till cirka 981 minuter.,<url><loc>https://pendlings-app1.t-767929534-cloudflare.workers.dev/?fran=Gullspång&amp;till=Åre</loc><changefreq>monthly</changefreq></url>
Hedemora,Örebro,1031,654,Avståndet mellan Hedemora och Örebro är 1031 km och Karl-Johan Gyllenstorm beräknade körtiden till cirka 654 minuter.,<url><loc>https://pendlings-app1.t-767929534-cloudflare.workers.dev/?fran=Hedemora&amp;till=Örebro</loc><changefreq>monthly</changefreq></url>
Eda,Västerås,1048,773,Avståndet mellan Eda och Västerås är 1048 km och Karl-Johan Gyllenstorm beräknade körtiden till cirka 773 minuter.,<url><loc>https://pendlings-app1.t-767929534-cloudflare.workers.dev/?fran=Eda&amp;till=Västerås</loc><changefreq>monthly</changefreq></url>
Töreboda,Arboga,88,66,Avståndet mellan Töreboda och Arboga är 88 km och Karl-Johan Gyllenstorm beräknade körtiden till cirka 66 minuter.,<url><loc>https://pendlings-app1.t-767929534-cloudflare.workers.dev/?fran=Töreboda&amp;till=Arboga</loc><changefreq>monthly</changefreq></url>
Sävsjö,Skara,994,647,Avståndet mellan Sävsjö och Skara är 994 km och Karl-Johan Gyllenstorm beräknade körtiden till cirka 647 minuter.,<url><loc>https://pendlings-app1.t-767929534-cloudflare.workers.dev/?fran=Sävsjö&amp;till=Skara</loc><changefreq>monthly</changefreq></url>
Karlskrona,Linköping,810,540,Avståndet mellan Karlskrona och Linköping är 810 km och Karl-Johan Gyllenstorm beräknade körtiden till cirka 540 minuter.,<url><loc>https://pendlings-app1.t-767929534-cloudflare.workers.dev/?fran=Karlskrona&amp;till=Linköping</loc><changefreq>monthly</changefreq></url>
Stånga,Hallstahammar,225,162,Avståndet mellan Stånga och Hallstahammar är 225 km och Karl-Johan Gyllenstorm beräknade körtiden till cirka 162 minuter.,<url><loc>https://pendlings-app1.t-767929534-cloudflare.workers.dev/?fran=Stånga&amp;till=Hallstahammar</loc><changefreq>monthly</changefreq></url>
Bollebygd,Vibble,1227,842,Avståndet mellan Bollebygd och Vibble är 1227 km och Karl-Johan Gyllenstorm beräknade körtiden till cirka 842 minuter.,<url><loc>https://pendlings-app1.t-767929534-cloudflare.workers.dev/?fran=Bollebygd&amp;till=Vibble</loc><changefreq>monthly</changefreq></url>
Sala,Katrineholm,743,474,Avståndet mellan Sala och Katrineholm är 743 km och Karl-Johan Gyllenstorm beräknade körtiden till cirka 474 minuter.,<url><loc>https://pendlings-app1.t-767929534-cloudflare.workers.dev/?fran=Sala&amp;till=Katrineholm</loc><changefreq>monthly</changefreq></url>
Östersund,Vansbro,1427,1010,Avståndet mellan Östersund och Vansbro är 1427 km och Karl-Johan Gyllenstorm beräknade körtiden till cirka 1010 minuter.,<url><loc>https://pendlings-app1.t-767929534-cloudflare.workers.dev/?fran=Östersund&amp;till=Vansbro</loc><changefreq>monthly</changefreq></url>
Lindesberg,Visby,80,58,Avståndet mellan Lindesberg och Visby är 80 km och Karl-Johan Gyllenstorm beräknade körtiden till cirka 58 minuter.,<url><loc>https://pendlings-app1.t-767929534-cloudflare.workers.dev/?fran=Lindesberg&amp;till=Visby</loc><changefreq>monthly</changefreq></url>
Karlstad,Nora,1023,681,Avståndet mellan Karlstad och Nora är 1023 km och Karl-Johan Gyllenstorm beräknade körtiden till cirka 681 minuter.,<url><loc>https://pendlings-app1.t-767929534-cloudflare.workers.dev/?fran=Karlstad&amp;till=Nora</loc><changefreq>monthly</changefreq></url>
Fagersta,Degerfors,202,143,Avståndet mellan Fagersta och Degerfors är 202 km och Karl-Johan Gyllenstorm beräknade körtiden till cirka 143 minuter.,<url><loc>https://pendlings-app1.t-767929534-cloudflare.workers.dev/?fran=Fagersta&amp;till=Degerfors</loc><changefreq>monthly</changefreq></url>
Skara,Lärbro,1138,889,Avståndet mellan Skara och Lärbro är 1138 km och Karl-Johan Gyllenstorm beräknade körtiden till cirka 889 minuter.,<url><loc>https://pendlings-app1.t-767929534-cloudflare.workers.dev/?fran=Skara&amp;till=Lärbro</loc><changefreq>monthly</changefreq></url>
Ragunda,Trosa,527,353,Avståndet mellan Ragunda och Trosa är 527 km och Karl-Johan Gyllenstorm beräknade körtiden till cirka 353 minuter.,<url><loc>https://pendlings-app1.t-767929534-cloudflare.workers.dev/?fran=Ragunda&amp;till=Trosa</loc><changefreq>monthly</changefreq></url>
Sölvesborg,Ulricehamn,1317,846,Avståndet mellan Sölvesborg och Ulricehamn är 1317 km och Karl-Johan Gyllenstorm beräknade körtiden till cirka 846 minuter.,<url><loc>https://pendlings-app1.t-767929534-cloudflare.workers.dev/?fran=Sölvesborg&amp;till=Ulricehamn</loc><changefreq>monthly</changefreq></url>
Bräcke,Östra Göinge,956,694,Avståndet mellan Bräcke och Östra Göinge är 956 km och Karl-Johan Gyllenstorm beräknade körtiden till cirka 694 minuter.,<url><loc>https://pendlings-app1.t-767929534-cloudflare.workers.dev/?fran=Bräcke&amp;till=Östra Göinge</loc><changefreq>monthly</changefreq></url>
Laxå,Lekeberg,715,537,Avståndet mellan Laxå och Lekeberg är 715 km och Karl-Johan Gyllenstorm beräknade körtiden till cirka 537 minuter.,<url><loc>https://pendlings-app1.t-767929534-cloudflare.workers.dev/?fran=Laxå&amp;till=Lekeberg</loc><changefreq>monthly</changefreq></url>
Håbo,Oskarshamn,986,782,Avståndet mellan Håbo och Oskarshamn är 986 km och Karl-Johan Gyllenstorm beräknade körtiden till cirka 782 minuter.,<url><loc>https://pendlings-app1.t-767929534-cloudflare.workers.dev/?fran=Håbo&amp;till=Oskarshamn</loc><changefreq>monthly</changefreq></url>
Sandviken,Västervik,659,459,Avståndet mellan Sandviken och Västervik är 659 km och Karl-Johan Gyllenstorm beräknade körtiden till cirka 459 minuter.,<url><loc>https://pendlings-app1.t-767929534-cloudflare.workers.dev/?fran=Sandviken&amp;till=Västervik</loc><changefreq>monthly</changefreq></url>
Säffle,Sala,949,718,Avståndet mellan Säffle och Sala är 949 km och Karl-Johan Gyllenstorm beräknade körtiden till cirka 718 minuter.,<url><loc>https://pendlings-app1.t-767929534-cloudflare.workers.dev/?fran=Säffle&amp;till=Sala</loc><changefreq>monthly</changefreq></url>
Högsby,Nordanstig,865,675,Avståndet mellan Högsby och Nordanstig är 865 km och Karl-Johan Gyllenstorm beräknade körtiden till cirka 675 minuter.,<url><loc>https://pendlings-app1.t-767929534-cloudflare.workers.dev/?fran=Högsby&amp;till=Nordanstig</loc><changefreq>monthly</changefreq></url>
Karlsborg,Kinda,1425,1102,Avståndet mellan Karlsborg och Kinda är 1425 km och Karl-Johan Gyllenstorm beräknade körtiden till cirka 1102 minuter.,<url><loc>https://pendlings-app1.t-767929534-cloudflare.workers.dev/?fran=Karlsborg&amp;till=Kinda</loc><changefreq>monthly</changefreq></url>
Värnamo,Vadstena,1407,932,Avståndet mellan Värnamo och Vadstena är 1407 km och Karl-Johan Gyllenstorm beräknade körtiden till cirka 932 minuter.,<url><loc>https://pendlings-app1.t-767929534-cloudflare.workers.dev/?fran=Värnamo&amp;till=Vadstena</loc><changefreq>monthly</changefreq></url>
Staffanstorp,Mark,1061,759,Avståndet mellan Staffanstorp och Mark är 1061 km och Karl-Johan Gyllenstorm beräknade körtiden till cirka 759 minuter.,<url><loc>https://pendlings-app1.t-767929534-cloudflare.workers.dev/?fran=Staffanstorp&amp;till=Mark</loc><changefreq>monthly</changefreq></url>
Tranemo,Luleå,1053,804,Avståndet mellan Tranemo och Luleå är 1053 km och Karl-Johan Gyllenstorm beräknade körtiden till cirka 804 minuter.,<url><loc>https://pendlings-app1.t-767929534-cloudflare.workers.dev/?fran=Tranemo&amp;till=Luleå</loc><changefreq>monthly</changefreq></url>
Örnsköldsvik,Oxelösund,587,396,Avståndet mellan Örnsköldsvik och Oxelösund är 587 km och Karl-Johan Gyllenstorm beräknade körtiden till cirka 396 minuter.,<url><loc>https://pendlings-app1.t-767929534-cloudflare.workers.dev/?fran=Örnsköldsvik&amp;till=Oxelösund</loc><changefreq>monthly</changefreq></url>
Borås,Bräcke,819,540,Avståndet mellan Borås och Bräcke är 819 km och Karl-Johan Gyllenstorm beräknade körtiden till cirka 540 minuter.,<url><loc>https://pendlings-app1.t-767929534-cloudflare.workers.dev/?fran=Borås&amp;till=Bräcke</loc><changefreq>monthly</changefreq></url>
Hyltebruk,Kalix,1122,764,Avståndet mellan Hyltebruk och Kalix är 1122 km och Karl-Johan Gyllenstorm beräknade körtiden till cirka 764 minuter.,<url><loc>https://pendlings-app1.t-767929534-cloudflare.workers.dev/?fran=Hyltebruk&amp;till=Kalix</loc><changefreq>monthly</changefreq></url>
Köping,Degerfors,124,93,Avståndet mellan Köping och Degerfors är 124 km och Karl-Johan Gyllenstorm beräknade körtiden till cirka 93 minuter.,<url><loc>https://pendlings-app1.t-767929534-cloudflare.workers.dev/?fran=Köping&amp;till=Degerfors</loc><changefreq>monthly</changefreq></url>
Landskrona,Arvidsjaur,265,179,Avståndet mellan Landskrona och Arvidsjaur är 265 km och Karl-Johan Gyllenstorm beräknade körtiden till cirka 179 minuter.,<url><loc>https://pendlings-app1.t-767929534-cloudflare.workers.dev/?fran=Landskrona&amp;till=Arvidsjaur</loc><changefreq>monthly</changefreq></url>
Köping,Sölvesborg,1030,787,Avståndet mellan Köping och Sölvesborg är 1030 km och Karl-Johan Gyllenstorm beräknade körtiden till cirka 787 minuter.,<url><loc>https://pendlings-app1.t-767929534-cloudflare.workers.dev/?fran=Köping&amp;till=Sölvesborg</loc><changefreq>monthly</changefreq></url>
Västervik,Vansbro,950,705,Avståndet mellan Västervik och Vansbro är 950 km och Karl-Johan Gyllenstorm beräknade körtiden till cirka 705 minuter.,<url><loc>https://pendlings-app1.t-767929534-cloudflare.workers.dev/?fran=Västervik&amp;till=Vansbro</loc><changefreq>monthly</changefreq></url>
Malmö,Stockholm,358,283,Avståndet mellan Malmö och Stockholm är 358 km och Karl-Johan Gyllenstorm beräknade körtiden till cirka 283 minuter.,<url><loc>https://pendlings-app1.t-767929534-cloudflare.workers.dev/?fran=Malmö&amp;till=Stockholm</loc><changefreq>monthly</changefreq></url>
Perstorp,Smedjebacken,1256,923,Avståndet mellan Perstorp och Smedjebacken är 1256 km och Karl-Johan Gyllenstorm beräknade körtiden till cirka 923 minuter.,<url><loc>https://pendlings-app1.t-767929534-cloudflare.workers.dev/?fran=Perstorp&amp;till=Smedjebacken</loc><changefreq>monthly</changefreq></url>
Hyltebruk,Ydre,249,168,Avståndet mellan Hyltebruk och Ydre är 249 km och Karl-Johan Gyllenstorm beräknade körtiden till cirka 168 minuter.,<url><loc>https://pendlings-app1.t-767929534-cloudflare.workers.dev/?fran=Hyltebruk&amp;till=Ydre</loc><changefreq>monthly</changefreq></url>
Värnamo,Täby,182,138,Avståndet mellan Värnamo och Täby är 182 km och Karl-Johan Gyllenstorm beräknade körtiden till cirka 138 minuter.,<url><loc>https://pendlings-app1.t-767929534-cloudflare.workers.dev/?fran=Värnamo&amp;till=Täby</loc><changefreq>monthly</changefreq></url>
Skutskär,Värnamo,1020,765,Avståndet mellan Skutskär och Värnamo är 1020 km och Karl-Johan Gyllenstorm beräknade körtiden till cirka 765 minuter.,<url><loc>https://pendlings-app1.t-767929534-cloudflare.workers.dev/?fran=Skutskär&amp;till=Värnamo</loc><changefreq>monthly</changefreq></url>
Borgholm,Lekeberg,818,542,Avståndet mellan Borgholm och Lekeberg är 818 km och Karl-Johan Gyllenstorm beräknade körtiden till cirka 542 minuter.,<url><loc>https://pendlings-app1.t-767929534-cloudflare.workers.dev/?fran=Borgholm&amp;till=Lekeberg</loc><changefreq>monthly</changefreq></url>
Vansbro,Håbo,1364,879,Avståndet mellan Vansbro och Håbo är 1364 km och Karl-Johan Gyllenstorm beräknade körtiden till cirka 879 minuter.,<url><loc>https://pendlings-app1.t-767929534-cloudflare.workers.dev/?fran=Vansbro&amp;till=Håbo</loc><changefreq>monthly</changefreq></url>
Havdhem,Örebro,796,629,Avståndet mellan Havdhem och Örebro är 796 km och Karl-Johan Gyllenstorm beräknade körtiden till cirka 629 minuter.,<url><loc>https://pendlings-app1.t-767929534-cloudflare.workers.dev/?fran=Havdhem&amp;till=Örebro</loc><changefreq>monthly</changefreq></url>
Kinda,Falun,399,301,Avståndet mellan Kinda och Falun är 399 km och Karl-Johan Gyllenstorm beräknade körtiden till cirka 301 minuter.,<url><loc>https://pendlings-app1.t-767929534-cloudflare.workers.dev/?fran=Kinda&amp;till=Falun</loc><changefreq>monthly</changefreq></url>
Svedala,Bjuv,1423,985,Avståndet mellan Svedala och Bjuv är 1423 km och Karl-Johan Gyllenstorm beräknade körtiden till cirka 985 minuter.,<url><loc>https://pendlings-app1.t-767929534-cloudflare.workers.dev/?fran=Svedala&amp;till=Bjuv</loc><changefreq>monthly</changefreq></url>
Norberg,Vetlanda,1035,780,Avståndet mellan Norberg och Vetlanda är 1035 km och Karl-Johan Gyllenstorm beräknade körtiden till cirka 780 minuter.,<url><loc>https://pendlings-app1.t-767929534-cloudflare.workers.dev/?fran=Norberg&amp;till=Vetlanda</loc><changefreq>monthly</changefreq></url>
Norsjö,Jönköping,935,615,Avståndet mellan Norsjö och Jönköping är 935 km och Karl-Johan Gyllenstorm beräknade körtiden till cirka 615 minuter.,<url><loc>https://pendlings-app1.t-767929534-cloudflare.workers.dev/?fran=Norsjö&amp;till=Jönköping</loc><changefreq>monthly</changefreq></url>
Tierp,Borås,262,204,Avståndet mellan Tierp och Borås är 262 km och Karl-Johan Gyllenstorm beräknade körtiden till cirka 204 minuter.,<url><loc>https://pendlings-app1.t-767929534-cloudflare.workers.dev/?fran=Tierp&amp;till=Borås</loc><changefreq>monthly</changefreq></url>
Ånge,Piteå,310,240,Avståndet mellan Ånge och Piteå är 310 km och Karl-Johan Gyllenstorm beräknade körtiden till cirka 240 minuter.,<url><loc>https://pendlings-app1.t-767929534-cloudflare.workers.dev/?fran=Ånge&amp;till=Piteå</loc><changefreq>monthly</changefreq></url>
Karlshamn,Lomma,1264,879,Avståndet mellan Karlshamn och Lomma är 1264 km och Karl-Johan Gyllenstorm beräknade körtiden till cirka 879 minuter.,<url><loc>https://pendlings-app1.t-767929534-cloudflare.workers.dev/?fran=Karlshamn&amp;till=Lomma</loc><changefreq>monthly</changefreq></url>
Linköping,Sandviken,922,651,Avståndet mellan Linköping och Sandviken är 922 km och Karl-Johan Gyllenstorm beräknade körtiden till cirka 651 minuter.,<url><loc>https://pendlings-app1.t-767929534-cloudflare.workers.dev/?fran=Linköping&amp;till=Sandviken</loc><changefreq>monthly</changefreq></url>
Sveg,Filipstad,905,720,Avståndet mellan Sveg och Filipstad är 905 km och Karl-Johan Gyllenstorm beräknade körtiden till cirka 720 minuter.,<url><loc>https://pendlings-app1.t-767929534-cloudflare.workers.dev/?fran=Sveg&amp;till=Filipstad</loc><changefreq>monthly</changefreq></url>
Lomma,Sotenäs,1100,710,Avståndet mellan Lomma och Sotenäs är 1100 km och Karl-Johan Gyllenstorm beräknade körtiden till cirka 710 minuter.,<url><loc>https://pendlings-app1.t-767929534-cloudflare.workers.dev/?fran=Lomma&amp;till=Sotenäs</loc><changefreq>monthly</changefreq></url>
Högsby,Hedemora,779,533,Avståndet mellan Högsby och Hedemora är 779 km och Karl-Johan Gyllenstorm beräknade körtiden till cirka 533 minuter.,<url><loc>https://pendlings-app1.t-767929534-cloudflare.workers.dev/?fran=Högsby&amp;till=Hedemora</loc><changefreq>monthly</changefreq></url>
Östersund,Ljusdal,242,174,Avståndet mellan Östersund och Ljusdal är 242 km och Karl-Johan Gyllenstorm beräknade körtiden till cirka 174 minuter.,<url><loc>https://pendlings-app1.t-767929534-cloudflare.workers.dev/?fran=Östersund&amp;till=Ljusdal</loc><changefreq>monthly</changefreq></url>
Herrljunga,Östersund,93,69,Avståndet mellan Herrljunga och Östersund är 93 km och Karl-Johan Gyllenstorm beräknade körtiden till cirka 69 minuter.,<url><loc>https://pendlings-app1.t-767929534-cloudflare.workers.dev/?fran=Herrljunga&amp;till=Östersund</loc><changefreq>monthly</changefreq></url>
Kramfors,Bromölla,1166,786,Avståndet mellan Kramfors och Bromölla är 1166 km och Karl-Johan Gyllenstorm beräknade körtiden till cirka 786 minuter.,<url><loc>https://pendlings-app1.t-767929534-cloudflare.workers.dev/?fran=Kramfors&amp;till=Bromölla</loc><changefreq>monthly</changefreq></url>
Sotenäs,Strängnäs,162,127,Avståndet mellan Sotenäs och Strängnäs är 162 km och Karl-Johan Gyllenstorm beräknade körtiden till cirka 127 minuter.,<url><loc>https://pendlings-app1.t-767929534-cloudflare.workers.dev/?fran=Sotenäs&amp;till=Strängnäs</loc><changefreq>monthly</changefreq></url>
Färgelanda,Degerfors,563,365,Avståndet mellan Färgelanda och Degerfors är 563 km och Karl-Johan Gyllenstorm beräknade körtiden till cirka 365 minuter.,<url><loc>https://pendlings-app1.t-767929534-cloudflare.workers.dev/?fran=Färgelanda&amp;till=Degerfors</loc><changefreq>monthly</changefreq></url>
Kungsör,Hemse,1386,1012,Avståndet mellan Kungsör och Hemse är 1386 km och Karl-Johan Gyllenstorm beräknade körtiden till cirka 1012 minuter.,<url><loc>https://pendlings-app1.t-767929534-cloudflare.workers.dev/?fran=Kungsör&amp;till=Hemse</loc><changefreq>monthly</changefreq></url>
Ödeshög,Nyköping,846,596,Avståndet mellan Ödeshög och Nyköping är 846 km och Karl-Johan Gyllenstorm beräknade körtiden till cirka 596 minuter.,<url><loc>https://pendlings-app1.t-767929534-cloudflare.workers.dev/?fran=Ödeshög&amp;till=Nyköping</loc><changefreq>monthly</changefreq></url>
Emmaboda,Simrishamn,523,337,Avståndet mellan Emmaboda och Simrishamn är 523 km och Karl-Johan Gyllenstorm beräknade körtiden till cirka 337 minuter.,<url><loc>https://pendlings-app1.t-767929534-cloudflare.workers.dev/?fran=Emmaboda&amp;till=Simrishamn</loc><changefreq>monthly</changefreq></url>
Gävle,Mönsterås,306,237,Avståndet mellan Gävle och Mönsterås är 306 km och Karl-Johan Gyllenstorm beräknade körtiden till cirka 237 minuter.,<url><loc>https://pendlings-app1.t-767929534-cloudflare.workers.dev/?fran=Gävle&amp;till=Mönsterås</loc><changefreq>monthly</changefreq></url>
Sala,Sjöbo,356,278,Avståndet mellan Sala och Sjöbo är 356 km och Karl-Johan Gyllenstorm beräknade körtiden till cirka 278 minuter.,<url><loc>https://pendlings-app1.t-767929534-cloudflare.workers.dev/?fran=Sala&amp;till=Sjöbo</loc><changefreq>monthly</changefreq></url>
Simrishamn,Eksjö,407,277,Avståndet mellan Simrishamn och Eksjö är 407 km och Karl-Johan Gyllenstorm beräknade körtiden till cirka 277 minuter.,<url><loc>https://pendlings-app1.t-767929534-cloudflare.workers.dev/?fran=Simrishamn&amp;till=Eksjö</loc><changefreq>monthly</changefreq></url>
Tibro,Munkfors,938,638,Avståndet mellan Tibro och Munkfors är 938 km och Karl-Johan Gyllenstorm beräknade körtiden till cirka 638 minuter.,<url><loc>https://pendlings-app1.t-767929534-cloudflare.workers.dev/?fran=Tibro&amp;till=Munkfors</loc><changefreq>monthly</changefreq></url>
Kalix,Lund,1143,832,Avståndet mellan Kalix och Lund är 1143 km och Karl-Johan Gyllenstorm beräknade körtiden till cirka 832 minuter.,<url><loc>https://pendlings-app1.t-767929534-cloudflare.workers.dev/?fran=Kalix&amp;till=Lund</loc><changefreq>monthly</changefreq></url>
Kils,Rättvik,563,399,Avståndet mellan Kils och Rättvik är 563 km och Karl-Johan Gyllenstorm beräknade körtiden till cirka 399 minuter.,<url><loc>https://pendlings-app1.t-767929534-cloudflare.workers.dev/?fran=Kils&amp;till=Rättvik</loc><changefreq>monthly</changefreq></url>
Säffle,Nordanstig,1369,1044,Avståndet mellan Säffle och Nordanstig är 1369 km och Karl-Johan Gyllenstorm beräknade körtiden till cirka 1044 minuter.,<url><loc>https://pendlings-app1.t-767929534-cloudflare.workers.dev/?fran=Säffle&amp;till=Nordanstig</loc><changefreq>monthly</changefreq></url>
Falun,Stånga,871,676,Avståndet mellan Falun och Stånga är 871 km och Karl-Johan Gyllenstorm beräknade körtiden till cirka 676 minuter.,<url><loc>https://pendlings-app1.t-767929534-cloudflare.workers.dev/?fran=Falun&amp;till=Stånga</loc><changefreq>monthly</changefreq></url>
Tofta,Eda,106,80,Avståndet mellan Tofta och Eda är 106 km och Karl-Johan Gyllenstorm beräknade körtiden till cirka 80 minuter.,<url><loc>https://pendlings-app1.t-767929534-cloudflare.workers.dev/?fran=Tofta&amp;till=Eda</loc><changefreq>monthly</changefreq></url>
Havdhem,Gimo,326,241,Avståndet mellan Havdhem och Gimo är 326 km och Karl-Johan Gyllenstorm beräknade körtiden till cirka 241 minuter.,<url><loc>https://pendlings-app1.t-767929534-cloudflare.workers.dev/?fran=Havdhem&amp;till=Gimo</loc><changefreq>monthly</changefreq></url>
Degerfors,Karlskrona,825,658,Avståndet mellan Degerfors och Karlskrona är 825 km och Karl-Johan Gyllenstorm beräknade körtiden till cirka 658 minuter.,<url><loc>https://pendlings-app1.t-767929534-cloudflare.workers.dev/?fran=Degerfors&amp;till=Karlskrona</loc><changefreq>monthly</changefreq></url>
Tibro,Ockelbo,147,104,Avståndet mellan Tibro och Ockelbo är 147 km och Karl-Johan Gyllenstorm beräknade körtiden till cirka 104 minuter.,<url><loc>https://pendlings-app1.t-767929534-cloudflare.workers.dev/?fran=Tibro&amp;till=Ockelbo</loc><changefreq>monthly</changefreq></url>
Ystad,Härnösand,49,38,Avståndet mellan Ystad och Härnösand är 49 km och Karl-Johan Gyllenstorm beräknade körtiden till cirka 38 minuter.,<url><loc>https://pendlings-app1.t-767929534-cloudflare.workers.dev/?fran=Ystad&amp;till=Härnösand</loc><changefreq>monthly</changefreq></url>
Nybro,Kinda,1388,1037,Avståndet mellan Nybro och Kinda är 1388 km och Karl-Johan Gyllenstorm beräknade körtiden till cirka 1037 minuter.,<url><loc>https://pendlings-app1.t-767929534-cloudflare.workers.dev/?fran=Nybro&amp;till=Kinda</loc><changefreq>monthly</changefreq></url>
Kristinehamn,Bollebygd,1111,887,Avståndet mellan Kristinehamn och Bollebygd är 1111 km och Karl-Johan Gyllenstorm beräknade körtiden till cirka 887 minuter.,<url><loc>https://pendlings-app1.t-767929534-cloudflare.workers.dev/?fran=Kristinehamn&amp;till=Bollebygd</loc><changefreq>monthly</changefreq></url>
Skövde,Storuman,305,225,Avståndet mellan Skövde och Storuman är 305 km och Karl-Johan Gyllenstorm beräknade körtiden till cirka 225 minuter.,<url><loc>https://pendlings-app1.t-767929534-cloudflare.workers.dev/?fran=Skövde&amp;till=Storuman</loc><changefreq>monthly</changefreq></url>
Surahammar,Tierp,524,341,Avståndet mellan Surahammar och Tierp är 524 km och Karl-Johan Gyllenstorm beräknade körtiden till cirka 341 minuter.,<url><loc>https://pendlings-app1.t-767929534-cloudflare.workers.dev/?fran=Surahammar&amp;till=Tierp</loc><changefreq>monthly</changefreq></url>
Strömstad,Trollhättan,462,352,Avståndet mellan Strömstad och Trollhättan är 462 km och Karl-Johan Gyllenstorm beräknade körtiden till cirka 352 minuter.,<url><loc>https://pendlings-app1.t-767929534-cloudflare.workers.dev/?fran=Strömstad&amp;till=Trollhättan</loc><changefreq>monthly</changefreq></url>
Eda,Mark,997,707,Avståndet mellan Eda och Mark är 997 km och Karl-Johan Gyllenstorm beräknade körtiden till cirka 707 minuter.,<url><loc>https://pendlings-app1.t-767929534-cloudflare.workers.dev/?fran=Eda&amp;till=Mark</loc><changefreq>monthly</changefreq></url>
Roma,Stockholm,463,361,Avståndet mellan Roma och Stockholm är 463 km och Karl-Johan Gyllenstorm beräknade körtiden till cirka 361 minuter.,<url><loc>https://pendlings-app1.t-767929534-cloudflare.workers.dev/?fran=Roma&amp;till=Stockholm</loc><changefreq>monthly</changefreq></url>
Tranås,Vansbro,819,571,Avståndet mellan Tranås och Vansbro är 819 km och Karl-Johan Gyllenstorm beräknade körtiden till cirka 571 minuter.,<url><loc>https://pendlings-app1.t-767929534-cloudflare.workers.dev/?fran=Tranås&amp;till=Vansbro</loc><changefreq>monthly</changefreq></url>
Oskarshamn,Hemse,1309,915,Avståndet mellan Oskarshamn och Hemse är 1309 km och Karl-Johan Gyllenstorm beräknade körtiden till cirka 915 minuter.,<url><loc>https://pendlings-app1.t-767929534-cloudflare.workers.dev/?fran=Oskarshamn&amp;till=Hemse</loc><changefreq>monthly</changefreq></url>
Burgsvik,Gävle,170,131,Avståndet mellan Burgsvik och Gävle är 170 km och Karl-Johan Gyllenstorm beräknade körtiden till cirka 131 minuter.,<url><loc>https://pendlings-app1.t-767929534-cloudflare.workers.dev/?fran=Burgsvik&amp;till=Gävle</loc><changefreq>monthly</changefreq></url>
Alingsås,Västerås,285,186,Avståndet mellan Alingsås och Västerås är 285 km och Karl-Johan Gyllenstorm beräknade körtiden till cirka 186 minuter.,<url><loc>https://pendlings-app1.t-767929534-cloudflare.workers.dev/?fran=Alingsås&amp;till=Västerås</loc><changefreq>monthly</changefreq></url>
Mönsterås,Luleå,322,209,Avståndet mellan Mönsterås och Luleå är 322 km och Karl-Johan Gyllenstorm beräknade körtiden till cirka 209 minuter.,<url><loc>https://pendlings-app1.t-767929534-cloudflare.workers.dev/?fran=Mönsterås&amp;till=Luleå</loc><changefreq>monthly</changefreq></url>
Leksand,Värnamo,164,116,Avståndet mellan Leksand och Värnamo är 164 km och Karl-Johan Gyllenstorm beräknade körtiden till cirka 116 minuter.,<url><loc>https://pendlings-app1.t-767929534-cloudflare.workers.dev/?fran=Leksand&amp;till=Värnamo</loc><changefreq>monthly</changefreq></url>
Skövde,Övertorneå,173,120,Avståndet mellan Skövde och Övertorneå är 173 km och Karl-Johan Gyllenstorm beräknade körtiden till cirka 120 minuter.,<url><loc>https://pendlings-app1.t-767929534-cloudflare.workers.dev/?fran=Skövde&amp;till=Övertorneå</loc><changefreq>monthly</changefreq></url>
Smedjebacken,Åtvidaberg,530,363,Avståndet mellan Smedjebacken och Åtvidaberg är 530 km och Karl-Johan Gyllenstorm beräknade körtiden till cirka 363 minuter.,<url><loc>https://pendlings-app1.t-767929534-cloudflare.workers.dev/?fran=Smedjebacken&amp;till=Åtvidaberg</loc><changefreq>monthly</changefreq></url>
Tingstäde,Mora,871,569,Avståndet mellan Tingstäde och Mora är 871 km och Karl-Johan Gyllenstorm beräknade körtiden till cirka 569 minuter.,<url><loc>https://pendlings-app1.t-767929534-cloudflare.workers.dev/?fran=Tingstäde&amp;till=Mora</loc><changefreq>monthly</changefreq></url>
Bollebygd,Lomma,765,490,Avståndet mellan Bollebygd och Lomma är 765 km och Karl-Johan Gyllenstorm beräknade körtiden till cirka 490 minuter.,<url><loc>https://pendlings-app1.t-767929534-cloudflare.workers.dev/?fran=Bollebygd&amp;till=Lomma</loc><changefreq>monthly</changefreq></url>
Mariestad,Perstorp,562,406,Avståndet mellan Mariestad och Perstorp är 562 km och Karl-Johan Gyllenstorm beräknade körtiden till cirka 406 minuter.,<url><loc>https://pendlings-app1.t-767929534-cloudflare.workers.dev/?fran=Mariestad&amp;till=Perstorp</loc><changefreq>monthly</changefreq></url>
Kalix,Täby,909,719,Avståndet mellan Kalix och Täby är 909 km och Karl-Johan Gyllenstorm beräknade körtiden till cirka 719 minuter.,<url><loc>https://pendlings-app1.t-767929534-cloudflare.workers.dev/?fran=Kalix&amp;till=Täby</loc><changefreq>monthly</changefreq></url>
Tofta,Falun,681,451,Avståndet mellan Tofta och Falun är 681 km och Karl-Johan Gyllenstorm beräknade körtiden till cirka 451 minuter.,<url><loc>https://pendlings-app1.t-767929534-cloudflare.workers.dev/?fran=Tofta&amp;till=Falun</loc><changefreq>monthly</changefreq></url>
Grums,Örnsköldsvik,81,62,Avståndet mellan Grums och Örnsköldsvik är 81 km och Karl-Johan Gyllenstorm beräknade körtiden till cirka 62 minuter.,<url><loc>https://pendlings-app1.t-767929534-cloudflare.workers.dev/?fran=Grums&amp;till=Örnsköldsvik</loc><changefreq>monthly</changefreq></url>
Älvsbyn,Ockelbo,790,572,Avståndet mellan Älvsbyn och Ockelbo är 790 km och Karl-Johan Gyllenstorm beräknade körtiden till cirka 572 minuter.,<url><loc>https://pendlings-app1.t-767929534-cloudflare.workers.dev/?fran=Älvsbyn&amp;till=Ockelbo</loc><changefreq>monthly</changefreq></url>
Varberg,Kinda,1266,828,Avståndet mellan Varberg och Kinda är 1266 km och Karl-Johan Gyllenstorm beräknade körtiden till cirka 828 minuter.,<url><loc>https://pendlings-app1.t-767929534-cloudflare.workers.dev/?fran=Varberg&amp;till=Kinda</loc><changefreq>monthly</changefreq></url>
Nordanstig,Kungsbacka,485,323,Avståndet mellan Nordanstig och Kungsbacka är 485 km och Karl-Johan Gyllenstorm beräknade körtiden till cirka 323 minuter.,<url><loc>https://pendlings-app1.t-767929534-cloudflare.workers.dev/?fran=Nordanstig&amp;till=Kungsbacka</loc><changefreq>monthly</changefreq></url>
Jönköping,Storuman,285,202,Avståndet mellan Jönköping och Storuman är 285 km och Karl-Johan Gyllenstorm beräknade körtiden till cirka 202 minuter.,<url><loc>https://pendlings-app1.t-767929534-cloudflare.workers.dev/?fran=Jönköping&amp;till=Storuman</loc><changefreq>monthly</changefreq></url>
Karlskoga,Karlstad,1068,691,Avståndet mellan Karlskoga och Karlstad är 1068 km och Karl-Johan Gyllenstorm beräknade körtiden till cirka 691 minuter.,<url><loc>https://pendlings-app1.t-767929534-cloudflare.workers.dev/?fran=Karlskoga&amp;till=Karlstad</loc><changefreq>monthly</changefreq></url>
Falun,Ödeshög,1348,875,Avståndet mellan Falun och Ödeshög är 1348 km och Karl-Johan Gyllenstorm beräknade körtiden till cirka 875 minuter.,<url><loc>https://pendlings-app1.t-767929534-cloudflare.workers.dev/?fran=Falun&amp;till=Ödeshög</loc><changefreq>monthly</changefreq></url>
Tomelilla,Mariestad,1326,1018,Avståndet mellan Tomelilla och Mariestad är 1326 km och Karl-Johan Gyllenstorm beräknade körtiden till cirka 1018 minuter.,<url><loc>https://pendlings-app1.t-767929534-cloudflare.workers.dev/?fran=Tomelilla&amp;till=Mariestad</loc><changefreq>monthly</changefreq></url>
Emmaboda,Åre,1251,879,Avståndet mellan Emmaboda och Åre är 1251 km och Karl-Johan Gyllenstorm beräknade körtiden till cirka 879 minuter.,<url><loc>https://pendlings-app1.t-767929534-cloudflare.workers.dev/?fran=Emmaboda&amp;till=Åre</loc><changefreq>monthly</changefreq></url>
Hagfors,Burgsvik,1043,692,Avståndet mellan Hagfors och Burgsvik är 1043 km och Karl-Johan Gyllenstorm beräknade körtiden till cirka 692 minuter.,<url><loc>https://pendlings-app1.t-767929534-cloudflare.workers.dev/?fran=Hagfors&amp;till=Burgsvik</loc><changefreq>monthly</changefreq></url>
Oskarshamn,Bromölla,911,628,Avståndet mellan Oskarshamn och Bromölla är 911 km och Karl-Johan Gyllenstorm beräknade körtiden till cirka 628 minuter.,<url><loc>https://pendlings-app1.t-767929534-cloudflare.workers.dev/?fran=Oskarshamn&amp;till=Bromölla</loc><changefreq>monthly</changefreq></url>
Höör,Hörby,879,691,Avståndet mellan Höör och Hörby är 879 km och Karl-Johan Gyllenstorm beräknade körtiden till cirka 691 minuter.,<url><loc>https://pendlings-app1.t-767929534-cloudflare.workers.dev/?fran=Höör&amp;till=Hörby</loc><changefreq>monthly</changefreq></url>
Lidköping,Arvidsjaur,198,133,Avståndet mellan Lidköping och Arvidsjaur är 198 km och Karl-Johan Gyllenstorm beräknade körtiden till cirka 133 minuter.,<url><loc>https://pendlings-app1.t-767929534-cloudflare.workers.dev/?fran=Lidköping&amp;till=Arvidsjaur</loc><changefreq>monthly</changefreq></url>
Ydre,Kävlinge,323,214,Avståndet mellan Ydre och Kävlinge är 323 km och Karl-Johan Gyllenstorm beräknade körtiden till cirka 214 minuter.,<url><loc>https://pendlings-app1.t-767929534-cloudflare.workers.dev/?fran=Ydre&amp;till=Kävlinge</loc><changefreq>monthly</changefreq></url>
Norrköping,Surahammar,106,77,Avståndet mellan Norrköping och Surahammar är 106 km och Karl-Johan Gyllenstorm beräknade körtiden till cirka 77 minuter.,<url><loc>https://pendlings-app1.t-767929534-cloudflare.workers.dev/?fran=Norrköping&amp;till=Surahammar</loc><changefreq>monthly</changefreq></url>
Östra Göinge,Värnamo,830,618,Avståndet mellan Östra Göinge och Värnamo är 830 km och Karl-Johan Gyllenstorm beräknade körtiden till cirka 618 minuter.,<url><loc>https://pendlings-app1.t-767929534-cloudflare.workers.dev/?fran=Östra Göinge&amp;till=Värnamo</loc><changefreq>monthly</changefreq></url>
Luleå,Ånge,1356,893,Avståndet mellan Luleå och Ånge är 1356 km och Karl-Johan Gyllenstorm beräknade körtiden till cirka 893 minuter.,<url><loc>https://pendlings-app1.t-767929534-cloudflare.workers.dev/?fran=Luleå&amp;till=Ånge</loc><changefreq>monthly</changefreq></url>
Svenljunga,Hemse,724,536,Avståndet mellan Svenljunga och Hemse är 724 km och Karl-Johan Gyllenstorm beräknade körtiden till cirka 536 minuter.,<url><loc>https://pendlings-app1.t-767929534-cloudflare.workers.dev/?fran=Svenljunga&amp;till=Hemse</loc><changefreq>monthly</changefreq></url>
Ulricehamn,Simrishamn,1121,772,Avståndet mellan Ulricehamn och Simrishamn är 1121 km och Karl-Johan Gyllenstorm beräknade körtiden till cirka 772 minuter.,<url><loc>https://pendlings-app1.t-767929534-cloudflare.workers.dev/?fran=Ulricehamn&amp;till=Simrishamn</loc><changefreq>monthly</changefreq></url>
Avesta,Varberg,656,427,Avståndet mellan Avesta och Varberg är 656 km och Karl-Johan Gyllenstorm beräknade körtiden till cirka 427 minuter.,<url><loc>https://pendlings-app1.t-767929534-cloudflare.workers.dev/?fran=Avesta&amp;till=Varberg</loc><changefreq>monthly</changefreq></url>
Ludvika,Bräcke,987,695,Avståndet mellan Ludvika och Bräcke är 987 km och Karl-Johan Gyllenstorm beräknade körtiden till cirka 695 minuter.,<url><loc>https://pendlings-app1.t-767929534-cloudflare.workers.dev/?fran=Ludvika&amp;till=Bräcke</loc><changefreq>monthly</changefreq></url>
Örebro,Örnsköldsvik,815,542,Avståndet mellan Örebro och Örnsköldsvik är 815 km och Karl-Johan Gyllenstorm beräknade körtiden till cirka 542 minuter.,<url><loc>https://pendlings-app1.t-767929534-cloudflare.workers.dev/?fran=Örebro&amp;till=Örnsköldsvik</loc><changefreq>monthly</changefreq></url>
Ludvika,Gnosjö,1434,991,Avståndet mellan Ludvika och Gnosjö är 1434 km och Karl-Johan Gyllenstorm beräknade körtiden till cirka 991 minuter.,<url><loc>https://pendlings-app1.t-767929534-cloudflare.workers.dev/?fran=Ludvika&amp;till=Gnosjö</loc><changefreq>monthly</changefreq></url>
Vänersborg,Mariestad,1172,752,Avståndet mellan Vänersborg och Mariestad är 1172 km och Karl-Johan Gyllenstorm beräknade körtiden till cirka 752 minuter.,<url><loc>https://pendlings-app1.t-767929534-cloudflare.workers.dev/?fran=Vänersborg&amp;till=Mariestad</loc><changefreq>monthly</changefreq></url>
Åre,Habon,1264,872,Avståndet mellan Åre och Habon är 1264 km och Karl-Johan Gyllenstorm beräknade körtiden till cirka 872 minuter.,<url><loc>https://pendlings-app1.t-767929534-cloudflare.workers.dev/?fran=Åre&amp;till=Habon</loc><changefreq>monthly</changefreq></url>
Avesta,Kils,1200,926,Avståndet mellan Avesta och Kils är 1200 km och Karl-Johan Gyllenstorm beräknade körtiden till cirka 926 minuter.,<url><loc>https://pendlings-app1.t-767929534-cloudflare.workers.dev/?fran=Avesta&amp;till=Kils</loc><changefreq>monthly</changefreq></url>
Ockelbo,Sälen,715,558,Avståndet mellan Ockelbo och Sälen är 715 km och Karl-Johan Gyllenstorm beräknade körtiden till cirka 558 minuter.,<url><loc>https://pendlings-app1.t-767929534-cloudflare.workers.dev/?fran=Ockelbo&amp;till=Sälen</loc><changefreq>monthly</changefreq></url>
Mörbylånga,Håbo,1027,652,Avståndet mellan Mörbylånga och Håbo är 1027 km och Karl-Johan Gyllenstorm beräknade körtiden till cirka 652 minuter.,<url><loc>https://pendlings-app1.t-767929534-cloudflare.workers.dev/?fran=Mörbylånga&amp;till=Håbo</loc><changefreq>monthly</changefreq></url>
Krokom,Sotenäs,1116,785,Avståndet mellan Krokom och Sotenäs är 1116 km och Karl-Johan Gyllenstorm beräknade körtiden till cirka 785 minuter.,<url><loc>https://pendlings-app1.t-767929534-cloudflare.workers.dev/?fran=Krokom&amp;till=Sotenäs</loc><changefreq>monthly</changefreq></url>
Strängnäs,Mullsjö,1318,1037,Avståndet mellan Strängnäs och Mullsjö är 1318 km och Karl-Johan Gyllenstorm beräknade körtiden till cirka 1037 minuter.,<url><loc>https://pendlings-app1.t-767929534-cloudflare.workers.dev/?fran=Strängnäs&amp;till=Mullsjö</loc><changefreq>monthly</changefreq></url>
Fagersta,Eslöv,1313,980,Avståndet mellan Fagersta och Eslöv är 1313 km och Karl-Johan Gyllenstorm beräknade körtiden till cirka 980 minuter.,<url><loc>https://pendlings-app1.t-767929534-cloudflare.workers.dev/?fran=Fagersta&amp;till=Eslöv</loc><changefreq>monthly</changefreq></url>
Sälen,Ed,580,376,Avståndet mellan Sälen och Ed är 580 km och Karl-Johan Gyllenstorm beräknade körtiden till cirka 376 minuter.,<url><loc>https://pendlings-app1.t-767929534-cloudflare.workers.dev/?fran=Sälen&amp;till=Ed</loc><changefreq>monthly</changefreq></url>
Tranemo,Staffanstorp,1242,874,Avståndet mellan Tranemo och Staffanstorp är 1242 km och Karl-Johan Gyllenstorm beräknade körtiden till cirka 874 minuter.,<url><loc>https://pendlings-app1.t-767929534-cloudflare.workers.dev/?fran=Tranemo&amp;till=Staffanstorp</loc><changefreq>monthly</changefreq></url>
Ulricehamn,Kramfors,666,427,Avståndet mellan Ulricehamn och Kramfors är 666 km och Karl-Johan Gyllenstorm beräknade körtiden till cirka 427 minuter.,<url><loc>https://pendlings-app1.t-767929534-cloudflare.workers.dev/?fran=Ulricehamn&amp;till=Kramfors</loc><changefreq>monthly</changefreq></url>
Gävle,Säffle,688,443,Avståndet mellan Gävle och Säffle är 688 km och Karl-Johan Gyllenstorm beräknade körtiden till cirka 443 minuter.,<url><loc>https://pendlings-app1.t-767929534-cloudflare.workers.dev/?fran=Gävle&amp;till=Säffle</loc><changefreq>monthly</changefreq></url>
Borås,Lysekil,1184,901,Avståndet mellan Borås och Lysekil är 1184 km och Karl-Johan Gyllenstorm beräknade körtiden till cirka 901 minuter.,<url><loc>https://pendlings-app1.t-767929534-cloudflare.workers.dev/?fran=Borås&amp;till=Lysekil</loc><changefreq>monthly</changefreq></url>
Västervik,Båstad,652,496,Avståndet mellan Västervik och Båstad är 652 km och Karl-Johan Gyllenstorm beräknade körtiden till cirka 496 minuter.,<url><loc>https://pendlings-app1.t-767929534-cloudflare.workers.dev/?fran=Västervik&amp;till=Båstad</loc><changefreq>monthly</changefreq></url>
Arvidsjaur,Hyltebruk,711,500,Avståndet mellan Arvidsjaur och Hyltebruk är 711 km och Karl-Johan Gyllenstorm beräknade körtiden till cirka 500 minuter.,<url><loc>https://pendlings-app1.t-767929534-cloudflare.workers.dev/?fran=Arvidsjaur&amp;till=Hyltebruk</loc><changefreq>monthly</changefreq></url>
Vingåker,Avesta,867,646,Avståndet mellan Vingåker och Avesta är 867 km och Karl-Johan Gyllenstorm beräknade körtiden till cirka 646 minuter.,<url><loc>https://pendlings-app1.t-767929534-cloudflare.workers.dev/?fran=Vingåker&amp;till=Avesta</loc><changefreq>monthly</changefreq></url>
Grums,Falkenberg,1249,898,Avståndet mellan Grums och Falkenberg är 1249 km och Karl-Johan Gyllenstorm beräknade körtiden till cirka 898 minuter.,<url><loc>https://pendlings-app1.t-767929534-cloudflare.workers.dev/?fran=Grums&amp;till=Falkenberg</loc><changefreq>monthly</changefreq></url>
Gävle,Ydre,1374,1047,Avståndet mellan Gävle och Ydre är 1374 km och Karl-Johan Gyllenstorm beräknade körtiden till cirka 1047 minuter.,<url><loc>https://pendlings-app1.t-767929534-cloudflare.workers.dev/?fran=Gävle&amp;till=Ydre</loc><changefreq>monthly</changefreq></url>
Klippan,Älvsbyn,1280,827,Avståndet mellan Klippan och Älvsbyn är 1280 km och Karl-Johan Gyllenstorm beräknade körtiden till cirka 827 minuter.,<url><loc>https://pendlings-app1.t-767929534-cloudflare.workers.dev/?fran=Klippan&amp;till=Älvsbyn</loc><changefreq>monthly</changefreq></url>
Uddevalla,Ronneby,310,204,Avståndet mellan Uddevalla och Ronneby är 310 km och Karl-Johan Gyllenstorm beräknade körtiden till cirka 204 minuter.,<url><loc>https://pendlings-app1.t-767929534-cloudflare.workers.dev/?fran=Uddevalla&amp;till=Ronneby</loc><changefreq>monthly</changefreq></url>
Ydre,Trelleborg,1434,1064,Avståndet mellan Ydre och Trelleborg är 1434 km och Karl-Johan Gyllenstorm beräknade körtiden till cirka 1064 minuter.,<url><loc>https://pendlings-app1.t-767929534-cloudflare.workers.dev/?fran=Ydre&amp;till=Trelleborg</loc><changefreq>monthly</changefreq></url>
Gävle,Ronehamn,1432,968,Avståndet mellan Gävle och Ronehamn är 1432 km och Karl-Johan Gyllenstorm beräknade körtiden till cirka 968 minuter.,<url><loc>https://pendlings-app1.t-767929534-cloudflare.workers.dev/?fran=Gävle&amp;till=Ronehamn</loc><changefreq>monthly</changefreq></url>
Hörby,Storfors,1136,792,Avståndet mellan Hörby och Storfors är 1136 km och Karl-Johan Gyllenstorm beräknade körtiden till cirka 792 minuter.,<url><loc>https://pendlings-app1.t-767929534-cloudflare.workers.dev/?fran=Hörby&amp;till=Storfors</loc><changefreq>monthly</changefreq></url>
Hemse,Karlskoga,443,292,Avståndet mellan Hemse och Karlskoga är 443 km och Karl-Johan Gyllenstorm beräknade körtiden till cirka 292 minuter.,<url><loc>https://pendlings-app1.t-767929534-cloudflare.workers.dev/?fran=Hemse&amp;till=Karlskoga</loc><changefreq>monthly</changefreq></url>
Strängnäs,Åmål,1216,854,Avståndet mellan Strängnäs och Åmål är 1216 km och Karl-Johan Gyllenstorm beräknade körtiden till cirka 854 minuter.,<url><loc>https://pendlings-app1.t-767929534-cloudflare.workers.dev/?fran=Strängnäs&amp;till=Åmål</loc><changefreq>monthly</changefreq></url>
Motala,Laholm,265,178,Avståndet mellan Motala och Laholm är 265 km och Karl-Johan Gyllenstorm beräknade körtiden till cirka 178 minuter.,<url><loc>https://pendlings-app1.t-767929534-cloudflare.workers.dev/?fran=Motala&amp;till=Laholm</loc><changefreq>monthly</changefreq></url>
Karlskoga,Ronehamn,621,425,Avståndet mellan Karlskoga och Ronehamn är 621 km och Karl-Johan Gyllenstorm beräknade körtiden till cirka 425 minuter.,<url><loc>https://pendlings-app1.t-767929534-cloudflare.workers.dev/?fran=Karlskoga&amp;till=Ronehamn</loc><changefreq>monthly</changefreq></url>
Västerås,Söderköping,446,308,Avståndet mellan Västerås och Söderköping är 446 km och Karl-Johan Gyllenstorm beräknade körtiden till cirka 308 minuter.,<url><loc>https://pendlings-app1.t-767929534-cloudflare.workers.dev/?fran=Västerås&amp;till=Söderköping</loc><changefreq>monthly</changefreq></url>
Luleå,Vetlanda,1322,866,Avståndet mellan Luleå och Vetlanda är 1322 km och Karl-Johan Gyllenstorm beräknade körtiden till cirka 866 minuter.,<url><loc>https://pendlings-app1.t-767929534-cloudflare.workers.dev/?fran=Luleå&amp;till=Vetlanda</loc><changefreq>monthly</changefreq></url>
Knivsta,Tofta,399,258,Avståndet mellan Knivsta och Tofta är 399 km och Karl-Johan Gyllenstorm beräknade körtiden till cirka 258 minuter.,<url><loc>https://pendlings-app1.t-767929534-cloudflare.workers.dev/?fran=Knivsta&amp;till=Tofta</loc><changefreq>monthly</changefreq></url>
Sorsele,Charlottenberg,1042,758,Avståndet mellan Sorsele och Charlottenberg är 1042 km och Karl-Johan Gyllenstorm beräknade körtiden till cirka 758 minuter.,<url><loc>https://pendlings-app1.t-767929534-cloudflare.workers.dev/?fran=Sorsele&amp;till=Charlottenberg</loc><changefreq>monthly</changefreq></url>
Dorotea,Malmö,827,586,Avståndet mellan Dorotea och Malmö är 827 km och Karl-Johan Gyllenstorm beräknade körtiden till cirka 586 minuter.,<url><loc>https://pendlings-app1.t-767929534-cloudflare.workers.dev/?fran=Dorotea&amp;till=Malmö</loc><changefreq>monthly</changefreq></url>
Vänersborg,Kumla,579,371,Avståndet mellan Vänersborg och Kumla är 579 km och Karl-Johan Gyllenstorm beräknade körtiden till cirka 371 minuter.,<url><loc>https://pendlings-app1.t-767929534-cloudflare.workers.dev/?fran=Vänersborg&amp;till=Kumla</loc><changefreq>monthly</changefreq></url>
Värnamo,Ludvika,965,675,Avståndet mellan Värnamo och Ludvika är 965 km och Karl-Johan Gyllenstorm beräknade körtiden till cirka 675 minuter.,<url><loc>https://pendlings-app1.t-767929534-cloudflare.workers.dev/?fran=Värnamo&amp;till=Ludvika</loc><changefreq>monthly</changefreq></url>
Avesta,Örkelljunga,324,243,Avståndet mellan Avesta och Örkelljunga är 324 km och Karl-Johan Gyllenstorm beräknade körtiden till cirka 243 minuter.,<url><loc>https://pendlings-app1.t-767929534-cloudflare.workers.dev/?fran=Avesta&amp;till=Örkelljunga</loc><changefreq>monthly</changefreq></url>
Högsby,Emmaboda,172,129,Avståndet mellan Högsby och Emmaboda är 172 km och Karl-Johan Gyllenstorm beräknade körtiden till cirka 129 minuter.,<url><loc>https://pendlings-app1.t-767929534-cloudflare.workers.dev/?fran=Högsby&amp;till=Emmaboda</loc><changefreq>monthly</changefreq></url>
Hultsfred,Nora,796,523,Avståndet mellan Hultsfred och Nora är 796 km och Karl-Johan Gyllenstorm beräknade körtiden till cirka 523 minuter.,<url><loc>https://pendlings-app1.t-767929534-cloudflare.workers.dev/?fran=Hultsfred&amp;till=Nora</loc><changefreq>monthly</changefreq></url>
Örebro,Falkenberg,830,663,Avståndet mellan Örebro och Falkenberg är 830 km och Karl-Johan Gyllenstorm beräknade körtiden till cirka 663 minuter.,<url><loc>https://pendlings-app1.t-767929534-cloudflare.workers.dev/?fran=Örebro&amp;till=Falkenberg</loc><changefreq>monthly</changefreq></url>
Bengtsfors,Åmål,411,270,Avståndet mellan Bengtsfors och Åmål är 411 km och Karl-Johan Gyllenstorm beräknade körtiden till cirka 270 minuter.,<url><loc>https://pendlings-app1.t-767929534-cloudflare.workers.dev/?fran=Bengtsfors&amp;till=Åmål</loc><changefreq>monthly</changefreq></url>
Sollefteå,Arvidsjaur,546,350,Avståndet mellan Sollefteå och Arvidsjaur är 546 km och Karl-Johan Gyllenstorm beräknade körtiden till cirka 350 minuter.,<url><loc>https://pendlings-app1.t-767929534-cloudflare.workers.dev/?fran=Sollefteå&amp;till=Arvidsjaur</loc><changefreq>monthly</changefreq></url>
Uddevalla,Trelleborg,956,612,Avståndet mellan Uddevalla och Trelleborg är 956 km och Karl-Johan Gyllenstorm beräknade körtiden till cirka 612 minuter.,<url><loc>https://pendlings-app1.t-767929534-cloudflare.workers.dev/?fran=Uddevalla&amp;till=Trelleborg</loc><changefreq>monthly</changefreq></url>
Sala,Luleå,1152,797,Avståndet mellan Sala och Luleå är 1152 km och Karl-Johan Gyllenstorm beräknade körtiden till cirka 797 minuter.,<url><loc>https://pendlings-app1.t-767929534-cloudflare.workers.dev/?fran=Sala&amp;till=Luleå</loc><changefreq>monthly</changefreq></url>
Laholm,Sjöbo,592,417,Avståndet mellan Laholm och Sjöbo är 592 km och Karl-Johan Gyllenstorm beräknade körtiden till cirka 417 minuter.,<url><loc>https://pendlings-app1.t-767929534-cloudflare.workers.dev/?fran=Laholm&amp;till=Sjöbo</loc><changefreq>monthly</changefreq></url>
Svalöv,Alingsås,886,673,Avståndet mellan Svalöv och Alingsås är 886 km och Karl-Johan Gyllenstorm beräknade körtiden till cirka 673 minuter.,<url><loc>https://pendlings-app1.t-767929534-cloudflare.workers.dev/?fran=Svalöv&amp;till=Alingsås</loc><changefreq>monthly</changefreq></url>
Storfors,Svalöv,129,82,Avståndet mellan Storfors och Svalöv är 129 km och Karl-Johan Gyllenstorm beräknade körtiden till cirka 82 minuter.,<url><loc>https://pendlings-app1.t-767929534-cloudflare.workers.dev/?fran=Storfors&amp;till=Svalöv</loc><changefreq>monthly</changefreq></url>
Svenljunga,Ronehamn,1311,831,Avståndet mellan Svenljunga och Ronehamn är 1311 km och Karl-Johan Gyllenstorm beräknade körtiden till cirka 831 minuter.,<url><loc>https://pendlings-app1.t-767929534-cloudflare.workers.dev/?fran=Svenljunga&amp;till=Ronehamn</loc><changefreq>monthly</changefreq></url>
Knivsta,Tibro,1244,967,Avståndet mellan Knivsta och Tibro är 1244 km och Karl-Johan Gyllenstorm beräknade körtiden till cirka 967 minuter.,<url><loc>https://pendlings-app1.t-767929534-cloudflare.workers.dev/?fran=Knivsta&amp;till=Tibro</loc><changefreq>monthly</changefreq></url>
Lomma,Härjedalen,920,667,Avståndet mellan Lomma och Härjedalen är 920 km och Karl-Johan Gyllenstorm beräknade körtiden till cirka 667 minuter.,<url><loc>https://pendlings-app1.t-767929534-cloudflare.workers.dev/?fran=Lomma&amp;till=Härjedalen</loc><changefreq>monthly</changefreq></url>
Bengtsfors,Norberg,269,207,Avståndet mellan Bengtsfors och Norberg är 269 km och Karl-Johan Gyllenstorm beräknade körtiden till cirka 207 minuter.,<url><loc>https://pendlings-app1.t-767929534-cloudflare.workers.dev/?fran=Bengtsfors&amp;till=Norberg</loc><changefreq>monthly</changefreq></url>
Degerfors,Bålsta,276,201,Avståndet mellan Degerfors och Bålsta är 276 km och Karl-Johan Gyllenstorm beräknade körtiden till cirka 201 minuter.,<url><loc>https://pendlings-app1.t-767929534-cloudflare.workers.dev/?fran=Degerfors&amp;till=Bålsta</loc><changefreq>monthly</changefreq></url>
Höör,Avesta,136,108,Avståndet mellan Höör och Avesta är 136 km och Karl-Johan Gyllenstorm beräknade körtiden till cirka 108 minuter.,<url><loc>https://pendlings-app1.t-767929534-cloudflare.workers.dev/?fran=Höör&amp;till=Avesta</loc><changefreq>monthly</changefreq></url>
Tanum,Bengtsfors,168,125,Avståndet mellan Tanum och Bengtsfors är 168 km och Karl-Johan Gyllenstorm beräknade körtiden till cirka 125 minuter.,<url><loc>https://pendlings-app1.t-767929534-cloudflare.workers.dev/?fran=Tanum&amp;till=Bengtsfors</loc><changefreq>monthly</changefreq></url>
Grästorp,Hyltebruk,1148,804,Avståndet mellan Grästorp och Hyltebruk är 1148 km och Karl-Johan Gyllenstorm beräknade körtiden till cirka 804 minuter.,<url><loc>https://pendlings-app1.t-767929534-cloudflare.workers.dev/?fran=Grästorp&amp;till=Hyltebruk</loc><changefreq>monthly</changefreq></url>
Mellerud,Malmö,285,189,Avståndet mellan Mellerud och Malmö är 285 km och Karl-Johan Gyllenstorm beräknade körtiden till cirka 189 minuter.,<url><loc>https://pendlings-app1.t-767929534-cloudflare.workers.dev/?fran=Mellerud&amp;till=Malmö</loc><changefreq>monthly</changefreq></url>
Gagnef,Oxelösund,1431,1029,Avståndet mellan Gagnef och Oxelösund är 1431 km och Karl-Johan Gyllenstorm beräknade körtiden till cirka 1029 minuter.,<url><loc>https://pendlings-app1.t-767929534-cloudflare.workers.dev/?fran=Gagnef&amp;till=Oxelösund</loc><changefreq>monthly</changefreq></url>
Sälen,Varberg,106,69,Avståndet mellan Sälen och Varberg är 106 km och Karl-Johan Gyllenstorm beräknade körtiden till cirka 69 minuter.,<url><loc>https://pendlings-app1.t-767929534-cloudflare.workers.dev/?fran=Sälen&amp;till=Varberg</loc><changefreq>monthly</changefreq></url>
Malung,Ed,1185,933,Avståndet mellan Malung och Ed är 1185 km och Karl-Johan Gyllenstorm beräknade körtiden till cirka 933 minuter.,<url><loc>https://pendlings-app1.t-767929534-cloudflare.workers.dev/?fran=Malung&amp;till=Ed</loc><changefreq>monthly</changefreq></url>
Kungsbacka,Gagnef,253,186,Avståndet mellan Kungsbacka och Gagnef är 253 km och Karl-Johan Gyllenstorm beräknade körtiden till cirka 186 minuter.,<url><loc>https://pendlings-app1.t-767929534-cloudflare.workers.dev/?fran=Kungsbacka&amp;till=Gagnef</loc><changefreq>monthly</changefreq></url>
Vårgårda,Tranemo,1303,875,Avståndet mellan Vårgårda och Tranemo är 1303 km och Karl-Johan Gyllenstorm beräknade körtiden till cirka 875 minuter.,<url><loc>https://pendlings-app1.t-767929534-cloudflare.workers.dev/?fran=Vårgårda&amp;till=Tranemo</loc><changefreq>monthly</changefreq></url>
Surahammar,Smedjebacken,607,436,Avståndet mellan Surahammar och Smedjebacken är 607 km och Karl-Johan Gyllenstorm beräknade körtiden till cirka 436 minuter.,<url><loc>https://pendlings-app1.t-767929534-cloudflare.workers.dev/?fran=Surahammar&amp;till=Smedjebacken</loc><changefreq>monthly</changefreq></url>
Tierp,Nyköping,497,376,Avståndet mellan Tierp och Nyköping är 497 km och Karl-Johan Gyllenstorm beräknade körtiden till cirka 376 minuter.,<url><loc>https://pendlings-app1.t-767929534-cloudflare.workers.dev/?fran=Tierp&amp;till=Nyköping</loc><changefreq>monthly</changefreq></url>
Havdhem,Gällivare,1261,876,Avståndet mellan Havdhem och Gällivare är 1261 km och Karl-Johan Gyllenstorm beräknade körtiden till cirka 876 minuter.,<url><loc>https://pendlings-app1.t-767929534-cloudflare.workers.dev/?fran=Havdhem&amp;till=Gällivare</loc><changefreq>monthly</changefreq></url>
Falun,Lidköping,571,366,Avståndet mellan Falun och Lidköping är 571 km och Karl-Johan Gyllenstorm beräknade körtiden till cirka 366 minuter.,<url><loc>https://pendlings-app1.t-767929534-cloudflare.workers.dev/?fran=Falun&amp;till=Lidköping</loc><changefreq>monthly</changefreq></url>
Uppsala,Norberg,749,489,Avståndet mellan Uppsala och Norberg är 749 km och Karl-Johan Gyllenstorm beräknade körtiden till cirka 489 minuter.,<url><loc>https://pendlings-app1.t-767929534-cloudflare.workers.dev/?fran=Uppsala&amp;till=Norberg</loc><changefreq>monthly</changefreq></url>
Älvdalen,Fagersta,335,266,Avståndet mellan Älvdalen och Fagersta är 335 km och Karl-Johan Gyllenstorm beräknade körtiden till cirka 266 minuter.,<url><loc>https://pendlings-app1.t-767929534-cloudflare.workers.dev/?fran=Älvdalen&amp;till=Fagersta</loc><changefreq>monthly</changefreq></url>
Åre,Älvkarleby,1221,901,Avståndet mellan Åre och Älvkarleby är 1221 km och Karl-Johan Gyllenstorm beräknade körtiden till cirka 901 minuter.,<url><loc>https://pendlings-app1.t-767929534-cloudflare.workers.dev/?fran=Åre&amp;till=Älvkarleby</loc><changefreq>monthly</changefreq></url>
Mellerud,Mark,475,363,Avståndet mellan Mellerud och Mark är 475 km och Karl-Johan Gyllenstorm beräknade körtiden till cirka 363 minuter.,<url><loc>https://pendlings-app1.t-767929534-cloudflare.workers.dev/?fran=Mellerud&amp;till=Mark</loc><changefreq>monthly</changefreq></url>
Boden,Finspång,809,614,Avståndet mellan Boden och Finspång är 809 km och Karl-Johan Gyllenstorm beräknade körtiden till cirka 614 minuter.,<url><loc>https://pendlings-app1.t-767929534-cloudflare.workers.dev/?fran=Boden&amp;till=Finspång</loc><changefreq>monthly</changefreq></url>
Essunga,Båstad,1287,1025,Avståndet mellan Essunga och Båstad är 1287 km och Karl-Johan Gyllenstorm beräknade körtiden till cirka 1025 minuter.,<url><loc>https://pendlings-app1.t-767929534-cloudflare.workers.dev/?fran=Essunga&amp;till=Båstad</loc><changefreq>monthly</changefreq></url>
Dorotea,Piteå,353,276,Avståndet mellan Dorotea och Piteå är 353 km och Karl-Johan Gyllenstorm beräknade körtiden till cirka 276 minuter.,<url><loc>https://pendlings-app1.t-767929534-cloudflare.workers.dev/?fran=Dorotea&amp;till=Piteå</loc><changefreq>monthly</changefreq></url>
Bålsta,Smedjebacken,1282,813,Avståndet mellan Bålsta och Smedjebacken är 1282 km och Karl-Johan Gyllenstorm beräknade körtiden till cirka 813 minuter.,<url><loc>https://pendlings-app1.t-767929534-cloudflare.workers.dev/?fran=Bålsta&amp;till=Smedjebacken</loc><changefreq>monthly</changefreq></url>
Härnösand,Hemse,577,380,Avståndet mellan Härnösand och Hemse är 577 km och Karl-Johan Gyllenstorm beräknade körtiden till cirka 380 minuter.,<url><loc>https://pendlings-app1.t-767929534-cloudflare.workers.dev/?fran=Härnösand&amp;till=Hemse</loc><changefreq>monthly</changefreq></url>
Ed,Kristianstad,280,218,Avståndet mellan Ed och Kristianstad är 280 km och Karl-Johan Gyllenstorm beräknade körtiden till cirka 218 minuter.,<url><loc>https://pendlings-app1.t-767929534-cloudflare.workers.dev/?fran=Ed&amp;till=Kristianstad</loc><changefreq>monthly</changefreq></url>
Katrineholm,Roma,857,647,Avståndet mellan Katrineholm och Roma är 857 km och Karl-Johan Gyllenstorm beräknade körtiden till cirka 647 minuter.,<url><loc>https://pendlings-app1.t-767929534-cloudflare.workers.dev/?fran=Katrineholm&amp;till=Roma</loc><changefreq>monthly</changefreq></url>
Sjöbo,Burgsvik,966,665,Avståndet mellan Sjöbo och Burgsvik är 966 km och Karl-Johan Gyllenstorm beräknade körtiden till cirka 665 minuter.,<url><loc>https://pendlings-app1.t-767929534-cloudflare.workers.dev/?fran=Sjöbo&amp;till=Burgsvik</loc><changefreq>monthly</changefreq></url>
Köping,Täby,380,244,Avståndet mellan Köping och Täby är 380 km och Karl-Johan Gyllenstorm beräknade körtiden till cirka 244 minuter.,<url><loc>https://pendlings-app1.t-767929534-cloudflare.workers.dev/?fran=Köping&amp;till=Täby</loc><changefreq>monthly</changefreq></url>
Götene,Kalix,597,464,Avståndet mellan Götene och Kalix är 597 km och Karl-Johan Gyllenstorm beräknade körtiden till cirka 464 minuter.,<url><loc>https://pendlings-app1.t-767929534-cloudflare.workers.dev/?fran=Götene&amp;till=Kalix</loc><changefreq>monthly</changefreq></url>
Varberg,Götene,514,349,Avståndet mellan Varberg och Götene är 514 km och Karl-Johan Gyllenstorm beräknade körtiden till cirka 349 minuter.,<url><loc>https://pendlings-app1.t-767929534-cloudflare.workers.dev/?fran=Varberg&amp;till=Götene</loc><changefreq>monthly</changefreq></url>
Örebro,Vårgårda,916,635,Avståndet mellan Örebro och Vårgårda är 916 km och Karl-Johan Gyllenstorm beräknade körtiden till cirka 635 minuter.,<url><loc>https://pendlings-app1.t-767929534-cloudflare.workers.dev/?fran=Örebro&amp;till=Vårgårda</loc><changefreq>monthly</changefreq></url>
Tomelilla,Hyltebruk,1253,817,Avståndet mellan Tomelilla och Hyltebruk är 1253 km och Karl-Johan Gyllenstorm beräknade körtiden till cirka 817 minuter.,<url><loc>https://pendlings-app1.t-767929534-cloudflare.workers.dev/?fran=Tomelilla&amp;till=Hyltebruk</loc><changefreq>monthly</changefreq></url>
Bromölla,Kopparberg,938,710,Avståndet mellan Bromölla och Kopparberg är 938 km och Karl-Johan Gyllenstorm beräknade körtiden till cirka 710 minuter.,<url><loc>https://pendlings-app1.t-767929534-cloudflare.workers.dev/?fran=Bromölla&amp;till=Kopparberg</loc><changefreq>monthly</changefreq></url>
Slite,Hörby,230,150,Avståndet mellan Slite och Hörby är 230 km och Karl-Johan Gyllenstorm beräknade körtiden till cirka 150 minuter.,<url><loc>https://pendlings-app1.t-767929534-cloudflare.workers.dev/?fran=Slite&amp;till=Hörby</loc><changefreq>monthly</changefreq></url>
Karlskoga,Vansbro,861,579,Avståndet mellan Karlskoga och Vansbro är 861 km och Karl-Johan Gyllenstorm beräknade körtiden till cirka 579 minuter.,<url><loc>https://pendlings-app1.t-767929534-cloudflare.workers.dev/?fran=Karlskoga&amp;till=Vansbro</loc><changefreq>monthly</changefreq></url>
Göteborg,Eskilstuna,931,716,Avståndet mellan Göteborg och Eskilstuna är 931 km och Karl-Johan Gyllenstorm beräknade körtiden till cirka 716 minuter.,<url><loc>https://pendlings-app1.t-767929534-cloudflare.workers.dev/?fran=Göteborg&amp;till=Eskilstuna</loc><changefreq>monthly</changefreq></url>
Mörbylånga,Tomelilla,812,529,Avståndet mellan Mörbylånga och Tomelilla är 812 km och Karl-Johan Gyllenstorm beräknade körtiden till cirka 529 minuter.,<url><loc>https://pendlings-app1.t-767929534-cloudflare.workers.dev/?fran=Mörbylånga&amp;till=Tomelilla</loc><changefreq>monthly</changefreq></url>
Bålsta,Falköping,803,638,Avståndet mellan Bålsta och Falköping är 803 km och Karl-Johan Gyllenstorm beräknade körtiden till cirka 638 minuter.,<url><loc>https://pendlings-app1.t-767929534-cloudflare.workers.dev/?fran=Bålsta&amp;till=Falköping</loc><changefreq>monthly</changefreq></url>
Laxå,Sala,581,441,Avståndet mellan Laxå och Sala är 581 km och Karl-Johan Gyllenstorm beräknade körtiden till cirka 441 minuter.,<url><loc>https://pendlings-app1.t-767929534-cloudflare.workers.dev/?fran=Laxå&amp;till=Sala</loc><changefreq>monthly</changefreq></url>
Kristianstad,Habon,1403,992,Avståndet mellan Kristianstad och Habon är 1403 km och Karl-Johan Gyllenstorm beräknade körtiden till cirka 992 minuter.,<url><loc>https://pendlings-app1.t-767929534-cloudflare.workers.dev/?fran=Kristianstad&amp;till=Habon</loc><changefreq>monthly</changefreq></url>
Storfors,Munkfors,1098,805,Avståndet mellan Storfors och Munkfors är 1098 km och Karl-Johan Gyllenstorm beräknade körtiden till cirka 805 minuter.,<url><loc>https://pendlings-app1.t-767929534-cloudflare.workers.dev/?fran=Storfors&amp;till=Munkfors</loc><changefreq>monthly</changefreq></url>
Östra Göinge,Tibro,67,47,Avståndet mellan Östra Göinge och Tibro är 67 km och Karl-Johan Gyllenstorm beräknade körtiden till cirka 47 minuter.,<url><loc>https://pendlings-app1.t-767929534-cloudflare.workers.dev/?fran=Östra Göinge&amp;till=Tibro</loc><changefreq>monthly</changefreq></url>
Tierp,Skutskär,1285,932,Avståndet mellan Tierp och Skutskär är 1285 km och Karl-Johan Gyllenstorm beräknade körtiden till cirka 932 minuter.,<url><loc>https://pendlings-app1.t-767929534-cloudflare.workers.dev/?fran=Tierp&amp;till=Skutskär</loc><changefreq>monthly</changefreq></url>
Hagfors,Malå,930,640,Avståndet mellan Hagfors och Malå är 930 km och Karl-Johan Gyllenstorm beräknade körtiden till cirka 640 minuter.,<url><loc>https://pendlings-app1.t-767929534-cloudflare.workers.dev/?fran=Hagfors&amp;till=Malå</loc><changefreq>monthly</changefreq></url>
Munkfors,Götene,788,607,Avståndet mellan Munkfors och Götene är 788 km och Karl-Johan Gyllenstorm beräknade körtiden till cirka 607 minuter.,<url><loc>https://pendlings-app1.t-767929534-cloudflare.workers.dev/?fran=Munkfors&amp;till=Götene</loc><changefreq>monthly</changefreq></url>
Arboga,Sjöbo,183,126,Avståndet mellan Arboga och Sjöbo är 183 km och Karl-Johan Gyllenstorm beräknade körtiden till cirka 126 minuter.,<url><loc>https://pendlings-app1.t-767929534-cloudflare.workers.dev/?fran=Arboga&amp;till=Sjöbo</loc><changefreq>monthly</changefreq></url>
Strömsund,Hällefor,1424,1035,Avståndet mellan Strömsund och Hällefor är 1424 km och Karl-Johan Gyllenstorm beräknade körtiden till cirka 1035 minuter.,<url><loc>https://pendlings-app1.t-767929534-cloudflare.workers.dev/?fran=Strömsund&amp;till=Hällefor</loc><changefreq>monthly</changefreq></url>
Kalix,Ludvika,852,646,Avståndet mellan Kalix och Ludvika är 852 km och Karl-Johan Gyllenstorm beräknade körtiden till cirka 646 minuter.,<url><loc>https://pendlings-app1.t-767929534-cloudflare.workers.dev/?fran=Kalix&amp;till=Ludvika</loc><changefreq>monthly</changefreq></url>
Havdhem,Eskilstuna,668,488,Avståndet mellan Havdhem och Eskilstuna är 668 km och Karl-Johan Gyllenstorm beräknade körtiden till cirka 488 minuter.,<url><loc>https://pendlings-app1.t-767929534-cloudflare.workers.dev/?fran=Havdhem&amp;till=Eskilstuna</loc><changefreq>monthly</changefreq></url>
Kristianstad,Roma,586,440,Avståndet mellan Kristianstad och Roma är 586 km och Karl-Johan Gyllenstorm beräknade körtiden till cirka 440 minuter.,<url><loc>https://pendlings-app1.t-767929534-cloudflare.workers.dev/?fran=Kristianstad&amp;till=Roma</loc><changefreq>monthly</changefreq></url>
Charlottenberg,Mönsterås,620,400,Avståndet mellan Charlottenberg och Mönsterås är 620 km och Karl-Johan Gyllenstorm beräknade körtiden till cirka 400 minuter.,<url><loc>https://pendlings-app1.t-767929534-cloudflare.workers.dev/?fran=Charlottenberg&amp;till=Mönsterås</loc><changefreq>monthly</changefreq></url>
Arboga,Ronehamn,802,553,Avståndet mellan Arboga och Ronehamn är 802 km och Karl-Johan Gyllenstorm beräknade körtiden till cirka 553 minuter.,<url><loc>https://pendlings-app1.t-767929534-cloudflare.workers.dev/?fran=Arboga&amp;till=Ronehamn</loc><changefreq>monthly</changefreq></url>
Tofta,Årjäng,986,628,Avståndet mellan Tofta och Årjäng är 986 km och Karl-Johan Gyllenstorm beräknade körtiden till cirka 628 minuter.,<url><loc>https://pendlings-app1.t-767929534-cloudflare.workers.dev/?fran=Tofta&amp;till=Årjäng</loc><changefreq>monthly</changefreq></url>
Härjedalen,Motala,1430,916,Avståndet mellan Härjedalen och Motala är 1430 km och Karl-Johan Gyllenstorm beräknade körtiden till cirka 916 minuter.,<url><loc>https://pendlings-app1.t-767929534-cloudflare.workers.dev/?fran=Härjedalen&amp;till=Motala</loc><changefreq>monthly</changefreq></url>
Skara,Gällivare,524,358,Avståndet mellan Skara och Gällivare är 524 km och Karl-Johan Gyllenstorm beräknade körtiden till cirka 358 minuter.,<url><loc>https://pendlings-app1.t-767929534-cloudflare.workers.dev/?fran=Skara&amp;till=Gällivare</loc><changefreq>monthly</changefreq></url>
Sotenäs,Gävle,157,112,Avståndet mellan Sotenäs och Gävle är 157 km och Karl-Johan Gyllenstorm beräknade körtiden till cirka 112 minuter.,<url><loc>https://pendlings-app1.t-767929534-cloudflare.workers.dev/?fran=Sotenäs&amp;till=Gävle</loc><changefreq>monthly</changefreq></url>
Nyköping,Vadstena,69,50,Avståndet mellan Nyköping och Vadstena är 69 km och Karl-Johan Gyllenstorm beräknade körtiden till cirka 50 minuter.,<url><loc>https://pendlings-app1.t-767929534-cloudflare.workers.dev/?fran=Nyköping&amp;till=Vadstena</loc><changefreq>monthly</changefreq></url>
Överkalix,Falkenberg,731,534,Avståndet mellan Överkalix och Falkenberg är 731 km och Karl-Johan Gyllenstorm beräknade körtiden till cirka 534 minuter.,<url><loc>https://pendlings-app1.t-767929534-cloudflare.workers.dev/?fran=Överkalix&amp;till=Falkenberg</loc><changefreq>monthly</changefreq></url>
Sala,Båstad,66,47,Avståndet mellan Sala och Båstad är 66 km och Karl-Johan Gyllenstorm beräknade körtiden till cirka 47 minuter.,<url><loc>https://pendlings-app1.t-767929534-cloudflare.workers.dev/?fran=Sala&amp;till=Båstad</loc><changefreq>monthly</changefreq></url>
Övertorneå,Karlskrona,937,603,Avståndet mellan Övertorneå och Karlskrona är 937 km och Karl-Johan Gyllenstorm beräknade körtiden till cirka 603 minuter.,<url><loc>https://pendlings-app1.t-767929534-cloudflare.workers.dev/?fran=Övertorneå&amp;till=Karlskrona</loc><changefreq>monthly</changefreq></url>
Norrköping,Kopparberg,208,149,Avståndet mellan Norrköping och Kopparberg är 208 km och Karl-Johan Gyllenstorm beräknade körtiden till cirka 149 minuter.,<url><loc>https://pendlings-app1.t-767929534-cloudflare.workers.dev/?fran=Norrköping&amp;till=Kopparberg</loc><changefreq>monthly</changefreq></url>
Bålsta,Nordanstig,738,556,Avståndet mellan Bålsta och Nordanstig är 738 km och Karl-Johan Gyllenstorm beräknade körtiden till cirka 556 minuter.,<url><loc>https://pendlings-app1.t-767929534-cloudflare.workers.dev/?fran=Bålsta&amp;till=Nordanstig</loc><changefreq>monthly</changefreq></url>
Jokkmokk,Ystad,775,499,Avståndet mellan Jokkmokk och Ystad är 775 km och Karl-Johan Gyllenstorm beräknade körtiden till cirka 499 minuter.,<url><loc>https://pendlings-app1.t-767929534-cloudflare.workers.dev/?fran=Jokkmokk&amp;till=Ystad</loc><changefreq>monthly</changefreq></url>
Färgelanda,Täby,557,395,Avståndet mellan Färgelanda och Täby är 557 km och Karl-Johan Gyllenstorm beräknade körtiden till cirka 395 minuter.,<url><loc>https://pendlings-app1.t-767929534-cloudflare.workers.dev/?fran=Färgelanda&amp;till=Täby</loc><changefreq>monthly</changefreq></url>
Tofta,Nybro,370,280,Avståndet mellan Tofta och Nybro är 370 km och Karl-Johan Gyllenstorm beräknade körtiden till cirka 280 minuter.,<url><loc>https://pendlings-app1.t-767929534-cloudflare.workers.dev/?fran=Tofta&amp;till=Nybro</loc><changefreq>monthly</changefreq></url>
Lindesberg,Arvika,1224,835,Avståndet mellan Lindesberg och Arvika är 1224 km och Karl-Johan Gyllenstorm beräknade körtiden till cirka 835 minuter.,<url><loc>https://pendlings-app1.t-767929534-cloudflare.workers.dev/?fran=Lindesberg&amp;till=Arvika</loc><changefreq>monthly</changefreq></url>
Essunga,Staffanstorp,1251,877,Avståndet mellan Essunga och Staffanstorp är 1251 km och Karl-Johan Gyllenstorm beräknade körtiden till cirka 877 minuter.,<url><loc>https://pendlings-app1.t-767929534-cloudflare.workers.dev/?fran=Essunga&amp;till=Staffanstorp</loc><changefreq>monthly</changefreq></url>
Lomma,Hudiksvall,425,277,Avståndet mellan Lomma och Hudiksvall är 425 km och Karl-Johan Gyllenstorm beräknade körtiden till cirka 277 minuter.,<url><loc>https://pendlings-app1.t-767929534-cloudflare.workers.dev/?fran=Lomma&amp;till=Hudiksvall</loc><changefreq>monthly</changefreq></url>
Malå,Munkfors,806,588,Avståndet mellan Malå och Munkfors är 806 km och Karl-Johan Gyllenstorm beräknade körtiden till cirka 588 minuter.,<url><loc>https://pendlings-app1.t-767929534-cloudflare.workers.dev/?fran=Malå&amp;till=Munkfors</loc><changefreq>monthly</changefreq></url>
Bengtsfors,Kungsör,493,385,Avståndet mellan Bengtsfors och Kungsör är 493 km och Karl-Johan Gyllenstorm beräknade körtiden till cirka 385 minuter.,<url><loc>https://pendlings-app1.t-767929534-cloudflare.workers.dev/?fran=Bengtsfors&amp;till=Kungsör</loc><changefreq>monthly</changefreq></url>
Skara,Töreboda,350,273,Avståndet mellan Skara och Töreboda är 350 km och Karl-Johan Gyllenstorm beräknade körtiden till cirka 273 minuter.,<url><loc>https://pendlings-app1.t-767929534-cloudflare.workers.dev/?fran=Skara&amp;till=Töreboda</loc><changefreq>monthly</changefreq></url>
Strängnäs,Halmstad,1449,1010,Avståndet mellan Strängnäs och Halmstad är 1449 km och Karl-Johan Gyllenstorm beräknade körtiden till cirka 1010 minuter.,<url><loc>https://pendlings-app1.t-767929534-cloudflare.workers.dev/?fran=Strängnäs&amp;till=Halmstad</loc><changefreq>monthly</changefreq></url>
Stockholm,Tomelilla,537,421,Avståndet mellan Stockholm och Tomelilla är 537 km och Karl-Johan Gyllenstorm beräknade körtiden till cirka 421 minuter.,<url><loc>https://pendlings-app1.t-767929534-cloudflare.workers.dev/?fran=Stockholm&amp;till=Tomelilla</loc><changefreq>monthly</changefreq></url>
Trollhättan,Askersund,547,390,Avståndet mellan Trollhättan och Askersund är 547 km och Karl-Johan Gyllenstorm beräknade körtiden till cirka 390 minuter.,<url><loc>https://pendlings-app1.t-767929534-cloudflare.workers.dev/?fran=Trollhättan&amp;till=Askersund</loc><changefreq>monthly</changefreq></url>
Fagersta,Svedala,625,482,Avståndet mellan Fagersta och Svedala är 625 km och Karl-Johan Gyllenstorm beräknade körtiden till cirka 482 minuter.,<url><loc>https://pendlings-app1.t-767929534-cloudflare.workers.dev/?fran=Fagersta&amp;till=Svedala</loc><changefreq>monthly</changefreq></url>
Lomma,Skutskär,917,683,Avståndet mellan Lomma och Skutskär är 917 km och Karl-Johan Gyllenstorm beräknade körtiden till cirka 683 minuter.,<url><loc>https://pendlings-app1.t-767929534-cloudflare.workers.dev/?fran=Lomma&amp;till=Skutskär</loc><changefreq>monthly</changefreq></url>
Olofström,Grythyttan,405,305,Avståndet mellan Olofström och Grythyttan är 405 km och Karl-Johan Gyllenstorm beräknade körtiden till cirka 305 minuter.,<url><loc>https://pendlings-app1.t-767929534-cloudflare.workers.dev/?fran=Olofström&amp;till=Grythyttan</loc><changefreq>monthly</changefreq></url>
Halmstad,Lomma,663,508,Avståndet mellan Halmstad och Lomma är 663 km och Karl-Johan Gyllenstorm beräknade körtiden till cirka 508 minuter.,<url><loc>https://pendlings-app1.t-767929534-cloudflare.workers.dev/?fran=Halmstad&amp;till=Lomma</loc><changefreq>monthly</changefreq></url>
Jönköping,Karlsborg,161,121,Avståndet mellan Jönköping och Karlsborg är 161 km och Karl-Johan Gyllenstorm beräknade körtiden till cirka 121 minuter.,<url><loc>https://pendlings-app1.t-767929534-cloudflare.workers.dev/?fran=Jönköping&amp;till=Karlsborg</loc><changefreq>monthly</changefreq></url>
Skövde,Södertälje,213,146,Avståndet mellan Skövde och Södertälje är 213 km och Karl-Johan Gyllenstorm beräknade körtiden till cirka 146 minuter.,<url><loc>https://pendlings-app1.t-767929534-cloudflare.workers.dev/?fran=Skövde&amp;till=Södertälje</loc><changefreq>monthly</changefreq></url>
Hudiksvall,Stånga,1197,815,Avståndet mellan Hudiksvall och Stånga är 1197 km och Karl-Johan Gyllenstorm beräknade körtiden till cirka 815 minuter.,<url><loc>https://pendlings-app1.t-767929534-cloudflare.workers.dev/?fran=Hudiksvall&amp;till=Stånga</loc><changefreq>monthly</changefreq></url>
Mjölby,Slite,385,286,Avståndet mellan Mjölby och Slite är 385 km och Karl-Johan Gyllenstorm beräknade körtiden till cirka 286 minuter.,<url><loc>https://pendlings-app1.t-767929534-cloudflare.workers.dev/?fran=Mjölby&amp;till=Slite</loc><changefreq>monthly</changefreq></url>
Malå,Ockelbo,988,632,Avståndet mellan Malå och Ockelbo är 988 km och Karl-Johan Gyllenstorm beräknade körtiden till cirka 632 minuter.,<url><loc>https://pendlings-app1.t-767929534-cloudflare.workers.dev/?fran=Malå&amp;till=Ockelbo</loc><changefreq>monthly</changefreq></url>
Ydre,Sölvesborg,368,277,Avståndet mellan Ydre och Sölvesborg är 368 km och Karl-Johan Gyllenstorm beräknade körtiden till cirka 277 minuter.,<url><loc>https://pendlings-app1.t-767929534-cloudflare.workers.dev/?fran=Ydre&amp;till=Sölvesborg</loc><changefreq>monthly</changefreq></url>
Mjölby,Borgholm,425,293,Avståndet mellan Mjölby och Borgholm är 425 km och Karl-Johan Gyllenstorm beräknade körtiden till cirka 293 minuter.,<url><loc>https://pendlings-app1.t-767929534-cloudflare.workers.dev/?fran=Mjölby&amp;till=Borgholm</loc><changefreq>monthly</changefreq></url>
Bengtsfors,Halmstad,182,143,Avståndet mellan Bengtsfors och Halmstad är 182 km och Karl-Johan Gyllenstorm beräknade körtiden till cirka 143 minuter.,<url><loc>https://pendlings-app1.t-767929534-cloudflare.workers.dev/?fran=Bengtsfors&amp;till=Halmstad</loc><changefreq>monthly</changefreq></url>
Vadstena,Falköping,232,173,Avståndet mellan Vadstena och Falköping är 232 km och Karl-Johan Gyllenstorm beräknade körtiden till cirka 173 minuter.,<url><loc>https://pendlings-app1.t-767929534-cloudflare.workers.dev/?fran=Vadstena&amp;till=Falköping</loc><changefreq>monthly</changefreq></url>
Borlänge,Tofta,391,274,Avståndet mellan Borlänge och Tofta är 391 km och Karl-Johan Gyllenstorm beräknade körtiden till cirka 274 minuter.,<url><loc>https://pendlings-app1.t-767929534-cloudflare.workers.dev/?fran=Borlänge&amp;till=Tofta</loc><changefreq>monthly</changefreq></url>
Grythyttan,Kils,972,678,Avståndet mellan Grythyttan och Kils är 972 km och Karl-Johan Gyllenstorm beräknade körtiden till cirka 678 minuter.,<url><loc>https://pendlings-app1.t-767929534-cloudflare.workers.dev/?fran=Grythyttan&amp;till=Kils</loc><changefreq>monthly</changefreq></url>
Borlänge,Tanum,780,523,Avståndet mellan Borlänge och Tanum är 780 km och Karl-Johan Gyllenstorm beräknade körtiden till cirka 523 minuter.,<url><loc>https://pendlings-app1.t-767929534-cloudflare.workers.dev/?fran=Borlänge&amp;till=Tanum</loc><changefreq>monthly</changefreq></url>
Bjuv,Ludvika,337,236,Avståndet mellan Bjuv och Ludvika är 337 km och Karl-Johan Gyllenstorm beräknade körtiden till cirka 236 minuter.,<url><loc>https://pendlings-app1.t-767929534-cloudflare.workers.dev/?fran=Bjuv&amp;till=Ludvika</loc><changefreq>monthly</changefreq></url>
Nybro,Trollhättan,407,306,Avståndet mellan Nybro och Trollhättan är 407 km och Karl-Johan Gyllenstorm beräknade körtiden till cirka 306 minuter.,<url><loc>https://pendlings-app1.t-767929534-cloudflare.workers.dev/?fran=Nybro&amp;till=Trollhättan</loc><changefreq>monthly</changefreq></url>
Falun,Ystad,42,31,Avståndet mellan Falun och Ystad är 42 km och Karl-Johan Gyllenstorm beräknade körtiden till cirka 31 minuter.,<url><loc>https://pendlings-app1.t-767929534-cloudflare.workers.dev/?fran=Falun&amp;till=Ystad</loc><changefreq>monthly</changefreq></url>
Kumla,Sotenäs,376,250,Avståndet mellan Kumla och Sotenäs är 376 km och Karl-Johan Gyllenstorm beräknade körtiden till cirka 250 minuter.,<url><loc>https://pendlings-app1.t-767929534-cloudflare.workers.dev/?fran=Kumla&amp;till=Sotenäs</loc><changefreq>monthly</changefreq></url>
Karlskoga,Ljusdal,1076,707,Avståndet mellan Karlskoga och Ljusdal är 1076 km och Karl-Johan Gyllenstorm beräknade körtiden till cirka 707 minuter.,<url><loc>https://pendlings-app1.t-767929534-cloudflare.workers.dev/?fran=Karlskoga&amp;till=Ljusdal</loc><changefreq>monthly</changefreq></url>
Munkfors,Jokkmokk,1050,740,Avståndet mellan Munkfors och Jokkmokk är 1050 km och Karl-Johan Gyllenstorm beräknade körtiden till cirka 740 minuter.,<url><loc>https://pendlings-app1.t-767929534-cloudflare.workers.dev/?fran=Munkfors&amp;till=Jokkmokk</loc><changefreq>monthly</changefreq></url>
Hagfors,Hallsberg,141,102,Avståndet mellan Hagfors och Hallsberg är 141 km och Karl-Johan Gyllenstorm beräknade körtiden till cirka 102 minuter.,<url><loc>https://pendlings-app1.t-767929534-cloudflare.workers.dev/?fran=Hagfors&amp;till=Hallsberg</loc><changefreq>monthly</changefreq></url>
Uppsala,Kungsör,367,290,Avståndet mellan Uppsala och Kungsör är 367 km och Karl-Johan Gyllenstorm beräknade körtiden till cirka 290 minuter.,<url><loc>https://pendlings-app1.t-767929534-cloudflare.workers.dev/?fran=Uppsala&amp;till=Kungsör</loc><changefreq>monthly</changefreq></url>
Älvsbyn,Laholm,344,225,Avståndet mellan Älvsbyn och Laholm är 344 km och Karl-Johan Gyllenstorm beräknade körtiden till cirka 225 minuter.,<url><loc>https://pendlings-app1.t-767929534-cloudflare.workers.dev/?fran=Älvsbyn&amp;till=Laholm</loc><changefreq>monthly</changefreq></url>
Vibble,Högsby,520,338,Avståndet mellan Vibble och Högsby är 520 km och Karl-Johan Gyllenstorm beräknade körtiden till cirka 338 minuter.,<url><loc>https://pendlings-app1.t-767929534-cloudflare.workers.dev/?fran=Vibble&amp;till=Högsby</loc><changefreq>monthly</changefreq></url>
Vänersborg,Boden,777,539,Avståndet mellan Vänersborg och Boden är 777 km och Karl-Johan Gyllenstorm beräknade körtiden till cirka 539 minuter.,<url><loc>https://pendlings-app1.t-767929534-cloudflare.workers.dev/?fran=Vänersborg&amp;till=Boden</loc><changefreq>monthly</changefreq></url>
Hofors,Östersund,596,424,Avståndet mellan Hofors och Östersund är 596 km och Karl-Johan Gyllenstorm beräknade körtiden till cirka 424 minuter.,<url><loc>https://pendlings-app1.t-767929534-cloudflare.workers.dev/?fran=Hofors&amp;till=Östersund</loc><changefreq>monthly</changefreq></url>
Båstad,Hallsberg,956,731,Avståndet mellan Båstad och Hallsberg är 956 km och Karl-Johan Gyllenstorm beräknade körtiden till cirka 731 minuter.,<url><loc>https://pendlings-app1.t-767929534-cloudflare.workers.dev/?fran=Båstad&amp;till=Hallsberg</loc><changefreq>monthly</changefreq></url>
Älvkarleby,Enköping,250,168,Avståndet mellan Älvkarleby och Enköping är 250 km och Karl-Johan Gyllenstorm beräknade körtiden till cirka 168 minuter.,<url><loc>https://pendlings-app1.t-767929534-cloudflare.workers.dev/?fran=Älvkarleby&amp;till=Enköping</loc><changefreq>monthly</changefreq></url>
Pajala,Tranemo,356,243,Avståndet mellan Pajala och Tranemo är 356 km och Karl-Johan Gyllenstorm beräknade körtiden till cirka 243 minuter.,<url><loc>https://pendlings-app1.t-767929534-cloudflare.workers.dev/?fran=Pajala&amp;till=Tranemo</loc><changefreq>monthly</changefreq></url>
Visby,Växjö,111,87,Avståndet mellan Visby och Växjö är 111 km och Karl-Johan Gyllenstorm beräknade körtiden till cirka 87 minuter.,<url><loc>https://pendlings-app1.t-767929534-cloudflare.workers.dev/?fran=Visby&amp;till=Växjö</loc><changefreq>monthly</changefreq></url>
Tibro,Motala,797,615,Avståndet mellan Tibro och Motala är 797 km och Karl-Johan Gyllenstorm beräknade körtiden till cirka 615 minuter.,<url><loc>https://pendlings-app1.t-767929534-cloudflare.workers.dev/?fran=Tibro&amp;till=Motala</loc><changefreq>monthly</changefreq></url>
Uddevalla,Sölvesborg,613,437,Avståndet mellan Uddevalla och Sölvesborg är 613 km och Karl-Johan Gyllenstorm beräknade körtiden till cirka 437 minuter.,<url><loc>https://pendlings-app1.t-767929534-cloudflare.workers.dev/?fran=Uddevalla&amp;till=Sölvesborg</loc><changefreq>monthly</changefreq></url>
Hällefor,Strängnäs,1028,697,Avståndet mellan Hällefor och Strängnäs är 1028 km och Karl-Johan Gyllenstorm beräknade körtiden till cirka 697 minuter.,<url><loc>https://pendlings-app1.t-767929534-cloudflare.workers.dev/?fran=Hällefor&amp;till=Strängnäs</loc><changefreq>monthly</changefreq></url>
Tierp,Timrå,833,581,Avståndet mellan Tierp och Timrå är 833 km och Karl-Johan Gyllenstorm beräknade körtiden till cirka 581 minuter.,<url><loc>https://pendlings-app1.t-767929534-cloudflare.workers.dev/?fran=Tierp&amp;till=Timrå</loc><changefreq>monthly</changefreq></url>
Skurup,Östhammar,852,551,Avståndet mellan Skurup och Östhammar är 852 km och Karl-Johan Gyllenstorm beräknade körtiden till cirka 551 minuter.,<url><loc>https://pendlings-app1.t-767929534-cloudflare.workers.dev/?fran=Skurup&amp;till=Östhammar</loc><changefreq>monthly</changefreq></url>
Munkedal,Hallsberg,980,624,Avståndet mellan Munkedal och Hallsberg är 980 km och Karl-Johan Gyllenstorm beräknade körtiden till cirka 624 minuter.,<url><loc>https://pendlings-app1.t-767929534-cloudflare.workers.dev/?fran=Munkedal&amp;till=Hallsberg</loc><changefreq>monthly</changefreq></url>
Eksjö,Alingsås,1089,796,Avståndet mellan Eksjö och Alingsås är 1089 km och Karl-Johan Gyllenstorm beräknade körtiden till cirka 796 minuter.,<url><loc>https://pendlings-app1.t-767929534-cloudflare.workers.dev/?fran=Eksjö&amp;till=Alingsås</loc><changefreq>monthly</changefreq></url>
Askersund,Örnsköldsvik,1265,877,Avståndet mellan Askersund och Örnsköldsvik är 1265 km och Karl-Johan Gyllenstorm beräknade körtiden till cirka 877 minuter.,<url><loc>https://pendlings-app1.t-767929534-cloudflare.workers.dev/?fran=Askersund&amp;till=Örnsköldsvik</loc><changefreq>monthly</changefreq></url>
Hudiksvall,Ödeshög,854,569,Avståndet mellan Hudiksvall och Ödeshög är 854 km och Karl-Johan Gyllenstorm beräknade körtiden till cirka 569 minuter.,<url><loc>https://pendlings-app1.t-767929534-cloudflare.workers.dev/?fran=Hudiksvall&amp;till=Ödeshög</loc><changefreq>monthly</changefreq></url>
Vadstena,Högsby,1097,702,Avståndet mellan Vadstena och Högsby är 1097 km och Karl-Johan Gyllenstorm beräknade körtiden till cirka 702 minuter.,<url><loc>https://pendlings-app1.t-767929534-cloudflare.workers.dev/?fran=Vadstena&amp;till=Högsby</loc><changefreq>monthly</changefreq></url>
Arvika,Örkelljunga,366,258,Avståndet mellan Arvika och Örkelljunga är 366 km och Karl-Johan Gyllenstorm beräknade körtiden till cirka 258 minuter.,<url><loc>https://pendlings-app1.t-767929534-cloudflare.workers.dev/?fran=Arvika&amp;till=Örkelljunga</loc><changefreq>monthly</changefreq></url>
Svenljunga,Ljusdal,1048,811,Avståndet mellan Svenljunga och Ljusdal är 1048 km och Karl-Johan Gyllenstorm beräknade körtiden till cirka 811 minuter.,<url><loc>https://pendlings-app1.t-767929534-cloudflare.workers.dev/?fran=Svenljunga&amp;till=Ljusdal</loc><changefreq>monthly</changefreq></url>
Vansbro,Götene,99,75,Avståndet mellan Vansbro och Götene är 99 km och Karl-Johan Gyllenstorm beräknade körtiden till cirka 75 minuter.,<url><loc>https://pendlings-app1.t-767929534-cloudflare.workers.dev/?fran=Vansbro&amp;till=Götene</loc><changefreq>monthly</changefreq></url>
Sjöbo,Skövde,1253,792,Avståndet mellan Sjöbo och Skövde är 1253 km och Karl-Johan Gyllenstorm beräknade körtiden till cirka 792 minuter.,<url><loc>https://pendlings-app1.t-767929534-cloudflare.workers.dev/?fran=Sjöbo&amp;till=Skövde</loc><changefreq>monthly</changefreq></url>
Tierp,Hässleholm,636,494,Avståndet mellan Tierp och Hässleholm är 636 km och Karl-Johan Gyllenstorm beräknade körtiden till cirka 494 minuter.,<url><loc>https://pendlings-app1.t-767929534-cloudflare.workers.dev/?fran=Tierp&amp;till=Hässleholm</loc><changefreq>monthly</changefreq></url>
Övertorneå,Klippan,869,631,Avståndet mellan Övertorneå och Klippan är 869 km och Karl-Johan Gyllenstorm beräknade körtiden till cirka 631 minuter.,<url><loc>https://pendlings-app1.t-767929534-cloudflare.workers.dev/?fran=Övertorneå&amp;till=Klippan</loc><changefreq>monthly</changefreq></url>
Ragunda,Uppsala,638,464,Avståndet mellan Ragunda och Uppsala är 638 km och Karl-Johan Gyllenstorm beräknade körtiden till cirka 464 minuter.,<url><loc>https://pendlings-app1.t-767929534-cloudflare.workers.dev/?fran=Ragunda&amp;till=Uppsala</loc><changefreq>monthly</changefreq></url>
Skinnskatteberg,Oskarshamn,669,474,Avståndet mellan Skinnskatteberg och Oskarshamn är 669 km och Karl-Johan Gyllenstorm beräknade körtiden till cirka 474 minuter.,<url><loc>https://pendlings-app1.t-767929534-cloudflare.workers.dev/?fran=Skinnskatteberg&amp;till=Oskarshamn</loc><changefreq>monthly</changefreq></url>
Munkfors,Bålsta,57,43,Avståndet mellan Munkfors och Bålsta är 57 km och Karl-Johan Gyllenstorm beräknade körtiden till cirka 43 minuter.,<url><loc>https://pendlings-app1.t-767929534-cloudflare.workers.dev/?fran=Munkfors&amp;till=Bålsta</loc><changefreq>monthly</changefreq></url>
Knivsta,Alingsås,1332,888,Avståndet mellan Knivsta och Alingsås är 1332 km och Karl-Johan Gyllenstorm beräknade körtiden till cirka 888 minuter.,<url><loc>https://pendlings-app1.t-767929534-cloudflare.workers.dev/?fran=Knivsta&amp;till=Alingsås</loc><changefreq>monthly</changefreq></url>
Munkfors,Trollhättan,946,615,Avståndet mellan Munkfors och Trollhättan är 946 km och Karl-Johan Gyllenstorm beräknade körtiden till cirka 615 minuter.,<url><loc>https://pendlings-app1.t-767929534-cloudflare.workers.dev/?fran=Munkfors&amp;till=Trollhättan</loc><changefreq>monthly</changefreq></url>
Ockelbo,Sjöbo,311,212,Avståndet mellan Ockelbo och Sjöbo är 311 km och Karl-Johan Gyllenstorm beräknade körtiden till cirka 212 minuter.,<url><loc>https://pendlings-app1.t-767929534-cloudflare.workers.dev/?fran=Ockelbo&amp;till=Sjöbo</loc><changefreq>monthly</changefreq></url>
Ronehamn,Torsby,643,465,Avståndet mellan Ronehamn och Torsby är 643 km och Karl-Johan Gyllenstorm beräknade körtiden till cirka 465 minuter.,<url><loc>https://pendlings-app1.t-767929534-cloudflare.workers.dev/?fran=Ronehamn&amp;till=Torsby</loc><changefreq>monthly</changefreq></url>
Haparanda,Tomelilla,316,252,Avståndet mellan Haparanda och Tomelilla är 316 km och Karl-Johan Gyllenstorm beräknade körtiden till cirka 252 minuter.,<url><loc>https://pendlings-app1.t-767929534-cloudflare.workers.dev/?fran=Haparanda&amp;till=Tomelilla</loc><changefreq>monthly</changefreq></url>
Svalöv,Dorotea,490,316,Avståndet mellan Svalöv och Dorotea är 490 km och Karl-Johan Gyllenstorm beräknade körtiden till cirka 316 minuter.,<url><loc>https://pendlings-app1.t-767929534-cloudflare.workers.dev/?fran=Svalöv&amp;till=Dorotea</loc><changefreq>monthly</changefreq></url>
Lekeberg,Gullspång,542,384,Avståndet mellan Lekeberg och Gullspång är 542 km och Karl-Johan Gyllenstorm beräknade körtiden till cirka 384 minuter.,<url><loc>https://pendlings-app1.t-767929534-cloudflare.workers.dev/?fran=Lekeberg&amp;till=Gullspång</loc><changefreq>monthly</changefreq></url>
Sölvesborg,Kungsör,980,659,Avståndet mellan Sölvesborg och Kungsör är 980 km och Karl-Johan Gyllenstorm beräknade körtiden till cirka 659 minuter.,<url><loc>https://pendlings-app1.t-767929534-cloudflare.workers.dev/?fran=Sölvesborg&amp;till=Kungsör</loc><changefreq>monthly</changefreq></url>
Boxholm,Kils,785,508,Avståndet mellan Boxholm och Kils är 785 km och Karl-Johan Gyllenstorm beräknade körtiden till cirka 508 minuter.,<url><loc>https://pendlings-app1.t-767929534-cloudflare.workers.dev/?fran=Boxholm&amp;till=Kils</loc><changefreq>monthly</changefreq></url>
Stånga,Kiruna,973,752,Avståndet mellan Stånga och Kiruna är 973 km och Karl-Johan Gyllenstorm beräknade körtiden till cirka 752 minuter.,<url><loc>https://pendlings-app1.t-767929534-cloudflare.workers.dev/?fran=Stånga&amp;till=Kiruna</loc><changefreq>monthly</changefreq></url>
Säffle,Vara,130,98,Avståndet mellan Säffle och Vara är 130 km och Karl-Johan Gyllenstorm beräknade körtiden till cirka 98 minuter.,<url><loc>https://pendlings-app1.t-767929534-cloudflare.workers.dev/?fran=Säffle&amp;till=Vara</loc><changefreq>monthly</changefreq></url>
Kungsbacka,Uddevalla,323,209,Avståndet mellan Kungsbacka och Uddevalla är 323 km och Karl-Johan Gyllenstorm beräknade körtiden till cirka 209 minuter.,<url><loc>https://pendlings-app1.t-767929534-cloudflare.workers.dev/?fran=Kungsbacka&amp;till=Uddevalla</loc><changefreq>monthly</changefreq></url>
Färjestaden,Oxelösund,232,172,Avståndet mellan Färjestaden och Oxelösund är 232 km och Karl-Johan Gyllenstorm beräknade körtiden till cirka 172 minuter.,<url><loc>https://pendlings-app1.t-767929534-cloudflare.workers.dev/?fran=Färjestaden&amp;till=Oxelösund</loc><changefreq>monthly</changefreq></url>
Överkalix,Pajala,133,97,Avståndet mellan Överkalix och Pajala är 133 km och Karl-Johan Gyllenstorm beräknade körtiden till cirka 97 minuter.,<url><loc>https://pendlings-app1.t-767929534-cloudflare.workers.dev/?fran=Överkalix&amp;till=Pajala</loc><changefreq>monthly</changefreq></url>
Leksand,Luleå,816,528,Avståndet mellan Leksand och Luleå är 816 km och Karl-Johan Gyllenstorm beräknade körtiden till cirka 528 minuter.,<url><loc>https://pendlings-app1.t-767929534-cloudflare.workers.dev/?fran=Leksand&amp;till=Luleå</loc><changefreq>monthly</changefreq></url>
Landskrona,Simrishamn,912,715,Avståndet mellan Landskrona och Simrishamn är 912 km och Karl-Johan Gyllenstorm beräknade körtiden till cirka 715 minuter.,<url><loc>https://pendlings-app1.t-767929534-cloudflare.workers.dev/?fran=Landskrona&amp;till=Simrishamn</loc><changefreq>monthly</changefreq></url>
Ragunda,Älvdalen,627,458,Avståndet mellan Ragunda och Älvdalen är 627 km och Karl-Johan Gyllenstorm beräknade körtiden till cirka 458 minuter.,<url><loc>https://pendlings-app1.t-767929534-cloudflare.workers.dev/?fran=Ragunda&amp;till=Älvdalen</loc><changefreq>monthly</changefreq></url>
Klintehamn,Vansbro,1074,749,Avståndet mellan Klintehamn och Vansbro är 1074 km och Karl-Johan Gyllenstorm beräknade körtiden till cirka 749 minuter.,<url><loc>https://pendlings-app1.t-767929534-cloudflare.workers.dev/?fran=Klintehamn&amp;till=Vansbro</loc><changefreq>monthly</changefreq></url>
Hultsfred,Täby,107,69,Avståndet mellan Hultsfred och Täby är 107 km och Karl-Johan Gyllenstorm beräknade körtiden till cirka 69 minuter.,<url><loc>https://pendlings-app1.t-767929534-cloudflare.workers.dev/?fran=Hultsfred&amp;till=Täby</loc><changefreq>monthly</changefreq></url>
Älvsbyn,Roma,1006,791,Avståndet mellan Älvsbyn och Roma är 1006 km och Karl-Johan Gyllenstorm beräknade körtiden till cirka 791 minuter.,<url><loc>https://pendlings-app1.t-767929534-cloudflare.workers.dev/?fran=Älvsbyn&amp;till=Roma</loc><changefreq>monthly</changefreq></url>
Kävlinge,Storfors,703,535,Avståndet mellan Kävlinge och Storfors är 703 km och Karl-Johan Gyllenstorm beräknade körtiden till cirka 535 minuter.,<url><loc>https://pendlings-app1.t-767929534-cloudflare.workers.dev/?fran=Kävlinge&amp;till=Storfors</loc><changefreq>monthly</changefreq></url>
Ånge,Sölvesborg,1062,814,Avståndet mellan Ånge och Sölvesborg är 1062 km och Karl-Johan Gyllenstorm beräknade körtiden till cirka 814 minuter.,<url><loc>https://pendlings-app1.t-767929534-cloudflare.workers.dev/?fran=Ånge&amp;till=Sölvesborg</loc><changefreq>monthly</changefreq></url>
Säffle,Sandviken,232,179,Avståndet mellan Säffle och Sandviken är 232 km och Karl-Johan Gyllenstorm beräknade körtiden till cirka 179 minuter.,<url><loc>https://pendlings-app1.t-767929534-cloudflare.workers.dev/?fran=Säffle&amp;till=Sandviken</loc><changefreq>monthly</changefreq></url>
Kils,Skinnskatteberg,1175,877,Avståndet mellan Kils och Skinnskatteberg är 1175 km och Karl-Johan Gyllenstorm beräknade körtiden till cirka 877 minuter.,<url><loc>https://pendlings-app1.t-767929534-cloudflare.workers.dev/?fran=Kils&amp;till=Skinnskatteberg</loc><changefreq>monthly</changefreq></url>
Hällefor,Tranås,75,53,Avståndet mellan Hällefor och Tranås är 75 km och Karl-Johan Gyllenstorm beräknade körtiden till cirka 53 minuter.,<url><loc>https://pendlings-app1.t-767929534-cloudflare.workers.dev/?fran=Hällefor&amp;till=Tranås</loc><changefreq>monthly</changefreq></url>
Åsele,Askersund,1316,924,Avståndet mellan Åsele och Askersund är 1316 km och Karl-Johan Gyllenstorm beräknade körtiden till cirka 924 minuter.,<url><loc>https://pendlings-app1.t-767929534-cloudflare.workers.dev/?fran=Åsele&amp;till=Askersund</loc><changefreq>monthly</changefreq></url>
Flen,Essunga,74,53,Avståndet mellan Flen och Essunga är 74 km och Karl-Johan Gyllenstorm beräknade körtiden till cirka 53 minuter.,<url><loc>https://pendlings-app1.t-767929534-cloudflare.workers.dev/?fran=Flen&amp;till=Essunga</loc><changefreq>monthly</changefreq></url>
Örkelljunga,Timrå,709,468,Avståndet mellan Örkelljunga och Timrå är 709 km och Karl-Johan Gyllenstorm beräknade körtiden till cirka 468 minuter.,<url><loc>https://pendlings-app1.t-767929534-cloudflare.workers.dev/?fran=Örkelljunga&amp;till=Timrå</loc><changefreq>monthly</changefreq></url>
Ödeshög,Färgelanda,967,708,Avståndet mellan Ödeshög och Färgelanda är 967 km och Karl-Johan Gyllenstorm beräknade körtiden till cirka 708 minuter.,<url><loc>https://pendlings-app1.t-767929534-cloudflare.workers.dev/?fran=Ödeshög&amp;till=Färgelanda</loc><changefreq>monthly</changefreq></url>
Bromölla,Kungsör,693,515,Avståndet mellan Bromölla och Kungsör är 693 km och Karl-Johan Gyllenstorm beräknade körtiden till cirka 515 minuter.,<url><loc>https://pendlings-app1.t-767929534-cloudflare.workers.dev/?fran=Bromölla&amp;till=Kungsör</loc><changefreq>monthly</changefreq></url>
Örnsköldsvik,Tingstäde,129,85,Avståndet mellan Örnsköldsvik och Tingstäde är 129 km och Karl-Johan Gyllenstorm beräknade körtiden till cirka 85 minuter.,<url><loc>https://pendlings-app1.t-767929534-cloudflare.workers.dev/?fran=Örnsköldsvik&amp;till=Tingstäde</loc><changefreq>monthly</changefreq></url>
Ulricehamn,Malung,1224,948,Avståndet mellan Ulricehamn och Malung är 1224 km och Karl-Johan Gyllenstorm beräknade körtiden till cirka 948 minuter.,<url><loc>https://pendlings-app1.t-767929534-cloudflare.workers.dev/?fran=Ulricehamn&amp;till=Malung</loc><changefreq>monthly</changefreq></url>
Överkalix,Laxå,922,614,Avståndet mellan Överkalix och Laxå är 922 km och Karl-Johan Gyllenstorm beräknade körtiden till cirka 614 minuter.,<url><loc>https://pendlings-app1.t-767929534-cloudflare.workers.dev/?fran=Överkalix&amp;till=Laxå</loc><changefreq>monthly</changefreq></url>
Aneby,Vellinge,912,606,Avståndet mellan Aneby och Vellinge är 912 km och Karl-Johan Gyllenstorm beräknade körtiden till cirka 606 minuter.,<url><loc>https://pendlings-app1.t-767929534-cloudflare.workers.dev/?fran=Aneby&amp;till=Vellinge</loc><changefreq>monthly</changefreq></url>
Ludvika,Olofström,99,67,Avståndet mellan Ludvika och Olofström är 99 km och Karl-Johan Gyllenstorm beräknade körtiden till cirka 67 minuter.,<url><loc>https://pendlings-app1.t-767929534-cloudflare.workers.dev/?fran=Ludvika&amp;till=Olofström</loc><changefreq>monthly</changefreq></url>
Sölvesborg,Bräcke,1147,768,Avståndet mellan Sölvesborg och Bräcke är 1147 km och Karl-Johan Gyllenstorm beräknade körtiden till cirka 768 minuter.,<url><loc>https://pendlings-app1.t-767929534-cloudflare.workers.dev/?fran=Sölvesborg&amp;till=Bräcke</loc><changefreq>monthly</changefreq></url>
Övertorneå,Bålsta,1184,835,Avståndet mellan Övertorneå och Bålsta är 1184 km och Karl-Johan Gyllenstorm beräknade körtiden till cirka 835 minuter.,<url><loc>https://pendlings-app1.t-767929534-cloudflare.workers.dev/?fran=Övertorneå&amp;till=Bålsta</loc><changefreq>monthly</changefreq></url>
Perstorp,Klintehamn,339,217,Avståndet mellan Perstorp och Klintehamn är 339 km och Karl-Johan Gyllenstorm beräknade körtiden till cirka 217 minuter.,<url><loc>https://pendlings-app1.t-767929534-cloudflare.workers.dev/?fran=Perstorp&amp;till=Klintehamn</loc><changefreq>monthly</changefreq></url>
Lindesberg,Mark,798,587,Avståndet mellan Lindesberg och Mark är 798 km och Karl-Johan Gyllenstorm beräknade körtiden till cirka 587 minuter.,<url><loc>https://pendlings-app1.t-767929534-cloudflare.workers.dev/?fran=Lindesberg&amp;till=Mark</loc><changefreq>monthly</changefreq></url>
Sundsvall,Skutskär,925,619,Avståndet mellan Sundsvall och Skutskär är 925 km och Karl-Johan Gyllenstorm beräknade körtiden till cirka 619 minuter.,<url><loc>https://pendlings-app1.t-767929534-cloudflare.workers.dev/?fran=Sundsvall&amp;till=Skutskär</loc><changefreq>monthly</changefreq></url>
Torsby,Kramfors,1325,990,Avståndet mellan Torsby och Kramfors är 1325 km och Karl-Johan Gyllenstorm beräknade körtiden till cirka 990 minuter.,<url><loc>https://pendlings-app1.t-767929534-cloudflare.workers.dev/?fran=Torsby&amp;till=Kramfors</loc><changefreq>monthly</changefreq></url>
Kils,Simrishamn,316,210,Avståndet mellan Kils och Simrishamn är 316 km och Karl-Johan Gyllenstorm beräknade körtiden till cirka 210 minuter.,<url><loc>https://pendlings-app1.t-767929534-cloudflare.workers.dev/?fran=Kils&amp;till=Simrishamn</loc><changefreq>monthly</changefreq></url>
Säffle,Pajala,427,333,Avståndet mellan Säffle och Pajala är 427 km och Karl-Johan Gyllenstorm beräknade körtiden till cirka 333 minuter.,<url><loc>https://pendlings-app1.t-767929534-cloudflare.workers.dev/?fran=Säffle&amp;till=Pajala</loc><changefreq>monthly</changefreq></url>
Hörby,Ödeshög,811,604,Avståndet mellan Hörby och Ödeshög är 811 km och Karl-Johan Gyllenstorm beräknade körtiden till cirka 604 minuter.,<url><loc>https://pendlings-app1.t-767929534-cloudflare.workers.dev/?fran=Hörby&amp;till=Ödeshög</loc><changefreq>monthly</changefreq></url>
Älvdalen,Varberg,476,377,Avståndet mellan Älvdalen och Varberg är 476 km och Karl-Johan Gyllenstorm beräknade körtiden till cirka 377 minuter.,<url><loc>https://pendlings-app1.t-767929534-cloudflare.workers.dev/?fran=Älvdalen&amp;till=Varberg</loc><changefreq>monthly</changefreq></url>
Karlsborg,Smedjebacken,645,514,Avståndet mellan Karlsborg och Smedjebacken är 645 km och Karl-Johan Gyllenstorm beräknade körtiden till cirka 514 minuter.,<url><loc>https://pendlings-app1.t-767929534-cloudflare.workers.dev/?fran=Karlsborg&amp;till=Smedjebacken</loc><changefreq>monthly</changefreq></url>
Sunne,Tranemo,297,226,Avståndet mellan Sunne och Tranemo är 297 km och Karl-Johan Gyllenstorm beräknade körtiden till cirka 226 minuter.,<url><loc>https://pendlings-app1.t-767929534-cloudflare.workers.dev/?fran=Sunne&amp;till=Tranemo</loc><changefreq>monthly</changefreq></url>
Kungsbacka,Vibble,1190,905,Avståndet mellan Kungsbacka och Vibble är 1190 km och Karl-Johan Gyllenstorm beräknade körtiden till cirka 905 minuter.,<url><loc>https://pendlings-app1.t-767929534-cloudflare.workers.dev/?fran=Kungsbacka&amp;till=Vibble</loc><changefreq>monthly</changefreq></url>
Surahammar,Svenljunga,335,241,Avståndet mellan Surahammar och Svenljunga är 335 km och Karl-Johan Gyllenstorm beräknade körtiden till cirka 241 minuter.,<url><loc>https://pendlings-app1.t-767929534-cloudflare.workers.dev/?fran=Surahammar&amp;till=Svenljunga</loc><changefreq>monthly</changefreq></url>
Vimmerby,Mjölby,1188,890,Avståndet mellan Vimmerby och Mjölby är 1188 km och Karl-Johan Gyllenstorm beräknade körtiden till cirka 890 minuter.,<url><loc>https://pendlings-app1.t-767929534-cloudflare.workers.dev/?fran=Vimmerby&amp;till=Mjölby</loc><changefreq>monthly</changefreq></url>
Mullsjö,Timrå,456,365,Avståndet mellan Mullsjö och Timrå är 456 km och Karl-Johan Gyllenstorm beräknade körtiden till cirka 365 minuter.,<url><loc>https://pendlings-app1.t-767929534-cloudflare.workers.dev/?fran=Mullsjö&amp;till=Timrå</loc><changefreq>monthly</changefreq></url>
Ängelholm,Sjöbo,160,123,Avståndet mellan Ängelholm och Sjöbo är 160 km och Karl-Johan Gyllenstorm beräknade körtiden till cirka 123 minuter.,<url><loc>https://pendlings-app1.t-767929534-cloudflare.workers.dev/?fran=Ängelholm&amp;till=Sjöbo</loc><changefreq>monthly</changefreq></url>
Hallsberg,Hällefor,101,75,Avståndet mellan Hallsberg och Hällefor är 101 km och Karl-Johan Gyllenstorm beräknade körtiden till cirka 75 minuter.,<url><loc>https://pendlings-app1.t-767929534-cloudflare.workers.dev/?fran=Hallsberg&amp;till=Hällefor</loc><changefreq>monthly</changefreq></url>
Kristinehamn,Karlshamn,1013,670,Avståndet mellan Kristinehamn och Karlshamn är 1013 km och Karl-Johan Gyllenstorm beräknade körtiden till cirka 670 minuter.,<url><loc>https://pendlings-app1.t-767929534-cloudflare.workers.dev/?fran=Kristinehamn&amp;till=Karlshamn</loc><changefreq>monthly</changefreq></url>
Krokom,Knivsta,473,336,Avståndet mellan Krokom och Knivsta är 473 km och Karl-Johan Gyllenstorm beräknade körtiden till cirka 336 minuter.,<url><loc>https://pendlings-app1.t-767929534-cloudflare.workers.dev/?fran=Krokom&amp;till=Knivsta</loc><changefreq>monthly</changefreq></url>
Ängelholm,Ronehamn,364,234,Avståndet mellan Ängelholm och Ronehamn är 364 km och Karl-Johan Gyllenstorm beräknade körtiden till cirka 234 minuter.,<url><loc>https://pendlings-app1.t-767929534-cloudflare.workers.dev/?fran=Ängelholm&amp;till=Ronehamn</loc><changefreq>monthly</changefreq></url>
Sundsvall,Skara,1035,804,Avståndet mellan Sundsvall och Skara är 1035 km och Karl-Johan Gyllenstorm beräknade körtiden till cirka 804 minuter.,<url><loc>https://pendlings-app1.t-767929534-cloudflare.workers.dev/?fran=Sundsvall&amp;till=Skara</loc><changefreq>monthly</changefreq></url>
Lidköping,Ed,1395,994,Avståndet mellan Lidköping och Ed är 1395 km och Karl-Johan Gyllenstorm beräknade körtiden till cirka 994 minuter.,<url><loc>https://pendlings-app1.t-767929534-cloudflare.workers.dev/?fran=Lidköping&amp;till=Ed</loc><changefreq>monthly</changefreq></url>
Alingsås,Strömstad,726,499,Avståndet mellan Alingsås och Strömstad är 726 km och Karl-Johan Gyllenstorm beräknade körtiden till cirka 499 minuter.,<url><loc>https://pendlings-app1.t-767929534-cloudflare.workers.dev/?fran=Alingsås&amp;till=Strömstad</loc><changefreq>monthly</changefreq></url>
Linköping,Kopparberg,787,513,Avståndet mellan Linköping och Kopparberg är 787 km och Karl-Johan Gyllenstorm beräknade körtiden till cirka 513 minuter.,<url><loc>https://pendlings-app1.t-767929534-cloudflare.workers.dev/?fran=Linköping&amp;till=Kopparberg</loc><changefreq>monthly</changefreq></url>
Vårgårda,Älvsbyn,553,383,Avståndet mellan Vårgårda och Älvsbyn är 553 km och Karl-Johan Gyllenstorm beräknade körtiden till cirka 383 minuter.,<url><loc>https://pendlings-app1.t-767929534-cloudflare.workers.dev/?fran=Vårgårda&amp;till=Älvsbyn</loc><changefreq>monthly</changefreq></url>
Östhammar,Lindesberg,1147,742,Avståndet mellan Östhammar och Lindesberg är 1147 km och Karl-Johan Gyllenstorm beräknade körtiden till cirka 742 minuter.,<url><loc>https://pendlings-app1.t-767929534-cloudflare.workers.dev/?fran=Östhammar&amp;till=Lindesberg</loc><changefreq>monthly</changefreq></url>
Askersund,Ödeshög,702,481,Avståndet mellan Askersund och Ödeshög är 702 km och Karl-Johan Gyllenstorm beräknade körtiden till cirka 481 minuter.,<url><loc>https://pendlings-app1.t-767929534-cloudflare.workers.dev/?fran=Askersund&amp;till=Ödeshög</loc><changefreq>monthly</changefreq></url>
Svedala,Lekeberg,693,486,Avståndet mellan Svedala och Lekeberg är 693 km och Karl-Johan Gyllenstorm beräknade körtiden till cirka 486 minuter.,<url><loc>https://pendlings-app1.t-767929534-cloudflare.workers.dev/?fran=Svedala&amp;till=Lekeberg</loc><changefreq>monthly</changefreq></url>
Hudiksvall,Lidköping,1392,942,Avståndet mellan Hudiksvall och Lidköping är 1392 km och Karl-Johan Gyllenstorm beräknade körtiden till cirka 942 minuter.,<url><loc>https://pendlings-app1.t-767929534-cloudflare.workers.dev/?fran=Hudiksvall&amp;till=Lidköping</loc><changefreq>monthly</changefreq></url>
Älvkarleby,Essunga,1232,866,Avståndet mellan Älvkarleby och Essunga är 1232 km och Karl-Johan Gyllenstorm beräknade körtiden till cirka 866 minuter.,<url><loc>https://pendlings-app1.t-767929534-cloudflare.workers.dev/?fran=Älvkarleby&amp;till=Essunga</loc><changefreq>monthly</changefreq></url>
Pajala,Mark,596,392,Avståndet mellan Pajala och Mark är 596 km och Karl-Johan Gyllenstorm beräknade körtiden till cirka 392 minuter.,<url><loc>https://pendlings-app1.t-767929534-cloudflare.workers.dev/?fran=Pajala&amp;till=Mark</loc><changefreq>monthly</changefreq></url>
Norrköping,Ljusnarsberg,527,398,Avståndet mellan Norrköping och Ljusnarsberg är 527 km och Karl-Johan Gyllenstorm beräknade körtiden till cirka 398 minuter.,<url><loc>https://pendlings-app1.t-767929534-cloudflare.workers.dev/?fran=Norrköping&amp;till=Ljusnarsberg</loc><changefreq>monthly</changefreq></url>
Stånga,Överkalix,70,50,Avståndet mellan Stånga och Överkalix är 70 km och Karl-Johan Gyllenstorm beräknade körtiden till cirka 50 minuter.,<url><loc>https://pendlings-app1.t-767929534-cloudflare.workers.dev/?fran=Stånga&amp;till=Överkalix</loc><changefreq>monthly</changefreq></url>
Söderköping,Ed,582,428,Avståndet mellan Söderköping och Ed är 582 km och Karl-Johan Gyllenstorm beräknade körtiden till cirka 428 minuter.,<url><loc>https://pendlings-app1.t-767929534-cloudflare.workers.dev/?fran=Söderköping&amp;till=Ed</loc><changefreq>monthly</changefreq></url>
Ed,Kalix,1067,790,Avståndet mellan Ed och Kalix är 1067 km och Karl-Johan Gyllenstorm beräknade körtiden till cirka 790 minuter.,<url><loc>https://pendlings-app1.t-767929534-cloudflare.workers.dev/?fran=Ed&amp;till=Kalix</loc><changefreq>monthly</changefreq></url>
Sollefteå,Surahammar,853,673,Avståndet mellan Sollefteå och Surahammar är 853 km och Karl-Johan Gyllenstorm beräknade körtiden till cirka 673 minuter.,<url><loc>https://pendlings-app1.t-767929534-cloudflare.workers.dev/?fran=Sollefteå&amp;till=Surahammar</loc><changefreq>monthly</changefreq></url>
Kungsör,Östra Göinge,1236,915,Avståndet mellan Kungsör och Östra Göinge är 1236 km och Karl-Johan Gyllenstorm beräknade körtiden till cirka 915 minuter.,<url><loc>https://pendlings-app1.t-767929534-cloudflare.workers.dev/?fran=Kungsör&amp;till=Östra Göinge</loc><changefreq>monthly</changefreq></url>
Emmaboda,Orsa,552,429,Avståndet mellan Emmaboda och Orsa är 552 km och Karl-Johan Gyllenstorm beräknade körtiden till cirka 429 minuter.,<url><loc>https://pendlings-app1.t-767929534-cloudflare.workers.dev/?fran=Emmaboda&amp;till=Orsa</loc><changefreq>monthly</changefreq></url>
Skövde,Söderhamn,328,229,Avståndet mellan Skövde och Söderhamn är 328 km och Karl-Johan Gyllenstorm beräknade körtiden till cirka 229 minuter.,<url><loc>https://pendlings-app1.t-767929534-cloudflare.workers.dev/?fran=Skövde&amp;till=Söderhamn</loc><changefreq>monthly</changefreq></url>
Kiruna,Tierp,473,306,Avståndet mellan Kiruna och Tierp är 473 km och Karl-Johan Gyllenstorm beräknade körtiden till cirka 306 minuter.,<url><loc>https://pendlings-app1.t-767929534-cloudflare.workers.dev/?fran=Kiruna&amp;till=Tierp</loc><changefreq>monthly</changefreq></url>
Eskilstuna,Vetlanda,534,380,Avståndet mellan Eskilstuna och Vetlanda är 534 km och Karl-Johan Gyllenstorm beräknade körtiden till cirka 380 minuter.,<url><loc>https://pendlings-app1.t-767929534-cloudflare.workers.dev/?fran=Eskilstuna&amp;till=Vetlanda</loc><changefreq>monthly</changefreq></url>
Älvkarleby,Linköping,338,217,Avståndet mellan Älvkarleby och Linköping är 338 km och Karl-Johan Gyllenstorm beräknade körtiden till cirka 217 minuter.,<url><loc>https://pendlings-app1.t-767929534-cloudflare.workers.dev/?fran=Älvkarleby&amp;till=Linköping</loc><changefreq>monthly</changefreq></url>
Kalmar,Täby,1135,800,Avståndet mellan Kalmar och Täby är 1135 km och Karl-Johan Gyllenstorm beräknade körtiden till cirka 800 minuter.,<url><loc>https://pendlings-app1.t-767929534-cloudflare.workers.dev/?fran=Kalmar&amp;till=Täby</loc><changefreq>monthly</changefreq></url>
Strängnäs,Färjestaden,870,581,Avståndet mellan Strängnäs och Färjestaden är 870 km och Karl-Johan Gyllenstorm beräknade körtiden till cirka 581 minuter.,<url><loc>https://pendlings-app1.t-767929534-cloudflare.workers.dev/?fran=Strängnäs&amp;till=Färjestaden</loc><changefreq>monthly</changefreq></url>
Båstad,Höör,883,614,Avståndet mellan Båstad och Höör är 883 km och Karl-Johan Gyllenstorm beräknade körtiden till cirka 614 minuter.,<url><loc>https://pendlings-app1.t-767929534-cloudflare.workers.dev/?fran=Båstad&amp;till=Höör</loc><changefreq>monthly</changefreq></url>
Kils,Åre,637,499,Avståndet mellan Kils och Åre är 637 km och Karl-Johan Gyllenstorm beräknade körtiden till cirka 499 minuter.,<url><loc>https://pendlings-app1.t-767929534-cloudflare.workers.dev/?fran=Kils&amp;till=Åre</loc><changefreq>monthly</changefreq></url>
Falkenberg,Höör,357,245,Avståndet mellan Falkenberg och Höör är 357 km och Karl-Johan Gyllenstorm beräknade körtiden till cirka 245 minuter.,<url><loc>https://pendlings-app1.t-767929534-cloudflare.workers.dev/?fran=Falkenberg&amp;till=Höör</loc><changefreq>monthly</changefreq></url>
Karlsborg,Högsby,1382,1086,Avståndet mellan Karlsborg och Högsby är 1382 km och Karl-Johan Gyllenstorm beräknade körtiden till cirka 1086 minuter.,<url><loc>https://pendlings-app1.t-767929534-cloudflare.workers.dev/?fran=Karlsborg&amp;till=Högsby</loc><changefreq>monthly</changefreq></url>
Örnsköldsvik,Mellerud,667,428,Avståndet mellan Örnsköldsvik och Mellerud är 667 km och Karl-Johan Gyllenstorm beräknade körtiden till cirka 428 minuter.,<url><loc>https://pendlings-app1.t-767929534-cloudflare.workers.dev/?fran=Örnsköldsvik&amp;till=Mellerud</loc><changefreq>monthly</changefreq></url>
Strömsund,Karlskrona,141,101,Avståndet mellan Strömsund och Karlskrona är 141 km och Karl-Johan Gyllenstorm beräknade körtiden till cirka 101 minuter.,<url><loc>https://pendlings-app1.t-767929534-cloudflare.workers.dev/?fran=Strömsund&amp;till=Karlskrona</loc><changefreq>monthly</changefreq></url>
Strömstad,Svenljunga,910,699,Avståndet mellan Strömstad och Svenljunga är 910 km och Karl-Johan Gyllenstorm beräknade körtiden till cirka 699 minuter.,<url><loc>https://pendlings-app1.t-767929534-cloudflare.workers.dev/?fran=Strömstad&amp;till=Svenljunga</loc><changefreq>monthly</changefreq></url>
Vara,Ronehamn,994,631,Avståndet mellan Vara och Ronehamn är 994 km och Karl-Johan Gyllenstorm beräknade körtiden till cirka 631 minuter.,<url><loc>https://pendlings-app1.t-767929534-cloudflare.workers.dev/?fran=Vara&amp;till=Ronehamn</loc><changefreq>monthly</changefreq></url>
Hjo,Gävle,708,453,Avståndet mellan Hjo och Gävle är 708 km och Karl-Johan Gyllenstorm beräknade körtiden till cirka 453 minuter.,<url><loc>https://pendlings-app1.t-767929534-cloudflare.workers.dev/?fran=Hjo&amp;till=Gävle</loc><changefreq>monthly</changefreq></url>
Bengtsfors,Lysekil,267,197,Avståndet mellan Bengtsfors och Lysekil är 267 km och Karl-Johan Gyllenstorm beräknade körtiden till cirka 197 minuter.,<url><loc>https://pendlings-app1.t-767929534-cloudflare.workers.dev/?fran=Bengtsfors&amp;till=Lysekil</loc><changefreq>monthly</changefreq></url>
Lärbro,Haparanda,1021,662,Avståndet mellan Lärbro och Haparanda är 1021 km och Karl-Johan Gyllenstorm beräknade körtiden till cirka 662 minuter.,<url><loc>https://pendlings-app1.t-767929534-cloudflare.workers.dev/?fran=Lärbro&amp;till=Haparanda</loc><changefreq>monthly</changefreq></url>
Mora,Vellinge,1032,662,Avståndet mellan Mora och Vellinge är 1032 km och Karl-Johan Gyllenstorm beräknade körtiden till cirka 662 minuter.,<url><loc>https://pendlings-app1.t-767929534-cloudflare.workers.dev/?fran=Mora&amp;till=Vellinge</loc><changefreq>monthly</changefreq></url>
Kinda,Lysekil,836,578,Avståndet mellan Kinda och Lysekil är 836 km och Karl-Johan Gyllenstorm beräknade körtiden till cirka 578 minuter.,<url><loc>https://pendlings-app1.t-767929534-cloudflare.workers.dev/?fran=Kinda&amp;till=Lysekil</loc><changefreq>monthly</changefreq></url>
Leksand,Forshaga,855,614,Avståndet mellan Leksand och Forshaga är 855 km och Karl-Johan Gyllenstorm beräknade körtiden till cirka 614 minuter.,<url><loc>https://pendlings-app1.t-767929534-cloudflare.workers.dev/?fran=Leksand&amp;till=Forshaga</loc><changefreq>monthly</changefreq></url>
Smedjebacken,Götene,506,376,Avståndet mellan Smedjebacken och Götene är 506 km och Karl-Johan Gyllenstorm beräknade körtiden till cirka 376 minuter.,<url><loc>https://pendlings-app1.t-767929534-cloudflare.workers.dev/?fran=Smedjebacken&amp;till=Götene</loc><changefreq>monthly</changefreq></url>
Norrköping,Kumla,1275,840,Avståndet mellan Norrköping och Kumla är 1275 km och Karl-Johan Gyllenstorm beräknade körtiden till cirka 840 minuter.,<url><loc>https://pendlings-app1.t-767929534-cloudflare.workers.dev/?fran=Norrköping&amp;till=Kumla</loc><changefreq>monthly</changefreq></url>
Hörby,Laxå,713,547,Avståndet mellan Hörby och Laxå är 713 km och Karl-Johan Gyllenstorm beräknade körtiden till cirka 547 minuter.,<url><loc>https://pendlings-app1.t-767929534-cloudflare.workers.dev/?fran=Hörby&amp;till=Laxå</loc><changefreq>monthly</changefreq></url>
Katrineholm,Tomelilla,694,479,Avståndet mellan Katrineholm och Tomelilla är 694 km och Karl-Johan Gyllenstorm beräknade körtiden till cirka 479 minuter.,<url><loc>https://pendlings-app1.t-767929534-cloudflare.workers.dev/?fran=Katrineholm&amp;till=Tomelilla</loc><changefreq>monthly</changefreq></url>
Kalix,Lomma,194,151,Avståndet mellan Kalix och Lomma är 194 km och Karl-Johan Gyllenstorm beräknade körtiden till cirka 151 minuter.,<url><loc>https://pendlings-app1.t-767929534-cloudflare.workers.dev/?fran=Kalix&amp;till=Lomma</loc><changefreq>monthly</changefreq></url>
Tingstäde,Säffle,193,127,Avståndet mellan Tingstäde och Säffle är 193 km och Karl-Johan Gyllenstorm beräknade körtiden till cirka 127 minuter.,<url><loc>https://pendlings-app1.t-767929534-cloudflare.workers.dev/?fran=Tingstäde&amp;till=Säffle</loc><changefreq>monthly</changefreq></url>
Ulricehamn,Hyltebruk,42,32,Avståndet mellan Ulricehamn och Hyltebruk är 42 km och Karl-Johan Gyllenstorm beräknade körtiden till cirka 32 minuter.,<url><loc>https://pendlings-app1.t-767929534-cloudflare.workers.dev/?fran=Ulricehamn&amp;till=Hyltebruk</loc><changefreq>monthly</changefreq></url>
Ludvika,Mönsterås,902,638,Avståndet mellan Ludvika och Mönsterås är 902 km och Karl-Johan Gyllenstorm beräknade körtiden till cirka 638 minuter.,<url><loc>https://pendlings-app1.t-767929534-cloudflare.workers.dev/?fran=Ludvika&amp;till=Mönsterås</loc><changefreq>monthly</changefreq></url>
Säffle,Sävsjö,214,137,Avståndet mellan Säffle och Sävsjö är 214 km och Karl-Johan Gyllenstorm beräknade körtiden till cirka 137 minuter.,<url><loc>https://pendlings-app1.t-767929534-cloudflare.workers.dev/?fran=Säffle&amp;till=Sävsjö</loc><changefreq>monthly</changefreq></url>
Nybro,Smedjebacken,1352,1039,Avståndet mellan Nybro och Smedjebacken är 1352 km och Karl-Johan Gyllenstorm beräknade körtiden till cirka 1039 minuter.,<url><loc>https://pendlings-app1.t-767929534-cloudflare.workers.dev/?fran=Nybro&amp;till=Smedjebacken</loc><changefreq>monthly</changefreq></url>
Tingstäde,Östhammar,130,104,Avståndet mellan Tingstäde och Östhammar är 130 km och Karl-Johan Gyllenstorm beräknade körtiden till cirka 104 minuter.,<url><loc>https://pendlings-app1.t-767929534-cloudflare.workers.dev/?fran=Tingstäde&amp;till=Östhammar</loc><changefreq>monthly</changefreq></url>
Linköping,Norberg,388,308,Avståndet mellan Linköping och Norberg är 388 km och Karl-Johan Gyllenstorm beräknade körtiden till cirka 308 minuter.,<url><loc>https://pendlings-app1.t-767929534-cloudflare.workers.dev/?fran=Linköping&amp;till=Norberg</loc><changefreq>monthly</changefreq></url>
Uppsala,Lysekil,621,394,Avståndet mellan Uppsala och Lysekil är 621 km och Karl-Johan Gyllenstorm beräknade körtiden till cirka 394 minuter.,<url><loc>https://pendlings-app1.t-767929534-cloudflare.workers.dev/?fran=Uppsala&amp;till=Lysekil</loc><changefreq>monthly</changefreq></url>
Arvidsjaur,Kalix,776,526,Avståndet mellan Arvidsjaur och Kalix är 776 km och Karl-Johan Gyllenstorm beräknade körtiden till cirka 526 minuter.,<url><loc>https://pendlings-app1.t-767929534-cloudflare.workers.dev/?fran=Arvidsjaur&amp;till=Kalix</loc><changefreq>monthly</changefreq></url>
Lund,Vårgårda,756,514,Avståndet mellan Lund och Vårgårda är 756 km och Karl-Johan Gyllenstorm beräknade körtiden till cirka 514 minuter.,<url><loc>https://pendlings-app1.t-767929534-cloudflare.workers.dev/?fran=Lund&amp;till=Vårgårda</loc><changefreq>monthly</changefreq></url>
Malå,Laholm,204,161,Avståndet mellan Malå och Laholm är 204 km och Karl-Johan Gyllenstorm beräknade körtiden till cirka 161 minuter.,<url><loc>https://pendlings-app1.t-767929534-cloudflare.workers.dev/?fran=Malå&amp;till=Laholm</loc><changefreq>monthly</changefreq></url>
Sveg,Knivsta,659,485,Avståndet mellan Sveg och Knivsta är 659 km och Karl-Johan Gyllenstorm beräknade körtiden till cirka 485 minuter.,<url><loc>https://pendlings-app1.t-767929534-cloudflare.workers.dev/?fran=Sveg&amp;till=Knivsta</loc><changefreq>monthly</changefreq></url>
Grästorp,Katrineholm,104,66,Avståndet mellan Grästorp och Katrineholm är 104 km och Karl-Johan Gyllenstorm beräknade körtiden till cirka 66 minuter.,<url><loc>https://pendlings-app1.t-767929534-cloudflare.workers.dev/?fran=Grästorp&amp;till=Katrineholm</loc><changefreq>monthly</changefreq></url>
Arboga,Vänersborg,193,122,Avståndet mellan Arboga och Vänersborg är 193 km och Karl-Johan Gyllenstorm beräknade körtiden till cirka 122 minuter.,<url><loc>https://pendlings-app1.t-767929534-cloudflare.workers.dev/?fran=Arboga&amp;till=Vänersborg</loc><changefreq>monthly</changefreq></url>
Forshaga,Stockholm,1283,1026,Avståndet mellan Forshaga och Stockholm är 1283 km och Karl-Johan Gyllenstorm beräknade körtiden till cirka 1026 minuter.,<url><loc>https://pendlings-app1.t-767929534-cloudflare.workers.dev/?fran=Forshaga&amp;till=Stockholm</loc><changefreq>monthly</changefreq></url>
Kungsbacka,Eksjö,418,276,Avståndet mellan Kungsbacka och Eksjö är 418 km och Karl-Johan Gyllenstorm beräknade körtiden till cirka 276 minuter.,<url><loc>https://pendlings-app1.t-767929534-cloudflare.workers.dev/?fran=Kungsbacka&amp;till=Eksjö</loc><changefreq>monthly</changefreq></url>
Essunga,Mjölby,825,541,Avståndet mellan Essunga och Mjölby är 825 km och Karl-Johan Gyllenstorm beräknade körtiden till cirka 541 minuter.,<url><loc>https://pendlings-app1.t-767929534-cloudflare.workers.dev/?fran=Essunga&amp;till=Mjölby</loc><changefreq>monthly</changefreq></url>
Degerfors,Storfors,1029,800,Avståndet mellan Degerfors och Storfors är 1029 km och Karl-Johan Gyllenstorm beräknade körtiden till cirka 800 minuter.,<url><loc>https://pendlings-app1.t-767929534-cloudflare.workers.dev/?fran=Degerfors&amp;till=Storfors</loc><changefreq>monthly</changefreq></url>
Grästorp,Leksand,1240,920,Avståndet mellan Grästorp och Leksand är 1240 km och Karl-Johan Gyllenstorm beräknade körtiden till cirka 920 minuter.,<url><loc>https://pendlings-app1.t-767929534-cloudflare.workers.dev/?fran=Grästorp&amp;till=Leksand</loc><changefreq>monthly</changefreq></url>
Kristinehamn,Älvkarleby,1102,865,Avståndet mellan Kristinehamn och Älvkarleby är 1102 km och Karl-Johan Gyllenstorm beräknade körtiden till cirka 865 minuter.,<url><loc>https://pendlings-app1.t-767929534-cloudflare.workers.dev/?fran=Kristinehamn&amp;till=Älvkarleby</loc><changefreq>monthly</changefreq></url>
Västervik,Hässleholm,1279,951,Avståndet mellan Västervik och Hässleholm är 1279 km och Karl-Johan Gyllenstorm beräknade körtiden till cirka 951 minuter.,<url><loc>https://pendlings-app1.t-767929534-cloudflare.workers.dev/?fran=Västervik&amp;till=Hässleholm</loc><changefreq>monthly</changefreq></url>
Eksjö,Munkedal,158,113,Avståndet mellan Eksjö och Munkedal är 158 km och Karl-Johan Gyllenstorm beräknade körtiden till cirka 113 minuter.,<url><loc>https://pendlings-app1.t-767929534-cloudflare.workers.dev/?fran=Eksjö&amp;till=Munkedal</loc><changefreq>monthly</changefreq></url>
Vårgårda,Söderköping,557,428,Avståndet mellan Vårgårda och Söderköping är 557 km och Karl-Johan Gyllenstorm beräknade körtiden till cirka 428 minuter.,<url><loc>https://pendlings-app1.t-767929534-cloudflare.workers.dev/?fran=Vårgårda&amp;till=Söderköping</loc><changefreq>monthly</changefreq></url>
Hallstahammar,Burgsvik,1079,842,Avståndet mellan Hallstahammar och Burgsvik är 1079 km och Karl-Johan Gyllenstorm beräknade körtiden till cirka 842 minuter.,<url><loc>https://pendlings-app1.t-767929534-cloudflare.workers.dev/?fran=Hallstahammar&amp;till=Burgsvik</loc><changefreq>monthly</changefreq></url>
Lysekil,Eksjö,1267,957,Avståndet mellan Lysekil och Eksjö är 1267 km och Karl-Johan Gyllenstorm beräknade körtiden till cirka 957 minuter.,<url><loc>https://pendlings-app1.t-767929534-cloudflare.workers.dev/?fran=Lysekil&amp;till=Eksjö</loc><changefreq>monthly</changefreq></url>
Svenljunga,Östra Göinge,606,481,Avståndet mellan Svenljunga och Östra Göinge är 606 km och Karl-Johan Gyllenstorm beräknade körtiden till cirka 481 minuter.,<url><loc>https://pendlings-app1.t-767929534-cloudflare.workers.dev/?fran=Svenljunga&amp;till=Östra Göinge</loc><changefreq>monthly</changefreq></url>
Kalmar,Vellinge,718,488,Avståndet mellan Kalmar och Vellinge är 718 km och Karl-Johan Gyllenstorm beräknade körtiden till cirka 488 minuter.,<url><loc>https://pendlings-app1.t-767929534-cloudflare.workers.dev/?fran=Kalmar&amp;till=Vellinge</loc><changefreq>monthly</changefreq></url>
Kopparberg,Ydre,1448,1029,Avståndet mellan Kopparberg och Ydre är 1448 km och Karl-Johan Gyllenstorm beräknade körtiden till cirka 1029 minuter.,<url><loc>https://pendlings-app1.t-767929534-cloudflare.workers.dev/?fran=Kopparberg&amp;till=Ydre</loc><changefreq>monthly</changefreq></url>
Surahammar,Karlskoga,951,694,Avståndet mellan Surahammar och Karlskoga är 951 km och Karl-Johan Gyllenstorm beräknade körtiden till cirka 694 minuter.,<url><loc>https://pendlings-app1.t-767929534-cloudflare.workers.dev/?fran=Surahammar&amp;till=Karlskoga</loc><changefreq>monthly</changefreq></url>
Arboga,Askersund,1067,789,Avståndet mellan Arboga och Askersund är 1067 km och Karl-Johan Gyllenstorm beräknade körtiden till cirka 789 minuter.,<url><loc>https://pendlings-app1.t-767929534-cloudflare.workers.dev/?fran=Arboga&amp;till=Askersund</loc><changefreq>monthly</changefreq></url>
Ludvika,Hemse,1363,918,Avståndet mellan Ludvika och Hemse är 1363 km och Karl-Johan Gyllenstorm beräknade körtiden till cirka 918 minuter.,<url><loc>https://pendlings-app1.t-767929534-cloudflare.workers.dev/?fran=Ludvika&amp;till=Hemse</loc><changefreq>monthly</changefreq></url>
Hultsfred,Norsjö,846,609,Avståndet mellan Hultsfred och Norsjö är 846 km och Karl-Johan Gyllenstorm beräknade körtiden till cirka 609 minuter.,<url><loc>https://pendlings-app1.t-767929534-cloudflare.workers.dev/?fran=Hultsfred&amp;till=Norsjö</loc><changefreq>monthly</changefreq></url>
Herrljunga,Ockelbo,506,334,Avståndet mellan Herrljunga och Ockelbo är 506 km och Karl-Johan Gyllenstorm beräknade körtiden till cirka 334 minuter.,<url><loc>https://pendlings-app1.t-767929534-cloudflare.workers.dev/?fran=Herrljunga&amp;till=Ockelbo</loc><changefreq>monthly</changefreq></url>
Vibble,Helsingborg,658,447,Avståndet mellan Vibble och Helsingborg är 658 km och Karl-Johan Gyllenstorm beräknade körtiden till cirka 447 minuter.,<url><loc>https://pendlings-app1.t-767929534-cloudflare.workers.dev/?fran=Vibble&amp;till=Helsingborg</loc><changefreq>monthly</changefreq></url>
Göteborg,Berg,456,343,Avståndet mellan Göteborg och Berg är 456 km och Karl-Johan Gyllenstorm beräknade körtiden till cirka 343 minuter.,<url><loc>https://pendlings-app1.t-767929534-cloudflare.workers.dev/?fran=Göteborg&amp;till=Berg</loc><changefreq>monthly</changefreq></url>
Eskilstuna,Östra Göinge,329,222,Avståndet mellan Eskilstuna och Östra Göinge är 329 km och Karl-Johan Gyllenstorm beräknade körtiden till cirka 222 minuter.,<url><loc>https://pendlings-app1.t-767929534-cloudflare.workers.dev/?fran=Eskilstuna&amp;till=Östra Göinge</loc><changefreq>monthly</changefreq></url>
Torsby,Höganäs,100,78,Avståndet mellan Torsby och Höganäs är 100 km och Karl-Johan Gyllenstorm beräknade körtiden till cirka 78 minuter.,<url><loc>https://pendlings-app1.t-767929534-cloudflare.workers.dev/?fran=Torsby&amp;till=Höganäs</loc><changefreq>monthly</changefreq></url>
Borgholm,Örnsköldsvik,1228,797,Avståndet mellan Borgholm och Örnsköldsvik är 1228 km och Karl-Johan Gyllenstorm beräknade körtiden till cirka 797 minuter.,<url><loc>https://pendlings-app1.t-767929534-cloudflare.workers.dev/?fran=Borgholm&amp;till=Örnsköldsvik</loc><changefreq>monthly</changefreq></url>
Grästorp,Tofta,327,254,Avståndet mellan Grästorp och Tofta är 327 km och Karl-Johan Gyllenstorm beräknade körtiden till cirka 254 minuter.,<url><loc>https://pendlings-app1.t-767929534-cloudflare.workers.dev/?fran=Grästorp&amp;till=Tofta</loc><changefreq>monthly</changefreq></url>
Aneby,Krokom,944,731,Avståndet mellan Aneby och Krokom är 944 km och Karl-Johan Gyllenstorm beräknade körtiden till cirka 731 minuter.,<url><loc>https://pendlings-app1.t-767929534-cloudflare.workers.dev/?fran=Aneby&amp;till=Krokom</loc><changefreq>monthly</changefreq></url>
Vellinge,Täby,175,130,Avståndet mellan Vellinge och Täby är 175 km och Karl-Johan Gyllenstorm beräknade körtiden till cirka 130 minuter.,<url><loc>https://pendlings-app1.t-767929534-cloudflare.workers.dev/?fran=Vellinge&amp;till=Täby</loc><changefreq>monthly</changefreq></url>
Tanum,Emmaboda,706,477,Avståndet mellan Tanum och Emmaboda är 706 km och Karl-Johan Gyllenstorm beräknade körtiden till cirka 477 minuter.,<url><loc>https://pendlings-app1.t-767929534-cloudflare.workers.dev/?fran=Tanum&amp;till=Emmaboda</loc><changefreq>monthly</changefreq></url>
Borås,Vansbro,1211,911,Avståndet mellan Borås och Vansbro är 1211 km och Karl-Johan Gyllenstorm beräknade körtiden till cirka 911 minuter.,<url><loc>https://pendlings-app1.t-767929534-cloudflare.workers.dev/?fran=Borås&amp;till=Vansbro</loc><changefreq>monthly</changefreq></url>
Nybro,Högsby,1011,725,Avståndet mellan Nybro och Högsby är 1011 km och Karl-Johan Gyllenstorm beräknade körtiden till cirka 725 minuter.,<url><loc>https://pendlings-app1.t-767929534-cloudflare.workers.dev/?fran=Nybro&amp;till=Högsby</loc><changefreq>monthly</changefreq></url>
Vadstena,Helsingborg,276,177,Avståndet mellan Vadstena och Helsingborg är 276 km och Karl-Johan Gyllenstorm beräknade körtiden till cirka 177 minuter.,<url><loc>https://pendlings-app1.t-767929534-cloudflare.workers.dev/?fran=Vadstena&amp;till=Helsingborg</loc><changefreq>monthly</changefreq></url>
Avesta,Munkfors,1393,891,Avståndet mellan Avesta och Munkfors är 1393 km och Karl-Johan Gyllenstorm beräknade körtiden till cirka 891 minuter.,<url><loc>https://pendlings-app1.t-767929534-cloudflare.workers.dev/?fran=Avesta&amp;till=Munkfors</loc><changefreq>monthly</changefreq></url>
Kungsör,Hallstahammar,1155,774,Avståndet mellan Kungsör och Hallstahammar är 1155 km och Karl-Johan Gyllenstorm beräknade körtiden till cirka 774 minuter.,<url><loc>https://pendlings-app1.t-767929534-cloudflare.workers.dev/?fran=Kungsör&amp;till=Hallstahammar</loc><changefreq>monthly</changefreq></url>
Sävsjö,Hagfors,644,412,Avståndet mellan Sävsjö och Hagfors är 644 km och Karl-Johan Gyllenstorm beräknade körtiden till cirka 412 minuter.,<url><loc>https://pendlings-app1.t-767929534-cloudflare.workers.dev/?fran=Sävsjö&amp;till=Hagfors</loc><changefreq>monthly</changefreq></url>
Oxelösund,Kinda,454,293,Avståndet mellan Oxelösund och Kinda är 454 km och Karl-Johan Gyllenstorm beräknade körtiden till cirka 293 minuter.,<url><loc>https://pendlings-app1.t-767929534-cloudflare.workers.dev/?fran=Oxelösund&amp;till=Kinda</loc><changefreq>monthly</changefreq></url>
Dorotea,Sölvesborg,1368,1085,Avståndet mellan Dorotea och Sölvesborg är 1368 km och Karl-Johan Gyllenstorm beräknade körtiden till cirka 1085 minuter.,<url><loc>https://pendlings-app1.t-767929534-cloudflare.workers.dev/?fran=Dorotea&amp;till=Sölvesborg</loc><changefreq>monthly</changefreq></url>
Stockholm,Bålsta,345,250,Avståndet mellan Stockholm och Bålsta är 345 km och Karl-Johan Gyllenstorm beräknade körtiden till cirka 250 minuter.,<url><loc>https://pendlings-app1.t-767929534-cloudflare.workers.dev/?fran=Stockholm&amp;till=Bålsta</loc><changefreq>monthly</changefreq></url>
Vibble,Landskrona,731,575,Avståndet mellan Vibble och Landskrona är 731 km och Karl-Johan Gyllenstorm beräknade körtiden till cirka 575 minuter.,<url><loc>https://pendlings-app1.t-767929534-cloudflare.workers.dev/?fran=Vibble&amp;till=Landskrona</loc><changefreq>monthly</changefreq></url>
Kävlinge,Falkenberg,89,58,Avståndet mellan Kävlinge och Falkenberg är 89 km och Karl-Johan Gyllenstorm beräknade körtiden till cirka 58 minuter.,<url><loc>https://pendlings-app1.t-767929534-cloudflare.workers.dev/?fran=Kävlinge&amp;till=Falkenberg</loc><changefreq>monthly</changefreq></url>
Skurup,Enköping,541,392,Avståndet mellan Skurup och Enköping är 541 km och Karl-Johan Gyllenstorm beräknade körtiden till cirka 392 minuter.,<url><loc>https://pendlings-app1.t-767929534-cloudflare.workers.dev/?fran=Skurup&amp;till=Enköping</loc><changefreq>monthly</changefreq></url>
Norrköping,Hyltebruk,1044,743,Avståndet mellan Norrköping och Hyltebruk är 1044 km och Karl-Johan Gyllenstorm beräknade körtiden till cirka 743 minuter.,<url><loc>https://pendlings-app1.t-767929534-cloudflare.workers.dev/?fran=Norrköping&amp;till=Hyltebruk</loc><changefreq>monthly</changefreq></url>
Bengtsfors,Kristianstad,839,555,Avståndet mellan Bengtsfors och Kristianstad är 839 km och Karl-Johan Gyllenstorm beräknade körtiden till cirka 555 minuter.,<url><loc>https://pendlings-app1.t-767929534-cloudflare.workers.dev/?fran=Bengtsfors&amp;till=Kristianstad</loc><changefreq>monthly</changefreq></url>
Västerås,Lund,687,491,Avståndet mellan Västerås och Lund är 687 km och Karl-Johan Gyllenstorm beräknade körtiden till cirka 491 minuter.,<url><loc>https://pendlings-app1.t-767929534-cloudflare.workers.dev/?fran=Västerås&amp;till=Lund</loc><changefreq>monthly</changefreq></url>
Mariestad,Tierp,694,463,Avståndet mellan Mariestad och Tierp är 694 km och Karl-Johan Gyllenstorm beräknade körtiden till cirka 463 minuter.,<url><loc>https://pendlings-app1.t-767929534-cloudflare.workers.dev/?fran=Mariestad&amp;till=Tierp</loc><changefreq>monthly</changefreq></url>
Bromölla,Vilhelmina,889,605,Avståndet mellan Bromölla och Vilhelmina är 889 km och Karl-Johan Gyllenstorm beräknade körtiden till cirka 605 minuter.,<url><loc>https://pendlings-app1.t-767929534-cloudflare.workers.dev/?fran=Bromölla&amp;till=Vilhelmina</loc><changefreq>monthly</changefreq></url>
Älvsbyn,Avesta,1185,770,Avståndet mellan Älvsbyn och Avesta är 1185 km och Karl-Johan Gyllenstorm beräknade körtiden till cirka 770 minuter.,<url><loc>https://pendlings-app1.t-767929534-cloudflare.workers.dev/?fran=Älvsbyn&amp;till=Avesta</loc><changefreq>monthly</changefreq></url>
Göteborg,Laholm,401,320,Avståndet mellan Göteborg och Laholm är 401 km och Karl-Johan Gyllenstorm beräknade körtiden till cirka 320 minuter.,<url><loc>https://pendlings-app1.t-767929534-cloudflare.workers.dev/?fran=Göteborg&amp;till=Laholm</loc><changefreq>monthly</changefreq></url>
Eslöv,Rättvik,361,230,Avståndet mellan Eslöv och Rättvik är 361 km och Karl-Johan Gyllenstorm beräknade körtiden till cirka 230 minuter.,<url><loc>https://pendlings-app1.t-767929534-cloudflare.workers.dev/?fran=Eslöv&amp;till=Rättvik</loc><changefreq>monthly</changefreq></url>
Gällivare,Timrå,876,684,Avståndet mellan Gällivare och Timrå är 876 km och Karl-Johan Gyllenstorm beräknade körtiden till cirka 684 minuter.,<url><loc>https://pendlings-app1.t-767929534-cloudflare.workers.dev/?fran=Gällivare&amp;till=Timrå</loc><changefreq>monthly</changefreq></url>
Kungsör,Nyköping,710,546,Avståndet mellan Kungsör och Nyköping är 710 km och Karl-Johan Gyllenstorm beräknade körtiden till cirka 546 minuter.,<url><loc>https://pendlings-app1.t-767929534-cloudflare.workers.dev/?fran=Kungsör&amp;till=Nyköping</loc><changefreq>monthly</changefreq></url>
Arvidsjaur,Vansbro,312,235,Avståndet mellan Arvidsjaur och Vansbro är 312 km och Karl-Johan Gyllenstorm beräknade körtiden till cirka 235 minuter.,<url><loc>https://pendlings-app1.t-767929534-cloudflare.workers.dev/?fran=Arvidsjaur&amp;till=Vansbro</loc><changefreq>monthly</changefreq></url>
Västerås,Vadstena,1261,891,Avståndet mellan Västerås och Vadstena är 1261 km och Karl-Johan Gyllenstorm beräknade körtiden till cirka 891 minuter.,<url><loc>https://pendlings-app1.t-767929534-cloudflare.workers.dev/?fran=Västerås&amp;till=Vadstena</loc><changefreq>monthly</changefreq></url>
Åre,Sölvesborg,594,383,Avståndet mellan Åre och Sölvesborg är 594 km och Karl-Johan Gyllenstorm beräknade körtiden till cirka 383 minuter.,<url><loc>https://pendlings-app1.t-767929534-cloudflare.workers.dev/?fran=Åre&amp;till=Sölvesborg</loc><changefreq>monthly</changefreq></url>
Askersund,Kristinehamn,394,284,Avståndet mellan Askersund och Kristinehamn är 394 km och Karl-Johan Gyllenstorm beräknade körtiden till cirka 284 minuter.,<url><loc>https://pendlings-app1.t-767929534-cloudflare.workers.dev/?fran=Askersund&amp;till=Kristinehamn</loc><changefreq>monthly</changefreq></url>
Trosa,Övertorneå,43,29,Avståndet mellan Trosa och Övertorneå är 43 km och Karl-Johan Gyllenstorm beräknade körtiden till cirka 29 minuter.,<url><loc>https://pendlings-app1.t-767929534-cloudflare.workers.dev/?fran=Trosa&amp;till=Övertorneå</loc><changefreq>monthly</changefreq></url>
Nybro,Hedemora,727,479,Avståndet mellan Nybro och Hedemora är 727 km och Karl-Johan Gyllenstorm beräknade körtiden till cirka 479 minuter.,<url><loc>https://pendlings-app1.t-767929534-cloudflare.workers.dev/?fran=Nybro&amp;till=Hedemora</loc><changefreq>monthly</changefreq></url>
Hultsfred,Uddevalla,788,578,Avståndet mellan Hultsfred och Uddevalla är 788 km och Karl-Johan Gyllenstorm beräknade körtiden till cirka 578 minuter.,<url><loc>https://pendlings-app1.t-767929534-cloudflare.workers.dev/?fran=Hultsfred&amp;till=Uddevalla</loc><changefreq>monthly</changefreq></url>
Gnestad,Tanum,239,169,Avståndet mellan Gnestad och Tanum är 239 km och Karl-Johan Gyllenstorm beräknade körtiden till cirka 169 minuter.,<url><loc>https://pendlings-app1.t-767929534-cloudflare.workers.dev/?fran=Gnestad&amp;till=Tanum</loc><changefreq>monthly</changefreq></url>
Skara,Berg,1051,798,Avståndet mellan Skara och Berg är 1051 km och Karl-Johan Gyllenstorm beräknade körtiden till cirka 798 minuter.,<url><loc>https://pendlings-app1.t-767929534-cloudflare.workers.dev/?fran=Skara&amp;till=Berg</loc><changefreq>monthly</changefreq></url>
Habon,Nora,327,240,Avståndet mellan Habon och Nora är 327 km och Karl-Johan Gyllenstorm beräknade körtiden till cirka 240 minuter.,<url><loc>https://pendlings-app1.t-767929534-cloudflare.workers.dev/?fran=Habon&amp;till=Nora</loc><changefreq>monthly</changefreq></url>
Göteborg,Köping,1373,894,Avståndet mellan Göteborg och Köping är 1373 km och Karl-Johan Gyllenstorm beräknade körtiden till cirka 894 minuter.,<url><loc>https://pendlings-app1.t-767929534-cloudflare.workers.dev/?fran=Göteborg&amp;till=Köping</loc><changefreq>monthly</changefreq></url>
Hjo,Rättvik,1059,790,Avståndet mellan Hjo och Rättvik är 1059 km och Karl-Johan Gyllenstorm beräknade körtiden till cirka 790 minuter.,<url><loc>https://pendlings-app1.t-767929534-cloudflare.workers.dev/?fran=Hjo&amp;till=Rättvik</loc><changefreq>monthly</changefreq></url>
Köping,Eksjö,825,533,Avståndet mellan Köping och Eksjö är 825 km och Karl-Johan Gyllenstorm beräknade körtiden till cirka 533 minuter.,<url><loc>https://pendlings-app1.t-767929534-cloudflare.workers.dev/?fran=Köping&amp;till=Eksjö</loc><changefreq>monthly</changefreq></url>
Burgsvik,Åre,1234,849,Avståndet mellan Burgsvik och Åre är 1234 km och Karl-Johan Gyllenstorm beräknade körtiden till cirka 849 minuter.,<url><loc>https://pendlings-app1.t-767929534-cloudflare.workers.dev/?fran=Burgsvik&amp;till=Åre</loc><changefreq>monthly</changefreq></url>
Hyltebruk,Hässleholm,1278,971,Avståndet mellan Hyltebruk och Hässleholm är 1278 km och Karl-Johan Gyllenstorm beräknade körtiden till cirka 971 minuter.,<url><loc>https://pendlings-app1.t-767929534-cloudflare.workers.dev/?fran=Hyltebruk&amp;till=Hässleholm</loc><changefreq>monthly</changefreq></url>
Skövde,Mönsterås,105,75,Avståndet mellan Skövde och Mönsterås är 105 km och Karl-Johan Gyllenstorm beräknade körtiden till cirka 75 minuter.,<url><loc>https://pendlings-app1.t-767929534-cloudflare.workers.dev/?fran=Skövde&amp;till=Mönsterås</loc><changefreq>monthly</changefreq></url>
Staffanstorp,Täby,1235,862,Avståndet mellan Staffanstorp och Täby är 1235 km och Karl-Johan Gyllenstorm beräknade körtiden till cirka 862 minuter.,<url><loc>https://pendlings-app1.t-767929534-cloudflare.workers.dev/?fran=Staffanstorp&amp;till=Täby</loc><changefreq>monthly</changefreq></url>
Stånga,Hultsfred,1128,713,Avståndet mellan Stånga och Hultsfred är 1128 km och Karl-Johan Gyllenstorm beräknade körtiden till cirka 713 minuter.,<url><loc>https://pendlings-app1.t-767929534-cloudflare.workers.dev/?fran=Stånga&amp;till=Hultsfred</loc><changefreq>monthly</changefreq></url>
Ånge,Täby,959,758,Avståndet mellan Ånge och Täby är 959 km och Karl-Johan Gyllenstorm beräknade körtiden till cirka 758 minuter.,<url><loc>https://pendlings-app1.t-767929534-cloudflare.workers.dev/?fran=Ånge&amp;till=Täby</loc><changefreq>monthly</changefreq></url>
Södertälje,Vadstena,706,562,Avståndet mellan Södertälje och Vadstena är 706 km och Karl-Johan Gyllenstorm beräknade körtiden till cirka 562 minuter.,<url><loc>https://pendlings-app1.t-767929534-cloudflare.workers.dev/?fran=Södertälje&amp;till=Vadstena</loc><changefreq>monthly</changefreq></url>
Borås,Ljusdal,1231,844,Avståndet mellan Borås och Ljusdal är 1231 km och Karl-Johan Gyllenstorm beräknade körtiden till cirka 844 minuter.,<url><loc>https://pendlings-app1.t-767929534-cloudflare.workers.dev/?fran=Borås&amp;till=Ljusdal</loc><changefreq>monthly</changefreq></url>
Norrköping,Orsa,153,109,Avståndet mellan Norrköping och Orsa är 153 km och Karl-Johan Gyllenstorm beräknade körtiden till cirka 109 minuter.,<url><loc>https://pendlings-app1.t-767929534-cloudflare.workers.dev/?fran=Norrköping&amp;till=Orsa</loc><changefreq>monthly</changefreq></url>
Karlsborg,Svenljunga,879,564,Avståndet mellan Karlsborg och Svenljunga är 879 km och Karl-Johan Gyllenstorm beräknade körtiden till cirka 564 minuter.,<url><loc>https://pendlings-app1.t-767929534-cloudflare.workers.dev/?fran=Karlsborg&amp;till=Svenljunga</loc><changefreq>monthly</changefreq></url>
Bromölla,Haparanda,1271,882,Avståndet mellan Bromölla och Haparanda är 1271 km och Karl-Johan Gyllenstorm beräknade körtiden till cirka 882 minuter.,<url><loc>https://pendlings-app1.t-767929534-cloudflare.workers.dev/?fran=Bromölla&amp;till=Haparanda</loc><changefreq>monthly</changefreq></url>
Oskarshamn,Nyköping,670,438,Avståndet mellan Oskarshamn och Nyköping är 670 km och Karl-Johan Gyllenstorm beräknade körtiden till cirka 438 minuter.,<url><loc>https://pendlings-app1.t-767929534-cloudflare.workers.dev/?fran=Oskarshamn&amp;till=Nyköping</loc><changefreq>monthly</changefreq></url>
Vetlanda,Hofors,481,344,Avståndet mellan Vetlanda och Hofors är 481 km och Karl-Johan Gyllenstorm beräknade körtiden till cirka 344 minuter.,<url><loc>https://pendlings-app1.t-767929534-cloudflare.workers.dev/?fran=Vetlanda&amp;till=Hofors</loc><changefreq>monthly</changefreq></url>
Lycksele,Falköping,639,413,Avståndet mellan Lycksele och Falköping är 639 km och Karl-Johan Gyllenstorm beräknade körtiden till cirka 413 minuter.,<url><loc>https://pendlings-app1.t-767929534-cloudflare.workers.dev/?fran=Lycksele&amp;till=Falköping</loc><changefreq>monthly</changefreq></url>
Charlottenberg,Sotenäs,104,68,Avståndet mellan Charlottenberg och Sotenäs är 104 km och Karl-Johan Gyllenstorm beräknade körtiden till cirka 68 minuter.,<url><loc>https://pendlings-app1.t-767929534-cloudflare.workers.dev/?fran=Charlottenberg&amp;till=Sotenäs</loc><changefreq>monthly</changefreq></url>
Malå,Skurup,1393,898,Avståndet mellan Malå och Skurup är 1393 km och Karl-Johan Gyllenstorm beräknade körtiden till cirka 898 minuter.,<url><loc>https://pendlings-app1.t-767929534-cloudflare.workers.dev/?fran=Malå&amp;till=Skurup</loc><changefreq>monthly</changefreq></url>
Rättvik,Enköping,545,394,Avståndet mellan Rättvik och Enköping är 545 km och Karl-Johan Gyllenstorm beräknade körtiden till cirka 394 minuter.,<url><loc>https://pendlings-app1.t-767929534-cloudflare.workers.dev/?fran=Rättvik&amp;till=Enköping</loc><changefreq>monthly</changefreq></url>
Halmstad,Östersund,33,23,Avståndet mellan Halmstad och Östersund är 33 km och Karl-Johan Gyllenstorm beräknade körtiden till cirka 23 minuter.,<url><loc>https://pendlings-app1.t-767929534-cloudflare.workers.dev/?fran=Halmstad&amp;till=Östersund</loc><changefreq>monthly</changefreq></url>
Boden,Kiruna,108,82,Avståndet mellan Boden och Kiruna är 108 km och Karl-Johan Gyllenstorm beräknade körtiden till cirka 82 minuter.,<url><loc>https://pendlings-app1.t-767929534-cloudflare.workers.dev/?fran=Boden&amp;till=Kiruna</loc><changefreq>monthly</changefreq></url>
Laxå,Sandviken,945,711,Avståndet mellan Laxå och Sandviken är 945 km och Karl-Johan Gyllenstorm beräknade körtiden till cirka 711 minuter.,<url><loc>https://pendlings-app1.t-767929534-cloudflare.workers.dev/?fran=Laxå&amp;till=Sandviken</loc><changefreq>monthly</changefreq></url>
Örebro,Kopparberg,29,21,Avståndet mellan Örebro och Kopparberg är 29 km och Karl-Johan Gyllenstorm beräknade körtiden till cirka 21 minuter.,<url><loc>https://pendlings-app1.t-767929534-cloudflare.workers.dev/?fran=Örebro&amp;till=Kopparberg</loc><changefreq>monthly</changefreq></url>
Ronehamn,Strömstad,180,119,Avståndet mellan Ronehamn och Strömstad är 180 km och Karl-Johan Gyllenstorm beräknade körtiden till cirka 119 minuter.,<url><loc>https://pendlings-app1.t-767929534-cloudflare.workers.dev/?fran=Ronehamn&amp;till=Strömstad</loc><changefreq>monthly</changefreq></url>
Kils,Mariestad,585,410,Avståndet mellan Kils och Mariestad är 585 km och Karl-Johan Gyllenstorm beräknade körtiden till cirka 410 minuter.,<url><loc>https://pendlings-app1.t-767929534-cloudflare.workers.dev/?fran=Kils&amp;till=Mariestad</loc><changefreq>monthly</changefreq></url>
Landskrona,Malung,1144,732,Avståndet mellan Landskrona och Malung är 1144 km och Karl-Johan Gyllenstorm beräknade körtiden till cirka 732 minuter.,<url><loc>https://pendlings-app1.t-767929534-cloudflare.workers.dev/?fran=Landskrona&amp;till=Malung</loc><changefreq>monthly</changefreq></url>
Göteborg,Habon,58,41,Avståndet mellan Göteborg och Habon är 58 km och Karl-Johan Gyllenstorm beräknade körtiden till cirka 41 minuter.,<url><loc>https://pendlings-app1.t-767929534-cloudflare.workers.dev/?fran=Göteborg&amp;till=Habon</loc><changefreq>monthly</changefreq></url>
Vingåker,Hallsberg,1335,883,Avståndet mellan Vingåker och Hallsberg är 1335 km och Karl-Johan Gyllenstorm beräknade körtiden till cirka 883 minuter.,<url><loc>https://pendlings-app1.t-767929534-cloudflare.workers.dev/?fran=Vingåker&amp;till=Hallsberg</loc><changefreq>monthly</changefreq></url>
Kungsör,Skara,1254,852,Avståndet mellan Kungsör och Skara är 1254 km och Karl-Johan Gyllenstorm beräknade körtiden till cirka 852 minuter.,<url><loc>https://pendlings-app1.t-767929534-cloudflare.workers.dev/?fran=Kungsör&amp;till=Skara</loc><changefreq>monthly</changefreq></url>
Stånga,Bollnäs,1042,660,Avståndet mellan Stånga och Bollnäs är 1042 km och Karl-Johan Gyllenstorm beräknade körtiden till cirka 660 minuter.,<url><loc>https://pendlings-app1.t-767929534-cloudflare.workers.dev/?fran=Stånga&amp;till=Bollnäs</loc><changefreq>monthly</changefreq></url>
Töreboda,Skurup,462,324,Avståndet mellan Töreboda och Skurup är 462 km och Karl-Johan Gyllenstorm beräknade körtiden till cirka 324 minuter.,<url><loc>https://pendlings-app1.t-767929534-cloudflare.workers.dev/?fran=Töreboda&amp;till=Skurup</loc><changefreq>monthly</changefreq></url>
Ljusnarsberg,Vetlanda,1156,859,Avståndet mellan Ljusnarsberg och Vetlanda är 1156 km och Karl-Johan Gyllenstorm beräknade körtiden till cirka 859 minuter.,<url><loc>https://pendlings-app1.t-767929534-cloudflare.workers.dev/?fran=Ljusnarsberg&amp;till=Vetlanda</loc><changefreq>monthly</changefreq></url>
Hallstahammar,Hjo,262,171,Avståndet mellan Hallstahammar och Hjo är 262 km och Karl-Johan Gyllenstorm beräknade körtiden till cirka 171 minuter.,<url><loc>https://pendlings-app1.t-767929534-cloudflare.workers.dev/?fran=Hallstahammar&amp;till=Hjo</loc><changefreq>monthly</changefreq></url>
Smedjebacken,Bengtsfors,821,571,Avståndet mellan Smedjebacken och Bengtsfors är 821 km och Karl-Johan Gyllenstorm beräknade körtiden till cirka 571 minuter.,<url><loc>https://pendlings-app1.t-767929534-cloudflare.workers.dev/?fran=Smedjebacken&amp;till=Bengtsfors</loc><changefreq>monthly</changefreq></url>
Rättvik,Oskarshamn,697,532,Avståndet mellan Rättvik och Oskarshamn är 697 km och Karl-Johan Gyllenstorm beräknade körtiden till cirka 532 minuter.,<url><loc>https://pendlings-app1.t-767929534-cloudflare.workers.dev/?fran=Rättvik&amp;till=Oskarshamn</loc><changefreq>monthly</changefreq></url>
Falköping,Arvika,1368,1039,Avståndet mellan Falköping och Arvika är 1368 km och Karl-Johan Gyllenstorm beräknade körtiden till cirka 1039 minuter.,<url><loc>https://pendlings-app1.t-767929534-cloudflare.workers.dev/?fran=Falköping&amp;till=Arvika</loc><changefreq>monthly</changefreq></url>
Sävsjö,Sundsvall,1428,1025,Avståndet mellan Sävsjö och Sundsvall är 1428 km och Karl-Johan Gyllenstorm beräknade körtiden till cirka 1025 minuter.,<url><loc>https://pendlings-app1.t-767929534-cloudflare.workers.dev/?fran=Sävsjö&amp;till=Sundsvall</loc><changefreq>monthly</changefreq></url>
Havdhem,Roma,698,476,Avståndet mellan Havdhem och Roma är 698 km och Karl-Johan Gyllenstorm beräknade körtiden till cirka 476 minuter.,<url><loc>https://pendlings-app1.t-767929534-cloudflare.workers.dev/?fran=Havdhem&amp;till=Roma</loc><changefreq>monthly</changefreq></url>
Eda,Vadstena,1007,801,Avståndet mellan Eda och Vadstena är 1007 km och Karl-Johan Gyllenstorm beräknade körtiden till cirka 801 minuter.,<url><loc>https://pendlings-app1.t-767929534-cloudflare.workers.dev/?fran=Eda&amp;till=Vadstena</loc><changefreq>monthly</changefreq></url>
Jokkmokk,Gnosjö,290,186,Avståndet mellan Jokkmokk och Gnosjö är 290 km och Karl-Johan Gyllenstorm beräknade körtiden till cirka 186 minuter.,<url><loc>https://pendlings-app1.t-767929534-cloudflare.workers.dev/?fran=Jokkmokk&amp;till=Gnosjö</loc><changefreq>monthly</changefreq></url>
Knivsta,Götene,553,423,Avståndet mellan Knivsta och Götene är 553 km och Karl-Johan Gyllenstorm beräknade körtiden till cirka 423 minuter.,<url><loc>https://pendlings-app1.t-767929534-cloudflare.workers.dev/?fran=Knivsta&amp;till=Götene</loc><changefreq>monthly</changefreq></url>
Grums,Norberg,623,423,Avståndet mellan Grums och Norberg är 623 km och Karl-Johan Gyllenstorm beräknade körtiden till cirka 423 minuter.,<url><loc>https://pendlings-app1.t-767929534-cloudflare.workers.dev/?fran=Grums&amp;till=Norberg</loc><changefreq>monthly</changefreq></url>
Kalix,Oskarshamn,876,672,Avståndet mellan Kalix och Oskarshamn är 876 km och Karl-Johan Gyllenstorm beräknade körtiden till cirka 672 minuter.,<url><loc>https://pendlings-app1.t-767929534-cloudflare.workers.dev/?fran=Kalix&amp;till=Oskarshamn</loc><changefreq>monthly</changefreq></url>
Osby,Karlskrona,898,681,Avståndet mellan Osby och Karlskrona är 898 km och Karl-Johan Gyllenstorm beräknade körtiden till cirka 681 minuter.,<url><loc>https://pendlings-app1.t-767929534-cloudflare.workers.dev/?fran=Osby&amp;till=Karlskrona</loc><changefreq>monthly</changefreq></url>
Kalix,Fagersta,360,263,Avståndet mellan Kalix och Fagersta är 360 km och Karl-Johan Gyllenstorm beräknade körtiden till cirka 263 minuter.,<url><loc>https://pendlings-app1.t-767929534-cloudflare.workers.dev/?fran=Kalix&amp;till=Fagersta</loc><changefreq>monthly</changefreq></url>
Katrineholm,Lekeberg,616,455,Avståndet mellan Katrineholm och Lekeberg är 616 km och Karl-Johan Gyllenstorm beräknade körtiden till cirka 455 minuter.,<url><loc>https://pendlings-app1.t-767929534-cloudflare.workers.dev/?fran=Katrineholm&amp;till=Lekeberg</loc><changefreq>monthly</changefreq></url>
Berg,Hallsberg,1135,767,Avståndet mellan Berg och Hallsberg är 1135 km och Karl-Johan Gyllenstorm beräknade körtiden till cirka 767 minuter.,<url><loc>https://pendlings-app1.t-767929534-cloudflare.workers.dev/?fran=Berg&amp;till=Hallsberg</loc><changefreq>monthly</changefreq></url>
Laholm,Mjölby,1333,1047,Avståndet mellan Laholm och Mjölby är 1333 km och Karl-Johan Gyllenstorm beräknade körtiden till cirka 1047 minuter.,<url><loc>https://pendlings-app1.t-767929534-cloudflare.workers.dev/?fran=Laholm&amp;till=Mjölby</loc><changefreq>monthly</changefreq></url>
Habon,Osby,343,223,Avståndet mellan Habon och Osby är 343 km och Karl-Johan Gyllenstorm beräknade körtiden till cirka 223 minuter.,<url><loc>https://pendlings-app1.t-767929534-cloudflare.workers.dev/?fran=Habon&amp;till=Osby</loc><changefreq>monthly</changefreq></url>
Kils,Kumla,31,20,Avståndet mellan Kils och Kumla är 31 km och Karl-Johan Gyllenstorm beräknade körtiden till cirka 20 minuter.,<url><loc>https://pendlings-app1.t-767929534-cloudflare.workers.dev/?fran=Kils&amp;till=Kumla</loc><changefreq>monthly</changefreq></url>
Dorotea,Osby,160,106,Avståndet mellan Dorotea och Osby är 160 km och Karl-Johan Gyllenstorm beräknade körtiden till cirka 106 minuter.,<url><loc>https://pendlings-app1.t-767929534-cloudflare.workers.dev/?fran=Dorotea&amp;till=Osby</loc><changefreq>monthly</changefreq></url>
Svenljunga,Oxelösund,578,368,Avståndet mellan Svenljunga och Oxelösund är 578 km och Karl-Johan Gyllenstorm beräknade körtiden till cirka 368 minuter.,<url><loc>https://pendlings-app1.t-767929534-cloudflare.workers.dev/?fran=Svenljunga&amp;till=Oxelösund</loc><changefreq>monthly</changefreq></url>
Simrishamn,Gullspång,257,171,Avståndet mellan Simrishamn och Gullspång är 257 km och Karl-Johan Gyllenstorm beräknade körtiden till cirka 171 minuter.,<url><loc>https://pendlings-app1.t-767929534-cloudflare.workers.dev/?fran=Simrishamn&amp;till=Gullspång</loc><changefreq>monthly</changefreq></url>
Halmstad,Kils,716,555,Avståndet mellan Halmstad och Kils är 716 km och Karl-Johan Gyllenstorm beräknade körtiden till cirka 555 minuter.,<url><loc>https://pendlings-app1.t-767929534-cloudflare.workers.dev/?fran=Halmstad&amp;till=Kils</loc><changefreq>monthly</changefreq></url>
Lycksele,Hedemora,1119,796,Avståndet mellan Lycksele och Hedemora är 1119 km och Karl-Johan Gyllenstorm beräknade körtiden till cirka 796 minuter.,<url><loc>https://pendlings-app1.t-767929534-cloudflare.workers.dev/?fran=Lycksele&amp;till=Hedemora</loc><changefreq>monthly</changefreq></url>
Bromölla,Sälen,275,195,Avståndet mellan Bromölla och Sälen är 275 km och Karl-Johan Gyllenstorm beräknade körtiden till cirka 195 minuter.,<url><loc>https://pendlings-app1.t-767929534-cloudflare.workers.dev/?fran=Bromölla&amp;till=Sälen</loc><changefreq>monthly</changefreq></url>
Karlsborg,Helsingborg,1283,955,Avståndet mellan Karlsborg och Helsingborg är 1283 km och Karl-Johan Gyllenstorm beräknade körtiden till cirka 955 minuter.,<url><loc>https://pendlings-app1.t-767929534-cloudflare.workers.dev/?fran=Karlsborg&amp;till=Helsingborg</loc><changefreq>monthly</changefreq></url>
Örnsköldsvik,Huddinge,195,142,Avståndet mellan Örnsköldsvik och Huddinge är 195 km och Karl-Johan Gyllenstorm beräknade körtiden till cirka 142 minuter.,<url><loc>https://pendlings-app1.t-767929534-cloudflare.workers.dev/?fran=Örnsköldsvik&amp;till=Huddinge</loc><changefreq>monthly</changefreq></url>
Tibro,Mörbylånga,213,156,Avståndet mellan Tibro och Mörbylånga är 213 km och Karl-Johan Gyllenstorm beräknade körtiden till cirka 156 minuter.,<url><loc>https://pendlings-app1.t-767929534-cloudflare.workers.dev/?fran=Tibro&amp;till=Mörbylånga</loc><changefreq>monthly</changefreq></url>
Svenljunga,Skutskär,819,539,Avståndet mellan Svenljunga och Skutskär är 819 km och Karl-Johan Gyllenstorm beräknade körtiden till cirka 539 minuter.,<url><loc>https://pendlings-app1.t-767929534-cloudflare.workers.dev/?fran=Svenljunga&amp;till=Skutskär</loc><changefreq>monthly</changefreq></url>
Östhammar,Sotenäs,1141,729,Avståndet mellan Östhammar och Sotenäs är 1141 km och Karl-Johan Gyllenstorm beräknade körtiden till cirka 729 minuter.,<url><loc>https://pendlings-app1.t-767929534-cloudflare.workers.dev/?fran=Östhammar&amp;till=Sotenäs</loc><changefreq>monthly</changefreq></url>
Mörbylånga,Sala,62,40,Avståndet mellan Mörbylånga och Sala är 62 km och Karl-Johan Gyllenstorm beräknade körtiden till cirka 40 minuter.,<url><loc>https://pendlings-app1.t-767929534-cloudflare.workers.dev/?fran=Mörbylånga&amp;till=Sala</loc><changefreq>monthly</changefreq></url>
Krokom,Kiruna,1295,853,Avståndet mellan Krokom och Kiruna är 1295 km och Karl-Johan Gyllenstorm beräknade körtiden till cirka 853 minuter.,<url><loc>https://pendlings-app1.t-767929534-cloudflare.workers.dev/?fran=Krokom&amp;till=Kiruna</loc><changefreq>monthly</changefreq></url>
Töreboda,Hörby,201,127,Avståndet mellan Töreboda och Hörby är 201 km och Karl-Johan Gyllenstorm beräknade körtiden till cirka 127 minuter.,<url><loc>https://pendlings-app1.t-767929534-cloudflare.workers.dev/?fran=Töreboda&amp;till=Hörby</loc><changefreq>monthly</changefreq></url>
Ulricehamn,Värnamo,357,275,Avståndet mellan Ulricehamn och Värnamo är 357 km och Karl-Johan Gyllenstorm beräknade körtiden till cirka 275 minuter.,<url><loc>https://pendlings-app1.t-767929534-cloudflare.workers.dev/?fran=Ulricehamn&amp;till=Värnamo</loc><changefreq>monthly</changefreq></url>
Havdhem,Bjuv,353,248,Avståndet mellan Havdhem och Bjuv är 353 km och Karl-Johan Gyllenstorm beräknade körtiden till cirka 248 minuter.,<url><loc>https://pendlings-app1.t-767929534-cloudflare.workers.dev/?fran=Havdhem&amp;till=Bjuv</loc><changefreq>monthly</changefreq></url>
Övertorneå,Storfors,1437,1006,Avståndet mellan Övertorneå och Storfors är 1437 km och Karl-Johan Gyllenstorm beräknade körtiden till cirka 1006 minuter.,<url><loc>https://pendlings-app1.t-767929534-cloudflare.workers.dev/?fran=Övertorneå&amp;till=Storfors</loc><changefreq>monthly</changefreq></url>
Arvika,Munkfors,1005,636,Avståndet mellan Arvika och Munkfors är 1005 km och Karl-Johan Gyllenstorm beräknade körtiden till cirka 636 minuter.,<url><loc>https://pendlings-app1.t-767929534-cloudflare.workers.dev/?fran=Arvika&amp;till=Munkfors</loc><changefreq>monthly</changefreq></url>
Tranås,Sunne,1318,964,Avståndet mellan Tranås och Sunne är 1318 km och Karl-Johan Gyllenstorm beräknade körtiden till cirka 964 minuter.,<url><loc>https://pendlings-app1.t-767929534-cloudflare.workers.dev/?fran=Tranås&amp;till=Sunne</loc><changefreq>monthly</changefreq></url>
Falkenberg,Rättvik,721,470,Avståndet mellan Falkenberg och Rättvik är 721 km och Karl-Johan Gyllenstorm beräknade körtiden till cirka 470 minuter.,<url><loc>https://pendlings-app1.t-767929534-cloudflare.workers.dev/?fran=Falkenberg&amp;till=Rättvik</loc><changefreq>monthly</changefreq></url>
Västervik,Falköping,910,708,Avståndet mellan Västervik och Falköping är 910 km och Karl-Johan Gyllenstorm beräknade körtiden till cirka 708 minuter.,<url><loc>https://pendlings-app1.t-767929534-cloudflare.workers.dev/?fran=Västervik&amp;till=Falköping</loc><changefreq>monthly</changefreq></url>
Vellinge,Ludvika,1074,712,Avståndet mellan Vellinge och Ludvika är 1074 km och Karl-Johan Gyllenstorm beräknade körtiden till cirka 712 minuter.,<url><loc>https://pendlings-app1.t-767929534-cloudflare.workers.dev/?fran=Vellinge&amp;till=Ludvika</loc><changefreq>monthly</changefreq></url>
Lomma,Jönköping,849,643,Avståndet mellan Lomma och Jönköping är 849 km och Karl-Johan Gyllenstorm beräknade körtiden till cirka 643 minuter.,<url><loc>https://pendlings-app1.t-767929534-cloudflare.workers.dev/?fran=Lomma&amp;till=Jönköping</loc><changefreq>monthly</changefreq></url>
Tanum,Klintehamn,414,284,Avståndet mellan Tanum och Klintehamn är 414 km och Karl-Johan Gyllenstorm beräknade körtiden till cirka 284 minuter.,<url><loc>https://pendlings-app1.t-767929534-cloudflare.workers.dev/?fran=Tanum&amp;till=Klintehamn</loc><changefreq>monthly</changefreq></url>
Ödeshög,Växjö,1015,673,Avståndet mellan Ödeshög och Växjö är 1015 km och Karl-Johan Gyllenstorm beräknade körtiden till cirka 673 minuter.,<url><loc>https://pendlings-app1.t-767929534-cloudflare.workers.dev/?fran=Ödeshög&amp;till=Växjö</loc><changefreq>monthly</changefreq></url>
Falun,Ängelholm,162,103,Avståndet mellan Falun och Ängelholm är 162 km och Karl-Johan Gyllenstorm beräknade körtiden till cirka 103 minuter.,<url><loc>https://pendlings-app1.t-767929534-cloudflare.workers.dev/?fran=Falun&amp;till=Ängelholm</loc><changefreq>monthly</changefreq></url>
Gnosjö,Västerås,489,320,Avståndet mellan Gnosjö och Västerås är 489 km och Karl-Johan Gyllenstorm beräknade körtiden till cirka 320 minuter.,<url><loc>https://pendlings-app1.t-767929534-cloudflare.workers.dev/?fran=Gnosjö&amp;till=Västerås</loc><changefreq>monthly</changefreq></url>
Gällivare,Sunne,1037,722,Avståndet mellan Gällivare och Sunne är 1037 km och Karl-Johan Gyllenstorm beräknade körtiden till cirka 722 minuter.,<url><loc>https://pendlings-app1.t-767929534-cloudflare.workers.dev/?fran=Gällivare&amp;till=Sunne</loc><changefreq>monthly</changefreq></url>
Åtvidaberg,Gnestad,962,698,Avståndet mellan Åtvidaberg och Gnestad är 962 km och Karl-Johan Gyllenstorm beräknade körtiden till cirka 698 minuter.,<url><loc>https://pendlings-app1.t-767929534-cloudflare.workers.dev/?fran=Åtvidaberg&amp;till=Gnestad</loc><changefreq>monthly</changefreq></url>
Lidköping,Gullspång,1340,976,Avståndet mellan Lidköping och Gullspång är 1340 km och Karl-Johan Gyllenstorm beräknade körtiden till cirka 976 minuter.,<url><loc>https://pendlings-app1.t-767929534-cloudflare.workers.dev/?fran=Lidköping&amp;till=Gullspång</loc><changefreq>monthly</changefreq></url>
Borgholm,Laxå,110,87,Avståndet mellan Borgholm och Laxå är 110 km och Karl-Johan Gyllenstorm beräknade körtiden till cirka 87 minuter.,<url><loc>https://pendlings-app1.t-767929534-cloudflare.workers.dev/?fran=Borgholm&amp;till=Laxå</loc><changefreq>monthly</changefreq></url>
Bräcke,Hultsfred,410,328,Avståndet mellan Bräcke och Hultsfred är 410 km och Karl-Johan Gyllenstorm beräknade körtiden till cirka 328 minuter.,<url><loc>https://pendlings-app1.t-767929534-cloudflare.workers.dev/?fran=Bräcke&amp;till=Hultsfred</loc><changefreq>monthly</changefreq></url>
Bjuv,Oskarshamn,752,599,Avståndet mellan Bjuv och Oskarshamn är 752 km och Karl-Johan Gyllenstorm beräknade körtiden till cirka 599 minuter.,<url><loc>https://pendlings-app1.t-767929534-cloudflare.workers.dev/?fran=Bjuv&amp;till=Oskarshamn</loc><changefreq>monthly</changefreq></url>
Osby,Lekeberg,1386,888,Avståndet mellan Osby och Lekeberg är 1386 km och Karl-Johan Gyllenstorm beräknade körtiden till cirka 888 minuter.,<url><loc>https://pendlings-app1.t-767929534-cloudflare.workers.dev/?fran=Osby&amp;till=Lekeberg</loc><changefreq>monthly</changefreq></url>
Mullsjö,Trosa,1353,993,Avståndet mellan Mullsjö och Trosa är 1353 km och Karl-Johan Gyllenstorm beräknade körtiden till cirka 993 minuter.,<url><loc>https://pendlings-app1.t-767929534-cloudflare.workers.dev/?fran=Mullsjö&amp;till=Trosa</loc><changefreq>monthly</changefreq></url>
Jönköping,Östhammar,40,25,Avståndet mellan Jönköping och Östhammar är 40 km och Karl-Johan Gyllenstorm beräknade körtiden till cirka 25 minuter.,<url><loc>https://pendlings-app1.t-767929534-cloudflare.workers.dev/?fran=Jönköping&amp;till=Östhammar</loc><changefreq>monthly</changefreq></url>
Eslöv,Kristinehamn,974,762,Avståndet mellan Eslöv och Kristinehamn är 974 km och Karl-Johan Gyllenstorm beräknade körtiden till cirka 762 minuter.,<url><loc>https://pendlings-app1.t-767929534-cloudflare.workers.dev/?fran=Eslöv&amp;till=Kristinehamn</loc><changefreq>monthly</changefreq></url>
Leksand,Mjölby,221,153,Avståndet mellan Leksand och Mjölby är 221 km och Karl-Johan Gyllenstorm beräknade körtiden till cirka 153 minuter.,<url><loc>https://pendlings-app1.t-767929534-cloudflare.workers.dev/?fran=Leksand&amp;till=Mjölby</loc><changefreq>monthly</changefreq></url>
Ljusdal,Tanum,1174,780,Avståndet mellan Ljusdal och Tanum är 1174 km och Karl-Johan Gyllenstorm beräknade körtiden till cirka 780 minuter.,<url><loc>https://pendlings-app1.t-767929534-cloudflare.workers.dev/?fran=Ljusdal&amp;till=Tanum</loc><changefreq>monthly</changefreq></url>
Karlskoga,Timrå,1239,957,Avståndet mellan Karlskoga och Timrå är 1239 km och Karl-Johan Gyllenstorm beräknade körtiden till cirka 957 minuter.,<url><loc>https://pendlings-app1.t-767929534-cloudflare.workers.dev/?fran=Karlskoga&amp;till=Timrå</loc><changefreq>monthly</changefreq></url>
Oskarshamn,Hässleholm,1037,723,Avståndet mellan Oskarshamn och Hässleholm är 1037 km och Karl-Johan Gyllenstorm beräknade körtiden till cirka 723 minuter.,<url><loc>https://pendlings-app1.t-767929534-cloudflare.workers.dev/?fran=Oskarshamn&amp;till=Hässleholm</loc><changefreq>monthly</changefreq></url>
Filipstad,Grästorp,1154,773,Avståndet mellan Filipstad och Grästorp är 1154 km och Karl-Johan Gyllenstorm beräknade körtiden till cirka 773 minuter.,<url><loc>https://pendlings-app1.t-767929534-cloudflare.workers.dev/?fran=Filipstad&amp;till=Grästorp</loc><changefreq>monthly</changefreq></url>
Boden,Jönköping,722,560,Avståndet mellan Boden och Jönköping är 722 km och Karl-Johan Gyllenstorm beräknade körtiden till cirka 560 minuter.,<url><loc>https://pendlings-app1.t-767929534-cloudflare.workers.dev/?fran=Boden&amp;till=Jönköping</loc><changefreq>monthly</changefreq></url>
Bengtsfors,Karlstad,91,60,Avståndet mellan Bengtsfors och Karlstad är 91 km och Karl-Johan Gyllenstorm beräknade körtiden till cirka 60 minuter.,<url><loc>https://pendlings-app1.t-767929534-cloudflare.workers.dev/?fran=Bengtsfors&amp;till=Karlstad</loc><changefreq>monthly</changefreq></url>
Söderköping,Grums,1331,982,Avståndet mellan Söderköping och Grums är 1331 km och Karl-Johan Gyllenstorm beräknade körtiden till cirka 982 minuter.,<url><loc>https://pendlings-app1.t-767929534-cloudflare.workers.dev/?fran=Söderköping&amp;till=Grums</loc><changefreq>monthly</changefreq></url>
Karlstad,Enköping,664,465,Avståndet mellan Karlstad och Enköping är 664 km och Karl-Johan Gyllenstorm beräknade körtiden till cirka 465 minuter.,<url><loc>https://pendlings-app1.t-767929534-cloudflare.workers.dev/?fran=Karlstad&amp;till=Enköping</loc><changefreq>monthly</changefreq></url>
Herrljunga,Laholm,896,665,Avståndet mellan Herrljunga och Laholm är 896 km och Karl-Johan Gyllenstorm beräknade körtiden till cirka 665 minuter.,<url><loc>https://pendlings-app1.t-767929534-cloudflare.workers.dev/?fran=Herrljunga&amp;till=Laholm</loc><changefreq>monthly</changefreq></url>
Gävle,Hässleholm,243,192,Avståndet mellan Gävle och Hässleholm är 243 km och Karl-Johan Gyllenstorm beräknade körtiden till cirka 192 minuter.,<url><loc>https://pendlings-app1.t-767929534-cloudflare.workers.dev/?fran=Gävle&amp;till=Hässleholm</loc><changefreq>monthly</changefreq></url>
Mullsjö,Tingstäde,639,434,Avståndet mellan Mullsjö och Tingstäde är 639 km och Karl-Johan Gyllenstorm beräknade körtiden till cirka 434 minuter.,<url><loc>https://pendlings-app1.t-767929534-cloudflare.workers.dev/?fran=Mullsjö&amp;till=Tingstäde</loc><changefreq>monthly</changefreq></url>
Sävsjö,Fårösund,305,206,Avståndet mellan Sävsjö och Fårösund är 305 km och Karl-Johan Gyllenstorm beräknade körtiden till cirka 206 minuter.,<url><loc>https://pendlings-app1.t-767929534-cloudflare.workers.dev/?fran=Sävsjö&amp;till=Fårösund</loc><changefreq>monthly</changefreq></url>
Tofta,Sveg,802,507,Avståndet mellan Tofta och Sveg är 802 km och Karl-Johan Gyllenstorm beräknade körtiden till cirka 507 minuter.,<url><loc>https://pendlings-app1.t-767929534-cloudflare.workers.dev/?fran=Tofta&amp;till=Sveg</loc><changefreq>monthly</changefreq></url>
Ystad,Askersund,599,439,Avståndet mellan Ystad och Askersund är 599 km och Karl-Johan Gyllenstorm beräknade körtiden till cirka 439 minuter.,<url><loc>https://pendlings-app1.t-767929534-cloudflare.workers.dev/?fran=Ystad&amp;till=Askersund</loc><changefreq>monthly</changefreq></url>
Gnestad,Perstorp,868,550,Avståndet mellan Gnestad och Perstorp är 868 km och Karl-Johan Gyllenstorm beräknade körtiden till cirka 550 minuter.,<url><loc>https://pendlings-app1.t-767929534-cloudflare.workers.dev/?fran=Gnestad&amp;till=Perstorp</loc><changefreq>monthly</changefreq></url>
Roma,Klintehamn,1112,811,Avståndet mellan Roma och Klintehamn är 1112 km och Karl-Johan Gyllenstorm beräknade körtiden till cirka 811 minuter.,<url><loc>https://pendlings-app1.t-767929534-cloudflare.workers.dev/?fran=Roma&amp;till=Klintehamn</loc><changefreq>monthly</changefreq></url>
Tibro,Karlskrona,1045,772,Avståndet mellan Tibro och Karlskrona är 1045 km och Karl-Johan Gyllenstorm beräknade körtiden till cirka 772 minuter.,<url><loc>https://pendlings-app1.t-767929534-cloudflare.workers.dev/?fran=Tibro&amp;till=Karlskrona</loc><changefreq>monthly</changefreq></url>
Vänersborg,Perstorp,639,461,Avståndet mellan Vänersborg och Perstorp är 639 km och Karl-Johan Gyllenstorm beräknade körtiden till cirka 461 minuter.,<url><loc>https://pendlings-app1.t-767929534-cloudflare.workers.dev/?fran=Vänersborg&amp;till=Perstorp</loc><changefreq>monthly</changefreq></url>
Färjestaden,Tingstäde,78,49,Avståndet mellan Färjestaden och Tingstäde är 78 km och Karl-Johan Gyllenstorm beräknade körtiden till cirka 49 minuter.,<url><loc>https://pendlings-app1.t-767929534-cloudflare.workers.dev/?fran=Färjestaden&amp;till=Tingstäde</loc><changefreq>monthly</changefreq></url>
Tingstäde,Vetlanda,696,531,Avståndet mellan Tingstäde och Vetlanda är 696 km och Karl-Johan Gyllenstorm beräknade körtiden till cirka 531 minuter.,<url><loc>https://pendlings-app1.t-767929534-cloudflare.workers.dev/?fran=Tingstäde&amp;till=Vetlanda</loc><changefreq>monthly</changefreq></url>
Torsby,Hyltebruk,215,140,Avståndet mellan Torsby och Hyltebruk är 215 km och Karl-Johan Gyllenstorm beräknade körtiden till cirka 140 minuter.,<url><loc>https://pendlings-app1.t-767929534-cloudflare.workers.dev/?fran=Torsby&amp;till=Hyltebruk</loc><changefreq>monthly</changefreq></url>
Uddevalla,Krokom,1100,758,Avståndet mellan Uddevalla och Krokom är 1100 km och Karl-Johan Gyllenstorm beräknade körtiden till cirka 758 minuter.,<url><loc>https://pendlings-app1.t-767929534-cloudflare.workers.dev/?fran=Uddevalla&amp;till=Krokom</loc><changefreq>monthly</changefreq></url>
Knivsta,Bålsta,230,168,Avståndet mellan Knivsta och Bålsta är 230 km och Karl-Johan Gyllenstorm beräknade körtiden till cirka 168 minuter.,<url><loc>https://pendlings-app1.t-767929534-cloudflare.workers.dev/?fran=Knivsta&amp;till=Bålsta</loc><changefreq>monthly</changefreq></url>
Stånga,Sundsvall,219,139,Avståndet mellan Stånga och Sundsvall är 219 km och Karl-Johan Gyllenstorm beräknade körtiden till cirka 139 minuter.,<url><loc>https://pendlings-app1.t-767929534-cloudflare.workers.dev/?fran=Stånga&amp;till=Sundsvall</loc><changefreq>monthly</changefreq></url>
Göteborg,Hörby,708,522,Avståndet mellan Göteborg och Hörby är 708 km och Karl-Johan Gyllenstorm beräknade körtiden till cirka 522 minuter.,<url><loc>https://pendlings-app1.t-767929534-cloudflare.workers.dev/?fran=Göteborg&amp;till=Hörby</loc><changefreq>monthly</changefreq></url>
Söderköping,Kumla,278,212,Avståndet mellan Söderköping och Kumla är 278 km och Karl-Johan Gyllenstorm beräknade körtiden till cirka 212 minuter.,<url><loc>https://pendlings-app1.t-767929534-cloudflare.workers.dev/?fran=Söderköping&amp;till=Kumla</loc><changefreq>monthly</changefreq></url>
Karlskrona,Habon,459,318,Avståndet mellan Karlskrona och Habon är 459 km och Karl-Johan Gyllenstorm beräknade körtiden till cirka 318 minuter.,<url><loc>https://pendlings-app1.t-767929534-cloudflare.workers.dev/?fran=Karlskrona&amp;till=Habon</loc><changefreq>monthly</changefreq></url>
Lärbro,Ydre,186,140,Avståndet mellan Lärbro och Ydre är 186 km och Karl-Johan Gyllenstorm beräknade körtiden till cirka 140 minuter.,<url><loc>https://pendlings-app1.t-767929534-cloudflare.workers.dev/?fran=Lärbro&amp;till=Ydre</loc><changefreq>monthly</changefreq></url>
Degerfors,Ödeshög,591,437,Avståndet mellan Degerfors och Ödeshög är 591 km och Karl-Johan Gyllenstorm beräknade körtiden till cirka 437 minuter.,<url><loc>https://pendlings-app1.t-767929534-cloudflare.workers.dev/?fran=Degerfors&amp;till=Ödeshög</loc><changefreq>monthly</changefreq></url>
Östra Göinge,Mjölby,1151,767,Avståndet mellan Östra Göinge och Mjölby är 1151 km och Karl-Johan Gyllenstorm beräknade körtiden till cirka 767 minuter.,<url><loc>https://pendlings-app1.t-767929534-cloudflare.workers.dev/?fran=Östra Göinge&amp;till=Mjölby</loc><changefreq>monthly</changefreq></url>
Gnestad,Alingsås,188,124,Avståndet mellan Gnestad och Alingsås är 188 km och Karl-Johan Gyllenstorm beräknade körtiden till cirka 124 minuter.,<url><loc>https://pendlings-app1.t-767929534-cloudflare.workers.dev/?fran=Gnestad&amp;till=Alingsås</loc><changefreq>monthly</changefreq></url>
Landskrona,Vilhelmina,1149,736,Avståndet mellan Landskrona och Vilhelmina är 1149 km och Karl-Johan Gyllenstorm beräknade körtiden till cirka 736 minuter.,<url><loc>https://pendlings-app1.t-767929534-cloudflare.workers.dev/?fran=Landskrona&amp;till=Vilhelmina</loc><changefreq>monthly</changefreq></url>
Hultsfred,Lomma,1439,1005,Avståndet mellan Hultsfred och Lomma är 1439 km och Karl-Johan Gyllenstorm beräknade körtiden till cirka 1005 minuter.,<url><loc>https://pendlings-app1.t-767929534-cloudflare.workers.dev/?fran=Hultsfred&amp;till=Lomma</loc><changefreq>monthly</changefreq></url>
Staffanstorp,Ludvika,1156,787,Avståndet mellan Staffanstorp och Ludvika är 1156 km och Karl-Johan Gyllenstorm beräknade körtiden till cirka 787 minuter.,<url><loc>https://pendlings-app1.t-767929534-cloudflare.workers.dev/?fran=Staffanstorp&amp;till=Ludvika</loc><changefreq>monthly</changefreq></url>
Laholm,Hässleholm,230,149,Avståndet mellan Laholm och Hässleholm är 230 km och Karl-Johan Gyllenstorm beräknade körtiden till cirka 149 minuter.,<url><loc>https://pendlings-app1.t-767929534-cloudflare.workers.dev/?fran=Laholm&amp;till=Hässleholm</loc><changefreq>monthly</changefreq></url>
Grums,Halmstad,108,80,Avståndet mellan Grums och Halmstad är 108 km och Karl-Johan Gyllenstorm beräknade körtiden till cirka 80 minuter.,<url><loc>https://pendlings-app1.t-767929534-cloudflare.workers.dev/?fran=Grums&amp;till=Halmstad</loc><changefreq>monthly</changefreq></url>
Linköping,Vilhelmina,885,691,Avståndet mellan Linköping och Vilhelmina är 885 km och Karl-Johan Gyllenstorm beräknade körtiden till cirka 691 minuter.,<url><loc>https://pendlings-app1.t-767929534-cloudflare.workers.dev/?fran=Linköping&amp;till=Vilhelmina</loc><changefreq>monthly</changefreq></url>
Vetlanda,Sölvesborg,707,528,Avståndet mellan Vetlanda och Sölvesborg är 707 km och Karl-Johan Gyllenstorm beräknade körtiden till cirka 528 minuter.,<url><loc>https://pendlings-app1.t-767929534-cloudflare.workers.dev/?fran=Vetlanda&amp;till=Sölvesborg</loc><changefreq>monthly</changefreq></url>
Kopparberg,Vänersborg,131,101,Avståndet mellan Kopparberg och Vänersborg är 131 km och Karl-Johan Gyllenstorm beräknade körtiden till cirka 101 minuter.,<url><loc>https://pendlings-app1.t-767929534-cloudflare.workers.dev/?fran=Kopparberg&amp;till=Vänersborg</loc><changefreq>monthly</changefreq></url>
Linköping,Kungsbacka,218,139,Avståndet mellan Linköping och Kungsbacka är 218 km och Karl-Johan Gyllenstorm beräknade körtiden till cirka 139 minuter.,<url><loc>https://pendlings-app1.t-767929534-cloudflare.workers.dev/?fran=Linköping&amp;till=Kungsbacka</loc><changefreq>monthly</changefreq></url>
Piteå,Simrishamn,1229,982,Avståndet mellan Piteå och Simrishamn är 1229 km och Karl-Johan Gyllenstorm beräknade körtiden till cirka 982 minuter.,<url><loc>https://pendlings-app1.t-767929534-cloudflare.workers.dev/?fran=Piteå&amp;till=Simrishamn</loc><changefreq>monthly</changefreq></url>
Arvidsjaur,Staffanstorp,1001,792,Avståndet mellan Arvidsjaur och Staffanstorp är 1001 km och Karl-Johan Gyllenstorm beräknade körtiden till cirka 792 minuter.,<url><loc>https://pendlings-app1.t-767929534-cloudflare.workers.dev/?fran=Arvidsjaur&amp;till=Staffanstorp</loc><changefreq>monthly</changefreq></url>
Ulricehamn,Leksand,764,551,Avståndet mellan Ulricehamn och Leksand är 764 km och Karl-Johan Gyllenstorm beräknade körtiden till cirka 551 minuter.,<url><loc>https://pendlings-app1.t-767929534-cloudflare.workers.dev/?fran=Ulricehamn&amp;till=Leksand</loc><changefreq>monthly</changefreq></url>
Luleå,Trosa,243,182,Avståndet mellan Luleå och Trosa är 243 km och Karl-Johan Gyllenstorm beräknade körtiden till cirka 182 minuter.,<url><loc>https://pendlings-app1.t-767929534-cloudflare.workers.dev/?fran=Luleå&amp;till=Trosa</loc><changefreq>monthly</changefreq></url>
Överkalix,Norberg,1235,790,Avståndet mellan Överkalix och Norberg är 1235 km och Karl-Johan Gyllenstorm beräknade körtiden till cirka 790 minuter.,<url><loc>https://pendlings-app1.t-767929534-cloudflare.workers.dev/?fran=Överkalix&amp;till=Norberg</loc><changefreq>monthly</changefreq></url>
Säffle,Mullsjö,532,416,Avståndet mellan Säffle och Mullsjö är 532 km och Karl-Johan Gyllenstorm beräknade körtiden till cirka 416 minuter.,<url><loc>https://pendlings-app1.t-767929534-cloudflare.workers.dev/?fran=Säffle&amp;till=Mullsjö</loc><changefreq>monthly</changefreq></url>
Vingåker,Höör,369,281,Avståndet mellan Vingåker och Höör är 369 km och Karl-Johan Gyllenstorm beräknade körtiden till cirka 281 minuter.,<url><loc>https://pendlings-app1.t-767929534-cloudflare.workers.dev/?fran=Vingåker&amp;till=Höör</loc><changefreq>monthly</changefreq></url>
Norsjö,Burgsvik,1190,802,Avståndet mellan Norsjö och Burgsvik är 1190 km och Karl-Johan Gyllenstorm beräknade körtiden till cirka 802 minuter.,<url><loc>https://pendlings-app1.t-767929534-cloudflare.workers.dev/?fran=Norsjö&amp;till=Burgsvik</loc><changefreq>monthly</changefreq></url>
Kopparberg,Askersund,237,162,Avståndet mellan Kopparberg och Askersund är 237 km och Karl-Johan Gyllenstorm beräknade körtiden till cirka 162 minuter.,<url><loc>https://pendlings-app1.t-767929534-cloudflare.workers.dev/?fran=Kopparberg&amp;till=Askersund</loc><changefreq>monthly</changefreq></url>
Kiruna,Svenljunga,59,42,Avståndet mellan Kiruna och Svenljunga är 59 km och Karl-Johan Gyllenstorm beräknade körtiden till cirka 42 minuter.,<url><loc>https://pendlings-app1.t-767929534-cloudflare.workers.dev/?fran=Kiruna&amp;till=Svenljunga</loc><changefreq>monthly</changefreq></url>
Hjo,Ystad,284,217,Avståndet mellan Hjo och Ystad är 284 km och Karl-Johan Gyllenstorm beräknade körtiden till cirka 217 minuter.,<url><loc>https://pendlings-app1.t-767929534-cloudflare.workers.dev/?fran=Hjo&amp;till=Ystad</loc><changefreq>monthly</changefreq></url>
Bengtsfors,Sjöbo,1422,1001,Avståndet mellan Bengtsfors och Sjöbo är 1422 km och Karl-Johan Gyllenstorm beräknade körtiden till cirka 1001 minuter.,<url><loc>https://pendlings-app1.t-767929534-cloudflare.workers.dev/?fran=Bengtsfors&amp;till=Sjöbo</loc><changefreq>monthly</changefreq></url>
Torsby,Boden,860,687,Avståndet mellan Torsby och Boden är 860 km och Karl-Johan Gyllenstorm beräknade körtiden till cirka 687 minuter.,<url><loc>https://pendlings-app1.t-767929534-cloudflare.workers.dev/?fran=Torsby&amp;till=Boden</loc><changefreq>monthly</changefreq></url>
Lekeberg,Tofta,1096,711,Avståndet mellan Lekeberg och Tofta är 1096 km och Karl-Johan Gyllenstorm beräknade körtiden till cirka 711 minuter.,<url><loc>https://pendlings-app1.t-767929534-cloudflare.workers.dev/?fran=Lekeberg&amp;till=Tofta</loc><changefreq>monthly</changefreq></url>
Ronehamn,Halmstad,1206,796,Avståndet mellan Ronehamn och Halmstad är 1206 km och Karl-Johan Gyllenstorm beräknade körtiden till cirka 796 minuter.,<url><loc>https://pendlings-app1.t-767929534-cloudflare.workers.dev/?fran=Ronehamn&amp;till=Halmstad</loc><changefreq>monthly</changefreq></url>
Skinnskatteberg,Gällivare,409,289,Avståndet mellan Skinnskatteberg och Gällivare är 409 km och Karl-Johan Gyllenstorm beräknade körtiden till cirka 289 minuter.,<url><loc>https://pendlings-app1.t-767929534-cloudflare.workers.dev/?fran=Skinnskatteberg&amp;till=Gällivare</loc><changefreq>monthly</changefreq></url>
Borgholm,Kristinehamn,512,403,Avståndet mellan Borgholm och Kristinehamn är 512 km och Karl-Johan Gyllenstorm beräknade körtiden till cirka 403 minuter.,<url><loc>https://pendlings-app1.t-767929534-cloudflare.workers.dev/?fran=Borgholm&amp;till=Kristinehamn</loc><changefreq>monthly</changefreq></url>
Krokom,Jönköping,457,314,Avståndet mellan Krokom och Jönköping är 457 km och Karl-Johan Gyllenstorm beräknade körtiden till cirka 314 minuter.,<url><loc>https://pendlings-app1.t-767929534-cloudflare.workers.dev/?fran=Krokom&amp;till=Jönköping</loc><changefreq>monthly</changefreq></url>
Charlottenberg,Hallstahammar,820,624,Avståndet mellan Charlottenberg och Hallstahammar är 820 km och Karl-Johan Gyllenstorm beräknade körtiden till cirka 624 minuter.,<url><loc>https://pendlings-app1.t-767929534-cloudflare.workers.dev/?fran=Charlottenberg&amp;till=Hallstahammar</loc><changefreq>monthly</changefreq></url>
Grums,Gnosjö,1105,820,Avståndet mellan Grums och Gnosjö är 1105 km och Karl-Johan Gyllenstorm beräknade körtiden till cirka 820 minuter.,<url><loc>https://pendlings-app1.t-767929534-cloudflare.workers.dev/?fran=Grums&amp;till=Gnosjö</loc><changefreq>monthly</changefreq></url>
Kils,Vilhelmina,303,219,Avståndet mellan Kils och Vilhelmina är 303 km och Karl-Johan Gyllenstorm beräknade körtiden till cirka 219 minuter.,<url><loc>https://pendlings-app1.t-767929534-cloudflare.workers.dev/?fran=Kils&amp;till=Vilhelmina</loc><changefreq>monthly</changefreq></url>
Olofström,Trelleborg,1234,890,Avståndet mellan Olofström och Trelleborg är 1234 km och Karl-Johan Gyllenstorm beräknade körtiden till cirka 890 minuter.,<url><loc>https://pendlings-app1.t-767929534-cloudflare.workers.dev/?fran=Olofström&amp;till=Trelleborg</loc><changefreq>monthly</changefreq></url>
Osby,Bålsta,1209,898,Avståndet mellan Osby och Bålsta är 1209 km och Karl-Johan Gyllenstorm beräknade körtiden till cirka 898 minuter.,<url><loc>https://pendlings-app1.t-767929534-cloudflare.workers.dev/?fran=Osby&amp;till=Bålsta</loc><changefreq>monthly</changefreq></url>
Ockelbo,Vimmerby,535,368,Avståndet mellan Ockelbo och Vimmerby är 535 km och Karl-Johan Gyllenstorm beräknade körtiden till cirka 368 minuter.,<url><loc>https://pendlings-app1.t-767929534-cloudflare.workers.dev/?fran=Ockelbo&amp;till=Vimmerby</loc><changefreq>monthly</changefreq></url>
Kävlinge,Ulricehamn,280,188,Avståndet mellan Kävlinge och Ulricehamn är 280 km och Karl-Johan Gyllenstorm beräknade körtiden till cirka 188 minuter.,<url><loc>https://pendlings-app1.t-767929534-cloudflare.workers.dev/?fran=Kävlinge&amp;till=Ulricehamn</loc><changefreq>monthly</changefreq></url>
Smedjebacken,Nordanstig,547,373,Avståndet mellan Smedjebacken och Nordanstig är 547 km och Karl-Johan Gyllenstorm beräknade körtiden till cirka 373 minuter.,<url><loc>https://pendlings-app1.t-767929534-cloudflare.workers.dev/?fran=Smedjebacken&amp;till=Nordanstig</loc><changefreq>monthly</changefreq></url>
Åre,Täby,1044,835,Avståndet mellan Åre och Täby är 1044 km och Karl-Johan Gyllenstorm beräknade körtiden till cirka 835 minuter.,<url><loc>https://pendlings-app1.t-767929534-cloudflare.workers.dev/?fran=Åre&amp;till=Täby</loc><changefreq>monthly</changefreq></url>
Säffle,Åmål,259,187,Avståndet mellan Säffle och Åmål är 259 km och Karl-Johan Gyllenstorm beräknade körtiden till cirka 187 minuter.,<url><loc>https://pendlings-app1.t-767929534-cloudflare.workers.dev/?fran=Säffle&amp;till=Åmål</loc><changefreq>monthly</changefreq></url>
Uppsala,Sjöbo,416,278,Avståndet mellan Uppsala och Sjöbo är 416 km och Karl-Johan Gyllenstorm beräknade körtiden till cirka 278 minuter.,<url><loc>https://pendlings-app1.t-767929534-cloudflare.workers.dev/?fran=Uppsala&amp;till=Sjöbo</loc><changefreq>monthly</changefreq></url>
Kiruna,Emmaboda,1440,1114,Avståndet mellan Kiruna och Emmaboda är 1440 km och Karl-Johan Gyllenstorm beräknade körtiden till cirka 1114 minuter.,<url><loc>https://pendlings-app1.t-767929534-cloudflare.workers.dev/?fran=Kiruna&amp;till=Emmaboda</loc><changefreq>monthly</changefreq></url>
Gällivare,Färgelanda,402,264,Avståndet mellan Gällivare och Färgelanda är 402 km och Karl-Johan Gyllenstorm beräknade körtiden till cirka 264 minuter.,<url><loc>https://pendlings-app1.t-767929534-cloudflare.workers.dev/?fran=Gällivare&amp;till=Färgelanda</loc><changefreq>monthly</changefreq></url>
Eslöv,Surahammar,1213,940,Avståndet mellan Eslöv och Surahammar är 1213 km och Karl-Johan Gyllenstorm beräknade körtiden till cirka 940 minuter.,<url><loc>https://pendlings-app1.t-767929534-cloudflare.workers.dev/?fran=Eslöv&amp;till=Surahammar</loc><changefreq>monthly</changefreq></url>
Älvkarleby,Töreboda,1399,1050,Avståndet mellan Älvkarleby och Töreboda är 1399 km och Karl-Johan Gyllenstorm beräknade körtiden till cirka 1050 minuter.,<url><loc>https://pendlings-app1.t-767929534-cloudflare.workers.dev/?fran=Älvkarleby&amp;till=Töreboda</loc><changefreq>monthly</changefreq></url>
Varberg,Karlskoga,107,81,Avståndet mellan Varberg och Karlskoga är 107 km och Karl-Johan Gyllenstorm beräknade körtiden till cirka 81 minuter.,<url><loc>https://pendlings-app1.t-767929534-cloudflare.workers.dev/?fran=Varberg&amp;till=Karlskoga</loc><changefreq>monthly</changefreq></url>
Storfors,Dorotea,536,358,Avståndet mellan Storfors och Dorotea är 536 km och Karl-Johan Gyllenstorm beräknade körtiden till cirka 358 minuter.,<url><loc>https://pendlings-app1.t-767929534-cloudflare.workers.dev/?fran=Storfors&amp;till=Dorotea</loc><changefreq>monthly</changefreq></url>
Trollhättan,Färgelanda,172,116,Avståndet mellan Trollhättan och Färgelanda är 172 km och Karl-Johan Gyllenstorm beräknade körtiden till cirka 116 minuter.,<url><loc>https://pendlings-app1.t-767929534-cloudflare.workers.dev/?fran=Trollhättan&amp;till=Färgelanda</loc><changefreq>monthly</changefreq></url>
Örebro,Bräcke,297,189,Avståndet mellan Örebro och Bräcke är 297 km och Karl-Johan Gyllenstorm beräknade körtiden till cirka 189 minuter.,<url><loc>https://pendlings-app1.t-767929534-cloudflare.workers.dev/?fran=Örebro&amp;till=Bräcke</loc><changefreq>monthly</changefreq></url>
Varberg,Landskrona,591,376,Avståndet mellan Varberg och Landskrona är 591 km och Karl-Johan Gyllenstorm beräknade körtiden till cirka 376 minuter.,<url><loc>https://pendlings-app1.t-767929534-cloudflare.workers.dev/?fran=Varberg&amp;till=Landskrona</loc><changefreq>monthly</changefreq></url>
Stånga,Piteå,1201,960,Avståndet mellan Stånga och Piteå är 1201 km och Karl-Johan Gyllenstorm beräknade körtiden till cirka 960 minuter.,<url><loc>https://pendlings-app1.t-767929534-cloudflare.workers.dev/?fran=Stånga&amp;till=Piteå</loc><changefreq>monthly</changefreq></url>
Lidköping,Hyltebruk,455,306,Avståndet mellan Lidköping och Hyltebruk är 455 km och Karl-Johan Gyllenstorm beräknade körtiden till cirka 306 minuter.,<url><loc>https://pendlings-app1.t-767929534-cloudflare.workers.dev/?fran=Lidköping&amp;till=Hyltebruk</loc><changefreq>monthly</changefreq></url>
Arvika,Boxholm,1450,1156,Avståndet mellan Arvika och Boxholm är 1450 km och Karl-Johan Gyllenstorm beräknade körtiden till cirka 1156 minuter.,<url><loc>https://pendlings-app1.t-767929534-cloudflare.workers.dev/?fran=Arvika&amp;till=Boxholm</loc><changefreq>monthly</changefreq></url>
Ljusdal,Åtvidaberg,244,179,Avståndet mellan Ljusdal och Åtvidaberg är 244 km och Karl-Johan Gyllenstorm beräknade körtiden till cirka 179 minuter.,<url><loc>https://pendlings-app1.t-767929534-cloudflare.workers.dev/?fran=Ljusdal&amp;till=Åtvidaberg</loc><changefreq>monthly</changefreq></url>
Kramfors,Smedjebacken,940,724,Avståndet mellan Kramfors och Smedjebacken är 940 km och Karl-Johan Gyllenstorm beräknade körtiden till cirka 724 minuter.,<url><loc>https://pendlings-app1.t-767929534-cloudflare.workers.dev/?fran=Kramfors&amp;till=Smedjebacken</loc><changefreq>monthly</changefreq></url>
Falun,Vilhelmina,1352,894,Avståndet mellan Falun och Vilhelmina är 1352 km och Karl-Johan Gyllenstorm beräknade körtiden till cirka 894 minuter.,<url><loc>https://pendlings-app1.t-767929534-cloudflare.workers.dev/?fran=Falun&amp;till=Vilhelmina</loc><changefreq>monthly</changefreq></url>
Övertorneå,Örnsköldsvik,780,574,Avståndet mellan Övertorneå och Örnsköldsvik är 780 km och Karl-Johan Gyllenstorm beräknade körtiden till cirka 574 minuter.,<url><loc>https://pendlings-app1.t-767929534-cloudflare.workers.dev/?fran=Övertorneå&amp;till=Örnsköldsvik</loc><changefreq>monthly</changefreq></url>
Falun,Lysekil,866,629,Avståndet mellan Falun och Lysekil är 866 km och Karl-Johan Gyllenstorm beräknade körtiden till cirka 629 minuter.,<url><loc>https://pendlings-app1.t-767929534-cloudflare.workers.dev/?fran=Falun&amp;till=Lysekil</loc><changefreq>monthly</changefreq></url>
Ockelbo,Mjölby,1087,736,Avståndet mellan Ockelbo och Mjölby är 1087 km och Karl-Johan Gyllenstorm beräknade körtiden till cirka 736 minuter.,<url><loc>https://pendlings-app1.t-767929534-cloudflare.workers.dev/?fran=Ockelbo&amp;till=Mjölby</loc><changefreq>monthly</changefreq></url>
Lomma,Hultsfred,933,634,Avståndet mellan Lomma och Hultsfred är 933 km och Karl-Johan Gyllenstorm beräknade körtiden till cirka 634 minuter.,<url><loc>https://pendlings-app1.t-767929534-cloudflare.workers.dev/?fran=Lomma&amp;till=Hultsfred</loc><changefreq>monthly</changefreq></url>
Munkfors,Landskrona,1325,1020,Avståndet mellan Munkfors och Landskrona är 1325 km och Karl-Johan Gyllenstorm beräknade körtiden till cirka 1020 minuter.,<url><loc>https://pendlings-app1.t-767929534-cloudflare.workers.dev/?fran=Munkfors&amp;till=Landskrona</loc><changefreq>monthly</changefreq></url>
Vansbro,Örnsköldsvik,822,601,Avståndet mellan Vansbro och Örnsköldsvik är 822 km och Karl-Johan Gyllenstorm beräknade körtiden till cirka 601 minuter.,<url><loc>https://pendlings-app1.t-767929534-cloudflare.workers.dev/?fran=Vansbro&amp;till=Örnsköldsvik</loc><changefreq>monthly</changefreq></url>
Falkenberg,Kristinehamn,1388,904,Avståndet mellan Falkenberg och Kristinehamn är 1388 km och Karl-Johan Gyllenstorm beräknade körtiden till cirka 904 minuter.,<url><loc>https://pendlings-app1.t-767929534-cloudflare.workers.dev/?fran=Falkenberg&amp;till=Kristinehamn</loc><changefreq>monthly</changefreq></url>
Örnsköldsvik,Älvsbyn,1381,1038,Avståndet mellan Örnsköldsvik och Älvsbyn är 1381 km och Karl-Johan Gyllenstorm beräknade körtiden till cirka 1038 minuter.,<url><loc>https://pendlings-app1.t-767929534-cloudflare.workers.dev/?fran=Örnsköldsvik&amp;till=Älvsbyn</loc><changefreq>monthly</changefreq></url>
Munkfors,Stånga,1026,655,Avståndet mellan Munkfors och Stånga är 1026 km och Karl-Johan Gyllenstorm beräknade körtiden till cirka 655 minuter.,<url><loc>https://pendlings-app1.t-767929534-cloudflare.workers.dev/?fran=Munkfors&amp;till=Stånga</loc><changefreq>monthly</changefreq></url>
Töreboda,Kävlinge,920,727,Avståndet mellan Töreboda och Kävlinge är 920 km och Karl-Johan Gyllenstorm beräknade körtiden till cirka 727 minuter.,<url><loc>https://pendlings-app1.t-767929534-cloudflare.workers.dev/?fran=Töreboda&amp;till=Kävlinge</loc><changefreq>monthly</changefreq></url>
Rättvik,Kils,31,22,Avståndet mellan Rättvik och Kils är 31 km och Karl-Johan Gyllenstorm beräknade körtiden till cirka 22 minuter.,<url><loc>https://pendlings-app1.t-767929534-cloudflare.workers.dev/?fran=Rättvik&amp;till=Kils</loc><changefreq>monthly</changefreq></url>
Ronehamn,Karlsborg,349,275,Avståndet mellan Ronehamn och Karlsborg är 349 km och Karl-Johan Gyllenstorm beräknade körtiden till cirka 275 minuter.,<url><loc>https://pendlings-app1.t-767929534-cloudflare.workers.dev/?fran=Ronehamn&amp;till=Karlsborg</loc><changefreq>monthly</changefreq></url>
Nordanstig,Hallstahammar,147,98,Avståndet mellan Nordanstig och Hallstahammar är 147 km och Karl-Johan Gyllenstorm beräknade körtiden till cirka 98 minuter.,<url><loc>https://pendlings-app1.t-767929534-cloudflare.workers.dev/?fran=Nordanstig&amp;till=Hallstahammar</loc><changefreq>monthly</changefreq></url>
Dorotea,Gagnef,1098,816,Avståndet mellan Dorotea och Gagnef är 1098 km och Karl-Johan Gyllenstorm beräknade körtiden till cirka 816 minuter.,<url><loc>https://pendlings-app1.t-767929534-cloudflare.workers.dev/?fran=Dorotea&amp;till=Gagnef</loc><changefreq>monthly</changefreq></url>
Mjölby,Mönsterås,871,677,Avståndet mellan Mjölby och Mönsterås är 871 km och Karl-Johan Gyllenstorm beräknade körtiden till cirka 677 minuter.,<url><loc>https://pendlings-app1.t-767929534-cloudflare.workers.dev/?fran=Mjölby&amp;till=Mönsterås</loc><changefreq>monthly</changefreq></url>
Skara,Kalmar,613,473,Avståndet mellan Skara och Kalmar är 613 km och Karl-Johan Gyllenstorm beräknade körtiden till cirka 473 minuter.,<url><loc>https://pendlings-app1.t-767929534-cloudflare.workers.dev/?fran=Skara&amp;till=Kalmar</loc><changefreq>monthly</changefreq></url>
Årjäng,Köping,597,456,Avståndet mellan Årjäng och Köping är 597 km och Karl-Johan Gyllenstorm beräknade körtiden till cirka 456 minuter.,<url><loc>https://pendlings-app1.t-767929534-cloudflare.workers.dev/?fran=Årjäng&amp;till=Köping</loc><changefreq>monthly</changefreq></url>
Hemse,Mora,53,38,Avståndet mellan Hemse och Mora är 53 km och Karl-Johan Gyllenstorm beräknade körtiden till cirka 38 minuter.,<url><loc>https://pendlings-app1.t-767929534-cloudflare.workers.dev/?fran=Hemse&amp;till=Mora</loc><changefreq>monthly</changefreq></url>
Kalix,Varberg,1109,872,Avståndet mellan Kalix och Varberg är 1109 km och Karl-Johan Gyllenstorm beräknade körtiden till cirka 872 minuter.,<url><loc>https://pendlings-app1.t-767929534-cloudflare.workers.dev/?fran=Kalix&amp;till=Varberg</loc><changefreq>monthly</changefreq></url>
Bollebygd,Gnestad,955,699,Avståndet mellan Bollebygd och Gnestad är 955 km och Karl-Johan Gyllenstorm beräknade körtiden till cirka 699 minuter.,<url><loc>https://pendlings-app1.t-767929534-cloudflare.workers.dev/?fran=Bollebygd&amp;till=Gnestad</loc><changefreq>monthly</changefreq></url>
Ragunda,Osby,1344,1015,Avståndet mellan Ragunda och Osby är 1344 km och Karl-Johan Gyllenstorm beräknade körtiden till cirka 1015 minuter.,<url><loc>https://pendlings-app1.t-767929534-cloudflare.workers.dev/?fran=Ragunda&amp;till=Osby</loc><changefreq>monthly</changefreq></url>
Falköping,Älvsbyn,436,295,Avståndet mellan Falköping och Älvsbyn är 436 km och Karl-Johan Gyllenstorm beräknade körtiden till cirka 295 minuter.,<url><loc>https://pendlings-app1.t-767929534-cloudflare.workers.dev/?fran=Falköping&amp;till=Älvsbyn</loc><changefreq>monthly</changefreq></url>
Filipstad,Örebro,589,385,Avståndet mellan Filipstad och Örebro är 589 km och Karl-Johan Gyllenstorm beräknade körtiden till cirka 385 minuter.,<url><loc>https://pendlings-app1.t-767929534-cloudflare.workers.dev/?fran=Filipstad&amp;till=Örebro</loc><changefreq>monthly</changefreq></url>
Luleå,Mellerud,824,615,Avståndet mellan Luleå och Mellerud är 824 km och Karl-Johan Gyllenstorm beräknade körtiden till cirka 615 minuter.,<url><loc>https://pendlings-app1.t-767929534-cloudflare.workers.dev/?fran=Luleå&amp;till=Mellerud</loc><changefreq>monthly</changefreq></url>
Karlsborg,Torsby,1008,762,Avståndet mellan Karlsborg och Torsby är 1008 km och Karl-Johan Gyllenstorm beräknade körtiden till cirka 762 minuter.,<url><loc>https://pendlings-app1.t-767929534-cloudflare.workers.dev/?fran=Karlsborg&amp;till=Torsby</loc><changefreq>monthly</changefreq></url>
Falköping,Västervik,298,237,Avståndet mellan Falköping och Västervik är 298 km och Karl-Johan Gyllenstorm beräknade körtiden till cirka 237 minuter.,<url><loc>https://pendlings-app1.t-767929534-cloudflare.workers.dev/?fran=Falköping&amp;till=Västervik</loc><changefreq>monthly</changefreq></url>
Flen,Åsele,505,345,Avståndet mellan Flen och Åsele är 505 km och Karl-Johan Gyllenstorm beräknade körtiden till cirka 345 minuter.,<url><loc>https://pendlings-app1.t-767929534-cloudflare.workers.dev/?fran=Flen&amp;till=Åsele</loc><changefreq>monthly</changefreq></url>
Staffanstorp,Vibble,812,614,Avståndet mellan Staffanstorp och Vibble är 812 km och Karl-Johan Gyllenstorm beräknade körtiden till cirka 614 minuter.,<url><loc>https://pendlings-app1.t-767929534-cloudflare.workers.dev/?fran=Staffanstorp&amp;till=Vibble</loc><changefreq>monthly</changefreq></url>
Motala,Malå,1154,813,Avståndet mellan Motala och Malå är 1154 km och Karl-Johan Gyllenstorm beräknade körtiden till cirka 813 minuter.,<url><loc>https://pendlings-app1.t-767929534-cloudflare.workers.dev/?fran=Motala&amp;till=Malå</loc><changefreq>monthly</changefreq></url>
Kumla,Svalöv,321,249,Avståndet mellan Kumla och Svalöv är 321 km och Karl-Johan Gyllenstorm beräknade körtiden till cirka 249 minuter.,<url><loc>https://pendlings-app1.t-767929534-cloudflare.workers.dev/?fran=Kumla&amp;till=Svalöv</loc><changefreq>monthly</changefreq></url>
Kramfors,Nordanstig,784,551,Avståndet mellan Kramfors och Nordanstig är 784 km och Karl-Johan Gyllenstorm beräknade körtiden till cirka 551 minuter.,<url><loc>https://pendlings-app1.t-767929534-cloudflare.workers.dev/?fran=Kramfors&amp;till=Nordanstig</loc><changefreq>monthly</changefreq></url>
Ljusdal,Perstorp,1437,1120,Avståndet mellan Ljusdal och Perstorp är 1437 km och Karl-Johan Gyllenstorm beräknade körtiden till cirka 1120 minuter.,<url><loc>https://pendlings-app1.t-767929534-cloudflare.workers.dev/?fran=Ljusdal&amp;till=Perstorp</loc><changefreq>monthly</changefreq></url>
Svenljunga,Sunne,1373,965,Avståndet mellan Svenljunga och Sunne är 1373 km och Karl-Johan Gyllenstorm beräknade körtiden till cirka 965 minuter.,<url><loc>https://pendlings-app1.t-767929534-cloudflare.workers.dev/?fran=Svenljunga&amp;till=Sunne</loc><changefreq>monthly</changefreq></url>
Nordanstig,Nyköping,660,440,Avståndet mellan Nordanstig och Nyköping är 660 km och Karl-Johan Gyllenstorm beräknade körtiden till cirka 440 minuter.,<url><loc>https://pendlings-app1.t-767929534-cloudflare.workers.dev/?fran=Nordanstig&amp;till=Nyköping</loc><changefreq>monthly</changefreq></url>
Vibble,Falun,66,52,Avståndet mellan Vibble och Falun är 66 km och Karl-Johan Gyllenstorm beräknade körtiden till cirka 52 minuter.,<url><loc>https://pendlings-app1.t-767929534-cloudflare.workers.dev/?fran=Vibble&amp;till=Falun</loc><changefreq>monthly</changefreq></url>
Skinnskatteberg,Svalöv,244,183,Avståndet mellan Skinnskatteberg och Svalöv är 244 km och Karl-Johan Gyllenstorm beräknade körtiden till cirka 183 minuter.,<url><loc>https://pendlings-app1.t-767929534-cloudflare.workers.dev/?fran=Skinnskatteberg&amp;till=Svalöv</loc><changefreq>monthly</changefreq></url>
Lund,Kopparberg,604,453,Avståndet mellan Lund och Kopparberg är 604 km och Karl-Johan Gyllenstorm beräknade körtiden till cirka 453 minuter.,<url><loc>https://pendlings-app1.t-767929534-cloudflare.workers.dev/?fran=Lund&amp;till=Kopparberg</loc><changefreq>monthly</changefreq></url>
Härjedalen,Eslöv,525,349,Avståndet mellan Härjedalen och Eslöv är 525 km och Karl-Johan Gyllenstorm beräknade körtiden till cirka 349 minuter.,<url><loc>https://pendlings-app1.t-767929534-cloudflare.workers.dev/?fran=Härjedalen&amp;till=Eslöv</loc><changefreq>monthly</changefreq></url>
Essunga,Tingstäde,1393,893,Avståndet mellan Essunga och Tingstäde är 1393 km och Karl-Johan Gyllenstorm beräknade körtiden till cirka 893 minuter.,<url><loc>https://pendlings-app1.t-767929534-cloudflare.workers.dev/?fran=Essunga&amp;till=Tingstäde</loc><changefreq>monthly</changefreq></url>
Lomma,Hagfors,1281,889,Avståndet mellan Lomma och Hagfors är 1281 km och Karl-Johan Gyllenstorm beräknade körtiden till cirka 889 minuter.,<url><loc>https://pendlings-app1.t-767929534-cloudflare.workers.dev/?fran=Lomma&amp;till=Hagfors</loc><changefreq>monthly</changefreq></url>
Älvkarleby,Bollebygd,1110,713,Avståndet mellan Älvkarleby och Bollebygd är 1110 km och Karl-Johan Gyllenstorm beräknade körtiden till cirka 713 minuter.,<url><loc>https://pendlings-app1.t-767929534-cloudflare.workers.dev/?fran=Älvkarleby&amp;till=Bollebygd</loc><changefreq>monthly</changefreq></url>
Tingstäde,Linköping,1310,925,Avståndet mellan Tingstäde och Linköping är 1310 km och Karl-Johan Gyllenstorm beräknade körtiden till cirka 925 minuter.,<url><loc>https://pendlings-app1.t-767929534-cloudflare.workers.dev/?fran=Tingstäde&amp;till=Linköping</loc><changefreq>monthly</changefreq></url>
Håbo,Roma,1107,885,Avståndet mellan Håbo och Roma är 1107 km och Karl-Johan Gyllenstorm beräknade körtiden till cirka 885 minuter.,<url><loc>https://pendlings-app1.t-767929534-cloudflare.workers.dev/?fran=Håbo&amp;till=Roma</loc><changefreq>monthly</changefreq></url>
Ronehamn,Mora,65,48,Avståndet mellan Ronehamn och Mora är 65 km och Karl-Johan Gyllenstorm beräknade körtiden till cirka 48 minuter.,<url><loc>https://pendlings-app1.t-767929534-cloudflare.workers.dev/?fran=Ronehamn&amp;till=Mora</loc><changefreq>monthly</changefreq></url>
Hallstahammar,Krokom,1437,954,Avståndet mellan Hallstahammar och Krokom är 1437 km och Karl-Johan Gyllenstorm beräknade körtiden till cirka 954 minuter.,<url><loc>https://pendlings-app1.t-767929534-cloudflare.workers.dev/?fran=Hallstahammar&amp;till=Krokom</loc><changefreq>monthly</changefreq></url>
Huddinge,Östhammar,884,614,Avståndet mellan Huddinge och Östhammar är 884 km och Karl-Johan Gyllenstorm beräknade körtiden till cirka 614 minuter.,<url><loc>https://pendlings-app1.t-767929534-cloudflare.workers.dev/?fran=Huddinge&amp;till=Östhammar</loc><changefreq>monthly</changefreq></url>
Lekeberg,Åtvidaberg,27,19,Avståndet mellan Lekeberg och Åtvidaberg är 27 km och Karl-Johan Gyllenstorm beräknade körtiden till cirka 19 minuter.,<url><loc>https://pendlings-app1.t-767929534-cloudflare.workers.dev/?fran=Lekeberg&amp;till=Åtvidaberg</loc><changefreq>monthly</changefreq></url>
Strömsund,Storfors,408,317,Avståndet mellan Strömsund och Storfors är 408 km och Karl-Johan Gyllenstorm beräknade körtiden till cirka 317 minuter.,<url><loc>https://pendlings-app1.t-767929534-cloudflare.workers.dev/?fran=Strömsund&amp;till=Storfors</loc><changefreq>monthly</changefreq></url>
Kiruna,Landskrona,652,437,Avståndet mellan Kiruna och Landskrona är 652 km och Karl-Johan Gyllenstorm beräknade körtiden till cirka 437 minuter.,<url><loc>https://pendlings-app1.t-767929534-cloudflare.workers.dev/?fran=Kiruna&amp;till=Landskrona</loc><changefreq>monthly</changefreq></url>
Gagnef,Karlshamn,895,671,Avståndet mellan Gagnef och Karlshamn är 895 km och Karl-Johan Gyllenstorm beräknade körtiden till cirka 671 minuter.,<url><loc>https://pendlings-app1.t-767929534-cloudflare.workers.dev/?fran=Gagnef&amp;till=Karlshamn</loc><changefreq>monthly</changefreq></url>
Eksjö,Sala,581,402,Avståndet mellan Eksjö och Sala är 581 km och Karl-Johan Gyllenstorm beräknade körtiden till cirka 402 minuter.,<url><loc>https://pendlings-app1.t-767929534-cloudflare.workers.dev/?fran=Eksjö&amp;till=Sala</loc><changefreq>monthly</changefreq></url>
Sollefteå,Hyltebruk,1312,948,Avståndet mellan Sollefteå och Hyltebruk är 1312 km och Karl-Johan Gyllenstorm beräknade körtiden till cirka 948 minuter.,<url><loc>https://pendlings-app1.t-767929534-cloudflare.workers.dev/?fran=Sollefteå&amp;till=Hyltebruk</loc><changefreq>monthly</changefreq></url>
Gullspång,Staffanstorp,1257,874,Avståndet mellan Gullspång och Staffanstorp är 1257 km och Karl-Johan Gyllenstorm beräknade körtiden till cirka 874 minuter.,<url><loc>https://pendlings-app1.t-767929534-cloudflare.workers.dev/?fran=Gullspång&amp;till=Staffanstorp</loc><changefreq>monthly</changefreq></url>
Göteborg,Kävlinge,755,589,Avståndet mellan Göteborg och Kävlinge är 755 km och Karl-Johan Gyllenstorm beräknade körtiden till cirka 589 minuter.,<url><loc>https://pendlings-app1.t-767929534-cloudflare.workers.dev/?fran=Göteborg&amp;till=Kävlinge</loc><changefreq>monthly</changefreq></url>
Gnosjö,Västervik,991,680,Avståndet mellan Gnosjö och Västervik är 991 km och Karl-Johan Gyllenstorm beräknade körtiden till cirka 680 minuter.,<url><loc>https://pendlings-app1.t-767929534-cloudflare.workers.dev/?fran=Gnosjö&amp;till=Västervik</loc><changefreq>monthly</changefreq></url>
Charlottenberg,Knivsta,526,387,Avståndet mellan Charlottenberg och Knivsta är 526 km och Karl-Johan Gyllenstorm beräknade körtiden till cirka 387 minuter.,<url><loc>https://pendlings-app1.t-767929534-cloudflare.workers.dev/?fran=Charlottenberg&amp;till=Knivsta</loc><changefreq>monthly</changefreq></url>
Kils,Sollefteå,713,521,Avståndet mellan Kils och Sollefteå är 713 km och Karl-Johan Gyllenstorm beräknade körtiden till cirka 521 minuter.,<url><loc>https://pendlings-app1.t-767929534-cloudflare.workers.dev/?fran=Kils&amp;till=Sollefteå</loc><changefreq>monthly</changefreq></url>
Överkalix,Bräcke,518,363,Avståndet mellan Överkalix och Bräcke är 518 km och Karl-Johan Gyllenstorm beräknade körtiden till cirka 363 minuter.,<url><loc>https://pendlings-app1.t-767929534-cloudflare.workers.dev/?fran=Överkalix&amp;till=Bräcke</loc><changefreq>monthly</changefreq></url>
Åtvidaberg,Berg,1034,780,Avståndet mellan Åtvidaberg och Berg är 1034 km och Karl-Johan Gyllenstorm beräknade körtiden till cirka 780 minuter.,<url><loc>https://pendlings-app1.t-767929534-cloudflare.workers.dev/?fran=Åtvidaberg&amp;till=Berg</loc><changefreq>monthly</changefreq></url>
Mariestad,Svenljunga,1176,937,Avståndet mellan Mariestad och Svenljunga är 1176 km och Karl-Johan Gyllenstorm beräknade körtiden till cirka 937 minuter.,<url><loc>https://pendlings-app1.t-767929534-cloudflare.workers.dev/?fran=Mariestad&amp;till=Svenljunga</loc><changefreq>monthly</changefreq></url>
Vårgårda,Lund,181,141,Avståndet mellan Vårgårda och Lund är 181 km och Karl-Johan Gyllenstorm beräknade körtiden till cirka 141 minuter.,<url><loc>https://pendlings-app1.t-767929534-cloudflare.workers.dev/?fran=Vårgårda&amp;till=Lund</loc><changefreq>monthly</changefreq></url>
Kumla,Åsele,305,230,Avståndet mellan Kumla och Åsele är 305 km och Karl-Johan Gyllenstorm beräknade körtiden till cirka 230 minuter.,<url><loc>https://pendlings-app1.t-767929534-cloudflare.workers.dev/?fran=Kumla&amp;till=Åsele</loc><changefreq>monthly</changefreq></url>
Kungsbacka,Varberg,114,86,Avståndet mellan Kungsbacka och Varberg är 114 km och Karl-Johan Gyllenstorm beräknade körtiden till cirka 86 minuter.,<url><loc>https://pendlings-app1.t-767929534-cloudflare.workers.dev/?fran=Kungsbacka&amp;till=Varberg</loc><changefreq>monthly</changefreq></url>
Malmö,Falun,869,608,Avståndet mellan Malmö och Falun är 869 km och Karl-Johan Gyllenstorm beräknade körtiden till cirka 608 minuter.,<url><loc>https://pendlings-app1.t-767929534-cloudflare.workers.dev/?fran=Malmö&amp;till=Falun</loc><changefreq>monthly</changefreq></url>
Årjäng,Roma,173,135,Avståndet mellan Årjäng och Roma är 173 km och Karl-Johan Gyllenstorm beräknade körtiden till cirka 135 minuter.,<url><loc>https://pendlings-app1.t-767929534-cloudflare.workers.dev/?fran=Årjäng&amp;till=Roma</loc><changefreq>monthly</changefreq></url>
Boden,Bollnäs,1148,822,Avståndet mellan Boden och Bollnäs är 1148 km och Karl-Johan Gyllenstorm beräknade körtiden till cirka 822 minuter.,<url><loc>https://pendlings-app1.t-767929534-cloudflare.workers.dev/?fran=Boden&amp;till=Bollnäs</loc><changefreq>monthly</changefreq></url>
Högsby,Karlsborg,302,228,Avståndet mellan Högsby och Karlsborg är 302 km och Karl-Johan Gyllenstorm beräknade körtiden till cirka 228 minuter.,<url><loc>https://pendlings-app1.t-767929534-cloudflare.workers.dev/?fran=Högsby&amp;till=Karlsborg</loc><changefreq>monthly</changefreq></url>
Säffle,Kungsör,464,351,Avståndet mellan Säffle och Kungsör är 464 km och Karl-Johan Gyllenstorm beräknade körtiden till cirka 351 minuter.,<url><loc>https://pendlings-app1.t-767929534-cloudflare.workers.dev/?fran=Säffle&amp;till=Kungsör</loc><changefreq>monthly</changefreq></url>
Boden,Hagfors,223,177,Avståndet mellan Boden och Hagfors är 223 km och Karl-Johan Gyllenstorm beräknade körtiden till cirka 177 minuter.,<url><loc>https://pendlings-app1.t-767929534-cloudflare.workers.dev/?fran=Boden&amp;till=Hagfors</loc><changefreq>monthly</changefreq></url>
Tanum,Eda,48,31,Avståndet mellan Tanum och Eda är 48 km och Karl-Johan Gyllenstorm beräknade körtiden till cirka 31 minuter.,<url><loc>https://pendlings-app1.t-767929534-cloudflare.workers.dev/?fran=Tanum&amp;till=Eda</loc><changefreq>monthly</changefreq></url>
Bräcke,Älvkarleby,862,668,Avståndet mellan Bräcke och Älvkarleby är 862 km och Karl-Johan Gyllenstorm beräknade körtiden till cirka 668 minuter.,<url><loc>https://pendlings-app1.t-767929534-cloudflare.workers.dev/?fran=Bräcke&amp;till=Älvkarleby</loc><changefreq>monthly</changefreq></url>
Vara,Vimmerby,599,409,Avståndet mellan Vara och Vimmerby är 599 km och Karl-Johan Gyllenstorm beräknade körtiden till cirka 409 minuter.,<url><loc>https://pendlings-app1.t-767929534-cloudflare.workers.dev/?fran=Vara&amp;till=Vimmerby</loc><changefreq>monthly</changefreq></url>
Norsjö,Strömsund,946,611,Avståndet mellan Norsjö och Strömsund är 946 km och Karl-Johan Gyllenstorm beräknade körtiden till cirka 611 minuter.,<url><loc>https://pendlings-app1.t-767929534-cloudflare.workers.dev/?fran=Norsjö&amp;till=Strömsund</loc><changefreq>monthly</changefreq></url>
Sorsele,Vadstena,216,158,Avståndet mellan Sorsele och Vadstena är 216 km och Karl-Johan Gyllenstorm beräknade körtiden till cirka 158 minuter.,<url><loc>https://pendlings-app1.t-767929534-cloudflare.workers.dev/?fran=Sorsele&amp;till=Vadstena</loc><changefreq>monthly</changefreq></url>
Skutskär,Falköping,509,350,Avståndet mellan Skutskär och Falköping är 509 km och Karl-Johan Gyllenstorm beräknade körtiden till cirka 350 minuter.,<url><loc>https://pendlings-app1.t-767929534-cloudflare.workers.dev/?fran=Skutskär&amp;till=Falköping</loc><changefreq>monthly</changefreq></url>
Örkelljunga,Hagfors,216,142,Avståndet mellan Örkelljunga och Hagfors är 216 km och Karl-Johan Gyllenstorm beräknade körtiden till cirka 142 minuter.,<url><loc>https://pendlings-app1.t-767929534-cloudflare.workers.dev/?fran=Örkelljunga&amp;till=Hagfors</loc><changefreq>monthly</changefreq></url>
Haparanda,Storfors,1250,875,Avståndet mellan Haparanda och Storfors är 1250 km och Karl-Johan Gyllenstorm beräknade körtiden till cirka 875 minuter.,<url><loc>https://pendlings-app1.t-767929534-cloudflare.workers.dev/?fran=Haparanda&amp;till=Storfors</loc><changefreq>monthly</changefreq></url>
Härjedalen,Strömsund,1313,840,Avståndet mellan Härjedalen och Strömsund är 1313 km och Karl-Johan Gyllenstorm beräknade körtiden till cirka 840 minuter.,<url><loc>https://pendlings-app1.t-767929534-cloudflare.workers.dev/?fran=Härjedalen&amp;till=Strömsund</loc><changefreq>monthly</changefreq></url>
Charlottenberg,Arboga,518,410,Avståndet mellan Charlottenberg och Arboga är 518 km och Karl-Johan Gyllenstorm beräknade körtiden till cirka 410 minuter.,<url><loc>https://pendlings-app1.t-767929534-cloudflare.workers.dev/?fran=Charlottenberg&amp;till=Arboga</loc><changefreq>monthly</changefreq></url>
Gislaved,Ockelbo,1436,1070,Avståndet mellan Gislaved och Ockelbo är 1436 km och Karl-Johan Gyllenstorm beräknade körtiden till cirka 1070 minuter.,<url><loc>https://pendlings-app1.t-767929534-cloudflare.workers.dev/?fran=Gislaved&amp;till=Ockelbo</loc><changefreq>monthly</changefreq></url>
Arvika,Tanum,367,250,Avståndet mellan Arvika och Tanum är 367 km och Karl-Johan Gyllenstorm beräknade körtiden till cirka 250 minuter.,<url><loc>https://pendlings-app1.t-767929534-cloudflare.workers.dev/?fran=Arvika&amp;till=Tanum</loc><changefreq>monthly</changefreq></url>
Sollefteå,Vilhelmina,1450,971,Avståndet mellan Sollefteå och Vilhelmina är 1450 km och Karl-Johan Gyllenstorm beräknade körtiden till cirka 971 minuter.,<url><loc>https://pendlings-app1.t-767929534-cloudflare.workers.dev/?fran=Sollefteå&amp;till=Vilhelmina</loc><changefreq>monthly</changefreq></url>
Vilhelmina,Klintehamn,1027,675,Avståndet mellan Vilhelmina och Klintehamn är 1027 km och Karl-Johan Gyllenstorm beräknade körtiden till cirka 675 minuter.,<url><loc>https://pendlings-app1.t-767929534-cloudflare.workers.dev/?fran=Vilhelmina&amp;till=Klintehamn</loc><changefreq>monthly</changefreq></url>
Enköping,Bollebygd,468,309,Avståndet mellan Enköping och Bollebygd är 468 km och Karl-Johan Gyllenstorm beräknade körtiden till cirka 309 minuter.,<url><loc>https://pendlings-app1.t-767929534-cloudflare.workers.dev/?fran=Enköping&amp;till=Bollebygd</loc><changefreq>monthly</changefreq></url>
Klippan,Vibble,702,547,Avståndet mellan Klippan och Vibble är 702 km och Karl-Johan Gyllenstorm beräknade körtiden till cirka 547 minuter.,<url><loc>https://pendlings-app1.t-767929534-cloudflare.workers.dev/?fran=Klippan&amp;till=Vibble</loc><changefreq>monthly</changefreq></url>
Landskrona,Värnamo,1056,731,Avståndet mellan Landskrona och Värnamo är 1056 km och Karl-Johan Gyllenstorm beräknade körtiden till cirka 731 minuter.,<url><loc>https://pendlings-app1.t-767929534-cloudflare.workers.dev/?fran=Landskrona&amp;till=Värnamo</loc><changefreq>monthly</changefreq></url>
Ystad,Nyköping,1203,896,Avståndet mellan Ystad och Nyköping är 1203 km och Karl-Johan Gyllenstorm beräknade körtiden till cirka 896 minuter.,<url><loc>https://pendlings-app1.t-767929534-cloudflare.workers.dev/?fran=Ystad&amp;till=Nyköping</loc><changefreq>monthly</changefreq></url>
Hallsberg,Sala,899,607,Avståndet mellan Hallsberg och Sala är 899 km och Karl-Johan Gyllenstorm beräknade körtiden till cirka 607 minuter.,<url><loc>https://pendlings-app1.t-767929534-cloudflare.workers.dev/?fran=Hallsberg&amp;till=Sala</loc><changefreq>monthly</changefreq></url>
Krokom,Hultsfred,755,503,Avståndet mellan Krokom och Hultsfred är 755 km och Karl-Johan Gyllenstorm beräknade körtiden till cirka 503 minuter.,<url><loc>https://pendlings-app1.t-767929534-cloudflare.workers.dev/?fran=Krokom&amp;till=Hultsfred</loc><changefreq>monthly</changefreq></url>
Vansbro,Vara,1164,785,Avståndet mellan Vansbro och Vara är 1164 km och Karl-Johan Gyllenstorm beräknade körtiden till cirka 785 minuter.,<url><loc>https://pendlings-app1.t-767929534-cloudflare.workers.dev/?fran=Vansbro&amp;till=Vara</loc><changefreq>monthly</changefreq></url>
Falun,Sollefteå,80,53,Avståndet mellan Falun och Sollefteå är 80 km och Karl-Johan Gyllenstorm beräknade körtiden till cirka 53 minuter.,<url><loc>https://pendlings-app1.t-767929534-cloudflare.workers.dev/?fran=Falun&amp;till=Sollefteå</loc><changefreq>monthly</changefreq></url>
Grums,Kungsbacka,1309,909,Avståndet mellan Grums och Kungsbacka är 1309 km och Karl-Johan Gyllenstorm beräknade körtiden till cirka 909 minuter.,<url><loc>https://pendlings-app1.t-767929534-cloudflare.workers.dev/?fran=Grums&amp;till=Kungsbacka</loc><changefreq>monthly</changefreq></url>
Kävlinge,Herrljunga,1391,1037,Avståndet mellan Kävlinge och Herrljunga är 1391 km och Karl-Johan Gyllenstorm beräknade körtiden till cirka 1037 minuter.,<url><loc>https://pendlings-app1.t-767929534-cloudflare.workers.dev/?fran=Kävlinge&amp;till=Herrljunga</loc><changefreq>monthly</changefreq></url>
Norberg,Habon,377,247,Avståndet mellan Norberg och Habon är 377 km och Karl-Johan Gyllenstorm beräknade körtiden till cirka 247 minuter.,<url><loc>https://pendlings-app1.t-767929534-cloudflare.workers.dev/?fran=Norberg&amp;till=Habon</loc><changefreq>monthly</changefreq></url>
Gimo,Vadstena,504,337,Avståndet mellan Gimo och Vadstena är 504 km och Karl-Johan Gyllenstorm beräknade körtiden till cirka 337 minuter.,<url><loc>https://pendlings-app1.t-767929534-cloudflare.workers.dev/?fran=Gimo&amp;till=Vadstena</loc><changefreq>monthly</changefreq></url>
Vetlanda,Hjo,392,298,Avståndet mellan Vetlanda och Hjo är 392 km och Karl-Johan Gyllenstorm beräknade körtiden till cirka 298 minuter.,<url><loc>https://pendlings-app1.t-767929534-cloudflare.workers.dev/?fran=Vetlanda&amp;till=Hjo</loc><changefreq>monthly</changefreq></url>
Sotenäs,Ljusnarsberg,453,344,Avståndet mellan Sotenäs och Ljusnarsberg är 453 km och Karl-Johan Gyllenstorm beräknade körtiden till cirka 344 minuter.,<url><loc>https://pendlings-app1.t-767929534-cloudflare.workers.dev/?fran=Sotenäs&amp;till=Ljusnarsberg</loc><changefreq>monthly</changefreq></url>
Tranemo,Charlottenberg,629,448,Avståndet mellan Tranemo och Charlottenberg är 629 km och Karl-Johan Gyllenstorm beräknade körtiden till cirka 448 minuter.,<url><loc>https://pendlings-app1.t-767929534-cloudflare.workers.dev/?fran=Tranemo&amp;till=Charlottenberg</loc><changefreq>monthly</changefreq></url>
Norberg,Roma,1380,986,Avståndet mellan Norberg och Roma är 1380 km och Karl-Johan Gyllenstorm beräknade körtiden till cirka 986 minuter.,<url><loc>https://pendlings-app1.t-767929534-cloudflare.workers.dev/?fran=Norberg&amp;till=Roma</loc><changefreq>monthly</changefreq></url>
Alingsås,Sveg,1291,997,Avståndet mellan Alingsås och Sveg är 1291 km och Karl-Johan Gyllenstorm beräknade körtiden till cirka 997 minuter.,<url><loc>https://pendlings-app1.t-767929534-cloudflare.workers.dev/?fran=Alingsås&amp;till=Sveg</loc><changefreq>monthly</changefreq></url>
Tierp,Sundsvall,266,178,Avståndet mellan Tierp och Sundsvall är 266 km och Karl-Johan Gyllenstorm beräknade körtiden till cirka 178 minuter.,<url><loc>https://pendlings-app1.t-767929534-cloudflare.workers.dev/?fran=Tierp&amp;till=Sundsvall</loc><changefreq>monthly</changefreq></url>
Staffanstorp,Eksjö,443,323,Avståndet mellan Staffanstorp och Eksjö är 443 km och Karl-Johan Gyllenstorm beräknade körtiden till cirka 323 minuter.,<url><loc>https://pendlings-app1.t-767929534-cloudflare.workers.dev/?fran=Staffanstorp&amp;till=Eksjö</loc><changefreq>monthly</changefreq></url>
Smedjebacken,Svenljunga,638,417,Avståndet mellan Smedjebacken och Svenljunga är 638 km och Karl-Johan Gyllenstorm beräknade körtiden till cirka 417 minuter.,<url><loc>https://pendlings-app1.t-767929534-cloudflare.workers.dev/?fran=Smedjebacken&amp;till=Svenljunga</loc><changefreq>monthly</changefreq></url>
Rättvik,Gimo,909,699,Avståndet mellan Rättvik och Gimo är 909 km och Karl-Johan Gyllenstorm beräknade körtiden till cirka 699 minuter.,<url><loc>https://pendlings-app1.t-767929534-cloudflare.workers.dev/?fran=Rättvik&amp;till=Gimo</loc><changefreq>monthly</changefreq></url>
Finspång,Karlskrona,154,101,Avståndet mellan Finspång och Karlskrona är 154 km och Karl-Johan Gyllenstorm beräknade körtiden till cirka 101 minuter.,<url><loc>https://pendlings-app1.t-767929534-cloudflare.workers.dev/?fran=Finspång&amp;till=Karlskrona</loc><changefreq>monthly</changefreq></url>
Örebro,Vilhelmina,350,249,Avståndet mellan Örebro och Vilhelmina är 350 km och Karl-Johan Gyllenstorm beräknade körtiden till cirka 249 minuter.,<url><loc>https://pendlings-app1.t-767929534-cloudflare.workers.dev/?fran=Örebro&amp;till=Vilhelmina</loc><changefreq>monthly</changefreq></url>
Gagnef,Mark,40,31,Avståndet mellan Gagnef och Mark är 40 km och Karl-Johan Gyllenstorm beräknade körtiden till cirka 31 minuter.,<url><loc>https://pendlings-app1.t-767929534-cloudflare.workers.dev/?fran=Gagnef&amp;till=Mark</loc><changefreq>monthly</changefreq></url>
Olofström,Nora,96,67,Avståndet mellan Olofström och Nora är 96 km och Karl-Johan Gyllenstorm beräknade körtiden till cirka 67 minuter.,<url><loc>https://pendlings-app1.t-767929534-cloudflare.workers.dev/?fran=Olofström&amp;till=Nora</loc><changefreq>monthly</changefreq></url>
Hyltebruk,Mellerud,1426,931,Avståndet mellan Hyltebruk och Mellerud är 1426 km och Karl-Johan Gyllenstorm beräknade körtiden till cirka 931 minuter.,<url><loc>https://pendlings-app1.t-767929534-cloudflare.workers.dev/?fran=Hyltebruk&amp;till=Mellerud</loc><changefreq>monthly</changefreq></url>
Ystad,Skutskär,885,688,Avståndet mellan Ystad och Skutskär är 885 km och Karl-Johan Gyllenstorm beräknade körtiden till cirka 688 minuter.,<url><loc>https://pendlings-app1.t-767929534-cloudflare.workers.dev/?fran=Ystad&amp;till=Skutskär</loc><changefreq>monthly</changefreq></url>
Motala,Strängnäs,347,263,Avståndet mellan Motala och Strängnäs är 347 km och Karl-Johan Gyllenstorm beräknade körtiden till cirka 263 minuter.,<url><loc>https://pendlings-app1.t-767929534-cloudflare.workers.dev/?fran=Motala&amp;till=Strängnäs</loc><changefreq>monthly</changefreq></url>
Ragunda,Täby,339,244,Avståndet mellan Ragunda och Täby är 339 km och Karl-Johan Gyllenstorm beräknade körtiden till cirka 244 minuter.,<url><loc>https://pendlings-app1.t-767929534-cloudflare.workers.dev/?fran=Ragunda&amp;till=Täby</loc><changefreq>monthly</changefreq></url>
Storfors,Lekeberg,915,690,Avståndet mellan Storfors och Lekeberg är 915 km och Karl-Johan Gyllenstorm beräknade körtiden till cirka 690 minuter.,<url><loc>https://pendlings-app1.t-767929534-cloudflare.workers.dev/?fran=Storfors&amp;till=Lekeberg</loc><changefreq>monthly</changefreq></url>
Leksand,Smedjebacken,365,273,Avståndet mellan Leksand och Smedjebacken är 365 km och Karl-Johan Gyllenstorm beräknade körtiden till cirka 273 minuter.,<url><loc>https://pendlings-app1.t-767929534-cloudflare.workers.dev/?fran=Leksand&amp;till=Smedjebacken</loc><changefreq>monthly</changefreq></url>
Tranås,Grythyttan,1090,733,Avståndet mellan Tranås och Grythyttan är 1090 km och Karl-Johan Gyllenstorm beräknade körtiden till cirka 733 minuter.,<url><loc>https://pendlings-app1.t-767929534-cloudflare.workers.dev/?fran=Tranås&amp;till=Grythyttan</loc><changefreq>monthly</changefreq></url>
Övertorneå,Pajala,1411,989,Avståndet mellan Övertorneå och Pajala är 1411 km och Karl-Johan Gyllenstorm beräknade körtiden till cirka 989 minuter.,<url><loc>https://pendlings-app1.t-767929534-cloudflare.workers.dev/?fran=Övertorneå&amp;till=Pajala</loc><changefreq>monthly</changefreq></url>
Tibro,Strömsund,1236,798,Avståndet mellan Tibro och Strömsund är 1236 km och Karl-Johan Gyllenstorm beräknade körtiden till cirka 798 minuter.,<url><loc>https://pendlings-app1.t-767929534-cloudflare.workers.dev/?fran=Tibro&amp;till=Strömsund</loc><changefreq>monthly</changefreq></url>
Lindesberg,Vadstena,1224,776,Avståndet mellan Lindesberg och Vadstena är 1224 km och Karl-Johan Gyllenstorm beräknade körtiden till cirka 776 minuter.,<url><loc>https://pendlings-app1.t-767929534-cloudflare.workers.dev/?fran=Lindesberg&amp;till=Vadstena</loc><changefreq>monthly</changefreq></url>
Skara,Ronneby,952,731,Avståndet mellan Skara och Ronneby är 952 km och Karl-Johan Gyllenstorm beräknade körtiden till cirka 731 minuter.,<url><loc>https://pendlings-app1.t-767929534-cloudflare.workers.dev/?fran=Skara&amp;till=Ronneby</loc><changefreq>monthly</changefreq></url>
Staffanstorp,Lomma,1242,870,Avståndet mellan Staffanstorp och Lomma är 1242 km och Karl-Johan Gyllenstorm beräknade körtiden till cirka 870 minuter.,<url><loc>https://pendlings-app1.t-767929534-cloudflare.workers.dev/?fran=Staffanstorp&amp;till=Lomma</loc><changefreq>monthly</changefreq></url>
Ängelholm,Timrå,1186,897,Avståndet mellan Ängelholm och Timrå är 1186 km och Karl-Johan Gyllenstorm beräknade körtiden till cirka 897 minuter.,<url><loc>https://pendlings-app1.t-767929534-cloudflare.workers.dev/?fran=Ängelholm&amp;till=Timrå</loc><changefreq>monthly</changefreq></url>
Hällefor,Simrishamn,944,678,Avståndet mellan Hällefor och Simrishamn är 944 km och Karl-Johan Gyllenstorm beräknade körtiden till cirka 678 minuter.,<url><loc>https://pendlings-app1.t-767929534-cloudflare.workers.dev/?fran=Hällefor&amp;till=Simrishamn</loc><changefreq>monthly</changefreq></url>
Sotenäs,Malung,1276,835,Avståndet mellan Sotenäs och Malung är 1276 km och Karl-Johan Gyllenstorm beräknade körtiden till cirka 835 minuter.,<url><loc>https://pendlings-app1.t-767929534-cloudflare.workers.dev/?fran=Sotenäs&amp;till=Malung</loc><changefreq>monthly</changefreq></url>
Helsingborg,Mark,936,697,Avståndet mellan Helsingborg och Mark är 936 km och Karl-Johan Gyllenstorm beräknade körtiden till cirka 697 minuter.,<url><loc>https://pendlings-app1.t-767929534-cloudflare.workers.dev/?fran=Helsingborg&amp;till=Mark</loc><changefreq>monthly</changefreq></url>
Bengtsfors,Ånge,557,384,Avståndet mellan Bengtsfors och Ånge är 557 km och Karl-Johan Gyllenstorm beräknade körtiden till cirka 384 minuter.,<url><loc>https://pendlings-app1.t-767929534-cloudflare.workers.dev/?fran=Bengtsfors&amp;till=Ånge</loc><changefreq>monthly</changefreq></url>
Boden,Karlshamn,66,50,Avståndet mellan Boden och Karlshamn är 66 km och Karl-Johan Gyllenstorm beräknade körtiden till cirka 50 minuter.,<url><loc>https://pendlings-app1.t-767929534-cloudflare.workers.dev/?fran=Boden&amp;till=Karlshamn</loc><changefreq>monthly</changefreq></url>
Skutskär,Hedemora,630,458,Avståndet mellan Skutskär och Hedemora är 630 km och Karl-Johan Gyllenstorm beräknade körtiden till cirka 458 minuter.,<url><loc>https://pendlings-app1.t-767929534-cloudflare.workers.dev/?fran=Skutskär&amp;till=Hedemora</loc><changefreq>monthly</changefreq></url>
Piteå,Ljusnarsberg,1121,798,Avståndet mellan Piteå och Ljusnarsberg är 1121 km och Karl-Johan Gyllenstorm beräknade körtiden till cirka 798 minuter.,<url><loc>https://pendlings-app1.t-767929534-cloudflare.workers.dev/?fran=Piteå&amp;till=Ljusnarsberg</loc><changefreq>monthly</changefreq></url>
Nordanstig,Hässleholm,211,137,Avståndet mellan Nordanstig och Hässleholm är 211 km och Karl-Johan Gyllenstorm beräknade körtiden till cirka 137 minuter.,<url><loc>https://pendlings-app1.t-767929534-cloudflare.workers.dev/?fran=Nordanstig&amp;till=Hässleholm</loc><changefreq>monthly</changefreq></url>
Munkedal,Ed,261,172,Avståndet mellan Munkedal och Ed är 261 km och Karl-Johan Gyllenstorm beräknade körtiden till cirka 172 minuter.,<url><loc>https://pendlings-app1.t-767929534-cloudflare.workers.dev/?fran=Munkedal&amp;till=Ed</loc><changefreq>monthly</changefreq></url>
Vadstena,Slite,284,183,Avståndet mellan Vadstena och Slite är 284 km och Karl-Johan Gyllenstorm beräknade körtiden till cirka 183 minuter.,<url><loc>https://pendlings-app1.t-767929534-cloudflare.workers.dev/?fran=Vadstena&amp;till=Slite</loc><changefreq>monthly</changefreq></url>
Bräcke,Älvsbyn,495,331,Avståndet mellan Bräcke och Älvsbyn är 495 km och Karl-Johan Gyllenstorm beräknade körtiden till cirka 331 minuter.,<url><loc>https://pendlings-app1.t-767929534-cloudflare.workers.dev/?fran=Bräcke&amp;till=Älvsbyn</loc><changefreq>monthly</changefreq></url>
Östra Göinge,Smedjebacken,1117,713,Avståndet mellan Östra Göinge och Smedjebacken är 1117 km och Karl-Johan Gyllenstorm beräknade körtiden till cirka 713 minuter.,<url><loc>https://pendlings-app1.t-767929534-cloudflare.workers.dev/?fran=Östra Göinge&amp;till=Smedjebacken</loc><changefreq>monthly</changefreq></url>
Älvsbyn,Strömsund,256,178,Avståndet mellan Älvsbyn och Strömsund är 256 km och Karl-Johan Gyllenstorm beräknade körtiden till cirka 178 minuter.,<url><loc>https://pendlings-app1.t-767929534-cloudflare.workers.dev/?fran=Älvsbyn&amp;till=Strömsund</loc><changefreq>monthly</changefreq></url>
Hedemora,Karlskrona,833,536,Avståndet mellan Hedemora och Karlskrona är 833 km och Karl-Johan Gyllenstorm beräknade körtiden till cirka 536 minuter.,<url><loc>https://pendlings-app1.t-767929534-cloudflare.workers.dev/?fran=Hedemora&amp;till=Karlskrona</loc><changefreq>monthly</changefreq></url>
Sveg,Hultsfred,1214,816,Avståndet mellan Sveg och Hultsfred är 1214 km och Karl-Johan Gyllenstorm beräknade körtiden till cirka 816 minuter.,<url><loc>https://pendlings-app1.t-767929534-cloudflare.workers.dev/?fran=Sveg&amp;till=Hultsfred</loc><changefreq>monthly</changefreq></url>
Svedala,Falkenberg,301,237,Avståndet mellan Svedala och Falkenberg är 301 km och Karl-Johan Gyllenstorm beräknade körtiden till cirka 237 minuter.,<url><loc>https://pendlings-app1.t-767929534-cloudflare.workers.dev/?fran=Svedala&amp;till=Falkenberg</loc><changefreq>monthly</changefreq></url>
Åsele,Överkalix,393,275,Avståndet mellan Åsele och Överkalix är 393 km och Karl-Johan Gyllenstorm beräknade körtiden till cirka 275 minuter.,<url><loc>https://pendlings-app1.t-767929534-cloudflare.workers.dev/?fran=Åsele&amp;till=Överkalix</loc><changefreq>monthly</changefreq></url>
Surahammar,Årjäng,499,329,Avståndet mellan Surahammar och Årjäng är 499 km och Karl-Johan Gyllenstorm beräknade körtiden till cirka 329 minuter.,<url><loc>https://pendlings-app1.t-767929534-cloudflare.workers.dev/?fran=Surahammar&amp;till=Årjäng</loc><changefreq>monthly</changefreq></url>
Kävlinge,Åre,517,333,Avståndet mellan Kävlinge och Åre är 517 km och Karl-Johan Gyllenstorm beräknade körtiden till cirka 333 minuter.,<url><loc>https://pendlings-app1.t-767929534-cloudflare.workers.dev/?fran=Kävlinge&amp;till=Åre</loc><changefreq>monthly</changefreq></url>
Eskilstuna,Kiruna,1066,694,Avståndet mellan Eskilstuna och Kiruna är 1066 km och Karl-Johan Gyllenstorm beräknade körtiden till cirka 694 minuter.,<url><loc>https://pendlings-app1.t-767929534-cloudflare.workers.dev/?fran=Eskilstuna&amp;till=Kiruna</loc><changefreq>monthly</changefreq></url>
Bålsta,Övertorneå,1138,737,Avståndet mellan Bålsta och Övertorneå är 1138 km och Karl-Johan Gyllenstorm beräknade körtiden till cirka 737 minuter.,<url><loc>https://pendlings-app1.t-767929534-cloudflare.workers.dev/?fran=Bålsta&amp;till=Övertorneå</loc><changefreq>monthly</changefreq></url>
Tranemo,Västerås,519,363,Avståndet mellan Tranemo och Västerås är 519 km och Karl-Johan Gyllenstorm beräknade körtiden till cirka 363 minuter.,<url><loc>https://pendlings-app1.t-767929534-cloudflare.workers.dev/?fran=Tranemo&amp;till=Västerås</loc><changefreq>monthly</changefreq></url>
Luleå,Bollnäs,196,144,Avståndet mellan Luleå och Bollnäs är 196 km och Karl-Johan Gyllenstorm beräknade körtiden till cirka 144 minuter.,<url><loc>https://pendlings-app1.t-767929534-cloudflare.workers.dev/?fran=Luleå&amp;till=Bollnäs</loc><changefreq>monthly</changefreq></url>
Malmö,Borgholm,1125,878,Avståndet mellan Malmö och Borgholm är 1125 km och Karl-Johan Gyllenstorm beräknade körtiden till cirka 878 minuter.,<url><loc>https://pendlings-app1.t-767929534-cloudflare.workers.dev/?fran=Malmö&amp;till=Borgholm</loc><changefreq>monthly</changefreq></url>
Åtvidaberg,Habon,559,411,Avståndet mellan Åtvidaberg och Habon är 559 km och Karl-Johan Gyllenstorm beräknade körtiden till cirka 411 minuter.,<url><loc>https://pendlings-app1.t-767929534-cloudflare.workers.dev/?fran=Åtvidaberg&amp;till=Habon</loc><changefreq>monthly</changefreq></url>
Gävle,Trosa,303,199,Avståndet mellan Gävle och Trosa är 303 km och Karl-Johan Gyllenstorm beräknade körtiden till cirka 199 minuter.,<url><loc>https://pendlings-app1.t-767929534-cloudflare.workers.dev/?fran=Gävle&amp;till=Trosa</loc><changefreq>monthly</changefreq></url>
Lomma,Älvdalen,115,83,Avståndet mellan Lomma och Älvdalen är 115 km och Karl-Johan Gyllenstorm beräknade körtiden till cirka 83 minuter.,<url><loc>https://pendlings-app1.t-767929534-cloudflare.workers.dev/?fran=Lomma&amp;till=Älvdalen</loc><changefreq>monthly</changefreq></url>
Ljusdal,Tomelilla,445,343,Avståndet mellan Ljusdal och Tomelilla är 445 km och Karl-Johan Gyllenstorm beräknade körtiden till cirka 343 minuter.,<url><loc>https://pendlings-app1.t-767929534-cloudflare.workers.dev/?fran=Ljusdal&amp;till=Tomelilla</loc><changefreq>monthly</changefreq></url>
Strömstad,Mullsjö,476,321,Avståndet mellan Strömstad och Mullsjö är 476 km och Karl-Johan Gyllenstorm beräknade körtiden till cirka 321 minuter.,<url><loc>https://pendlings-app1.t-767929534-cloudflare.workers.dev/?fran=Strömstad&amp;till=Mullsjö</loc><changefreq>monthly</changefreq></url>
Linköping,Karlstad,208,146,Avståndet mellan Linköping och Karlstad är 208 km och Karl-Johan Gyllenstorm beräknade körtiden till cirka 146 minuter.,<url><loc>https://pendlings-app1.t-767929534-cloudflare.workers.dev/?fran=Linköping&amp;till=Karlstad</loc><changefreq>monthly</changefreq></url>
Örkelljunga,Sundsvall,1304,933,Avståndet mellan Örkelljunga och Sundsvall är 1304 km och Karl-Johan Gyllenstorm beräknade körtiden till cirka 933 minuter.,<url><loc>https://pendlings-app1.t-767929534-cloudflare.workers.dev/?fran=Örkelljunga&amp;till=Sundsvall</loc><changefreq>monthly</changefreq></url>
Vara,Timrå,889,597,Avståndet mellan Vara och Timrå är 889 km och Karl-Johan Gyllenstorm beräknade körtiden till cirka 597 minuter.,<url><loc>https://pendlings-app1.t-767929534-cloudflare.workers.dev/?fran=Vara&amp;till=Timrå</loc><changefreq>monthly</changefreq></url>
Norsjö,Strängnäs,1144,896,Avståndet mellan Norsjö och Strängnäs är 1144 km och Karl-Johan Gyllenstorm beräknade körtiden till cirka 896 minuter.,<url><loc>https://pendlings-app1.t-767929534-cloudflare.workers.dev/?fran=Norsjö&amp;till=Strängnäs</loc><changefreq>monthly</changefreq></url>
Leksand,Högsby,684,487,Avståndet mellan Leksand och Högsby är 684 km och Karl-Johan Gyllenstorm beräknade körtiden till cirka 487 minuter.,<url><loc>https://pendlings-app1.t-767929534-cloudflare.workers.dev/?fran=Leksand&amp;till=Högsby</loc><changefreq>monthly</changefreq></url>
Örkelljunga,Uppsala,1420,1058,Avståndet mellan Örkelljunga och Uppsala är 1420 km och Karl-Johan Gyllenstorm beräknade körtiden till cirka 1058 minuter.,<url><loc>https://pendlings-app1.t-767929534-cloudflare.workers.dev/?fran=Örkelljunga&amp;till=Uppsala</loc><changefreq>monthly</changefreq></url>
Ed,Hässleholm,716,568,Avståndet mellan Ed och Hässleholm är 716 km och Karl-Johan Gyllenstorm beräknade körtiden till cirka 568 minuter.,<url><loc>https://pendlings-app1.t-767929534-cloudflare.workers.dev/?fran=Ed&amp;till=Hässleholm</loc><changefreq>monthly</changefreq></url>
Gnestad,Karlskrona,48,32,Avståndet mellan Gnestad och Karlskrona är 48 km och Karl-Johan Gyllenstorm beräknade körtiden till cirka 32 minuter.,<url><loc>https://pendlings-app1.t-767929534-cloudflare.workers.dev/?fran=Gnestad&amp;till=Karlskrona</loc><changefreq>monthly</changefreq></url>
Svedala,Stånga,1386,936,Avståndet mellan Svedala och Stånga är 1386 km och Karl-Johan Gyllenstorm beräknade körtiden till cirka 936 minuter.,<url><loc>https://pendlings-app1.t-767929534-cloudflare.workers.dev/?fran=Svedala&amp;till=Stånga</loc><changefreq>monthly</changefreq></url>
Kungsbacka,Gimo,87,68,Avståndet mellan Kungsbacka och Gimo är 87 km och Karl-Johan Gyllenstorm beräknade körtiden till cirka 68 minuter.,<url><loc>https://pendlings-app1.t-767929534-cloudflare.workers.dev/?fran=Kungsbacka&amp;till=Gimo</loc><changefreq>monthly</changefreq></url>
Orsa,Motala,362,241,Avståndet mellan Orsa och Motala är 362 km och Karl-Johan Gyllenstorm beräknade körtiden till cirka 241 minuter.,<url><loc>https://pendlings-app1.t-767929534-cloudflare.workers.dev/?fran=Orsa&amp;till=Motala</loc><changefreq>monthly</changefreq></url>
Täby,Ragunda,1329,920,Avståndet mellan Täby och Ragunda är 1329 km och Karl-Johan Gyllenstorm beräknade körtiden till cirka 920 minuter.,<url><loc>https://pendlings-app1.t-767929534-cloudflare.workers.dev/?fran=Täby&amp;till=Ragunda</loc><changefreq>monthly</changefreq></url>
Ronehamn,Söderhamn,194,131,Avståndet mellan Ronehamn och Söderhamn är 194 km och Karl-Johan Gyllenstorm beräknade körtiden till cirka 131 minuter.,<url><loc>https://pendlings-app1.t-767929534-cloudflare.workers.dev/?fran=Ronehamn&amp;till=Söderhamn</loc><changefreq>monthly</changefreq></url>
Skara,Mörbylånga,1009,644,Avståndet mellan Skara och Mörbylånga är 1009 km och Karl-Johan Gyllenstorm beräknade körtiden till cirka 644 minuter.,<url><loc>https://pendlings-app1.t-767929534-cloudflare.workers.dev/?fran=Skara&amp;till=Mörbylånga</loc><changefreq>monthly</changefreq></url>
Karlskoga,Tingstäde,226,162,Avståndet mellan Karlskoga och Tingstäde är 226 km och Karl-Johan Gyllenstorm beräknade körtiden till cirka 162 minuter.,<url><loc>https://pendlings-app1.t-767929534-cloudflare.workers.dev/?fran=Karlskoga&amp;till=Tingstäde</loc><changefreq>monthly</changefreq></url>
Hagfors,Kramfors,1128,770,Avståndet mellan Hagfors och Kramfors är 1128 km och Karl-Johan Gyllenstorm beräknade körtiden till cirka 770 minuter.,<url><loc>https://pendlings-app1.t-767929534-cloudflare.workers.dev/?fran=Hagfors&amp;till=Kramfors</loc><changefreq>monthly</changefreq></url>
Vara,Hässleholm,142,94,Avståndet mellan Vara och Hässleholm är 142 km och Karl-Johan Gyllenstorm beräknade körtiden till cirka 94 minuter.,<url><loc>https://pendlings-app1.t-767929534-cloudflare.workers.dev/?fran=Vara&amp;till=Hässleholm</loc><changefreq>monthly</changefreq></url>
Klippan,Lomma,1263,1003,Avståndet mellan Klippan och Lomma är 1263 km och Karl-Johan Gyllenstorm beräknade körtiden till cirka 1003 minuter.,<url><loc>https://pendlings-app1.t-767929534-cloudflare.workers.dev/?fran=Klippan&amp;till=Lomma</loc><changefreq>monthly</changefreq></url>
Ragunda,Gagnef,331,210,Avståndet mellan Ragunda och Gagnef är 331 km och Karl-Johan Gyllenstorm beräknade körtiden till cirka 210 minuter.,<url><loc>https://pendlings-app1.t-767929534-cloudflare.workers.dev/?fran=Ragunda&amp;till=Gagnef</loc><changefreq>monthly</changefreq></url>
Vadstena,Skellefteå,665,483,Avståndet mellan Vadstena och Skellefteå är 665 km och Karl-Johan Gyllenstorm beräknade körtiden till cirka 483 minuter.,<url><loc>https://pendlings-app1.t-767929534-cloudflare.workers.dev/?fran=Vadstena&amp;till=Skellefteå</loc><changefreq>monthly</changefreq></url>
Hjo,Norberg,260,172,Avståndet mellan Hjo och Norberg är 260 km och Karl-Johan Gyllenstorm beräknade körtiden till cirka 172 minuter.,<url><loc>https://pendlings-app1.t-767929534-cloudflare.workers.dev/?fran=Hjo&amp;till=Norberg</loc><changefreq>monthly</changefreq></url>
Svenljunga,Trosa,1057,721,Avståndet mellan Svenljunga och Trosa är 1057 km och Karl-Johan Gyllenstorm beräknade körtiden till cirka 721 minuter.,<url><loc>https://pendlings-app1.t-767929534-cloudflare.workers.dev/?fran=Svenljunga&amp;till=Trosa</loc><changefreq>monthly</changefreq></url>
Karlskrona,Hofors,623,466,Avståndet mellan Karlskrona och Hofors är 623 km och Karl-Johan Gyllenstorm beräknade körtiden till cirka 466 minuter.,<url><loc>https://pendlings-app1.t-767929534-cloudflare.workers.dev/?fran=Karlskrona&amp;till=Hofors</loc><changefreq>monthly</changefreq></url>
Mörbylånga,Vara,199,139,Avståndet mellan Mörbylånga och Vara är 199 km och Karl-Johan Gyllenstorm beräknade körtiden till cirka 139 minuter.,<url><loc>https://pendlings-app1.t-767929534-cloudflare.workers.dev/?fran=Mörbylånga&amp;till=Vara</loc><changefreq>monthly</changefreq></url>
Hedemora,Lekeberg,327,225,Avståndet mellan Hedemora och Lekeberg är 327 km och Karl-Johan Gyllenstorm beräknade körtiden till cirka 225 minuter.,<url><loc>https://pendlings-app1.t-767929534-cloudflare.workers.dev/?fran=Hedemora&amp;till=Lekeberg</loc><changefreq>monthly</changefreq></url>
Sveg,Bollnäs,1205,843,Avståndet mellan Sveg och Bollnäs är 1205 km och Karl-Johan Gyllenstorm beräknade körtiden till cirka 843 minuter.,<url><loc>https://pendlings-app1.t-767929534-cloudflare.workers.dev/?fran=Sveg&amp;till=Bollnäs</loc><changefreq>monthly</changefreq></url>
Nyköping,Varberg,613,434,Avståndet mellan Nyköping och Varberg är 613 km och Karl-Johan Gyllenstorm beräknade körtiden till cirka 434 minuter.,<url><loc>https://pendlings-app1.t-767929534-cloudflare.workers.dev/?fran=Nyköping&amp;till=Varberg</loc><changefreq>monthly</changefreq></url>
Gislaved,Boxholm,181,139,Avståndet mellan Gislaved och Boxholm är 181 km och Karl-Johan Gyllenstorm beräknade körtiden till cirka 139 minuter.,<url><loc>https://pendlings-app1.t-767929534-cloudflare.workers.dev/?fran=Gislaved&amp;till=Boxholm</loc><changefreq>monthly</changefreq></url>
Ludvika,Nyköping,616,435,Avståndet mellan Ludvika och Nyköping är 616 km och Karl-Johan Gyllenstorm beräknade körtiden till cirka 435 minuter.,<url><loc>https://pendlings-app1.t-767929534-cloudflare.workers.dev/?fran=Ludvika&amp;till=Nyköping</loc><changefreq>monthly</changefreq></url>
Olofström,Osby,111,82,Avståndet mellan Olofström och Osby är 111 km och Karl-Johan Gyllenstorm beräknade körtiden till cirka 82 minuter.,<url><loc>https://pendlings-app1.t-767929534-cloudflare.workers.dev/?fran=Olofström&amp;till=Osby</loc><changefreq>monthly</changefreq></url>
Norberg,Hörby,985,780,Avståndet mellan Norberg och Hörby är 985 km och Karl-Johan Gyllenstorm beräknade körtiden till cirka 780 minuter.,<url><loc>https://pendlings-app1.t-767929534-cloudflare.workers.dev/?fran=Norberg&amp;till=Hörby</loc><changefreq>monthly</changefreq></url>
Lindesberg,Vellinge,915,651,Avståndet mellan Lindesberg och Vellinge är 915 km och Karl-Johan Gyllenstorm beräknade körtiden till cirka 651 minuter.,<url><loc>https://pendlings-app1.t-767929534-cloudflare.workers.dev/?fran=Lindesberg&amp;till=Vellinge</loc><changefreq>monthly</changefreq></url>
Jokkmokk,Hemse,115,79,Avståndet mellan Jokkmokk och Hemse är 115 km och Karl-Johan Gyllenstorm beräknade körtiden till cirka 79 minuter.,<url><loc>https://pendlings-app1.t-767929534-cloudflare.workers.dev/?fran=Jokkmokk&amp;till=Hemse</loc><changefreq>monthly</changefreq></url>
Sälen,Håbo,30,20,Avståndet mellan Sälen och Håbo är 30 km och Karl-Johan Gyllenstorm beräknade körtiden till cirka 20 minuter.,<url><loc>https://pendlings-app1.t-767929534-cloudflare.workers.dev/?fran=Sälen&amp;till=Håbo</loc><changefreq>monthly</changefreq></url>
Dorotea,Vibble,528,384,Avståndet mellan Dorotea och Vibble är 528 km och Karl-Johan Gyllenstorm beräknade körtiden till cirka 384 minuter.,<url><loc>https://pendlings-app1.t-767929534-cloudflare.workers.dev/?fran=Dorotea&amp;till=Vibble</loc><changefreq>monthly</changefreq></url>
Orsa,Habon,1328,974,Avståndet mellan Orsa och Habon är 1328 km och Karl-Johan Gyllenstorm beräknade körtiden till cirka 974 minuter.,<url><loc>https://pendlings-app1.t-767929534-cloudflare.workers.dev/?fran=Orsa&amp;till=Habon</loc><changefreq>monthly</changefreq></url>
Strömstad,Årjäng,765,513,Avståndet mellan Strömstad och Årjäng är 765 km och Karl-Johan Gyllenstorm beräknade körtiden till cirka 513 minuter.,<url><loc>https://pendlings-app1.t-767929534-cloudflare.workers.dev/?fran=Strömstad&amp;till=Årjäng</loc><changefreq>monthly</changefreq></url>
Filipstad,Gällivare,588,412,Avståndet mellan Filipstad och Gällivare är 588 km och Karl-Johan Gyllenstorm beräknade körtiden till cirka 412 minuter.,<url><loc>https://pendlings-app1.t-767929534-cloudflare.workers.dev/?fran=Filipstad&amp;till=Gällivare</loc><changefreq>monthly</changefreq></url>
Norberg,Fårösund,854,621,Avståndet mellan Norberg och Fårösund är 854 km och Karl-Johan Gyllenstorm beräknade körtiden till cirka 621 minuter.,<url><loc>https://pendlings-app1.t-767929534-cloudflare.workers.dev/?fran=Norberg&amp;till=Fårösund</loc><changefreq>monthly</changefreq></url>
Malmö,Skellefteå,276,208,Avståndet mellan Malmö och Skellefteå är 276 km och Karl-Johan Gyllenstorm beräknade körtiden till cirka 208 minuter.,<url><loc>https://pendlings-app1.t-767929534-cloudflare.workers.dev/?fran=Malmö&amp;till=Skellefteå</loc><changefreq>monthly</changefreq></url>
Kils,Leksand,330,218,Avståndet mellan Kils och Leksand är 330 km och Karl-Johan Gyllenstorm beräknade körtiden till cirka 218 minuter.,<url><loc>https://pendlings-app1.t-767929534-cloudflare.workers.dev/?fran=Kils&amp;till=Leksand</loc><changefreq>monthly</changefreq></url>
Tomelilla,Stockholm,1072,808,Avståndet mellan Tomelilla och Stockholm är 1072 km och Karl-Johan Gyllenstorm beräknade körtiden till cirka 808 minuter.,<url><loc>https://pendlings-app1.t-767929534-cloudflare.workers.dev/?fran=Tomelilla&amp;till=Stockholm</loc><changefreq>monthly</changefreq></url>
Hallsberg,Storfors,683,497,Avståndet mellan Hallsberg och Storfors är 683 km och Karl-Johan Gyllenstorm beräknade körtiden till cirka 497 minuter.,<url><loc>https://pendlings-app1.t-767929534-cloudflare.workers.dev/?fran=Hallsberg&amp;till=Storfors</loc><changefreq>monthly</changefreq></url>
Ronneby,Strömsund,125,91,Avståndet mellan Ronneby och Strömsund är 125 km och Karl-Johan Gyllenstorm beräknade körtiden till cirka 91 minuter.,<url><loc>https://pendlings-app1.t-767929534-cloudflare.workers.dev/?fran=Ronneby&amp;till=Strömsund</loc><changefreq>monthly</changefreq></url>
Smedjebacken,Landskrona,373,247,Avståndet mellan Smedjebacken och Landskrona är 373 km och Karl-Johan Gyllenstorm beräknade körtiden till cirka 247 minuter.,<url><loc>https://pendlings-app1.t-767929534-cloudflare.workers.dev/?fran=Smedjebacken&amp;till=Landskrona</loc><changefreq>monthly</changefreq></url>
Sävsjö,Degerfors,793,531,Avståndet mellan Sävsjö och Degerfors är 793 km och Karl-Johan Gyllenstorm beräknade körtiden till cirka 531 minuter.,<url><loc>https://pendlings-app1.t-767929534-cloudflare.workers.dev/?fran=Sävsjö&amp;till=Degerfors</loc><changefreq>monthly</changefreq></url>
Hemse,Olofström,1156,777,Avståndet mellan Hemse och Olofström är 1156 km och Karl-Johan Gyllenstorm beräknade körtiden till cirka 777 minuter.,<url><loc>https://pendlings-app1.t-767929534-cloudflare.workers.dev/?fran=Hemse&amp;till=Olofström</loc><changefreq>monthly</changefreq></url>
Tofta,Ånge,1305,928,Avståndet mellan Tofta och Ånge är 1305 km och Karl-Johan Gyllenstorm beräknade körtiden till cirka 928 minuter.,<url><loc>https://pendlings-app1.t-767929534-cloudflare.workers.dev/?fran=Tofta&amp;till=Ånge</loc><changefreq>monthly</changefreq></url>
Mörbylånga,Sandviken,857,650,Avståndet mellan Mörbylånga och Sandviken är 857 km och Karl-Johan Gyllenstorm beräknade körtiden till cirka 650 minuter.,<url><loc>https://pendlings-app1.t-767929534-cloudflare.workers.dev/?fran=Mörbylånga&amp;till=Sandviken</loc><changefreq>monthly</changefreq></url>
Avesta,Tomelilla,865,596,Avståndet mellan Avesta och Tomelilla är 865 km och Karl-Johan Gyllenstorm beräknade körtiden till cirka 596 minuter.,<url><loc>https://pendlings-app1.t-767929534-cloudflare.workers.dev/?fran=Avesta&amp;till=Tomelilla</loc><changefreq>monthly</changefreq></url>
Strömstad,Nybro,1282,893,Avståndet mellan Strömstad och Nybro är 1282 km och Karl-Johan Gyllenstorm beräknade körtiden till cirka 893 minuter.,<url><loc>https://pendlings-app1.t-767929534-cloudflare.workers.dev/?fran=Strömstad&amp;till=Nybro</loc><changefreq>monthly</changefreq></url>
Gnestad,Lekeberg,1290,943,Avståndet mellan Gnestad och Lekeberg är 1290 km och Karl-Johan Gyllenstorm beräknade körtiden till cirka 943 minuter.,<url><loc>https://pendlings-app1.t-767929534-cloudflare.workers.dev/?fran=Gnestad&amp;till=Lekeberg</loc><changefreq>monthly</changefreq></url>
Götene,Visby,59,39,Avståndet mellan Götene och Visby är 59 km och Karl-Johan Gyllenstorm beräknade körtiden till cirka 39 minuter.,<url><loc>https://pendlings-app1.t-767929534-cloudflare.workers.dev/?fran=Götene&amp;till=Visby</loc><changefreq>monthly</changefreq></url>
Laxå,Norberg,1328,847,Avståndet mellan Laxå och Norberg är 1328 km och Karl-Johan Gyllenstorm beräknade körtiden till cirka 847 minuter.,<url><loc>https://pendlings-app1.t-767929534-cloudflare.workers.dev/?fran=Laxå&amp;till=Norberg</loc><changefreq>monthly</changefreq></url>
Helsingborg,Älvsbyn,1101,839,Avståndet mellan Helsingborg och Älvsbyn är 1101 km och Karl-Johan Gyllenstorm beräknade körtiden till cirka 839 minuter.,<url><loc>https://pendlings-app1.t-767929534-cloudflare.workers.dev/?fran=Helsingborg&amp;till=Älvsbyn</loc><changefreq>monthly</changefreq></url>
Tranås,Charlottenberg,157,124,Avståndet mellan Tranås och Charlottenberg är 157 km och Karl-Johan Gyllenstorm beräknade körtiden till cirka 124 minuter.,<url><loc>https://pendlings-app1.t-767929534-cloudflare.workers.dev/?fran=Tranås&amp;till=Charlottenberg</loc><changefreq>monthly</changefreq></url>
Krokom,Sundsvall,121,78,Avståndet mellan Krokom och Sundsvall är 121 km och Karl-Johan Gyllenstorm beräknade körtiden till cirka 78 minuter.,<url><loc>https://pendlings-app1.t-767929534-cloudflare.workers.dev/?fran=Krokom&amp;till=Sundsvall</loc><changefreq>monthly</changefreq></url>
Gnosjö,Storuman,827,620,Avståndet mellan Gnosjö och Storuman är 827 km och Karl-Johan Gyllenstorm beräknade körtiden till cirka 620 minuter.,<url><loc>https://pendlings-app1.t-767929534-cloudflare.workers.dev/?fran=Gnosjö&amp;till=Storuman</loc><changefreq>monthly</changefreq></url>
Åsele,Grythyttan,1107,857,Avståndet mellan Åsele och Grythyttan är 1107 km och Karl-Johan Gyllenstorm beräknade körtiden till cirka 857 minuter.,<url><loc>https://pendlings-app1.t-767929534-cloudflare.workers.dev/?fran=Åsele&amp;till=Grythyttan</loc><changefreq>monthly</changefreq></url>
Höganäs,Huddinge,1163,748,Avståndet mellan Höganäs och Huddinge är 1163 km och Karl-Johan Gyllenstorm beräknade körtiden till cirka 748 minuter.,<url><loc>https://pendlings-app1.t-767929534-cloudflare.workers.dev/?fran=Höganäs&amp;till=Huddinge</loc><changefreq>monthly</changefreq></url>
Slite,Gävle,35,26,Avståndet mellan Slite och Gävle är 35 km och Karl-Johan Gyllenstorm beräknade körtiden till cirka 26 minuter.,<url><loc>https://pendlings-app1.t-767929534-cloudflare.workers.dev/?fran=Slite&amp;till=Gävle</loc><changefreq>monthly</changefreq></url>
Lekeberg,Tomelilla,554,353,Avståndet mellan Lekeberg och Tomelilla är 554 km och Karl-Johan Gyllenstorm beräknade körtiden till cirka 353 minuter.,<url><loc>https://pendlings-app1.t-767929534-cloudflare.workers.dev/?fran=Lekeberg&amp;till=Tomelilla</loc><changefreq>monthly</changefreq></url>
Överkalix,Haparanda,1343,1026,Avståndet mellan Överkalix och Haparanda är 1343 km och Karl-Johan Gyllenstorm beräknade körtiden till cirka 1026 minuter.,<url><loc>https://pendlings-app1.t-767929534-cloudflare.workers.dev/?fran=Överkalix&amp;till=Haparanda</loc><changefreq>monthly</changefreq></url>
Båstad,Kopparberg,995,703,Avståndet mellan Båstad och Kopparberg är 995 km och Karl-Johan Gyllenstorm beräknade körtiden till cirka 703 minuter.,<url><loc>https://pendlings-app1.t-767929534-cloudflare.workers.dev/?fran=Båstad&amp;till=Kopparberg</loc><changefreq>monthly</changefreq></url>
Mullsjö,Malmö,534,376,Avståndet mellan Mullsjö och Malmö är 534 km och Karl-Johan Gyllenstorm beräknade körtiden till cirka 376 minuter.,<url><loc>https://pendlings-app1.t-767929534-cloudflare.workers.dev/?fran=Mullsjö&amp;till=Malmö</loc><changefreq>monthly</changefreq></url>
Gällivare,Charlottenberg,799,536,Avståndet mellan Gällivare och Charlottenberg är 799 km och Karl-Johan Gyllenstorm beräknade körtiden till cirka 536 minuter.,<url><loc>https://pendlings-app1.t-767929534-cloudflare.workers.dev/?fran=Gällivare&amp;till=Charlottenberg</loc><changefreq>monthly</changefreq></url>
Mariestad,Havdhem,409,287,Avståndet mellan Mariestad och Havdhem är 409 km och Karl-Johan Gyllenstorm beräknade körtiden till cirka 287 minuter.,<url><loc>https://pendlings-app1.t-767929534-cloudflare.workers.dev/?fran=Mariestad&amp;till=Havdhem</loc><changefreq>monthly</changefreq></url>
Täby,Grums,156,113,Avståndet mellan Täby och Grums är 156 km och Karl-Johan Gyllenstorm beräknade körtiden till cirka 113 minuter.,<url><loc>https://pendlings-app1.t-767929534-cloudflare.workers.dev/?fran=Täby&amp;till=Grums</loc><changefreq>monthly</changefreq></url>
Lund,Ängelholm,521,400,Avståndet mellan Lund och Ängelholm är 521 km och Karl-Johan Gyllenstorm beräknade körtiden till cirka 400 minuter.,<url><loc>https://pendlings-app1.t-767929534-cloudflare.workers.dev/?fran=Lund&amp;till=Ängelholm</loc><changefreq>monthly</changefreq></url>
Tierp,Älvsbyn,159,123,Avståndet mellan Tierp och Älvsbyn är 159 km och Karl-Johan Gyllenstorm beräknade körtiden till cirka 123 minuter.,<url><loc>https://pendlings-app1.t-767929534-cloudflare.workers.dev/?fran=Tierp&amp;till=Älvsbyn</loc><changefreq>monthly</changefreq></url>
Malung,Perstorp,844,580,Avståndet mellan Malung och Perstorp är 844 km och Karl-Johan Gyllenstorm beräknade körtiden till cirka 580 minuter.,<url><loc>https://pendlings-app1.t-767929534-cloudflare.workers.dev/?fran=Malung&amp;till=Perstorp</loc><changefreq>monthly</changefreq></url>
Ronehamn,Olofström,629,422,Avståndet mellan Ronehamn och Olofström är 629 km och Karl-Johan Gyllenstorm beräknade körtiden till cirka 422 minuter.,<url><loc>https://pendlings-app1.t-767929534-cloudflare.workers.dev/?fran=Ronehamn&amp;till=Olofström</loc><changefreq>monthly</changefreq></url>
Hultsfred,Östersund,1093,759,Avståndet mellan Hultsfred och Östersund är 1093 km och Karl-Johan Gyllenstorm beräknade körtiden till cirka 759 minuter.,<url><loc>https://pendlings-app1.t-767929534-cloudflare.workers.dev/?fran=Hultsfred&amp;till=Östersund</loc><changefreq>monthly</changefreq></url>
Vimmerby,Huddinge,1396,948,Avståndet mellan Vimmerby och Huddinge är 1396 km och Karl-Johan Gyllenstorm beräknade körtiden till cirka 948 minuter.,<url><loc>https://pendlings-app1.t-767929534-cloudflare.workers.dev/?fran=Vimmerby&amp;till=Huddinge</loc><changefreq>monthly</changefreq></url>
Osby,Storfors,654,472,Avståndet mellan Osby och Storfors är 654 km och Karl-Johan Gyllenstorm beräknade körtiden till cirka 472 minuter.,<url><loc>https://pendlings-app1.t-767929534-cloudflare.workers.dev/?fran=Osby&amp;till=Storfors</loc><changefreq>monthly</changefreq></url>
Mönsterås,Västerås,349,278,Avståndet mellan Mönsterås och Västerås är 349 km och Karl-Johan Gyllenstorm beräknade körtiden till cirka 278 minuter.,<url><loc>https://pendlings-app1.t-767929534-cloudflare.workers.dev/?fran=Mönsterås&amp;till=Västerås</loc><changefreq>monthly</changefreq></url>
Filipstad,Eskilstuna,884,588,Avståndet mellan Filipstad och Eskilstuna är 884 km och Karl-Johan Gyllenstorm beräknade körtiden till cirka 588 minuter.,<url><loc>https://pendlings-app1.t-767929534-cloudflare.workers.dev/?fran=Filipstad&amp;till=Eskilstuna</loc><changefreq>monthly</changefreq></url>
Oskarshamn,Mellerud,292,213,Avståndet mellan Oskarshamn och Mellerud är 292 km och Karl-Johan Gyllenstorm beräknade körtiden till cirka 213 minuter.,<url><loc>https://pendlings-app1.t-767929534-cloudflare.workers.dev/?fran=Oskarshamn&amp;till=Mellerud</loc><changefreq>monthly</changefreq></url>
Tanum,Åmål,1107,794,Avståndet mellan Tanum och Åmål är 1107 km och Karl-Johan Gyllenstorm beräknade körtiden till cirka 794 minuter.,<url><loc>https://pendlings-app1.t-767929534-cloudflare.workers.dev/?fran=Tanum&amp;till=Åmål</loc><changefreq>monthly</changefreq></url>
Sjöbo,Ed,238,176,Avståndet mellan Sjöbo och Ed är 238 km och Karl-Johan Gyllenstorm beräknade körtiden till cirka 176 minuter.,<url><loc>https://pendlings-app1.t-767929534-cloudflare.workers.dev/?fran=Sjöbo&amp;till=Ed</loc><changefreq>monthly</changefreq></url>
Uddevalla,Flen,540,423,Avståndet mellan Uddevalla och Flen är 540 km och Karl-Johan Gyllenstorm beräknade körtiden till cirka 423 minuter.,<url><loc>https://pendlings-app1.t-767929534-cloudflare.workers.dev/?fran=Uddevalla&amp;till=Flen</loc><changefreq>monthly</changefreq></url>
Sunne,Lund,108,71,Avståndet mellan Sunne och Lund är 108 km och Karl-Johan Gyllenstorm beräknade körtiden till cirka 71 minuter.,<url><loc>https://pendlings-app1.t-767929534-cloudflare.workers.dev/?fran=Sunne&amp;till=Lund</loc><changefreq>monthly</changefreq></url>
Bengtsfors,Östra Göinge,622,397,Avståndet mellan Bengtsfors och Östra Göinge är 622 km och Karl-Johan Gyllenstorm beräknade körtiden till cirka 397 minuter.,<url><loc>https://pendlings-app1.t-767929534-cloudflare.workers.dev/?fran=Bengtsfors&amp;till=Östra Göinge</loc><changefreq>monthly</changefreq></url>
Sölvesborg,Askersund,1318,955,Avståndet mellan Sölvesborg och Askersund är 1318 km och Karl-Johan Gyllenstorm beräknade körtiden till cirka 955 minuter.,<url><loc>https://pendlings-app1.t-767929534-cloudflare.workers.dev/?fran=Sölvesborg&amp;till=Askersund</loc><changefreq>monthly</changefreq></url>
Norsjö,Höör,751,480,Avståndet mellan Norsjö och Höör är 751 km och Karl-Johan Gyllenstorm beräknade körtiden till cirka 480 minuter.,<url><loc>https://pendlings-app1.t-767929534-cloudflare.workers.dev/?fran=Norsjö&amp;till=Höör</loc><changefreq>monthly</changefreq></url>
Karlshamn,Roma,790,526,Avståndet mellan Karlshamn och Roma är 790 km och Karl-Johan Gyllenstorm beräknade körtiden till cirka 526 minuter.,<url><loc>https://pendlings-app1.t-767929534-cloudflare.workers.dev/?fran=Karlshamn&amp;till=Roma</loc><changefreq>monthly</changefreq></url>
Ronneby,Sala,111,85,Avståndet mellan Ronneby och Sala är 111 km och Karl-Johan Gyllenstorm beräknade körtiden till cirka 85 minuter.,<url><loc>https://pendlings-app1.t-767929534-cloudflare.workers.dev/?fran=Ronneby&amp;till=Sala</loc><changefreq>monthly</changefreq></url>
Sala,Charlottenberg,494,331,Avståndet mellan Sala och Charlottenberg är 494 km och Karl-Johan Gyllenstorm beräknade körtiden till cirka 331 minuter.,<url><loc>https://pendlings-app1.t-767929534-cloudflare.workers.dev/?fran=Sala&amp;till=Charlottenberg</loc><changefreq>monthly</changefreq></url>
Hemse,Sveg,780,572,Avståndet mellan Hemse och Sveg är 780 km och Karl-Johan Gyllenstorm beräknade körtiden till cirka 572 minuter.,<url><loc>https://pendlings-app1.t-767929534-cloudflare.workers.dev/?fran=Hemse&amp;till=Sveg</loc><changefreq>monthly</changefreq></url>
Grythyttan,Håbo,1424,1085,Avståndet mellan Grythyttan och Håbo är 1424 km och Karl-Johan Gyllenstorm beräknade körtiden till cirka 1085 minuter.,<url><loc>https://pendlings-app1.t-767929534-cloudflare.workers.dev/?fran=Grythyttan&amp;till=Håbo</loc><changefreq>monthly</changefreq></url>
Trollhättan,Växjö,417,266,Avståndet mellan Trollhättan och Växjö är 417 km och Karl-Johan Gyllenstorm beräknade körtiden till cirka 266 minuter.,<url><loc>https://pendlings-app1.t-767929534-cloudflare.workers.dev/?fran=Trollhättan&amp;till=Växjö</loc><changefreq>monthly</changefreq></url>
Skövde,Hallstahammar,72,49,Avståndet mellan Skövde och Hallstahammar är 72 km och Karl-Johan Gyllenstorm beräknade körtiden till cirka 49 minuter.,<url><loc>https://pendlings-app1.t-767929534-cloudflare.workers.dev/?fran=Skövde&amp;till=Hallstahammar</loc><changefreq>monthly</changefreq></url>
Eslöv,Ljusnarsberg,987,717,Avståndet mellan Eslöv och Ljusnarsberg är 987 km och Karl-Johan Gyllenstorm beräknade körtiden till cirka 717 minuter.,<url><loc>https://pendlings-app1.t-767929534-cloudflare.workers.dev/?fran=Eslöv&amp;till=Ljusnarsberg</loc><changefreq>monthly</changefreq></url>
Hörby,Lysekil,867,573,Avståndet mellan Hörby och Lysekil är 867 km och Karl-Johan Gyllenstorm beräknade körtiden till cirka 573 minuter.,<url><loc>https://pendlings-app1.t-767929534-cloudflare.workers.dev/?fran=Hörby&amp;till=Lysekil</loc><changefreq>monthly</changefreq></url>
Gällivare,Arvika,620,436,Avståndet mellan Gällivare och Arvika är 620 km och Karl-Johan Gyllenstorm beräknade körtiden till cirka 436 minuter.,<url><loc>https://pendlings-app1.t-767929534-cloudflare.workers.dev/?fran=Gällivare&amp;till=Arvika</loc><changefreq>monthly</changefreq></url>
Karlsborg,Borgholm,1111,783,Avståndet mellan Karlsborg och Borgholm är 1111 km och Karl-Johan Gyllenstorm beräknade körtiden till cirka 783 minuter.,<url><loc>https://pendlings-app1.t-767929534-cloudflare.workers.dev/?fran=Karlsborg&amp;till=Borgholm</loc><changefreq>monthly</changefreq></url>
Hultsfred,Varberg,71,47,Avståndet mellan Hultsfred och Varberg är 71 km och Karl-Johan Gyllenstorm beräknade körtiden till cirka 47 minuter.,<url><loc>https://pendlings-app1.t-767929534-cloudflare.workers.dev/?fran=Hultsfred&amp;till=Varberg</loc><changefreq>monthly</changefreq></url>
Trollhättan,Arvika,248,181,Avståndet mellan Trollhättan och Arvika är 248 km och Karl-Johan Gyllenstorm beräknade körtiden till cirka 181 minuter.,<url><loc>https://pendlings-app1.t-767929534-cloudflare.workers.dev/?fran=Trollhättan&amp;till=Arvika</loc><changefreq>monthly</changefreq></url>
Roma,Övertorneå,1163,785,Avståndet mellan Roma och Övertorneå är 1163 km och Karl-Johan Gyllenstorm beräknade körtiden till cirka 785 minuter.,<url><loc>https://pendlings-app1.t-767929534-cloudflare.workers.dev/?fran=Roma&amp;till=Övertorneå</loc><changefreq>monthly</changefreq></url>
Huddinge,Enköping,1087,830,Avståndet mellan Huddinge och Enköping är 1087 km och Karl-Johan Gyllenstorm beräknade körtiden till cirka 830 minuter.,<url><loc>https://pendlings-app1.t-767929534-cloudflare.workers.dev/?fran=Huddinge&amp;till=Enköping</loc><changefreq>monthly</changefreq></url>
Bollebygd,Motala,589,433,Avståndet mellan Bollebygd och Motala är 589 km och Karl-Johan Gyllenstorm beräknade körtiden till cirka 433 minuter.,<url><loc>https://pendlings-app1.t-767929534-cloudflare.workers.dev/?fran=Bollebygd&amp;till=Motala</loc><changefreq>monthly</changefreq></url>
Strömsund,Sandviken,299,213,Avståndet mellan Strömsund och Sandviken är 299 km och Karl-Johan Gyllenstorm beräknade körtiden till cirka 213 minuter.,<url><loc>https://pendlings-app1.t-767929534-cloudflare.workers.dev/?fran=Strömsund&amp;till=Sandviken</loc><changefreq>monthly</changefreq></url>
Huddinge,Sotenäs,151,102,Avståndet mellan Huddinge och Sotenäs är 151 km och Karl-Johan Gyllenstorm beräknade körtiden till cirka 102 minuter.,<url><loc>https://pendlings-app1.t-767929534-cloudflare.workers.dev/?fran=Huddinge&amp;till=Sotenäs</loc><changefreq>monthly</changefreq></url>
Boxholm,Perstorp,721,571,Avståndet mellan Boxholm och Perstorp är 721 km och Karl-Johan Gyllenstorm beräknade körtiden till cirka 571 minuter.,<url><loc>https://pendlings-app1.t-767929534-cloudflare.workers.dev/?fran=Boxholm&amp;till=Perstorp</loc><changefreq>monthly</changefreq></url>
Sveg,Sundsvall,1431,978,Avståndet mellan Sveg och Sundsvall är 1431 km och Karl-Johan Gyllenstorm beräknade körtiden till cirka 978 minuter.,<url><loc>https://pendlings-app1.t-767929534-cloudflare.workers.dev/?fran=Sveg&amp;till=Sundsvall</loc><changefreq>monthly</changefreq></url>
Vara,Sunne,621,467,Avståndet mellan Vara och Sunne är 621 km och Karl-Johan Gyllenstorm beräknade körtiden till cirka 467 minuter.,<url><loc>https://pendlings-app1.t-767929534-cloudflare.workers.dev/?fran=Vara&amp;till=Sunne</loc><changefreq>monthly</changefreq></url>
Överkalix,Sälen,467,354,Avståndet mellan Överkalix och Sälen är 467 km och Karl-Johan Gyllenstorm beräknade körtiden till cirka 354 minuter.,<url><loc>https://pendlings-app1.t-767929534-cloudflare.workers.dev/?fran=Överkalix&amp;till=Sälen</loc><changefreq>monthly</changefreq></url>
Arvika,Hällefor,752,572,Avståndet mellan Arvika och Hällefor är 752 km och Karl-Johan Gyllenstorm beräknade körtiden till cirka 572 minuter.,<url><loc>https://pendlings-app1.t-767929534-cloudflare.workers.dev/?fran=Arvika&amp;till=Hällefor</loc><changefreq>monthly</changefreq></url>
Mjölby,Ånge,1102,825,Avståndet mellan Mjölby och Ånge är 1102 km och Karl-Johan Gyllenstorm beräknade körtiden till cirka 825 minuter.,<url><loc>https://pendlings-app1.t-767929534-cloudflare.workers.dev/?fran=Mjölby&amp;till=Ånge</loc><changefreq>monthly</changefreq></url>
Roma,Nybro,670,434,Avståndet mellan Roma och Nybro är 670 km och Karl-Johan Gyllenstorm beräknade körtiden till cirka 434 minuter.,<url><loc>https://pendlings-app1.t-767929534-cloudflare.workers.dev/?fran=Roma&amp;till=Nybro</loc><changefreq>monthly</changefreq></url>
Söderköping,Tofta,275,199,Avståndet mellan Söderköping och Tofta är 275 km och Karl-Johan Gyllenstorm beräknade körtiden till cirka 199 minuter.,<url><loc>https://pendlings-app1.t-767929534-cloudflare.workers.dev/?fran=Söderköping&amp;till=Tofta</loc><changefreq>monthly</changefreq></url>
Ludvika,Hässleholm,479,315,Avståndet mellan Ludvika och Hässleholm är 479 km och Karl-Johan Gyllenstorm beräknade körtiden till cirka 315 minuter.,<url><loc>https://pendlings-app1.t-767929534-cloudflare.workers.dev/?fran=Ludvika&amp;till=Hässleholm</loc><changefreq>monthly</changefreq></url>
Kalix,Eskilstuna,234,183,Avståndet mellan Kalix och Eskilstuna är 234 km och Karl-Johan Gyllenstorm beräknade körtiden till cirka 183 minuter.,<url><loc>https://pendlings-app1.t-767929534-cloudflare.workers.dev/?fran=Kalix&amp;till=Eskilstuna</loc><changefreq>monthly</changefreq></url>
Kungsör,Hultsfred,1253,894,Avståndet mellan Kungsör och Hultsfred är 1253 km och Karl-Johan Gyllenstorm beräknade körtiden till cirka 894 minuter.,<url><loc>https://pendlings-app1.t-767929534-cloudflare.workers.dev/?fran=Kungsör&amp;till=Hultsfred</loc><changefreq>monthly</changefreq></url>
Dorotea,Lomma,980,658,Avståndet mellan Dorotea och Lomma är 980 km och Karl-Johan Gyllenstorm beräknade körtiden till cirka 658 minuter.,<url><loc>https://pendlings-app1.t-767929534-cloudflare.workers.dev/?fran=Dorotea&amp;till=Lomma</loc><changefreq>monthly</changefreq></url>
Kumla,Köping,278,194,Avståndet mellan Kumla och Köping är 278 km och Karl-Johan Gyllenstorm beräknade körtiden till cirka 194 minuter.,<url><loc>https://pendlings-app1.t-767929534-cloudflare.workers.dev/?fran=Kumla&amp;till=Köping</loc><changefreq>monthly</changefreq></url>
Älvsbyn,Tranås,1267,804,Avståndet mellan Älvsbyn och Tranås är 1267 km och Karl-Johan Gyllenstorm beräknade körtiden till cirka 804 minuter.,<url><loc>https://pendlings-app1.t-767929534-cloudflare.workers.dev/?fran=Älvsbyn&amp;till=Tranås</loc><changefreq>monthly</changefreq></url>
Haparanda,Rättvik,518,358,Avståndet mellan Haparanda och Rättvik är 518 km och Karl-Johan Gyllenstorm beräknade körtiden till cirka 358 minuter.,<url><loc>https://pendlings-app1.t-767929534-cloudflare.workers.dev/?fran=Haparanda&amp;till=Rättvik</loc><changefreq>monthly</changefreq></url>
Bollebygd,Habon,1317,892,Avståndet mellan Bollebygd och Habon är 1317 km och Karl-Johan Gyllenstorm beräknade körtiden till cirka 892 minuter.,<url><loc>https://pendlings-app1.t-767929534-cloudflare.workers.dev/?fran=Bollebygd&amp;till=Habon</loc><changefreq>monthly</changefreq></url>
Mariestad,Lidköping,1033,781,Avståndet mellan Mariestad och Lidköping är 1033 km och Karl-Johan Gyllenstorm beräknade körtiden till cirka 781 minuter.,<url><loc>https://pendlings-app1.t-767929534-cloudflare.workers.dev/?fran=Mariestad&amp;till=Lidköping</loc><changefreq>monthly</changefreq></url>
Piteå,Boden,854,583,Avståndet mellan Piteå och Boden är 854 km och Karl-Johan Gyllenstorm beräknade körtiden till cirka 583 minuter.,<url><loc>https://pendlings-app1.t-767929534-cloudflare.workers.dev/?fran=Piteå&amp;till=Boden</loc><changefreq>monthly</changefreq></url>
Bjuv,Gällivare,487,386,Avståndet mellan Bjuv och Gällivare är 487 km och Karl-Johan Gyllenstorm beräknade körtiden till cirka 386 minuter.,<url><loc>https://pendlings-app1.t-767929534-cloudflare.workers.dev/?fran=Bjuv&amp;till=Gällivare</loc><changefreq>monthly</changefreq></url>
Hörby,Haparanda,857,558,Avståndet mellan Hörby och Haparanda är 857 km och Karl-Johan Gyllenstorm beräknade körtiden till cirka 558 minuter.,<url><loc>https://pendlings-app1.t-767929534-cloudflare.workers.dev/?fran=Hörby&amp;till=Haparanda</loc><changefreq>monthly</changefreq></url>
Staffanstorp,Fagersta,182,116,Avståndet mellan Staffanstorp och Fagersta är 182 km och Karl-Johan Gyllenstorm beräknade körtiden till cirka 116 minuter.,<url><loc>https://pendlings-app1.t-767929534-cloudflare.workers.dev/?fran=Staffanstorp&amp;till=Fagersta</loc><changefreq>monthly</changefreq></url>
Hjo,Bräcke,1278,850,Avståndet mellan Hjo och Bräcke är 1278 km och Karl-Johan Gyllenstorm beräknade körtiden till cirka 850 minuter.,<url><loc>https://pendlings-app1.t-767929534-cloudflare.workers.dev/?fran=Hjo&amp;till=Bräcke</loc><changefreq>monthly</changefreq></url>
Årjäng,Kävlinge,1042,693,Avståndet mellan Årjäng och Kävlinge är 1042 km och Karl-Johan Gyllenstorm beräknade körtiden till cirka 693 minuter.,<url><loc>https://pendlings-app1.t-767929534-cloudflare.workers.dev/?fran=Årjäng&amp;till=Kävlinge</loc><changefreq>monthly</changefreq></url>
Mörbylånga,Lidköping,695,440,Avståndet mellan Mörbylånga och Lidköping är 695 km och Karl-Johan Gyllenstorm beräknade körtiden till cirka 440 minuter.,<url><loc>https://pendlings-app1.t-767929534-cloudflare.workers.dev/?fran=Mörbylånga&amp;till=Lidköping</loc><changefreq>monthly</changefreq></url>
Mörbylånga,Sävsjö,220,157,Avståndet mellan Mörbylånga och Sävsjö är 220 km och Karl-Johan Gyllenstorm beräknade körtiden till cirka 157 minuter.,<url><loc>https://pendlings-app1.t-767929534-cloudflare.workers.dev/?fran=Mörbylånga&amp;till=Sävsjö</loc><changefreq>monthly</changefreq></url>
Sveg,Älvdalen,1050,684,Avståndet mellan Sveg och Älvdalen är 1050 km och Karl-Johan Gyllenstorm beräknade körtiden till cirka 684 minuter.,<url><loc>https://pendlings-app1.t-767929534-cloudflare.workers.dev/?fran=Sveg&amp;till=Älvdalen</loc><changefreq>monthly</changefreq></url>
Sollefteå,Katrineholm,1156,776,Avståndet mellan Sollefteå och Katrineholm är 1156 km och Karl-Johan Gyllenstorm beräknade körtiden till cirka 776 minuter.,<url><loc>https://pendlings-app1.t-767929534-cloudflare.workers.dev/?fran=Sollefteå&amp;till=Katrineholm</loc><changefreq>monthly</changefreq></url>
Gällivare,Huddinge,1099,710,Avståndet mellan Gällivare och Huddinge är 1099 km och Karl-Johan Gyllenstorm beräknade körtiden till cirka 710 minuter.,<url><loc>https://pendlings-app1.t-767929534-cloudflare.workers.dev/?fran=Gällivare&amp;till=Huddinge</loc><changefreq>monthly</changefreq></url>
Trosa,Lindesberg,46,30,Avståndet mellan Trosa och Lindesberg är 46 km och Karl-Johan Gyllenstorm beräknade körtiden till cirka 30 minuter.,<url><loc>https://pendlings-app1.t-767929534-cloudflare.workers.dev/?fran=Trosa&amp;till=Lindesberg</loc><changefreq>monthly</changefreq></url>
Norrköping,Staffanstorp,452,297,Avståndet mellan Norrköping och Staffanstorp är 452 km och Karl-Johan Gyllenstorm beräknade körtiden till cirka 297 minuter.,<url><loc>https://pendlings-app1.t-767929534-cloudflare.workers.dev/?fran=Norrköping&amp;till=Staffanstorp</loc><changefreq>monthly</changefreq></url>
Tofta,Östra Göinge,85,59,Avståndet mellan Tofta och Östra Göinge är 85 km och Karl-Johan Gyllenstorm beräknade körtiden till cirka 59 minuter.,<url><loc>https://pendlings-app1.t-767929534-cloudflare.workers.dev/?fran=Tofta&amp;till=Östra Göinge</loc><changefreq>monthly</changefreq></url>
Mullsjö,Västervik,710,470,Avståndet mellan Mullsjö och Västervik är 710 km och Karl-Johan Gyllenstorm beräknade körtiden till cirka 470 minuter.,<url><loc>https://pendlings-app1.t-767929534-cloudflare.workers.dev/?fran=Mullsjö&amp;till=Västervik</loc><changefreq>monthly</changefreq></url>
Hofors,Håbo,254,177,Avståndet mellan Hofors och Håbo är 254 km och Karl-Johan Gyllenstorm beräknade körtiden till cirka 177 minuter.,<url><loc>https://pendlings-app1.t-767929534-cloudflare.workers.dev/?fran=Hofors&amp;till=Håbo</loc><changefreq>monthly</changefreq></url>
Östra Göinge,Svenljunga,1248,876,Avståndet mellan Östra Göinge och Svenljunga är 1248 km och Karl-Johan Gyllenstorm beräknade körtiden till cirka 876 minuter.,<url><loc>https://pendlings-app1.t-767929534-cloudflare.workers.dev/?fran=Östra Göinge&amp;till=Svenljunga</loc><changefreq>monthly</changefreq></url>
Färjestaden,Älvsbyn,51,38,Avståndet mellan Färjestaden och Älvsbyn är 51 km och Karl-Johan Gyllenstorm beräknade körtiden till cirka 38 minuter.,<url><loc>https://pendlings-app1.t-767929534-cloudflare.workers.dev/?fran=Färjestaden&amp;till=Älvsbyn</loc><changefreq>monthly</changefreq></url>
Söderhamn,Borgholm,797,585,Avståndet mellan Söderhamn och Borgholm är 797 km och Karl-Johan Gyllenstorm beräknade körtiden till cirka 585 minuter.,<url><loc>https://pendlings-app1.t-767929534-cloudflare.workers.dev/?fran=Söderhamn&amp;till=Borgholm</loc><changefreq>monthly</changefreq></url>
Degerfors,Norberg,1329,895,Avståndet mellan Degerfors och Norberg är 1329 km och Karl-Johan Gyllenstorm beräknade körtiden till cirka 895 minuter.,<url><loc>https://pendlings-app1.t-767929534-cloudflare.workers.dev/?fran=Degerfors&amp;till=Norberg</loc><changefreq>monthly</changefreq></url>
Lomma,Söderköping,565,378,Avståndet mellan Lomma och Söderköping är 565 km och Karl-Johan Gyllenstorm beräknade körtiden till cirka 378 minuter.,<url><loc>https://pendlings-app1.t-767929534-cloudflare.workers.dev/?fran=Lomma&amp;till=Söderköping</loc><changefreq>monthly</changefreq></url>
Värnamo,Munkfors,1245,965,Avståndet mellan Värnamo och Munkfors är 1245 km och Karl-Johan Gyllenstorm beräknade körtiden till cirka 965 minuter.,<url><loc>https://pendlings-app1.t-767929534-cloudflare.workers.dev/?fran=Värnamo&amp;till=Munkfors</loc><changefreq>monthly</changefreq></url>
Skutskär,Landskrona,875,562,Avståndet mellan Skutskär och Landskrona är 875 km och Karl-Johan Gyllenstorm beräknade körtiden till cirka 562 minuter.,<url><loc>https://pendlings-app1.t-767929534-cloudflare.workers.dev/?fran=Skutskär&amp;till=Landskrona</loc><changefreq>monthly</changefreq></url>
Säffle,Sollefteå,1296,878,Avståndet mellan Säffle och Sollefteå är 1296 km och Karl-Johan Gyllenstorm beräknade körtiden till cirka 878 minuter.,<url><loc>https://pendlings-app1.t-767929534-cloudflare.workers.dev/?fran=Säffle&amp;till=Sollefteå</loc><changefreq>monthly</changefreq></url>
Tranås,Uppsala,827,602,Avståndet mellan Tranås och Uppsala är 827 km och Karl-Johan Gyllenstorm beräknade körtiden till cirka 602 minuter.,<url><loc>https://pendlings-app1.t-767929534-cloudflare.workers.dev/?fran=Tranås&amp;till=Uppsala</loc><changefreq>monthly</changefreq></url>
Färgelanda,Ragunda,733,566,Avståndet mellan Färgelanda och Ragunda är 733 km och Karl-Johan Gyllenstorm beräknade körtiden till cirka 566 minuter.,<url><loc>https://pendlings-app1.t-767929534-cloudflare.workers.dev/?fran=Färgelanda&amp;till=Ragunda</loc><changefreq>monthly</changefreq></url>
Mörbylånga,Kristinehamn,143,112,Avståndet mellan Mörbylånga och Kristinehamn är 143 km och Karl-Johan Gyllenstorm beräknade körtiden till cirka 112 minuter.,<url><loc>https://pendlings-app1.t-767929534-cloudflare.workers.dev/?fran=Mörbylånga&amp;till=Kristinehamn</loc><changefreq>monthly</changefreq></url>
Fagersta,Borlänge,1261,990,Avståndet mellan Fagersta och Borlänge är 1261 km och Karl-Johan Gyllenstorm beräknade körtiden till cirka 990 minuter.,<url><loc>https://pendlings-app1.t-767929534-cloudflare.workers.dev/?fran=Fagersta&amp;till=Borlänge</loc><changefreq>monthly</changefreq></url>
Värnamo,Ockelbo,277,180,Avståndet mellan Värnamo och Ockelbo är 277 km och Karl-Johan Gyllenstorm beräknade körtiden till cirka 180 minuter.,<url><loc>https://pendlings-app1.t-767929534-cloudflare.workers.dev/?fran=Värnamo&amp;till=Ockelbo</loc><changefreq>monthly</changefreq></url>
Knivsta,Helsingborg,1334,885,Avståndet mellan Knivsta och Helsingborg är 1334 km och Karl-Johan Gyllenstorm beräknade körtiden till cirka 885 minuter.,<url><loc>https://pendlings-app1.t-767929534-cloudflare.workers.dev/?fran=Knivsta&amp;till=Helsingborg</loc><changefreq>monthly</changefreq></url>
Tanum,Halmstad,612,476,Avståndet mellan Tanum och Halmstad är 612 km och Karl-Johan Gyllenstorm beräknade körtiden till cirka 476 minuter.,<url><loc>https://pendlings-app1.t-767929534-cloudflare.workers.dev/?fran=Tanum&amp;till=Halmstad</loc><changefreq>monthly</changefreq></url>
Växjö,Gimo,623,470,Avståndet mellan Växjö och Gimo är 623 km och Karl-Johan Gyllenstorm beräknade körtiden till cirka 470 minuter.,<url><loc>https://pendlings-app1.t-767929534-cloudflare.workers.dev/?fran=Växjö&amp;till=Gimo</loc><changefreq>monthly</changefreq></url>
Surahammar,Härnösand,838,587,Avståndet mellan Surahammar och Härnösand är 838 km och Karl-Johan Gyllenstorm beräknade körtiden till cirka 587 minuter.,<url><loc>https://pendlings-app1.t-767929534-cloudflare.workers.dev/?fran=Surahammar&amp;till=Härnösand</loc><changefreq>monthly</changefreq></url>
Smedjebacken,Sävsjö,727,475,Avståndet mellan Smedjebacken och Sävsjö är 727 km och Karl-Johan Gyllenstorm beräknade körtiden till cirka 475 minuter.,<url><loc>https://pendlings-app1.t-767929534-cloudflare.workers.dev/?fran=Smedjebacken&amp;till=Sävsjö</loc><changefreq>monthly</changefreq></url>
Lund,Orsa,1226,946,Avståndet mellan Lund och Orsa är 1226 km och Karl-Johan Gyllenstorm beräknade körtiden till cirka 946 minuter.,<url><loc>https://pendlings-app1.t-767929534-cloudflare.workers.dev/?fran=Lund&amp;till=Orsa</loc><changefreq>monthly</changefreq></url>
Stockholm,Lidköping,859,653,Avståndet mellan Stockholm och Lidköping är 859 km och Karl-Johan Gyllenstorm beräknade körtiden till cirka 653 minuter.,<url><loc>https://pendlings-app1.t-767929534-cloudflare.workers.dev/?fran=Stockholm&amp;till=Lidköping</loc><changefreq>monthly</changefreq></url>
Töreboda,Malå,347,222,Avståndet mellan Töreboda och Malå är 347 km och Karl-Johan Gyllenstorm beräknade körtiden till cirka 222 minuter.,<url><loc>https://pendlings-app1.t-767929534-cloudflare.workers.dev/?fran=Töreboda&amp;till=Malå</loc><changefreq>monthly</changefreq></url>
Bålsta,Mora,1267,873,Avståndet mellan Bålsta och Mora är 1267 km och Karl-Johan Gyllenstorm beräknade körtiden till cirka 873 minuter.,<url><loc>https://pendlings-app1.t-767929534-cloudflare.workers.dev/?fran=Bålsta&amp;till=Mora</loc><changefreq>monthly</changefreq></url>
Älvkarleby,Habon,327,257,Avståndet mellan Älvkarleby och Habon är 327 km och Karl-Johan Gyllenstorm beräknade körtiden till cirka 257 minuter.,<url><loc>https://pendlings-app1.t-767929534-cloudflare.workers.dev/?fran=Älvkarleby&amp;till=Habon</loc><changefreq>monthly</changefreq></url>
Årjäng,Munkedal,949,707,Avståndet mellan Årjäng och Munkedal är 949 km och Karl-Johan Gyllenstorm beräknade körtiden till cirka 707 minuter.,<url><loc>https://pendlings-app1.t-767929534-cloudflare.workers.dev/?fran=Årjäng&amp;till=Munkedal</loc><changefreq>monthly</changefreq></url>
Filipstad,Ockelbo,716,515,Avståndet mellan Filipstad och Ockelbo är 716 km och Karl-Johan Gyllenstorm beräknade körtiden till cirka 515 minuter.,<url><loc>https://pendlings-app1.t-767929534-cloudflare.workers.dev/?fran=Filipstad&amp;till=Ockelbo</loc><changefreq>monthly</changefreq></url>
Nybro,Strömstad,213,160,Avståndet mellan Nybro och Strömstad är 213 km och Karl-Johan Gyllenstorm beräknade körtiden till cirka 160 minuter.,<url><loc>https://pendlings-app1.t-767929534-cloudflare.workers.dev/?fran=Nybro&amp;till=Strömstad</loc><changefreq>monthly</changefreq></url>
Lund,Boden,99,67,Avståndet mellan Lund och Boden är 99 km och Karl-Johan Gyllenstorm beräknade körtiden till cirka 67 minuter.,<url><loc>https://pendlings-app1.t-767929534-cloudflare.workers.dev/?fran=Lund&amp;till=Boden</loc><changefreq>monthly</changefreq></url>
Älvdalen,Alingsås,627,485,Avståndet mellan Älvdalen och Alingsås är 627 km och Karl-Johan Gyllenstorm beräknade körtiden till cirka 485 minuter.,<url><loc>https://pendlings-app1.t-767929534-cloudflare.workers.dev/?fran=Älvdalen&amp;till=Alingsås</loc><changefreq>monthly</changefreq></url>
Vårgårda,Östhammar,1122,810,Avståndet mellan Vårgårda och Östhammar är 1122 km och Karl-Johan Gyllenstorm beräknade körtiden till cirka 810 minuter.,<url><loc>https://pendlings-app1.t-767929534-cloudflare.workers.dev/?fran=Vårgårda&amp;till=Östhammar</loc><changefreq>monthly</changefreq></url>
Klippan,Oskarshamn,112,73,Avståndet mellan Klippan och Oskarshamn är 112 km och Karl-Johan Gyllenstorm beräknade körtiden till cirka 73 minuter.,<url><loc>https://pendlings-app1.t-767929534-cloudflare.workers.dev/?fran=Klippan&amp;till=Oskarshamn</loc><changefreq>monthly</changefreq></url>
Kungsör,Tranemo,1316,1047,Avståndet mellan Kungsör och Tranemo är 1316 km och Karl-Johan Gyllenstorm beräknade körtiden till cirka 1047 minuter.,<url><loc>https://pendlings-app1.t-767929534-cloudflare.workers.dev/?fran=Kungsör&amp;till=Tranemo</loc><changefreq>monthly</changefreq></url>
Oxelösund,Helsingborg,716,539,Avståndet mellan Oxelösund och Helsingborg är 716 km och Karl-Johan Gyllenstorm beräknade körtiden till cirka 539 minuter.,<url><loc>https://pendlings-app1.t-767929534-cloudflare.workers.dev/?fran=Oxelösund&amp;till=Helsingborg</loc><changefreq>monthly</changefreq></url>
Varberg,Slite,834,599,Avståndet mellan Varberg och Slite är 834 km och Karl-Johan Gyllenstorm beräknade körtiden till cirka 599 minuter.,<url><loc>https://pendlings-app1.t-767929534-cloudflare.workers.dev/?fran=Varberg&amp;till=Slite</loc><changefreq>monthly</changefreq></url>
Skövde,Knivsta,119,84,Avståndet mellan Skövde och Knivsta är 119 km och Karl-Johan Gyllenstorm beräknade körtiden till cirka 84 minuter.,<url><loc>https://pendlings-app1.t-767929534-cloudflare.workers.dev/?fran=Skövde&amp;till=Knivsta</loc><changefreq>monthly</changefreq></url>
Hörby,Sälen,221,171,Avståndet mellan Hörby och Sälen är 221 km och Karl-Johan Gyllenstorm beräknade körtiden till cirka 171 minuter.,<url><loc>https://pendlings-app1.t-767929534-cloudflare.workers.dev/?fran=Hörby&amp;till=Sälen</loc><changefreq>monthly</changefreq></url>
Storuman,Gimo,288,207,Avståndet mellan Storuman och Gimo är 288 km och Karl-Johan Gyllenstorm beräknade körtiden till cirka 207 minuter.,<url><loc>https://pendlings-app1.t-767929534-cloudflare.workers.dev/?fran=Storuman&amp;till=Gimo</loc><changefreq>monthly</changefreq></url>
Enköping,Vingåker,61,39,Avståndet mellan Enköping och Vingåker är 61 km och Karl-Johan Gyllenstorm beräknade körtiden till cirka 39 minuter.,<url><loc>https://pendlings-app1.t-767929534-cloudflare.workers.dev/?fran=Enköping&amp;till=Vingåker</loc><changefreq>monthly</changefreq></url>
Härnösand,Mellerud,420,272,Avståndet mellan Härnösand och Mellerud är 420 km och Karl-Johan Gyllenstorm beräknade körtiden till cirka 272 minuter.,<url><loc>https://pendlings-app1.t-767929534-cloudflare.workers.dev/?fran=Härnösand&amp;till=Mellerud</loc><changefreq>monthly</changefreq></url>
Karlshamn,Alingsås,138,97,Avståndet mellan Karlshamn och Alingsås är 138 km och Karl-Johan Gyllenstorm beräknade körtiden till cirka 97 minuter.,<url><loc>https://pendlings-app1.t-767929534-cloudflare.workers.dev/?fran=Karlshamn&amp;till=Alingsås</loc><changefreq>monthly</changefreq></url>
Bengtsfors,Nyköping,441,322,Avståndet mellan Bengtsfors och Nyköping är 441 km och Karl-Johan Gyllenstorm beräknade körtiden till cirka 322 minuter.,<url><loc>https://pendlings-app1.t-767929534-cloudflare.workers.dev/?fran=Bengtsfors&amp;till=Nyköping</loc><changefreq>monthly</changefreq></url>
Vänersborg,Bengtsfors,839,543,Avståndet mellan Vänersborg och Bengtsfors är 839 km och Karl-Johan Gyllenstorm beräknade körtiden till cirka 543 minuter.,<url><loc>https://pendlings-app1.t-767929534-cloudflare.workers.dev/?fran=Vänersborg&amp;till=Bengtsfors</loc><changefreq>monthly</changefreq></url>
Årjäng,Mörbylånga,206,135,Avståndet mellan Årjäng och Mörbylånga är 206 km och Karl-Johan Gyllenstorm beräknade körtiden till cirka 135 minuter.,<url><loc>https://pendlings-app1.t-767929534-cloudflare.workers.dev/?fran=Årjäng&amp;till=Mörbylånga</loc><changefreq>monthly</changefreq></url>
Höganäs,Västervik,80,58,Avståndet mellan Höganäs och Västervik är 80 km och Karl-Johan Gyllenstorm beräknade körtiden till cirka 58 minuter.,<url><loc>https://pendlings-app1.t-767929534-cloudflare.workers.dev/?fran=Höganäs&amp;till=Västervik</loc><changefreq>monthly</changefreq></url>
Varberg,Strömstad,1427,1018,Avståndet mellan Varberg och Strömstad är 1427 km och Karl-Johan Gyllenstorm beräknade körtiden till cirka 1018 minuter.,<url><loc>https://pendlings-app1.t-767929534-cloudflare.workers.dev/?fran=Varberg&amp;till=Strömstad</loc><changefreq>monthly</changefreq></url>
Ängelholm,Visby,681,436,Avståndet mellan Ängelholm och Visby är 681 km och Karl-Johan Gyllenstorm beräknade körtiden till cirka 436 minuter.,<url><loc>https://pendlings-app1.t-767929534-cloudflare.workers.dev/?fran=Ängelholm&amp;till=Visby</loc><changefreq>monthly</changefreq></url>
Åmål,Skövde,460,358,Avståndet mellan Åmål och Skövde är 460 km och Karl-Johan Gyllenstorm beräknade körtiden till cirka 358 minuter.,<url><loc>https://pendlings-app1.t-767929534-cloudflare.workers.dev/?fran=Åmål&amp;till=Skövde</loc><changefreq>monthly</changefreq></url>
Hällefor,Kumla,384,255,Avståndet mellan Hällefor och Kumla är 384 km och Karl-Johan Gyllenstorm beräknade körtiden till cirka 255 minuter.,<url><loc>https://pendlings-app1.t-767929534-cloudflare.workers.dev/?fran=Hällefor&amp;till=Kumla</loc><changefreq>monthly</changefreq></url>
Kalix,Åsele,545,352,Avståndet mellan Kalix och Åsele är 545 km och Karl-Johan Gyllenstorm beräknade körtiden till cirka 352 minuter.,<url><loc>https://pendlings-app1.t-767929534-cloudflare.workers.dev/?fran=Kalix&amp;till=Åsele</loc><changefreq>monthly</changefreq></url>
Östhammar,Bollebygd,753,594,Avståndet mellan Östhammar och Bollebygd är 753 km och Karl-Johan Gyllenstorm beräknade körtiden till cirka 594 minuter.,<url><loc>https://pendlings-app1.t-767929534-cloudflare.workers.dev/?fran=Östhammar&amp;till=Bollebygd</loc><changefreq>monthly</changefreq></url>
Söderhamn,Åmål,905,637,Avståndet mellan Söderhamn och Åmål är 905 km och Karl-Johan Gyllenstorm beräknade körtiden till cirka 637 minuter.,<url><loc>https://pendlings-app1.t-767929534-cloudflare.workers.dev/?fran=Söderhamn&amp;till=Åmål</loc><changefreq>monthly</changefreq></url>
Kramfors,Huddinge,400,287,Avståndet mellan Kramfors och Huddinge är 400 km och Karl-Johan Gyllenstorm beräknade körtiden till cirka 287 minuter.,<url><loc>https://pendlings-app1.t-767929534-cloudflare.workers.dev/?fran=Kramfors&amp;till=Huddinge</loc><changefreq>monthly</changefreq></url>
Strömstad,Mora,247,175,Avståndet mellan Strömstad och Mora är 247 km och Karl-Johan Gyllenstorm beräknade körtiden till cirka 175 minuter.,<url><loc>https://pendlings-app1.t-767929534-cloudflare.workers.dev/?fran=Strömstad&amp;till=Mora</loc><changefreq>monthly</changefreq></url>
Lindesberg,Vibble,1018,732,Avståndet mellan Lindesberg och Vibble är 1018 km och Karl-Johan Gyllenstorm beräknade körtiden till cirka 732 minuter.,<url><loc>https://pendlings-app1.t-767929534-cloudflare.workers.dev/?fran=Lindesberg&amp;till=Vibble</loc><changefreq>monthly</changefreq></url>
Göteborg,Strömsund,1174,802,Avståndet mellan Göteborg och Strömsund är 1174 km och Karl-Johan Gyllenstorm beräknade körtiden till cirka 802 minuter.,<url><loc>https://pendlings-app1.t-767929534-cloudflare.workers.dev/?fran=Göteborg&amp;till=Strömsund</loc><changefreq>monthly</changefreq></url>
Simrishamn,Perstorp,317,218,Avståndet mellan Simrishamn och Perstorp är 317 km och Karl-Johan Gyllenstorm beräknade körtiden till cirka 218 minuter.,<url><loc>https://pendlings-app1.t-767929534-cloudflare.workers.dev/?fran=Simrishamn&amp;till=Perstorp</loc><changefreq>monthly</changefreq></url>
Eksjö,Vårgårda,1099,720,Avståndet mellan Eksjö och Vårgårda är 1099 km och Karl-Johan Gyllenstorm beräknade körtiden till cirka 720 minuter.,<url><loc>https://pendlings-app1.t-767929534-cloudflare.workers.dev/?fran=Eksjö&amp;till=Vårgårda</loc><changefreq>monthly</changefreq></url>
Mullsjö,Söderköping,619,413,Avståndet mellan Mullsjö och Söderköping är 619 km och Karl-Johan Gyllenstorm beräknade körtiden till cirka 413 minuter.,<url><loc>https://pendlings-app1.t-767929534-cloudflare.workers.dev/?fran=Mullsjö&amp;till=Söderköping</loc><changefreq>monthly</changefreq></url>
Bollnäs,Tomelilla,107,83,Avståndet mellan Bollnäs och Tomelilla är 107 km och Karl-Johan Gyllenstorm beräknade körtiden till cirka 83 minuter.,<url><loc>https://pendlings-app1.t-767929534-cloudflare.workers.dev/?fran=Bollnäs&amp;till=Tomelilla</loc><changefreq>monthly</changefreq></url>
Kumla,Skurup,647,418,Avståndet mellan Kumla och Skurup är 647 km och Karl-Johan Gyllenstorm beräknade körtiden till cirka 418 minuter.,<url><loc>https://pendlings-app1.t-767929534-cloudflare.workers.dev/?fran=Kumla&amp;till=Skurup</loc><changefreq>monthly</changefreq></url>
Lekeberg,Götene,35,23,Avståndet mellan Lekeberg och Götene är 35 km och Karl-Johan Gyllenstorm beräknade körtiden till cirka 23 minuter.,<url><loc>https://pendlings-app1.t-767929534-cloudflare.workers.dev/?fran=Lekeberg&amp;till=Götene</loc><changefreq>monthly</changefreq></url>
Mark,Vingåker,941,623,Avståndet mellan Mark och Vingåker är 941 km och Karl-Johan Gyllenstorm beräknade körtiden till cirka 623 minuter.,<url><loc>https://pendlings-app1.t-767929534-cloudflare.workers.dev/?fran=Mark&amp;till=Vingåker</loc><changefreq>monthly</changefreq></url>
Trosa,Filipstad,726,538,Avståndet mellan Trosa och Filipstad är 726 km och Karl-Johan Gyllenstorm beräknade körtiden till cirka 538 minuter.,<url><loc>https://pendlings-app1.t-767929534-cloudflare.workers.dev/?fran=Trosa&amp;till=Filipstad</loc><changefreq>monthly</changefreq></url>
Skutskär,Klintehamn,1001,651,Avståndet mellan Skutskär och Klintehamn är 1001 km och Karl-Johan Gyllenstorm beräknade körtiden till cirka 651 minuter.,<url><loc>https://pendlings-app1.t-767929534-cloudflare.workers.dev/?fran=Skutskär&amp;till=Klintehamn</loc><changefreq>monthly</changefreq></url>
Karlskoga,Tranemo,1151,770,Avståndet mellan Karlskoga och Tranemo är 1151 km och Karl-Johan Gyllenstorm beräknade körtiden till cirka 770 minuter.,<url><loc>https://pendlings-app1.t-767929534-cloudflare.workers.dev/?fran=Karlskoga&amp;till=Tranemo</loc><changefreq>monthly</changefreq></url>
Karlskoga,Arvika,1107,854,Avståndet mellan Karlskoga och Arvika är 1107 km och Karl-Johan Gyllenstorm beräknade körtiden till cirka 854 minuter.,<url><loc>https://pendlings-app1.t-767929534-cloudflare.workers.dev/?fran=Karlskoga&amp;till=Arvika</loc><changefreq>monthly</changefreq></url>
Varberg,Storuman,119,90,Avståndet mellan Varberg och Storuman är 119 km och Karl-Johan Gyllenstorm beräknade körtiden till cirka 90 minuter.,<url><loc>https://pendlings-app1.t-767929534-cloudflare.workers.dev/?fran=Varberg&amp;till=Storuman</loc><changefreq>monthly</changefreq></url>
Degerfors,Kungsör,1346,979,Avståndet mellan Degerfors och Kungsör är 1346 km och Karl-Johan Gyllenstorm beräknade körtiden till cirka 979 minuter.,<url><loc>https://pendlings-app1.t-767929534-cloudflare.workers.dev/?fran=Degerfors&amp;till=Kungsör</loc><changefreq>monthly</changefreq></url>
Havdhem,Malå,279,220,Avståndet mellan Havdhem och Malå är 279 km och Karl-Johan Gyllenstorm beräknade körtiden till cirka 220 minuter.,<url><loc>https://pendlings-app1.t-767929534-cloudflare.workers.dev/?fran=Havdhem&amp;till=Malå</loc><changefreq>monthly</changefreq></url>
Hagfors,Malung,1391,1013,Avståndet mellan Hagfors och Malung är 1391 km och Karl-Johan Gyllenstorm beräknade körtiden till cirka 1013 minuter.,<url><loc>https://pendlings-app1.t-767929534-cloudflare.workers.dev/?fran=Hagfors&amp;till=Malung</loc><changefreq>monthly</changefreq></url>
Linköping,Båstad,1440,972,Avståndet mellan Linköping och Båstad är 1440 km och Karl-Johan Gyllenstorm beräknade körtiden till cirka 972 minuter.,<url><loc>https://pendlings-app1.t-767929534-cloudflare.workers.dev/?fran=Linköping&amp;till=Båstad</loc><changefreq>monthly</changefreq></url>
Ängelholm,Tingstäde,1265,830,Avståndet mellan Ängelholm och Tingstäde är 1265 km och Karl-Johan Gyllenstorm beräknade körtiden till cirka 830 minuter.,<url><loc>https://pendlings-app1.t-767929534-cloudflare.workers.dev/?fran=Ängelholm&amp;till=Tingstäde</loc><changefreq>monthly</changefreq></url>
Båstad,Malung,1064,775,Avståndet mellan Båstad och Malung är 1064 km och Karl-Johan Gyllenstorm beräknade körtiden till cirka 775 minuter.,<url><loc>https://pendlings-app1.t-767929534-cloudflare.workers.dev/?fran=Båstad&amp;till=Malung</loc><changefreq>monthly</changefreq></url>
Boden,Gislaved,1181,818,Avståndet mellan Boden och Gislaved är 1181 km och Karl-Johan Gyllenstorm beräknade körtiden till cirka 818 minuter.,<url><loc>https://pendlings-app1.t-767929534-cloudflare.workers.dev/?fran=Boden&amp;till=Gislaved</loc><changefreq>monthly</changefreq></url>
Katrineholm,Rättvik,157,103,Avståndet mellan Katrineholm och Rättvik är 157 km och Karl-Johan Gyllenstorm beräknade körtiden till cirka 103 minuter.,<url><loc>https://pendlings-app1.t-767929534-cloudflare.workers.dev/?fran=Katrineholm&amp;till=Rättvik</loc><changefreq>monthly</changefreq></url>
Grythyttan,Munkedal,610,423,Avståndet mellan Grythyttan och Munkedal är 610 km och Karl-Johan Gyllenstorm beräknade körtiden till cirka 423 minuter.,<url><loc>https://pendlings-app1.t-767929534-cloudflare.workers.dev/?fran=Grythyttan&amp;till=Munkedal</loc><changefreq>monthly</changefreq></url>
Bjuv,Åsele,57,38,Avståndet mellan Bjuv och Åsele är 57 km och Karl-Johan Gyllenstorm beräknade körtiden till cirka 38 minuter.,<url><loc>https://pendlings-app1.t-767929534-cloudflare.workers.dev/?fran=Bjuv&amp;till=Åsele</loc><changefreq>monthly</changefreq></url>
Ystad,Visby,952,602,Avståndet mellan Ystad och Visby är 952 km och Karl-Johan Gyllenstorm beräknade körtiden till cirka 602 minuter.,<url><loc>https://pendlings-app1.t-767929534-cloudflare.workers.dev/?fran=Ystad&amp;till=Visby</loc><changefreq>monthly</changefreq></url>
Ljusnarsberg,Jönköping,1218,802,Avståndet mellan Ljusnarsberg och Jönköping är 1218 km och Karl-Johan Gyllenstorm beräknade körtiden till cirka 802 minuter.,<url><loc>https://pendlings-app1.t-767929534-cloudflare.workers.dev/?fran=Ljusnarsberg&amp;till=Jönköping</loc><changefreq>monthly</changefreq></url>
Katrineholm,Ödeshög,850,566,Avståndet mellan Katrineholm och Ödeshög är 850 km och Karl-Johan Gyllenstorm beräknade körtiden till cirka 566 minuter.,<url><loc>https://pendlings-app1.t-767929534-cloudflare.workers.dev/?fran=Katrineholm&amp;till=Ödeshög</loc><changefreq>monthly</changefreq></url>
Osby,Landskrona,1198,822,Avståndet mellan Osby och Landskrona är 1198 km och Karl-Johan Gyllenstorm beräknade körtiden till cirka 822 minuter.,<url><loc>https://pendlings-app1.t-767929534-cloudflare.workers.dev/?fran=Osby&amp;till=Landskrona</loc><changefreq>monthly</changefreq></url>
Eslöv,Orsa,1306,939,Avståndet mellan Eslöv och Orsa är 1306 km och Karl-Johan Gyllenstorm beräknade körtiden till cirka 939 minuter.,<url><loc>https://pendlings-app1.t-767929534-cloudflare.workers.dev/?fran=Eslöv&amp;till=Orsa</loc><changefreq>monthly</changefreq></url>
Eksjö,Pajala,1303,904,Avståndet mellan Eksjö och Pajala är 1303 km och Karl-Johan Gyllenstorm beräknade körtiden till cirka 904 minuter.,<url><loc>https://pendlings-app1.t-767929534-cloudflare.workers.dev/?fran=Eksjö&amp;till=Pajala</loc><changefreq>monthly</changefreq></url>
Katrineholm,Vårgårda,794,516,Avståndet mellan Katrineholm och Vårgårda är 794 km och Karl-Johan Gyllenstorm beräknade körtiden till cirka 516 minuter.,<url><loc>https://pendlings-app1.t-767929534-cloudflare.workers.dev/?fran=Katrineholm&amp;till=Vårgårda</loc><changefreq>monthly</changefreq></url>
Örkelljunga,Gislaved,1370,1016,Avståndet mellan Örkelljunga och Gislaved är 1370 km och Karl-Johan Gyllenstorm beräknade körtiden till cirka 1016 minuter.,<url><loc>https://pendlings-app1.t-767929534-cloudflare.workers.dev/?fran=Örkelljunga&amp;till=Gislaved</loc><changefreq>monthly</changefreq></url>
Leksand,Charlottenberg,1156,790,Avståndet mellan Leksand och Charlottenberg är 1156 km och Karl-Johan Gyllenstorm beräknade körtiden till cirka 790 minuter.,<url><loc>https://pendlings-app1.t-767929534-cloudflare.workers.dev/?fran=Leksand&amp;till=Charlottenberg</loc><changefreq>monthly</changefreq></url>
Halmstad,Laholm,1254,837,Avståndet mellan Halmstad och Laholm är 1254 km och Karl-Johan Gyllenstorm beräknade körtiden till cirka 837 minuter.,<url><loc>https://pendlings-app1.t-767929534-cloudflare.workers.dev/?fran=Halmstad&amp;till=Laholm</loc><changefreq>monthly</changefreq></url>
Lidköping,Luleå,1409,955,Avståndet mellan Lidköping och Luleå är 1409 km och Karl-Johan Gyllenstorm beräknade körtiden till cirka 955 minuter.,<url><loc>https://pendlings-app1.t-767929534-cloudflare.workers.dev/?fran=Lidköping&amp;till=Luleå</loc><changefreq>monthly</changefreq></url>
Älvdalen,Avesta,959,749,Avståndet mellan Älvdalen och Avesta är 959 km och Karl-Johan Gyllenstorm beräknade körtiden till cirka 749 minuter.,<url><loc>https://pendlings-app1.t-767929534-cloudflare.workers.dev/?fran=Älvdalen&amp;till=Avesta</loc><changefreq>monthly</changefreq></url>
Eslöv,Boden,1094,811,Avståndet mellan Eslöv och Boden är 1094 km och Karl-Johan Gyllenstorm beräknade körtiden till cirka 811 minuter.,<url><loc>https://pendlings-app1.t-767929534-cloudflare.workers.dev/?fran=Eslöv&amp;till=Boden</loc><changefreq>monthly</changefreq></url>
Skellefteå,Linköping,1121,742,Avståndet mellan Skellefteå och Linköping är 1121 km och Karl-Johan Gyllenstorm beräknade körtiden till cirka 742 minuter.,<url><loc>https://pendlings-app1.t-767929534-cloudflare.workers.dev/?fran=Skellefteå&amp;till=Linköping</loc><changefreq>monthly</changefreq></url>
Kiruna,Borgholm,1211,879,Avståndet mellan Kiruna och Borgholm är 1211 km och Karl-Johan Gyllenstorm beräknade körtiden till cirka 879 minuter.,<url><loc>https://pendlings-app1.t-767929534-cloudflare.workers.dev/?fran=Kiruna&amp;till=Borgholm</loc><changefreq>monthly</changefreq></url>
Svalöv,Ulricehamn,1189,892,Avståndet mellan Svalöv och Ulricehamn är 1189 km och Karl-Johan Gyllenstorm beräknade körtiden till cirka 892 minuter.,<url><loc>https://pendlings-app1.t-767929534-cloudflare.workers.dev/?fran=Svalöv&amp;till=Ulricehamn</loc><changefreq>monthly</changefreq></url>
Kungsör,Uppsala,701,487,Avståndet mellan Kungsör och Uppsala är 701 km och Karl-Johan Gyllenstorm beräknade körtiden till cirka 487 minuter.,<url><loc>https://pendlings-app1.t-767929534-cloudflare.workers.dev/?fran=Kungsör&amp;till=Uppsala</loc><changefreq>monthly</changefreq></url>
Sölvesborg,Nyköping,627,499,Avståndet mellan Sölvesborg och Nyköping är 627 km och Karl-Johan Gyllenstorm beräknade körtiden till cirka 499 minuter.,<url><loc>https://pendlings-app1.t-767929534-cloudflare.workers.dev/?fran=Sölvesborg&amp;till=Nyköping</loc><changefreq>monthly</changefreq></url>
Laholm,Västerås,1049,679,Avståndet mellan Laholm och Västerås är 1049 km och Karl-Johan Gyllenstorm beräknade körtiden till cirka 679 minuter.,<url><loc>https://pendlings-app1.t-767929534-cloudflare.workers.dev/?fran=Laholm&amp;till=Västerås</loc><changefreq>monthly</changefreq></url>
Linköping,Vänersborg,1191,818,Avståndet mellan Linköping och Vänersborg är 1191 km och Karl-Johan Gyllenstorm beräknade körtiden till cirka 818 minuter.,<url><loc>https://pendlings-app1.t-767929534-cloudflare.workers.dev/?fran=Linköping&amp;till=Vänersborg</loc><changefreq>monthly</changefreq></url>
Ed,Tingstäde,423,270,Avståndet mellan Ed och Tingstäde är 423 km och Karl-Johan Gyllenstorm beräknade körtiden till cirka 270 minuter.,<url><loc>https://pendlings-app1.t-767929534-cloudflare.workers.dev/?fran=Ed&amp;till=Tingstäde</loc><changefreq>monthly</changefreq></url>
Kumla,Hörby,414,322,Avståndet mellan Kumla och Hörby är 414 km och Karl-Johan Gyllenstorm beräknade körtiden till cirka 322 minuter.,<url><loc>https://pendlings-app1.t-767929534-cloudflare.workers.dev/?fran=Kumla&amp;till=Hörby</loc><changefreq>monthly</changefreq></url>
Lund,Sälen,481,357,Avståndet mellan Lund och Sälen är 481 km och Karl-Johan Gyllenstorm beräknade körtiden till cirka 357 minuter.,<url><loc>https://pendlings-app1.t-767929534-cloudflare.workers.dev/?fran=Lund&amp;till=Sälen</loc><changefreq>monthly</changefreq></url>
Charlottenberg,Grythyttan,314,208,Avståndet mellan Charlottenberg och Grythyttan är 314 km och Karl-Johan Gyllenstorm beräknade körtiden till cirka 208 minuter.,<url><loc>https://pendlings-app1.t-767929534-cloudflare.workers.dev/?fran=Charlottenberg&amp;till=Grythyttan</loc><changefreq>monthly</changefreq></url>
Åtvidaberg,Munkedal,905,654,Avståndet mellan Åtvidaberg och Munkedal är 905 km och Karl-Johan Gyllenstorm beräknade körtiden till cirka 654 minuter.,<url><loc>https://pendlings-app1.t-767929534-cloudflare.workers.dev/?fran=Åtvidaberg&amp;till=Munkedal</loc><changefreq>monthly</changefreq></url>
Skara,Malå,1171,746,Avståndet mellan Skara och Malå är 1171 km och Karl-Johan Gyllenstorm beräknade körtiden till cirka 746 minuter.,<url><loc>https://pendlings-app1.t-767929534-cloudflare.workers.dev/?fran=Skara&amp;till=Malå</loc><changefreq>monthly</changefreq></url>
Flen,Kalmar,137,99,Avståndet mellan Flen och Kalmar är 137 km och Karl-Johan Gyllenstorm beräknade körtiden till cirka 99 minuter.,<url><loc>https://pendlings-app1.t-767929534-cloudflare.workers.dev/?fran=Flen&amp;till=Kalmar</loc><changefreq>monthly</changefreq></url>
Arvidsjaur,Hedemora,72,46,Avståndet mellan Arvidsjaur och Hedemora är 72 km och Karl-Johan Gyllenstorm beräknade körtiden till cirka 46 minuter.,<url><loc>https://pendlings-app1.t-767929534-cloudflare.workers.dev/?fran=Arvidsjaur&amp;till=Hedemora</loc><changefreq>monthly</changefreq></url>
Örnsköldsvik,Vadstena,993,763,Avståndet mellan Örnsköldsvik och Vadstena är 993 km och Karl-Johan Gyllenstorm beräknade körtiden till cirka 763 minuter.,<url><loc>https://pendlings-app1.t-767929534-cloudflare.workers.dev/?fran=Örnsköldsvik&amp;till=Vadstena</loc><changefreq>monthly</changefreq></url>
Alingsås,Vetlanda,1336,1036,Avståndet mellan Alingsås och Vetlanda är 1336 km och Karl-Johan Gyllenstorm beräknade körtiden till cirka 1036 minuter.,<url><loc>https://pendlings-app1.t-767929534-cloudflare.workers.dev/?fran=Alingsås&amp;till=Vetlanda</loc><changefreq>monthly</changefreq></url>
Vara,Tingstäde,880,559,Avståndet mellan Vara och Tingstäde är 880 km och Karl-Johan Gyllenstorm beräknade körtiden till cirka 559 minuter.,<url><loc>https://pendlings-app1.t-767929534-cloudflare.workers.dev/?fran=Vara&amp;till=Tingstäde</loc><changefreq>monthly</changefreq></url>
Bjuv,Ockelbo,87,59,Avståndet mellan Bjuv och Ockelbo är 87 km och Karl-Johan Gyllenstorm beräknade körtiden till cirka 59 minuter.,<url><loc>https://pendlings-app1.t-767929534-cloudflare.workers.dev/?fran=Bjuv&amp;till=Ockelbo</loc><changefreq>monthly</changefreq></url>
Borås,Tingstäde,381,254,Avståndet mellan Borås och Tingstäde är 381 km och Karl-Johan Gyllenstorm beräknade körtiden till cirka 254 minuter.,<url><loc>https://pendlings-app1.t-767929534-cloudflare.workers.dev/?fran=Borås&amp;till=Tingstäde</loc><changefreq>monthly</changefreq></url>
Gimo,Lomma,658,458,Avståndet mellan Gimo och Lomma är 658 km och Karl-Johan Gyllenstorm beräknade körtiden till cirka 458 minuter.,<url><loc>https://pendlings-app1.t-767929534-cloudflare.workers.dev/?fran=Gimo&amp;till=Lomma</loc><changefreq>monthly</changefreq></url>
Kungsbacka,Ockelbo,492,346,Avståndet mellan Kungsbacka och Ockelbo är 492 km och Karl-Johan Gyllenstorm beräknade körtiden till cirka 346 minuter.,<url><loc>https://pendlings-app1.t-767929534-cloudflare.workers.dev/?fran=Kungsbacka&amp;till=Ockelbo</loc><changefreq>monthly</changefreq></url>
Oxelösund,Klintehamn,476,350,Avståndet mellan Oxelösund och Klintehamn är 476 km och Karl-Johan Gyllenstorm beräknade körtiden till cirka 350 minuter.,<url><loc>https://pendlings-app1.t-767929534-cloudflare.workers.dev/?fran=Oxelösund&amp;till=Klintehamn</loc><changefreq>monthly</changefreq></url>
Kävlinge,Lysekil,1381,952,Avståndet mellan Kävlinge och Lysekil är 1381 km och Karl-Johan Gyllenstorm beräknade körtiden till cirka 952 minuter.,<url><loc>https://pendlings-app1.t-767929534-cloudflare.workers.dev/?fran=Kävlinge&amp;till=Lysekil</loc><changefreq>monthly</changefreq></url>
Laholm,Huddinge,765,522,Avståndet mellan Laholm och Huddinge är 765 km och Karl-Johan Gyllenstorm beräknade körtiden till cirka 522 minuter.,<url><loc>https://pendlings-app1.t-767929534-cloudflare.workers.dev/?fran=Laholm&amp;till=Huddinge</loc><changefreq>monthly</changefreq></url>
Klippan,Linköping,1090,841,Avståndet mellan Klippan och Linköping är 1090 km och Karl-Johan Gyllenstorm beräknade körtiden till cirka 841 minuter.,<url><loc>https://pendlings-app1.t-767929534-cloudflare.workers.dev/?fran=Klippan&amp;till=Linköping</loc><changefreq>monthly</changefreq></url>
Trollhättan,Älvsbyn,1174,781,Avståndet mellan Trollhättan och Älvsbyn är 1174 km och Karl-Johan Gyllenstorm beräknade körtiden till cirka 781 minuter.,<url><loc>https://pendlings-app1.t-767929534-cloudflare.workers.dev/?fran=Trollhättan&amp;till=Älvsbyn</loc><changefreq>monthly</changefreq></url>
Gällivare,Västervik,608,398,Avståndet mellan Gällivare och Västervik är 608 km och Karl-Johan Gyllenstorm beräknade körtiden till cirka 398 minuter.,<url><loc>https://pendlings-app1.t-767929534-cloudflare.workers.dev/?fran=Gällivare&amp;till=Västervik</loc><changefreq>monthly</changefreq></url>
Fårösund,Tofta,730,465,Avståndet mellan Fårösund och Tofta är 730 km och Karl-Johan Gyllenstorm beräknade körtiden till cirka 465 minuter.,<url><loc>https://pendlings-app1.t-767929534-cloudflare.workers.dev/?fran=Fårösund&amp;till=Tofta</loc><changefreq>monthly</changefreq></url>
Huddinge,Lärbro,1384,1073,Avståndet mellan Huddinge och Lärbro är 1384 km och Karl-Johan Gyllenstorm beräknade körtiden till cirka 1073 minuter.,<url><loc>https://pendlings-app1.t-767929534-cloudflare.workers.dev/?fran=Huddinge&amp;till=Lärbro</loc><changefreq>monthly</changefreq></url>
Hjo,Haparanda,316,204,Avståndet mellan Hjo och Haparanda är 316 km och Karl-Johan Gyllenstorm beräknade körtiden till cirka 204 minuter.,<url><loc>https://pendlings-app1.t-767929534-cloudflare.workers.dev/?fran=Hjo&amp;till=Haparanda</loc><changefreq>monthly</changefreq></url>
Orsa,Hofors,1184,815,Avståndet mellan Orsa och Hofors är 1184 km och Karl-Johan Gyllenstorm beräknade körtiden till cirka 815 minuter.,<url><loc>https://pendlings-app1.t-767929534-cloudflare.workers.dev/?fran=Orsa&amp;till=Hofors</loc><changefreq>monthly</changefreq></url>
Gävle,Uppsala,724,575,Avståndet mellan Gävle och Uppsala är 724 km och Karl-Johan Gyllenstorm beräknade körtiden till cirka 575 minuter.,<url><loc>https://pendlings-app1.t-767929534-cloudflare.workers.dev/?fran=Gävle&amp;till=Uppsala</loc><changefreq>monthly</changefreq></url>
Grästorp,Högsby,326,235,Avståndet mellan Grästorp och Högsby är 326 km och Karl-Johan Gyllenstorm beräknade körtiden till cirka 235 minuter.,<url><loc>https://pendlings-app1.t-767929534-cloudflare.workers.dev/?fran=Grästorp&amp;till=Högsby</loc><changefreq>monthly</changefreq></url>
Kiruna,Skellefteå,759,530,Avståndet mellan Kiruna och Skellefteå är 759 km och Karl-Johan Gyllenstorm beräknade körtiden till cirka 530 minuter.,<url><loc>https://pendlings-app1.t-767929534-cloudflare.workers.dev/?fran=Kiruna&amp;till=Skellefteå</loc><changefreq>monthly</changefreq></url>
Säffle,Karlstad,325,233,Avståndet mellan Säffle och Karlstad är 325 km och Karl-Johan Gyllenstorm beräknade körtiden till cirka 233 minuter.,<url><loc>https://pendlings-app1.t-767929534-cloudflare.workers.dev/?fran=Säffle&amp;till=Karlstad</loc><changefreq>monthly</changefreq></url>
Lekeberg,Bålsta,569,444,Avståndet mellan Lekeberg och Bålsta är 569 km och Karl-Johan Gyllenstorm beräknade körtiden till cirka 444 minuter.,<url><loc>https://pendlings-app1.t-767929534-cloudflare.workers.dev/?fran=Lekeberg&amp;till=Bålsta</loc><changefreq>monthly</changefreq></url>
Kristinehamn,Vibble,1152,836,Avståndet mellan Kristinehamn och Vibble är 1152 km och Karl-Johan Gyllenstorm beräknade körtiden till cirka 836 minuter.,<url><loc>https://pendlings-app1.t-767929534-cloudflare.workers.dev/?fran=Kristinehamn&amp;till=Vibble</loc><changefreq>monthly</changefreq></url>
Falun,Båstad,799,585,Avståndet mellan Falun och Båstad är 799 km och Karl-Johan Gyllenstorm beräknade körtiden till cirka 585 minuter.,<url><loc>https://pendlings-app1.t-767929534-cloudflare.workers.dev/?fran=Falun&amp;till=Båstad</loc><changefreq>monthly</changefreq></url>
Götene,Tranemo,1315,1032,Avståndet mellan Götene och Tranemo är 1315 km och Karl-Johan Gyllenstorm beräknade körtiden till cirka 1032 minuter.,<url><loc>https://pendlings-app1.t-767929534-cloudflare.workers.dev/?fran=Götene&amp;till=Tranemo</loc><changefreq>monthly</changefreq></url>
Staffanstorp,Varberg,468,373,Avståndet mellan Staffanstorp och Varberg är 468 km och Karl-Johan Gyllenstorm beräknade körtiden till cirka 373 minuter.,<url><loc>https://pendlings-app1.t-767929534-cloudflare.workers.dev/?fran=Staffanstorp&amp;till=Varberg</loc><changefreq>monthly</changefreq></url>
Borlänge,Karlskoga,1011,665,Avståndet mellan Borlänge och Karlskoga är 1011 km och Karl-Johan Gyllenstorm beräknade körtiden till cirka 665 minuter.,<url><loc>https://pendlings-app1.t-767929534-cloudflare.workers.dev/?fran=Borlänge&amp;till=Karlskoga</loc><changefreq>monthly</changefreq></url>
Arboga,Växjö,226,153,Avståndet mellan Arboga och Växjö är 226 km och Karl-Johan Gyllenstorm beräknade körtiden till cirka 153 minuter.,<url><loc>https://pendlings-app1.t-767929534-cloudflare.workers.dev/?fran=Arboga&amp;till=Växjö</loc><changefreq>monthly</changefreq></url>
Götene,Arvika,1429,925,Avståndet mellan Götene och Arvika är 1429 km och Karl-Johan Gyllenstorm beräknade körtiden till cirka 925 minuter.,<url><loc>https://pendlings-app1.t-767929534-cloudflare.workers.dev/?fran=Götene&amp;till=Arvika</loc><changefreq>monthly</changefreq></url>
Sveg,Söderköping,414,273,Avståndet mellan Sveg och Söderköping är 414 km och Karl-Johan Gyllenstorm beräknade körtiden till cirka 273 minuter.,<url><loc>https://pendlings-app1.t-767929534-cloudflare.workers.dev/?fran=Sveg&amp;till=Söderköping</loc><changefreq>monthly</changefreq></url>
Borgholm,Vilhelmina,667,463,Avståndet mellan Borgholm och Vilhelmina är 667 km och Karl-Johan Gyllenstorm beräknade körtiden till cirka 463 minuter.,<url><loc>https://pendlings-app1.t-767929534-cloudflare.workers.dev/?fran=Borgholm&amp;till=Vilhelmina</loc><changefreq>monthly</changefreq></url>
Svedala,Skinnskatteberg,271,203,Avståndet mellan Svedala och Skinnskatteberg är 271 km och Karl-Johan Gyllenstorm beräknade körtiden till cirka 203 minuter.,<url><loc>https://pendlings-app1.t-767929534-cloudflare.workers.dev/?fran=Svedala&amp;till=Skinnskatteberg</loc><changefreq>monthly</changefreq></url>
Uppsala,Timrå,418,277,Avståndet mellan Uppsala och Timrå är 418 km och Karl-Johan Gyllenstorm beräknade körtiden till cirka 277 minuter.,<url><loc>https://pendlings-app1.t-767929534-cloudflare.workers.dev/?fran=Uppsala&amp;till=Timrå</loc><changefreq>monthly</changefreq></url>
Leksand,Västerås,841,588,Avståndet mellan Leksand och Västerås är 841 km och Karl-Johan Gyllenstorm beräknade körtiden till cirka 588 minuter.,<url><loc>https://pendlings-app1.t-767929534-cloudflare.workers.dev/?fran=Leksand&amp;till=Västerås</loc><changefreq>monthly</changefreq></url>
Karlshamn,Tomelilla,517,358,Avståndet mellan Karlshamn och Tomelilla är 517 km och Karl-Johan Gyllenstorm beräknade körtiden till cirka 358 minuter.,<url><loc>https://pendlings-app1.t-767929534-cloudflare.workers.dev/?fran=Karlshamn&amp;till=Tomelilla</loc><changefreq>monthly</changefreq></url>
Vellinge,Örebro,661,431,Avståndet mellan Vellinge och Örebro är 661 km och Karl-Johan Gyllenstorm beräknade körtiden till cirka 431 minuter.,<url><loc>https://pendlings-app1.t-767929534-cloudflare.workers.dev/?fran=Vellinge&amp;till=Örebro</loc><changefreq>monthly</changefreq></url>
Sollefteå,Luleå,581,398,Avståndet mellan Sollefteå och Luleå är 581 km och Karl-Johan Gyllenstorm beräknade körtiden till cirka 398 minuter.,<url><loc>https://pendlings-app1.t-767929534-cloudflare.workers.dev/?fran=Sollefteå&amp;till=Luleå</loc><changefreq>monthly</changefreq></url>
Lycksele,Årjäng,108,70,Avståndet mellan Lycksele och Årjäng är 108 km och Karl-Johan Gyllenstorm beräknade körtiden till cirka 70 minuter.,<url><loc>https://pendlings-app1.t-767929534-cloudflare.workers.dev/?fran=Lycksele&amp;till=Årjäng</loc><changefreq>monthly</changefreq></url>
Eda,Grästorp,361,256,Avståndet mellan Eda och Grästorp är 361 km och Karl-Johan Gyllenstorm beräknade körtiden till cirka 256 minuter.,<url><loc>https://pendlings-app1.t-767929534-cloudflare.workers.dev/?fran=Eda&amp;till=Grästorp</loc><changefreq>monthly</changefreq></url>
Borlänge,Stånga,483,386,Avståndet mellan Borlänge och Stånga är 483 km och Karl-Johan Gyllenstorm beräknade körtiden till cirka 386 minuter.,<url><loc>https://pendlings-app1.t-767929534-cloudflare.workers.dev/?fran=Borlänge&amp;till=Stånga</loc><changefreq>monthly</changefreq></url>
Luleå,Hofors,1392,907,Avståndet mellan Luleå och Hofors är 1392 km och Karl-Johan Gyllenstorm beräknade körtiden till cirka 907 minuter.,<url><loc>https://pendlings-app1.t-767929534-cloudflare.workers.dev/?fran=Luleå&amp;till=Hofors</loc><changefreq>monthly</changefreq></url>
Sundsvall,Gislaved,914,630,Avståndet mellan Sundsvall och Gislaved är 914 km och Karl-Johan Gyllenstorm beräknade körtiden till cirka 630 minuter.,<url><loc>https://pendlings-app1.t-767929534-cloudflare.workers.dev/?fran=Sundsvall&amp;till=Gislaved</loc><changefreq>monthly</changefreq></url>
Malung,Karlskrona,822,647,Avståndet mellan Malung och Karlskrona är 822 km och Karl-Johan Gyllenstorm beräknade körtiden till cirka 647 minuter.,<url><loc>https://pendlings-app1.t-767929534-cloudflare.workers.dev/?fran=Malung&amp;till=Karlskrona</loc><changefreq>monthly</changefreq></url>
Götene,Västerås,137,106,Avståndet mellan Götene och Västerås är 137 km och Karl-Johan Gyllenstorm beräknade körtiden till cirka 106 minuter.,<url><loc>https://pendlings-app1.t-767929534-cloudflare.workers.dev/?fran=Götene&amp;till=Västerås</loc><changefreq>monthly</changefreq></url>
Mörbylånga,Herrljunga,817,576,Avståndet mellan Mörbylånga och Herrljunga är 817 km och Karl-Johan Gyllenstorm beräknade körtiden till cirka 576 minuter.,<url><loc>https://pendlings-app1.t-767929534-cloudflare.workers.dev/?fran=Mörbylånga&amp;till=Herrljunga</loc><changefreq>monthly</changefreq></url>
Laxå,Haparanda,178,139,Avståndet mellan Laxå och Haparanda är 178 km och Karl-Johan Gyllenstorm beräknade körtiden till cirka 139 minuter.,<url><loc>https://pendlings-app1.t-767929534-cloudflare.workers.dev/?fran=Laxå&amp;till=Haparanda</loc><changefreq>monthly</changefreq></url>
Finspång,Storfors,420,276,Avståndet mellan Finspång och Storfors är 420 km och Karl-Johan Gyllenstorm beräknade körtiden till cirka 276 minuter.,<url><loc>https://pendlings-app1.t-767929534-cloudflare.workers.dev/?fran=Finspång&amp;till=Storfors</loc><changefreq>monthly</changefreq></url>
Norrköping,Stockholm,710,466,Avståndet mellan Norrköping och Stockholm är 710 km och Karl-Johan Gyllenstorm beräknade körtiden till cirka 466 minuter.,<url><loc>https://pendlings-app1.t-767929534-cloudflare.workers.dev/?fran=Norrköping&amp;till=Stockholm</loc><changefreq>monthly</changefreq></url>
Svedala,Simrishamn,77,61,Avståndet mellan Svedala och Simrishamn är 77 km och Karl-Johan Gyllenstorm beräknade körtiden till cirka 61 minuter.,<url><loc>https://pendlings-app1.t-767929534-cloudflare.workers.dev/?fran=Svedala&amp;till=Simrishamn</loc><changefreq>monthly</changefreq></url>
Karlskoga,Malmö,160,116,Avståndet mellan Karlskoga och Malmö är 160 km och Karl-Johan Gyllenstorm beräknade körtiden till cirka 116 minuter.,<url><loc>https://pendlings-app1.t-767929534-cloudflare.workers.dev/?fran=Karlskoga&amp;till=Malmö</loc><changefreq>monthly</changefreq></url>
Övertorneå,Norberg,139,96,Avståndet mellan Övertorneå och Norberg är 139 km och Karl-Johan Gyllenstorm beräknade körtiden till cirka 96 minuter.,<url><loc>https://pendlings-app1.t-767929534-cloudflare.workers.dev/?fran=Övertorneå&amp;till=Norberg</loc><changefreq>monthly</changefreq></url>
Borlänge,Vara,596,467,Avståndet mellan Borlänge och Vara är 596 km och Karl-Johan Gyllenstorm beräknade körtiden till cirka 467 minuter.,<url><loc>https://pendlings-app1.t-767929534-cloudflare.workers.dev/?fran=Borlänge&amp;till=Vara</loc><changefreq>monthly</changefreq></url>
Luleå,Trelleborg,1314,905,Avståndet mellan Luleå och Trelleborg är 1314 km och Karl-Johan Gyllenstorm beräknade körtiden till cirka 905 minuter.,<url><loc>https://pendlings-app1.t-767929534-cloudflare.workers.dev/?fran=Luleå&amp;till=Trelleborg</loc><changefreq>monthly</changefreq></url>
Karlsborg,Södertälje,683,539,Avståndet mellan Karlsborg och Södertälje är 683 km och Karl-Johan Gyllenstorm beräknade körtiden till cirka 539 minuter.,<url><loc>https://pendlings-app1.t-767929534-cloudflare.workers.dev/?fran=Karlsborg&amp;till=Södertälje</loc><changefreq>monthly</changefreq></url>
Gnosjö,Göteborg,860,570,Avståndet mellan Gnosjö och Göteborg är 860 km och Karl-Johan Gyllenstorm beräknade körtiden till cirka 570 minuter.,<url><loc>https://pendlings-app1.t-767929534-cloudflare.workers.dev/?fran=Gnosjö&amp;till=Göteborg</loc><changefreq>monthly</changefreq></url>
Luleå,Gislaved,1314,923,Avståndet mellan Luleå och Gislaved är 1314 km och Karl-Johan Gyllenstorm beräknade körtiden till cirka 923 minuter.,<url><loc>https://pendlings-app1.t-767929534-cloudflare.workers.dev/?fran=Luleå&amp;till=Gislaved</loc><changefreq>monthly</changefreq></url>
Östra Göinge,Västerås,1217,777,Avståndet mellan Östra Göinge och Västerås är 1217 km och Karl-Johan Gyllenstorm beräknade körtiden till cirka 777 minuter.,<url><loc>https://pendlings-app1.t-767929534-cloudflare.workers.dev/?fran=Östra Göinge&amp;till=Västerås</loc><changefreq>monthly</changefreq></url>
Lomma,Degerfors,1339,965,Avståndet mellan Lomma och Degerfors är 1339 km och Karl-Johan Gyllenstorm beräknade körtiden till cirka 965 minuter.,<url><loc>https://pendlings-app1.t-767929534-cloudflare.workers.dev/?fran=Lomma&amp;till=Degerfors</loc><changefreq>monthly</changefreq></url>
Tingstäde,Jönköping,319,252,Avståndet mellan Tingstäde och Jönköping är 319 km och Karl-Johan Gyllenstorm beräknade körtiden till cirka 252 minuter.,<url><loc>https://pendlings-app1.t-767929534-cloudflare.workers.dev/?fran=Tingstäde&amp;till=Jönköping</loc><changefreq>monthly</changefreq></url>
Klintehamn,Växjö,779,589,Avståndet mellan Klintehamn och Växjö är 779 km och Karl-Johan Gyllenstorm beräknade körtiden till cirka 589 minuter.,<url><loc>https://pendlings-app1.t-767929534-cloudflare.workers.dev/?fran=Klintehamn&amp;till=Växjö</loc><changefreq>monthly</changefreq></url>
Lomma,Sölvesborg,598,446,Avståndet mellan Lomma och Sölvesborg är 598 km och Karl-Johan Gyllenstorm beräknade körtiden till cirka 446 minuter.,<url><loc>https://pendlings-app1.t-767929534-cloudflare.workers.dev/?fran=Lomma&amp;till=Sölvesborg</loc><changefreq>monthly</changefreq></url>
Sjöbo,Borlänge,1039,744,Avståndet mellan Sjöbo och Borlänge är 1039 km och Karl-Johan Gyllenstorm beräknade körtiden till cirka 744 minuter.,<url><loc>https://pendlings-app1.t-767929534-cloudflare.workers.dev/?fran=Sjöbo&amp;till=Borlänge</loc><changefreq>monthly</changefreq></url>
Landskrona,Kinda,1251,931,Avståndet mellan Landskrona och Kinda är 1251 km och Karl-Johan Gyllenstorm beräknade körtiden till cirka 931 minuter.,<url><loc>https://pendlings-app1.t-767929534-cloudflare.workers.dev/?fran=Landskrona&amp;till=Kinda</loc><changefreq>monthly</changefreq></url>
Sälen,Jokkmokk,357,281,Avståndet mellan Sälen och Jokkmokk är 357 km och Karl-Johan Gyllenstorm beräknade körtiden till cirka 281 minuter.,<url><loc>https://pendlings-app1.t-767929534-cloudflare.workers.dev/?fran=Sälen&amp;till=Jokkmokk</loc><changefreq>monthly</changefreq></url>
Vänersborg,Nordanstig,944,611,Avståndet mellan Vänersborg och Nordanstig är 944 km och Karl-Johan Gyllenstorm beräknade körtiden till cirka 611 minuter.,<url><loc>https://pendlings-app1.t-767929534-cloudflare.workers.dev/?fran=Vänersborg&amp;till=Nordanstig</loc><changefreq>monthly</changefreq></url>
Askersund,Hemse,850,565,Avståndet mellan Askersund och Hemse är 850 km och Karl-Johan Gyllenstorm beräknade körtiden till cirka 565 minuter.,<url><loc>https://pendlings-app1.t-767929534-cloudflare.workers.dev/?fran=Askersund&amp;till=Hemse</loc><changefreq>monthly</changefreq></url>
Hörby,Bromölla,868,589,Avståndet mellan Hörby och Bromölla är 868 km och Karl-Johan Gyllenstorm beräknade körtiden till cirka 589 minuter.,<url><loc>https://pendlings-app1.t-767929534-cloudflare.workers.dev/?fran=Hörby&amp;till=Bromölla</loc><changefreq>monthly</changefreq></url>
Arvika,Lekeberg,1246,962,Avståndet mellan Arvika och Lekeberg är 1246 km och Karl-Johan Gyllenstorm beräknade körtiden till cirka 962 minuter.,<url><loc>https://pendlings-app1.t-767929534-cloudflare.workers.dev/?fran=Arvika&amp;till=Lekeberg</loc><changefreq>monthly</changefreq></url>
Mullsjö,Lycksele,64,45,Avståndet mellan Mullsjö och Lycksele är 64 km och Karl-Johan Gyllenstorm beräknade körtiden till cirka 45 minuter.,<url><loc>https://pendlings-app1.t-767929534-cloudflare.workers.dev/?fran=Mullsjö&amp;till=Lycksele</loc><changefreq>monthly</changefreq></url>
Götene,Huddinge,213,142,Avståndet mellan Götene och Huddinge är 213 km och Karl-Johan Gyllenstorm beräknade körtiden till cirka 142 minuter.,<url><loc>https://pendlings-app1.t-767929534-cloudflare.workers.dev/?fran=Götene&amp;till=Huddinge</loc><changefreq>monthly</changefreq></url>
Borlänge,Sandviken,1032,692,Avståndet mellan Borlänge och Sandviken är 1032 km och Karl-Johan Gyllenstorm beräknade körtiden till cirka 692 minuter.,<url><loc>https://pendlings-app1.t-767929534-cloudflare.workers.dev/?fran=Borlänge&amp;till=Sandviken</loc><changefreq>monthly</changefreq></url>
Ludvika,Visby,996,639,Avståndet mellan Ludvika och Visby är 996 km och Karl-Johan Gyllenstorm beräknade körtiden till cirka 639 minuter.,<url><loc>https://pendlings-app1.t-767929534-cloudflare.workers.dev/?fran=Ludvika&amp;till=Visby</loc><changefreq>monthly</changefreq></url>
Nora,Borgholm,122,77,Avståndet mellan Nora och Borgholm är 122 km och Karl-Johan Gyllenstorm beräknade körtiden till cirka 77 minuter.,<url><loc>https://pendlings-app1.t-767929534-cloudflare.workers.dev/?fran=Nora&amp;till=Borgholm</loc><changefreq>monthly</changefreq></url>
Lekeberg,Tierp,1182,797,Avståndet mellan Lekeberg och Tierp är 1182 km och Karl-Johan Gyllenstorm beräknade körtiden till cirka 797 minuter.,<url><loc>https://pendlings-app1.t-767929534-cloudflare.workers.dev/?fran=Lekeberg&amp;till=Tierp</loc><changefreq>monthly</changefreq></url>
Tibro,Vårgårda,1257,988,Avståndet mellan Tibro och Vårgårda är 1257 km och Karl-Johan Gyllenstorm beräknade körtiden till cirka 988 minuter.,<url><loc>https://pendlings-app1.t-767929534-cloudflare.workers.dev/?fran=Tibro&amp;till=Vårgårda</loc><changefreq>monthly</changefreq></url>
Tranås,Söderköping,564,448,Avståndet mellan Tranås och Söderköping är 564 km och Karl-Johan Gyllenstorm beräknade körtiden till cirka 448 minuter.,<url><loc>https://pendlings-app1.t-767929534-cloudflare.workers.dev/?fran=Tranås&amp;till=Söderköping</loc><changefreq>monthly</changefreq></url>
Vellinge,Gimo,1098,744,Avståndet mellan Vellinge och Gimo är 1098 km och Karl-Johan Gyllenstorm beräknade körtiden till cirka 744 minuter.,<url><loc>https://pendlings-app1.t-767929534-cloudflare.workers.dev/?fran=Vellinge&amp;till=Gimo</loc><changefreq>monthly</changefreq></url>
Hagfors,Boden,563,442,Avståndet mellan Hagfors och Boden är 563 km och Karl-Johan Gyllenstorm beräknade körtiden till cirka 442 minuter.,<url><loc>https://pendlings-app1.t-767929534-cloudflare.workers.dev/?fran=Hagfors&amp;till=Boden</loc><changefreq>monthly</changefreq></url>
Höör,Kramfors,424,322,Avståndet mellan Höör och Kramfors är 424 km och Karl-Johan Gyllenstorm beräknade körtiden till cirka 322 minuter.,<url><loc>https://pendlings-app1.t-767929534-cloudflare.workers.dev/?fran=Höör&amp;till=Kramfors</loc><changefreq>monthly</changefreq></url>
Torsby,Kinda,954,719,Avståndet mellan Torsby och Kinda är 954 km och Karl-Johan Gyllenstorm beräknade körtiden till cirka 719 minuter.,<url><loc>https://pendlings-app1.t-767929534-cloudflare.workers.dev/?fran=Torsby&amp;till=Kinda</loc><changefreq>monthly</changefreq></url>
Boden,Degerfors,296,189,Avståndet mellan Boden och Degerfors är 296 km och Karl-Johan Gyllenstorm beräknade körtiden till cirka 189 minuter.,<url><loc>https://pendlings-app1.t-767929534-cloudflare.workers.dev/?fran=Boden&amp;till=Degerfors</loc><changefreq>monthly</changefreq></url>
Malmö,Söderhamn,668,488,Avståndet mellan Malmö och Söderhamn är 668 km och Karl-Johan Gyllenstorm beräknade körtiden till cirka 488 minuter.,<url><loc>https://pendlings-app1.t-767929534-cloudflare.workers.dev/?fran=Malmö&amp;till=Söderhamn</loc><changefreq>monthly</changefreq></url>
Enköping,Kalmar,375,285,Avståndet mellan Enköping och Kalmar är 375 km och Karl-Johan Gyllenstorm beräknade körtiden till cirka 285 minuter.,<url><loc>https://pendlings-app1.t-767929534-cloudflare.workers.dev/?fran=Enköping&amp;till=Kalmar</loc><changefreq>monthly</changefreq></url>
Gävle,Piteå,846,658,Avståndet mellan Gävle och Piteå är 846 km och Karl-Johan Gyllenstorm beräknade körtiden till cirka 658 minuter.,<url><loc>https://pendlings-app1.t-767929534-cloudflare.workers.dev/?fran=Gävle&amp;till=Piteå</loc><changefreq>monthly</changefreq></url>
Nyköping,Gnestad,1140,731,Avståndet mellan Nyköping och Gnestad är 1140 km och Karl-Johan Gyllenstorm beräknade körtiden till cirka 731 minuter.,<url><loc>https://pendlings-app1.t-767929534-cloudflare.workers.dev/?fran=Nyköping&amp;till=Gnestad</loc><changefreq>monthly</changefreq></url>
Mariestad,Borgholm,975,778,Avståndet mellan Mariestad och Borgholm är 975 km och Karl-Johan Gyllenstorm beräknade körtiden till cirka 778 minuter.,<url><loc>https://pendlings-app1.t-767929534-cloudflare.workers.dev/?fran=Mariestad&amp;till=Borgholm</loc><changefreq>monthly</changefreq></url>
Sälen,Bålsta,361,245,Avståndet mellan Sälen och Bålsta är 361 km och Karl-Johan Gyllenstorm beräknade körtiden till cirka 245 minuter.,<url><loc>https://pendlings-app1.t-767929534-cloudflare.workers.dev/?fran=Sälen&amp;till=Bålsta</loc><changefreq>monthly</changefreq></url>
Norberg,Burgsvik,185,128,Avståndet mellan Norberg och Burgsvik är 185 km och Karl-Johan Gyllenstorm beräknade körtiden till cirka 128 minuter.,<url><loc>https://pendlings-app1.t-767929534-cloudflare.workers.dev/?fran=Norberg&amp;till=Burgsvik</loc><changefreq>monthly</changefreq></url>
Munkedal,Boden,25,18,Avståndet mellan Munkedal och Boden är 25 km och Karl-Johan Gyllenstorm beräknade körtiden till cirka 18 minuter.,<url><loc>https://pendlings-app1.t-767929534-cloudflare.workers.dev/?fran=Munkedal&amp;till=Boden</loc><changefreq>monthly</changefreq></url>
Hultsfred,Eskilstuna,473,315,Avståndet mellan Hultsfred och Eskilstuna är 473 km och Karl-Johan Gyllenstorm beräknade körtiden till cirka 315 minuter.,<url><loc>https://pendlings-app1.t-767929534-cloudflare.workers.dev/?fran=Hultsfred&amp;till=Eskilstuna</loc><changefreq>monthly</changefreq></url>
Hällefor,Sorsele,512,336,Avståndet mellan Hällefor och Sorsele är 512 km och Karl-Johan Gyllenstorm beräknade körtiden till cirka 336 minuter.,<url><loc>https://pendlings-app1.t-767929534-cloudflare.workers.dev/?fran=Hällefor&amp;till=Sorsele</loc><changefreq>monthly</changefreq></url>
Ronneby,Falkenberg,1396,1030,Avståndet mellan Ronneby och Falkenberg är 1396 km och Karl-Johan Gyllenstorm beräknade körtiden till cirka 1030 minuter.,<url><loc>https://pendlings-app1.t-767929534-cloudflare.workers.dev/?fran=Ronneby&amp;till=Falkenberg</loc><changefreq>monthly</changefreq></url>
Trosa,Vetlanda,982,694,Avståndet mellan Trosa och Vetlanda är 982 km och Karl-Johan Gyllenstorm beräknade körtiden till cirka 694 minuter.,<url><loc>https://pendlings-app1.t-767929534-cloudflare.workers.dev/?fran=Trosa&amp;till=Vetlanda</loc><changefreq>monthly</changefreq></url>
Katrineholm,Kristinehamn,1199,761,Avståndet mellan Katrineholm och Kristinehamn är 1199 km och Karl-Johan Gyllenstorm beräknade körtiden till cirka 761 minuter.,<url><loc>https://pendlings-app1.t-767929534-cloudflare.workers.dev/?fran=Katrineholm&amp;till=Kristinehamn</loc><changefreq>monthly</changefreq></url>
Eksjö,Ulricehamn,795,616,Avståndet mellan Eksjö och Ulricehamn är 795 km och Karl-Johan Gyllenstorm beräknade körtiden till cirka 616 minuter.,<url><loc>https://pendlings-app1.t-767929534-cloudflare.workers.dev/?fran=Eksjö&amp;till=Ulricehamn</loc><changefreq>monthly</changefreq></url>
Vänersborg,Hedemora,471,337,Avståndet mellan Vänersborg och Hedemora är 471 km och Karl-Johan Gyllenstorm beräknade körtiden till cirka 337 minuter.,<url><loc>https://pendlings-app1.t-767929534-cloudflare.workers.dev/?fran=Vänersborg&amp;till=Hedemora</loc><changefreq>monthly</changefreq></url>
Huddinge,Arboga,1392,972,Avståndet mellan Huddinge och Arboga är 1392 km och Karl-Johan Gyllenstorm beräknade körtiden till cirka 972 minuter.,<url><loc>https://pendlings-app1.t-767929534-cloudflare.workers.dev/?fran=Huddinge&amp;till=Arboga</loc><changefreq>monthly</changefreq></url>
Osby,Lidköping,653,488,Avståndet mellan Osby och Lidköping är 653 km och Karl-Johan Gyllenstorm beräknade körtiden till cirka 488 minuter.,<url><loc>https://pendlings-app1.t-767929534-cloudflare.workers.dev/?fran=Osby&amp;till=Lidköping</loc><changefreq>monthly</changefreq></url>
Bräcke,Hjo,125,84,Avståndet mellan Bräcke och Hjo är 125 km och Karl-Johan Gyllenstorm beräknade körtiden till cirka 84 minuter.,<url><loc>https://pendlings-app1.t-767929534-cloudflare.workers.dev/?fran=Bräcke&amp;till=Hjo</loc><changefreq>monthly</changefreq></url>
Södertälje,Örebro,370,241,Avståndet mellan Södertälje och Örebro är 370 km och Karl-Johan Gyllenstorm beräknade körtiden till cirka 241 minuter.,<url><loc>https://pendlings-app1.t-767929534-cloudflare.workers.dev/?fran=Södertälje&amp;till=Örebro</loc><changefreq>monthly</changefreq></url>
Timrå,Tibro,686,542,Avståndet mellan Timrå och Tibro är 686 km och Karl-Johan Gyllenstorm beräknade körtiden till cirka 542 minuter.,<url><loc>https://pendlings-app1.t-767929534-cloudflare.workers.dev/?fran=Timrå&amp;till=Tibro</loc><changefreq>monthly</changefreq></url>
Södertälje,Knivsta,835,619,Avståndet mellan Södertälje och Knivsta är 835 km och Karl-Johan Gyllenstorm beräknade körtiden till cirka 619 minuter.,<url><loc>https://pendlings-app1.t-767929534-cloudflare.workers.dev/?fran=Södertälje&amp;till=Knivsta</loc><changefreq>monthly</changefreq></url>
Ulricehamn,Bengtsfors,113,72,Avståndet mellan Ulricehamn och Bengtsfors är 113 km och Karl-Johan Gyllenstorm beräknade körtiden till cirka 72 minuter.,<url><loc>https://pendlings-app1.t-767929534-cloudflare.workers.dev/?fran=Ulricehamn&amp;till=Bengtsfors</loc><changefreq>monthly</changefreq></url>
Vadstena,Olofström,218,156,Avståndet mellan Vadstena och Olofström är 218 km och Karl-Johan Gyllenstorm beräknade körtiden till cirka 156 minuter.,<url><loc>https://pendlings-app1.t-767929534-cloudflare.workers.dev/?fran=Vadstena&amp;till=Olofström</loc><changefreq>monthly</changefreq></url>
Piteå,Tibro,608,384,Avståndet mellan Piteå och Tibro är 608 km och Karl-Johan Gyllenstorm beräknade körtiden till cirka 384 minuter.,<url><loc>https://pendlings-app1.t-767929534-cloudflare.workers.dev/?fran=Piteå&amp;till=Tibro</loc><changefreq>monthly</changefreq></url>
Rättvik,Laholm,509,363,Avståndet mellan Rättvik och Laholm är 509 km och Karl-Johan Gyllenstorm beräknade körtiden till cirka 363 minuter.,<url><loc>https://pendlings-app1.t-767929534-cloudflare.workers.dev/?fran=Rättvik&amp;till=Laholm</loc><changefreq>monthly</changefreq></url>
Skellefteå,Arboga,1421,1066,Avståndet mellan Skellefteå och Arboga är 1421 km och Karl-Johan Gyllenstorm beräknade körtiden till cirka 1066 minuter.,<url><loc>https://pendlings-app1.t-767929534-cloudflare.workers.dev/?fran=Skellefteå&amp;till=Arboga</loc><changefreq>monthly</changefreq></url>
Västerås,Gimo,233,169,Avståndet mellan Västerås och Gimo är 233 km och Karl-Johan Gyllenstorm beräknade körtiden till cirka 169 minuter.,<url><loc>https://pendlings-app1.t-767929534-cloudflare.workers.dev/?fran=Västerås&amp;till=Gimo</loc><changefreq>monthly</changefreq></url>
Kumla,Kävlinge,1119,870,Avståndet mellan Kumla och Kävlinge är 1119 km och Karl-Johan Gyllenstorm beräknade körtiden till cirka 870 minuter.,<url><loc>https://pendlings-app1.t-767929534-cloudflare.workers.dev/?fran=Kumla&amp;till=Kävlinge</loc><changefreq>monthly</changefreq></url>
Kiruna,Halmstad,315,203,Avståndet mellan Kiruna och Halmstad är 315 km och Karl-Johan Gyllenstorm beräknade körtiden till cirka 203 minuter.,<url><loc>https://pendlings-app1.t-767929534-cloudflare.workers.dev/?fran=Kiruna&amp;till=Halmstad</loc><changefreq>monthly</changefreq></url>
Ronehamn,Ånge,1048,712,Avståndet mellan Ronehamn och Ånge är 1048 km och Karl-Johan Gyllenstorm beräknade körtiden till cirka 712 minuter.,<url><loc>https://pendlings-app1.t-767929534-cloudflare.workers.dev/?fran=Ronehamn&amp;till=Ånge</loc><changefreq>monthly</changefreq></url>
Karlskrona,Strängnäs,373,240,Avståndet mellan Karlskrona och Strängnäs är 373 km och Karl-Johan Gyllenstorm beräknade körtiden till cirka 240 minuter.,<url><loc>https://pendlings-app1.t-767929534-cloudflare.workers.dev/?fran=Karlskrona&amp;till=Strängnäs</loc><changefreq>monthly</changefreq></url>
Östhammar,Berg,178,142,Avståndet mellan Östhammar och Berg är 178 km och Karl-Johan Gyllenstorm beräknade körtiden till cirka 142 minuter.,<url><loc>https://pendlings-app1.t-767929534-cloudflare.workers.dev/?fran=Östhammar&amp;till=Berg</loc><changefreq>monthly</changefreq></url>
Halmstad,Alingsås,355,243,Avståndet mellan Halmstad och Alingsås är 355 km och Karl-Johan Gyllenstorm beräknade körtiden till cirka 243 minuter.,<url><loc>https://pendlings-app1.t-767929534-cloudflare.workers.dev/?fran=Halmstad&amp;till=Alingsås</loc><changefreq>monthly</changefreq></url>
Krokom,Degerfors,1031,666,Avståndet mellan Krokom och Degerfors är 1031 km och Karl-Johan Gyllenstorm beräknade körtiden till cirka 666 minuter.,<url><loc>https://pendlings-app1.t-767929534-cloudflare.workers.dev/?fran=Krokom&amp;till=Degerfors</loc><changefreq>monthly</changefreq></url>
Hultsfred,Svalöv,1231,862,Avståndet mellan Hultsfred och Svalöv är 1231 km och Karl-Johan Gyllenstorm beräknade körtiden till cirka 862 minuter.,<url><loc>https://pendlings-app1.t-767929534-cloudflare.workers.dev/?fran=Hultsfred&amp;till=Svalöv</loc><changefreq>monthly</changefreq></url>
Filipstad,Roma,398,310,Avståndet mellan Filipstad och Roma är 398 km och Karl-Johan Gyllenstorm beräknade körtiden till cirka 310 minuter.,<url><loc>https://pendlings-app1.t-767929534-cloudflare.workers.dev/?fran=Filipstad&amp;till=Roma</loc><changefreq>monthly</changefreq></url>
Mullsjö,Nora,421,315,Avståndet mellan Mullsjö och Nora är 421 km och Karl-Johan Gyllenstorm beräknade körtiden till cirka 315 minuter.,<url><loc>https://pendlings-app1.t-767929534-cloudflare.workers.dev/?fran=Mullsjö&amp;till=Nora</loc><changefreq>monthly</changefreq></url>
Eksjö,Surahammar,884,676,Avståndet mellan Eksjö och Surahammar är 884 km och Karl-Johan Gyllenstorm beräknade körtiden till cirka 676 minuter.,<url><loc>https://pendlings-app1.t-767929534-cloudflare.workers.dev/?fran=Eksjö&amp;till=Surahammar</loc><changefreq>monthly</changefreq></url>
Rättvik,Motala,1143,838,Avståndet mellan Rättvik och Motala är 1143 km och Karl-Johan Gyllenstorm beräknade körtiden till cirka 838 minuter.,<url><loc>https://pendlings-app1.t-767929534-cloudflare.workers.dev/?fran=Rättvik&amp;till=Motala</loc><changefreq>monthly</changefreq></url>
Grythyttan,Bålsta,1031,682,Avståndet mellan Grythyttan och Bålsta är 1031 km och Karl-Johan Gyllenstorm beräknade körtiden till cirka 682 minuter.,<url><loc>https://pendlings-app1.t-767929534-cloudflare.workers.dev/?fran=Grythyttan&amp;till=Bålsta</loc><changefreq>monthly</changefreq></url>
Degerfors,Haparanda,1431,985,Avståndet mellan Degerfors och Haparanda är 1431 km och Karl-Johan Gyllenstorm beräknade körtiden till cirka 985 minuter.,<url><loc>https://pendlings-app1.t-767929534-cloudflare.workers.dev/?fran=Degerfors&amp;till=Haparanda</loc><changefreq>monthly</changefreq></url>
Rättvik,Vingåker,503,335,Avståndet mellan Rättvik och Vingåker är 503 km och Karl-Johan Gyllenstorm beräknade körtiden till cirka 335 minuter.,<url><loc>https://pendlings-app1.t-767929534-cloudflare.workers.dev/?fran=Rättvik&amp;till=Vingåker</loc><changefreq>monthly</changefreq></url>
Sundsvall,Sölvesborg,499,324,Avståndet mellan Sundsvall och Sölvesborg är 499 km och Karl-Johan Gyllenstorm beräknade körtiden till cirka 324 minuter.,<url><loc>https://pendlings-app1.t-767929534-cloudflare.workers.dev/?fran=Sundsvall&amp;till=Sölvesborg</loc><changefreq>monthly</changefreq></url>
Halmstad,Håbo,1129,848,Avståndet mellan Halmstad och Håbo är 1129 km och Karl-Johan Gyllenstorm beräknade körtiden till cirka 848 minuter.,<url><loc>https://pendlings-app1.t-767929534-cloudflare.workers.dev/?fran=Halmstad&amp;till=Håbo</loc><changefreq>monthly</changefreq></url>
Nordanstig,Hagfors,260,170,Avståndet mellan Nordanstig och Hagfors är 260 km och Karl-Johan Gyllenstorm beräknade körtiden till cirka 170 minuter.,<url><loc>https://pendlings-app1.t-767929534-cloudflare.workers.dev/?fran=Nordanstig&amp;till=Hagfors</loc><changefreq>monthly</changefreq></url>
Svedala,Norberg,387,270,Avståndet mellan Svedala och Norberg är 387 km och Karl-Johan Gyllenstorm beräknade körtiden till cirka 270 minuter.,<url><loc>https://pendlings-app1.t-767929534-cloudflare.workers.dev/?fran=Svedala&amp;till=Norberg</loc><changefreq>monthly</changefreq></url>
Karlshamn,Karlskrona,677,488,Avståndet mellan Karlshamn och Karlskrona är 677 km och Karl-Johan Gyllenstorm beräknade körtiden till cirka 488 minuter.,<url><loc>https://pendlings-app1.t-767929534-cloudflare.workers.dev/?fran=Karlshamn&amp;till=Karlskrona</loc><changefreq>monthly</changefreq></url>
Bollnäs,Jokkmokk,718,541,Avståndet mellan Bollnäs och Jokkmokk är 718 km och Karl-Johan Gyllenstorm beräknade körtiden till cirka 541 minuter.,<url><loc>https://pendlings-app1.t-767929534-cloudflare.workers.dev/?fran=Bollnäs&amp;till=Jokkmokk</loc><changefreq>monthly</changefreq></url>
Svenljunga,Västervik,945,602,Avståndet mellan Svenljunga och Västervik är 945 km och Karl-Johan Gyllenstorm beräknade körtiden till cirka 602 minuter.,<url><loc>https://pendlings-app1.t-767929534-cloudflare.workers.dev/?fran=Svenljunga&amp;till=Västervik</loc><changefreq>monthly</changefreq></url>
Örebro,Forshaga,71,50,Avståndet mellan Örebro och Forshaga är 71 km och Karl-Johan Gyllenstorm beräknade körtiden till cirka 50 minuter.,<url><loc>https://pendlings-app1.t-767929534-cloudflare.workers.dev/?fran=Örebro&amp;till=Forshaga</loc><changefreq>monthly</changefreq></url>
Östhammar,Bollnäs,1230,859,Avståndet mellan Östhammar och Bollnäs är 1230 km och Karl-Johan Gyllenstorm beräknade körtiden till cirka 859 minuter.,<url><loc>https://pendlings-app1.t-767929534-cloudflare.workers.dev/?fran=Östhammar&amp;till=Bollnäs</loc><changefreq>monthly</changefreq></url>
Övertorneå,Gnosjö,1328,953,Avståndet mellan Övertorneå och Gnosjö är 1328 km och Karl-Johan Gyllenstorm beräknade körtiden till cirka 953 minuter.,<url><loc>https://pendlings-app1.t-767929534-cloudflare.workers.dev/?fran=Övertorneå&amp;till=Gnosjö</loc><changefreq>monthly</changefreq></url>
Emmaboda,Falköping,1419,910,Avståndet mellan Emmaboda och Falköping är 1419 km och Karl-Johan Gyllenstorm beräknade körtiden till cirka 910 minuter.,<url><loc>https://pendlings-app1.t-767929534-cloudflare.workers.dev/?fran=Emmaboda&amp;till=Falköping</loc><changefreq>monthly</changefreq></url>
Grums,Borås,268,191,Avståndet mellan Grums och Borås är 268 km och Karl-Johan Gyllenstorm beräknade körtiden till cirka 191 minuter.,<url><loc>https://pendlings-app1.t-767929534-cloudflare.workers.dev/?fran=Grums&amp;till=Borås</loc><changefreq>monthly</changefreq></url>
Klintehamn,Mark,150,108,Avståndet mellan Klintehamn och Mark är 150 km och Karl-Johan Gyllenstorm beräknade körtiden till cirka 108 minuter.,<url><loc>https://pendlings-app1.t-767929534-cloudflare.workers.dev/?fran=Klintehamn&amp;till=Mark</loc><changefreq>monthly</changefreq></url>
Strömsund,Kopparberg,1041,784,Avståndet mellan Strömsund och Kopparberg är 1041 km och Karl-Johan Gyllenstorm beräknade körtiden till cirka 784 minuter.,<url><loc>https://pendlings-app1.t-767929534-cloudflare.workers.dev/?fran=Strömsund&amp;till=Kopparberg</loc><changefreq>monthly</changefreq></url>
Stånga,Norsjö,854,600,Avståndet mellan Stånga och Norsjö är 854 km och Karl-Johan Gyllenstorm beräknade körtiden till cirka 600 minuter.,<url><loc>https://pendlings-app1.t-767929534-cloudflare.workers.dev/?fran=Stånga&amp;till=Norsjö</loc><changefreq>monthly</changefreq></url>
Ludvika,Mellerud,325,211,Avståndet mellan Ludvika och Mellerud är 325 km och Karl-Johan Gyllenstorm beräknade körtiden till cirka 211 minuter.,<url><loc>https://pendlings-app1.t-767929534-cloudflare.workers.dev/?fran=Ludvika&amp;till=Mellerud</loc><changefreq>monthly</changefreq></url>
Landskrona,Götene,56,41,Avståndet mellan Landskrona och Götene är 56 km och Karl-Johan Gyllenstorm beräknade körtiden till cirka 41 minuter.,<url><loc>https://pendlings-app1.t-767929534-cloudflare.workers.dev/?fran=Landskrona&amp;till=Götene</loc><changefreq>monthly</changefreq></url>
Ronehamn,Vetlanda,29,21,Avståndet mellan Ronehamn och Vetlanda är 29 km och Karl-Johan Gyllenstorm beräknade körtiden till cirka 21 minuter.,<url><loc>https://pendlings-app1.t-767929534-cloudflare.workers.dev/?fran=Ronehamn&amp;till=Vetlanda</loc><changefreq>monthly</changefreq></url>
Ängelholm,Arvika,319,250,Avståndet mellan Ängelholm och Arvika är 319 km och Karl-Johan Gyllenstorm beräknade körtiden till cirka 250 minuter.,<url><loc>https://pendlings-app1.t-767929534-cloudflare.workers.dev/?fran=Ängelholm&amp;till=Arvika</loc><changefreq>monthly</changefreq></url>
Olofström,Lomma,375,286,Avståndet mellan Olofström och Lomma är 375 km och Karl-Johan Gyllenstorm beräknade körtiden till cirka 286 minuter.,<url><loc>https://pendlings-app1.t-767929534-cloudflare.workers.dev/?fran=Olofström&amp;till=Lomma</loc><changefreq>monthly</changefreq></url>
Smedjebacken,Årjäng,1313,961,Avståndet mellan Smedjebacken och Årjäng är 1313 km och Karl-Johan Gyllenstorm beräknade körtiden till cirka 961 minuter.,<url><loc>https://pendlings-app1.t-767929534-cloudflare.workers.dev/?fran=Smedjebacken&amp;till=Årjäng</loc><changefreq>monthly</changefreq></url>
Sölvesborg,Sunne,1405,1078,Avståndet mellan Sölvesborg och Sunne är 1405 km och Karl-Johan Gyllenstorm beräknade körtiden till cirka 1078 minuter.,<url><loc>https://pendlings-app1.t-767929534-cloudflare.workers.dev/?fran=Sölvesborg&amp;till=Sunne</loc><changefreq>monthly</changefreq></url>
Malmö,Sveg,830,562,Avståndet mellan Malmö och Sveg är 830 km och Karl-Johan Gyllenstorm beräknade körtiden till cirka 562 minuter.,<url><loc>https://pendlings-app1.t-767929534-cloudflare.workers.dev/?fran=Malmö&amp;till=Sveg</loc><changefreq>monthly</changefreq></url>
Örebro,Staffanstorp,1375,1002,Avståndet mellan Örebro och Staffanstorp är 1375 km och Karl-Johan Gyllenstorm beräknade körtiden till cirka 1002 minuter.,<url><loc>https://pendlings-app1.t-767929534-cloudflare.workers.dev/?fran=Örebro&amp;till=Staffanstorp</loc><changefreq>monthly</changefreq></url>
Östhammar,Köping,711,497,Avståndet mellan Östhammar och Köping är 711 km och Karl-Johan Gyllenstorm beräknade körtiden till cirka 497 minuter.,<url><loc>https://pendlings-app1.t-767929534-cloudflare.workers.dev/?fran=Östhammar&amp;till=Köping</loc><changefreq>monthly</changefreq></url>
Orsa,Burgsvik,941,602,Avståndet mellan Orsa och Burgsvik är 941 km och Karl-Johan Gyllenstorm beräknade körtiden till cirka 602 minuter.,<url><loc>https://pendlings-app1.t-767929534-cloudflare.workers.dev/?fran=Orsa&amp;till=Burgsvik</loc><changefreq>monthly</changefreq></url>
Ljusnarsberg,Habon,1431,1069,Avståndet mellan Ljusnarsberg och Habon är 1431 km och Karl-Johan Gyllenstorm beräknade körtiden till cirka 1069 minuter.,<url><loc>https://pendlings-app1.t-767929534-cloudflare.workers.dev/?fran=Ljusnarsberg&amp;till=Habon</loc><changefreq>monthly</changefreq></url>
Storuman,Ockelbo,1191,916,Avståndet mellan Storuman och Ockelbo är 1191 km och Karl-Johan Gyllenstorm beräknade körtiden till cirka 916 minuter.,<url><loc>https://pendlings-app1.t-767929534-cloudflare.workers.dev/?fran=Storuman&amp;till=Ockelbo</loc><changefreq>monthly</changefreq></url>
Trelleborg,Filipstad,174,122,Avståndet mellan Trelleborg och Filipstad är 174 km och Karl-Johan Gyllenstorm beräknade körtiden till cirka 122 minuter.,<url><loc>https://pendlings-app1.t-767929534-cloudflare.workers.dev/?fran=Trelleborg&amp;till=Filipstad</loc><changefreq>monthly</changefreq></url>
Smedjebacken,Nybro,381,299,Avståndet mellan Smedjebacken och Nybro är 381 km och Karl-Johan Gyllenstorm beräknade körtiden till cirka 299 minuter.,<url><loc>https://pendlings-app1.t-767929534-cloudflare.workers.dev/?fran=Smedjebacken&amp;till=Nybro</loc><changefreq>monthly</changefreq></url>
Hultsfred,Munkfors,1193,920,Avståndet mellan Hultsfred och Munkfors är 1193 km och Karl-Johan Gyllenstorm beräknade körtiden till cirka 920 minuter.,<url><loc>https://pendlings-app1.t-767929534-cloudflare.workers.dev/?fran=Hultsfred&amp;till=Munkfors</loc><changefreq>monthly</changefreq></url>
Haparanda,Kopparberg,1187,859,Avståndet mellan Haparanda och Kopparberg är 1187 km och Karl-Johan Gyllenstorm beräknade körtiden till cirka 859 minuter.,<url><loc>https://pendlings-app1.t-767929534-cloudflare.workers.dev/?fran=Haparanda&amp;till=Kopparberg</loc><changefreq>monthly</changefreq></url>
Mora,Gnestad,960,639,Avståndet mellan Mora och Gnestad är 960 km och Karl-Johan Gyllenstorm beräknade körtiden till cirka 639 minuter.,<url><loc>https://pendlings-app1.t-767929534-cloudflare.workers.dev/?fran=Mora&amp;till=Gnestad</loc><changefreq>monthly</changefreq></url>
Sala,Storuman,105,73,Avståndet mellan Sala och Storuman är 105 km och Karl-Johan Gyllenstorm beräknade körtiden till cirka 73 minuter.,<url><loc>https://pendlings-app1.t-767929534-cloudflare.workers.dev/?fran=Sala&amp;till=Storuman</loc><changefreq>monthly</changefreq></url>
Ed,Arvika,1119,742,Avståndet mellan Ed och Arvika är 1119 km och Karl-Johan Gyllenstorm beräknade körtiden till cirka 742 minuter.,<url><loc>https://pendlings-app1.t-767929534-cloudflare.workers.dev/?fran=Ed&amp;till=Arvika</loc><changefreq>monthly</changefreq></url>
Hyltebruk,Lycksele,574,432,Avståndet mellan Hyltebruk och Lycksele är 574 km och Karl-Johan Gyllenstorm beräknade körtiden till cirka 432 minuter.,<url><loc>https://pendlings-app1.t-767929534-cloudflare.workers.dev/?fran=Hyltebruk&amp;till=Lycksele</loc><changefreq>monthly</changefreq></url>
Alingsås,Hudiksvall,1301,895,Avståndet mellan Alingsås och Hudiksvall är 1301 km och Karl-Johan Gyllenstorm beräknade körtiden till cirka 895 minuter.,<url><loc>https://pendlings-app1.t-767929534-cloudflare.workers.dev/?fran=Alingsås&amp;till=Hudiksvall</loc><changefreq>monthly</changefreq></url>
Lycksele,Södertälje,616,408,Avståndet mellan Lycksele och Södertälje är 616 km och Karl-Johan Gyllenstorm beräknade körtiden till cirka 408 minuter.,<url><loc>https://pendlings-app1.t-767929534-cloudflare.workers.dev/?fran=Lycksele&amp;till=Södertälje</loc><changefreq>monthly</changefreq></url>
Vara,Växjö,58,37,Avståndet mellan Vara och Växjö är 58 km och Karl-Johan Gyllenstorm beräknade körtiden till cirka 37 minuter.,<url><loc>https://pendlings-app1.t-767929534-cloudflare.workers.dev/?fran=Vara&amp;till=Växjö</loc><changefreq>monthly</changefreq></url>
Finspång,Falkenberg,284,184,Avståndet mellan Finspång och Falkenberg är 284 km och Karl-Johan Gyllenstorm beräknade körtiden till cirka 184 minuter.,<url><loc>https://pendlings-app1.t-767929534-cloudflare.workers.dev/?fran=Finspång&amp;till=Falkenberg</loc><changefreq>monthly</changefreq></url>
Forshaga,Nybro,102,67,Avståndet mellan Forshaga och Nybro är 102 km och Karl-Johan Gyllenstorm beräknade körtiden till cirka 67 minuter.,<url><loc>https://pendlings-app1.t-767929534-cloudflare.workers.dev/?fran=Forshaga&amp;till=Nybro</loc><changefreq>monthly</changefreq></url>
Norberg,Strömsund,94,60,Avståndet mellan Norberg och Strömsund är 94 km och Karl-Johan Gyllenstorm beräknade körtiden till cirka 60 minuter.,<url><loc>https://pendlings-app1.t-767929534-cloudflare.workers.dev/?fran=Norberg&amp;till=Strömsund</loc><changefreq>monthly</changefreq></url>
Torsby,Klippan,1441,965,Avståndet mellan Torsby och Klippan är 1441 km och Karl-Johan Gyllenstorm beräknade körtiden till cirka 965 minuter.,<url><loc>https://pendlings-app1.t-767929534-cloudflare.workers.dev/?fran=Torsby&amp;till=Klippan</loc><changefreq>monthly</changefreq></url>
Boden,Eslöv,1381,902,Avståndet mellan Boden och Eslöv är 1381 km och Karl-Johan Gyllenstorm beräknade körtiden till cirka 902 minuter.,<url><loc>https://pendlings-app1.t-767929534-cloudflare.workers.dev/?fran=Boden&amp;till=Eslöv</loc><changefreq>monthly</changefreq></url>
Pajala,Enköping,912,579,Avståndet mellan Pajala och Enköping är 912 km och Karl-Johan Gyllenstorm beräknade körtiden till cirka 579 minuter.,<url><loc>https://pendlings-app1.t-767929534-cloudflare.workers.dev/?fran=Pajala&amp;till=Enköping</loc><changefreq>monthly</changefreq></url>
Eslöv,Bromölla,1250,840,Avståndet mellan Eslöv och Bromölla är 1250 km och Karl-Johan Gyllenstorm beräknade körtiden till cirka 840 minuter.,<url><loc>https://pendlings-app1.t-767929534-cloudflare.workers.dev/?fran=Eslöv&amp;till=Bromölla</loc><changefreq>monthly</changefreq></url>
Överkalix,Båstad,538,379,Avståndet mellan Överkalix och Båstad är 538 km och Karl-Johan Gyllenstorm beräknade körtiden till cirka 379 minuter.,<url><loc>https://pendlings-app1.t-767929534-cloudflare.workers.dev/?fran=Överkalix&amp;till=Båstad</loc><changefreq>monthly</changefreq></url>
Helsingborg,Täby,622,424,Avståndet mellan Helsingborg och Täby är 622 km och Karl-Johan Gyllenstorm beräknade körtiden till cirka 424 minuter.,<url><loc>https://pendlings-app1.t-767929534-cloudflare.workers.dev/?fran=Helsingborg&amp;till=Täby</loc><changefreq>monthly</changefreq></url>
Bromölla,Sunne,635,411,Avståndet mellan Bromölla och Sunne är 635 km och Karl-Johan Gyllenstorm beräknade körtiden till cirka 411 minuter.,<url><loc>https://pendlings-app1.t-767929534-cloudflare.workers.dev/?fran=Bromölla&amp;till=Sunne</loc><changefreq>monthly</changefreq></url>
Sala,Årjäng,716,467,Avståndet mellan Sala och Årjäng är 716 km och Karl-Johan Gyllenstorm beräknade körtiden till cirka 467 minuter.,<url><loc>https://pendlings-app1.t-767929534-cloudflare.workers.dev/?fran=Sala&amp;till=Årjäng</loc><changefreq>monthly</changefreq></url>
Vara,Arvika,1273,896,Avståndet mellan Vara och Arvika är 1273 km och Karl-Johan Gyllenstorm beräknade körtiden till cirka 896 minuter.,<url><loc>https://pendlings-app1.t-767929534-cloudflare.workers.dev/?fran=Vara&amp;till=Arvika</loc><changefreq>monthly</changefreq></url>
Karlstad,Laholm,1314,1033,Avståndet mellan Karlstad och Laholm är 1314 km och Karl-Johan Gyllenstorm beräknade körtiden till cirka 1033 minuter.,<url><loc>https://pendlings-app1.t-767929534-cloudflare.workers.dev/?fran=Karlstad&amp;till=Laholm</loc><changefreq>monthly</changefreq></url>
Borås,Arvika,197,147,Avståndet mellan Borås och Arvika är 197 km och Karl-Johan Gyllenstorm beräknade körtiden till cirka 147 minuter.,<url><loc>https://pendlings-app1.t-767929534-cloudflare.workers.dev/?fran=Borås&amp;till=Arvika</loc><changefreq>monthly</changefreq></url>
Eksjö,Herrljunga,950,651,Avståndet mellan Eksjö och Herrljunga är 950 km och Karl-Johan Gyllenstorm beräknade körtiden till cirka 651 minuter.,<url><loc>https://pendlings-app1.t-767929534-cloudflare.workers.dev/?fran=Eksjö&amp;till=Herrljunga</loc><changefreq>monthly</changefreq></url>
Visby,Enköping,1064,759,Avståndet mellan Visby och Enköping är 1064 km och Karl-Johan Gyllenstorm beräknade körtiden till cirka 759 minuter.,<url><loc>https://pendlings-app1.t-767929534-cloudflare.workers.dev/?fran=Visby&amp;till=Enköping</loc><changefreq>monthly</changefreq></url>
Nora,Halmstad,98,66,Avståndet mellan Nora och Halmstad är 98 km och Karl-Johan Gyllenstorm beräknade körtiden till cirka 66 minuter.,<url><loc>https://pendlings-app1.t-767929534-cloudflare.workers.dev/?fran=Nora&amp;till=Halmstad</loc><changefreq>monthly</changefreq></url>
Hagfors,Värnamo,928,725,Avståndet mellan Hagfors och Värnamo är 928 km och Karl-Johan Gyllenstorm beräknade körtiden till cirka 725 minuter.,<url><loc>https://pendlings-app1.t-767929534-cloudflare.workers.dev/?fran=Hagfors&amp;till=Värnamo</loc><changefreq>monthly</changefreq></url>
Nordanstig,Karlshamn,391,294,Avståndet mellan Nordanstig och Karlshamn är 391 km och Karl-Johan Gyllenstorm beräknade körtiden till cirka 294 minuter.,<url><loc>https://pendlings-app1.t-767929534-cloudflare.workers.dev/?fran=Nordanstig&amp;till=Karlshamn</loc><changefreq>monthly</changefreq></url>
Charlottenberg,Älvdalen,1139,823,Avståndet mellan Charlottenberg och Älvdalen är 1139 km och Karl-Johan Gyllenstorm beräknade körtiden till cirka 823 minuter.,<url><loc>https://pendlings-app1.t-767929534-cloudflare.workers.dev/?fran=Charlottenberg&amp;till=Älvdalen</loc><changefreq>monthly</changefreq></url>
Ystad,Arvika,824,585,Avståndet mellan Ystad och Arvika är 824 km och Karl-Johan Gyllenstorm beräknade körtiden till cirka 585 minuter.,<url><loc>https://pendlings-app1.t-767929534-cloudflare.workers.dev/?fran=Ystad&amp;till=Arvika</loc><changefreq>monthly</changefreq></url>
Visby,Sotenäs,1129,749,Avståndet mellan Visby och Sotenäs är 1129 km och Karl-Johan Gyllenstorm beräknade körtiden till cirka 749 minuter.,<url><loc>https://pendlings-app1.t-767929534-cloudflare.workers.dev/?fran=Visby&amp;till=Sotenäs</loc><changefreq>monthly</changefreq></url>
Hörby,Ljusdal,1369,1043,Avståndet mellan Hörby och Ljusdal är 1369 km och Karl-Johan Gyllenstorm beräknade körtiden till cirka 1043 minuter.,<url><loc>https://pendlings-app1.t-767929534-cloudflare.workers.dev/?fran=Hörby&amp;till=Ljusdal</loc><changefreq>monthly</changefreq></url>
Ljusdal,Storfors,1285,917,Avståndet mellan Ljusdal och Storfors är 1285 km och Karl-Johan Gyllenstorm beräknade körtiden till cirka 917 minuter.,<url><loc>https://pendlings-app1.t-767929534-cloudflare.workers.dev/?fran=Ljusdal&amp;till=Storfors</loc><changefreq>monthly</changefreq></url>
Sveg,Nora,804,532,Avståndet mellan Sveg och Nora är 804 km och Karl-Johan Gyllenstorm beräknade körtiden till cirka 532 minuter.,<url><loc>https://pendlings-app1.t-767929534-cloudflare.workers.dev/?fran=Sveg&amp;till=Nora</loc><changefreq>monthly</changefreq></url>
Östhammar,Habon,1282,1009,Avståndet mellan Östhammar och Habon är 1282 km och Karl-Johan Gyllenstorm beräknade körtiden till cirka 1009 minuter.,<url><loc>https://pendlings-app1.t-767929534-cloudflare.workers.dev/?fran=Östhammar&amp;till=Habon</loc><changefreq>monthly</changefreq></url>
Storfors,Rättvik,1310,890,Avståndet mellan Storfors och Rättvik är 1310 km och Karl-Johan Gyllenstorm beräknade körtiden till cirka 890 minuter.,<url><loc>https://pendlings-app1.t-767929534-cloudflare.workers.dev/?fran=Storfors&amp;till=Rättvik</loc><changefreq>monthly</changefreq></url>
Ulricehamn,Falköping,969,685,Avståndet mellan Ulricehamn och Falköping är 969 km och Karl-Johan Gyllenstorm beräknade körtiden till cirka 685 minuter.,<url><loc>https://pendlings-app1.t-767929534-cloudflare.workers.dev/?fran=Ulricehamn&amp;till=Falköping</loc><changefreq>monthly</changefreq></url>
Kalix,Bjuv,1114,788,Avståndet mellan Kalix och Bjuv är 1114 km och Karl-Johan Gyllenstorm beräknade körtiden till cirka 788 minuter.,<url><loc>https://pendlings-app1.t-767929534-cloudflare.workers.dev/?fran=Kalix&amp;till=Bjuv</loc><changefreq>monthly</changefreq></url>
Uppsala,Färgelanda,1134,872,Avståndet mellan Uppsala och Färgelanda är 1134 km och Karl-Johan Gyllenstorm beräknade körtiden till cirka 872 minuter.,<url><loc>https://pendlings-app1.t-767929534-cloudflare.workers.dev/?fran=Uppsala&amp;till=Färgelanda</loc><changefreq>monthly</changefreq></url>
Piteå,Luleå,1302,903,Avståndet mellan Piteå och Luleå är 1302 km och Karl-Johan Gyllenstorm beräknade körtiden till cirka 903 minuter.,<url><loc>https://pendlings-app1.t-767929534-cloudflare.workers.dev/?fran=Piteå&amp;till=Luleå</loc><changefreq>monthly</changefreq></url>
Överkalix,Vänersborg,918,647,Avståndet mellan Överkalix och Vänersborg är 918 km och Karl-Johan Gyllenstorm beräknade körtiden till cirka 647 minuter.,<url><loc>https://pendlings-app1.t-767929534-cloudflare.workers.dev/?fran=Överkalix&amp;till=Vänersborg</loc><changefreq>monthly</changefreq></url>
Motala,Skinnskatteberg,340,222,Avståndet mellan Motala och Skinnskatteberg är 340 km och Karl-Johan Gyllenstorm beräknade körtiden till cirka 222 minuter.,<url><loc>https://pendlings-app1.t-767929534-cloudflare.workers.dev/?fran=Motala&amp;till=Skinnskatteberg</loc><changefreq>monthly</changefreq></url>
Kramfors,Övertorneå,290,214,Avståndet mellan Kramfors och Övertorneå är 290 km och Karl-Johan Gyllenstorm beräknade körtiden till cirka 214 minuter.,<url><loc>https://pendlings-app1.t-767929534-cloudflare.workers.dev/?fran=Kramfors&amp;till=Övertorneå</loc><changefreq>monthly</changefreq></url>
Visby,Oskarshamn,1206,917,Avståndet mellan Visby och Oskarshamn är 1206 km och Karl-Johan Gyllenstorm beräknade körtiden till cirka 917 minuter.,<url><loc>https://pendlings-app1.t-767929534-cloudflare.workers.dev/?fran=Visby&amp;till=Oskarshamn</loc><changefreq>monthly</changefreq></url>
Berg,Ljusnarsberg,103,68,Avståndet mellan Berg och Ljusnarsberg är 103 km och Karl-Johan Gyllenstorm beräknade körtiden till cirka 68 minuter.,<url><loc>https://pendlings-app1.t-767929534-cloudflare.workers.dev/?fran=Berg&amp;till=Ljusnarsberg</loc><changefreq>monthly</changefreq></url>
Gagnef,Vellinge,1114,821,Avståndet mellan Gagnef och Vellinge är 1114 km och Karl-Johan Gyllenstorm beräknade körtiden till cirka 821 minuter.,<url><loc>https://pendlings-app1.t-767929534-cloudflare.workers.dev/?fran=Gagnef&amp;till=Vellinge</loc><changefreq>monthly</changefreq></url>
Kristianstad,Ed,1098,878,Avståndet mellan Kristianstad och Ed är 1098 km och Karl-Johan Gyllenstorm beräknade körtiden till cirka 878 minuter.,<url><loc>https://pendlings-app1.t-767929534-cloudflare.workers.dev/?fran=Kristianstad&amp;till=Ed</loc><changefreq>monthly</changefreq></url>
Kramfors,Årjäng,1342,1023,Avståndet mellan Kramfors och Årjäng är 1342 km och Karl-Johan Gyllenstorm beräknade körtiden till cirka 1023 minuter.,<url><loc>https://pendlings-app1.t-767929534-cloudflare.workers.dev/?fran=Kramfors&amp;till=Årjäng</loc><changefreq>monthly</changefreq></url>
Säffle,Ånge,1305,862,Avståndet mellan Säffle och Ånge är 1305 km och Karl-Johan Gyllenstorm beräknade körtiden till cirka 862 minuter.,<url><loc>https://pendlings-app1.t-767929534-cloudflare.workers.dev/?fran=Säffle&amp;till=Ånge</loc><changefreq>monthly</changefreq></url>
Håbo,Strängnäs,780,615,Avståndet mellan Håbo och Strängnäs är 780 km och Karl-Johan Gyllenstorm beräknade körtiden till cirka 615 minuter.,<url><loc>https://pendlings-app1.t-767929534-cloudflare.workers.dev/?fran=Håbo&amp;till=Strängnäs</loc><changefreq>monthly</changefreq></url>
Roma,Sveg,576,373,Avståndet mellan Roma och Sveg är 576 km och Karl-Johan Gyllenstorm beräknade körtiden till cirka 373 minuter.,<url><loc>https://pendlings-app1.t-767929534-cloudflare.workers.dev/?fran=Roma&amp;till=Sveg</loc><changefreq>monthly</changefreq></url>
Klintehamn,Älvsbyn,1383,893,Avståndet mellan Klintehamn och Älvsbyn är 1383 km och Karl-Johan Gyllenstorm beräknade körtiden till cirka 893 minuter.,<url><loc>https://pendlings-app1.t-767929534-cloudflare.workers.dev/?fran=Klintehamn&amp;till=Älvsbyn</loc><changefreq>monthly</changefreq></url>
Luleå,Umeå,763,508,Avståndet mellan Luleå och Umeå är 763 km och Karl-Johan Gyllenstorm beräknade körtiden till cirka 508 minuter.,<url><loc>https://pendlings-app1.t-767929534-cloudflare.workers.dev/?fran=Luleå&amp;till=Umeå</loc><changefreq>monthly</changefreq></url>
Kinda,Visby,824,598,Avståndet mellan Kinda och Visby är 824 km och Karl-Johan Gyllenstorm beräknade körtiden till cirka 598 minuter.,<url><loc>https://pendlings-app1.t-767929534-cloudflare.workers.dev/?fran=Kinda&amp;till=Visby</loc><changefreq>monthly</changefreq></url>
Arvidsjaur,Klintehamn,1293,950,Avståndet mellan Arvidsjaur och Klintehamn är 1293 km och Karl-Johan Gyllenstorm beräknade körtiden till cirka 950 minuter.,<url><loc>https://pendlings-app1.t-767929534-cloudflare.workers.dev/?fran=Arvidsjaur&amp;till=Klintehamn</loc><changefreq>monthly</changefreq></url>
Malå,Rättvik,960,667,Avståndet mellan Malå och Rättvik är 960 km och Karl-Johan Gyllenstorm beräknade körtiden till cirka 667 minuter.,<url><loc>https://pendlings-app1.t-767929534-cloudflare.workers.dev/?fran=Malå&amp;till=Rättvik</loc><changefreq>monthly</changefreq></url>
Norberg,Hallsberg,87,59,Avståndet mellan Norberg och Hallsberg är 87 km och Karl-Johan Gyllenstorm beräknade körtiden till cirka 59 minuter.,<url><loc>https://pendlings-app1.t-767929534-cloudflare.workers.dev/?fran=Norberg&amp;till=Hallsberg</loc><changefreq>monthly</changefreq></url>
Vilhelmina,Göteborg,368,274,Avståndet mellan Vilhelmina och Göteborg är 368 km och Karl-Johan Gyllenstorm beräknade körtiden till cirka 274 minuter.,<url><loc>https://pendlings-app1.t-767929534-cloudflare.workers.dev/?fran=Vilhelmina&amp;till=Göteborg</loc><changefreq>monthly</changefreq></url>
Hjo,Sjöbo,1134,867,Avståndet mellan Hjo och Sjöbo är 1134 km och Karl-Johan Gyllenstorm beräknade körtiden till cirka 867 minuter.,<url><loc>https://pendlings-app1.t-767929534-cloudflare.workers.dev/?fran=Hjo&amp;till=Sjöbo</loc><changefreq>monthly</changefreq></url>
Vårgårda,Grästorp,726,473,Avståndet mellan Vårgårda och Grästorp är 726 km och Karl-Johan Gyllenstorm beräknade körtiden till cirka 473 minuter.,<url><loc>https://pendlings-app1.t-767929534-cloudflare.workers.dev/?fran=Vårgårda&amp;till=Grästorp</loc><changefreq>monthly</changefreq></url>
Köping,Laholm,574,430,Avståndet mellan Köping och Laholm är 574 km och Karl-Johan Gyllenstorm beräknade körtiden till cirka 430 minuter.,<url><loc>https://pendlings-app1.t-767929534-cloudflare.workers.dev/?fran=Köping&amp;till=Laholm</loc><changefreq>monthly</changefreq></url>
Motala,Simrishamn,1097,794,Avståndet mellan Motala och Simrishamn är 1097 km och Karl-Johan Gyllenstorm beräknade körtiden till cirka 794 minuter.,<url><loc>https://pendlings-app1.t-767929534-cloudflare.workers.dev/?fran=Motala&amp;till=Simrishamn</loc><changefreq>monthly</changefreq></url>
Sorsele,Grästorp,1240,898,Avståndet mellan Sorsele och Grästorp är 1240 km och Karl-Johan Gyllenstorm beräknade körtiden till cirka 898 minuter.,<url><loc>https://pendlings-app1.t-767929534-cloudflare.workers.dev/?fran=Sorsele&amp;till=Grästorp</loc><changefreq>monthly</changefreq></url>
Avesta,Storfors,312,228,Avståndet mellan Avesta och Storfors är 312 km och Karl-Johan Gyllenstorm beräknade körtiden till cirka 228 minuter.,<url><loc>https://pendlings-app1.t-767929534-cloudflare.workers.dev/?fran=Avesta&amp;till=Storfors</loc><changefreq>monthly</changefreq></url>
Rättvik,Hörby,1277,947,Avståndet mellan Rättvik och Hörby är 1277 km och Karl-Johan Gyllenstorm beräknade körtiden till cirka 947 minuter.,<url><loc>https://pendlings-app1.t-767929534-cloudflare.workers.dev/?fran=Rättvik&amp;till=Hörby</loc><changefreq>monthly</changefreq></url>
Mörbylånga,Gnosjö,1332,1000,Avståndet mellan Mörbylånga och Gnosjö är 1332 km och Karl-Johan Gyllenstorm beräknade körtiden till cirka 1000 minuter.,<url><loc>https://pendlings-app1.t-767929534-cloudflare.workers.dev/?fran=Mörbylånga&amp;till=Gnosjö</loc><changefreq>monthly</changefreq></url>
Hedemora,Arvidsjaur,297,201,Avståndet mellan Hedemora och Arvidsjaur är 297 km och Karl-Johan Gyllenstorm beräknade körtiden till cirka 201 minuter.,<url><loc>https://pendlings-app1.t-767929534-cloudflare.workers.dev/?fran=Hedemora&amp;till=Arvidsjaur</loc><changefreq>monthly</changefreq></url>
Orsa,Eslöv,1204,786,Avståndet mellan Orsa och Eslöv är 1204 km och Karl-Johan Gyllenstorm beräknade körtiden till cirka 786 minuter.,<url><loc>https://pendlings-app1.t-767929534-cloudflare.workers.dev/?fran=Orsa&amp;till=Eslöv</loc><changefreq>monthly</changefreq></url>
Tierp,Vellinge,826,541,Avståndet mellan Tierp och Vellinge är 826 km och Karl-Johan Gyllenstorm beräknade körtiden till cirka 541 minuter.,<url><loc>https://pendlings-app1.t-767929534-cloudflare.workers.dev/?fran=Tierp&amp;till=Vellinge</loc><changefreq>monthly</changefreq></url>
Växjö,Boxholm,480,312,Avståndet mellan Växjö och Boxholm är 480 km och Karl-Johan Gyllenstorm beräknade körtiden till cirka 312 minuter.,<url><loc>https://pendlings-app1.t-767929534-cloudflare.workers.dev/?fran=Växjö&amp;till=Boxholm</loc><changefreq>monthly</changefreq></url>
Sölvesborg,Färgelanda,423,295,Avståndet mellan Sölvesborg och Färgelanda är 423 km och Karl-Johan Gyllenstorm beräknade körtiden till cirka 295 minuter.,<url><loc>https://pendlings-app1.t-767929534-cloudflare.workers.dev/?fran=Sölvesborg&amp;till=Färgelanda</loc><changefreq>monthly</changefreq></url>
Boden,Täby,1197,767,Avståndet mellan Boden och Täby är 1197 km och Karl-Johan Gyllenstorm beräknade körtiden till cirka 767 minuter.,<url><loc>https://pendlings-app1.t-767929534-cloudflare.workers.dev/?fran=Boden&amp;till=Täby</loc><changefreq>monthly</changefreq></url>
Gislaved,Klippan,721,521,Avståndet mellan Gislaved och Klippan är 721 km och Karl-Johan Gyllenstorm beräknade körtiden till cirka 521 minuter.,<url><loc>https://pendlings-app1.t-767929534-cloudflare.workers.dev/?fran=Gislaved&amp;till=Klippan</loc><changefreq>monthly</changefreq></url>
Hedemora,Vara,558,437,Avståndet mellan Hedemora och Vara är 558 km och Karl-Johan Gyllenstorm beräknade körtiden till cirka 437 minuter.,<url><loc>https://pendlings-app1.t-767929534-cloudflare.workers.dev/?fran=Hedemora&amp;till=Vara</loc><changefreq>monthly</changefreq></url>
Gimo,Grästorp,1418,912,Avståndet mellan Gimo och Grästorp är 1418 km och Karl-Johan Gyllenstorm beräknade körtiden till cirka 912 minuter.,<url><loc>https://pendlings-app1.t-767929534-cloudflare.workers.dev/?fran=Gimo&amp;till=Grästorp</loc><changefreq>monthly</changefreq></url>
Umeå,Bjuv,407,285,Avståndet mellan Umeå och Bjuv är 407 km och Karl-Johan Gyllenstorm beräknade körtiden till cirka 285 minuter.,<url><loc>https://pendlings-app1.t-767929534-cloudflare.workers.dev/?fran=Umeå&amp;till=Bjuv</loc><changefreq>monthly</changefreq></url>
Simrishamn,Jokkmokk,716,480,Avståndet mellan Simrishamn och Jokkmokk är 716 km och Karl-Johan Gyllenstorm beräknade körtiden till cirka 480 minuter.,<url><loc>https://pendlings-app1.t-767929534-cloudflare.workers.dev/?fran=Simrishamn&amp;till=Jokkmokk</loc><changefreq>monthly</changefreq></url>
Östhammar,Älvdalen,1014,774,Avståndet mellan Östhammar och Älvdalen är 1014 km och Karl-Johan Gyllenstorm beräknade körtiden till cirka 774 minuter.,<url><loc>https://pendlings-app1.t-767929534-cloudflare.workers.dev/?fran=Östhammar&amp;till=Älvdalen</loc><changefreq>monthly</changefreq></url>
Svedala,Kumla,728,528,Avståndet mellan Svedala och Kumla är 728 km och Karl-Johan Gyllenstorm beräknade körtiden till cirka 528 minuter.,<url><loc>https://pendlings-app1.t-767929534-cloudflare.workers.dev/?fran=Svedala&amp;till=Kumla</loc><changefreq>monthly</changefreq></url>
Perstorp,Vetlanda,1203,920,Avståndet mellan Perstorp och Vetlanda är 1203 km och Karl-Johan Gyllenstorm beräknade körtiden till cirka 920 minuter.,<url><loc>https://pendlings-app1.t-767929534-cloudflare.workers.dev/?fran=Perstorp&amp;till=Vetlanda</loc><changefreq>monthly</changefreq></url>
Ängelholm,Mark,1231,930,Avståndet mellan Ängelholm och Mark är 1231 km och Karl-Johan Gyllenstorm beräknade körtiden till cirka 930 minuter.,<url><loc>https://pendlings-app1.t-767929534-cloudflare.workers.dev/?fran=Ängelholm&amp;till=Mark</loc><changefreq>monthly</changefreq></url>
Perstorp,Sotenäs,1447,1093,Avståndet mellan Perstorp och Sotenäs är 1447 km och Karl-Johan Gyllenstorm beräknade körtiden till cirka 1093 minuter.,<url><loc>https://pendlings-app1.t-767929534-cloudflare.workers.dev/?fran=Perstorp&amp;till=Sotenäs</loc><changefreq>monthly</changefreq></url>
Svedala,Malung,1109,763,Avståndet mellan Svedala och Malung är 1109 km och Karl-Johan Gyllenstorm beräknade körtiden till cirka 763 minuter.,<url><loc>https://pendlings-app1.t-767929534-cloudflare.workers.dev/?fran=Svedala&amp;till=Malung</loc><changefreq>monthly</changefreq></url>
Knivsta,Borgholm,1430,1041,Avståndet mellan Knivsta och Borgholm är 1430 km och Karl-Johan Gyllenstorm beräknade körtiden till cirka 1041 minuter.,<url><loc>https://pendlings-app1.t-767929534-cloudflare.workers.dev/?fran=Knivsta&amp;till=Borgholm</loc><changefreq>monthly</changefreq></url>
Ulricehamn,Hedemora,482,314,Avståndet mellan Ulricehamn och Hedemora är 482 km och Karl-Johan Gyllenstorm beräknade körtiden till cirka 314 minuter.,<url><loc>https://pendlings-app1.t-767929534-cloudflare.workers.dev/?fran=Ulricehamn&amp;till=Hedemora</loc><changefreq>monthly</changefreq></url>
Härjedalen,Skinnskatteberg,1058,823,Avståndet mellan Härjedalen och Skinnskatteberg är 1058 km och Karl-Johan Gyllenstorm beräknade körtiden till cirka 823 minuter.,<url><loc>https://pendlings-app1.t-767929534-cloudflare.workers.dev/?fran=Härjedalen&amp;till=Skinnskatteberg</loc><changefreq>monthly</changefreq></url>
Kungsör,Lycksele,826,602,Avståndet mellan Kungsör och Lycksele är 826 km och Karl-Johan Gyllenstorm beräknade körtiden till cirka 602 minuter.,<url><loc>https://pendlings-app1.t-767929534-cloudflare.workers.dev/?fran=Kungsör&amp;till=Lycksele</loc><changefreq>monthly</changefreq></url>
Hedemora,Ödeshög,77,49,Avståndet mellan Hedemora och Ödeshög är 77 km och Karl-Johan Gyllenstorm beräknade körtiden till cirka 49 minuter.,<url><loc>https://pendlings-app1.t-767929534-cloudflare.workers.dev/?fran=Hedemora&amp;till=Ödeshög</loc><changefreq>monthly</changefreq></url>
Ed,Malmö,1027,722,Avståndet mellan Ed och Malmö är 1027 km och Karl-Johan Gyllenstorm beräknade körtiden till cirka 722 minuter.,<url><loc>https://pendlings-app1.t-767929534-cloudflare.workers.dev/?fran=Ed&amp;till=Malmö</loc><changefreq>monthly</changefreq></url>
Filipstad,Hällefor,816,521,Avståndet mellan Filipstad och Hällefor är 816 km och Karl-Johan Gyllenstorm beräknade körtiden till cirka 521 minuter.,<url><loc>https://pendlings-app1.t-767929534-cloudflare.workers.dev/?fran=Filipstad&amp;till=Hällefor</loc><changefreq>monthly</changefreq></url>
Lysekil,Åtvidaberg,1169,861,Avståndet mellan Lysekil och Åtvidaberg är 1169 km och Karl-Johan Gyllenstorm beräknade körtiden till cirka 861 minuter.,<url><loc>https://pendlings-app1.t-767929534-cloudflare.workers.dev/?fran=Lysekil&amp;till=Åtvidaberg</loc><changefreq>monthly</changefreq></url>
Malmö,Östhammar,1274,939,Avståndet mellan Malmö och Östhammar är 1274 km och Karl-Johan Gyllenstorm beräknade körtiden till cirka 939 minuter.,<url><loc>https://pendlings-app1.t-767929534-cloudflare.workers.dev/?fran=Malmö&amp;till=Östhammar</loc><changefreq>monthly</changefreq></url>
Grästorp,Havdhem,1023,679,Avståndet mellan Grästorp och Havdhem är 1023 km och Karl-Johan Gyllenstorm beräknade körtiden till cirka 679 minuter.,<url><loc>https://pendlings-app1.t-767929534-cloudflare.workers.dev/?fran=Grästorp&amp;till=Havdhem</loc><changefreq>monthly</changefreq></url>
Falkenberg,Karlstad,613,402,Avståndet mellan Falkenberg och Karlstad är 613 km och Karl-Johan Gyllenstorm beräknade körtiden till cirka 402 minuter.,<url><loc>https://pendlings-app1.t-767929534-cloudflare.workers.dev/?fran=Falkenberg&amp;till=Karlstad</loc><changefreq>monthly</changefreq></url>
Borgholm,Ydre,484,386,Avståndet mellan Borgholm och Ydre är 484 km och Karl-Johan Gyllenstorm beräknade körtiden till cirka 386 minuter.,<url><loc>https://pendlings-app1.t-767929534-cloudflare.workers.dev/?fran=Borgholm&amp;till=Ydre</loc><changefreq>monthly</changefreq></url>
Sölvesborg,Visby,652,447,Avståndet mellan Sölvesborg och Visby är 652 km och Karl-Johan Gyllenstorm beräknade körtiden till cirka 447 minuter.,<url><loc>https://pendlings-app1.t-767929534-cloudflare.workers.dev/?fran=Sölvesborg&amp;till=Visby</loc><changefreq>monthly</changefreq></url>
Munkedal,Leksand,270,175,Avståndet mellan Munkedal och Leksand är 270 km och Karl-Johan Gyllenstorm beräknade körtiden till cirka 175 minuter.,<url><loc>https://pendlings-app1.t-767929534-cloudflare.workers.dev/?fran=Munkedal&amp;till=Leksand</loc><changefreq>monthly</changefreq></url>
Gislaved,Jokkmokk,1074,704,Avståndet mellan Gislaved och Jokkmokk är 1074 km och Karl-Johan Gyllenstorm beräknade körtiden till cirka 704 minuter.,<url><loc>https://pendlings-app1.t-767929534-cloudflare.workers.dev/?fran=Gislaved&amp;till=Jokkmokk</loc><changefreq>monthly</changefreq></url>
Nybro,Olofström,177,114,Avståndet mellan Nybro och Olofström är 177 km och Karl-Johan Gyllenstorm beräknade körtiden till cirka 114 minuter.,<url><loc>https://pendlings-app1.t-767929534-cloudflare.workers.dev/?fran=Nybro&amp;till=Olofström</loc><changefreq>monthly</changefreq></url>
Simrishamn,Bålsta,256,165,Avståndet mellan Simrishamn och Bålsta är 256 km och Karl-Johan Gyllenstorm beräknade körtiden till cirka 165 minuter.,<url><loc>https://pendlings-app1.t-767929534-cloudflare.workers.dev/?fran=Simrishamn&amp;till=Bålsta</loc><changefreq>monthly</changefreq></url>
Stockholm,Gnosjö,1251,886,Avståndet mellan Stockholm och Gnosjö är 1251 km och Karl-Johan Gyllenstorm beräknade körtiden till cirka 886 minuter.,<url><loc>https://pendlings-app1.t-767929534-cloudflare.workers.dev/?fran=Stockholm&amp;till=Gnosjö</loc><changefreq>monthly</changefreq></url>
Vara,Malmö,121,92,Avståndet mellan Vara och Malmö är 121 km och Karl-Johan Gyllenstorm beräknade körtiden till cirka 92 minuter.,<url><loc>https://pendlings-app1.t-767929534-cloudflare.workers.dev/?fran=Vara&amp;till=Malmö</loc><changefreq>monthly</changefreq></url>
Hemse,Hallstahammar,708,490,Avståndet mellan Hemse och Hallstahammar är 708 km och Karl-Johan Gyllenstorm beräknade körtiden till cirka 490 minuter.,<url><loc>https://pendlings-app1.t-767929534-cloudflare.workers.dev/?fran=Hemse&amp;till=Hallstahammar</loc><changefreq>monthly</changefreq></url>
Mariestad,Södertälje,576,380,Avståndet mellan Mariestad och Södertälje är 576 km och Karl-Johan Gyllenstorm beräknade körtiden till cirka 380 minuter.,<url><loc>https://pendlings-app1.t-767929534-cloudflare.workers.dev/?fran=Mariestad&amp;till=Södertälje</loc><changefreq>monthly</changefreq></url>
Borås,Malmö,201,131,Avståndet mellan Borås och Malmö är 201 km och Karl-Johan Gyllenstorm beräknade körtiden till cirka 131 minuter.,<url><loc>https://pendlings-app1.t-767929534-cloudflare.workers.dev/?fran=Borås&amp;till=Malmö</loc><changefreq>monthly</changefreq></url>
Hörby,Vänersborg,455,329,Avståndet mellan Hörby och Vänersborg är 455 km och Karl-Johan Gyllenstorm beräknade körtiden till cirka 329 minuter.,<url><loc>https://pendlings-app1.t-767929534-cloudflare.workers.dev/?fran=Hörby&amp;till=Vänersborg</loc><changefreq>monthly</changefreq></url>
Härjedalen,Simrishamn,205,151,Avståndet mellan Härjedalen och Simrishamn är 205 km och Karl-Johan Gyllenstorm beräknade körtiden till cirka 151 minuter.,<url><loc>https://pendlings-app1.t-767929534-cloudflare.workers.dev/?fran=Härjedalen&amp;till=Simrishamn</loc><changefreq>monthly</changefreq></url>
Nordanstig,Piteå,954,742,Avståndet mellan Nordanstig och Piteå är 954 km och Karl-Johan Gyllenstorm beräknade körtiden till cirka 742 minuter.,<url><loc>https://pendlings-app1.t-767929534-cloudflare.workers.dev/?fran=Nordanstig&amp;till=Piteå</loc><changefreq>monthly</changefreq></url>
Färgelanda,Tofta,696,528,Avståndet mellan Färgelanda och Tofta är 696 km och Karl-Johan Gyllenstorm beräknade körtiden till cirka 528 minuter.,<url><loc>https://pendlings-app1.t-767929534-cloudflare.workers.dev/?fran=Färgelanda&amp;till=Tofta</loc><changefreq>monthly</changefreq></url>
Tanum,Säffle,468,313,Avståndet mellan Tanum och Säffle är 468 km och Karl-Johan Gyllenstorm beräknade körtiden till cirka 313 minuter.,<url><loc>https://pendlings-app1.t-767929534-cloudflare.workers.dev/?fran=Tanum&amp;till=Säffle</loc><changefreq>monthly</changefreq></url>
Skutskär,Nybro,774,531,Avståndet mellan Skutskär och Nybro är 774 km och Karl-Johan Gyllenstorm beräknade körtiden till cirka 531 minuter.,<url><loc>https://pendlings-app1.t-767929534-cloudflare.workers.dev/?fran=Skutskär&amp;till=Nybro</loc><changefreq>monthly</changefreq></url>
Vara,Mark,464,305,Avståndet mellan Vara och Mark är 464 km och Karl-Johan Gyllenstorm beräknade körtiden till cirka 305 minuter.,<url><loc>https://pendlings-app1.t-767929534-cloudflare.workers.dev/?fran=Vara&amp;till=Mark</loc><changefreq>monthly</changefreq></url>
Åtvidaberg,Hallsberg,999,669,Avståndet mellan Åtvidaberg och Hallsberg är 999 km och Karl-Johan Gyllenstorm beräknade körtiden till cirka 669 minuter.,<url><loc>https://pendlings-app1.t-767929534-cloudflare.workers.dev/?fran=Åtvidaberg&amp;till=Hallsberg</loc><changefreq>monthly</changefreq></url>
Ludvika,Tranemo,1099,857,Avståndet mellan Ludvika och Tranemo är 1099 km och Karl-Johan Gyllenstorm beräknade körtiden till cirka 857 minuter.,<url><loc>https://pendlings-app1.t-767929534-cloudflare.workers.dev/?fran=Ludvika&amp;till=Tranemo</loc><changefreq>monthly</changefreq></url>
Burgsvik,Vimmerby,897,641,Avståndet mellan Burgsvik och Vimmerby är 897 km och Karl-Johan Gyllenstorm beräknade körtiden till cirka 641 minuter.,<url><loc>https://pendlings-app1.t-767929534-cloudflare.workers.dev/?fran=Burgsvik&amp;till=Vimmerby</loc><changefreq>monthly</changefreq></url>
Ludvika,Arvika,674,533,Avståndet mellan Ludvika och Arvika är 674 km och Karl-Johan Gyllenstorm beräknade körtiden till cirka 533 minuter.,<url><loc>https://pendlings-app1.t-767929534-cloudflare.workers.dev/?fran=Ludvika&amp;till=Arvika</loc><changefreq>monthly</changefreq></url>
Eda,Gällivare,1296,968,Avståndet mellan Eda och Gällivare är 1296 km och Karl-Johan Gyllenstorm beräknade körtiden till cirka 968 minuter.,<url><loc>https://pendlings-app1.t-767929534-cloudflare.workers.dev/?fran=Eda&amp;till=Gällivare</loc><changefreq>monthly</changefreq></url>
Östhammar,Piteå,331,223,Avståndet mellan Östhammar och Piteå är 331 km och Karl-Johan Gyllenstorm beräknade körtiden till cirka 223 minuter.,<url><loc>https://pendlings-app1.t-767929534-cloudflare.workers.dev/?fran=Östhammar&amp;till=Piteå</loc><changefreq>monthly</changefreq></url>
Mariestad,Härnösand,1342,884,Avståndet mellan Mariestad och Härnösand är 1342 km och Karl-Johan Gyllenstorm beräknade körtiden till cirka 884 minuter.,<url><loc>https://pendlings-app1.t-767929534-cloudflare.workers.dev/?fran=Mariestad&amp;till=Härnösand</loc><changefreq>monthly</changefreq></url>
Klippan,Töreboda,605,386,Avståndet mellan Klippan och Töreboda är 605 km och Karl-Johan Gyllenstorm beräknade körtiden till cirka 386 minuter.,<url><loc>https://pendlings-app1.t-767929534-cloudflare.workers.dev/?fran=Klippan&amp;till=Töreboda</loc><changefreq>monthly</changefreq></url>
Gagnef,Norsjö,203,161,Avståndet mellan Gagnef och Norsjö är 203 km och Karl-Johan Gyllenstorm beräknade körtiden till cirka 161 minuter.,<url><loc>https://pendlings-app1.t-767929534-cloudflare.workers.dev/?fran=Gagnef&amp;till=Norsjö</loc><changefreq>monthly</changefreq></url>
Flen,Umeå,749,572,Avståndet mellan Flen och Umeå är 749 km och Karl-Johan Gyllenstorm beräknade körtiden till cirka 572 minuter.,<url><loc>https://pendlings-app1.t-767929534-cloudflare.workers.dev/?fran=Flen&amp;till=Umeå</loc><changefreq>monthly</changefreq></url>
Varberg,Olofström,809,556,Avståndet mellan Varberg och Olofström är 809 km och Karl-Johan Gyllenstorm beräknade körtiden till cirka 556 minuter.,<url><loc>https://pendlings-app1.t-767929534-cloudflare.workers.dev/?fran=Varberg&amp;till=Olofström</loc><changefreq>monthly</changefreq></url>
Bräcke,Uddevalla,274,185,Avståndet mellan Bräcke och Uddevalla är 274 km och Karl-Johan Gyllenstorm beräknade körtiden till cirka 185 minuter.,<url><loc>https://pendlings-app1.t-767929534-cloudflare.workers.dev/?fran=Bräcke&amp;till=Uddevalla</loc><changefreq>monthly</changefreq></url>
Svalöv,Bräcke,1097,779,Avståndet mellan Svalöv och Bräcke är 1097 km och Karl-Johan Gyllenstorm beräknade körtiden till cirka 779 minuter.,<url><loc>https://pendlings-app1.t-767929534-cloudflare.workers.dev/?fran=Svalöv&amp;till=Bräcke</loc><changefreq>monthly</changefreq></url>
Oxelösund,Mullsjö,148,102,Avståndet mellan Oxelösund och Mullsjö är 148 km och Karl-Johan Gyllenstorm beräknade körtiden till cirka 102 minuter.,<url><loc>https://pendlings-app1.t-767929534-cloudflare.workers.dev/?fran=Oxelösund&amp;till=Mullsjö</loc><changefreq>monthly</changefreq></url>
Gimo,Lärbro,294,196,Avståndet mellan Gimo och Lärbro är 294 km och Karl-Johan Gyllenstorm beräknade körtiden till cirka 196 minuter.,<url><loc>https://pendlings-app1.t-767929534-cloudflare.workers.dev/?fran=Gimo&amp;till=Lärbro</loc><changefreq>monthly</changefreq></url>
Huddinge,Bollebygd,38,28,Avståndet mellan Huddinge och Bollebygd är 38 km och Karl-Johan Gyllenstorm beräknade körtiden till cirka 28 minuter.,<url><loc>https://pendlings-app1.t-767929534-cloudflare.workers.dev/?fran=Huddinge&amp;till=Bollebygd</loc><changefreq>monthly</changefreq></url>
Ronehamn,Hallstahammar,290,218,Avståndet mellan Ronehamn och Hallstahammar är 290 km och Karl-Johan Gyllenstorm beräknade körtiden till cirka 218 minuter.,<url><loc>https://pendlings-app1.t-767929534-cloudflare.workers.dev/?fran=Ronehamn&amp;till=Hallstahammar</loc><changefreq>monthly</changefreq></url>
Gagnef,Ludvika,1078,756,Avståndet mellan Gagnef och Ludvika är 1078 km och Karl-Johan Gyllenstorm beräknade körtiden till cirka 756 minuter.,<url><loc>https://pendlings-app1.t-767929534-cloudflare.workers.dev/?fran=Gagnef&amp;till=Ludvika</loc><changefreq>monthly</changefreq></url>
Munkedal,Tofta,738,533,Avståndet mellan Munkedal och Tofta är 738 km och Karl-Johan Gyllenstorm beräknade körtiden till cirka 533 minuter.,<url><loc>https://pendlings-app1.t-767929534-cloudflare.workers.dev/?fran=Munkedal&amp;till=Tofta</loc><changefreq>monthly</changefreq></url>
Kramfors,Halmstad,305,195,Avståndet mellan Kramfors och Halmstad är 305 km och Karl-Johan Gyllenstorm beräknade körtiden till cirka 195 minuter.,<url><loc>https://pendlings-app1.t-767929534-cloudflare.workers.dev/?fran=Kramfors&amp;till=Halmstad</loc><changefreq>monthly</changefreq></url>
Vellinge,Munkfors,1166,767,Avståndet mellan Vellinge och Munkfors är 1166 km och Karl-Johan Gyllenstorm beräknade körtiden till cirka 767 minuter.,<url><loc>https://pendlings-app1.t-767929534-cloudflare.workers.dev/?fran=Vellinge&amp;till=Munkfors</loc><changefreq>monthly</changefreq></url>
Tomelilla,Västerås,901,649,Avståndet mellan Tomelilla och Västerås är 901 km och Karl-Johan Gyllenstorm beräknade körtiden till cirka 649 minuter.,<url><loc>https://pendlings-app1.t-767929534-cloudflare.workers.dev/?fran=Tomelilla&amp;till=Västerås</loc><changefreq>monthly</changefreq></url>
Östersund,Vadstena,689,448,Avståndet mellan Östersund och Vadstena är 689 km och Karl-Johan Gyllenstorm beräknade körtiden till cirka 448 minuter.,<url><loc>https://pendlings-app1.t-767929534-cloudflare.workers.dev/?fran=Östersund&amp;till=Vadstena</loc><changefreq>monthly</changefreq></url>
Pajala,Grästorp,1220,860,Avståndet mellan Pajala och Grästorp är 1220 km och Karl-Johan Gyllenstorm beräknade körtiden till cirka 860 minuter.,<url><loc>https://pendlings-app1.t-767929534-cloudflare.workers.dev/?fran=Pajala&amp;till=Grästorp</loc><changefreq>monthly</changefreq></url>
Olofström,Fagersta,946,662,Avståndet mellan Olofström och Fagersta är 946 km och Karl-Johan Gyllenstorm beräknade körtiden till cirka 662 minuter.,<url><loc>https://pendlings-app1.t-767929534-cloudflare.workers.dev/?fran=Olofström&amp;till=Fagersta</loc><changefreq>monthly</changefreq></url>
Höganäs,Vadstena,597,442,Avståndet mellan Höganäs och Vadstena är 597 km och Karl-Johan Gyllenstorm beräknade körtiden till cirka 442 minuter.,<url><loc>https://pendlings-app1.t-767929534-cloudflare.workers.dev/?fran=Höganäs&amp;till=Vadstena</loc><changefreq>monthly</changefreq></url>
Avesta,Aneby,368,284,Avståndet mellan Avesta och Aneby är 368 km och Karl-Johan Gyllenstorm beräknade körtiden till cirka 284 minuter.,<url><loc>https://pendlings-app1.t-767929534-cloudflare.workers.dev/?fran=Avesta&amp;till=Aneby</loc><changefreq>monthly</changefreq></url>
Örnsköldsvik,Lomma,716,504,Avståndet mellan Örnsköldsvik och Lomma är 716 km och Karl-Johan Gyllenstorm beräknade körtiden till cirka 504 minuter.,<url><loc>https://pendlings-app1.t-767929534-cloudflare.workers.dev/?fran=Örnsköldsvik&amp;till=Lomma</loc><changefreq>monthly</changefreq></url>
Ronneby,Surahammar,1395,1039,Avståndet mellan Ronneby och Surahammar är 1395 km och Karl-Johan Gyllenstorm beräknade körtiden till cirka 1039 minuter.,<url><loc>https://pendlings-app1.t-767929534-cloudflare.workers.dev/?fran=Ronneby&amp;till=Surahammar</loc><changefreq>monthly</changefreq></url>
Skellefteå,Svalöv,1319,968,Avståndet mellan Skellefteå och Svalöv är 1319 km och Karl-Johan Gyllenstorm beräknade körtiden till cirka 968 minuter.,<url><loc>https://pendlings-app1.t-767929534-cloudflare.workers.dev/?fran=Skellefteå&amp;till=Svalöv</loc><changefreq>monthly</changefreq></url>
Munkedal,Tibro,1229,884,Avståndet mellan Munkedal och Tibro är 1229 km och Karl-Johan Gyllenstorm beräknade körtiden till cirka 884 minuter.,<url><loc>https://pendlings-app1.t-767929534-cloudflare.workers.dev/?fran=Munkedal&amp;till=Tibro</loc><changefreq>monthly</changefreq></url>
Södertälje,Bollebygd,769,507,Avståndet mellan Södertälje och Bollebygd är 769 km och Karl-Johan Gyllenstorm beräknade körtiden till cirka 507 minuter.,<url><loc>https://pendlings-app1.t-767929534-cloudflare.workers.dev/?fran=Södertälje&amp;till=Bollebygd</loc><changefreq>monthly</changefreq></url>
Burgsvik,Mjölby,674,446,Avståndet mellan Burgsvik och Mjölby är 674 km och Karl-Johan Gyllenstorm beräknade körtiden till cirka 446 minuter.,<url><loc>https://pendlings-app1.t-767929534-cloudflare.workers.dev/?fran=Burgsvik&amp;till=Mjölby</loc><changefreq>monthly</changefreq></url>
Vingåker,Orsa,1281,952,Avståndet mellan Vingåker och Orsa är 1281 km och Karl-Johan Gyllenstorm beräknade körtiden till cirka 952 minuter.,<url><loc>https://pendlings-app1.t-767929534-cloudflare.workers.dev/?fran=Vingåker&amp;till=Orsa</loc><changefreq>monthly</changefreq></url>
Tierp,Norsjö,1053,814,Avståndet mellan Tierp och Norsjö är 1053 km och Karl-Johan Gyllenstorm beräknade körtiden till cirka 814 minuter.,<url><loc>https://pendlings-app1.t-767929534-cloudflare.workers.dev/?fran=Tierp&amp;till=Norsjö</loc><changefreq>monthly</changefreq></url>
Askersund,Staffanstorp,1283,826,Avståndet mellan Askersund och Staffanstorp är 1283 km och Karl-Johan Gyllenstorm beräknade körtiden till cirka 826 minuter.,<url><loc>https://pendlings-app1.t-767929534-cloudflare.workers.dev/?fran=Askersund&amp;till=Staffanstorp</loc><changefreq>monthly</changefreq></url>
Finspång,Sävsjö,194,128,Avståndet mellan Finspång och Sävsjö är 194 km och Karl-Johan Gyllenstorm beräknade körtiden till cirka 128 minuter.,<url><loc>https://pendlings-app1.t-767929534-cloudflare.workers.dev/?fran=Finspång&amp;till=Sävsjö</loc><changefreq>monthly</changefreq></url>
Tibro,Simrishamn,901,571,Avståndet mellan Tibro och Simrishamn är 901 km och Karl-Johan Gyllenstorm beräknade körtiden till cirka 571 minuter.,<url><loc>https://pendlings-app1.t-767929534-cloudflare.workers.dev/?fran=Tibro&amp;till=Simrishamn</loc><changefreq>monthly</changefreq></url>
Kalix,Hällefor,77,59,Avståndet mellan Kalix och Hällefor är 77 km och Karl-Johan Gyllenstorm beräknade körtiden till cirka 59 minuter.,<url><loc>https://pendlings-app1.t-767929534-cloudflare.workers.dev/?fran=Kalix&amp;till=Hällefor</loc><changefreq>monthly</changefreq></url>
Kils,Bengtsfors,37,24,Avståndet mellan Kils och Bengtsfors är 37 km och Karl-Johan Gyllenstorm beräknade körtiden till cirka 24 minuter.,<url><loc>https://pendlings-app1.t-767929534-cloudflare.workers.dev/?fran=Kils&amp;till=Bengtsfors</loc><changefreq>monthly</changefreq></url>
Hemse,Hudiksvall,112,86,Avståndet mellan Hemse och Hudiksvall är 112 km och Karl-Johan Gyllenstorm beräknade körtiden till cirka 86 minuter.,<url><loc>https://pendlings-app1.t-767929534-cloudflare.workers.dev/?fran=Hemse&amp;till=Hudiksvall</loc><changefreq>monthly</changefreq></url>
Eslöv,Luleå,653,475,Avståndet mellan Eslöv och Luleå är 653 km och Karl-Johan Gyllenstorm beräknade körtiden till cirka 475 minuter.,<url><loc>https://pendlings-app1.t-767929534-cloudflare.workers.dev/?fran=Eslöv&amp;till=Luleå</loc><changefreq>monthly</changefreq></url>
Växjö,Tofta,495,342,Avståndet mellan Växjö och Tofta är 495 km och Karl-Johan Gyllenstorm beräknade körtiden till cirka 342 minuter.,<url><loc>https://pendlings-app1.t-767929534-cloudflare.workers.dev/?fran=Växjö&amp;till=Tofta</loc><changefreq>monthly</changefreq></url>
Högsby,Finspång,500,392,Avståndet mellan Högsby och Finspång är 500 km och Karl-Johan Gyllenstorm beräknade körtiden till cirka 392 minuter.,<url><loc>https://pendlings-app1.t-767929534-cloudflare.workers.dev/?fran=Högsby&amp;till=Finspång</loc><changefreq>monthly</changefreq></url>
Roma,Östhammar,509,393,Avståndet mellan Roma och Östhammar är 509 km och Karl-Johan Gyllenstorm beräknade körtiden till cirka 393 minuter.,<url><loc>https://pendlings-app1.t-767929534-cloudflare.workers.dev/?fran=Roma&amp;till=Östhammar</loc><changefreq>monthly</changefreq></url>
Smedjebacken,Mora,262,173,Avståndet mellan Smedjebacken och Mora är 262 km och Karl-Johan Gyllenstorm beräknade körtiden till cirka 173 minuter.,<url><loc>https://pendlings-app1.t-767929534-cloudflare.workers.dev/?fran=Smedjebacken&amp;till=Mora</loc><changefreq>monthly</changefreq></url>
Nybro,Sveg,674,529,Avståndet mellan Nybro och Sveg är 674 km och Karl-Johan Gyllenstorm beräknade körtiden till cirka 529 minuter.,<url><loc>https://pendlings-app1.t-767929534-cloudflare.workers.dev/?fran=Nybro&amp;till=Sveg</loc><changefreq>monthly</changefreq></url>
Huddinge,Åsele,36,27,Avståndet mellan Huddinge och Åsele är 36 km och Karl-Johan Gyllenstorm beräknade körtiden till cirka 27 minuter.,<url><loc>https://pendlings-app1.t-767929534-cloudflare.workers.dev/?fran=Huddinge&amp;till=Åsele</loc><changefreq>monthly</changefreq></url>
Norrköping,Hedemora,1009,800,Avståndet mellan Norrköping och Hedemora är 1009 km och Karl-Johan Gyllenstorm beräknade körtiden till cirka 800 minuter.,<url><loc>https://pendlings-app1.t-767929534-cloudflare.workers.dev/?fran=Norrköping&amp;till=Hedemora</loc><changefreq>monthly</changefreq></url>
Forshaga,Södertälje,442,303,Avståndet mellan Forshaga och Södertälje är 442 km och Karl-Johan Gyllenstorm beräknade körtiden till cirka 303 minuter.,<url><loc>https://pendlings-app1.t-767929534-cloudflare.workers.dev/?fran=Forshaga&amp;till=Södertälje</loc><changefreq>monthly</changefreq></url>
Leksand,Övertorneå,896,624,Avståndet mellan Leksand och Övertorneå är 896 km och Karl-Johan Gyllenstorm beräknade körtiden till cirka 624 minuter.,<url><loc>https://pendlings-app1.t-767929534-cloudflare.workers.dev/?fran=Leksand&amp;till=Övertorneå</loc><changefreq>monthly</changefreq></url>
Sotenäs,Kinda,398,269,Avståndet mellan Sotenäs och Kinda är 398 km och Karl-Johan Gyllenstorm beräknade körtiden till cirka 269 minuter.,<url><loc>https://pendlings-app1.t-767929534-cloudflare.workers.dev/?fran=Sotenäs&amp;till=Kinda</loc><changefreq>monthly</changefreq></url>
Havdhem,Pajala,606,449,Avståndet mellan Havdhem och Pajala är 606 km och Karl-Johan Gyllenstorm beräknade körtiden till cirka 449 minuter.,<url><loc>https://pendlings-app1.t-767929534-cloudflare.workers.dev/?fran=Havdhem&amp;till=Pajala</loc><changefreq>monthly</changefreq></url>
Västervik,Göteborg,1089,764,Avståndet mellan Västervik och Göteborg är 1089 km och Karl-Johan Gyllenstorm beräknade körtiden till cirka 764 minuter.,<url><loc>https://pendlings-app1.t-767929534-cloudflare.workers.dev/?fran=Västervik&amp;till=Göteborg</loc><changefreq>monthly</changefreq></url>
Nora,Lysekil,809,587,Avståndet mellan Nora och Lysekil är 809 km och Karl-Johan Gyllenstorm beräknade körtiden till cirka 587 minuter.,<url><loc>https://pendlings-app1.t-767929534-cloudflare.workers.dev/?fran=Nora&amp;till=Lysekil</loc><changefreq>monthly</changefreq></url>
Tingstäde,Piteå,1294,818,Avståndet mellan Tingstäde och Piteå är 1294 km och Karl-Johan Gyllenstorm beräknade körtiden till cirka 818 minuter.,<url><loc>https://pendlings-app1.t-767929534-cloudflare.workers.dev/?fran=Tingstäde&amp;till=Piteå</loc><changefreq>monthly</changefreq></url>
Malmö,Filipstad,1029,793,Avståndet mellan Malmö och Filipstad är 1029 km och Karl-Johan Gyllenstorm beräknade körtiden till cirka 793 minuter.,<url><loc>https://pendlings-app1.t-767929534-cloudflare.workers.dev/?fran=Malmö&amp;till=Filipstad</loc><changefreq>monthly</changefreq></url>
Lund,Vänersborg,1438,910,Avståndet mellan Lund och Vänersborg är 1438 km och Karl-Johan Gyllenstorm beräknade körtiden till cirka 910 minuter.,<url><loc>https://pendlings-app1.t-767929534-cloudflare.workers.dev/?fran=Lund&amp;till=Vänersborg</loc><changefreq>monthly</changefreq></url>
Norberg,Höör,479,344,Avståndet mellan Norberg och Höör är 479 km och Karl-Johan Gyllenstorm beräknade körtiden till cirka 344 minuter.,<url><loc>https://pendlings-app1.t-767929534-cloudflare.workers.dev/?fran=Norberg&amp;till=Höör</loc><changefreq>monthly</changefreq></url>
Finspång,Kristinehamn,1330,879,Avståndet mellan Finspång och Kristinehamn är 1330 km och Karl-Johan Gyllenstorm beräknade körtiden till cirka 879 minuter.,<url><loc>https://pendlings-app1.t-767929534-cloudflare.workers.dev/?fran=Finspång&amp;till=Kristinehamn</loc><changefreq>monthly</changefreq></url>
Ed,Älvsbyn,624,426,Avståndet mellan Ed och Älvsbyn är 624 km och Karl-Johan Gyllenstorm beräknade körtiden till cirka 426 minuter.,<url><loc>https://pendlings-app1.t-767929534-cloudflare.workers.dev/?fran=Ed&amp;till=Älvsbyn</loc><changefreq>monthly</changefreq></url>
Avesta,Örnsköldsvik,331,221,Avståndet mellan Avesta och Örnsköldsvik är 331 km och Karl-Johan Gyllenstorm beräknade körtiden till cirka 221 minuter.,<url><loc>https://pendlings-app1.t-767929534-cloudflare.workers.dev/?fran=Avesta&amp;till=Örnsköldsvik</loc><changefreq>monthly</changefreq></url>
Svedala,Vilhelmina,290,211,Avståndet mellan Svedala och Vilhelmina är 290 km och Karl-Johan Gyllenstorm beräknade körtiden till cirka 211 minuter.,<url><loc>https://pendlings-app1.t-767929534-cloudflare.workers.dev/?fran=Svedala&amp;till=Vilhelmina</loc><changefreq>monthly</changefreq></url>
Östra Göinge,Övertorneå,1080,684,Avståndet mellan Östra Göinge och Övertorneå är 1080 km och Karl-Johan Gyllenstorm beräknade körtiden till cirka 684 minuter.,<url><loc>https://pendlings-app1.t-767929534-cloudflare.workers.dev/?fran=Östra Göinge&amp;till=Övertorneå</loc><changefreq>monthly</changefreq></url>
Ludvika,Sundsvall,368,236,Avståndet mellan Ludvika och Sundsvall är 368 km och Karl-Johan Gyllenstorm beräknade körtiden till cirka 236 minuter.,<url><loc>https://pendlings-app1.t-767929534-cloudflare.workers.dev/?fran=Ludvika&amp;till=Sundsvall</loc><changefreq>monthly</changefreq></url>
Mariestad,Kungsbacka,614,465,Avståndet mellan Mariestad och Kungsbacka är 614 km och Karl-Johan Gyllenstorm beräknade körtiden till cirka 465 minuter.,<url><loc>https://pendlings-app1.t-767929534-cloudflare.workers.dev/?fran=Mariestad&amp;till=Kungsbacka</loc><changefreq>monthly</changefreq></url>
Fagersta,Perstorp,167,117,Avståndet mellan Fagersta och Perstorp är 167 km och Karl-Johan Gyllenstorm beräknade körtiden till cirka 117 minuter.,<url><loc>https://pendlings-app1.t-767929534-cloudflare.workers.dev/?fran=Fagersta&amp;till=Perstorp</loc><changefreq>monthly</changefreq></url>
Söderköping,Tierp,379,255,Avståndet mellan Söderköping och Tierp är 379 km och Karl-Johan Gyllenstorm beräknade körtiden till cirka 255 minuter.,<url><loc>https://pendlings-app1.t-767929534-cloudflare.workers.dev/?fran=Söderköping&amp;till=Tierp</loc><changefreq>monthly</changefreq></url>
Västerås,Ockelbo,241,161,Avståndet mellan Västerås och Ockelbo är 241 km och Karl-Johan Gyllenstorm beräknade körtiden till cirka 161 minuter.,<url><loc>https://pendlings-app1.t-767929534-cloudflare.workers.dev/?fran=Västerås&amp;till=Ockelbo</loc><changefreq>monthly</changefreq></url>
Gnosjö,Filipstad,414,271,Avståndet mellan Gnosjö och Filipstad är 414 km och Karl-Johan Gyllenstorm beräknade körtiden till cirka 271 minuter.,<url><loc>https://pendlings-app1.t-767929534-cloudflare.workers.dev/?fran=Gnosjö&amp;till=Filipstad</loc><changefreq>monthly</changefreq></url>
Ragunda,Örkelljunga,283,215,Avståndet mellan Ragunda och Örkelljunga är 283 km och Karl-Johan Gyllenstorm beräknade körtiden till cirka 215 minuter.,<url><loc>https://pendlings-app1.t-767929534-cloudflare.workers.dev/?fran=Ragunda&amp;till=Örkelljunga</loc><changefreq>monthly</changefreq></url>
Gimo,Örebro,318,206,Avståndet mellan Gimo och Örebro är 318 km och Karl-Johan Gyllenstorm beräknade körtiden till cirka 206 minuter.,<url><loc>https://pendlings-app1.t-767929534-cloudflare.workers.dev/?fran=Gimo&amp;till=Örebro</loc><changefreq>monthly</changefreq></url>
Svedala,Boden,1346,1075,Avståndet mellan Svedala och Boden är 1346 km och Karl-Johan Gyllenstorm beräknade körtiden till cirka 1075 minuter.,<url><loc>https://pendlings-app1.t-767929534-cloudflare.workers.dev/?fran=Svedala&amp;till=Boden</loc><changefreq>monthly</changefreq></url>
Håbo,Aneby,649,445,Avståndet mellan Håbo och Aneby är 649 km och Karl-Johan Gyllenstorm beräknade körtiden till cirka 445 minuter.,<url><loc>https://pendlings-app1.t-767929534-cloudflare.workers.dev/?fran=Håbo&amp;till=Aneby</loc><changefreq>monthly</changefreq></url>
Mariestad,Göteborg,145,105,Avståndet mellan Mariestad och Göteborg är 145 km och Karl-Johan Gyllenstorm beräknade körtiden till cirka 105 minuter.,<url><loc>https://pendlings-app1.t-767929534-cloudflare.workers.dev/?fran=Mariestad&amp;till=Göteborg</loc><changefreq>monthly</changefreq></url>
Ljusdal,Landskrona,41,27,Avståndet mellan Ljusdal och Landskrona är 41 km och Karl-Johan Gyllenstorm beräknade körtiden till cirka 27 minuter.,<url><loc>https://pendlings-app1.t-767929534-cloudflare.workers.dev/?fran=Ljusdal&amp;till=Landskrona</loc><changefreq>monthly</changefreq></url>
Götene,Lycksele,1089,818,Avståndet mellan Götene och Lycksele är 1089 km och Karl-Johan Gyllenstorm beräknade körtiden till cirka 818 minuter.,<url><loc>https://pendlings-app1.t-767929534-cloudflare.workers.dev/?fran=Götene&amp;till=Lycksele</loc><changefreq>monthly</changefreq></url>
Söderhamn,Hemse,562,398,Avståndet mellan Söderhamn och Hemse är 562 km och Karl-Johan Gyllenstorm beräknade körtiden till cirka 398 minuter.,<url><loc>https://pendlings-app1.t-767929534-cloudflare.workers.dev/?fran=Söderhamn&amp;till=Hemse</loc><changefreq>monthly</changefreq></url>
Ystad,Älvsbyn,442,297,Avståndet mellan Ystad och Älvsbyn är 442 km och Karl-Johan Gyllenstorm beräknade körtiden till cirka 297 minuter.,<url><loc>https://pendlings-app1.t-767929534-cloudflare.workers.dev/?fran=Ystad&amp;till=Älvsbyn</loc><changefreq>monthly</changefreq></url>
Kils,Sunne,973,713,Avståndet mellan Kils och Sunne är 973 km och Karl-Johan Gyllenstorm beräknade körtiden till cirka 713 minuter.,<url><loc>https://pendlings-app1.t-767929534-cloudflare.workers.dev/?fran=Kils&amp;till=Sunne</loc><changefreq>monthly</changefreq></url>
Vilhelmina,Sveg,1115,854,Avståndet mellan Vilhelmina och Sveg är 1115 km och Karl-Johan Gyllenstorm beräknade körtiden till cirka 854 minuter.,<url><loc>https://pendlings-app1.t-767929534-cloudflare.workers.dev/?fran=Vilhelmina&amp;till=Sveg</loc><changefreq>monthly</changefreq></url>
Ronehamn,Skara,990,715,Avståndet mellan Ronehamn och Skara är 990 km och Karl-Johan Gyllenstorm beräknade körtiden till cirka 715 minuter.,<url><loc>https://pendlings-app1.t-767929534-cloudflare.workers.dev/?fran=Ronehamn&amp;till=Skara</loc><changefreq>monthly</changefreq></url>
Kumla,Skövde,203,138,Avståndet mellan Kumla och Skövde är 203 km och Karl-Johan Gyllenstorm beräknade körtiden till cirka 138 minuter.,<url><loc>https://pendlings-app1.t-767929534-cloudflare.workers.dev/?fran=Kumla&amp;till=Skövde</loc><changefreq>monthly</changefreq></url>
Luleå,Vellinge,387,256,Avståndet mellan Luleå och Vellinge är 387 km och Karl-Johan Gyllenstorm beräknade körtiden till cirka 256 minuter.,<url><loc>https://pendlings-app1.t-767929534-cloudflare.workers.dev/?fran=Luleå&amp;till=Vellinge</loc><changefreq>monthly</changefreq></url>
Ludvika,Malmö,741,526,Avståndet mellan Ludvika och Malmö är 741 km och Karl-Johan Gyllenstorm beräknade körtiden till cirka 526 minuter.,<url><loc>https://pendlings-app1.t-767929534-cloudflare.workers.dev/?fran=Ludvika&amp;till=Malmö</loc><changefreq>monthly</changefreq></url>
Tranås,Lund,682,510,Avståndet mellan Tranås och Lund är 682 km och Karl-Johan Gyllenstorm beräknade körtiden till cirka 510 minuter.,<url><loc>https://pendlings-app1.t-767929534-cloudflare.workers.dev/?fran=Tranås&amp;till=Lund</loc><changefreq>monthly</changefreq></url>
Årjäng,Aneby,768,534,Avståndet mellan Årjäng och Aneby är 768 km och Karl-Johan Gyllenstorm beräknade körtiden till cirka 534 minuter.,<url><loc>https://pendlings-app1.t-767929534-cloudflare.workers.dev/?fran=Årjäng&amp;till=Aneby</loc><changefreq>monthly</changefreq></url>
Örkelljunga,Ludvika,569,403,Avståndet mellan Örkelljunga och Ludvika är 569 km och Karl-Johan Gyllenstorm beräknade körtiden till cirka 403 minuter.,<url><loc>https://pendlings-app1.t-767929534-cloudflare.workers.dev/?fran=Örkelljunga&amp;till=Ludvika</loc><changefreq>monthly</changefreq></url>
Borgholm,Ljusdal,801,615,Avståndet mellan Borgholm och Ljusdal är 801 km och Karl-Johan Gyllenstorm beräknade körtiden till cirka 615 minuter.,<url><loc>https://pendlings-app1.t-767929534-cloudflare.workers.dev/?fran=Borgholm&amp;till=Ljusdal</loc><changefreq>monthly</changefreq></url>
Lomma,Krokom,1194,763,Avståndet mellan Lomma och Krokom är 1194 km och Karl-Johan Gyllenstorm beräknade körtiden till cirka 763 minuter.,<url><loc>https://pendlings-app1.t-767929534-cloudflare.workers.dev/?fran=Lomma&amp;till=Krokom</loc><changefreq>monthly</changefreq></url>
Tranås,Vadstena,691,533,Avståndet mellan Tranås och Vadstena är 691 km och Karl-Johan Gyllenstorm beräknade körtiden till cirka 533 minuter.,<url><loc>https://pendlings-app1.t-767929534-cloudflare.workers.dev/?fran=Tranås&amp;till=Vadstena</loc><changefreq>monthly</changefreq></url>
Grums,Hässleholm,209,147,Avståndet mellan Grums och Hässleholm är 209 km och Karl-Johan Gyllenstorm beräknade körtiden till cirka 147 minuter.,<url><loc>https://pendlings-app1.t-767929534-cloudflare.workers.dev/?fran=Grums&amp;till=Hässleholm</loc><changefreq>monthly</changefreq></url>
Gagnef,Vibble,1396,932,Avståndet mellan Gagnef och Vibble är 1396 km och Karl-Johan Gyllenstorm beräknade körtiden till cirka 932 minuter.,<url><loc>https://pendlings-app1.t-767929534-cloudflare.workers.dev/?fran=Gagnef&amp;till=Vibble</loc><changefreq>monthly</changefreq></url>
Lindesberg,Örebro,808,521,Avståndet mellan Lindesberg och Örebro är 808 km och Karl-Johan Gyllenstorm beräknade körtiden till cirka 521 minuter.,<url><loc>https://pendlings-app1.t-767929534-cloudflare.workers.dev/?fran=Lindesberg&amp;till=Örebro</loc><changefreq>monthly</changefreq></url>
Nordanstig,Söderköping,1159,871,Avståndet mellan Nordanstig och Söderköping är 1159 km och Karl-Johan Gyllenstorm beräknade körtiden till cirka 871 minuter.,<url><loc>https://pendlings-app1.t-767929534-cloudflare.workers.dev/?fran=Nordanstig&amp;till=Söderköping</loc><changefreq>monthly</changefreq></url>
Håbo,Gävle,234,169,Avståndet mellan Håbo och Gävle är 234 km och Karl-Johan Gyllenstorm beräknade körtiden till cirka 169 minuter.,<url><loc>https://pendlings-app1.t-767929534-cloudflare.workers.dev/?fran=Håbo&amp;till=Gävle</loc><changefreq>monthly</changefreq></url>
Avesta,Falkenberg,1150,747,Avståndet mellan Avesta och Falkenberg är 1150 km och Karl-Johan Gyllenstorm beräknade körtiden till cirka 747 minuter.,<url><loc>https://pendlings-app1.t-767929534-cloudflare.workers.dev/?fran=Avesta&amp;till=Falkenberg</loc><changefreq>monthly</changefreq></url>
Gällivare,Vadstena,925,589,Avståndet mellan Gällivare och Vadstena är 925 km och Karl-Johan Gyllenstorm beräknade körtiden till cirka 589 minuter.,<url><loc>https://pendlings-app1.t-767929534-cloudflare.workers.dev/?fran=Gällivare&amp;till=Vadstena</loc><changefreq>monthly</changefreq></url>
Ljusdal,Rättvik,1346,957,Avståndet mellan Ljusdal och Rättvik är 1346 km och Karl-Johan Gyllenstorm beräknade körtiden till cirka 957 minuter.,<url><loc>https://pendlings-app1.t-767929534-cloudflare.workers.dev/?fran=Ljusdal&amp;till=Rättvik</loc><changefreq>monthly</changefreq></url>
Hultsfred,Roma,154,110,Avståndet mellan Hultsfred och Roma är 154 km och Karl-Johan Gyllenstorm beräknade körtiden till cirka 110 minuter.,<url><loc>https://pendlings-app1.t-767929534-cloudflare.workers.dev/?fran=Hultsfred&amp;till=Roma</loc><changefreq>monthly</changefreq></url>
Norsjö,Höganäs,465,353,Avståndet mellan Norsjö och Höganäs är 465 km och Karl-Johan Gyllenstorm beräknade körtiden till cirka 353 minuter.,<url><loc>https://pendlings-app1.t-767929534-cloudflare.workers.dev/?fran=Norsjö&amp;till=Höganäs</loc><changefreq>monthly</changefreq></url>
Trollhättan,Vadstena,469,301,Avståndet mellan Trollhättan och Vadstena är 469 km och Karl-Johan Gyllenstorm beräknade körtiden till cirka 301 minuter.,<url><loc>https://pendlings-app1.t-767929534-cloudflare.workers.dev/?fran=Trollhättan&amp;till=Vadstena</loc><changefreq>monthly</changefreq></url>
Ljusdal,Ödeshög,1367,947,Avståndet mellan Ljusdal och Ödeshög är 1367 km och Karl-Johan Gyllenstorm beräknade körtiden till cirka 947 minuter.,<url><loc>https://pendlings-app1.t-767929534-cloudflare.workers.dev/?fran=Ljusdal&amp;till=Ödeshög</loc><changefreq>monthly</changefreq></url>
Roma,Filipstad,406,259,Avståndet mellan Roma och Filipstad är 406 km och Karl-Johan Gyllenstorm beräknade körtiden till cirka 259 minuter.,<url><loc>https://pendlings-app1.t-767929534-cloudflare.workers.dev/?fran=Roma&amp;till=Filipstad</loc><changefreq>monthly</changefreq></url>
Jönköping,Köping,84,62,Avståndet mellan Jönköping och Köping är 84 km och Karl-Johan Gyllenstorm beräknade körtiden till cirka 62 minuter.,<url><loc>https://pendlings-app1.t-767929534-cloudflare.workers.dev/?fran=Jönköping&amp;till=Köping</loc><changefreq>monthly</changefreq></url>
Fårösund,Lekeberg,378,290,Avståndet mellan Fårösund och Lekeberg är 378 km och Karl-Johan Gyllenstorm beräknade körtiden till cirka 290 minuter.,<url><loc>https://pendlings-app1.t-767929534-cloudflare.workers.dev/?fran=Fårösund&amp;till=Lekeberg</loc><changefreq>monthly</changefreq></url>
Högsby,Skutskär,1185,763,Avståndet mellan Högsby och Skutskär är 1185 km och Karl-Johan Gyllenstorm beräknade körtiden till cirka 763 minuter.,<url><loc>https://pendlings-app1.t-767929534-cloudflare.workers.dev/?fran=Högsby&amp;till=Skutskär</loc><changefreq>monthly</changefreq></url>
Kungsör,Osby,463,309,Avståndet mellan Kungsör och Osby är 463 km och Karl-Johan Gyllenstorm beräknade körtiden till cirka 309 minuter.,<url><loc>https://pendlings-app1.t-767929534-cloudflare.workers.dev/?fran=Kungsör&amp;till=Osby</loc><changefreq>monthly</changefreq></url>
Fårösund,Götene,375,239,Avståndet mellan Fårösund och Götene är 375 km och Karl-Johan Gyllenstorm beräknade körtiden till cirka 239 minuter.,<url><loc>https://pendlings-app1.t-767929534-cloudflare.workers.dev/?fran=Fårösund&amp;till=Götene</loc><changefreq>monthly</changefreq></url>
Mora,Motala,899,593,Avståndet mellan Mora och Motala är 899 km och Karl-Johan Gyllenstorm beräknade körtiden till cirka 593 minuter.,<url><loc>https://pendlings-app1.t-767929534-cloudflare.workers.dev/?fran=Mora&amp;till=Motala</loc><changefreq>monthly</changefreq></url>
Köping,Håbo,1371,893,Avståndet mellan Köping och Håbo är 1371 km och Karl-Johan Gyllenstorm beräknade körtiden till cirka 893 minuter.,<url><loc>https://pendlings-app1.t-767929534-cloudflare.workers.dev/?fran=Köping&amp;till=Håbo</loc><changefreq>monthly</changefreq></url>
Sveg,Vellinge,179,122,Avståndet mellan Sveg och Vellinge är 179 km och Karl-Johan Gyllenstorm beräknade körtiden till cirka 122 minuter.,<url><loc>https://pendlings-app1.t-767929534-cloudflare.workers.dev/?fran=Sveg&amp;till=Vellinge</loc><changefreq>monthly</changefreq></url>
Gnestad,Kristinehamn,508,354,Avståndet mellan Gnestad och Kristinehamn är 508 km och Karl-Johan Gyllenstorm beräknade körtiden till cirka 354 minuter.,<url><loc>https://pendlings-app1.t-767929534-cloudflare.workers.dev/?fran=Gnestad&amp;till=Kristinehamn</loc><changefreq>monthly</changefreq></url>
Bollnäs,Storfors,319,240,Avståndet mellan Bollnäs och Storfors är 319 km och Karl-Johan Gyllenstorm beräknade körtiden till cirka 240 minuter.,<url><loc>https://pendlings-app1.t-767929534-cloudflare.workers.dev/?fran=Bollnäs&amp;till=Storfors</loc><changefreq>monthly</changefreq></url>
Lycksele,Sveg,366,269,Avståndet mellan Lycksele och Sveg är 366 km och Karl-Johan Gyllenstorm beräknade körtiden till cirka 269 minuter.,<url><loc>https://pendlings-app1.t-767929534-cloudflare.workers.dev/?fran=Lycksele&amp;till=Sveg</loc><changefreq>monthly</changefreq></url>
Ljusnarsberg,Hofors,769,518,Avståndet mellan Ljusnarsberg och Hofors är 769 km och Karl-Johan Gyllenstorm beräknade körtiden till cirka 518 minuter.,<url><loc>https://pendlings-app1.t-767929534-cloudflare.workers.dev/?fran=Ljusnarsberg&amp;till=Hofors</loc><changefreq>monthly</changefreq></url>
Svalöv,Vilhelmina,525,347,Avståndet mellan Svalöv och Vilhelmina är 525 km och Karl-Johan Gyllenstorm beräknade körtiden till cirka 347 minuter.,<url><loc>https://pendlings-app1.t-767929534-cloudflare.workers.dev/?fran=Svalöv&amp;till=Vilhelmina</loc><changefreq>monthly</changefreq></url>
Kristinehamn,Varberg,1131,858,Avståndet mellan Kristinehamn och Varberg är 1131 km och Karl-Johan Gyllenstorm beräknade körtiden till cirka 858 minuter.,<url><loc>https://pendlings-app1.t-767929534-cloudflare.workers.dev/?fran=Kristinehamn&amp;till=Varberg</loc><changefreq>monthly</changefreq></url>
Mullsjö,Ludvika,1163,744,Avståndet mellan Mullsjö och Ludvika är 1163 km och Karl-Johan Gyllenstorm beräknade körtiden till cirka 744 minuter.,<url><loc>https://pendlings-app1.t-767929534-cloudflare.workers.dev/?fran=Mullsjö&amp;till=Ludvika</loc><changefreq>monthly</changefreq></url>
Kungsbacka,Tomelilla,571,411,Avståndet mellan Kungsbacka och Tomelilla är 571 km och Karl-Johan Gyllenstorm beräknade körtiden till cirka 411 minuter.,<url><loc>https://pendlings-app1.t-767929534-cloudflare.workers.dev/?fran=Kungsbacka&amp;till=Tomelilla</loc><changefreq>monthly</changefreq></url>
Bräcke,Eksjö,1026,688,Avståndet mellan Bräcke och Eksjö är 1026 km och Karl-Johan Gyllenstorm beräknade körtiden till cirka 688 minuter.,<url><loc>https://pendlings-app1.t-767929534-cloudflare.workers.dev/?fran=Bräcke&amp;till=Eksjö</loc><changefreq>monthly</changefreq></url>
Överkalix,Mjölby,973,651,Avståndet mellan Överkalix och Mjölby är 973 km och Karl-Johan Gyllenstorm beräknade körtiden till cirka 651 minuter.,<url><loc>https://pendlings-app1.t-767929534-cloudflare.workers.dev/?fran=Överkalix&amp;till=Mjölby</loc><changefreq>monthly</changefreq></url>
Jönköping,Vingåker,1034,782,Avståndet mellan Jönköping och Vingåker är 1034 km och Karl-Johan Gyllenstorm beräknade körtiden till cirka 782 minuter.,<url><loc>https://pendlings-app1.t-767929534-cloudflare.workers.dev/?fran=Jönköping&amp;till=Vingåker</loc><changefreq>monthly</changefreq></url>
Färgelanda,Alingsås,830,616,Avståndet mellan Färgelanda och Alingsås är 830 km och Karl-Johan Gyllenstorm beräknade körtiden till cirka 616 minuter.,<url><loc>https://pendlings-app1.t-767929534-cloudflare.workers.dev/?fran=Färgelanda&amp;till=Alingsås</loc><changefreq>monthly</changefreq></url>
Lund,Kinda,65,45,Avståndet mellan Lund och Kinda är 65 km och Karl-Johan Gyllenstorm beräknade körtiden till cirka 45 minuter.,<url><loc>https://pendlings-app1.t-767929534-cloudflare.workers.dev/?fran=Lund&amp;till=Kinda</loc><changefreq>monthly</changefreq></url>
Båstad,Luleå,559,363,Avståndet mellan Båstad och Luleå är 559 km och Karl-Johan Gyllenstorm beräknade körtiden till cirka 363 minuter.,<url><loc>https://pendlings-app1.t-767929534-cloudflare.workers.dev/?fran=Båstad&amp;till=Luleå</loc><changefreq>monthly</changefreq></url>
Stockholm,Haparanda,1207,794,Avståndet mellan Stockholm och Haparanda är 1207 km och Karl-Johan Gyllenstorm beräknade körtiden till cirka 794 minuter.,<url><loc>https://pendlings-app1.t-767929534-cloudflare.workers.dev/?fran=Stockholm&amp;till=Haparanda</loc><changefreq>monthly</changefreq></url>
Strängnäs,Bollnäs,1045,719,Avståndet mellan Strängnäs och Bollnäs är 1045 km och Karl-Johan Gyllenstorm beräknade körtiden till cirka 719 minuter.,<url><loc>https://pendlings-app1.t-767929534-cloudflare.workers.dev/?fran=Strängnäs&amp;till=Bollnäs</loc><changefreq>monthly</changefreq></url>
Strängnäs,Hagfors,263,201,Avståndet mellan Strängnäs och Hagfors är 263 km och Karl-Johan Gyllenstorm beräknade körtiden till cirka 201 minuter.,<url><loc>https://pendlings-app1.t-767929534-cloudflare.workers.dev/?fran=Strängnäs&amp;till=Hagfors</loc><changefreq>monthly</changefreq></url>
Avesta,Vara,940,648,Avståndet mellan Avesta och Vara är 940 km och Karl-Johan Gyllenstorm beräknade körtiden till cirka 648 minuter.,<url><loc>https://pendlings-app1.t-767929534-cloudflare.workers.dev/?fran=Avesta&amp;till=Vara</loc><changefreq>monthly</changefreq></url>
Ljusdal,Pajala,1217,872,Avståndet mellan Ljusdal och Pajala är 1217 km och Karl-Johan Gyllenstorm beräknade körtiden till cirka 872 minuter.,<url><loc>https://pendlings-app1.t-767929534-cloudflare.workers.dev/?fran=Ljusdal&amp;till=Pajala</loc><changefreq>monthly</changefreq></url>
Sollefteå,Bengtsfors,407,283,Avståndet mellan Sollefteå och Bengtsfors är 407 km och Karl-Johan Gyllenstorm beräknade körtiden till cirka 283 minuter.,<url><loc>https://pendlings-app1.t-767929534-cloudflare.workers.dev/?fran=Sollefteå&amp;till=Bengtsfors</loc><changefreq>monthly</changefreq></url>
Visby,Knivsta,926,727,Avståndet mellan Visby och Knivsta är 926 km och Karl-Johan Gyllenstorm beräknade körtiden till cirka 727 minuter.,<url><loc>https://pendlings-app1.t-767929534-cloudflare.workers.dev/?fran=Visby&amp;till=Knivsta</loc><changefreq>monthly</changefreq></url>
Östhammar,Ronneby,138,101,Avståndet mellan Östhammar och Ronneby är 138 km och Karl-Johan Gyllenstorm beräknade körtiden till cirka 101 minuter.,<url><loc>https://pendlings-app1.t-767929534-cloudflare.workers.dev/?fran=Östhammar&amp;till=Ronneby</loc><changefreq>monthly</changefreq></url>
Arvika,Aneby,1390,897,Avståndet mellan Arvika och Aneby är 1390 km och Karl-Johan Gyllenstorm beräknade körtiden till cirka 897 minuter.,<url><loc>https://pendlings-app1.t-767929534-cloudflare.workers.dev/?fran=Arvika&amp;till=Aneby</loc><changefreq>monthly</changefreq></url>
Köping,Hällefor,984,655,Avståndet mellan Köping och Hällefor är 984 km och Karl-Johan Gyllenstorm beräknade körtiden till cirka 655 minuter.,<url><loc>https://pendlings-app1.t-767929534-cloudflare.workers.dev/?fran=Köping&amp;till=Hällefor</loc><changefreq>monthly</changefreq></url>
Alingsås,Kiruna,1044,701,Avståndet mellan Alingsås och Kiruna är 1044 km och Karl-Johan Gyllenstorm beräknade körtiden till cirka 701 minuter.,<url><loc>https://pendlings-app1.t-767929534-cloudflare.workers.dev/?fran=Alingsås&amp;till=Kiruna</loc><changefreq>monthly</changefreq></url>
Östhammar,Hofors,463,328,Avståndet mellan Östhammar och Hofors är 463 km och Karl-Johan Gyllenstorm beräknade körtiden till cirka 328 minuter.,<url><loc>https://pendlings-app1.t-767929534-cloudflare.workers.dev/?fran=Östhammar&amp;till=Hofors</loc><changefreq>monthly</changefreq></url>
Avesta,Ödeshög,694,535,Avståndet mellan Avesta och Ödeshög är 694 km och Karl-Johan Gyllenstorm beräknade körtiden till cirka 535 minuter.,<url><loc>https://pendlings-app1.t-767929534-cloudflare.workers.dev/?fran=Avesta&amp;till=Ödeshög</loc><changefreq>monthly</changefreq></url>
Hultsfred,Skurup,1168,746,Avståndet mellan Hultsfred och Skurup är 1168 km och Karl-Johan Gyllenstorm beräknade körtiden till cirka 746 minuter.,<url><loc>https://pendlings-app1.t-767929534-cloudflare.workers.dev/?fran=Hultsfred&amp;till=Skurup</loc><changefreq>monthly</changefreq></url>
Håbo,Falkenberg,1087,817,Avståndet mellan Håbo och Falkenberg är 1087 km och Karl-Johan Gyllenstorm beräknade körtiden till cirka 817 minuter.,<url><loc>https://pendlings-app1.t-767929534-cloudflare.workers.dev/?fran=Håbo&amp;till=Falkenberg</loc><changefreq>monthly</changefreq></url>
Motala,Kumla,330,262,Avståndet mellan Motala och Kumla är 330 km och Karl-Johan Gyllenstorm beräknade körtiden till cirka 262 minuter.,<url><loc>https://pendlings-app1.t-767929534-cloudflare.workers.dev/?fran=Motala&amp;till=Kumla</loc><changefreq>monthly</changefreq></url>
Umeå,Dorotea,1407,937,Avståndet mellan Umeå och Dorotea är 1407 km och Karl-Johan Gyllenstorm beräknade körtiden till cirka 937 minuter.,<url><loc>https://pendlings-app1.t-767929534-cloudflare.workers.dev/?fran=Umeå&amp;till=Dorotea</loc><changefreq>monthly</changefreq></url>
Kävlinge,Vänersborg,226,175,Avståndet mellan Kävlinge och Vänersborg är 226 km och Karl-Johan Gyllenstorm beräknade körtiden till cirka 175 minuter.,<url><loc>https://pendlings-app1.t-767929534-cloudflare.workers.dev/?fran=Kävlinge&amp;till=Vänersborg</loc><changefreq>monthly</changefreq></url>
Kristinehamn,Örkelljunga,771,558,Avståndet mellan Kristinehamn och Örkelljunga är 771 km och Karl-Johan Gyllenstorm beräknade körtiden till cirka 558 minuter.,<url><loc>https://pendlings-app1.t-767929534-cloudflare.workers.dev/?fran=Kristinehamn&amp;till=Örkelljunga</loc><changefreq>monthly</changefreq></url>
Kävlinge,Forshaga,136,95,Avståndet mellan Kävlinge och Forshaga är 136 km och Karl-Johan Gyllenstorm beräknade körtiden till cirka 95 minuter.,<url><loc>https://pendlings-app1.t-767929534-cloudflare.workers.dev/?fran=Kävlinge&amp;till=Forshaga</loc><changefreq>monthly</changefreq></url>
Alingsås,Bollebygd,379,300,Avståndet mellan Alingsås och Bollebygd är 379 km och Karl-Johan Gyllenstorm beräknade körtiden till cirka 300 minuter.,<url><loc>https://pendlings-app1.t-767929534-cloudflare.workers.dev/?fran=Alingsås&amp;till=Bollebygd</loc><changefreq>monthly</changefreq></url>
Hedemora,Surahammar,116,87,Avståndet mellan Hedemora och Surahammar är 116 km och Karl-Johan Gyllenstorm beräknade körtiden till cirka 87 minuter.,<url><loc>https://pendlings-app1.t-767929534-cloudflare.workers.dev/?fran=Hedemora&amp;till=Surahammar</loc><changefreq>monthly</changefreq></url>
Säffle,Skutskär,1160,821,Avståndet mellan Säffle och Skutskär är 1160 km och Karl-Johan Gyllenstorm beräknade körtiden till cirka 821 minuter.,<url><loc>https://pendlings-app1.t-767929534-cloudflare.workers.dev/?fran=Säffle&amp;till=Skutskär</loc><changefreq>monthly</changefreq></url>
Kramfors,Göteborg,1429,925,Avståndet mellan Kramfors och Göteborg är 1429 km och Karl-Johan Gyllenstorm beräknade körtiden till cirka 925 minuter.,<url><loc>https://pendlings-app1.t-767929534-cloudflare.workers.dev/?fran=Kramfors&amp;till=Göteborg</loc><changefreq>monthly</changefreq></url>
Vadstena,Vetlanda,1087,767,Avståndet mellan Vadstena och Vetlanda är 1087 km och Karl-Johan Gyllenstorm beräknade körtiden till cirka 767 minuter.,<url><loc>https://pendlings-app1.t-767929534-cloudflare.workers.dev/?fran=Vadstena&amp;till=Vetlanda</loc><changefreq>monthly</changefreq></url>
Vadstena,Sotenäs,1190,852,Avståndet mellan Vadstena och Sotenäs är 1190 km och Karl-Johan Gyllenstorm beräknade körtiden till cirka 852 minuter.,<url><loc>https://pendlings-app1.t-767929534-cloudflare.workers.dev/?fran=Vadstena&amp;till=Sotenäs</loc><changefreq>monthly</changefreq></url>
Knivsta,Södertälje,1425,1079,Avståndet mellan Knivsta och Södertälje är 1425 km och Karl-Johan Gyllenstorm beräknade körtiden till cirka 1079 minuter.,<url><loc>https://pendlings-app1.t-767929534-cloudflare.workers.dev/?fran=Knivsta&amp;till=Södertälje</loc><changefreq>monthly</changefreq></url>
Skövde,Älvdalen,787,534,Avståndet mellan Skövde och Älvdalen är 787 km och Karl-Johan Gyllenstorm beräknade körtiden till cirka 534 minuter.,<url><loc>https://pendlings-app1.t-767929534-cloudflare.workers.dev/?fran=Skövde&amp;till=Älvdalen</loc><changefreq>monthly</changefreq></url>
Osby,Bräcke,756,576,Avståndet mellan Osby och Bräcke är 756 km och Karl-Johan Gyllenstorm beräknade körtiden till cirka 576 minuter.,<url><loc>https://pendlings-app1.t-767929534-cloudflare.workers.dev/?fran=Osby&amp;till=Bräcke</loc><changefreq>monthly</changefreq></url>
Timrå,Götene,1330,931,Avståndet mellan Timrå och Götene är 1330 km och Karl-Johan Gyllenstorm beräknade körtiden till cirka 931 minuter.,<url><loc>https://pendlings-app1.t-767929534-cloudflare.workers.dev/?fran=Timrå&amp;till=Götene</loc><changefreq>monthly</changefreq></url>
Storfors,Simrishamn,149,98,Avståndet mellan Storfors och Simrishamn är 149 km och Karl-Johan Gyllenstorm beräknade körtiden till cirka 98 minuter.,<url><loc>https://pendlings-app1.t-767929534-cloudflare.workers.dev/?fran=Storfors&amp;till=Simrishamn</loc><changefreq>monthly</changefreq></url>
Älvdalen,Storfors,107,81,Avståndet mellan Älvdalen och Storfors är 107 km och Karl-Johan Gyllenstorm beräknade körtiden till cirka 81 minuter.,<url><loc>https://pendlings-app1.t-767929534-cloudflare.workers.dev/?fran=Älvdalen&amp;till=Storfors</loc><changefreq>monthly</changefreq></url>
Skara,Flen,594,377,Avståndet mellan Skara och Flen är 594 km och Karl-Johan Gyllenstorm beräknade körtiden till cirka 377 minuter.,<url><loc>https://pendlings-app1.t-767929534-cloudflare.workers.dev/?fran=Skara&amp;till=Flen</loc><changefreq>monthly</changefreq></url>
Kävlinge,Staffanstorp,508,326,Avståndet mellan Kävlinge och Staffanstorp är 508 km och Karl-Johan Gyllenstorm beräknade körtiden till cirka 326 minuter.,<url><loc>https://pendlings-app1.t-767929534-cloudflare.workers.dev/?fran=Kävlinge&amp;till=Staffanstorp</loc><changefreq>monthly</changefreq></url>
Olofström,Kils,1346,1054,Avståndet mellan Olofström och Kils är 1346 km och Karl-Johan Gyllenstorm beräknade körtiden till cirka 1054 minuter.,<url><loc>https://pendlings-app1.t-767929534-cloudflare.workers.dev/?fran=Olofström&amp;till=Kils</loc><changefreq>monthly</changefreq></url>
Malmö,Sotenäs,1197,780,Avståndet mellan Malmö och Sotenäs är 1197 km och Karl-Johan Gyllenstorm beräknade körtiden till cirka 780 minuter.,<url><loc>https://pendlings-app1.t-767929534-cloudflare.workers.dev/?fran=Malmö&amp;till=Sotenäs</loc><changefreq>monthly</changefreq></url>
Örkelljunga,Vibble,1200,884,Avståndet mellan Örkelljunga och Vibble är 1200 km och Karl-Johan Gyllenstorm beräknade körtiden till cirka 884 minuter.,<url><loc>https://pendlings-app1.t-767929534-cloudflare.workers.dev/?fran=Örkelljunga&amp;till=Vibble</loc><changefreq>monthly</changefreq></url>
Rättvik,Karlskrona,967,760,Avståndet mellan Rättvik och Karlskrona är 967 km och Karl-Johan Gyllenstorm beräknade körtiden till cirka 760 minuter.,<url><loc>https://pendlings-app1.t-767929534-cloudflare.workers.dev/?fran=Rättvik&amp;till=Karlskrona</loc><changefreq>monthly</changefreq></url>
Hällefor,Forshaga,358,228,Avståndet mellan Hällefor och Forshaga är 358 km och Karl-Johan Gyllenstorm beräknade körtiden till cirka 228 minuter.,<url><loc>https://pendlings-app1.t-767929534-cloudflare.workers.dev/?fran=Hällefor&amp;till=Forshaga</loc><changefreq>monthly</changefreq></url>
Vadstena,Borås,1193,770,Avståndet mellan Vadstena och Borås är 1193 km och Karl-Johan Gyllenstorm beräknade körtiden till cirka 770 minuter.,<url><loc>https://pendlings-app1.t-767929534-cloudflare.workers.dev/?fran=Vadstena&amp;till=Borås</loc><changefreq>monthly</changefreq></url>
Hudiksvall,Hässleholm,216,172,Avståndet mellan Hudiksvall och Hässleholm är 216 km och Karl-Johan Gyllenstorm beräknade körtiden till cirka 172 minuter.,<url><loc>https://pendlings-app1.t-767929534-cloudflare.workers.dev/?fran=Hudiksvall&amp;till=Hässleholm</loc><changefreq>monthly</changefreq></url>
Bålsta,Östra Göinge,330,225,Avståndet mellan Bålsta och Östra Göinge är 330 km och Karl-Johan Gyllenstorm beräknade körtiden till cirka 225 minuter.,<url><loc>https://pendlings-app1.t-767929534-cloudflare.workers.dev/?fran=Bålsta&amp;till=Östra Göinge</loc><changefreq>monthly</changefreq></url>
Ystad,Gislaved,367,243,Avståndet mellan Ystad och Gislaved är 367 km och Karl-Johan Gyllenstorm beräknade körtiden till cirka 243 minuter.,<url><loc>https://pendlings-app1.t-767929534-cloudflare.workers.dev/?fran=Ystad&amp;till=Gislaved</loc><changefreq>monthly</changefreq></url>
Perstorp,Knivsta,1226,817,Avståndet mellan Perstorp och Knivsta är 1226 km och Karl-Johan Gyllenstorm beräknade körtiden till cirka 817 minuter.,<url><loc>https://pendlings-app1.t-767929534-cloudflare.workers.dev/?fran=Perstorp&amp;till=Knivsta</loc><changefreq>monthly</changefreq></url>
Borlänge,Kungsör,1384,1100,Avståndet mellan Borlänge och Kungsör är 1384 km och Karl-Johan Gyllenstorm beräknade körtiden till cirka 1100 minuter.,<url><loc>https://pendlings-app1.t-767929534-cloudflare.workers.dev/?fran=Borlänge&amp;till=Kungsör</loc><changefreq>monthly</changefreq></url>
Borgholm,Askersund,645,490,Avståndet mellan Borgholm och Askersund är 645 km och Karl-Johan Gyllenstorm beräknade körtiden till cirka 490 minuter.,<url><loc>https://pendlings-app1.t-767929534-cloudflare.workers.dev/?fran=Borgholm&amp;till=Askersund</loc><changefreq>monthly</changefreq></url>
Ronneby,Norberg,592,403,Avståndet mellan Ronneby och Norberg är 592 km och Karl-Johan Gyllenstorm beräknade körtiden till cirka 403 minuter.,<url><loc>https://pendlings-app1.t-767929534-cloudflare.workers.dev/?fran=Ronneby&amp;till=Norberg</loc><changefreq>monthly</changefreq></url>
Linköping,Tingstäde,1072,816,Avståndet mellan Linköping och Tingstäde är 1072 km och Karl-Johan Gyllenstorm beräknade körtiden till cirka 816 minuter.,<url><loc>https://pendlings-app1.t-767929534-cloudflare.workers.dev/?fran=Linköping&amp;till=Tingstäde</loc><changefreq>monthly</changefreq></url>
Ydre,Tibro,1278,838,Avståndet mellan Ydre och Tibro är 1278 km och Karl-Johan Gyllenstorm beräknade körtiden till cirka 838 minuter.,<url><loc>https://pendlings-app1.t-767929534-cloudflare.workers.dev/?fran=Ydre&amp;till=Tibro</loc><changefreq>monthly</changefreq></url>
Vänersborg,Eda,35,24,Avståndet mellan Vänersborg och Eda är 35 km och Karl-Johan Gyllenstorm beräknade körtiden till cirka 24 minuter.,<url><loc>https://pendlings-app1.t-767929534-cloudflare.workers.dev/?fran=Vänersborg&amp;till=Eda</loc><changefreq>monthly</changefreq></url>
Östra Göinge,Karlsborg,987,773,Avståndet mellan Östra Göinge och Karlsborg är 987 km och Karl-Johan Gyllenstorm beräknade körtiden till cirka 773 minuter.,<url><loc>https://pendlings-app1.t-767929534-cloudflare.workers.dev/?fran=Östra Göinge&amp;till=Karlsborg</loc><changefreq>monthly</changefreq></url>
Bengtsfors,Karlshamn,1431,988,Avståndet mellan Bengtsfors och Karlshamn är 1431 km och Karl-Johan Gyllenstorm beräknade körtiden till cirka 988 minuter.,<url><loc>https://pendlings-app1.t-767929534-cloudflare.workers.dev/?fran=Bengtsfors&amp;till=Karlshamn</loc><changefreq>monthly</changefreq></url>
Borlänge,Halmstad,215,148,Avståndet mellan Borlänge och Halmstad är 215 km och Karl-Johan Gyllenstorm beräknade körtiden till cirka 148 minuter.,<url><loc>https://pendlings-app1.t-767929534-cloudflare.workers.dev/?fran=Borlänge&amp;till=Halmstad</loc><changefreq>monthly</changefreq></url>
Norsjö,Malung,260,200,Avståndet mellan Norsjö och Malung är 260 km och Karl-Johan Gyllenstorm beräknade körtiden till cirka 200 minuter.,<url><loc>https://pendlings-app1.t-767929534-cloudflare.workers.dev/?fran=Norsjö&amp;till=Malung</loc><changefreq>monthly</changefreq></url>
Sälen,Vara,124,85,Avståndet mellan Sälen och Vara är 124 km och Karl-Johan Gyllenstorm beräknade körtiden till cirka 85 minuter.,<url><loc>https://pendlings-app1.t-767929534-cloudflare.workers.dev/?fran=Sälen&amp;till=Vara</loc><changefreq>monthly</changefreq></url>
Tanum,Vetlanda,335,260,Avståndet mellan Tanum och Vetlanda är 335 km och Karl-Johan Gyllenstorm beräknade körtiden till cirka 260 minuter.,<url><loc>https://pendlings-app1.t-767929534-cloudflare.workers.dev/?fran=Tanum&amp;till=Vetlanda</loc><changefreq>monthly</changefreq></url>
Vårgårda,Gällivare,347,269,Avståndet mellan Vårgårda och Gällivare är 347 km och Karl-Johan Gyllenstorm beräknade körtiden till cirka 269 minuter.,<url><loc>https://pendlings-app1.t-767929534-cloudflare.workers.dev/?fran=Vårgårda&amp;till=Gällivare</loc><changefreq>monthly</changefreq></url>
Sorsele,Gällivare,1431,918,Avståndet mellan Sorsele och Gällivare är 1431 km och Karl-Johan Gyllenstorm beräknade körtiden till cirka 918 minuter.,<url><loc>https://pendlings-app1.t-767929534-cloudflare.workers.dev/?fran=Sorsele&amp;till=Gällivare</loc><changefreq>monthly</changefreq></url>
Kiruna,Säffle,967,697,Avståndet mellan Kiruna och Säffle är 967 km och Karl-Johan Gyllenstorm beräknade körtiden till cirka 697 minuter.,<url><loc>https://pendlings-app1.t-767929534-cloudflare.workers.dev/?fran=Kiruna&amp;till=Säffle</loc><changefreq>monthly</changefreq></url>
Lidköping,Högsby,1377,1062,Avståndet mellan Lidköping och Högsby är 1377 km och Karl-Johan Gyllenstorm beräknade körtiden till cirka 1062 minuter.,<url><loc>https://pendlings-app1.t-767929534-cloudflare.workers.dev/?fran=Lidköping&amp;till=Högsby</loc><changefreq>monthly</changefreq></url>
Leksand,Härnösand,260,179,Avståndet mellan Leksand och Härnösand är 260 km och Karl-Johan Gyllenstorm beräknade körtiden till cirka 179 minuter.,<url><loc>https://pendlings-app1.t-767929534-cloudflare.workers.dev/?fran=Leksand&amp;till=Härnösand</loc><changefreq>monthly</changefreq></url>
Kristinehamn,Gimo,1404,1097,Avståndet mellan Kristinehamn och Gimo är 1404 km och Karl-Johan Gyllenstorm beräknade körtiden till cirka 1097 minuter.,<url><loc>https://pendlings-app1.t-767929534-cloudflare.workers.dev/?fran=Kristinehamn&amp;till=Gimo</loc><changefreq>monthly</changefreq></url>
Skellefteå,Berg,255,185,Avståndet mellan Skellefteå och Berg är 255 km och Karl-Johan Gyllenstorm beräknade körtiden till cirka 185 minuter.,<url><loc>https://pendlings-app1.t-767929534-cloudflare.workers.dev/?fran=Skellefteå&amp;till=Berg</loc><changefreq>monthly</changefreq></url>
Sunne,Örebro,239,185,Avståndet mellan Sunne och Örebro är 239 km och Karl-Johan Gyllenstorm beräknade körtiden till cirka 185 minuter.,<url><loc>https://pendlings-app1.t-767929534-cloudflare.workers.dev/?fran=Sunne&amp;till=Örebro</loc><changefreq>monthly</changefreq></url>
Övertorneå,Kalix,395,313,Avståndet mellan Övertorneå och Kalix är 395 km och Karl-Johan Gyllenstorm beräknade körtiden till cirka 313 minuter.,<url><loc>https://pendlings-app1.t-767929534-cloudflare.workers.dev/?fran=Övertorneå&amp;till=Kalix</loc><changefreq>monthly</changefreq></url>
Ödeshög,Enköping,1289,865,Avståndet mellan Ödeshög och Enköping är 1289 km och Karl-Johan Gyllenstorm beräknade körtiden till cirka 865 minuter.,<url><loc>https://pendlings-app1.t-767929534-cloudflare.workers.dev/?fran=Ödeshög&amp;till=Enköping</loc><changefreq>monthly</changefreq></url>
Söderköping,Nordanstig,939,725,Avståndet mellan Söderköping och Nordanstig är 939 km och Karl-Johan Gyllenstorm beräknade körtiden till cirka 725 minuter.,<url><loc>https://pendlings-app1.t-767929534-cloudflare.workers.dev/?fran=Söderköping&amp;till=Nordanstig</loc><changefreq>monthly</changefreq></url>
Habon,Ockelbo,727,494,Avståndet mellan Habon och Ockelbo är 727 km och Karl-Johan Gyllenstorm beräknade körtiden till cirka 494 minuter.,<url><loc>https://pendlings-app1.t-767929534-cloudflare.workers.dev/?fran=Habon&amp;till=Ockelbo</loc><changefreq>monthly</changefreq></url>
Sotenäs,Trollhättan,1108,737,Avståndet mellan Sotenäs och Trollhättan är 1108 km och Karl-Johan Gyllenstorm beräknade körtiden till cirka 737 minuter.,<url><loc>https://pendlings-app1.t-767929534-cloudflare.workers.dev/?fran=Sotenäs&amp;till=Trollhättan</loc><changefreq>monthly</changefreq></url>
Sälen,Ödeshög,534,406,Avståndet mellan Sälen och Ödeshög är 534 km och Karl-Johan Gyllenstorm beräknade körtiden till cirka 406 minuter.,<url><loc>https://pendlings-app1.t-767929534-cloudflare.workers.dev/?fran=Sälen&amp;till=Ödeshög</loc><changefreq>monthly</changefreq></url>
Övertorneå,Ydre,1300,867,Avståndet mellan Övertorneå och Ydre är 1300 km och Karl-Johan Gyllenstorm beräknade körtiden till cirka 867 minuter.,<url><loc>https://pendlings-app1.t-767929534-cloudflare.workers.dev/?fran=Övertorneå&amp;till=Ydre</loc><changefreq>monthly</changefreq></url>
Båstad,Forshaga,463,367,Avståndet mellan Båstad och Forshaga är 463 km och Karl-Johan Gyllenstorm beräknade körtiden till cirka 367 minuter.,<url><loc>https://pendlings-app1.t-767929534-cloudflare.workers.dev/?fran=Båstad&amp;till=Forshaga</loc><changefreq>monthly</changefreq></url>
Fårösund,Tierp,1196,910,Avståndet mellan Fårösund och Tierp är 1196 km och Karl-Johan Gyllenstorm beräknade körtiden till cirka 910 minuter.,<url><loc>https://pendlings-app1.t-767929534-cloudflare.workers.dev/?fran=Fårösund&amp;till=Tierp</loc><changefreq>monthly</changefreq></url>
Storfors,Åre,803,589,Avståndet mellan Storfors och Åre är 803 km och Karl-Johan Gyllenstorm beräknade körtiden till cirka 589 minuter.,<url><loc>https://pendlings-app1.t-767929534-cloudflare.workers.dev/?fran=Storfors&amp;till=Åre</loc><changefreq>monthly</changefreq></url>
Surahammar,Essunga,1123,895,Avståndet mellan Surahammar och Essunga är 1123 km och Karl-Johan Gyllenstorm beräknade körtiden till cirka 895 minuter.,<url><loc>https://pendlings-app1.t-767929534-cloudflare.workers.dev/?fran=Surahammar&amp;till=Essunga</loc><changefreq>monthly</changefreq></url>
Bollnäs,Örnsköldsvik,391,279,Avståndet mellan Bollnäs och Örnsköldsvik är 391 km och Karl-Johan Gyllenstorm beräknade körtiden till cirka 279 minuter.,<url><loc>https://pendlings-app1.t-767929534-cloudflare.workers.dev/?fran=Bollnäs&amp;till=Örnsköldsvik</loc><changefreq>monthly</changefreq></url>
Motala,Hyltebruk,1387,912,Avståndet mellan Motala och Hyltebruk är 1387 km och Karl-Johan Gyllenstorm beräknade körtiden till cirka 912 minuter.,<url><loc>https://pendlings-app1.t-767929534-cloudflare.workers.dev/?fran=Motala&amp;till=Hyltebruk</loc><changefreq>monthly</changefreq></url>
Sunne,Arboga,1091,849,Avståndet mellan Sunne och Arboga är 1091 km och Karl-Johan Gyllenstorm beräknade körtiden till cirka 849 minuter.,<url><loc>https://pendlings-app1.t-767929534-cloudflare.workers.dev/?fran=Sunne&amp;till=Arboga</loc><changefreq>monthly</changefreq></url>
Borlänge,Gnosjö,602,460,Avståndet mellan Borlänge och Gnosjö är 602 km och Karl-Johan Gyllenstorm beräknade körtiden till cirka 460 minuter.,<url><loc>https://pendlings-app1.t-767929534-cloudflare.workers.dev/?fran=Borlänge&amp;till=Gnosjö</loc><changefreq>monthly</changefreq></url>
Lund,Stockholm,209,155,Avståndet mellan Lund och Stockholm är 209 km och Karl-Johan Gyllenstorm beräknade körtiden till cirka 155 minuter.,<url><loc>https://pendlings-app1.t-767929534-cloudflare.workers.dev/?fran=Lund&amp;till=Stockholm</loc><changefreq>monthly</changefreq></url>
Haparanda,Sälen,1168,790,Avståndet mellan Haparanda och Sälen är 1168 km och Karl-Johan Gyllenstorm beräknade körtiden till cirka 790 minuter.,<url><loc>https://pendlings-app1.t-767929534-cloudflare.workers.dev/?fran=Haparanda&amp;till=Sälen</loc><changefreq>monthly</changefreq></url>
Vårgårda,Eskilstuna,1305,916,Avståndet mellan Vårgårda och Eskilstuna är 1305 km och Karl-Johan Gyllenstorm beräknade körtiden till cirka 916 minuter.,<url><loc>https://pendlings-app1.t-767929534-cloudflare.workers.dev/?fran=Vårgårda&amp;till=Eskilstuna</loc><changefreq>monthly</changefreq></url>
Töreboda,Kramfors,715,465,Avståndet mellan Töreboda och Kramfors är 715 km och Karl-Johan Gyllenstorm beräknade körtiden till cirka 465 minuter.,<url><loc>https://pendlings-app1.t-767929534-cloudflare.workers.dev/?fran=Töreboda&amp;till=Kramfors</loc><changefreq>monthly</changefreq></url>
Tranemo,Lindesberg,1205,819,Avståndet mellan Tranemo och Lindesberg är 1205 km och Karl-Johan Gyllenstorm beräknade körtiden till cirka 819 minuter.,<url><loc>https://pendlings-app1.t-767929534-cloudflare.workers.dev/?fran=Tranemo&amp;till=Lindesberg</loc><changefreq>monthly</changefreq></url>
Mjölby,Hultsfred,300,231,Avståndet mellan Mjölby och Hultsfred är 300 km och Karl-Johan Gyllenstorm beräknade körtiden till cirka 231 minuter.,<url><loc>https://pendlings-app1.t-767929534-cloudflare.workers.dev/?fran=Mjölby&amp;till=Hultsfred</loc><changefreq>monthly</changefreq></url>
Enköping,Svedala,612,445,Avståndet mellan Enköping och Svedala är 612 km och Karl-Johan Gyllenstorm beräknade körtiden till cirka 445 minuter.,<url><loc>https://pendlings-app1.t-767929534-cloudflare.workers.dev/?fran=Enköping&amp;till=Svedala</loc><changefreq>monthly</changefreq></url>
Båstad,Staffanstorp,60,39,Avståndet mellan Båstad och Staffanstorp är 60 km och Karl-Johan Gyllenstorm beräknade körtiden till cirka 39 minuter.,<url><loc>https://pendlings-app1.t-767929534-cloudflare.workers.dev/?fran=Båstad&amp;till=Staffanstorp</loc><changefreq>monthly</changefreq></url>
Strängnäs,Malmö,1236,940,Avståndet mellan Strängnäs och Malmö är 1236 km och Karl-Johan Gyllenstorm beräknade körtiden till cirka 940 minuter.,<url><loc>https://pendlings-app1.t-767929534-cloudflare.workers.dev/?fran=Strängnäs&amp;till=Malmö</loc><changefreq>monthly</changefreq></url>
Södertälje,Bollnäs,776,491,Avståndet mellan Södertälje och Bollnäs är 776 km och Karl-Johan Gyllenstorm beräknade körtiden till cirka 491 minuter.,<url><loc>https://pendlings-app1.t-767929534-cloudflare.workers.dev/?fran=Södertälje&amp;till=Bollnäs</loc><changefreq>monthly</changefreq></url>
Täby,Lekeberg,741,497,Avståndet mellan Täby och Lekeberg är 741 km och Karl-Johan Gyllenstorm beräknade körtiden till cirka 497 minuter.,<url><loc>https://pendlings-app1.t-767929534-cloudflare.workers.dev/?fran=Täby&amp;till=Lekeberg</loc><changefreq>monthly</changefreq></url>
Hallstahammar,Boxholm,160,105,Avståndet mellan Hallstahammar och Boxholm är 160 km och Karl-Johan Gyllenstorm beräknade körtiden till cirka 105 minuter.,<url><loc>https://pendlings-app1.t-767929534-cloudflare.workers.dev/?fran=Hallstahammar&amp;till=Boxholm</loc><changefreq>monthly</changefreq></url>
Sävsjö,Östersund,1366,1092,Avståndet mellan Sävsjö och Östersund är 1366 km och Karl-Johan Gyllenstorm beräknade körtiden till cirka 1092 minuter.,<url><loc>https://pendlings-app1.t-767929534-cloudflare.workers.dev/?fran=Sävsjö&amp;till=Östersund</loc><changefreq>monthly</changefreq></url>
Kungsör,Vellinge,464,312,Avståndet mellan Kungsör och Vellinge är 464 km och Karl-Johan Gyllenstorm beräknade körtiden till cirka 312 minuter.,<url><loc>https://pendlings-app1.t-767929534-cloudflare.workers.dev/?fran=Kungsör&amp;till=Vellinge</loc><changefreq>monthly</changefreq></url>
Nyköping,Kävlinge,1190,821,Avståndet mellan Nyköping och Kävlinge är 1190 km och Karl-Johan Gyllenstorm beräknade körtiden till cirka 821 minuter.,<url><loc>https://pendlings-app1.t-767929534-cloudflare.workers.dev/?fran=Nyköping&amp;till=Kävlinge</loc><changefreq>monthly</changefreq></url>
Burgsvik,Falköping,287,190,Avståndet mellan Burgsvik och Falköping är 287 km och Karl-Johan Gyllenstorm beräknade körtiden till cirka 190 minuter.,<url><loc>https://pendlings-app1.t-767929534-cloudflare.workers.dev/?fran=Burgsvik&amp;till=Falköping</loc><changefreq>monthly</changefreq></url>
Landskrona,Svenljunga,1219,861,Avståndet mellan Landskrona och Svenljunga är 1219 km och Karl-Johan Gyllenstorm beräknade körtiden till cirka 861 minuter.,<url><loc>https://pendlings-app1.t-767929534-cloudflare.workers.dev/?fran=Landskrona&amp;till=Svenljunga</loc><changefreq>monthly</changefreq></url>
Kristianstad,Hyltebruk,59,39,Avståndet mellan Kristianstad och Hyltebruk är 59 km och Karl-Johan Gyllenstorm beräknade körtiden till cirka 39 minuter.,<url><loc>https://pendlings-app1.t-767929534-cloudflare.workers.dev/?fran=Kristianstad&amp;till=Hyltebruk</loc><changefreq>monthly</changefreq></url>
Sälen,Pajala,493,313,Avståndet mellan Sälen och Pajala är 493 km och Karl-Johan Gyllenstorm beräknade körtiden till cirka 313 minuter.,<url><loc>https://pendlings-app1.t-767929534-cloudflare.workers.dev/?fran=Sälen&amp;till=Pajala</loc><changefreq>monthly</changefreq></url>
Tibro,Kumla,267,206,Avståndet mellan Tibro och Kumla är 267 km och Karl-Johan Gyllenstorm beräknade körtiden till cirka 206 minuter.,<url><loc>https://pendlings-app1.t-767929534-cloudflare.workers.dev/?fran=Tibro&amp;till=Kumla</loc><changefreq>monthly</changefreq></url>
Umeå,Karlskrona,415,298,Avståndet mellan Umeå och Karlskrona är 415 km och Karl-Johan Gyllenstorm beräknade körtiden till cirka 298 minuter.,<url><loc>https://pendlings-app1.t-767929534-cloudflare.workers.dev/?fran=Umeå&amp;till=Karlskrona</loc><changefreq>monthly</changefreq></url>
Hofors,Örnsköldsvik,760,530,Avståndet mellan Hofors och Örnsköldsvik är 760 km och Karl-Johan Gyllenstorm beräknade körtiden till cirka 530 minuter.,<url><loc>https://pendlings-app1.t-767929534-cloudflare.workers.dev/?fran=Hofors&amp;till=Örnsköldsvik</loc><changefreq>monthly</changefreq></url>
Vara,Lycksele,1130,823,Avståndet mellan Vara och Lycksele är 1130 km och Karl-Johan Gyllenstorm beräknade körtiden till cirka 823 minuter.,<url><loc>https://pendlings-app1.t-767929534-cloudflare.workers.dev/?fran=Vara&amp;till=Lycksele</loc><changefreq>monthly</changefreq></url>
Älvdalen,Aneby,653,434,Avståndet mellan Älvdalen och Aneby är 653 km och Karl-Johan Gyllenstorm beräknade körtiden till cirka 434 minuter.,<url><loc>https://pendlings-app1.t-767929534-cloudflare.workers.dev/?fran=Älvdalen&amp;till=Aneby</loc><changefreq>monthly</changefreq></url>
Sandviken,Skurup,291,220,Avståndet mellan Sandviken och Skurup är 291 km och Karl-Johan Gyllenstorm beräknade körtiden till cirka 220 minuter.,<url><loc>https://pendlings-app1.t-767929534-cloudflare.workers.dev/?fran=Sandviken&amp;till=Skurup</loc><changefreq>monthly</changefreq></url>
Strängnäs,Mark,80,60,Avståndet mellan Strängnäs och Mark är 80 km och Karl-Johan Gyllenstorm beräknade körtiden till cirka 60 minuter.,<url><loc>https://pendlings-app1.t-767929534-cloudflare.workers.dev/?fran=Strängnäs&amp;till=Mark</loc><changefreq>monthly</changefreq></url>
Borås,Lycksele,178,115,Avståndet mellan Borås och Lycksele är 178 km och Karl-Johan Gyllenstorm beräknade körtiden till cirka 115 minuter.,<url><loc>https://pendlings-app1.t-767929534-cloudflare.workers.dev/?fran=Borås&amp;till=Lycksele</loc><changefreq>monthly</changefreq></url>
Katrineholm,Vilhelmina,344,273,Avståndet mellan Katrineholm och Vilhelmina är 344 km och Karl-Johan Gyllenstorm beräknade körtiden till cirka 273 minuter.,<url><loc>https://pendlings-app1.t-767929534-cloudflare.workers.dev/?fran=Katrineholm&amp;till=Vilhelmina</loc><changefreq>monthly</changefreq></url>
Lindesberg,Gällivare,1011,648,Avståndet mellan Lindesberg och Gällivare är 1011 km och Karl-Johan Gyllenstorm beräknade körtiden till cirka 648 minuter.,<url><loc>https://pendlings-app1.t-767929534-cloudflare.workers.dev/?fran=Lindesberg&amp;till=Gällivare</loc><changefreq>monthly</changefreq></url>
Åsele,Gagnef,890,689,Avståndet mellan Åsele och Gagnef är 890 km och Karl-Johan Gyllenstorm beräknade körtiden till cirka 689 minuter.,<url><loc>https://pendlings-app1.t-767929534-cloudflare.workers.dev/?fran=Åsele&amp;till=Gagnef</loc><changefreq>monthly</changefreq></url>
Katrineholm,Lysekil,1282,983,Avståndet mellan Katrineholm och Lysekil är 1282 km och Karl-Johan Gyllenstorm beräknade körtiden till cirka 983 minuter.,<url><loc>https://pendlings-app1.t-767929534-cloudflare.workers.dev/?fran=Katrineholm&amp;till=Lysekil</loc><changefreq>monthly</changefreq></url>
Storuman,Avesta,497,346,Avståndet mellan Storuman och Avesta är 497 km och Karl-Johan Gyllenstorm beräknade körtiden till cirka 346 minuter.,<url><loc>https://pendlings-app1.t-767929534-cloudflare.workers.dev/?fran=Storuman&amp;till=Avesta</loc><changefreq>monthly</changefreq></url>
Nordanstig,Degerfors,594,468,Avståndet mellan Nordanstig och Degerfors är 594 km och Karl-Johan Gyllenstorm beräknade körtiden till cirka 468 minuter.,<url><loc>https://pendlings-app1.t-767929534-cloudflare.workers.dev/?fran=Nordanstig&amp;till=Degerfors</loc><changefreq>monthly</changefreq></url>
Grästorp,Borgholm,1251,859,Avståndet mellan Grästorp och Borgholm är 1251 km och Karl-Johan Gyllenstorm beräknade körtiden till cirka 859 minuter.,<url><loc>https://pendlings-app1.t-767929534-cloudflare.workers.dev/?fran=Grästorp&amp;till=Borgholm</loc><changefreq>monthly</changefreq></url>
Linköping,Mellerud,932,626,Avståndet mellan Linköping och Mellerud är 932 km och Karl-Johan Gyllenstorm beräknade körtiden till cirka 626 minuter.,<url><loc>https://pendlings-app1.t-767929534-cloudflare.workers.dev/?fran=Linköping&amp;till=Mellerud</loc><changefreq>monthly</changefreq></url>
Sotenäs,Tierp,199,143,Avståndet mellan Sotenäs och Tierp är 199 km och Karl-Johan Gyllenstorm beräknade körtiden till cirka 143 minuter.,<url><loc>https://pendlings-app1.t-767929534-cloudflare.workers.dev/?fran=Sotenäs&amp;till=Tierp</loc><changefreq>monthly</changefreq></url>
Strängnäs,Älvkarleby,1234,981,Avståndet mellan Strängnäs och Älvkarleby är 1234 km och Karl-Johan Gyllenstorm beräknade körtiden till cirka 981 minuter.,<url><loc>https://pendlings-app1.t-767929534-cloudflare.workers.dev/?fran=Strängnäs&amp;till=Älvkarleby</loc><changefreq>monthly</changefreq></url>
Svalöv,Värnamo,492,380,Avståndet mellan Svalöv och Värnamo är 492 km och Karl-Johan Gyllenstorm beräknade körtiden till cirka 380 minuter.,<url><loc>https://pendlings-app1.t-767929534-cloudflare.workers.dev/?fran=Svalöv&amp;till=Värnamo</loc><changefreq>monthly</changefreq></url>
Huddinge,Vingåker,601,421,Avståndet mellan Huddinge och Vingåker är 601 km och Karl-Johan Gyllenstorm beräknade körtiden till cirka 421 minuter.,<url><loc>https://pendlings-app1.t-767929534-cloudflare.workers.dev/?fran=Huddinge&amp;till=Vingåker</loc><changefreq>monthly</changefreq></url>
Södertälje,Köping,244,179,Avståndet mellan Södertälje och Köping är 244 km och Karl-Johan Gyllenstorm beräknade körtiden till cirka 179 minuter.,<url><loc>https://pendlings-app1.t-767929534-cloudflare.workers.dev/?fran=Södertälje&amp;till=Köping</loc><changefreq>monthly</changefreq></url>
Åmål,Skinnskatteberg,559,357,Avståndet mellan Åmål och Skinnskatteberg är 559 km och Karl-Johan Gyllenstorm beräknade körtiden till cirka 357 minuter.,<url><loc>https://pendlings-app1.t-767929534-cloudflare.workers.dev/?fran=Åmål&amp;till=Skinnskatteberg</loc><changefreq>monthly</changefreq></url>
Tofta,Karlshamn,349,229,Avståndet mellan Tofta och Karlshamn är 349 km och Karl-Johan Gyllenstorm beräknade körtiden till cirka 229 minuter.,<url><loc>https://pendlings-app1.t-767929534-cloudflare.workers.dev/?fran=Tofta&amp;till=Karlshamn</loc><changefreq>monthly</changefreq></url>
Malung,Vara,1426,976,Avståndet mellan Malung och Vara är 1426 km och Karl-Johan Gyllenstorm beräknade körtiden till cirka 976 minuter.,<url><loc>https://pendlings-app1.t-767929534-cloudflare.workers.dev/?fran=Malung&amp;till=Vara</loc><changefreq>monthly</changefreq></url>
Ydre,Åtvidaberg,40,30,Avståndet mellan Ydre och Åtvidaberg är 40 km och Karl-Johan Gyllenstorm beräknade körtiden till cirka 30 minuter.,<url><loc>https://pendlings-app1.t-767929534-cloudflare.workers.dev/?fran=Ydre&amp;till=Åtvidaberg</loc><changefreq>monthly</changefreq></url>
Älvsbyn,Kumla,609,483,Avståndet mellan Älvsbyn och Kumla är 609 km och Karl-Johan Gyllenstorm beräknade körtiden till cirka 483 minuter.,<url><loc>https://pendlings-app1.t-767929534-cloudflare.workers.dev/?fran=Älvsbyn&amp;till=Kumla</loc><changefreq>monthly</changefreq></url>
Ockelbo,Karlsborg,145,112,Avståndet mellan Ockelbo och Karlsborg är 145 km och Karl-Johan Gyllenstorm beräknade körtiden till cirka 112 minuter.,<url><loc>https://pendlings-app1.t-767929534-cloudflare.workers.dev/?fran=Ockelbo&amp;till=Karlsborg</loc><changefreq>monthly</changefreq></url>
Ljusnarsberg,Burgsvik,1286,938,Avståndet mellan Ljusnarsberg och Burgsvik är 1286 km och Karl-Johan Gyllenstorm beräknade körtiden till cirka 938 minuter.,<url><loc>https://pendlings-app1.t-767929534-cloudflare.workers.dev/?fran=Ljusnarsberg&amp;till=Burgsvik</loc><changefreq>monthly</changefreq></url>
Kristianstad,Orsa,855,545,Avståndet mellan Kristianstad och Orsa är 855 km och Karl-Johan Gyllenstorm beräknade körtiden till cirka 545 minuter.,<url><loc>https://pendlings-app1.t-767929534-cloudflare.workers.dev/?fran=Kristianstad&amp;till=Orsa</loc><changefreq>monthly</changefreq></url>
Skellefteå,Motala,1180,759,Avståndet mellan Skellefteå och Motala är 1180 km och Karl-Johan Gyllenstorm beräknade körtiden till cirka 759 minuter.,<url><loc>https://pendlings-app1.t-767929534-cloudflare.workers.dev/?fran=Skellefteå&amp;till=Motala</loc><changefreq>monthly</changefreq></url>
Malmö,Essunga,1335,953,Avståndet mellan Malmö och Essunga är 1335 km och Karl-Johan Gyllenstorm beräknade körtiden till cirka 953 minuter.,<url><loc>https://pendlings-app1.t-767929534-cloudflare.workers.dev/?fran=Malmö&amp;till=Essunga</loc><changefreq>monthly</changefreq></url>
Hudiksvall,Sunne,891,576,Avståndet mellan Hudiksvall och Sunne är 891 km och Karl-Johan Gyllenstorm beräknade körtiden till cirka 576 minuter.,<url><loc>https://pendlings-app1.t-767929534-cloudflare.workers.dev/?fran=Hudiksvall&amp;till=Sunne</loc><changefreq>monthly</changefreq></url>
Tranås,Uddevalla,656,450,Avståndet mellan Tranås och Uddevalla är 656 km och Karl-Johan Gyllenstorm beräknade körtiden till cirka 450 minuter.,<url><loc>https://pendlings-app1.t-767929534-cloudflare.workers.dev/?fran=Tranås&amp;till=Uddevalla</loc><changefreq>monthly</changefreq></url>
Strängnäs,Piteå,784,561,Avståndet mellan Strängnäs och Piteå är 784 km och Karl-Johan Gyllenstorm beräknade körtiden till cirka 561 minuter.,<url><loc>https://pendlings-app1.t-767929534-cloudflare.workers.dev/?fran=Strängnäs&amp;till=Piteå</loc><changefreq>monthly</changefreq></url>
Höör,Leksand,1411,935,Avståndet mellan Höör och Leksand är 1411 km och Karl-Johan Gyllenstorm beräknade körtiden till cirka 935 minuter.,<url><loc>https://pendlings-app1.t-767929534-cloudflare.workers.dev/?fran=Höör&amp;till=Leksand</loc><changefreq>monthly</changefreq></url>
Tomelilla,Slite,737,536,Avståndet mellan Tomelilla och Slite är 737 km och Karl-Johan Gyllenstorm beräknade körtiden till cirka 536 minuter.,<url><loc>https://pendlings-app1.t-767929534-cloudflare.workers.dev/?fran=Tomelilla&amp;till=Slite</loc><changefreq>monthly</changefreq></url>
Grythyttan,Sandviken,895,585,Avståndet mellan Grythyttan och Sandviken är 895 km och Karl-Johan Gyllenstorm beräknade körtiden till cirka 585 minuter.,<url><loc>https://pendlings-app1.t-767929534-cloudflare.workers.dev/?fran=Grythyttan&amp;till=Sandviken</loc><changefreq>monthly</changefreq></url>
Tomelilla,Borgholm,529,397,Avståndet mellan Tomelilla och Borgholm är 529 km och Karl-Johan Gyllenstorm beräknade körtiden till cirka 397 minuter.,<url><loc>https://pendlings-app1.t-767929534-cloudflare.workers.dev/?fran=Tomelilla&amp;till=Borgholm</loc><changefreq>monthly</changefreq></url>
Pajala,Gällivare,242,187,Avståndet mellan Pajala och Gällivare är 242 km och Karl-Johan Gyllenstorm beräknade körtiden till cirka 187 minuter.,<url><loc>https://pendlings-app1.t-767929534-cloudflare.workers.dev/?fran=Pajala&amp;till=Gällivare</loc><changefreq>monthly</changefreq></url>
Älvkarleby,Höör,539,384,Avståndet mellan Älvkarleby och Höör är 539 km och Karl-Johan Gyllenstorm beräknade körtiden till cirka 384 minuter.,<url><loc>https://pendlings-app1.t-767929534-cloudflare.workers.dev/?fran=Älvkarleby&amp;till=Höör</loc><changefreq>monthly</changefreq></url>
Borlänge,Härnösand,30,23,Avståndet mellan Borlänge och Härnösand är 30 km och Karl-Johan Gyllenstorm beräknade körtiden till cirka 23 minuter.,<url><loc>https://pendlings-app1.t-767929534-cloudflare.workers.dev/?fran=Borlänge&amp;till=Härnösand</loc><changefreq>monthly</changefreq></url>
Charlottenberg,Umeå,1161,914,Avståndet mellan Charlottenberg och Umeå är 1161 km och Karl-Johan Gyllenstorm beräknade körtiden till cirka 914 minuter.,<url><loc>https://pendlings-app1.t-767929534-cloudflare.workers.dev/?fran=Charlottenberg&amp;till=Umeå</loc><changefreq>monthly</changefreq></url>
Sandviken,Hörby,267,176,Avståndet mellan Sandviken och Hörby är 267 km och Karl-Johan Gyllenstorm beräknade körtiden till cirka 176 minuter.,<url><loc>https://pendlings-app1.t-767929534-cloudflare.workers.dev/?fran=Sandviken&amp;till=Hörby</loc><changefreq>monthly</changefreq></url>
Jokkmokk,Mellerud,1078,835,Avståndet mellan Jokkmokk och Mellerud är 1078 km och Karl-Johan Gyllenstorm beräknade körtiden till cirka 835 minuter.,<url><loc>https://pendlings-app1.t-767929534-cloudflare.workers.dev/?fran=Jokkmokk&amp;till=Mellerud</loc><changefreq>monthly</changefreq></url>
Klippan,Köping,449,357,Avståndet mellan Klippan och Köping är 449 km och Karl-Johan Gyllenstorm beräknade körtiden till cirka 357 minuter.,<url><loc>https://pendlings-app1.t-767929534-cloudflare.workers.dev/?fran=Klippan&amp;till=Köping</loc><changefreq>monthly</changefreq></url>
Eslöv,Vimmerby,869,606,Avståndet mellan Eslöv och Vimmerby är 869 km och Karl-Johan Gyllenstorm beräknade körtiden till cirka 606 minuter.,<url><loc>https://pendlings-app1.t-767929534-cloudflare.workers.dev/?fran=Eslöv&amp;till=Vimmerby</loc><changefreq>monthly</changefreq></url>
Karlsborg,Borås,230,164,Avståndet mellan Karlsborg och Borås är 230 km och Karl-Johan Gyllenstorm beräknade körtiden till cirka 164 minuter.,<url><loc>https://pendlings-app1.t-767929534-cloudflare.workers.dev/?fran=Karlsborg&amp;till=Borås</loc><changefreq>monthly</changefreq></url>
Svenljunga,Vellinge,590,392,Avståndet mellan Svenljunga och Vellinge är 590 km och Karl-Johan Gyllenstorm beräknade körtiden till cirka 392 minuter.,<url><loc>https://pendlings-app1.t-767929534-cloudflare.workers.dev/?fran=Svenljunga&amp;till=Vellinge</loc><changefreq>monthly</changefreq></url>
Nybro,Ånge,209,148,Avståndet mellan Nybro och Ånge är 209 km och Karl-Johan Gyllenstorm beräknade körtiden till cirka 148 minuter.,<url><loc>https://pendlings-app1.t-767929534-cloudflare.workers.dev/?fran=Nybro&amp;till=Ånge</loc><changefreq>monthly</changefreq></url>
Växjö,Dorotea,892,627,Avståndet mellan Växjö och Dorotea är 892 km och Karl-Johan Gyllenstorm beräknade körtiden till cirka 627 minuter.,<url><loc>https://pendlings-app1.t-767929534-cloudflare.workers.dev/?fran=Växjö&amp;till=Dorotea</loc><changefreq>monthly</changefreq></url>
Vänersborg,Slite,1139,908,Avståndet mellan Vänersborg och Slite är 1139 km och Karl-Johan Gyllenstorm beräknade körtiden till cirka 908 minuter.,<url><loc>https://pendlings-app1.t-767929534-cloudflare.workers.dev/?fran=Vänersborg&amp;till=Slite</loc><changefreq>monthly</changefreq></url>
Knivsta,Söderhamn,224,147,Avståndet mellan Knivsta och Söderhamn är 224 km och Karl-Johan Gyllenstorm beräknade körtiden till cirka 147 minuter.,<url><loc>https://pendlings-app1.t-767929534-cloudflare.workers.dev/?fran=Knivsta&amp;till=Söderhamn</loc><changefreq>monthly</changefreq></url>
Sölvesborg,Malmö,1397,1018,Avståndet mellan Sölvesborg och Malmö är 1397 km och Karl-Johan Gyllenstorm beräknade körtiden till cirka 1018 minuter.,<url><loc>https://pendlings-app1.t-767929534-cloudflare.workers.dev/?fran=Sölvesborg&amp;till=Malmö</loc><changefreq>monthly</changefreq></url>
Finspång,Norberg,244,188,Avståndet mellan Finspång och Norberg är 244 km och Karl-Johan Gyllenstorm beräknade körtiden till cirka 188 minuter.,<url><loc>https://pendlings-app1.t-767929534-cloudflare.workers.dev/?fran=Finspång&amp;till=Norberg</loc><changefreq>monthly</changefreq></url>
Eslöv,Stockholm,87,57,Avståndet mellan Eslöv och Stockholm är 87 km och Karl-Johan Gyllenstorm beräknade körtiden till cirka 57 minuter.,<url><loc>https://pendlings-app1.t-767929534-cloudflare.workers.dev/?fran=Eslöv&amp;till=Stockholm</loc><changefreq>monthly</changefreq></url>
Grästorp,Åmål,246,156,Avståndet mellan Grästorp och Åmål är 246 km och Karl-Johan Gyllenstorm beräknade körtiden till cirka 156 minuter.,<url><loc>https://pendlings-app1.t-767929534-cloudflare.workers.dev/?fran=Grästorp&amp;till=Åmål</loc><changefreq>monthly</changefreq></url>
Vårgårda,Gnestad,149,106,Avståndet mellan Vårgårda och Gnestad är 149 km och Karl-Johan Gyllenstorm beräknade körtiden till cirka 106 minuter.,<url><loc>https://pendlings-app1.t-767929534-cloudflare.workers.dev/?fran=Vårgårda&amp;till=Gnestad</loc><changefreq>monthly</changefreq></url>
Härjedalen,Orsa,425,299,Avståndet mellan Härjedalen och Orsa är 425 km och Karl-Johan Gyllenstorm beräknade körtiden till cirka 299 minuter.,<url><loc>https://pendlings-app1.t-767929534-cloudflare.workers.dev/?fran=Härjedalen&amp;till=Orsa</loc><changefreq>monthly</changefreq></url>
Eda,Köping,861,615,Avståndet mellan Eda och Köping är 861 km och Karl-Johan Gyllenstorm beräknade körtiden till cirka 615 minuter.,<url><loc>https://pendlings-app1.t-767929534-cloudflare.workers.dev/?fran=Eda&amp;till=Köping</loc><changefreq>monthly</changefreq></url>
Mönsterås,Östhammar,529,417,Avståndet mellan Mönsterås och Östhammar är 529 km och Karl-Johan Gyllenstorm beräknade körtiden till cirka 417 minuter.,<url><loc>https://pendlings-app1.t-767929534-cloudflare.workers.dev/?fran=Mönsterås&amp;till=Östhammar</loc><changefreq>monthly</changefreq></url>
Göteborg,Åre,494,363,Avståndet mellan Göteborg och Åre är 494 km och Karl-Johan Gyllenstorm beräknade körtiden till cirka 363 minuter.,<url><loc>https://pendlings-app1.t-767929534-cloudflare.workers.dev/?fran=Göteborg&amp;till=Åre</loc><changefreq>monthly</changefreq></url>
Boxholm,Vara,122,80,Avståndet mellan Boxholm och Vara är 122 km och Karl-Johan Gyllenstorm beräknade körtiden till cirka 80 minuter.,<url><loc>https://pendlings-app1.t-767929534-cloudflare.workers.dev/?fran=Boxholm&amp;till=Vara</loc><changefreq>monthly</changefreq></url>
Vänersborg,Strömstad,614,448,Avståndet mellan Vänersborg och Strömstad är 614 km och Karl-Johan Gyllenstorm beräknade körtiden till cirka 448 minuter.,<url><loc>https://pendlings-app1.t-767929534-cloudflare.workers.dev/?fran=Vänersborg&amp;till=Strömstad</loc><changefreq>monthly</changefreq></url>
Fårösund,Sala,1111,709,Avståndet mellan Fårösund och Sala är 1111 km och Karl-Johan Gyllenstorm beräknade körtiden till cirka 709 minuter.,<url><loc>https://pendlings-app1.t-767929534-cloudflare.workers.dev/?fran=Fårösund&amp;till=Sala</loc><changefreq>monthly</changefreq></url>
Bollnäs,Rättvik,1032,764,Avståndet mellan Bollnäs och Rättvik är 1032 km och Karl-Johan Gyllenstorm beräknade körtiden till cirka 764 minuter.,<url><loc>https://pendlings-app1.t-767929534-cloudflare.workers.dev/?fran=Bollnäs&amp;till=Rättvik</loc><changefreq>monthly</changefreq></url>
Sorsele,Åsele,845,646,Avståndet mellan Sorsele och Åsele är 845 km och Karl-Johan Gyllenstorm beräknade körtiden till cirka 646 minuter.,<url><loc>https://pendlings-app1.t-767929534-cloudflare.workers.dev/?fran=Sorsele&amp;till=Åsele</loc><changefreq>monthly</changefreq></url>
Bjuv,Burgsvik,427,339,Avståndet mellan Bjuv och Burgsvik är 427 km och Karl-Johan Gyllenstorm beräknade körtiden till cirka 339 minuter.,<url><loc>https://pendlings-app1.t-767929534-cloudflare.workers.dev/?fran=Bjuv&amp;till=Burgsvik</loc><changefreq>monthly</changefreq></url>
Härjedalen,Boden,1182,847,Avståndet mellan Härjedalen och Boden är 1182 km och Karl-Johan Gyllenstorm beräknade körtiden till cirka 847 minuter.,<url><loc>https://pendlings-app1.t-767929534-cloudflare.workers.dev/?fran=Härjedalen&amp;till=Boden</loc><changefreq>monthly</changefreq></url>
Tingstäde,Sölvesborg,739,518,Avståndet mellan Tingstäde och Sölvesborg är 739 km och Karl-Johan Gyllenstorm beräknade körtiden till cirka 518 minuter.,<url><loc>https://pendlings-app1.t-767929534-cloudflare.workers.dev/?fran=Tingstäde&amp;till=Sölvesborg</loc><changefreq>monthly</changefreq></url>
Gislaved,Aneby,1106,750,Avståndet mellan Gislaved och Aneby är 1106 km och Karl-Johan Gyllenstorm beräknade körtiden till cirka 750 minuter.,<url><loc>https://pendlings-app1.t-767929534-cloudflare.workers.dev/?fran=Gislaved&amp;till=Aneby</loc><changefreq>monthly</changefreq></url>
Svalöv,Hemse,940,675,Avståndet mellan Svalöv och Hemse är 940 km och Karl-Johan Gyllenstorm beräknade körtiden till cirka 675 minuter.,<url><loc>https://pendlings-app1.t-767929534-cloudflare.workers.dev/?fran=Svalöv&amp;till=Hemse</loc><changefreq>monthly</changefreq></url>
Värnamo,Strömsund,904,624,Avståndet mellan Värnamo och Strömsund är 904 km och Karl-Johan Gyllenstorm beräknade körtiden till cirka 624 minuter.,<url><loc>https://pendlings-app1.t-767929534-cloudflare.workers.dev/?fran=Värnamo&amp;till=Strömsund</loc><changefreq>monthly</changefreq></url>
Ystad,Nora,1041,826,Avståndet mellan Ystad och Nora är 1041 km och Karl-Johan Gyllenstorm beräknade körtiden till cirka 826 minuter.,<url><loc>https://pendlings-app1.t-767929534-cloudflare.workers.dev/?fran=Ystad&amp;till=Nora</loc><changefreq>monthly</changefreq></url>
Karlskrona,Ed,271,189,Avståndet mellan Karlskrona och Ed är 271 km och Karl-Johan Gyllenstorm beräknade körtiden till cirka 189 minuter.,<url><loc>https://pendlings-app1.t-767929534-cloudflare.workers.dev/?fran=Karlskrona&amp;till=Ed</loc><changefreq>monthly</changefreq></url>
Skurup,Strömsund,708,538,Avståndet mellan Skurup och Strömsund är 708 km och Karl-Johan Gyllenstorm beräknade körtiden till cirka 538 minuter.,<url><loc>https://pendlings-app1.t-767929534-cloudflare.workers.dev/?fran=Skurup&amp;till=Strömsund</loc><changefreq>monthly</changefreq></url>
Tomelilla,Åmål,1399,922,Avståndet mellan Tomelilla och Åmål är 1399 km och Karl-Johan Gyllenstorm beräknade körtiden till cirka 922 minuter.,<url><loc>https://pendlings-app1.t-767929534-cloudflare.workers.dev/?fran=Tomelilla&amp;till=Åmål</loc><changefreq>monthly</changefreq></url>
Värnamo,Malå,435,300,Avståndet mellan Värnamo och Malå är 435 km och Karl-Johan Gyllenstorm beräknade körtiden till cirka 300 minuter.,<url><loc>https://pendlings-app1.t-767929534-cloudflare.workers.dev/?fran=Värnamo&amp;till=Malå</loc><changefreq>monthly</changefreq></url>
Västerås,Skurup,345,226,Avståndet mellan Västerås och Skurup är 345 km och Karl-Johan Gyllenstorm beräknade körtiden till cirka 226 minuter.,<url><loc>https://pendlings-app1.t-767929534-cloudflare.workers.dev/?fran=Västerås&amp;till=Skurup</loc><changefreq>monthly</changefreq></url>
Kävlinge,Vimmerby,925,594,Avståndet mellan Kävlinge och Vimmerby är 925 km och Karl-Johan Gyllenstorm beräknade körtiden till cirka 594 minuter.,<url><loc>https://pendlings-app1.t-767929534-cloudflare.workers.dev/?fran=Kävlinge&amp;till=Vimmerby</loc><changefreq>monthly</changefreq></url>
Vårgårda,Munkfors,920,595,Avståndet mellan Vårgårda och Munkfors är 920 km och Karl-Johan Gyllenstorm beräknade körtiden till cirka 595 minuter.,<url><loc>https://pendlings-app1.t-767929534-cloudflare.workers.dev/?fran=Vårgårda&amp;till=Munkfors</loc><changefreq>monthly</changefreq></url>
Munkfors,Ånge,919,603,Avståndet mellan Munkfors och Ånge är 919 km och Karl-Johan Gyllenstorm beräknade körtiden till cirka 603 minuter.,<url><loc>https://pendlings-app1.t-767929534-cloudflare.workers.dev/?fran=Munkfors&amp;till=Ånge</loc><changefreq>monthly</changefreq></url>
Trollhättan,Vibble,186,136,Avståndet mellan Trollhättan och Vibble är 186 km och Karl-Johan Gyllenstorm beräknade körtiden till cirka 136 minuter.,<url><loc>https://pendlings-app1.t-767929534-cloudflare.workers.dev/?fran=Trollhättan&amp;till=Vibble</loc><changefreq>monthly</changefreq></url>
Sälen,Kristinehamn,156,109,Avståndet mellan Sälen och Kristinehamn är 156 km och Karl-Johan Gyllenstorm beräknade körtiden till cirka 109 minuter.,<url><loc>https://pendlings-app1.t-767929534-cloudflare.workers.dev/?fran=Sälen&amp;till=Kristinehamn</loc><changefreq>monthly</changefreq></url>
Karlsborg,Östra Göinge,308,208,Avståndet mellan Karlsborg och Östra Göinge är 308 km och Karl-Johan Gyllenstorm beräknade körtiden till cirka 208 minuter.,<url><loc>https://pendlings-app1.t-767929534-cloudflare.workers.dev/?fran=Karlsborg&amp;till=Östra Göinge</loc><changefreq>monthly</changefreq></url>
Kungsbacka,Bålsta,997,794,Avståndet mellan Kungsbacka och Bålsta är 997 km och Karl-Johan Gyllenstorm beräknade körtiden till cirka 794 minuter.,<url><loc>https://pendlings-app1.t-767929534-cloudflare.workers.dev/?fran=Kungsbacka&amp;till=Bålsta</loc><changefreq>monthly</changefreq></url>
Eda,Habon,142,90,Avståndet mellan Eda och Habon är 142 km och Karl-Johan Gyllenstorm beräknade körtiden till cirka 90 minuter.,<url><loc>https://pendlings-app1.t-767929534-cloudflare.workers.dev/?fran=Eda&amp;till=Habon</loc><changefreq>monthly</changefreq></url>
Lund,Tierp,850,612,Avståndet mellan Lund och Tierp är 850 km och Karl-Johan Gyllenstorm beräknade körtiden till cirka 612 minuter.,<url><loc>https://pendlings-app1.t-767929534-cloudflare.workers.dev/?fran=Lund&amp;till=Tierp</loc><changefreq>monthly</changefreq></url>
Borlänge,Lysekil,230,170,Avståndet mellan Borlänge och Lysekil är 230 km och Karl-Johan Gyllenstorm beräknade körtiden till cirka 170 minuter.,<url><loc>https://pendlings-app1.t-767929534-cloudflare.workers.dev/?fran=Borlänge&amp;till=Lysekil</loc><changefreq>monthly</changefreq></url>
Vibble,Hudiksvall,701,480,Avståndet mellan Vibble och Hudiksvall är 701 km och Karl-Johan Gyllenstorm beräknade körtiden till cirka 480 minuter.,<url><loc>https://pendlings-app1.t-767929534-cloudflare.workers.dev/?fran=Vibble&amp;till=Hudiksvall</loc><changefreq>monthly</changefreq></url>
Enköping,Krokom,76,51,Avståndet mellan Enköping och Krokom är 76 km och Karl-Johan Gyllenstorm beräknade körtiden till cirka 51 minuter.,<url><loc>https://pendlings-app1.t-767929534-cloudflare.workers.dev/?fran=Enköping&amp;till=Krokom</loc><changefreq>monthly</changefreq></url>
Färgelanda,Karlskrona,263,208,Avståndet mellan Färgelanda och Karlskrona är 263 km och Karl-Johan Gyllenstorm beräknade körtiden till cirka 208 minuter.,<url><loc>https://pendlings-app1.t-767929534-cloudflare.workers.dev/?fran=Färgelanda&amp;till=Karlskrona</loc><changefreq>monthly</changefreq></url>
Vilhelmina,Ånge,1230,871,Avståndet mellan Vilhelmina och Ånge är 1230 km och Karl-Johan Gyllenstorm beräknade körtiden till cirka 871 minuter.,<url><loc>https://pendlings-app1.t-767929534-cloudflare.workers.dev/?fran=Vilhelmina&amp;till=Ånge</loc><changefreq>monthly</changefreq></url>
Lidköping,Emmaboda,982,760,Avståndet mellan Lidköping och Emmaboda är 982 km och Karl-Johan Gyllenstorm beräknade körtiden till cirka 760 minuter.,<url><loc>https://pendlings-app1.t-767929534-cloudflare.workers.dev/?fran=Lidköping&amp;till=Emmaboda</loc><changefreq>monthly</changefreq></url>
Borgholm,Vimmerby,541,429,Avståndet mellan Borgholm och Vimmerby är 541 km och Karl-Johan Gyllenstorm beräknade körtiden till cirka 429 minuter.,<url><loc>https://pendlings-app1.t-767929534-cloudflare.workers.dev/?fran=Borgholm&amp;till=Vimmerby</loc><changefreq>monthly</changefreq></url>
Strömsund,Bromölla,1366,1021,Avståndet mellan Strömsund och Bromölla är 1366 km och Karl-Johan Gyllenstorm beräknade körtiden till cirka 1021 minuter.,<url><loc>https://pendlings-app1.t-767929534-cloudflare.workers.dev/?fran=Strömsund&amp;till=Bromölla</loc><changefreq>monthly</changefreq></url>
Söderhamn,Borås,508,355,Avståndet mellan Söderhamn och Borås är 508 km och Karl-Johan Gyllenstorm beräknade körtiden till cirka 355 minuter.,<url><loc>https://pendlings-app1.t-767929534-cloudflare.workers.dev/?fran=Söderhamn&amp;till=Borås</loc><changefreq>monthly</changefreq></url>
Älvdalen,Stånga,1155,908,Avståndet mellan Älvdalen och Stånga är 1155 km och Karl-Johan Gyllenstorm beräknade körtiden till cirka 908 minuter.,<url><loc>https://pendlings-app1.t-767929534-cloudflare.workers.dev/?fran=Älvdalen&amp;till=Stånga</loc><changefreq>monthly</changefreq></url>
Fagersta,Klippan,1177,783,Avståndet mellan Fagersta och Klippan är 1177 km och Karl-Johan Gyllenstorm beräknade körtiden till cirka 783 minuter.,<url><loc>https://pendlings-app1.t-767929534-cloudflare.workers.dev/?fran=Fagersta&amp;till=Klippan</loc><changefreq>monthly</changefreq></url>
Vibble,Skutskär,1317,889,Avståndet mellan Vibble och Skutskär är 1317 km och Karl-Johan Gyllenstorm beräknade körtiden till cirka 889 minuter.,<url><loc>https://pendlings-app1.t-767929534-cloudflare.workers.dev/?fran=Vibble&amp;till=Skutskär</loc><changefreq>monthly</changefreq></url>
Ljusnarsberg,Eslöv,1200,959,Avståndet mellan Ljusnarsberg och Eslöv är 1200 km och Karl-Johan Gyllenstorm beräknade körtiden till cirka 959 minuter.,<url><loc>https://pendlings-app1.t-767929534-cloudflare.workers.dev/?fran=Ljusnarsberg&amp;till=Eslöv</loc><changefreq>monthly</changefreq></url>
Uddevalla,Håbo,535,363,Avståndet mellan Uddevalla och Håbo är 535 km och Karl-Johan Gyllenstorm beräknade körtiden till cirka 363 minuter.,<url><loc>https://pendlings-app1.t-767929534-cloudflare.workers.dev/?fran=Uddevalla&amp;till=Håbo</loc><changefreq>monthly</changefreq></url>
Gävle,Ludvika,159,117,Avståndet mellan Gävle och Ludvika är 159 km och Karl-Johan Gyllenstorm beräknade körtiden till cirka 117 minuter.,<url><loc>https://pendlings-app1.t-767929534-cloudflare.workers.dev/?fran=Gävle&amp;till=Ludvika</loc><changefreq>monthly</changefreq></url>
Gislaved,Örnsköldsvik,377,298,Avståndet mellan Gislaved och Örnsköldsvik är 377 km och Karl-Johan Gyllenstorm beräknade körtiden till cirka 298 minuter.,<url><loc>https://pendlings-app1.t-767929534-cloudflare.workers.dev/?fran=Gislaved&amp;till=Örnsköldsvik</loc><changefreq>monthly</changefreq></url>
Charlottenberg,Hjo,1275,878,Avståndet mellan Charlottenberg och Hjo är 1275 km och Karl-Johan Gyllenstorm beräknade körtiden till cirka 878 minuter.,<url><loc>https://pendlings-app1.t-767929534-cloudflare.workers.dev/?fran=Charlottenberg&amp;till=Hjo</loc><changefreq>monthly</changefreq></url>
Roma,Härjedalen,102,67,Avståndet mellan Roma och Härjedalen är 102 km och Karl-Johan Gyllenstorm beräknade körtiden till cirka 67 minuter.,<url><loc>https://pendlings-app1.t-767929534-cloudflare.workers.dev/?fran=Roma&amp;till=Härjedalen</loc><changefreq>monthly</changefreq></url>
Gullspång,Övertorneå,634,433,Avståndet mellan Gullspång och Övertorneå är 634 km och Karl-Johan Gyllenstorm beräknade körtiden till cirka 433 minuter.,<url><loc>https://pendlings-app1.t-767929534-cloudflare.workers.dev/?fran=Gullspång&amp;till=Övertorneå</loc><changefreq>monthly</changefreq></url>
Helsingborg,Oskarshamn,1249,820,Avståndet mellan Helsingborg och Oskarshamn är 1249 km och Karl-Johan Gyllenstorm beräknade körtiden till cirka 820 minuter.,<url><loc>https://pendlings-app1.t-767929534-cloudflare.workers.dev/?fran=Helsingborg&amp;till=Oskarshamn</loc><changefreq>monthly</changefreq></url>
Nybro,Borås,833,551,Avståndet mellan Nybro och Borås är 833 km och Karl-Johan Gyllenstorm beräknade körtiden till cirka 551 minuter.,<url><loc>https://pendlings-app1.t-767929534-cloudflare.workers.dev/?fran=Nybro&amp;till=Borås</loc><changefreq>monthly</changefreq></url>
Helsingborg,Fagersta,1108,701,Avståndet mellan Helsingborg och Fagersta är 1108 km och Karl-Johan Gyllenstorm beräknade körtiden till cirka 701 minuter.,<url><loc>https://pendlings-app1.t-767929534-cloudflare.workers.dev/?fran=Helsingborg&amp;till=Fagersta</loc><changefreq>monthly</changefreq></url>
Karlshamn,Stånga,1333,1006,Avståndet mellan Karlshamn och Stånga är 1333 km och Karl-Johan Gyllenstorm beräknade körtiden till cirka 1006 minuter.,<url><loc>https://pendlings-app1.t-767929534-cloudflare.workers.dev/?fran=Karlshamn&amp;till=Stånga</loc><changefreq>monthly</changefreq></url>
Hällefor,Stockholm,158,120,Avståndet mellan Hällefor och Stockholm är 158 km och Karl-Johan Gyllenstorm beräknade körtiden till cirka 120 minuter.,<url><loc>https://pendlings-app1.t-767929534-cloudflare.workers.dev/?fran=Hällefor&amp;till=Stockholm</loc><changefreq>monthly</changefreq></url>
Gimo,Jönköping,1233,883,Avståndet mellan Gimo och Jönköping är 1233 km och Karl-Johan Gyllenstorm beräknade körtiden till cirka 883 minuter.,<url><loc>https://pendlings-app1.t-767929534-cloudflare.workers.dev/?fran=Gimo&amp;till=Jönköping</loc><changefreq>monthly</changefreq></url>
Malung,Torsby,271,178,Avståndet mellan Malung och Torsby är 271 km och Karl-Johan Gyllenstorm beräknade körtiden till cirka 178 minuter.,<url><loc>https://pendlings-app1.t-767929534-cloudflare.workers.dev/?fran=Malung&amp;till=Torsby</loc><changefreq>monthly</changefreq></url>
Älvsbyn,Vilhelmina,807,556,Avståndet mellan Älvsbyn och Vilhelmina är 807 km och Karl-Johan Gyllenstorm beräknade körtiden till cirka 556 minuter.,<url><loc>https://pendlings-app1.t-767929534-cloudflare.workers.dev/?fran=Älvsbyn&amp;till=Vilhelmina</loc><changefreq>monthly</changefreq></url>
Sälen,Ulricehamn,624,486,Avståndet mellan Sälen och Ulricehamn är 624 km och Karl-Johan Gyllenstorm beräknade körtiden till cirka 486 minuter.,<url><loc>https://pendlings-app1.t-767929534-cloudflare.workers.dev/?fran=Sälen&amp;till=Ulricehamn</loc><changefreq>monthly</changefreq></url>
Åsele,Uddevalla,807,515,Avståndet mellan Åsele och Uddevalla är 807 km och Karl-Johan Gyllenstorm beräknade körtiden till cirka 515 minuter.,<url><loc>https://pendlings-app1.t-767929534-cloudflare.workers.dev/?fran=Åsele&amp;till=Uddevalla</loc><changefreq>monthly</changefreq></url>
Svalöv,Kalix,329,249,Avståndet mellan Svalöv och Kalix är 329 km och Karl-Johan Gyllenstorm beräknade körtiden till cirka 249 minuter.,<url><loc>https://pendlings-app1.t-767929534-cloudflare.workers.dev/?fran=Svalöv&amp;till=Kalix</loc><changefreq>monthly</changefreq></url>
Huddinge,Hörby,612,390,Avståndet mellan Huddinge och Hörby är 612 km och Karl-Johan Gyllenstorm beräknade körtiden till cirka 390 minuter.,<url><loc>https://pendlings-app1.t-767929534-cloudflare.workers.dev/?fran=Huddinge&amp;till=Hörby</loc><changefreq>monthly</changefreq></url>
Lund,Bengtsfors,1018,722,Avståndet mellan Lund och Bengtsfors är 1018 km och Karl-Johan Gyllenstorm beräknade körtiden till cirka 722 minuter.,<url><loc>https://pendlings-app1.t-767929534-cloudflare.workers.dev/?fran=Lund&amp;till=Bengtsfors</loc><changefreq>monthly</changefreq></url>
Bollnäs,Laxå,570,428,Avståndet mellan Bollnäs och Laxå är 570 km och Karl-Johan Gyllenstorm beräknade körtiden till cirka 428 minuter.,<url><loc>https://pendlings-app1.t-767929534-cloudflare.workers.dev/?fran=Bollnäs&amp;till=Laxå</loc><changefreq>monthly</changefreq></url>
Malung,Sävsjö,381,253,Avståndet mellan Malung och Sävsjö är 381 km och Karl-Johan Gyllenstorm beräknade körtiden till cirka 253 minuter.,<url><loc>https://pendlings-app1.t-767929534-cloudflare.workers.dev/?fran=Malung&amp;till=Sävsjö</loc><changefreq>monthly</changefreq></url>
Strömsund,Kalix,919,701,Avståndet mellan Strömsund och Kalix är 919 km och Karl-Johan Gyllenstorm beräknade körtiden till cirka 701 minuter.,<url><loc>https://pendlings-app1.t-767929534-cloudflare.workers.dev/?fran=Strömsund&amp;till=Kalix</loc><changefreq>monthly</changefreq></url>
Ockelbo,Göteborg,1435,913,Avståndet mellan Ockelbo och Göteborg är 1435 km och Karl-Johan Gyllenstorm beräknade körtiden till cirka 913 minuter.,<url><loc>https://pendlings-app1.t-767929534-cloudflare.workers.dev/?fran=Ockelbo&amp;till=Göteborg</loc><changefreq>monthly</changefreq></url>
Skövde,Trelleborg,1396,965,Avståndet mellan Skövde och Trelleborg är 1396 km och Karl-Johan Gyllenstorm beräknade körtiden till cirka 965 minuter.,<url><loc>https://pendlings-app1.t-767929534-cloudflare.workers.dev/?fran=Skövde&amp;till=Trelleborg</loc><changefreq>monthly</changefreq></url>
Haparanda,Bromölla,617,427,Avståndet mellan Haparanda och Bromölla är 617 km och Karl-Johan Gyllenstorm beräknade körtiden till cirka 427 minuter.,<url><loc>https://pendlings-app1.t-767929534-cloudflare.workers.dev/?fran=Haparanda&amp;till=Bromölla</loc><changefreq>monthly</changefreq></url>
Alingsås,Bollnäs,258,163,Avståndet mellan Alingsås och Bollnäs är 258 km och Karl-Johan Gyllenstorm beräknade körtiden till cirka 163 minuter.,<url><loc>https://pendlings-app1.t-767929534-cloudflare.workers.dev/?fran=Alingsås&amp;till=Bollnäs</loc><changefreq>monthly</changefreq></url>
Svalöv,Sjöbo,938,618,Avståndet mellan Svalöv och Sjöbo är 938 km och Karl-Johan Gyllenstorm beräknade körtiden till cirka 618 minuter.,<url><loc>https://pendlings-app1.t-767929534-cloudflare.workers.dev/?fran=Svalöv&amp;till=Sjöbo</loc><changefreq>monthly</changefreq></url>
Sälen,Ystad,162,109,Avståndet mellan Sälen och Ystad är 162 km och Karl-Johan Gyllenstorm beräknade körtiden till cirka 109 minuter.,<url><loc>https://pendlings-app1.t-767929534-cloudflare.workers.dev/?fran=Sälen&amp;till=Ystad</loc><changefreq>monthly</changefreq></url>
Norberg,Flen,565,433,Avståndet mellan Norberg och Flen är 565 km och Karl-Johan Gyllenstorm beräknade körtiden till cirka 433 minuter.,<url><loc>https://pendlings-app1.t-767929534-cloudflare.workers.dev/?fran=Norberg&amp;till=Flen</loc><changefreq>monthly</changefreq></url>
Borgholm,Mjölby,907,592,Avståndet mellan Borgholm och Mjölby är 907 km och Karl-Johan Gyllenstorm beräknade körtiden till cirka 592 minuter.,<url><loc>https://pendlings-app1.t-767929534-cloudflare.workers.dev/?fran=Borgholm&amp;till=Mjölby</loc><changefreq>monthly</changefreq></url>
Töreboda,Ragunda,1377,1062,Avståndet mellan Töreboda och Ragunda är 1377 km och Karl-Johan Gyllenstorm beräknade körtiden till cirka 1062 minuter.,<url><loc>https://pendlings-app1.t-767929534-cloudflare.workers.dev/?fran=Töreboda&amp;till=Ragunda</loc><changefreq>monthly</changefreq></url>
Mönsterås,Filipstad,463,329,Avståndet mellan Mönsterås och Filipstad är 463 km och Karl-Johan Gyllenstorm beräknade körtiden till cirka 329 minuter.,<url><loc>https://pendlings-app1.t-767929534-cloudflare.workers.dev/?fran=Mönsterås&amp;till=Filipstad</loc><changefreq>monthly</changefreq></url>
Strömstad,Skara,1080,769,Avståndet mellan Strömstad och Skara är 1080 km och Karl-Johan Gyllenstorm beräknade körtiden till cirka 769 minuter.,<url><loc>https://pendlings-app1.t-767929534-cloudflare.workers.dev/?fran=Strömstad&amp;till=Skara</loc><changefreq>monthly</changefreq></url>
Övertorneå,Ånge,1132,739,Avståndet mellan Övertorneå och Ånge är 1132 km och Karl-Johan Gyllenstorm beräknade körtiden till cirka 739 minuter.,<url><loc>https://pendlings-app1.t-767929534-cloudflare.workers.dev/?fran=Övertorneå&amp;till=Ånge</loc><changefreq>monthly</changefreq></url>
Färgelanda,Götene,241,188,Avståndet mellan Färgelanda och Götene är 241 km och Karl-Johan Gyllenstorm beräknade körtiden till cirka 188 minuter.,<url><loc>https://pendlings-app1.t-767929534-cloudflare.workers.dev/?fran=Färgelanda&amp;till=Götene</loc><changefreq>monthly</changefreq></url>
Östra Göinge,Norrköping,137,90,Avståndet mellan Östra Göinge och Norrköping är 137 km och Karl-Johan Gyllenstorm beräknade körtiden till cirka 90 minuter.,<url><loc>https://pendlings-app1.t-767929534-cloudflare.workers.dev/?fran=Östra Göinge&amp;till=Norrköping</loc><changefreq>monthly</changefreq></url>
Malå,Mariestad,1378,936,Avståndet mellan Malå och Mariestad är 1378 km och Karl-Johan Gyllenstorm beräknade körtiden till cirka 936 minuter.,<url><loc>https://pendlings-app1.t-767929534-cloudflare.workers.dev/?fran=Malå&amp;till=Mariestad</loc><changefreq>monthly</changefreq></url>
Eskilstuna,Norsjö,81,55,Avståndet mellan Eskilstuna och Norsjö är 81 km och Karl-Johan Gyllenstorm beräknade körtiden till cirka 55 minuter.,<url><loc>https://pendlings-app1.t-767929534-cloudflare.workers.dev/?fran=Eskilstuna&amp;till=Norsjö</loc><changefreq>monthly</changefreq></url>
Lidköping,Helsingborg,1377,944,Avståndet mellan Lidköping och Helsingborg är 1377 km och Karl-Johan Gyllenstorm beräknade körtiden till cirka 944 minuter.,<url><loc>https://pendlings-app1.t-767929534-cloudflare.workers.dev/?fran=Lidköping&amp;till=Helsingborg</loc><changefreq>monthly</changefreq></url>
Vilhelmina,Vetlanda,219,143,Avståndet mellan Vilhelmina och Vetlanda är 219 km och Karl-Johan Gyllenstorm beräknade körtiden till cirka 143 minuter.,<url><loc>https://pendlings-app1.t-767929534-cloudflare.workers.dev/?fran=Vilhelmina&amp;till=Vetlanda</loc><changefreq>monthly</changefreq></url>
Tingstäde,Umeå,1142,730,Avståndet mellan Tingstäde och Umeå är 1142 km och Karl-Johan Gyllenstorm beräknade körtiden till cirka 730 minuter.,<url><loc>https://pendlings-app1.t-767929534-cloudflare.workers.dev/?fran=Tingstäde&amp;till=Umeå</loc><changefreq>monthly</changefreq></url>
Storfors,Ängelholm,196,148,Avståndet mellan Storfors och Ängelholm är 196 km och Karl-Johan Gyllenstorm beräknade körtiden till cirka 148 minuter.,<url><loc>https://pendlings-app1.t-767929534-cloudflare.workers.dev/?fran=Storfors&amp;till=Ängelholm</loc><changefreq>monthly</changefreq></url>
Ljusnarsberg,Malå,1426,961,Avståndet mellan Ljusnarsberg och Malå är 1426 km och Karl-Johan Gyllenstorm beräknade körtiden till cirka 961 minuter.,<url><loc>https://pendlings-app1.t-767929534-cloudflare.workers.dev/?fran=Ljusnarsberg&amp;till=Malå</loc><changefreq>monthly</changefreq></url>
Eskilstuna,Ludvika,1284,891,Avståndet mellan Eskilstuna och Ludvika är 1284 km och Karl-Johan Gyllenstorm beräknade körtiden till cirka 891 minuter.,<url><loc>https://pendlings-app1.t-767929534-cloudflare.workers.dev/?fran=Eskilstuna&amp;till=Ludvika</loc><changefreq>monthly</changefreq></url>
Vansbro,Ånge,1244,877,Avståndet mellan Vansbro och Ånge är 1244 km och Karl-Johan Gyllenstorm beräknade körtiden till cirka 877 minuter.,<url><loc>https://pendlings-app1.t-767929534-cloudflare.workers.dev/?fran=Vansbro&amp;till=Ånge</loc><changefreq>monthly</changefreq></url>
Visby,Åsele,1222,873,Avståndet mellan Visby och Åsele är 1222 km och Karl-Johan Gyllenstorm beräknade körtiden till cirka 873 minuter.,<url><loc>https://pendlings-app1.t-767929534-cloudflare.workers.dev/?fran=Visby&amp;till=Åsele</loc><changefreq>monthly</changefreq></url>
Jönköping,Trelleborg,325,210,Avståndet mellan Jönköping och Trelleborg är 325 km och Karl-Johan Gyllenstorm beräknade körtiden till cirka 210 minuter.,<url><loc>https://pendlings-app1.t-767929534-cloudflare.workers.dev/?fran=Jönköping&amp;till=Trelleborg</loc><changefreq>monthly</changefreq></url>
Ödeshög,Kils,196,124,Avståndet mellan Ödeshög och Kils är 196 km och Karl-Johan Gyllenstorm beräknade körtiden till cirka 124 minuter.,<url><loc>https://pendlings-app1.t-767929534-cloudflare.workers.dev/?fran=Ödeshög&amp;till=Kils</loc><changefreq>monthly</changefreq></url>
Knivsta,Sveg,70,47,Avståndet mellan Knivsta och Sveg är 70 km och Karl-Johan Gyllenstorm beräknade körtiden till cirka 47 minuter.,<url><loc>https://pendlings-app1.t-767929534-cloudflare.workers.dev/?fran=Knivsta&amp;till=Sveg</loc><changefreq>monthly</changefreq></url>
Falköping,Örebro,1125,793,Avståndet mellan Falköping och Örebro är 1125 km och Karl-Johan Gyllenstorm beräknade körtiden till cirka 793 minuter.,<url><loc>https://pendlings-app1.t-767929534-cloudflare.workers.dev/?fran=Falköping&amp;till=Örebro</loc><changefreq>monthly</changefreq></url>
Mjölby,Älvkarleby,1228,781,Avståndet mellan Mjölby och Älvkarleby är 1228 km och Karl-Johan Gyllenstorm beräknade körtiden till cirka 781 minuter.,<url><loc>https://pendlings-app1.t-767929534-cloudflare.workers.dev/?fran=Mjölby&amp;till=Älvkarleby</loc><changefreq>monthly</changefreq></url>
Vansbro,Båstad,1379,972,Avståndet mellan Vansbro och Båstad är 1379 km och Karl-Johan Gyllenstorm beräknade körtiden till cirka 972 minuter.,<url><loc>https://pendlings-app1.t-767929534-cloudflare.workers.dev/?fran=Vansbro&amp;till=Båstad</loc><changefreq>monthly</changefreq></url>
Nybro,Östra Göinge,169,107,Avståndet mellan Nybro och Östra Göinge är 169 km och Karl-Johan Gyllenstorm beräknade körtiden till cirka 107 minuter.,<url><loc>https://pendlings-app1.t-767929534-cloudflare.workers.dev/?fran=Nybro&amp;till=Östra Göinge</loc><changefreq>monthly</changefreq></url>
Haparanda,Ydre,842,544,Avståndet mellan Haparanda och Ydre är 842 km och Karl-Johan Gyllenstorm beräknade körtiden till cirka 544 minuter.,<url><loc>https://pendlings-app1.t-767929534-cloudflare.workers.dev/?fran=Haparanda&amp;till=Ydre</loc><changefreq>monthly</changefreq></url>
Töreboda,Ljusnarsberg,647,453,Avståndet mellan Töreboda och Ljusnarsberg är 647 km och Karl-Johan Gyllenstorm beräknade körtiden till cirka 453 minuter.,<url><loc>https://pendlings-app1.t-767929534-cloudflare.workers.dev/?fran=Töreboda&amp;till=Ljusnarsberg</loc><changefreq>monthly</changefreq></url>
Sollefteå,Emmaboda,354,236,Avståndet mellan Sollefteå och Emmaboda är 354 km och Karl-Johan Gyllenstorm beräknade körtiden till cirka 236 minuter.,<url><loc>https://pendlings-app1.t-767929534-cloudflare.workers.dev/?fran=Sollefteå&amp;till=Emmaboda</loc><changefreq>monthly</changefreq></url>
Roma,Lärbro,949,606,Avståndet mellan Roma och Lärbro är 949 km och Karl-Johan Gyllenstorm beräknade körtiden till cirka 606 minuter.,<url><loc>https://pendlings-app1.t-767929534-cloudflare.workers.dev/?fran=Roma&amp;till=Lärbro</loc><changefreq>monthly</changefreq></url>
Säffle,Färgelanda,754,530,Avståndet mellan Säffle och Färgelanda är 754 km och Karl-Johan Gyllenstorm beräknade körtiden till cirka 530 minuter.,<url><loc>https://pendlings-app1.t-767929534-cloudflare.workers.dev/?fran=Säffle&amp;till=Färgelanda</loc><changefreq>monthly</changefreq></url>
Finspång,Gnosjö,502,349,Avståndet mellan Finspång och Gnosjö är 502 km och Karl-Johan Gyllenstorm beräknade körtiden till cirka 349 minuter.,<url><loc>https://pendlings-app1.t-767929534-cloudflare.workers.dev/?fran=Finspång&amp;till=Gnosjö</loc><changefreq>monthly</changefreq></url>
Lidköping,Karlskoga,926,588,Avståndet mellan Lidköping och Karlskoga är 926 km och Karl-Johan Gyllenstorm beräknade körtiden till cirka 588 minuter.,<url><loc>https://pendlings-app1.t-767929534-cloudflare.workers.dev/?fran=Lidköping&amp;till=Karlskoga</loc><changefreq>monthly</changefreq></url>
Strömstad,Timrå,790,566,Avståndet mellan Strömstad och Timrå är 790 km och Karl-Johan Gyllenstorm beräknade körtiden till cirka 566 minuter.,<url><loc>https://pendlings-app1.t-767929534-cloudflare.workers.dev/?fran=Strömstad&amp;till=Timrå</loc><changefreq>monthly</changefreq></url>
Hemse,Grythyttan,48,34,Avståndet mellan Hemse och Grythyttan är 48 km och Karl-Johan Gyllenstorm beräknade körtiden till cirka 34 minuter.,<url><loc>https://pendlings-app1.t-767929534-cloudflare.workers.dev/?fran=Hemse&amp;till=Grythyttan</loc><changefreq>monthly</changefreq></url>
Stockholm,Vansbro,151,99,Avståndet mellan Stockholm och Vansbro är 151 km och Karl-Johan Gyllenstorm beräknade körtiden till cirka 99 minuter.,<url><loc>https://pendlings-app1.t-767929534-cloudflare.workers.dev/?fran=Stockholm&amp;till=Vansbro</loc><changefreq>monthly</changefreq></url>
Arvidsjaur,Södertälje,556,389,Avståndet mellan Arvidsjaur och Södertälje är 556 km och Karl-Johan Gyllenstorm beräknade körtiden till cirka 389 minuter.,<url><loc>https://pendlings-app1.t-767929534-cloudflare.workers.dev/?fran=Arvidsjaur&amp;till=Södertälje</loc><changefreq>monthly</changefreq></url>
Hässleholm,Bollnäs,882,626,Avståndet mellan Hässleholm och Bollnäs är 882 km och Karl-Johan Gyllenstorm beräknade körtiden till cirka 626 minuter.,<url><loc>https://pendlings-app1.t-767929534-cloudflare.workers.dev/?fran=Hässleholm&amp;till=Bollnäs</loc><changefreq>monthly</changefreq></url>
Filipstad,Strängnäs,994,675,Avståndet mellan Filipstad och Strängnäs är 994 km och Karl-Johan Gyllenstorm beräknade körtiden till cirka 675 minuter.,<url><loc>https://pendlings-app1.t-767929534-cloudflare.workers.dev/?fran=Filipstad&amp;till=Strängnäs</loc><changefreq>monthly</changefreq></url>
Lärbro,Gislaved,393,257,Avståndet mellan Lärbro och Gislaved är 393 km och Karl-Johan Gyllenstorm beräknade körtiden till cirka 257 minuter.,<url><loc>https://pendlings-app1.t-767929534-cloudflare.workers.dev/?fran=Lärbro&amp;till=Gislaved</loc><changefreq>monthly</changefreq></url>
Gällivare,Lomma,803,558,Avståndet mellan Gällivare och Lomma är 803 km och Karl-Johan Gyllenstorm beräknade körtiden till cirka 558 minuter.,<url><loc>https://pendlings-app1.t-767929534-cloudflare.workers.dev/?fran=Gällivare&amp;till=Lomma</loc><changefreq>monthly</changefreq></url>
Kalmar,Munkedal,638,440,Avståndet mellan Kalmar och Munkedal är 638 km och Karl-Johan Gyllenstorm beräknade körtiden till cirka 440 minuter.,<url><loc>https://pendlings-app1.t-767929534-cloudflare.workers.dev/?fran=Kalmar&amp;till=Munkedal</loc><changefreq>monthly</changefreq></url>
Skinnskatteberg,Falkenberg,212,141,Avståndet mellan Skinnskatteberg och Falkenberg är 212 km och Karl-Johan Gyllenstorm beräknade körtiden till cirka 141 minuter.,<url><loc>https://pendlings-app1.t-767929534-cloudflare.workers.dev/?fran=Skinnskatteberg&amp;till=Falkenberg</loc><changefreq>monthly</changefreq></url>
Kils,Havdhem,1393,1090,Avståndet mellan Kils och Havdhem är 1393 km och Karl-Johan Gyllenstorm beräknade körtiden till cirka 1090 minuter.,<url><loc>https://pendlings-app1.t-767929534-cloudflare.workers.dev/?fran=Kils&amp;till=Havdhem</loc><changefreq>monthly</changefreq></url>
Växjö,Lekeberg,348,245,Avståndet mellan Växjö och Lekeberg är 348 km och Karl-Johan Gyllenstorm beräknade körtiden till cirka 245 minuter.,<url><loc>https://pendlings-app1.t-767929534-cloudflare.workers.dev/?fran=Växjö&amp;till=Lekeberg</loc><changefreq>monthly</changefreq></url>
Bjuv,Malå,1048,711,Avståndet mellan Bjuv och Malå är 1048 km och Karl-Johan Gyllenstorm beräknade körtiden till cirka 711 minuter.,<url><loc>https://pendlings-app1.t-767929534-cloudflare.workers.dev/?fran=Bjuv&amp;till=Malå</loc><changefreq>monthly</changefreq></url>
Svedala,Ljusdal,1234,921,Avståndet mellan Svedala och Ljusdal är 1234 km och Karl-Johan Gyllenstorm beräknade körtiden till cirka 921 minuter.,<url><loc>https://pendlings-app1.t-767929534-cloudflare.workers.dev/?fran=Svedala&amp;till=Ljusdal</loc><changefreq>monthly</changefreq></url>
Visby,Jönköping,363,250,Avståndet mellan Visby och Jönköping är 363 km och Karl-Johan Gyllenstorm beräknade körtiden till cirka 250 minuter.,<url><loc>https://pendlings-app1.t-767929534-cloudflare.workers.dev/?fran=Visby&amp;till=Jönköping</loc><changefreq>monthly</changefreq></url>
Bollebygd,Vårgårda,892,621,Avståndet mellan Bollebygd och Vårgårda är 892 km och Karl-Johan Gyllenstorm beräknade körtiden till cirka 621 minuter.,<url><loc>https://pendlings-app1.t-767929534-cloudflare.workers.dev/?fran=Bollebygd&amp;till=Vårgårda</loc><changefreq>monthly</changefreq></url>
Hällefor,Trollhättan,1058,814,Avståndet mellan Hällefor och Trollhättan är 1058 km och Karl-Johan Gyllenstorm beräknade körtiden till cirka 814 minuter.,<url><loc>https://pendlings-app1.t-767929534-cloudflare.workers.dev/?fran=Hällefor&amp;till=Trollhättan</loc><changefreq>monthly</changefreq></url>
Tingstäde,Eslöv,828,574,Avståndet mellan Tingstäde och Eslöv är 828 km och Karl-Johan Gyllenstorm beräknade körtiden till cirka 574 minuter.,<url><loc>https://pendlings-app1.t-767929534-cloudflare.workers.dev/?fran=Tingstäde&amp;till=Eslöv</loc><changefreq>monthly</changefreq></url>
Borgholm,Timrå,1397,895,Avståndet mellan Borgholm och Timrå är 1397 km och Karl-Johan Gyllenstorm beräknade körtiden till cirka 895 minuter.,<url><loc>https://pendlings-app1.t-767929534-cloudflare.workers.dev/?fran=Borgholm&amp;till=Timrå</loc><changefreq>monthly</changefreq></url>
Älvdalen,Laxå,1002,681,Avståndet mellan Älvdalen och Laxå är 1002 km och Karl-Johan Gyllenstorm beräknade körtiden till cirka 681 minuter.,<url><loc>https://pendlings-app1.t-767929534-cloudflare.workers.dev/?fran=Älvdalen&amp;till=Laxå</loc><changefreq>monthly</changefreq></url>
Vellinge,Tomelilla,127,95,Avståndet mellan Vellinge och Tomelilla är 127 km och Karl-Johan Gyllenstorm beräknade körtiden till cirka 95 minuter.,<url><loc>https://pendlings-app1.t-767929534-cloudflare.workers.dev/?fran=Vellinge&amp;till=Tomelilla</loc><changefreq>monthly</changefreq></url>
Uddevalla,Tomelilla,1230,899,Avståndet mellan Uddevalla och Tomelilla är 1230 km och Karl-Johan Gyllenstorm beräknade körtiden till cirka 899 minuter.,<url><loc>https://pendlings-app1.t-767929534-cloudflare.workers.dev/?fran=Uddevalla&amp;till=Tomelilla</loc><changefreq>monthly</changefreq></url>
Högsby,Jönköping,266,199,Avståndet mellan Högsby och Jönköping är 266 km och Karl-Johan Gyllenstorm beräknade körtiden till cirka 199 minuter.,<url><loc>https://pendlings-app1.t-767929534-cloudflare.workers.dev/?fran=Högsby&amp;till=Jönköping</loc><changefreq>monthly</changefreq></url>
Forshaga,Filipstad,206,136,Avståndet mellan Forshaga och Filipstad är 206 km och Karl-Johan Gyllenstorm beräknade körtiden till cirka 136 minuter.,<url><loc>https://pendlings-app1.t-767929534-cloudflare.workers.dev/?fran=Forshaga&amp;till=Filipstad</loc><changefreq>monthly</changefreq></url>
Mellerud,Vingåker,892,693,Avståndet mellan Mellerud och Vingåker är 892 km och Karl-Johan Gyllenstorm beräknade körtiden till cirka 693 minuter.,<url><loc>https://pendlings-app1.t-767929534-cloudflare.workers.dev/?fran=Mellerud&amp;till=Vingåker</loc><changefreq>monthly</changefreq></url>
Gislaved,Rättvik,899,711,Avståndet mellan Gislaved och Rättvik är 899 km och Karl-Johan Gyllenstorm beräknade körtiden till cirka 711 minuter.,<url><loc>https://pendlings-app1.t-767929534-cloudflare.workers.dev/?fran=Gislaved&amp;till=Rättvik</loc><changefreq>monthly</changefreq></url>
Skinnskatteberg,Stånga,1155,789,Avståndet mellan Skinnskatteberg och Stånga är 1155 km och Karl-Johan Gyllenstorm beräknade körtiden till cirka 789 minuter.,<url><loc>https://pendlings-app1.t-767929534-cloudflare.workers.dev/?fran=Skinnskatteberg&amp;till=Stånga</loc><changefreq>monthly</changefreq></url>
Östra Göinge,Sveg,387,274,Avståndet mellan Östra Göinge och Sveg är 387 km och Karl-Johan Gyllenstorm beräknade körtiden till cirka 274 minuter.,<url><loc>https://pendlings-app1.t-767929534-cloudflare.workers.dev/?fran=Östra Göinge&amp;till=Sveg</loc><changefreq>monthly</changefreq></url>
Täby,Sala,1405,908,Avståndet mellan Täby och Sala är 1405 km och Karl-Johan Gyllenstorm beräknade körtiden till cirka 908 minuter.,<url><loc>https://pendlings-app1.t-767929534-cloudflare.workers.dev/?fran=Täby&amp;till=Sala</loc><changefreq>monthly</changefreq></url>
Kumla,Arvidsjaur,1440,1004,Avståndet mellan Kumla och Arvidsjaur är 1440 km och Karl-Johan Gyllenstorm beräknade körtiden till cirka 1004 minuter.,<url><loc>https://pendlings-app1.t-767929534-cloudflare.workers.dev/?fran=Kumla&amp;till=Arvidsjaur</loc><changefreq>monthly</changefreq></url>
Göteborg,Ljusnarsberg,484,356,Avståndet mellan Göteborg och Ljusnarsberg är 484 km och Karl-Johan Gyllenstorm beräknade körtiden till cirka 356 minuter.,<url><loc>https://pendlings-app1.t-767929534-cloudflare.workers.dev/?fran=Göteborg&amp;till=Ljusnarsberg</loc><changefreq>monthly</changefreq></url>
Knivsta,Hemse,797,583,Avståndet mellan Knivsta och Hemse är 797 km och Karl-Johan Gyllenstorm beräknade körtiden till cirka 583 minuter.,<url><loc>https://pendlings-app1.t-767929534-cloudflare.workers.dev/?fran=Knivsta&amp;till=Hemse</loc><changefreq>monthly</changefreq></url>
Håbo,Herrljunga,967,670,Avståndet mellan Håbo och Herrljunga är 967 km och Karl-Johan Gyllenstorm beräknade körtiden till cirka 670 minuter.,<url><loc>https://pendlings-app1.t-767929534-cloudflare.workers.dev/?fran=Håbo&amp;till=Herrljunga</loc><changefreq>monthly</changefreq></url>
Hallstahammar,Alingsås,1373,932,Avståndet mellan Hallstahammar och Alingsås är 1373 km och Karl-Johan Gyllenstorm beräknade körtiden till cirka 932 minuter.,<url><loc>https://pendlings-app1.t-767929534-cloudflare.workers.dev/?fran=Hallstahammar&amp;till=Alingsås</loc><changefreq>monthly</changefreq></url>
Olofström,Svalöv,840,641,Avståndet mellan Olofström och Svalöv är 840 km och Karl-Johan Gyllenstorm beräknade körtiden till cirka 641 minuter.,<url><loc>https://pendlings-app1.t-767929534-cloudflare.workers.dev/?fran=Olofström&amp;till=Svalöv</loc><changefreq>monthly</changefreq></url>
Färjestaden,Oskarshamn,1335,1055,Avståndet mellan Färjestaden och Oskarshamn är 1335 km och Karl-Johan Gyllenstorm beräknade körtiden till cirka 1055 minuter.,<url><loc>https://pendlings-app1.t-767929534-cloudflare.workers.dev/?fran=Färjestaden&amp;till=Oskarshamn</loc><changefreq>monthly</changefreq></url>
Katrineholm,Karlstad,1263,810,Avståndet mellan Katrineholm och Karlstad är 1263 km och Karl-Johan Gyllenstorm beräknade körtiden till cirka 810 minuter.,<url><loc>https://pendlings-app1.t-767929534-cloudflare.workers.dev/?fran=Katrineholm&amp;till=Karlstad</loc><changefreq>monthly</changefreq></url>
Uppsala,Gislaved,1335,993,Avståndet mellan Uppsala och Gislaved är 1335 km och Karl-Johan Gyllenstorm beräknade körtiden till cirka 993 minuter.,<url><loc>https://pendlings-app1.t-767929534-cloudflare.workers.dev/?fran=Uppsala&amp;till=Gislaved</loc><changefreq>monthly</changefreq></url>
Motala,Leksand,1273,926,Avståndet mellan Motala och Leksand är 1273 km och Karl-Johan Gyllenstorm beräknade körtiden till cirka 926 minuter.,<url><loc>https://pendlings-app1.t-767929534-cloudflare.workers.dev/?fran=Motala&amp;till=Leksand</loc><changefreq>monthly</changefreq></url>
Stockholm,Ljusdal,1144,858,Avståndet mellan Stockholm och Ljusdal är 1144 km och Karl-Johan Gyllenstorm beräknade körtiden till cirka 858 minuter.,<url><loc>https://pendlings-app1.t-767929534-cloudflare.workers.dev/?fran=Stockholm&amp;till=Ljusdal</loc><changefreq>monthly</changefreq></url>
Åmål,Ljusnarsberg,567,363,Avståndet mellan Åmål och Ljusnarsberg är 567 km och Karl-Johan Gyllenstorm beräknade körtiden till cirka 363 minuter.,<url><loc>https://pendlings-app1.t-767929534-cloudflare.workers.dev/?fran=Åmål&amp;till=Ljusnarsberg</loc><changefreq>monthly</changefreq></url>
Storfors,Hyltebruk,904,718,Avståndet mellan Storfors och Hyltebruk är 904 km och Karl-Johan Gyllenstorm beräknade körtiden till cirka 718 minuter.,<url><loc>https://pendlings-app1.t-767929534-cloudflare.workers.dev/?fran=Storfors&amp;till=Hyltebruk</loc><changefreq>monthly</changefreq></url>
Haparanda,Vansbro,952,670,Avståndet mellan Haparanda och Vansbro är 952 km och Karl-Johan Gyllenstorm beräknade körtiden till cirka 670 minuter.,<url><loc>https://pendlings-app1.t-767929534-cloudflare.workers.dev/?fran=Haparanda&amp;till=Vansbro</loc><changefreq>monthly</changefreq></url>
Filipstad,Tranås,335,263,Avståndet mellan Filipstad och Tranås är 335 km och Karl-Johan Gyllenstorm beräknade körtiden till cirka 263 minuter.,<url><loc>https://pendlings-app1.t-767929534-cloudflare.workers.dev/?fran=Filipstad&amp;till=Tranås</loc><changefreq>monthly</changefreq></url>
Burgsvik,Karlskoga,48,37,Avståndet mellan Burgsvik och Karlskoga är 48 km och Karl-Johan Gyllenstorm beräknade körtiden till cirka 37 minuter.,<url><loc>https://pendlings-app1.t-767929534-cloudflare.workers.dev/?fran=Burgsvik&amp;till=Karlskoga</loc><changefreq>monthly</changefreq></url>
Uddevalla,Dorotea,717,558,Avståndet mellan Uddevalla och Dorotea är 717 km och Karl-Johan Gyllenstorm beräknade körtiden till cirka 558 minuter.,<url><loc>https://pendlings-app1.t-767929534-cloudflare.workers.dev/?fran=Uddevalla&amp;till=Dorotea</loc><changefreq>monthly</changefreq></url>
Sunne,Åsele,316,242,Avståndet mellan Sunne och Åsele är 316 km och Karl-Johan Gyllenstorm beräknade körtiden till cirka 242 minuter.,<url><loc>https://pendlings-app1.t-767929534-cloudflare.workers.dev/?fran=Sunne&amp;till=Åsele</loc><changefreq>monthly</changefreq></url>
Bollnäs,Ystad,753,522,Avståndet mellan Bollnäs och Ystad är 753 km och Karl-Johan Gyllenstorm beräknade körtiden till cirka 522 minuter.,<url><loc>https://pendlings-app1.t-767929534-cloudflare.workers.dev/?fran=Bollnäs&amp;till=Ystad</loc><changefreq>monthly</changefreq></url>
Gislaved,Pajala,522,342,Avståndet mellan Gislaved och Pajala är 522 km och Karl-Johan Gyllenstorm beräknade körtiden till cirka 342 minuter.,<url><loc>https://pendlings-app1.t-767929534-cloudflare.workers.dev/?fran=Gislaved&amp;till=Pajala</loc><changefreq>monthly</changefreq></url>
Eda,Kalmar,857,639,Avståndet mellan Eda och Kalmar är 857 km och Karl-Johan Gyllenstorm beräknade körtiden till cirka 639 minuter.,<url><loc>https://pendlings-app1.t-767929534-cloudflare.workers.dev/?fran=Eda&amp;till=Kalmar</loc><changefreq>monthly</changefreq></url>
Söderhamn,Hallstahammar,1144,886,Avståndet mellan Söderhamn och Hallstahammar är 1144 km och Karl-Johan Gyllenstorm beräknade körtiden till cirka 886 minuter.,<url><loc>https://pendlings-app1.t-767929534-cloudflare.workers.dev/?fran=Söderhamn&amp;till=Hallstahammar</loc><changefreq>monthly</changefreq></url>
Karlskrona,Höganäs,1054,670,Avståndet mellan Karlskrona och Höganäs är 1054 km och Karl-Johan Gyllenstorm beräknade körtiden till cirka 670 minuter.,<url><loc>https://pendlings-app1.t-767929534-cloudflare.workers.dev/?fran=Karlskrona&amp;till=Höganäs</loc><changefreq>monthly</changefreq></url>
Lidköping,Klintehamn,479,358,Avståndet mellan Lidköping och Klintehamn är 479 km och Karl-Johan Gyllenstorm beräknade körtiden till cirka 358 minuter.,<url><loc>https://pendlings-app1.t-767929534-cloudflare.workers.dev/?fran=Lidköping&amp;till=Klintehamn</loc><changefreq>monthly</changefreq></url>
Ulricehamn,Borgholm,844,591,Avståndet mellan Ulricehamn och Borgholm är 844 km och Karl-Johan Gyllenstorm beräknade körtiden till cirka 591 minuter.,<url><loc>https://pendlings-app1.t-767929534-cloudflare.workers.dev/?fran=Ulricehamn&amp;till=Borgholm</loc><changefreq>monthly</changefreq></url>
Grästorp,Härnösand,1052,793,Avståndet mellan Grästorp och Härnösand är 1052 km och Karl-Johan Gyllenstorm beräknade körtiden till cirka 793 minuter.,<url><loc>https://pendlings-app1.t-767929534-cloudflare.workers.dev/?fran=Grästorp&amp;till=Härnösand</loc><changefreq>monthly</changefreq></url>
Katrineholm,Bromölla,109,71,Avståndet mellan Katrineholm och Bromölla är 109 km och Karl-Johan Gyllenstorm beräknade körtiden till cirka 71 minuter.,<url><loc>https://pendlings-app1.t-767929534-cloudflare.workers.dev/?fran=Katrineholm&amp;till=Bromölla</loc><changefreq>monthly</changefreq></url>
Vetlanda,Boxholm,306,194,Avståndet mellan Vetlanda och Boxholm är 306 km och Karl-Johan Gyllenstorm beräknade körtiden till cirka 194 minuter.,<url><loc>https://pendlings-app1.t-767929534-cloudflare.workers.dev/?fran=Vetlanda&amp;till=Boxholm</loc><changefreq>monthly</changefreq></url>
Kiruna,Östra Göinge,834,592,Avståndet mellan Kiruna och Östra Göinge är 834 km och Karl-Johan Gyllenstorm beräknade körtiden till cirka 592 minuter.,<url><loc>https://pendlings-app1.t-767929534-cloudflare.workers.dev/?fran=Kiruna&amp;till=Östra Göinge</loc><changefreq>monthly</changefreq></url>
Göteborg,Malung,1104,789,Avståndet mellan Göteborg och Malung är 1104 km och Karl-Johan Gyllenstorm beräknade körtiden till cirka 789 minuter.,<url><loc>https://pendlings-app1.t-767929534-cloudflare.workers.dev/?fran=Göteborg&amp;till=Malung</loc><changefreq>monthly</changefreq></url>
Piteå,Hedemora,1204,946,Avståndet mellan Piteå och Hedemora är 1204 km och Karl-Johan Gyllenstorm beräknade körtiden till cirka 946 minuter.,<url><loc>https://pendlings-app1.t-767929534-cloudflare.workers.dev/?fran=Piteå&amp;till=Hedemora</loc><changefreq>monthly</changefreq></url>
Ödeshög,Gimo,70,48,Avståndet mellan Ödeshög och Gimo är 70 km och Karl-Johan Gyllenstorm beräknade körtiden till cirka 48 minuter.,<url><loc>https://pendlings-app1.t-767929534-cloudflare.workers.dev/?fran=Ödeshög&amp;till=Gimo</loc><changefreq>monthly</changefreq></url>
Övertorneå,Östra Göinge,154,120,Avståndet mellan Övertorneå och Östra Göinge är 154 km och Karl-Johan Gyllenstorm beräknade körtiden till cirka 120 minuter.,<url><loc>https://pendlings-app1.t-767929534-cloudflare.workers.dev/?fran=Övertorneå&amp;till=Östra Göinge</loc><changefreq>monthly</changefreq></url>
Nybro,Hallstahammar,176,133,Avståndet mellan Nybro och Hallstahammar är 176 km och Karl-Johan Gyllenstorm beräknade körtiden till cirka 133 minuter.,<url><loc>https://pendlings-app1.t-767929534-cloudflare.workers.dev/?fran=Nybro&amp;till=Hallstahammar</loc><changefreq>monthly</changefreq></url>
Perstorp,Jönköping,256,177,Avståndet mellan Perstorp och Jönköping är 256 km och Karl-Johan Gyllenstorm beräknade körtiden till cirka 177 minuter.,<url><loc>https://pendlings-app1.t-767929534-cloudflare.workers.dev/?fran=Perstorp&amp;till=Jönköping</loc><changefreq>monthly</changefreq></url>
Kalmar,Karlskrona,533,389,Avståndet mellan Kalmar och Karlskrona är 533 km och Karl-Johan Gyllenstorm beräknade körtiden till cirka 389 minuter.,<url><loc>https://pendlings-app1.t-767929534-cloudflare.workers.dev/?fran=Kalmar&amp;till=Karlskrona</loc><changefreq>monthly</changefreq></url>
Bräcke,Örkelljunga,1253,856,Avståndet mellan Bräcke och Örkelljunga är 1253 km och Karl-Johan Gyllenstorm beräknade körtiden till cirka 856 minuter.,<url><loc>https://pendlings-app1.t-767929534-cloudflare.workers.dev/?fran=Bräcke&amp;till=Örkelljunga</loc><changefreq>monthly</changefreq></url>
Osby,Hemse,359,227,Avståndet mellan Osby och Hemse är 359 km och Karl-Johan Gyllenstorm beräknade körtiden till cirka 227 minuter.,<url><loc>https://pendlings-app1.t-767929534-cloudflare.workers.dev/?fran=Osby&amp;till=Hemse</loc><changefreq>monthly</changefreq></url>
Strömsund,Ljusdal,443,298,Avståndet mellan Strömsund och Ljusdal är 443 km och Karl-Johan Gyllenstorm beräknade körtiden till cirka 298 minuter.,<url><loc>https://pendlings-app1.t-767929534-cloudflare.workers.dev/?fran=Strömsund&amp;till=Ljusdal</loc><changefreq>monthly</changefreq></url>
Växjö,Bålsta,246,185,Avståndet mellan Växjö och Bålsta är 246 km och Karl-Johan Gyllenstorm beräknade körtiden till cirka 185 minuter.,<url><loc>https://pendlings-app1.t-767929534-cloudflare.workers.dev/?fran=Växjö&amp;till=Bålsta</loc><changefreq>monthly</changefreq></url>
Havdhem,Kumla,998,670,Avståndet mellan Havdhem och Kumla är 998 km och Karl-Johan Gyllenstorm beräknade körtiden till cirka 670 minuter.,<url><loc>https://pendlings-app1.t-767929534-cloudflare.workers.dev/?fran=Havdhem&amp;till=Kumla</loc><changefreq>monthly</changefreq></url>
Knivsta,Säffle,25,18,Avståndet mellan Knivsta och Säffle är 25 km och Karl-Johan Gyllenstorm beräknade körtiden till cirka 18 minuter.,<url><loc>https://pendlings-app1.t-767929534-cloudflare.workers.dev/?fran=Knivsta&amp;till=Säffle</loc><changefreq>monthly</changefreq></url>
Västerås,Kävlinge,534,422,Avståndet mellan Västerås och Kävlinge är 534 km och Karl-Johan Gyllenstorm beräknade körtiden till cirka 422 minuter.,<url><loc>https://pendlings-app1.t-767929534-cloudflare.workers.dev/?fran=Västerås&amp;till=Kävlinge</loc><changefreq>monthly</changefreq></url>
Vansbro,Östra Göinge,546,402,Avståndet mellan Vansbro och Östra Göinge är 546 km och Karl-Johan Gyllenstorm beräknade körtiden till cirka 402 minuter.,<url><loc>https://pendlings-app1.t-767929534-cloudflare.workers.dev/?fran=Vansbro&amp;till=Östra Göinge</loc><changefreq>monthly</changefreq></url>
Gagnef,Varberg,1071,836,Avståndet mellan Gagnef och Varberg är 1071 km och Karl-Johan Gyllenstorm beräknade körtiden till cirka 836 minuter.,<url><loc>https://pendlings-app1.t-767929534-cloudflare.workers.dev/?fran=Gagnef&amp;till=Varberg</loc><changefreq>monthly</changefreq></url>
Filipstad,Höör,705,467,Avståndet mellan Filipstad och Höör är 705 km och Karl-Johan Gyllenstorm beräknade körtiden till cirka 467 minuter.,<url><loc>https://pendlings-app1.t-767929534-cloudflare.workers.dev/?fran=Filipstad&amp;till=Höör</loc><changefreq>monthly</changefreq></url>
Skinnskatteberg,Pajala,69,44,Avståndet mellan Skinnskatteberg och Pajala är 69 km och Karl-Johan Gyllenstorm beräknade körtiden till cirka 44 minuter.,<url><loc>https://pendlings-app1.t-767929534-cloudflare.workers.dev/?fran=Skinnskatteberg&amp;till=Pajala</loc><changefreq>monthly</changefreq></url>
Trosa,Vingåker,762,491,Avståndet mellan Trosa och Vingåker är 762 km och Karl-Johan Gyllenstorm beräknade körtiden till cirka 491 minuter.,<url><loc>https://pendlings-app1.t-767929534-cloudflare.workers.dev/?fran=Trosa&amp;till=Vingåker</loc><changefreq>monthly</changefreq></url>
Kopparberg,Lund,595,397,Avståndet mellan Kopparberg och Lund är 595 km och Karl-Johan Gyllenstorm beräknade körtiden till cirka 397 minuter.,<url><loc>https://pendlings-app1.t-767929534-cloudflare.workers.dev/?fran=Kopparberg&amp;till=Lund</loc><changefreq>monthly</changefreq></url>
Ronehamn,Hultsfred,1039,800,Avståndet mellan Ronehamn och Hultsfred är 1039 km och Karl-Johan Gyllenstorm beräknade körtiden till cirka 800 minuter.,<url><loc>https://pendlings-app1.t-767929534-cloudflare.workers.dev/?fran=Ronehamn&amp;till=Hultsfred</loc><changefreq>monthly</changefreq></url>
Gagnef,Kils,280,192,Avståndet mellan Gagnef och Kils är 280 km och Karl-Johan Gyllenstorm beräknade körtiden till cirka 192 minuter.,<url><loc>https://pendlings-app1.t-767929534-cloudflare.workers.dev/?fran=Gagnef&amp;till=Kils</loc><changefreq>monthly</changefreq></url>
Norsjö,Katrineholm,903,666,Avståndet mellan Norsjö och Katrineholm är 903 km och Karl-Johan Gyllenstorm beräknade körtiden till cirka 666 minuter.,<url><loc>https://pendlings-app1.t-767929534-cloudflare.workers.dev/?fran=Norsjö&amp;till=Katrineholm</loc><changefreq>monthly</changefreq></url>
Sjöbo,Klippan,89,58,Avståndet mellan Sjöbo och Klippan är 89 km och Karl-Johan Gyllenstorm beräknade körtiden till cirka 58 minuter.,<url><loc>https://pendlings-app1.t-767929534-cloudflare.workers.dev/?fran=Sjöbo&amp;till=Klippan</loc><changefreq>monthly</changefreq></url>
Motala,Kalix,617,460,Avståndet mellan Motala och Kalix är 617 km och Karl-Johan Gyllenstorm beräknade körtiden till cirka 460 minuter.,<url><loc>https://pendlings-app1.t-767929534-cloudflare.workers.dev/?fran=Motala&amp;till=Kalix</loc><changefreq>monthly</changefreq></url>
Sorsele,Laholm,1186,854,Avståndet mellan Sorsele och Laholm är 1186 km och Karl-Johan Gyllenstorm beräknade körtiden till cirka 854 minuter.,<url><loc>https://pendlings-app1.t-767929534-cloudflare.workers.dev/?fran=Sorsele&amp;till=Laholm</loc><changefreq>monthly</changefreq></url>
Håbo,Åre,154,109,Avståndet mellan Håbo och Åre är 154 km och Karl-Johan Gyllenstorm beräknade körtiden till cirka 109 minuter.,<url><loc>https://pendlings-app1.t-767929534-cloudflare.workers.dev/?fran=Håbo&amp;till=Åre</loc><changefreq>monthly</changefreq></url>
Huddinge,Ronneby,1016,656,Avståndet mellan Huddinge och Ronneby är 1016 km och Karl-Johan Gyllenstorm beräknade körtiden till cirka 656 minuter.,<url><loc>https://pendlings-app1.t-767929534-cloudflare.workers.dev/?fran=Huddinge&amp;till=Ronneby</loc><changefreq>monthly</changefreq></url>
Töreboda,Hyltebruk,158,105,Avståndet mellan Töreboda och Hyltebruk är 158 km och Karl-Johan Gyllenstorm beräknade körtiden till cirka 105 minuter.,<url><loc>https://pendlings-app1.t-767929534-cloudflare.workers.dev/?fran=Töreboda&amp;till=Hyltebruk</loc><changefreq>monthly</changefreq></url>
Eda,Avesta,284,191,Avståndet mellan Eda och Avesta är 284 km och Karl-Johan Gyllenstorm beräknade körtiden till cirka 191 minuter.,<url><loc>https://pendlings-app1.t-767929534-cloudflare.workers.dev/?fran=Eda&amp;till=Avesta</loc><changefreq>monthly</changefreq></url>
Håbo,Kopparberg,1242,869,Avståndet mellan Håbo och Kopparberg är 1242 km och Karl-Johan Gyllenstorm beräknade körtiden till cirka 869 minuter.,<url><loc>https://pendlings-app1.t-767929534-cloudflare.workers.dev/?fran=Håbo&amp;till=Kopparberg</loc><changefreq>monthly</changefreq></url>
Charlottenberg,Norsjö,1144,783,Avståndet mellan Charlottenberg och Norsjö är 1144 km och Karl-Johan Gyllenstorm beräknade körtiden till cirka 783 minuter.,<url><loc>https://pendlings-app1.t-767929534-cloudflare.workers.dev/?fran=Charlottenberg&amp;till=Norsjö</loc><changefreq>monthly</changefreq></url>
Skellefteå,Kävlinge,1144,800,Avståndet mellan Skellefteå och Kävlinge är 1144 km och Karl-Johan Gyllenstorm beräknade körtiden till cirka 800 minuter.,<url><loc>https://pendlings-app1.t-767929534-cloudflare.workers.dev/?fran=Skellefteå&amp;till=Kävlinge</loc><changefreq>monthly</changefreq></url>
Mark,Arvidsjaur,30,19,Avståndet mellan Mark och Arvidsjaur är 30 km och Karl-Johan Gyllenstorm beräknade körtiden till cirka 19 minuter.,<url><loc>https://pendlings-app1.t-767929534-cloudflare.workers.dev/?fran=Mark&amp;till=Arvidsjaur</loc><changefreq>monthly</changefreq></url>
Sveg,Flen,970,635,Avståndet mellan Sveg och Flen är 970 km och Karl-Johan Gyllenstorm beräknade körtiden till cirka 635 minuter.,<url><loc>https://pendlings-app1.t-767929534-cloudflare.workers.dev/?fran=Sveg&amp;till=Flen</loc><changefreq>monthly</changefreq></url>
Alingsås,Piteå,322,251,Avståndet mellan Alingsås och Piteå är 322 km och Karl-Johan Gyllenstorm beräknade körtiden till cirka 251 minuter.,<url><loc>https://pendlings-app1.t-767929534-cloudflare.workers.dev/?fran=Alingsås&amp;till=Piteå</loc><changefreq>monthly</changefreq></url>
Skara,Borlänge,188,135,Avståndet mellan Skara och Borlänge är 188 km och Karl-Johan Gyllenstorm beräknade körtiden till cirka 135 minuter.,<url><loc>https://pendlings-app1.t-767929534-cloudflare.workers.dev/?fran=Skara&amp;till=Borlänge</loc><changefreq>monthly</changefreq></url>
Hässleholm,Älvdalen,872,613,Avståndet mellan Hässleholm och Älvdalen är 872 km och Karl-Johan Gyllenstorm beräknade körtiden till cirka 613 minuter.,<url><loc>https://pendlings-app1.t-767929534-cloudflare.workers.dev/?fran=Hässleholm&amp;till=Älvdalen</loc><changefreq>monthly</changefreq></url>
Storfors,Haparanda,239,158,Avståndet mellan Storfors och Haparanda är 239 km och Karl-Johan Gyllenstorm beräknade körtiden till cirka 158 minuter.,<url><loc>https://pendlings-app1.t-767929534-cloudflare.workers.dev/?fran=Storfors&amp;till=Haparanda</loc><changefreq>monthly</changefreq></url>
Jokkmokk,Mark,693,475,Avståndet mellan Jokkmokk och Mark är 693 km och Karl-Johan Gyllenstorm beräknade körtiden till cirka 475 minuter.,<url><loc>https://pendlings-app1.t-767929534-cloudflare.workers.dev/?fran=Jokkmokk&amp;till=Mark</loc><changefreq>monthly</changefreq></url>
Uppsala,Lycksele,832,570,Avståndet mellan Uppsala och Lycksele är 832 km och Karl-Johan Gyllenstorm beräknade körtiden till cirka 570 minuter.,<url><loc>https://pendlings-app1.t-767929534-cloudflare.workers.dev/?fran=Uppsala&amp;till=Lycksele</loc><changefreq>monthly</changefreq></url>
Karlsborg,Timrå,567,396,Avståndet mellan Karlsborg och Timrå är 567 km och Karl-Johan Gyllenstorm beräknade körtiden till cirka 396 minuter.,<url><loc>https://pendlings-app1.t-767929534-cloudflare.workers.dev/?fran=Karlsborg&amp;till=Timrå</loc><changefreq>monthly</changefreq></url>
Stånga,Gullspång,1287,875,Avståndet mellan Stånga och Gullspång är 1287 km och Karl-Johan Gyllenstorm beräknade körtiden till cirka 875 minuter.,<url><loc>https://pendlings-app1.t-767929534-cloudflare.workers.dev/?fran=Stånga&amp;till=Gullspång</loc><changefreq>monthly</changefreq></url>
Leksand,Östhammar,1289,849,Avståndet mellan Leksand och Östhammar är 1289 km och Karl-Johan Gyllenstorm beräknade körtiden till cirka 849 minuter.,<url><loc>https://pendlings-app1.t-767929534-cloudflare.workers.dev/?fran=Leksand&amp;till=Östhammar</loc><changefreq>monthly</changefreq></url>
Vårgårda,Motala,534,360,Avståndet mellan Vårgårda och Motala är 534 km och Karl-Johan Gyllenstorm beräknade körtiden till cirka 360 minuter.,<url><loc>https://pendlings-app1.t-767929534-cloudflare.workers.dev/?fran=Vårgårda&amp;till=Motala</loc><changefreq>monthly</changefreq></url>
Berg,Staffanstorp,1216,880,Avståndet mellan Berg och Staffanstorp är 1216 km och Karl-Johan Gyllenstorm beräknade körtiden till cirka 880 minuter.,<url><loc>https://pendlings-app1.t-767929534-cloudflare.workers.dev/?fran=Berg&amp;till=Staffanstorp</loc><changefreq>monthly</changefreq></url>
Grums,Arvika,1291,901,Avståndet mellan Grums och Arvika är 1291 km och Karl-Johan Gyllenstorm beräknade körtiden till cirka 901 minuter.,<url><loc>https://pendlings-app1.t-767929534-cloudflare.workers.dev/?fran=Grums&amp;till=Arvika</loc><changefreq>monthly</changefreq></url>
Malung,Herrljunga,663,425,Avståndet mellan Malung och Herrljunga är 663 km och Karl-Johan Gyllenstorm beräknade körtiden till cirka 425 minuter.,<url><loc>https://pendlings-app1.t-767929534-cloudflare.workers.dev/?fran=Malung&amp;till=Herrljunga</loc><changefreq>monthly</changefreq></url>
Sorsele,Vingåker,805,559,Avståndet mellan Sorsele och Vingåker är 805 km och Karl-Johan Gyllenstorm beräknade körtiden till cirka 559 minuter.,<url><loc>https://pendlings-app1.t-767929534-cloudflare.workers.dev/?fran=Sorsele&amp;till=Vingåker</loc><changefreq>monthly</changefreq></url>
Norsjö,Tofta,1435,927,Avståndet mellan Norsjö och Tofta är 1435 km och Karl-Johan Gyllenstorm beräknade körtiden till cirka 927 minuter.,<url><loc>https://pendlings-app1.t-767929534-cloudflare.workers.dev/?fran=Norsjö&amp;till=Tofta</loc><changefreq>monthly</changefreq></url>
Hemse,Arvika,209,154,Avståndet mellan Hemse och Arvika är 209 km och Karl-Johan Gyllenstorm beräknade körtiden till cirka 154 minuter.,<url><loc>https://pendlings-app1.t-767929534-cloudflare.workers.dev/?fran=Hemse&amp;till=Arvika</loc><changefreq>monthly</changefreq></url>
Munkedal,Bengtsfors,1229,919,Avståndet mellan Munkedal och Bengtsfors är 1229 km och Karl-Johan Gyllenstorm beräknade körtiden till cirka 919 minuter.,<url><loc>https://pendlings-app1.t-767929534-cloudflare.workers.dev/?fran=Munkedal&amp;till=Bengtsfors</loc><changefreq>monthly</changefreq></url>
Lycksele,Linköping,667,439,Avståndet mellan Lycksele och Linköping är 667 km och Karl-Johan Gyllenstorm beräknade körtiden till cirka 439 minuter.,<url><loc>https://pendlings-app1.t-767929534-cloudflare.workers.dev/?fran=Lycksele&amp;till=Linköping</loc><changefreq>monthly</changefreq></url>
Stånga,Borlänge,125,97,Avståndet mellan Stånga och Borlänge är 125 km och Karl-Johan Gyllenstorm beräknade körtiden till cirka 97 minuter.,<url><loc>https://pendlings-app1.t-767929534-cloudflare.workers.dev/?fran=Stånga&amp;till=Borlänge</loc><changefreq>monthly</changefreq></url>
Ulricehamn,Nybro,1281,989,Avståndet mellan Ulricehamn och Nybro är 1281 km och Karl-Johan Gyllenstorm beräknade körtiden till cirka 989 minuter.,<url><loc>https://pendlings-app1.t-767929534-cloudflare.workers.dev/?fran=Ulricehamn&amp;till=Nybro</loc><changefreq>monthly</changefreq></url>
Karlskrona,Mariestad,1251,847,Avståndet mellan Karlskrona och Mariestad är 1251 km och Karl-Johan Gyllenstorm beräknade körtiden till cirka 847 minuter.,<url><loc>https://pendlings-app1.t-767929534-cloudflare.workers.dev/?fran=Karlskrona&amp;till=Mariestad</loc><changefreq>monthly</changefreq></url>
Karlstad,Strängnäs,144,94,Avståndet mellan Karlstad och Strängnäs är 144 km och Karl-Johan Gyllenstorm beräknade körtiden till cirka 94 minuter.,<url><loc>https://pendlings-app1.t-767929534-cloudflare.workers.dev/?fran=Karlstad&amp;till=Strängnäs</loc><changefreq>monthly</changefreq></url>
Säffle,Grythyttan,1003,634,Avståndet mellan Säffle och Grythyttan är 1003 km och Karl-Johan Gyllenstorm beräknade körtiden till cirka 634 minuter.,<url><loc>https://pendlings-app1.t-767929534-cloudflare.workers.dev/?fran=Säffle&amp;till=Grythyttan</loc><changefreq>monthly</changefreq></url>
Sollefteå,Västerås,529,357,Avståndet mellan Sollefteå och Västerås är 529 km och Karl-Johan Gyllenstorm beräknade körtiden till cirka 357 minuter.,<url><loc>https://pendlings-app1.t-767929534-cloudflare.workers.dev/?fran=Sollefteå&amp;till=Västerås</loc><changefreq>monthly</changefreq></url>
Pajala,Berg,806,521,Avståndet mellan Pajala och Berg är 806 km och Karl-Johan Gyllenstorm beräknade körtiden till cirka 521 minuter.,<url><loc>https://pendlings-app1.t-767929534-cloudflare.workers.dev/?fran=Pajala&amp;till=Berg</loc><changefreq>monthly</changefreq></url>
Norrköping,Borgholm,116,85,Avståndet mellan Norrköping och Borgholm är 116 km och Karl-Johan Gyllenstorm beräknade körtiden till cirka 85 minuter.,<url><loc>https://pendlings-app1.t-767929534-cloudflare.workers.dev/?fran=Norrköping&amp;till=Borgholm</loc><changefreq>monthly</changefreq></url>
Arboga,Östhammar,169,120,Avståndet mellan Arboga och Östhammar är 169 km och Karl-Johan Gyllenstorm beräknade körtiden till cirka 120 minuter.,<url><loc>https://pendlings-app1.t-767929534-cloudflare.workers.dev/?fran=Arboga&amp;till=Östhammar</loc><changefreq>monthly</changefreq></url>
Örebro,Växjö,890,602,Avståndet mellan Örebro och Växjö är 890 km och Karl-Johan Gyllenstorm beräknade körtiden till cirka 602 minuter.,<url><loc>https://pendlings-app1.t-767929534-cloudflare.workers.dev/?fran=Örebro&amp;till=Växjö</loc><changefreq>monthly</changefreq></url>
Tibro,Katrineholm,151,114,Avståndet mellan Tibro och Katrineholm är 151 km och Karl-Johan Gyllenstorm beräknade körtiden till cirka 114 minuter.,<url><loc>https://pendlings-app1.t-767929534-cloudflare.workers.dev/?fran=Tibro&amp;till=Katrineholm</loc><changefreq>monthly</changefreq></url>
Östra Göinge,Lindesberg,1245,871,Avståndet mellan Östra Göinge och Lindesberg är 1245 km och Karl-Johan Gyllenstorm beräknade körtiden till cirka 871 minuter.,<url><loc>https://pendlings-app1.t-767929534-cloudflare.workers.dev/?fran=Östra Göinge&amp;till=Lindesberg</loc><changefreq>monthly</changefreq></url>
Åre,Alingsås,1162,765,Avståndet mellan Åre och Alingsås är 1162 km och Karl-Johan Gyllenstorm beräknade körtiden till cirka 765 minuter.,<url><loc>https://pendlings-app1.t-767929534-cloudflare.workers.dev/?fran=Åre&amp;till=Alingsås</loc><changefreq>monthly</changefreq></url>
Åtvidaberg,Skinnskatteberg,449,323,Avståndet mellan Åtvidaberg och Skinnskatteberg är 449 km och Karl-Johan Gyllenstorm beräknade körtiden till cirka 323 minuter.,<url><loc>https://pendlings-app1.t-767929534-cloudflare.workers.dev/?fran=Åtvidaberg&amp;till=Skinnskatteberg</loc><changefreq>monthly</changefreq></url>
Eskilstuna,Eksjö,534,385,Avståndet mellan Eskilstuna och Eksjö är 534 km och Karl-Johan Gyllenstorm beräknade körtiden till cirka 385 minuter.,<url><loc>https://pendlings-app1.t-767929534-cloudflare.workers.dev/?fran=Eskilstuna&amp;till=Eksjö</loc><changefreq>monthly</changefreq></url>
Vårgårda,Habon,1351,1046,Avståndet mellan Vårgårda och Habon är 1351 km och Karl-Johan Gyllenstorm beräknade körtiden till cirka 1046 minuter.,<url><loc>https://pendlings-app1.t-767929534-cloudflare.workers.dev/?fran=Vårgårda&amp;till=Habon</loc><changefreq>monthly</changefreq></url>
Gimo,Vingåker,1079,748,Avståndet mellan Gimo och Vingåker är 1079 km och Karl-Johan Gyllenstorm beräknade körtiden till cirka 748 minuter.,<url><loc>https://pendlings-app1.t-767929534-cloudflare.workers.dev/?fran=Gimo&amp;till=Vingåker</loc><changefreq>monthly</changefreq></url>
Mullsjö,Grästorp,696,507,Avståndet mellan Mullsjö och Grästorp är 696 km och Karl-Johan Gyllenstorm beräknade körtiden till cirka 507 minuter.,<url><loc>https://pendlings-app1.t-767929534-cloudflare.workers.dev/?fran=Mullsjö&amp;till=Grästorp</loc><changefreq>monthly</changefreq></url>
Norsjö,Tibro,139,101,Avståndet mellan Norsjö och Tibro är 139 km och Karl-Johan Gyllenstorm beräknade körtiden till cirka 101 minuter.,<url><loc>https://pendlings-app1.t-767929534-cloudflare.workers.dev/?fran=Norsjö&amp;till=Tibro</loc><changefreq>monthly</changefreq></url>
Ludvika,Lund,40,32,Avståndet mellan Ludvika och Lund är 40 km och Karl-Johan Gyllenstorm beräknade körtiden till cirka 32 minuter.,<url><loc>https://pendlings-app1.t-767929534-cloudflare.workers.dev/?fran=Ludvika&amp;till=Lund</loc><changefreq>monthly</changefreq></url>
Norrköping,Strömstad,1241,845,Avståndet mellan Norrköping och Strömstad är 1241 km och Karl-Johan Gyllenstorm beräknade körtiden till cirka 845 minuter.,<url><loc>https://pendlings-app1.t-767929534-cloudflare.workers.dev/?fran=Norrköping&amp;till=Strömstad</loc><changefreq>monthly</changefreq></url>
Härjedalen,Tibro,1197,886,Avståndet mellan Härjedalen och Tibro är 1197 km och Karl-Johan Gyllenstorm beräknade körtiden till cirka 886 minuter.,<url><loc>https://pendlings-app1.t-767929534-cloudflare.workers.dev/?fran=Härjedalen&amp;till=Tibro</loc><changefreq>monthly</changefreq></url>
Örnsköldsvik,Töreboda,303,225,Avståndet mellan Örnsköldsvik och Töreboda är 303 km och Karl-Johan Gyllenstorm beräknade körtiden till cirka 225 minuter.,<url><loc>https://pendlings-app1.t-767929534-cloudflare.workers.dev/?fran=Örnsköldsvik&amp;till=Töreboda</loc><changefreq>monthly</changefreq></url>
Skövde,Umeå,1213,910,Avståndet mellan Skövde och Umeå är 1213 km och Karl-Johan Gyllenstorm beräknade körtiden till cirka 910 minuter.,<url><loc>https://pendlings-app1.t-767929534-cloudflare.workers.dev/?fran=Skövde&amp;till=Umeå</loc><changefreq>monthly</changefreq></url>
Kinda,Degerfors,121,90,Avståndet mellan Kinda och Degerfors är 121 km och Karl-Johan Gyllenstorm beräknade körtiden till cirka 90 minuter.,<url><loc>https://pendlings-app1.t-767929534-cloudflare.workers.dev/?fran=Kinda&amp;till=Degerfors</loc><changefreq>monthly</changefreq></url>
Kungsbacka,Tranås,795,502,Avståndet mellan Kungsbacka och Tranås är 795 km och Karl-Johan Gyllenstorm beräknade körtiden till cirka 502 minuter.,<url><loc>https://pendlings-app1.t-767929534-cloudflare.workers.dev/?fran=Kungsbacka&amp;till=Tranås</loc><changefreq>monthly</changefreq></url>
Håbo,Norberg,1422,924,Avståndet mellan Håbo och Norberg är 1422 km och Karl-Johan Gyllenstorm beräknade körtiden till cirka 924 minuter.,<url><loc>https://pendlings-app1.t-767929534-cloudflare.workers.dev/?fran=Håbo&amp;till=Norberg</loc><changefreq>monthly</changefreq></url>
Kristinehamn,Boxholm,1165,801,Avståndet mellan Kristinehamn och Boxholm är 1165 km och Karl-Johan Gyllenstorm beräknade körtiden till cirka 801 minuter.,<url><loc>https://pendlings-app1.t-767929534-cloudflare.workers.dev/?fran=Kristinehamn&amp;till=Boxholm</loc><changefreq>monthly</changefreq></url>
Nordanstig,Ludvika,908,641,Avståndet mellan Nordanstig och Ludvika är 908 km och Karl-Johan Gyllenstorm beräknade körtiden till cirka 641 minuter.,<url><loc>https://pendlings-app1.t-767929534-cloudflare.workers.dev/?fran=Nordanstig&amp;till=Ludvika</loc><changefreq>monthly</changefreq></url>
Älvsbyn,Katrineholm,127,93,Avståndet mellan Älvsbyn och Katrineholm är 127 km och Karl-Johan Gyllenstorm beräknade körtiden till cirka 93 minuter.,<url><loc>https://pendlings-app1.t-767929534-cloudflare.workers.dev/?fran=Älvsbyn&amp;till=Katrineholm</loc><changefreq>monthly</changefreq></url>
Gimo,Habon,917,686,Avståndet mellan Gimo och Habon är 917 km och Karl-Johan Gyllenstorm beräknade körtiden till cirka 686 minuter.,<url><loc>https://pendlings-app1.t-767929534-cloudflare.workers.dev/?fran=Gimo&amp;till=Habon</loc><changefreq>monthly</changefreq></url>
Tranås,Oskarshamn,54,35,Avståndet mellan Tranås och Oskarshamn är 54 km och Karl-Johan Gyllenstorm beräknade körtiden till cirka 35 minuter.,<url><loc>https://pendlings-app1.t-767929534-cloudflare.workers.dev/?fran=Tranås&amp;till=Oskarshamn</loc><changefreq>monthly</changefreq></url>
Tibro,Bromölla,661,488,Avståndet mellan Tibro och Bromölla är 661 km och Karl-Johan Gyllenstorm beräknade körtiden till cirka 488 minuter.,<url><loc>https://pendlings-app1.t-767929534-cloudflare.workers.dev/?fran=Tibro&amp;till=Bromölla</loc><changefreq>monthly</changefreq></url>
Piteå,Svenljunga,770,545,Avståndet mellan Piteå och Svenljunga är 770 km och Karl-Johan Gyllenstorm beräknade körtiden till cirka 545 minuter.,<url><loc>https://pendlings-app1.t-767929534-cloudflare.workers.dev/?fran=Piteå&amp;till=Svenljunga</loc><changefreq>monthly</changefreq></url>
Helsingborg,Örebro,932,684,Avståndet mellan Helsingborg och Örebro är 932 km och Karl-Johan Gyllenstorm beräknade körtiden till cirka 684 minuter.,<url><loc>https://pendlings-app1.t-767929534-cloudflare.workers.dev/?fran=Helsingborg&amp;till=Örebro</loc><changefreq>monthly</changefreq></url>
Älvsbyn,Leksand,84,58,Avståndet mellan Älvsbyn och Leksand är 84 km och Karl-Johan Gyllenstorm beräknade körtiden till cirka 58 minuter.,<url><loc>https://pendlings-app1.t-767929534-cloudflare.workers.dev/?fran=Älvsbyn&amp;till=Leksand</loc><changefreq>monthly</changefreq></url>
Södertälje,Mörbylånga,656,436,Avståndet mellan Södertälje och Mörbylånga är 656 km och Karl-Johan Gyllenstorm beräknade körtiden till cirka 436 minuter.,<url><loc>https://pendlings-app1.t-767929534-cloudflare.workers.dev/?fran=Södertälje&amp;till=Mörbylånga</loc><changefreq>monthly</changefreq></url>
Klintehamn,Östhammar,477,363,Avståndet mellan Klintehamn och Östhammar är 477 km och Karl-Johan Gyllenstorm beräknade körtiden till cirka 363 minuter.,<url><loc>https://pendlings-app1.t-767929534-cloudflare.workers.dev/?fran=Klintehamn&amp;till=Östhammar</loc><changefreq>monthly</changefreq></url>
Karlskrona,Malung,1062,699,Avståndet mellan Karlskrona och Malung är 1062 km och Karl-Johan Gyllenstorm beräknade körtiden till cirka 699 minuter.,<url><loc>https://pendlings-app1.t-767929534-cloudflare.workers.dev/?fran=Karlskrona&amp;till=Malung</loc><changefreq>monthly</changefreq></url>
Strömsund,Vänersborg,84,60,Avståndet mellan Strömsund och Vänersborg är 84 km och Karl-Johan Gyllenstorm beräknade körtiden till cirka 60 minuter.,<url><loc>https://pendlings-app1.t-767929534-cloudflare.workers.dev/?fran=Strömsund&amp;till=Vänersborg</loc><changefreq>monthly</changefreq></url>
Ljusdal,Gnosjö,521,339,Avståndet mellan Ljusdal och Gnosjö är 521 km och Karl-Johan Gyllenstorm beräknade körtiden till cirka 339 minuter.,<url><loc>https://pendlings-app1.t-767929534-cloudflare.workers.dev/?fran=Ljusdal&amp;till=Gnosjö</loc><changefreq>monthly</changefreq></url>
Kramfors,Ånge,781,585,Avståndet mellan Kramfors och Ånge är 781 km och Karl-Johan Gyllenstorm beräknade körtiden till cirka 585 minuter.,<url><loc>https://pendlings-app1.t-767929534-cloudflare.workers.dev/?fran=Kramfors&amp;till=Ånge</loc><changefreq>monthly</changefreq></url>
Timrå,Emmaboda,853,553,Avståndet mellan Timrå och Emmaboda är 853 km och Karl-Johan Gyllenstorm beräknade körtiden till cirka 553 minuter.,<url><loc>https://pendlings-app1.t-767929534-cloudflare.workers.dev/?fran=Timrå&amp;till=Emmaboda</loc><changefreq>monthly</changefreq></url>
Laxå,Falköping,292,190,Avståndet mellan Laxå och Falköping är 292 km och Karl-Johan Gyllenstorm beräknade körtiden till cirka 190 minuter.,<url><loc>https://pendlings-app1.t-767929534-cloudflare.workers.dev/?fran=Laxå&amp;till=Falköping</loc><changefreq>monthly</changefreq></url>
Värnamo,Gävle,402,267,Avståndet mellan Värnamo och Gävle är 402 km och Karl-Johan Gyllenstorm beräknade körtiden till cirka 267 minuter.,<url><loc>https://pendlings-app1.t-767929534-cloudflare.workers.dev/?fran=Värnamo&amp;till=Gävle</loc><changefreq>monthly</changefreq></url>
Karlshamn,Surahammar,714,481,Avståndet mellan Karlshamn och Surahammar är 714 km och Karl-Johan Gyllenstorm beräknade körtiden till cirka 481 minuter.,<url><loc>https://pendlings-app1.t-767929534-cloudflare.workers.dev/?fran=Karlshamn&amp;till=Surahammar</loc><changefreq>monthly</changefreq></url>
Malung,Slite,135,105,Avståndet mellan Malung och Slite är 135 km och Karl-Johan Gyllenstorm beräknade körtiden till cirka 105 minuter.,<url><loc>https://pendlings-app1.t-767929534-cloudflare.workers.dev/?fran=Malung&amp;till=Slite</loc><changefreq>monthly</changefreq></url>
Avesta,Kungsör,1320,970,Avståndet mellan Avesta och Kungsör är 1320 km och Karl-Johan Gyllenstorm beräknade körtiden till cirka 970 minuter.,<url><loc>https://pendlings-app1.t-767929534-cloudflare.workers.dev/?fran=Avesta&amp;till=Kungsör</loc><changefreq>monthly</changefreq></url>
Hällefor,Smedjebacken,1270,930,Avståndet mellan Hällefor och Smedjebacken är 1270 km och Karl-Johan Gyllenstorm beräknade körtiden till cirka 930 minuter.,<url><loc>https://pendlings-app1.t-767929534-cloudflare.workers.dev/?fran=Hällefor&amp;till=Smedjebacken</loc><changefreq>monthly</changefreq></url>
Sälen,Norberg,134,107,Avståndet mellan Sälen och Norberg är 134 km och Karl-Johan Gyllenstorm beräknade körtiden till cirka 107 minuter.,<url><loc>https://pendlings-app1.t-767929534-cloudflare.workers.dev/?fran=Sälen&amp;till=Norberg</loc><changefreq>monthly</changefreq></url>
Fårösund,Stånga,1407,1011,Avståndet mellan Fårösund och Stånga är 1407 km och Karl-Johan Gyllenstorm beräknade körtiden till cirka 1011 minuter.,<url><loc>https://pendlings-app1.t-767929534-cloudflare.workers.dev/?fran=Fårösund&amp;till=Stånga</loc><changefreq>monthly</changefreq></url>
Örkelljunga,Kils,407,316,Avståndet mellan Örkelljunga och Kils är 407 km och Karl-Johan Gyllenstorm beräknade körtiden till cirka 316 minuter.,<url><loc>https://pendlings-app1.t-767929534-cloudflare.workers.dev/?fran=Örkelljunga&amp;till=Kils</loc><changefreq>monthly</changefreq></url>
Bjuv,Höör,336,249,Avståndet mellan Bjuv och Höör är 336 km och Karl-Johan Gyllenstorm beräknade körtiden till cirka 249 minuter.,<url><loc>https://pendlings-app1.t-767929534-cloudflare.workers.dev/?fran=Bjuv&amp;till=Höör</loc><changefreq>monthly</changefreq></url>
Åtvidaberg,Kramfors,950,682,Avståndet mellan Åtvidaberg och Kramfors är 950 km och Karl-Johan Gyllenstorm beräknade körtiden till cirka 682 minuter.,<url><loc>https://pendlings-app1.t-767929534-cloudflare.workers.dev/?fran=Åtvidaberg&amp;till=Kramfors</loc><changefreq>monthly</changefreq></url>
Halmstad,Ödeshög,1004,678,Avståndet mellan Halmstad och Ödeshög är 1004 km och Karl-Johan Gyllenstorm beräknade körtiden till cirka 678 minuter.,<url><loc>https://pendlings-app1.t-767929534-cloudflare.workers.dev/?fran=Halmstad&amp;till=Ödeshög</loc><changefreq>monthly</changefreq></url>
Högsby,Hagfors,995,735,Avståndet mellan Högsby och Hagfors är 995 km och Karl-Johan Gyllenstorm beräknade körtiden till cirka 735 minuter.,<url><loc>https://pendlings-app1.t-767929534-cloudflare.workers.dev/?fran=Högsby&amp;till=Hagfors</loc><changefreq>monthly</changefreq></url>
Göteborg,Boden,300,199,Avståndet mellan Göteborg och Boden är 300 km och Karl-Johan Gyllenstorm beräknade körtiden till cirka 199 minuter.,<url><loc>https://pendlings-app1.t-767929534-cloudflare.workers.dev/?fran=Göteborg&amp;till=Boden</loc><changefreq>monthly</changefreq></url>
Piteå,Emmaboda,1280,1006,Avståndet mellan Piteå och Emmaboda är 1280 km och Karl-Johan Gyllenstorm beräknade körtiden till cirka 1006 minuter.,<url><loc>https://pendlings-app1.t-767929534-cloudflare.workers.dev/?fran=Piteå&amp;till=Emmaboda</loc><changefreq>monthly</changefreq></url>
Vibble,Färgelanda,81,63,Avståndet mellan Vibble och Färgelanda är 81 km och Karl-Johan Gyllenstorm beräknade körtiden till cirka 63 minuter.,<url><loc>https://pendlings-app1.t-767929534-cloudflare.workers.dev/?fran=Vibble&amp;till=Färgelanda</loc><changefreq>monthly</changefreq></url>
Töreboda,Sorsele,387,288,Avståndet mellan Töreboda och Sorsele är 387 km och Karl-Johan Gyllenstorm beräknade körtiden till cirka 288 minuter.,<url><loc>https://pendlings-app1.t-767929534-cloudflare.workers.dev/?fran=Töreboda&amp;till=Sorsele</loc><changefreq>monthly</changefreq></url>
Karlstad,Tranås,229,179,Avståndet mellan Karlstad och Tranås är 229 km och Karl-Johan Gyllenstorm beräknade körtiden till cirka 179 minuter.,<url><loc>https://pendlings-app1.t-767929534-cloudflare.workers.dev/?fran=Karlstad&amp;till=Tranås</loc><changefreq>monthly</changefreq></url>
Bålsta,Bollebygd,1055,693,Avståndet mellan Bålsta och Bollebygd är 1055 km och Karl-Johan Gyllenstorm beräknade körtiden till cirka 693 minuter.,<url><loc>https://pendlings-app1.t-767929534-cloudflare.workers.dev/?fran=Bålsta&amp;till=Bollebygd</loc><changefreq>monthly</changefreq></url>
Lekeberg,Kungsör,539,378,Avståndet mellan Lekeberg och Kungsör är 539 km och Karl-Johan Gyllenstorm beräknade körtiden till cirka 378 minuter.,<url><loc>https://pendlings-app1.t-767929534-cloudflare.workers.dev/?fran=Lekeberg&amp;till=Kungsör</loc><changefreq>monthly</changefreq></url>
Grästorp,Söderhamn,1083,740,Avståndet mellan Grästorp och Söderhamn är 1083 km och Karl-Johan Gyllenstorm beräknade körtiden till cirka 740 minuter.,<url><loc>https://pendlings-app1.t-767929534-cloudflare.workers.dev/?fran=Grästorp&amp;till=Söderhamn</loc><changefreq>monthly</changefreq></url>
Norrköping,Åmål,147,117,Avståndet mellan Norrköping och Åmål är 147 km och Karl-Johan Gyllenstorm beräknade körtiden till cirka 117 minuter.,<url><loc>https://pendlings-app1.t-767929534-cloudflare.workers.dev/?fran=Norrköping&amp;till=Åmål</loc><changefreq>monthly</changefreq></url>
Herrljunga,Bräcke,1124,896,Avståndet mellan Herrljunga och Bräcke är 1124 km och Karl-Johan Gyllenstorm beräknade körtiden till cirka 896 minuter.,<url><loc>https://pendlings-app1.t-767929534-cloudflare.workers.dev/?fran=Herrljunga&amp;till=Bräcke</loc><changefreq>monthly</changefreq></url>
Borlänge,Säffle,996,689,Avståndet mellan Borlänge och Säffle är 996 km och Karl-Johan Gyllenstorm beräknade körtiden till cirka 689 minuter.,<url><loc>https://pendlings-app1.t-767929534-cloudflare.workers.dev/?fran=Borlänge&amp;till=Säffle</loc><changefreq>monthly</changefreq></url>
Höör,Kinda,836,593,Avståndet mellan Höör och Kinda är 836 km och Karl-Johan Gyllenstorm beräknade körtiden till cirka 593 minuter.,<url><loc>https://pendlings-app1.t-767929534-cloudflare.workers.dev/?fran=Höör&amp;till=Kinda</loc><changefreq>monthly</changefreq></url>
Örebro,Huddinge,1037,656,Avståndet mellan Örebro och Huddinge är 1037 km och Karl-Johan Gyllenstorm beräknade körtiden till cirka 656 minuter.,<url><loc>https://pendlings-app1.t-767929534-cloudflare.workers.dev/?fran=Örebro&amp;till=Huddinge</loc><changefreq>monthly</changefreq></url>
Norrköping,Årjäng,286,217,Avståndet mellan Norrköping och Årjäng är 286 km och Karl-Johan Gyllenstorm beräknade körtiden till cirka 217 minuter.,<url><loc>https://pendlings-app1.t-767929534-cloudflare.workers.dev/?fran=Norrköping&amp;till=Årjäng</loc><changefreq>monthly</changefreq></url>
Rättvik,Aneby,187,143,Avståndet mellan Rättvik och Aneby är 187 km och Karl-Johan Gyllenstorm beräknade körtiden till cirka 143 minuter.,<url><loc>https://pendlings-app1.t-767929534-cloudflare.workers.dev/?fran=Rättvik&amp;till=Aneby</loc><changefreq>monthly</changefreq></url>
Umeå,Höör,1244,806,Avståndet mellan Umeå och Höör är 1244 km och Karl-Johan Gyllenstorm beräknade körtiden till cirka 806 minuter.,<url><loc>https://pendlings-app1.t-767929534-cloudflare.workers.dev/?fran=Umeå&amp;till=Höör</loc><changefreq>monthly</changefreq></url>
Borlänge,Ydre,758,542,Avståndet mellan Borlänge och Ydre är 758 km och Karl-Johan Gyllenstorm beräknade körtiden till cirka 542 minuter.,<url><loc>https://pendlings-app1.t-767929534-cloudflare.workers.dev/?fran=Borlänge&amp;till=Ydre</loc><changefreq>monthly</changefreq></url>
Gullspång,Göteborg,52,33,Avståndet mellan Gullspång och Göteborg är 52 km och Karl-Johan Gyllenstorm beräknade körtiden till cirka 33 minuter.,<url><loc>https://pendlings-app1.t-767929534-cloudflare.workers.dev/?fran=Gullspång&amp;till=Göteborg</loc><changefreq>monthly</changefreq></url>
Vilhelmina,Skara,584,418,Avståndet mellan Vilhelmina och Skara är 584 km och Karl-Johan Gyllenstorm beräknade körtiden till cirka 418 minuter.,<url><loc>https://pendlings-app1.t-767929534-cloudflare.workers.dev/?fran=Vilhelmina&amp;till=Skara</loc><changefreq>monthly</changefreq></url>
Helsingborg,Gimo,861,569,Avståndet mellan Helsingborg och Gimo är 861 km och Karl-Johan Gyllenstorm beräknade körtiden till cirka 569 minuter.,<url><loc>https://pendlings-app1.t-767929534-cloudflare.workers.dev/?fran=Helsingborg&amp;till=Gimo</loc><changefreq>monthly</changefreq></url>
Kiruna,Oxelösund,361,247,Avståndet mellan Kiruna och Oxelösund är 361 km och Karl-Johan Gyllenstorm beräknade körtiden till cirka 247 minuter.,<url><loc>https://pendlings-app1.t-767929534-cloudflare.workers.dev/?fran=Kiruna&amp;till=Oxelösund</loc><changefreq>monthly</changefreq></url>
Vadstena,Kiruna,895,702,Avståndet mellan Vadstena och Kiruna är 895 km och Karl-Johan Gyllenstorm beräknade körtiden till cirka 702 minuter.,<url><loc>https://pendlings-app1.t-767929534-cloudflare.workers.dev/?fran=Vadstena&amp;till=Kiruna</loc><changefreq>monthly</changefreq></url>
Lycksele,Hudiksvall,252,162,Avståndet mellan Lycksele och Hudiksvall är 252 km och Karl-Johan Gyllenstorm beräknade körtiden till cirka 162 minuter.,<url><loc>https://pendlings-app1.t-767929534-cloudflare.workers.dev/?fran=Lycksele&amp;till=Hudiksvall</loc><changefreq>monthly</changefreq></url>
Övertorneå,Oxelösund,134,102,Avståndet mellan Övertorneå och Oxelösund är 134 km och Karl-Johan Gyllenstorm beräknade körtiden till cirka 102 minuter.,<url><loc>https://pendlings-app1.t-767929534-cloudflare.workers.dev/?fran=Övertorneå&amp;till=Oxelösund</loc><changefreq>monthly</changefreq></url>
Västervik,Härjedalen,539,406,Avståndet mellan Västervik och Härjedalen är 539 km och Karl-Johan Gyllenstorm beräknade körtiden till cirka 406 minuter.,<url><loc>https://pendlings-app1.t-767929534-cloudflare.workers.dev/?fran=Västervik&amp;till=Härjedalen</loc><changefreq>monthly</changefreq></url>
Ydre,Jokkmokk,1005,737,Avståndet mellan Ydre och Jokkmokk är 1005 km och Karl-Johan Gyllenstorm beräknade körtiden till cirka 737 minuter.,<url><loc>https://pendlings-app1.t-767929534-cloudflare.workers.dev/?fran=Ydre&amp;till=Jokkmokk</loc><changefreq>monthly</changefreq></url>
Timrå,Helsingborg,905,663,Avståndet mellan Timrå och Helsingborg är 905 km och Karl-Johan Gyllenstorm beräknade körtiden till cirka 663 minuter.,<url><loc>https://pendlings-app1.t-767929534-cloudflare.workers.dev/?fran=Timrå&amp;till=Helsingborg</loc><changefreq>monthly</changefreq></url>
Mariestad,Essunga,1230,824,Avståndet mellan Mariestad och Essunga är 1230 km och Karl-Johan Gyllenstorm beräknade körtiden till cirka 824 minuter.,<url><loc>https://pendlings-app1.t-767929534-cloudflare.workers.dev/?fran=Mariestad&amp;till=Essunga</loc><changefreq>monthly</changefreq></url>
Ockelbo,Östhammar,1115,881,Avståndet mellan Ockelbo och Östhammar är 1115 km och Karl-Johan Gyllenstorm beräknade körtiden till cirka 881 minuter.,<url><loc>https://pendlings-app1.t-767929534-cloudflare.workers.dev/?fran=Ockelbo&amp;till=Östhammar</loc><changefreq>monthly</changefreq></url>
Färjestaden,Kils,1159,848,Avståndet mellan Färjestaden och Kils är 1159 km och Karl-Johan Gyllenstorm beräknade körtiden till cirka 848 minuter.,<url><loc>https://pendlings-app1.t-767929534-cloudflare.workers.dev/?fran=Färjestaden&amp;till=Kils</loc><changefreq>monthly</changefreq></url>
Nyköping,Strängnäs,1326,1015,Avståndet mellan Nyköping och Strängnäs är 1326 km och Karl-Johan Gyllenstorm beräknade körtiden till cirka 1015 minuter.,<url><loc>https://pendlings-app1.t-767929534-cloudflare.workers.dev/?fran=Nyköping&amp;till=Strängnäs</loc><changefreq>monthly</changefreq></url>
Vilhelmina,Knivsta,567,362,Avståndet mellan Vilhelmina och Knivsta är 567 km och Karl-Johan Gyllenstorm beräknade körtiden till cirka 362 minuter.,<url><loc>https://pendlings-app1.t-767929534-cloudflare.workers.dev/?fran=Vilhelmina&amp;till=Knivsta</loc><changefreq>monthly</changefreq></url>
Ronehamn,Uppsala,383,283,Avståndet mellan Ronehamn och Uppsala är 383 km och Karl-Johan Gyllenstorm beräknade körtiden till cirka 283 minuter.,<url><loc>https://pendlings-app1.t-767929534-cloudflare.workers.dev/?fran=Ronehamn&amp;till=Uppsala</loc><changefreq>monthly</changefreq></url>
Vansbro,Oxelösund,277,188,Avståndet mellan Vansbro och Oxelösund är 277 km och Karl-Johan Gyllenstorm beräknade körtiden till cirka 188 minuter.,<url><loc>https://pendlings-app1.t-767929534-cloudflare.workers.dev/?fran=Vansbro&amp;till=Oxelösund</loc><changefreq>monthly</changefreq></url>
Sunne,Berg,1447,964,Avståndet mellan Sunne och Berg är 1447 km och Karl-Johan Gyllenstorm beräknade körtiden till cirka 964 minuter.,<url><loc>https://pendlings-app1.t-767929534-cloudflare.workers.dev/?fran=Sunne&amp;till=Berg</loc><changefreq>monthly</changefreq></url>
Växjö,Sala,1056,778,Avståndet mellan Växjö och Sala är 1056 km och Karl-Johan Gyllenstorm beräknade körtiden till cirka 778 minuter.,<url><loc>https://pendlings-app1.t-767929534-cloudflare.workers.dev/?fran=Växjö&amp;till=Sala</loc><changefreq>monthly</changefreq></url>
Norberg,Höganäs,543,396,Avståndet mellan Norberg och Höganäs är 543 km och Karl-Johan Gyllenstorm beräknade körtiden till cirka 396 minuter.,<url><loc>https://pendlings-app1.t-767929534-cloudflare.workers.dev/?fran=Norberg&amp;till=Höganäs</loc><changefreq>monthly</changefreq></url>
Aneby,Sala,574,453,Avståndet mellan Aneby och Sala är 574 km och Karl-Johan Gyllenstorm beräknade körtiden till cirka 453 minuter.,<url><loc>https://pendlings-app1.t-767929534-cloudflare.workers.dev/?fran=Aneby&amp;till=Sala</loc><changefreq>monthly</changefreq></url>
Hagfors,Falköping,1409,900,Avståndet mellan Hagfors och Falköping är 1409 km och Karl-Johan Gyllenstorm beräknade körtiden till cirka 900 minuter.,<url><loc>https://pendlings-app1.t-767929534-cloudflare.workers.dev/?fran=Hagfors&amp;till=Falköping</loc><changefreq>monthly</changefreq></url>
Habon,Tomelilla,546,404,Avståndet mellan Habon och Tomelilla är 546 km och Karl-Johan Gyllenstorm beräknade körtiden till cirka 404 minuter.,<url><loc>https://pendlings-app1.t-767929534-cloudflare.workers.dev/?fran=Habon&amp;till=Tomelilla</loc><changefreq>monthly</changefreq></url>
Dorotea,Tomelilla,777,578,Avståndet mellan Dorotea och Tomelilla är 777 km och Karl-Johan Gyllenstorm beräknade körtiden till cirka 578 minuter.,<url><loc>https://pendlings-app1.t-767929534-cloudflare.workers.dev/?fran=Dorotea&amp;till=Tomelilla</loc><changefreq>monthly</changefreq></url>
Tranemo,Hudiksvall,981,720,Avståndet mellan Tranemo och Hudiksvall är 981 km och Karl-Johan Gyllenstorm beräknade körtiden till cirka 720 minuter.,<url><loc>https://pendlings-app1.t-767929534-cloudflare.workers.dev/?fran=Tranemo&amp;till=Hudiksvall</loc><changefreq>monthly</changefreq></url>
Göteborg,Sorsele,323,210,Avståndet mellan Göteborg och Sorsele är 323 km och Karl-Johan Gyllenstorm beräknade körtiden till cirka 210 minuter.,<url><loc>https://pendlings-app1.t-767929534-cloudflare.workers.dev/?fran=Göteborg&amp;till=Sorsele</loc><changefreq>monthly</changefreq></url>
Pajala,Roma,182,141,Avståndet mellan Pajala och Roma är 182 km och Karl-Johan Gyllenstorm beräknade körtiden till cirka 141 minuter.,<url><loc>https://pendlings-app1.t-767929534-cloudflare.workers.dev/?fran=Pajala&amp;till=Roma</loc><changefreq>monthly</changefreq></url>
Visby,Habon,421,324,Avståndet mellan Visby och Habon är 421 km och Karl-Johan Gyllenstorm beräknade körtiden till cirka 324 minuter.,<url><loc>https://pendlings-app1.t-767929534-cloudflare.workers.dev/?fran=Visby&amp;till=Habon</loc><changefreq>monthly</changefreq></url>
Vänersborg,Söderhamn,941,700,Avståndet mellan Vänersborg och Söderhamn är 941 km och Karl-Johan Gyllenstorm beräknade körtiden till cirka 700 minuter.,<url><loc>https://pendlings-app1.t-767929534-cloudflare.workers.dev/?fran=Vänersborg&amp;till=Söderhamn</loc><changefreq>monthly</changefreq></url>
Grästorp,Olofström,1125,773,Avståndet mellan Grästorp och Olofström är 1125 km och Karl-Johan Gyllenstorm beräknade körtiden till cirka 773 minuter.,<url><loc>https://pendlings-app1.t-767929534-cloudflare.workers.dev/?fran=Grästorp&amp;till=Olofström</loc><changefreq>monthly</changefreq></url>
Skara,Boden,1031,698,Avståndet mellan Skara och Boden är 1031 km och Karl-Johan Gyllenstorm beräknade körtiden till cirka 698 minuter.,<url><loc>https://pendlings-app1.t-767929534-cloudflare.workers.dev/?fran=Skara&amp;till=Boden</loc><changefreq>monthly</changefreq></url>
Kiruna,Skara,1296,867,Avståndet mellan Kiruna och Skara är 1296 km och Karl-Johan Gyllenstorm beräknade körtiden till cirka 867 minuter.,<url><loc>https://pendlings-app1.t-767929534-cloudflare.workers.dev/?fran=Kiruna&amp;till=Skara</loc><changefreq>monthly</changefreq></url>
Filipstad,Falkenberg,198,141,Avståndet mellan Filipstad och Falkenberg är 198 km och Karl-Johan Gyllenstorm beräknade körtiden till cirka 141 minuter.,<url><loc>https://pendlings-app1.t-767929534-cloudflare.workers.dev/?fran=Filipstad&amp;till=Falkenberg</loc><changefreq>monthly</changefreq></url>
Östersund,Lärbro,840,558,Avståndet mellan Östersund och Lärbro är 840 km och Karl-Johan Gyllenstorm beräknade körtiden till cirka 558 minuter.,<url><loc>https://pendlings-app1.t-767929534-cloudflare.workers.dev/?fran=Östersund&amp;till=Lärbro</loc><changefreq>monthly</changefreq></url>
Mora,Strömsund,522,355,Avståndet mellan Mora och Strömsund är 522 km och Karl-Johan Gyllenstorm beräknade körtiden till cirka 355 minuter.,<url><loc>https://pendlings-app1.t-767929534-cloudflare.workers.dev/?fran=Mora&amp;till=Strömsund</loc><changefreq>monthly</changefreq></url>
Vårgårda,Hörby,1346,920,Avståndet mellan Vårgårda och Hörby är 1346 km och Karl-Johan Gyllenstorm beräknade körtiden till cirka 920 minuter.,<url><loc>https://pendlings-app1.t-767929534-cloudflare.workers.dev/?fran=Vårgårda&amp;till=Hörby</loc><changefreq>monthly</changefreq></url>
Kristinehamn,Tanum,365,258,Avståndet mellan Kristinehamn och Tanum är 365 km och Karl-Johan Gyllenstorm beräknade körtiden till cirka 258 minuter.,<url><loc>https://pendlings-app1.t-767929534-cloudflare.workers.dev/?fran=Kristinehamn&amp;till=Tanum</loc><changefreq>monthly</changefreq></url>
Ulricehamn,Gnosjö,87,66,Avståndet mellan Ulricehamn och Gnosjö är 87 km och Karl-Johan Gyllenstorm beräknade körtiden till cirka 66 minuter.,<url><loc>https://pendlings-app1.t-767929534-cloudflare.workers.dev/?fran=Ulricehamn&amp;till=Gnosjö</loc><changefreq>monthly</changefreq></url>
Halmstad,Laxå,1161,812,Avståndet mellan Halmstad och Laxå är 1161 km och Karl-Johan Gyllenstorm beräknade körtiden till cirka 812 minuter.,<url><loc>https://pendlings-app1.t-767929534-cloudflare.workers.dev/?fran=Halmstad&amp;till=Laxå</loc><changefreq>monthly</changefreq></url>
Mora,Malå,1428,1093,Avståndet mellan Mora och Malå är 1428 km och Karl-Johan Gyllenstorm beräknade körtiden till cirka 1093 minuter.,<url><loc>https://pendlings-app1.t-767929534-cloudflare.workers.dev/?fran=Mora&amp;till=Malå</loc><changefreq>monthly</changefreq></url>
Karlskrona,Hyltebruk,174,112,Avståndet mellan Karlskrona och Hyltebruk är 174 km och Karl-Johan Gyllenstorm beräknade körtiden till cirka 112 minuter.,<url><loc>https://pendlings-app1.t-767929534-cloudflare.workers.dev/?fran=Karlskrona&amp;till=Hyltebruk</loc><changefreq>monthly</changefreq></url>
Ydre,Trollhättan,749,503,Avståndet mellan Ydre och Trollhättan är 749 km och Karl-Johan Gyllenstorm beräknade körtiden till cirka 503 minuter.,<url><loc>https://pendlings-app1.t-767929534-cloudflare.workers.dev/?fran=Ydre&amp;till=Trollhättan</loc><changefreq>monthly</changefreq></url>
Hofors,Kopparberg,1366,955,Avståndet mellan Hofors och Kopparberg är 1366 km och Karl-Johan Gyllenstorm beräknade körtiden till cirka 955 minuter.,<url><loc>https://pendlings-app1.t-767929534-cloudflare.workers.dev/?fran=Hofors&amp;till=Kopparberg</loc><changefreq>monthly</changefreq></url>
Lidköping,Eda,162,112,Avståndet mellan Lidköping och Eda är 162 km och Karl-Johan Gyllenstorm beräknade körtiden till cirka 112 minuter.,<url><loc>https://pendlings-app1.t-767929534-cloudflare.workers.dev/?fran=Lidköping&amp;till=Eda</loc><changefreq>monthly</changefreq></url>
Osby,Ljusdal,817,520,Avståndet mellan Osby och Ljusdal är 817 km och Karl-Johan Gyllenstorm beräknade körtiden till cirka 520 minuter.,<url><loc>https://pendlings-app1.t-767929534-cloudflare.workers.dev/?fran=Osby&amp;till=Ljusdal</loc><changefreq>monthly</changefreq></url>
Piteå,Landskrona,110,82,Avståndet mellan Piteå och Landskrona är 110 km och Karl-Johan Gyllenstorm beräknade körtiden till cirka 82 minuter.,<url><loc>https://pendlings-app1.t-767929534-cloudflare.workers.dev/?fran=Piteå&amp;till=Landskrona</loc><changefreq>monthly</changefreq></url>
Perstorp,Köping,1326,1009,Avståndet mellan Perstorp och Köping är 1326 km och Karl-Johan Gyllenstorm beräknade körtiden till cirka 1009 minuter.,<url><loc>https://pendlings-app1.t-767929534-cloudflare.workers.dev/?fran=Perstorp&amp;till=Köping</loc><changefreq>monthly</changefreq></url>
Umeå,Aneby,816,562,Avståndet mellan Umeå och Aneby är 816 km och Karl-Johan Gyllenstorm beräknade körtiden till cirka 562 minuter.,<url><loc>https://pendlings-app1.t-767929534-cloudflare.workers.dev/?fran=Umeå&amp;till=Aneby</loc><changefreq>monthly</changefreq></url>
Ängelholm,Vibble,495,364,Avståndet mellan Ängelholm och Vibble är 495 km och Karl-Johan Gyllenstorm beräknade körtiden till cirka 364 minuter.,<url><loc>https://pendlings-app1.t-767929534-cloudflare.workers.dev/?fran=Ängelholm&amp;till=Vibble</loc><changefreq>monthly</changefreq></url>
Vänersborg,Kristianstad,1141,805,Avståndet mellan Vänersborg och Kristianstad är 1141 km och Karl-Johan Gyllenstorm beräknade körtiden till cirka 805 minuter.,<url><loc>https://pendlings-app1.t-767929534-cloudflare.workers.dev/?fran=Vänersborg&amp;till=Kristianstad</loc><changefreq>monthly</changefreq></url>
Ronneby,Kalix,321,240,Avståndet mellan Ronneby och Kalix är 321 km och Karl-Johan Gyllenstorm beräknade körtiden till cirka 240 minuter.,<url><loc>https://pendlings-app1.t-767929534-cloudflare.workers.dev/?fran=Ronneby&amp;till=Kalix</loc><changefreq>monthly</changefreq></url>
Knivsta,Ånge,494,363,Avståndet mellan Knivsta och Ånge är 494 km och Karl-Johan Gyllenstorm beräknade körtiden till cirka 363 minuter.,<url><loc>https://pendlings-app1.t-767929534-cloudflare.workers.dev/?fran=Knivsta&amp;till=Ånge</loc><changefreq>monthly</changefreq></url>
Hudiksvall,Huddinge,495,321,Avståndet mellan Hudiksvall och Huddinge är 495 km och Karl-Johan Gyllenstorm beräknade körtiden till cirka 321 minuter.,<url><loc>https://pendlings-app1.t-767929534-cloudflare.workers.dev/?fran=Hudiksvall&amp;till=Huddinge</loc><changefreq>monthly</changefreq></url>
Timrå,Vara,49,39,Avståndet mellan Timrå och Vara är 49 km och Karl-Johan Gyllenstorm beräknade körtiden till cirka 39 minuter.,<url><loc>https://pendlings-app1.t-767929534-cloudflare.workers.dev/?fran=Timrå&amp;till=Vara</loc><changefreq>monthly</changefreq></url>
Munkedal,Högsby,1324,885,Avståndet mellan Munkedal och Högsby är 1324 km och Karl-Johan Gyllenstorm beräknade körtiden till cirka 885 minuter.,<url><loc>https://pendlings-app1.t-767929534-cloudflare.workers.dev/?fran=Munkedal&amp;till=Högsby</loc><changefreq>monthly</changefreq></url>
Nyköping,Tranås,1079,848,Avståndet mellan Nyköping och Tranås är 1079 km och Karl-Johan Gyllenstorm beräknade körtiden till cirka 848 minuter.,<url><loc>https://pendlings-app1.t-767929534-cloudflare.workers.dev/?fran=Nyköping&amp;till=Tranås</loc><changefreq>monthly</changefreq></url>
Alingsås,Hofors,836,598,Avståndet mellan Alingsås och Hofors är 836 km och Karl-Johan Gyllenstorm beräknade körtiden till cirka 598 minuter.,<url><loc>https://pendlings-app1.t-767929534-cloudflare.workers.dev/?fran=Alingsås&amp;till=Hofors</loc><changefreq>monthly</changefreq></url>
Högsby,Uppsala,1059,787,Avståndet mellan Högsby och Uppsala är 1059 km och Karl-Johan Gyllenstorm beräknade körtiden till cirka 787 minuter.,<url><loc>https://pendlings-app1.t-767929534-cloudflare.workers.dev/?fran=Högsby&amp;till=Uppsala</loc><changefreq>monthly</changefreq></url>
Mellerud,Kävlinge,162,106,Avståndet mellan Mellerud och Kävlinge är 162 km och Karl-Johan Gyllenstorm beräknade körtiden till cirka 106 minuter.,<url><loc>https://pendlings-app1.t-767929534-cloudflare.workers.dev/?fran=Mellerud&amp;till=Kävlinge</loc><changefreq>monthly</changefreq></url>
Eksjö,Vänersborg,732,463,Avståndet mellan Eksjö och Vänersborg är 732 km och Karl-Johan Gyllenstorm beräknade körtiden till cirka 463 minuter.,<url><loc>https://pendlings-app1.t-767929534-cloudflare.workers.dev/?fran=Eksjö&amp;till=Vänersborg</loc><changefreq>monthly</changefreq></url>
Pajala,Skurup,596,447,Avståndet mellan Pajala och Skurup är 596 km och Karl-Johan Gyllenstorm beräknade körtiden till cirka 447 minuter.,<url><loc>https://pendlings-app1.t-767929534-cloudflare.workers.dev/?fran=Pajala&amp;till=Skurup</loc><changefreq>monthly</changefreq></url>
Ängelholm,Östhammar,1397,891,Avståndet mellan Ängelholm och Östhammar är 1397 km och Karl-Johan Gyllenstorm beräknade körtiden till cirka 891 minuter.,<url><loc>https://pendlings-app1.t-767929534-cloudflare.workers.dev/?fran=Ängelholm&amp;till=Östhammar</loc><changefreq>monthly</changefreq></url>
Vansbro,Timrå,560,419,Avståndet mellan Vansbro och Timrå är 560 km och Karl-Johan Gyllenstorm beräknade körtiden till cirka 419 minuter.,<url><loc>https://pendlings-app1.t-767929534-cloudflare.workers.dev/?fran=Vansbro&amp;till=Timrå</loc><changefreq>monthly</changefreq></url>
Gnosjö,Gnestad,134,88,Avståndet mellan Gnosjö och Gnestad är 134 km och Karl-Johan Gyllenstorm beräknade körtiden till cirka 88 minuter.,<url><loc>https://pendlings-app1.t-767929534-cloudflare.workers.dev/?fran=Gnosjö&amp;till=Gnestad</loc><changefreq>monthly</changefreq></url>
Kungsbacka,Gävle,455,299,Avståndet mellan Kungsbacka och Gävle är 455 km och Karl-Johan Gyllenstorm beräknade körtiden till cirka 299 minuter.,<url><loc>https://pendlings-app1.t-767929534-cloudflare.workers.dev/?fran=Kungsbacka&amp;till=Gävle</loc><changefreq>monthly</changefreq></url>
Alingsås,Gislaved,765,517,Avståndet mellan Alingsås och Gislaved är 765 km och Karl-Johan Gyllenstorm beräknade körtiden till cirka 517 minuter.,<url><loc>https://pendlings-app1.t-767929534-cloudflare.workers.dev/?fran=Alingsås&amp;till=Gislaved</loc><changefreq>monthly</changefreq></url>
Dorotea,Munkedal,998,688,Avståndet mellan Dorotea och Munkedal är 998 km och Karl-Johan Gyllenstorm beräknade körtiden till cirka 688 minuter.,<url><loc>https://pendlings-app1.t-767929534-cloudflare.workers.dev/?fran=Dorotea&amp;till=Munkedal</loc><changefreq>monthly</changefreq></url>
Motala,Båstad,470,336,Avståndet mellan Motala och Båstad är 470 km och Karl-Johan Gyllenstorm beräknade körtiden till cirka 336 minuter.,<url><loc>https://pendlings-app1.t-767929534-cloudflare.workers.dev/?fran=Motala&amp;till=Båstad</loc><changefreq>monthly</changefreq></url>
Hörby,Växjö,1156,899,Avståndet mellan Hörby och Växjö är 1156 km och Karl-Johan Gyllenstorm beräknade körtiden till cirka 899 minuter.,<url><loc>https://pendlings-app1.t-767929534-cloudflare.workers.dev/?fran=Hörby&amp;till=Växjö</loc><changefreq>monthly</changefreq></url>
Trelleborg,Hagfors,1339,905,Avståndet mellan Trelleborg och Hagfors är 1339 km och Karl-Johan Gyllenstorm beräknade körtiden till cirka 905 minuter.,<url><loc>https://pendlings-app1.t-767929534-cloudflare.workers.dev/?fran=Trelleborg&amp;till=Hagfors</loc><changefreq>monthly</changefreq></url>
Sveg,Kils,1396,1029,Avståndet mellan Sveg och Kils är 1396 km och Karl-Johan Gyllenstorm beräknade körtiden till cirka 1029 minuter.,<url><loc>https://pendlings-app1.t-767929534-cloudflare.workers.dev/?fran=Sveg&amp;till=Kils</loc><changefreq>monthly</changefreq></url>
Lindesberg,Hörby,1343,927,Avståndet mellan Lindesberg och Hörby är 1343 km och Karl-Johan Gyllenstorm beräknade körtiden till cirka 927 minuter.,<url><loc>https://pendlings-app1.t-767929534-cloudflare.workers.dev/?fran=Lindesberg&amp;till=Hörby</loc><changefreq>monthly</changefreq></url>
Mjölby,Degerfors,326,228,Avståndet mellan Mjölby och Degerfors är 326 km och Karl-Johan Gyllenstorm beräknade körtiden till cirka 228 minuter.,<url><loc>https://pendlings-app1.t-767929534-cloudflare.workers.dev/?fran=Mjölby&amp;till=Degerfors</loc><changefreq>monthly</changefreq></url>
Laholm,Enköping,1053,741,Avståndet mellan Laholm och Enköping är 1053 km och Karl-Johan Gyllenstorm beräknade körtiden till cirka 741 minuter.,<url><loc>https://pendlings-app1.t-767929534-cloudflare.workers.dev/?fran=Laholm&amp;till=Enköping</loc><changefreq>monthly</changefreq></url>
Tranemo,Arboga,548,356,Avståndet mellan Tranemo och Arboga är 548 km och Karl-Johan Gyllenstorm beräknade körtiden till cirka 356 minuter.,<url><loc>https://pendlings-app1.t-767929534-cloudflare.workers.dev/?fran=Tranemo&amp;till=Arboga</loc><changefreq>monthly</changefreq></url>
Älvdalen,Kopparberg,815,537,Avståndet mellan Älvdalen och Kopparberg är 815 km och Karl-Johan Gyllenstorm beräknade körtiden till cirka 537 minuter.,<url><loc>https://pendlings-app1.t-767929534-cloudflare.workers.dev/?fran=Älvdalen&amp;till=Kopparberg</loc><changefreq>monthly</changefreq></url>
Svenljunga,Enköping,1188,823,Avståndet mellan Svenljunga och Enköping är 1188 km och Karl-Johan Gyllenstorm beräknade körtiden till cirka 823 minuter.,<url><loc>https://pendlings-app1.t-767929534-cloudflare.workers.dev/?fran=Svenljunga&amp;till=Enköping</loc><changefreq>monthly</changefreq></url>
Nora,Oxelösund,1225,859,Avståndet mellan Nora och Oxelösund är 1225 km och Karl-Johan Gyllenstorm beräknade körtiden till cirka 859 minuter.,<url><loc>https://pendlings-app1.t-767929534-cloudflare.workers.dev/?fran=Nora&amp;till=Oxelösund</loc><changefreq>monthly</changefreq></url>
Luleå,Örkelljunga,342,221,Avståndet mellan Luleå och Örkelljunga är 342 km och Karl-Johan Gyllenstorm beräknade körtiden till cirka 221 minuter.,<url><loc>https://pendlings-app1.t-767929534-cloudflare.workers.dev/?fran=Luleå&amp;till=Örkelljunga</loc><changefreq>monthly</changefreq></url>
Torsby,Strömstad,1439,993,Avståndet mellan Torsby och Strömstad är 1439 km och Karl-Johan Gyllenstorm beräknade körtiden till cirka 993 minuter.,<url><loc>https://pendlings-app1.t-767929534-cloudflare.workers.dev/?fran=Torsby&amp;till=Strömstad</loc><changefreq>monthly</changefreq></url>
Flen,Simrishamn,651,412,Avståndet mellan Flen och Simrishamn är 651 km och Karl-Johan Gyllenstorm beräknade körtiden till cirka 412 minuter.,<url><loc>https://pendlings-app1.t-767929534-cloudflare.workers.dev/?fran=Flen&amp;till=Simrishamn</loc><changefreq>monthly</changefreq></url>
Årjäng,Kumla,669,474,Avståndet mellan Årjäng och Kumla är 669 km och Karl-Johan Gyllenstorm beräknade körtiden till cirka 474 minuter.,<url><loc>https://pendlings-app1.t-767929534-cloudflare.workers.dev/?fran=Årjäng&amp;till=Kumla</loc><changefreq>monthly</changefreq></url>
Munkedal,Hedemora,297,194,Avståndet mellan Munkedal och Hedemora är 297 km och Karl-Johan Gyllenstorm beräknade körtiden till cirka 194 minuter.,<url><loc>https://pendlings-app1.t-767929534-cloudflare.workers.dev/?fran=Munkedal&amp;till=Hedemora</loc><changefreq>monthly</changefreq></url>
Stånga,Ockelbo,239,178,Avståndet mellan Stånga och Ockelbo är 239 km och Karl-Johan Gyllenstorm beräknade körtiden till cirka 178 minuter.,<url><loc>https://pendlings-app1.t-767929534-cloudflare.workers.dev/?fran=Stånga&amp;till=Ockelbo</loc><changefreq>monthly</changefreq></url>
Ragunda,Håbo,945,640,Avståndet mellan Ragunda och Håbo är 945 km och Karl-Johan Gyllenstorm beräknade körtiden till cirka 640 minuter.,<url><loc>https://pendlings-app1.t-767929534-cloudflare.workers.dev/?fran=Ragunda&amp;till=Håbo</loc><changefreq>monthly</changefreq></url>
Östersund,Örebro,544,395,Avståndet mellan Östersund och Örebro är 544 km och Karl-Johan Gyllenstorm beräknade körtiden till cirka 395 minuter.,<url><loc>https://pendlings-app1.t-767929534-cloudflare.workers.dev/?fran=Östersund&amp;till=Örebro</loc><changefreq>monthly</changefreq></url>
Värnamo,Pajala,99,65,Avståndet mellan Värnamo och Pajala är 99 km och Karl-Johan Gyllenstorm beräknade körtiden till cirka 65 minuter.,<url><loc>https://pendlings-app1.t-767929534-cloudflare.workers.dev/?fran=Värnamo&amp;till=Pajala</loc><changefreq>monthly</changefreq></url>
Gagnef,Gällivare,1250,874,Avståndet mellan Gagnef och Gällivare är 1250 km och Karl-Johan Gyllenstorm beräknade körtiden till cirka 874 minuter.,<url><loc>https://pendlings-app1.t-767929534-cloudflare.workers.dev/?fran=Gagnef&amp;till=Gällivare</loc><changefreq>monthly</changefreq></url>
Färjestaden,Gimo,805,541,Avståndet mellan Färjestaden och Gimo är 805 km och Karl-Johan Gyllenstorm beräknade körtiden till cirka 541 minuter.,<url><loc>https://pendlings-app1.t-767929534-cloudflare.workers.dev/?fran=Färjestaden&amp;till=Gimo</loc><changefreq>monthly</changefreq></url>
Grums,Västervik,383,286,Avståndet mellan Grums och Västervik är 383 km och Karl-Johan Gyllenstorm beräknade körtiden till cirka 286 minuter.,<url><loc>https://pendlings-app1.t-767929534-cloudflare.workers.dev/?fran=Grums&amp;till=Västervik</loc><changefreq>monthly</changefreq></url>
Askersund,Tranemo,442,289,Avståndet mellan Askersund och Tranemo är 442 km och Karl-Johan Gyllenstorm beräknade körtiden till cirka 289 minuter.,<url><loc>https://pendlings-app1.t-767929534-cloudflare.workers.dev/?fran=Askersund&amp;till=Tranemo</loc><changefreq>monthly</changefreq></url>
Malung,Kungsör,1353,1021,Avståndet mellan Malung och Kungsör är 1353 km och Karl-Johan Gyllenstorm beräknade körtiden till cirka 1021 minuter.,<url><loc>https://pendlings-app1.t-767929534-cloudflare.workers.dev/?fran=Malung&amp;till=Kungsör</loc><changefreq>monthly</changefreq></url>
Tomelilla,Sveg,945,725,Avståndet mellan Tomelilla och Sveg är 945 km och Karl-Johan Gyllenstorm beräknade körtiden till cirka 725 minuter.,<url><loc>https://pendlings-app1.t-767929534-cloudflare.workers.dev/?fran=Tomelilla&amp;till=Sveg</loc><changefreq>monthly</changefreq></url>
Flen,Kramfors,507,381,Avståndet mellan Flen och Kramfors är 507 km och Karl-Johan Gyllenstorm beräknade körtiden till cirka 381 minuter.,<url><loc>https://pendlings-app1.t-767929534-cloudflare.workers.dev/?fran=Flen&amp;till=Kramfors</loc><changefreq>monthly</changefreq></url>
Aneby,Tranås,236,181,Avståndet mellan Aneby och Tranås är 236 km och Karl-Johan Gyllenstorm beräknade körtiden till cirka 181 minuter.,<url><loc>https://pendlings-app1.t-767929534-cloudflare.workers.dev/?fran=Aneby&amp;till=Tranås</loc><changefreq>monthly</changefreq></url>
Kramfors,Essunga,255,162,Avståndet mellan Kramfors och Essunga är 255 km och Karl-Johan Gyllenstorm beräknade körtiden till cirka 162 minuter.,<url><loc>https://pendlings-app1.t-767929534-cloudflare.workers.dev/?fran=Kramfors&amp;till=Essunga</loc><changefreq>monthly</changefreq></url>
Mjölby,Nora,1375,959,Avståndet mellan Mjölby och Nora är 1375 km och Karl-Johan Gyllenstorm beräknade körtiden till cirka 959 minuter.,<url><loc>https://pendlings-app1.t-767929534-cloudflare.workers.dev/?fran=Mjölby&amp;till=Nora</loc><changefreq>monthly</changefreq></url>
Landskrona,Övertorneå,86,62,Avståndet mellan Landskrona och Övertorneå är 86 km och Karl-Johan Gyllenstorm beräknade körtiden till cirka 62 minuter.,<url><loc>https://pendlings-app1.t-767929534-cloudflare.workers.dev/?fran=Landskrona&amp;till=Övertorneå</loc><changefreq>monthly</changefreq></url>
Osby,Båstad,346,221,Avståndet mellan Osby och Båstad är 346 km och Karl-Johan Gyllenstorm beräknade körtiden till cirka 221 minuter.,<url><loc>https://pendlings-app1.t-767929534-cloudflare.workers.dev/?fran=Osby&amp;till=Båstad</loc><changefreq>monthly</changefreq></url>
Vimmerby,Örebro,1185,898,Avståndet mellan Vimmerby och Örebro är 1185 km och Karl-Johan Gyllenstorm beräknade körtiden till cirka 898 minuter.,<url><loc>https://pendlings-app1.t-767929534-cloudflare.workers.dev/?fran=Vimmerby&amp;till=Örebro</loc><changefreq>monthly</changefreq></url>
Pajala,Hörby,378,266,Avståndet mellan Pajala och Hörby är 378 km och Karl-Johan Gyllenstorm beräknade körtiden till cirka 266 minuter.,<url><loc>https://pendlings-app1.t-767929534-cloudflare.workers.dev/?fran=Pajala&amp;till=Hörby</loc><changefreq>monthly</changefreq></url>
Fagersta,Svenljunga,1079,693,Avståndet mellan Fagersta och Svenljunga är 1079 km och Karl-Johan Gyllenstorm beräknade körtiden till cirka 693 minuter.,<url><loc>https://pendlings-app1.t-767929534-cloudflare.workers.dev/?fran=Fagersta&amp;till=Svenljunga</loc><changefreq>monthly</changefreq></url>
Lomma,Gullspång,1208,841,Avståndet mellan Lomma och Gullspång är 1208 km och Karl-Johan Gyllenstorm beräknade körtiden till cirka 841 minuter.,<url><loc>https://pendlings-app1.t-767929534-cloudflare.workers.dev/?fran=Lomma&amp;till=Gullspång</loc><changefreq>monthly</changefreq></url>
Norberg,Borlänge,459,351,Avståndet mellan Norberg och Borlänge är 459 km och Karl-Johan Gyllenstorm beräknade körtiden till cirka 351 minuter.,<url><loc>https://pendlings-app1.t-767929534-cloudflare.workers.dev/?fran=Norberg&amp;till=Borlänge</loc><changefreq>monthly</changefreq></url>
Nora,Skara,273,216,Avståndet mellan Nora och Skara är 273 km och Karl-Johan Gyllenstorm beräknade körtiden till cirka 216 minuter.,<url><loc>https://pendlings-app1.t-767929534-cloudflare.workers.dev/?fran=Nora&amp;till=Skara</loc><changefreq>monthly</changefreq></url>
Göteborg,Värnamo,264,210,Avståndet mellan Göteborg och Värnamo är 264 km och Karl-Johan Gyllenstorm beräknade körtiden till cirka 210 minuter.,<url><loc>https://pendlings-app1.t-767929534-cloudflare.workers.dev/?fran=Göteborg&amp;till=Värnamo</loc><changefreq>monthly</changefreq></url>
Torsby,Skellefteå,496,379,Avståndet mellan Torsby och Skellefteå är 496 km och Karl-Johan Gyllenstorm beräknade körtiden till cirka 379 minuter.,<url><loc>https://pendlings-app1.t-767929534-cloudflare.workers.dev/?fran=Torsby&amp;till=Skellefteå</loc><changefreq>monthly</changefreq></url>
Gnosjö,Jönköping,29,23,Avståndet mellan Gnosjö och Jönköping är 29 km och Karl-Johan Gyllenstorm beräknade körtiden till cirka 23 minuter.,<url><loc>https://pendlings-app1.t-767929534-cloudflare.workers.dev/?fran=Gnosjö&amp;till=Jönköping</loc><changefreq>monthly</changefreq></url>
Knivsta,Borås,1441,1012,Avståndet mellan Knivsta och Borås är 1441 km och Karl-Johan Gyllenstorm beräknade körtiden till cirka 1012 minuter.,<url><loc>https://pendlings-app1.t-767929534-cloudflare.workers.dev/?fran=Knivsta&amp;till=Borås</loc><changefreq>monthly</changefreq></url>
Hässleholm,Trelleborg,969,695,Avståndet mellan Hässleholm och Trelleborg är 969 km och Karl-Johan Gyllenstorm beräknade körtiden till cirka 695 minuter.,<url><loc>https://pendlings-app1.t-767929534-cloudflare.workers.dev/?fran=Hässleholm&amp;till=Trelleborg</loc><changefreq>monthly</changefreq></url>
Simrishamn,Slite,259,205,Avståndet mellan Simrishamn och Slite är 259 km och Karl-Johan Gyllenstorm beräknade körtiden till cirka 205 minuter.,<url><loc>https://pendlings-app1.t-767929534-cloudflare.workers.dev/?fran=Simrishamn&amp;till=Slite</loc><changefreq>monthly</changefreq></url>
Helsingborg,Gällivare,86,61,Avståndet mellan Helsingborg och Gällivare är 86 km och Karl-Johan Gyllenstorm beräknade körtiden till cirka 61 minuter.,<url><loc>https://pendlings-app1.t-767929534-cloudflare.workers.dev/?fran=Helsingborg&amp;till=Gällivare</loc><changefreq>monthly</changefreq></url>
Vibble,Grythyttan,1318,910,Avståndet mellan Vibble och Grythyttan är 1318 km och Karl-Johan Gyllenstorm beräknade körtiden till cirka 910 minuter.,<url><loc>https://pendlings-app1.t-767929534-cloudflare.workers.dev/?fran=Vibble&amp;till=Grythyttan</loc><changefreq>monthly</changefreq></url>
Eskilstuna,Fagersta,1168,750,Avståndet mellan Eskilstuna och Fagersta är 1168 km och Karl-Johan Gyllenstorm beräknade körtiden till cirka 750 minuter.,<url><loc>https://pendlings-app1.t-767929534-cloudflare.workers.dev/?fran=Eskilstuna&amp;till=Fagersta</loc><changefreq>monthly</changefreq></url>
Vingåker,Trollhättan,1410,1000,Avståndet mellan Vingåker och Trollhättan är 1410 km och Karl-Johan Gyllenstorm beräknade körtiden till cirka 1000 minuter.,<url><loc>https://pendlings-app1.t-767929534-cloudflare.workers.dev/?fran=Vingåker&amp;till=Trollhättan</loc><changefreq>monthly</changefreq></url>
Skinnskatteberg,Herrljunga,816,632,Avståndet mellan Skinnskatteberg och Herrljunga är 816 km och Karl-Johan Gyllenstorm beräknade körtiden till cirka 632 minuter.,<url><loc>https://pendlings-app1.t-767929534-cloudflare.workers.dev/?fran=Skinnskatteberg&amp;till=Herrljunga</loc><changefreq>monthly</changefreq></url>
Säffle,Sundsvall,1146,897,Avståndet mellan Säffle och Sundsvall är 1146 km och Karl-Johan Gyllenstorm beräknade körtiden till cirka 897 minuter.,<url><loc>https://pendlings-app1.t-767929534-cloudflare.workers.dev/?fran=Säffle&amp;till=Sundsvall</loc><changefreq>monthly</changefreq></url>
Burgsvik,Falun,630,480,Avståndet mellan Burgsvik och Falun är 630 km och Karl-Johan Gyllenstorm beräknade körtiden till cirka 480 minuter.,<url><loc>https://pendlings-app1.t-767929534-cloudflare.workers.dev/?fran=Burgsvik&amp;till=Falun</loc><changefreq>monthly</changefreq></url>
Norberg,Malung,810,534,Avståndet mellan Norberg och Malung är 810 km och Karl-Johan Gyllenstorm beräknade körtiden till cirka 534 minuter.,<url><loc>https://pendlings-app1.t-767929534-cloudflare.workers.dev/?fran=Norberg&amp;till=Malung</loc><changefreq>monthly</changefreq></url>
Motala,Staffanstorp,616,485,Avståndet mellan Motala och Staffanstorp är 616 km och Karl-Johan Gyllenstorm beräknade körtiden till cirka 485 minuter.,<url><loc>https://pendlings-app1.t-767929534-cloudflare.workers.dev/?fran=Motala&amp;till=Staffanstorp</loc><changefreq>monthly</changefreq></url>
Säffle,Uppsala,506,327,Avståndet mellan Säffle och Uppsala är 506 km och Karl-Johan Gyllenstorm beräknade körtiden till cirka 327 minuter.,<url><loc>https://pendlings-app1.t-767929534-cloudflare.workers.dev/?fran=Säffle&amp;till=Uppsala</loc><changefreq>monthly</changefreq></url>
Leksand,Vetlanda,617,396,Avståndet mellan Leksand och Vetlanda är 617 km och Karl-Johan Gyllenstorm beräknade körtiden till cirka 396 minuter.,<url><loc>https://pendlings-app1.t-767929534-cloudflare.workers.dev/?fran=Leksand&amp;till=Vetlanda</loc><changefreq>monthly</changefreq></url>
Kungsbacka,Falkenberg,1355,1018,Avståndet mellan Kungsbacka och Falkenberg är 1355 km och Karl-Johan Gyllenstorm beräknade körtiden till cirka 1018 minuter.,<url><loc>https://pendlings-app1.t-767929534-cloudflare.workers.dev/?fran=Kungsbacka&amp;till=Falkenberg</loc><changefreq>monthly</changefreq></url>
Hörby,Huddinge,199,138,Avståndet mellan Hörby och Huddinge är 199 km och Karl-Johan Gyllenstorm beräknade körtiden till cirka 138 minuter.,<url><loc>https://pendlings-app1.t-767929534-cloudflare.workers.dev/?fran=Hörby&amp;till=Huddinge</loc><changefreq>monthly</changefreq></url>
Storuman,Tranås,122,81,Avståndet mellan Storuman och Tranås är 122 km och Karl-Johan Gyllenstorm beräknade körtiden till cirka 81 minuter.,<url><loc>https://pendlings-app1.t-767929534-cloudflare.workers.dev/?fran=Storuman&amp;till=Tranås</loc><changefreq>monthly</changefreq></url>
Östhammar,Eksjö,590,424,Avståndet mellan Östhammar och Eksjö är 590 km och Karl-Johan Gyllenstorm beräknade körtiden till cirka 424 minuter.,<url><loc>https://pendlings-app1.t-767929534-cloudflare.workers.dev/?fran=Östhammar&amp;till=Eksjö</loc><changefreq>monthly</changefreq></url>
Sotenäs,Torsby,1152,787,Avståndet mellan Sotenäs och Torsby är 1152 km och Karl-Johan Gyllenstorm beräknade körtiden till cirka 787 minuter.,<url><loc>https://pendlings-app1.t-767929534-cloudflare.workers.dev/?fran=Sotenäs&amp;till=Torsby</loc><changefreq>monthly</changefreq></url>
Jönköping,Gagnef,424,313,Avståndet mellan Jönköping och Gagnef är 424 km och Karl-Johan Gyllenstorm beräknade körtiden till cirka 313 minuter.,<url><loc>https://pendlings-app1.t-767929534-cloudflare.workers.dev/?fran=Jönköping&amp;till=Gagnef</loc><changefreq>monthly</changefreq></url>
Västervik,Arboga,861,560,Avståndet mellan Västervik och Arboga är 861 km och Karl-Johan Gyllenstorm beräknade körtiden till cirka 560 minuter.,<url><loc>https://pendlings-app1.t-767929534-cloudflare.workers.dev/?fran=Västervik&amp;till=Arboga</loc><changefreq>monthly</changefreq></url>
Åmål,Värnamo,1230,907,Avståndet mellan Åmål och Värnamo är 1230 km och Karl-Johan Gyllenstorm beräknade körtiden till cirka 907 minuter.,<url><loc>https://pendlings-app1.t-767929534-cloudflare.workers.dev/?fran=Åmål&amp;till=Värnamo</loc><changefreq>monthly</changefreq></url>
Arvidsjaur,Lindesberg,1410,932,Avståndet mellan Arvidsjaur och Lindesberg är 1410 km och Karl-Johan Gyllenstorm beräknade körtiden till cirka 932 minuter.,<url><loc>https://pendlings-app1.t-767929534-cloudflare.workers.dev/?fran=Arvidsjaur&amp;till=Lindesberg</loc><changefreq>monthly</changefreq></url>
Grythyttan,Bräcke,96,77,Avståndet mellan Grythyttan och Bräcke är 96 km och Karl-Johan Gyllenstorm beräknade körtiden till cirka 77 minuter.,<url><loc>https://pendlings-app1.t-767929534-cloudflare.workers.dev/?fran=Grythyttan&amp;till=Bräcke</loc><changefreq>monthly</changefreq></url>
Strömsund,Vimmerby,59,42,Avståndet mellan Strömsund och Vimmerby är 59 km och Karl-Johan Gyllenstorm beräknade körtiden till cirka 42 minuter.,<url><loc>https://pendlings-app1.t-767929534-cloudflare.workers.dev/?fran=Strömsund&amp;till=Vimmerby</loc><changefreq>monthly</changefreq></url>
Smedjebacken,Hudiksvall,852,548,Avståndet mellan Smedjebacken och Hudiksvall är 852 km och Karl-Johan Gyllenstorm beräknade körtiden till cirka 548 minuter.,<url><loc>https://pendlings-app1.t-767929534-cloudflare.workers.dev/?fran=Smedjebacken&amp;till=Hudiksvall</loc><changefreq>monthly</changefreq></url>
Kumla,Kramfors,32,23,Avståndet mellan Kumla och Kramfors är 32 km och Karl-Johan Gyllenstorm beräknade körtiden till cirka 23 minuter.,<url><loc>https://pendlings-app1.t-767929534-cloudflare.workers.dev/?fran=Kumla&amp;till=Kramfors</loc><changefreq>monthly</changefreq></url>
Sjöbo,Nordanstig,596,381,Avståndet mellan Sjöbo och Nordanstig är 596 km och Karl-Johan Gyllenstorm beräknade körtiden till cirka 381 minuter.,<url><loc>https://pendlings-app1.t-767929534-cloudflare.workers.dev/?fran=Sjöbo&amp;till=Nordanstig</loc><changefreq>monthly</changefreq></url>
Dorotea,Karlskrona,1229,893,Avståndet mellan Dorotea och Karlskrona är 1229 km och Karl-Johan Gyllenstorm beräknade körtiden till cirka 893 minuter.,<url><loc>https://pendlings-app1.t-767929534-cloudflare.workers.dev/?fran=Dorotea&amp;till=Karlskrona</loc><changefreq>monthly</changefreq></url>
Karlshamn,Norberg,177,130,Avståndet mellan Karlshamn och Norberg är 177 km och Karl-Johan Gyllenstorm beräknade körtiden till cirka 130 minuter.,<url><loc>https://pendlings-app1.t-767929534-cloudflare.workers.dev/?fran=Karlshamn&amp;till=Norberg</loc><changefreq>monthly</changefreq></url>
Sandviken,Hallsberg,1436,1135,Avståndet mellan Sandviken och Hallsberg är 1436 km och Karl-Johan Gyllenstorm beräknade körtiden till cirka 1135 minuter.,<url><loc>https://pendlings-app1.t-767929534-cloudflare.workers.dev/?fran=Sandviken&amp;till=Hallsberg</loc><changefreq>monthly</changefreq></url>
Strömsund,Stockholm,911,579,Avståndet mellan Strömsund och Stockholm är 911 km och Karl-Johan Gyllenstorm beräknade körtiden till cirka 579 minuter.,<url><loc>https://pendlings-app1.t-767929534-cloudflare.workers.dev/?fran=Strömsund&amp;till=Stockholm</loc><changefreq>monthly</changefreq></url>
Älvkarleby,Kramfors,1393,1009,Avståndet mellan Älvkarleby och Kramfors är 1393 km och Karl-Johan Gyllenstorm beräknade körtiden till cirka 1009 minuter.,<url><loc>https://pendlings-app1.t-767929534-cloudflare.workers.dev/?fran=Älvkarleby&amp;till=Kramfors</loc><changefreq>monthly</changefreq></url>
Boxholm,Kungsör,575,449,Avståndet mellan Boxholm och Kungsör är 575 km och Karl-Johan Gyllenstorm beräknade körtiden till cirka 449 minuter.,<url><loc>https://pendlings-app1.t-767929534-cloudflare.workers.dev/?fran=Boxholm&amp;till=Kungsör</loc><changefreq>monthly</changefreq></url>
Umeå,Stånga,51,33,Avståndet mellan Umeå och Stånga är 51 km och Karl-Johan Gyllenstorm beräknade körtiden till cirka 33 minuter.,<url><loc>https://pendlings-app1.t-767929534-cloudflare.workers.dev/?fran=Umeå&amp;till=Stånga</loc><changefreq>monthly</changefreq></url>
Lidköping,Strömstad,829,533,Avståndet mellan Lidköping och Strömstad är 829 km och Karl-Johan Gyllenstorm beräknade körtiden till cirka 533 minuter.,<url><loc>https://pendlings-app1.t-767929534-cloudflare.workers.dev/?fran=Lidköping&amp;till=Strömstad</loc><changefreq>monthly</changefreq></url>
Söderköping,Borgholm,637,414,Avståndet mellan Söderköping och Borgholm är 637 km och Karl-Johan Gyllenstorm beräknade körtiden till cirka 414 minuter.,<url><loc>https://pendlings-app1.t-767929534-cloudflare.workers.dev/?fran=Söderköping&amp;till=Borgholm</loc><changefreq>monthly</changefreq></url>
Götene,Oskarshamn,209,141,Avståndet mellan Götene och Oskarshamn är 209 km och Karl-Johan Gyllenstorm beräknade körtiden till cirka 141 minuter.,<url><loc>https://pendlings-app1.t-767929534-cloudflare.workers.dev/?fran=Götene&amp;till=Oskarshamn</loc><changefreq>monthly</changefreq></url>
Kalmar,Strängnäs,485,307,Avståndet mellan Kalmar och Strängnäs är 485 km och Karl-Johan Gyllenstorm beräknade körtiden till cirka 307 minuter.,<url><loc>https://pendlings-app1.t-767929534-cloudflare.workers.dev/?fran=Kalmar&amp;till=Strängnäs</loc><changefreq>monthly</changefreq></url>
Säffle,Mark,28,18,Avståndet mellan Säffle och Mark är 28 km och Karl-Johan Gyllenstorm beräknade körtiden till cirka 18 minuter.,<url><loc>https://pendlings-app1.t-767929534-cloudflare.workers.dev/?fran=Säffle&amp;till=Mark</loc><changefreq>monthly</changefreq></url>
Mariestad,Timrå,1134,835,Avståndet mellan Mariestad och Timrå är 1134 km och Karl-Johan Gyllenstorm beräknade körtiden till cirka 835 minuter.,<url><loc>https://pendlings-app1.t-767929534-cloudflare.workers.dev/?fran=Mariestad&amp;till=Timrå</loc><changefreq>monthly</changefreq></url>
Trelleborg,Sundsvall,841,578,Avståndet mellan Trelleborg och Sundsvall är 841 km och Karl-Johan Gyllenstorm beräknade körtiden till cirka 578 minuter.,<url><loc>https://pendlings-app1.t-767929534-cloudflare.workers.dev/?fran=Trelleborg&amp;till=Sundsvall</loc><changefreq>monthly</changefreq></url>
Timrå,Lidköping,1236,923,Avståndet mellan Timrå och Lidköping är 1236 km och Karl-Johan Gyllenstorm beräknade körtiden till cirka 923 minuter.,<url><loc>https://pendlings-app1.t-767929534-cloudflare.workers.dev/?fran=Timrå&amp;till=Lidköping</loc><changefreq>monthly</changefreq></url>
Timrå,Sävsjö,1291,918,Avståndet mellan Timrå och Sävsjö är 1291 km och Karl-Johan Gyllenstorm beräknade körtiden till cirka 918 minuter.,<url><loc>https://pendlings-app1.t-767929534-cloudflare.workers.dev/?fran=Timrå&amp;till=Sävsjö</loc><changefreq>monthly</changefreq></url>
Haparanda,Vimmerby,1095,753,Avståndet mellan Haparanda och Vimmerby är 1095 km och Karl-Johan Gyllenstorm beräknade körtiden till cirka 753 minuter.,<url><loc>https://pendlings-app1.t-767929534-cloudflare.workers.dev/?fran=Haparanda&amp;till=Vimmerby</loc><changefreq>monthly</changefreq></url>
Årjäng,Hyltebruk,777,515,Avståndet mellan Årjäng och Hyltebruk är 777 km och Karl-Johan Gyllenstorm beräknade körtiden till cirka 515 minuter.,<url><loc>https://pendlings-app1.t-767929534-cloudflare.workers.dev/?fran=Årjäng&amp;till=Hyltebruk</loc><changefreq>monthly</changefreq></url>
Sveg,Gimo,423,304,Avståndet mellan Sveg och Gimo är 423 km och Karl-Johan Gyllenstorm beräknade körtiden till cirka 304 minuter.,<url><loc>https://pendlings-app1.t-767929534-cloudflare.workers.dev/?fran=Sveg&amp;till=Gimo</loc><changefreq>monthly</changefreq></url>
Ljusdal,Sollefteå,1147,871,Avståndet mellan Ljusdal och Sollefteå är 1147 km och Karl-Johan Gyllenstorm beräknade körtiden till cirka 871 minuter.,<url><loc>https://pendlings-app1.t-767929534-cloudflare.workers.dev/?fran=Ljusdal&amp;till=Sollefteå</loc><changefreq>monthly</changefreq></url>
Sölvesborg,Vadstena,1159,894,Avståndet mellan Sölvesborg och Vadstena är 1159 km och Karl-Johan Gyllenstorm beräknade körtiden till cirka 894 minuter.,<url><loc>https://pendlings-app1.t-767929534-cloudflare.workers.dev/?fran=Sölvesborg&amp;till=Vadstena</loc><changefreq>monthly</changefreq></url>
Håbo,Vilhelmina,1119,750,Avståndet mellan Håbo och Vilhelmina är 1119 km och Karl-Johan Gyllenstorm beräknade körtiden till cirka 750 minuter.,<url><loc>https://pendlings-app1.t-767929534-cloudflare.workers.dev/?fran=Håbo&amp;till=Vilhelmina</loc><changefreq>monthly</changefreq></url>
Nybro,Färgelanda,1181,810,Avståndet mellan Nybro och Färgelanda är 1181 km och Karl-Johan Gyllenstorm beräknade körtiden till cirka 810 minuter.,<url><loc>https://pendlings-app1.t-767929534-cloudflare.workers.dev/?fran=Nybro&amp;till=Färgelanda</loc><changefreq>monthly</changefreq></url>
Rättvik,Laxå,351,254,Avståndet mellan Rättvik och Laxå är 351 km och Karl-Johan Gyllenstorm beräknade körtiden till cirka 254 minuter.,<url><loc>https://pendlings-app1.t-767929534-cloudflare.workers.dev/?fran=Rättvik&amp;till=Laxå</loc><changefreq>monthly</changefreq></url>
Hallstahammar,Bålsta,965,638,Avståndet mellan Hallstahammar och Bålsta är 965 km och Karl-Johan Gyllenstorm beräknade körtiden till cirka 638 minuter.,<url><loc>https://pendlings-app1.t-767929534-cloudflare.workers.dev/?fran=Hallstahammar&amp;till=Bålsta</loc><changefreq>monthly</changefreq></url>
Olofström,Skurup,1106,833,Avståndet mellan Olofström och Skurup är 1106 km och Karl-Johan Gyllenstorm beräknade körtiden till cirka 833 minuter.,<url><loc>https://pendlings-app1.t-767929534-cloudflare.workers.dev/?fran=Olofström&amp;till=Skurup</loc><changefreq>monthly</changefreq></url>
Ronneby,Ljusdal,912,635,Avståndet mellan Ronneby och Ljusdal är 912 km och Karl-Johan Gyllenstorm beräknade körtiden till cirka 635 minuter.,<url><loc>https://pendlings-app1.t-767929534-cloudflare.workers.dev/?fran=Ronneby&amp;till=Ljusdal</loc><changefreq>monthly</changefreq></url>
Kungsbacka,Vårgårda,1090,704,Avståndet mellan Kungsbacka och Vårgårda är 1090 km och Karl-Johan Gyllenstorm beräknade körtiden till cirka 704 minuter.,<url><loc>https://pendlings-app1.t-767929534-cloudflare.workers.dev/?fran=Kungsbacka&amp;till=Vårgårda</loc><changefreq>monthly</changefreq></url>
Avesta,Sorsele,1183,917,Avståndet mellan Avesta och Sorsele är 1183 km och Karl-Johan Gyllenstorm beräknade körtiden till cirka 917 minuter.,<url><loc>https://pendlings-app1.t-767929534-cloudflare.workers.dev/?fran=Avesta&amp;till=Sorsele</loc><changefreq>monthly</changefreq></url>
Göteborg,Katrineholm,1108,701,Avståndet mellan Göteborg och Katrineholm är 1108 km och Karl-Johan Gyllenstorm beräknade körtiden till cirka 701 minuter.,<url><loc>https://pendlings-app1.t-767929534-cloudflare.workers.dev/?fran=Göteborg&amp;till=Katrineholm</loc><changefreq>monthly</changefreq></url>
Perstorp,Hörby,1377,941,Avståndet mellan Perstorp och Hörby är 1377 km och Karl-Johan Gyllenstorm beräknade körtiden till cirka 941 minuter.,<url><loc>https://pendlings-app1.t-767929534-cloudflare.workers.dev/?fran=Perstorp&amp;till=Hörby</loc><changefreq>monthly</changefreq></url>
Perstorp,Piteå,1283,1007,Avståndet mellan Perstorp och Piteå är 1283 km och Karl-Johan Gyllenstorm beräknade körtiden till cirka 1007 minuter.,<url><loc>https://pendlings-app1.t-767929534-cloudflare.workers.dev/?fran=Perstorp&amp;till=Piteå</loc><changefreq>monthly</changefreq></url>
Forshaga,Skara,87,63,Avståndet mellan Forshaga och Skara är 87 km och Karl-Johan Gyllenstorm beräknade körtiden till cirka 63 minuter.,<url><loc>https://pendlings-app1.t-767929534-cloudflare.workers.dev/?fran=Forshaga&amp;till=Skara</loc><changefreq>monthly</changefreq></url>
Alingsås,Sölvesborg,1236,887,Avståndet mellan Alingsås och Sölvesborg är 1236 km och Karl-Johan Gyllenstorm beräknade körtiden till cirka 887 minuter.,<url><loc>https://pendlings-app1.t-767929534-cloudflare.workers.dev/?fran=Alingsås&amp;till=Sölvesborg</loc><changefreq>monthly</changefreq></url>
Nyköping,Gävle,768,548,Avståndet mellan Nyköping och Gävle är 768 km och Karl-Johan Gyllenstorm beräknade körtiden till cirka 548 minuter.,<url><loc>https://pendlings-app1.t-767929534-cloudflare.workers.dev/?fran=Nyköping&amp;till=Gävle</loc><changefreq>monthly</changefreq></url>
Skutskär,Finspång,183,127,Avståndet mellan Skutskär och Finspång är 183 km och Karl-Johan Gyllenstorm beräknade körtiden till cirka 127 minuter.,<url><loc>https://pendlings-app1.t-767929534-cloudflare.workers.dev/?fran=Skutskär&amp;till=Finspång</loc><changefreq>monthly</changefreq></url>
Ludvika,Vibble,797,634,Avståndet mellan Ludvika och Vibble är 797 km och Karl-Johan Gyllenstorm beräknade körtiden till cirka 634 minuter.,<url><loc>https://pendlings-app1.t-767929534-cloudflare.workers.dev/?fran=Ludvika&amp;till=Vibble</loc><changefreq>monthly</changefreq></url>
Bräcke,Ockelbo,1242,935,Avståndet mellan Bräcke och Ockelbo är 1242 km och Karl-Johan Gyllenstorm beräknade körtiden till cirka 935 minuter.,<url><loc>https://pendlings-app1.t-767929534-cloudflare.workers.dev/?fran=Bräcke&amp;till=Ockelbo</loc><changefreq>monthly</changefreq></url>
Vellinge,Sala,70,45,Avståndet mellan Vellinge och Sala är 70 km och Karl-Johan Gyllenstorm beräknade körtiden till cirka 45 minuter.,<url><loc>https://pendlings-app1.t-767929534-cloudflare.workers.dev/?fran=Vellinge&amp;till=Sala</loc><changefreq>monthly</changefreq></url>
Kristianstad,Kinda,296,212,Avståndet mellan Kristianstad och Kinda är 296 km och Karl-Johan Gyllenstorm beräknade körtiden till cirka 212 minuter.,<url><loc>https://pendlings-app1.t-767929534-cloudflare.workers.dev/?fran=Kristianstad&amp;till=Kinda</loc><changefreq>monthly</changefreq></url>
Pajala,Avesta,759,542,Avståndet mellan Pajala och Avesta är 759 km och Karl-Johan Gyllenstorm beräknade körtiden till cirka 542 minuter.,<url><loc>https://pendlings-app1.t-767929534-cloudflare.workers.dev/?fran=Pajala&amp;till=Avesta</loc><changefreq>monthly</changefreq></url>
Klintehamn,Oskarshamn,1317,925,Avståndet mellan Klintehamn och Oskarshamn är 1317 km och Karl-Johan Gyllenstorm beräknade körtiden till cirka 925 minuter.,<url><loc>https://pendlings-app1.t-767929534-cloudflare.workers.dev/?fran=Klintehamn&amp;till=Oskarshamn</loc><changefreq>monthly</changefreq></url>
Tofta,Täby,1169,766,Avståndet mellan Tofta och Täby är 1169 km och Karl-Johan Gyllenstorm beräknade körtiden till cirka 766 minuter.,<url><loc>https://pendlings-app1.t-767929534-cloudflare.workers.dev/?fran=Tofta&amp;till=Täby</loc><changefreq>monthly</changefreq></url>
Varberg,Färgelanda,407,296,Avståndet mellan Varberg och Färgelanda är 407 km och Karl-Johan Gyllenstorm beräknade körtiden till cirka 296 minuter.,<url><loc>https://pendlings-app1.t-767929534-cloudflare.workers.dev/?fran=Varberg&amp;till=Färgelanda</loc><changefreq>monthly</changefreq></url>
Båstad,Emmaboda,644,409,Avståndet mellan Båstad och Emmaboda är 644 km och Karl-Johan Gyllenstorm beräknade körtiden till cirka 409 minuter.,<url><loc>https://pendlings-app1.t-767929534-cloudflare.workers.dev/?fran=Båstad&amp;till=Emmaboda</loc><changefreq>monthly</changefreq></url>
Hudiksvall,Västervik,1158,754,Avståndet mellan Hudiksvall och Västervik är 1158 km och Karl-Johan Gyllenstorm beräknade körtiden till cirka 754 minuter.,<url><loc>https://pendlings-app1.t-767929534-cloudflare.workers.dev/?fran=Hudiksvall&amp;till=Västervik</loc><changefreq>monthly</changefreq></url>
Sälen,Vilhelmina,1195,870,Avståndet mellan Sälen och Vilhelmina är 1195 km och Karl-Johan Gyllenstorm beräknade körtiden till cirka 870 minuter.,<url><loc>https://pendlings-app1.t-767929534-cloudflare.workers.dev/?fran=Sälen&amp;till=Vilhelmina</loc><changefreq>monthly</changefreq></url>
Emmaboda,Olofström,310,198,Avståndet mellan Emmaboda och Olofström är 310 km och Karl-Johan Gyllenstorm beräknade körtiden till cirka 198 minuter.,<url><loc>https://pendlings-app1.t-767929534-cloudflare.workers.dev/?fran=Emmaboda&amp;till=Olofström</loc><changefreq>monthly</changefreq></url>
Årjäng,Orsa,969,707,Avståndet mellan Årjäng och Orsa är 969 km och Karl-Johan Gyllenstorm beräknade körtiden till cirka 707 minuter.,<url><loc>https://pendlings-app1.t-767929534-cloudflare.workers.dev/?fran=Årjäng&amp;till=Orsa</loc><changefreq>monthly</changefreq></url>
Sälen,Lysekil,1070,790,Avståndet mellan Sälen och Lysekil är 1070 km och Karl-Johan Gyllenstorm beräknade körtiden till cirka 790 minuter.,<url><loc>https://pendlings-app1.t-767929534-cloudflare.workers.dev/?fran=Sälen&amp;till=Lysekil</loc><changefreq>monthly</changefreq></url>
Hjo,Charlottenberg,266,190,Avståndet mellan Hjo och Charlottenberg är 266 km och Karl-Johan Gyllenstorm beräknade körtiden till cirka 190 minuter.,<url><loc>https://pendlings-app1.t-767929534-cloudflare.workers.dev/?fran=Hjo&amp;till=Charlottenberg</loc><changefreq>monthly</changefreq></url>
Hofors,Gnosjö,960,713,Avståndet mellan Hofors och Gnosjö är 960 km och Karl-Johan Gyllenstorm beräknade körtiden till cirka 713 minuter.,<url><loc>https://pendlings-app1.t-767929534-cloudflare.workers.dev/?fran=Hofors&amp;till=Gnosjö</loc><changefreq>monthly</changefreq></url>
Bromölla,Vadstena,209,142,Avståndet mellan Bromölla och Vadstena är 209 km och Karl-Johan Gyllenstorm beräknade körtiden till cirka 142 minuter.,<url><loc>https://pendlings-app1.t-767929534-cloudflare.workers.dev/?fran=Bromölla&amp;till=Vadstena</loc><changefreq>monthly</changefreq></url>
Södertälje,Strömsund,307,217,Avståndet mellan Södertälje och Strömsund är 307 km och Karl-Johan Gyllenstorm beräknade körtiden till cirka 217 minuter.,<url><loc>https://pendlings-app1.t-767929534-cloudflare.workers.dev/?fran=Södertälje&amp;till=Strömsund</loc><changefreq>monthly</changefreq></url>
Håbo,Haparanda,813,560,Avståndet mellan Håbo och Haparanda är 813 km och Karl-Johan Gyllenstorm beräknade körtiden till cirka 560 minuter.,<url><loc>https://pendlings-app1.t-767929534-cloudflare.workers.dev/?fran=Håbo&amp;till=Haparanda</loc><changefreq>monthly</changefreq></url>
Älvdalen,Kungsör,177,138,Avståndet mellan Älvdalen och Kungsör är 177 km och Karl-Johan Gyllenstorm beräknade körtiden till cirka 138 minuter.,<url><loc>https://pendlings-app1.t-767929534-cloudflare.workers.dev/?fran=Älvdalen&amp;till=Kungsör</loc><changefreq>monthly</changefreq></url>
Höör,Tierp,1403,926,Avståndet mellan Höör och Tierp är 1403 km och Karl-Johan Gyllenstorm beräknade körtiden till cirka 926 minuter.,<url><loc>https://pendlings-app1.t-767929534-cloudflare.workers.dev/?fran=Höör&amp;till=Tierp</loc><changefreq>monthly</changefreq></url>
Storfors,Vansbro,1345,938,Avståndet mellan Storfors och Vansbro är 1345 km och Karl-Johan Gyllenstorm beräknade körtiden till cirka 938 minuter.,<url><loc>https://pendlings-app1.t-767929534-cloudflare.workers.dev/?fran=Storfors&amp;till=Vansbro</loc><changefreq>monthly</changefreq></url>
Laholm,Grästorp,599,468,Avståndet mellan Laholm och Grästorp är 599 km och Karl-Johan Gyllenstorm beräknade körtiden till cirka 468 minuter.,<url><loc>https://pendlings-app1.t-767929534-cloudflare.workers.dev/?fran=Laholm&amp;till=Grästorp</loc><changefreq>monthly</changefreq></url>
Hofors,Ängelholm,1237,894,Avståndet mellan Hofors och Ängelholm är 1237 km och Karl-Johan Gyllenstorm beräknade körtiden till cirka 894 minuter.,<url><loc>https://pendlings-app1.t-767929534-cloudflare.workers.dev/?fran=Hofors&amp;till=Ängelholm</loc><changefreq>monthly</changefreq></url>
Falköping,Berg,307,220,Avståndet mellan Falköping och Berg är 307 km och Karl-Johan Gyllenstorm beräknade körtiden till cirka 220 minuter.,<url><loc>https://pendlings-app1.t-767929534-cloudflare.workers.dev/?fran=Falköping&amp;till=Berg</loc><changefreq>monthly</changefreq></url>
Orsa,Borlänge,387,297,Avståndet mellan Orsa och Borlänge är 387 km och Karl-Johan Gyllenstorm beräknade körtiden till cirka 297 minuter.,<url><loc>https://pendlings-app1.t-767929534-cloudflare.workers.dev/?fran=Orsa&amp;till=Borlänge</loc><changefreq>monthly</changefreq></url>
Arvidsjaur,Filipstad,1260,805,Avståndet mellan Arvidsjaur och Filipstad är 1260 km och Karl-Johan Gyllenstorm beräknade körtiden till cirka 805 minuter.,<url><loc>https://pendlings-app1.t-767929534-cloudflare.workers.dev/?fran=Arvidsjaur&amp;till=Filipstad</loc><changefreq>monthly</changefreq></url>
Ockelbo,Enköping,709,499,Avståndet mellan Ockelbo och Enköping är 709 km och Karl-Johan Gyllenstorm beräknade körtiden till cirka 499 minuter.,<url><loc>https://pendlings-app1.t-767929534-cloudflare.workers.dev/?fran=Ockelbo&amp;till=Enköping</loc><changefreq>monthly</changefreq></url>
Ockelbo,Vetlanda,177,126,Avståndet mellan Ockelbo och Vetlanda är 177 km och Karl-Johan Gyllenstorm beräknade körtiden till cirka 126 minuter.,<url><loc>https://pendlings-app1.t-767929534-cloudflare.workers.dev/?fran=Ockelbo&amp;till=Vetlanda</loc><changefreq>monthly</changefreq></url>
Orsa,Kumla,566,380,Avståndet mellan Orsa och Kumla är 566 km och Karl-Johan Gyllenstorm beräknade körtiden till cirka 380 minuter.,<url><loc>https://pendlings-app1.t-767929534-cloudflare.workers.dev/?fran=Orsa&amp;till=Kumla</loc><changefreq>monthly</changefreq></url>
Karlshamn,Kungsör,775,579,Avståndet mellan Karlshamn och Kungsör är 775 km och Karl-Johan Gyllenstorm beräknade körtiden till cirka 579 minuter.,<url><loc>https://pendlings-app1.t-767929534-cloudflare.workers.dev/?fran=Karlshamn&amp;till=Kungsör</loc><changefreq>monthly</changefreq></url>
Grums,Gislaved,295,230,Avståndet mellan Grums och Gislaved är 295 km och Karl-Johan Gyllenstorm beräknade körtiden till cirka 230 minuter.,<url><loc>https://pendlings-app1.t-767929534-cloudflare.workers.dev/?fran=Grums&amp;till=Gislaved</loc><changefreq>monthly</changefreq></url>
Norrköping,Färjestaden,1158,848,Avståndet mellan Norrköping och Färjestaden är 1158 km och Karl-Johan Gyllenstorm beräknade körtiden till cirka 848 minuter.,<url><loc>https://pendlings-app1.t-767929534-cloudflare.workers.dev/?fran=Norrköping&amp;till=Färjestaden</loc><changefreq>monthly</changefreq></url>
Eda,Skövde,626,456,Avståndet mellan Eda och Skövde är 626 km och Karl-Johan Gyllenstorm beräknade körtiden till cirka 456 minuter.,<url><loc>https://pendlings-app1.t-767929534-cloudflare.workers.dev/?fran=Eda&amp;till=Skövde</loc><changefreq>monthly</changefreq></url>
Torsby,Halmstad,117,86,Avståndet mellan Torsby och Halmstad är 117 km och Karl-Johan Gyllenstorm beräknade körtiden till cirka 86 minuter.,<url><loc>https://pendlings-app1.t-767929534-cloudflare.workers.dev/?fran=Torsby&amp;till=Halmstad</loc><changefreq>monthly</changefreq></url>
Härjedalen,Kinda,1060,820,Avståndet mellan Härjedalen och Kinda är 1060 km och Karl-Johan Gyllenstorm beräknade körtiden till cirka 820 minuter.,<url><loc>https://pendlings-app1.t-767929534-cloudflare.workers.dev/?fran=Härjedalen&amp;till=Kinda</loc><changefreq>monthly</changefreq></url>
Kopparberg,Lomma,1208,931,Avståndet mellan Kopparberg och Lomma är 1208 km och Karl-Johan Gyllenstorm beräknade körtiden till cirka 931 minuter.,<url><loc>https://pendlings-app1.t-767929534-cloudflare.workers.dev/?fran=Kopparberg&amp;till=Lomma</loc><changefreq>monthly</changefreq></url>
Helsingborg,Åsele,776,548,Avståndet mellan Helsingborg och Åsele är 776 km och Karl-Johan Gyllenstorm beräknade körtiden till cirka 548 minuter.,<url><loc>https://pendlings-app1.t-767929534-cloudflare.workers.dev/?fran=Helsingborg&amp;till=Åsele</loc><changefreq>monthly</changefreq></url>
Trollhättan,Gimo,25,17,Avståndet mellan Trollhättan och Gimo är 25 km och Karl-Johan Gyllenstorm beräknade körtiden till cirka 17 minuter.,<url><loc>https://pendlings-app1.t-767929534-cloudflare.workers.dev/?fran=Trollhättan&amp;till=Gimo</loc><changefreq>monthly</changefreq></url>
Lekeberg,Norrköping,61,39,Avståndet mellan Lekeberg och Norrköping är 61 km och Karl-Johan Gyllenstorm beräknade körtiden till cirka 39 minuter.,<url><loc>https://pendlings-app1.t-767929534-cloudflare.workers.dev/?fran=Lekeberg&amp;till=Norrköping</loc><changefreq>monthly</changefreq></url>
Sälen,Haparanda,126,99,Avståndet mellan Sälen och Haparanda är 126 km och Karl-Johan Gyllenstorm beräknade körtiden till cirka 99 minuter.,<url><loc>https://pendlings-app1.t-767929534-cloudflare.workers.dev/?fran=Sälen&amp;till=Haparanda</loc><changefreq>monthly</changefreq></url>
Huddinge,Hallsberg,842,636,Avståndet mellan Huddinge och Hallsberg är 842 km och Karl-Johan Gyllenstorm beräknade körtiden till cirka 636 minuter.,<url><loc>https://pendlings-app1.t-767929534-cloudflare.workers.dev/?fran=Huddinge&amp;till=Hallsberg</loc><changefreq>monthly</changefreq></url>
Gnestad,Sjöbo,725,523,Avståndet mellan Gnestad och Sjöbo är 725 km och Karl-Johan Gyllenstorm beräknade körtiden till cirka 523 minuter.,<url><loc>https://pendlings-app1.t-767929534-cloudflare.workers.dev/?fran=Gnestad&amp;till=Sjöbo</loc><changefreq>monthly</changefreq></url>
Skinnskatteberg,Norberg,133,95,Avståndet mellan Skinnskatteberg och Norberg är 133 km och Karl-Johan Gyllenstorm beräknade körtiden till cirka 95 minuter.,<url><loc>https://pendlings-app1.t-767929534-cloudflare.workers.dev/?fran=Skinnskatteberg&amp;till=Norberg</loc><changefreq>monthly</changefreq></url>
Norrköping,Göteborg,457,300,Avståndet mellan Norrköping och Göteborg är 457 km och Karl-Johan Gyllenstorm beräknade körtiden till cirka 300 minuter.,<url><loc>https://pendlings-app1.t-767929534-cloudflare.workers.dev/?fran=Norrköping&amp;till=Göteborg</loc><changefreq>monthly</changefreq></url>
Täby,Lidköping,595,388,Avståndet mellan Täby och Lidköping är 595 km och Karl-Johan Gyllenstorm beräknade körtiden till cirka 388 minuter.,<url><loc>https://pendlings-app1.t-767929534-cloudflare.workers.dev/?fran=Täby&amp;till=Lidköping</loc><changefreq>monthly</changefreq></url>
Älvsbyn,Staffanstorp,987,624,Avståndet mellan Älvsbyn och Staffanstorp är 987 km och Karl-Johan Gyllenstorm beräknade körtiden till cirka 624 minuter.,<url><loc>https://pendlings-app1.t-767929534-cloudflare.workers.dev/?fran=Älvsbyn&amp;till=Staffanstorp</loc><changefreq>monthly</changefreq></url>
Svalöv,Hässleholm,1055,809,Avståndet mellan Svalöv och Hässleholm är 1055 km och Karl-Johan Gyllenstorm beräknade körtiden till cirka 809 minuter.,<url><loc>https://pendlings-app1.t-767929534-cloudflare.workers.dev/?fran=Svalöv&amp;till=Hässleholm</loc><changefreq>monthly</changefreq></url>
Klippan,Strömsund,1171,806,Avståndet mellan Klippan och Strömsund är 1171 km och Karl-Johan Gyllenstorm beräknade körtiden till cirka 806 minuter.,<url><loc>https://pendlings-app1.t-767929534-cloudflare.workers.dev/?fran=Klippan&amp;till=Strömsund</loc><changefreq>monthly</changefreq></url>
Munkfors,Visby,598,478,Avståndet mellan Munkfors och Visby är 598 km och Karl-Johan Gyllenstorm beräknade körtiden till cirka 478 minuter.,<url><loc>https://pendlings-app1.t-767929534-cloudflare.workers.dev/?fran=Munkfors&amp;till=Visby</loc><changefreq>monthly</changefreq></url>
Eslöv,Västerås,207,147,Avståndet mellan Eslöv och Västerås är 207 km och Karl-Johan Gyllenstorm beräknade körtiden till cirka 147 minuter.,<url><loc>https://pendlings-app1.t-767929534-cloudflare.workers.dev/?fran=Eslöv&amp;till=Västerås</loc><changefreq>monthly</changefreq></url>
Vadstena,Bollnäs,1360,869,Avståndet mellan Vadstena och Bollnäs är 1360 km och Karl-Johan Gyllenstorm beräknade körtiden till cirka 869 minuter.,<url><loc>https://pendlings-app1.t-767929534-cloudflare.workers.dev/?fran=Vadstena&amp;till=Bollnäs</loc><changefreq>monthly</changefreq></url>
Umeå,Laxå,1083,826,Avståndet mellan Umeå och Laxå är 1083 km och Karl-Johan Gyllenstorm beräknade körtiden till cirka 826 minuter.,<url><loc>https://pendlings-app1.t-767929534-cloudflare.workers.dev/?fran=Umeå&amp;till=Laxå</loc><changefreq>monthly</changefreq></url>
Tanum,Hultsfred,1435,1073,Avståndet mellan Tanum och Hultsfred är 1435 km och Karl-Johan Gyllenstorm beräknade körtiden till cirka 1073 minuter.,<url><loc>https://pendlings-app1.t-767929534-cloudflare.workers.dev/?fran=Tanum&amp;till=Hultsfred</loc><changefreq>monthly</changefreq></url>
Munkedal,Helsingborg,951,715,Avståndet mellan Munkedal och Helsingborg är 951 km och Karl-Johan Gyllenstorm beräknade körtiden till cirka 715 minuter.,<url><loc>https://pendlings-app1.t-767929534-cloudflare.workers.dev/?fran=Munkedal&amp;till=Helsingborg</loc><changefreq>monthly</changefreq></url>
Aneby,Örnsköldsvik,304,192,Avståndet mellan Aneby och Örnsköldsvik är 304 km och Karl-Johan Gyllenstorm beräknade körtiden till cirka 192 minuter.,<url><loc>https://pendlings-app1.t-767929534-cloudflare.workers.dev/?fran=Aneby&amp;till=Örnsköldsvik</loc><changefreq>monthly</changefreq></url>
Ånge,Sala,173,125,Avståndet mellan Ånge och Sala är 173 km och Karl-Johan Gyllenstorm beräknade körtiden till cirka 125 minuter.,<url><loc>https://pendlings-app1.t-767929534-cloudflare.workers.dev/?fran=Ånge&amp;till=Sala</loc><changefreq>monthly</changefreq></url>
Tofta,Vellinge,1135,728,Avståndet mellan Tofta och Vellinge är 1135 km och Karl-Johan Gyllenstorm beräknade körtiden till cirka 728 minuter.,<url><loc>https://pendlings-app1.t-767929534-cloudflare.workers.dev/?fran=Tofta&amp;till=Vellinge</loc><changefreq>monthly</changefreq></url>
Leksand,Linköping,789,630,Avståndet mellan Leksand och Linköping är 789 km och Karl-Johan Gyllenstorm beräknade körtiden till cirka 630 minuter.,<url><loc>https://pendlings-app1.t-767929534-cloudflare.workers.dev/?fran=Leksand&amp;till=Linköping</loc><changefreq>monthly</changefreq></url>
Ronehamn,Gislaved,159,125,Avståndet mellan Ronehamn och Gislaved är 159 km och Karl-Johan Gyllenstorm beräknade körtiden till cirka 125 minuter.,<url><loc>https://pendlings-app1.t-767929534-cloudflare.workers.dev/?fran=Ronehamn&amp;till=Gislaved</loc><changefreq>monthly</changefreq></url>
Mark,Åre,744,476,Avståndet mellan Mark och Åre är 744 km och Karl-Johan Gyllenstorm beräknade körtiden till cirka 476 minuter.,<url><loc>https://pendlings-app1.t-767929534-cloudflare.workers.dev/?fran=Mark&amp;till=Åre</loc><changefreq>monthly</changefreq></url>
Åre,Jokkmokk,1338,902,Avståndet mellan Åre och Jokkmokk är 1338 km och Karl-Johan Gyllenstorm beräknade körtiden till cirka 902 minuter.,<url><loc>https://pendlings-app1.t-767929534-cloudflare.workers.dev/?fran=Åre&amp;till=Jokkmokk</loc><changefreq>monthly</changefreq></url>
Gullspång,Östhammar,145,113,Avståndet mellan Gullspång och Östhammar är 145 km och Karl-Johan Gyllenstorm beräknade körtiden till cirka 113 minuter.,<url><loc>https://pendlings-app1.t-767929534-cloudflare.workers.dev/?fran=Gullspång&amp;till=Östhammar</loc><changefreq>monthly</changefreq></url>
Örnsköldsvik,Köping,1201,874,Avståndet mellan Örnsköldsvik och Köping är 1201 km och Karl-Johan Gyllenstorm beräknade körtiden till cirka 874 minuter.,<url><loc>https://pendlings-app1.t-767929534-cloudflare.workers.dev/?fran=Örnsköldsvik&amp;till=Köping</loc><changefreq>monthly</changefreq></url>
Mjölby,Lund,27,19,Avståndet mellan Mjölby och Lund är 27 km och Karl-Johan Gyllenstorm beräknade körtiden till cirka 19 minuter.,<url><loc>https://pendlings-app1.t-767929534-cloudflare.workers.dev/?fran=Mjölby&amp;till=Lund</loc><changefreq>monthly</changefreq></url>
Falköping,Laholm,974,630,Avståndet mellan Falköping och Laholm är 974 km och Karl-Johan Gyllenstorm beräknade körtiden till cirka 630 minuter.,<url><loc>https://pendlings-app1.t-767929534-cloudflare.workers.dev/?fran=Falköping&amp;till=Laholm</loc><changefreq>monthly</changefreq></url>
Färgelanda,Landskrona,248,157,Avståndet mellan Färgelanda och Landskrona är 248 km och Karl-Johan Gyllenstorm beräknade körtiden till cirka 157 minuter.,<url><loc>https://pendlings-app1.t-767929534-cloudflare.workers.dev/?fran=Färgelanda&amp;till=Landskrona</loc><changefreq>monthly</changefreq></url>
Köping,Ödeshög,1370,1071,Avståndet mellan Köping och Ödeshög är 1370 km och Karl-Johan Gyllenstorm beräknade körtiden till cirka 1071 minuter.,<url><loc>https://pendlings-app1.t-767929534-cloudflare.workers.dev/?fran=Köping&amp;till=Ödeshög</loc><changefreq>monthly</changefreq></url>
Helsingborg,Munkfors,405,291,Avståndet mellan Helsingborg och Munkfors är 405 km och Karl-Johan Gyllenstorm beräknade körtiden till cirka 291 minuter.,<url><loc>https://pendlings-app1.t-767929534-cloudflare.workers.dev/?fran=Helsingborg&amp;till=Munkfors</loc><changefreq>monthly</changefreq></url>
Åsele,Örkelljunga,114,76,Avståndet mellan Åsele och Örkelljunga är 114 km och Karl-Johan Gyllenstorm beräknade körtiden till cirka 76 minuter.,<url><loc>https://pendlings-app1.t-767929534-cloudflare.workers.dev/?fran=Åsele&amp;till=Örkelljunga</loc><changefreq>monthly</changefreq></url>
Malmö,Bollnäs,490,313,Avståndet mellan Malmö och Bollnäs är 490 km och Karl-Johan Gyllenstorm beräknade körtiden till cirka 313 minuter.,<url><loc>https://pendlings-app1.t-767929534-cloudflare.workers.dev/?fran=Malmö&amp;till=Bollnäs</loc><changefreq>monthly</changefreq></url>
Dorotea,Bålsta,927,731,Avståndet mellan Dorotea och Bålsta är 927 km och Karl-Johan Gyllenstorm beräknade körtiden till cirka 731 minuter.,<url><loc>https://pendlings-app1.t-767929534-cloudflare.workers.dev/?fran=Dorotea&amp;till=Bålsta</loc><changefreq>monthly</changefreq></url>
Bollebygd,Ragunda,1191,919,Avståndet mellan Bollebygd och Ragunda är 1191 km och Karl-Johan Gyllenstorm beräknade körtiden till cirka 919 minuter.,<url><loc>https://pendlings-app1.t-767929534-cloudflare.workers.dev/?fran=Bollebygd&amp;till=Ragunda</loc><changefreq>monthly</changefreq></url>
Sveg,Grums,114,90,Avståndet mellan Sveg och Grums är 114 km och Karl-Johan Gyllenstorm beräknade körtiden till cirka 90 minuter.,<url><loc>https://pendlings-app1.t-767929534-cloudflare.workers.dev/?fran=Sveg&amp;till=Grums</loc><changefreq>monthly</changefreq></url>
Götene,Linköping,170,112,Avståndet mellan Götene och Linköping är 170 km och Karl-Johan Gyllenstorm beräknade körtiden till cirka 112 minuter.,<url><loc>https://pendlings-app1.t-767929534-cloudflare.workers.dev/?fran=Götene&amp;till=Linköping</loc><changefreq>monthly</changefreq></url>
Eksjö,Stockholm,1240,915,Avståndet mellan Eksjö och Stockholm är 1240 km och Karl-Johan Gyllenstorm beräknade körtiden till cirka 915 minuter.,<url><loc>https://pendlings-app1.t-767929534-cloudflare.workers.dev/?fran=Eksjö&amp;till=Stockholm</loc><changefreq>monthly</changefreq></url>
Helsingborg,Ockelbo,55,44,Avståndet mellan Helsingborg och Ockelbo är 55 km och Karl-Johan Gyllenstorm beräknade körtiden till cirka 44 minuter.,<url><loc>https://pendlings-app1.t-767929534-cloudflare.workers.dev/?fran=Helsingborg&amp;till=Ockelbo</loc><changefreq>monthly</changefreq></url>
Burgsvik,Årjäng,1015,760,Avståndet mellan Burgsvik och Årjäng är 1015 km och Karl-Johan Gyllenstorm beräknade körtiden till cirka 760 minuter.,<url><loc>https://pendlings-app1.t-767929534-cloudflare.workers.dev/?fran=Burgsvik&amp;till=Årjäng</loc><changefreq>monthly</changefreq></url>
Båstad,Karlskoga,1363,1066,Avståndet mellan Båstad och Karlskoga är 1363 km och Karl-Johan Gyllenstorm beräknade körtiden till cirka 1066 minuter.,<url><loc>https://pendlings-app1.t-767929534-cloudflare.workers.dev/?fran=Båstad&amp;till=Karlskoga</loc><changefreq>monthly</changefreq></url>
Kävlinge,Arvika,1057,733,Avståndet mellan Kävlinge och Arvika är 1057 km och Karl-Johan Gyllenstorm beräknade körtiden till cirka 733 minuter.,<url><loc>https://pendlings-app1.t-767929534-cloudflare.workers.dev/?fran=Kävlinge&amp;till=Arvika</loc><changefreq>monthly</changefreq></url>
Skara,Tofta,664,462,Avståndet mellan Skara och Tofta är 664 km och Karl-Johan Gyllenstorm beräknade körtiden till cirka 462 minuter.,<url><loc>https://pendlings-app1.t-767929534-cloudflare.workers.dev/?fran=Skara&amp;till=Tofta</loc><changefreq>monthly</changefreq></url>
Örnsköldsvik,Motala,695,469,Avståndet mellan Örnsköldsvik och Motala är 695 km och Karl-Johan Gyllenstorm beräknade körtiden till cirka 469 minuter.,<url><loc>https://pendlings-app1.t-767929534-cloudflare.workers.dev/?fran=Örnsköldsvik&amp;till=Motala</loc><changefreq>monthly</changefreq></url>
Mora,Aneby,489,322,Avståndet mellan Mora och Aneby är 489 km och Karl-Johan Gyllenstorm beräknade körtiden till cirka 322 minuter.,<url><loc>https://pendlings-app1.t-767929534-cloudflare.workers.dev/?fran=Mora&amp;till=Aneby</loc><changefreq>monthly</changefreq></url>
Ronneby,Forshaga,313,206,Avståndet mellan Ronneby och Forshaga är 313 km och Karl-Johan Gyllenstorm beräknade körtiden till cirka 206 minuter.,<url><loc>https://pendlings-app1.t-767929534-cloudflare.workers.dev/?fran=Ronneby&amp;till=Forshaga</loc><changefreq>monthly</changefreq></url>
Tibro,Kinda,1093,777,Avståndet mellan Tibro och Kinda är 1093 km och Karl-Johan Gyllenstorm beräknade körtiden till cirka 777 minuter.,<url><loc>https://pendlings-app1.t-767929534-cloudflare.workers.dev/?fran=Tibro&amp;till=Kinda</loc><changefreq>monthly</changefreq></url>
Hörby,Västervik,1239,863,Avståndet mellan Hörby och Västervik är 1239 km och Karl-Johan Gyllenstorm beräknade körtiden till cirka 863 minuter.,<url><loc>https://pendlings-app1.t-767929534-cloudflare.workers.dev/?fran=Hörby&amp;till=Västervik</loc><changefreq>monthly</changefreq></url>
Munkedal,Landskrona,461,300,Avståndet mellan Munkedal och Landskrona är 461 km och Karl-Johan Gyllenstorm beräknade körtiden till cirka 300 minuter.,<url><loc>https://pendlings-app1.t-767929534-cloudflare.workers.dev/?fran=Munkedal&amp;till=Landskrona</loc><changefreq>monthly</changefreq></url>
Svedala,Sunne,869,637,Avståndet mellan Svedala och Sunne är 869 km och Karl-Johan Gyllenstorm beräknade körtiden till cirka 637 minuter.,<url><loc>https://pendlings-app1.t-767929534-cloudflare.workers.dev/?fran=Svedala&amp;till=Sunne</loc><changefreq>monthly</changefreq></url>
Sandviken,Höör,1243,931,Avståndet mellan Sandviken och Höör är 1243 km och Karl-Johan Gyllenstorm beräknade körtiden till cirka 931 minuter.,<url><loc>https://pendlings-app1.t-767929534-cloudflare.workers.dev/?fran=Sandviken&amp;till=Höör</loc><changefreq>monthly</changefreq></url>
Färgelanda,Vara,992,659,Avståndet mellan Färgelanda och Vara är 992 km och Karl-Johan Gyllenstorm beräknade körtiden till cirka 659 minuter.,<url><loc>https://pendlings-app1.t-767929534-cloudflare.workers.dev/?fran=Färgelanda&amp;till=Vara</loc><changefreq>monthly</changefreq></url>
Östersund,Töreboda,871,570,Avståndet mellan Östersund och Töreboda är 871 km och Karl-Johan Gyllenstorm beräknade körtiden till cirka 570 minuter.,<url><loc>https://pendlings-app1.t-767929534-cloudflare.workers.dev/?fran=Östersund&amp;till=Töreboda</loc><changefreq>monthly</changefreq></url>
Malå,Luleå,205,131,Avståndet mellan Malå och Luleå är 205 km och Karl-Johan Gyllenstorm beräknade körtiden till cirka 131 minuter.,<url><loc>https://pendlings-app1.t-767929534-cloudflare.workers.dev/?fran=Malå&amp;till=Luleå</loc><changefreq>monthly</changefreq></url>
Gislaved,Kungsör,1079,692,Avståndet mellan Gislaved och Kungsör är 1079 km och Karl-Johan Gyllenstorm beräknade körtiden till cirka 692 minuter.,<url><loc>https://pendlings-app1.t-767929534-cloudflare.workers.dev/?fran=Gislaved&amp;till=Kungsör</loc><changefreq>monthly</changefreq></url>
Borgholm,Tranemo,996,756,Avståndet mellan Borgholm och Tranemo är 996 km och Karl-Johan Gyllenstorm beräknade körtiden till cirka 756 minuter.,<url><loc>https://pendlings-app1.t-767929534-cloudflare.workers.dev/?fran=Borgholm&amp;till=Tranemo</loc><changefreq>monthly</changefreq></url>
Norrköping,Söderhamn,661,435,Avståndet mellan Norrköping och Söderhamn är 661 km och Karl-Johan Gyllenstorm beräknade körtiden till cirka 435 minuter.,<url><loc>https://pendlings-app1.t-767929534-cloudflare.workers.dev/?fran=Norrköping&amp;till=Söderhamn</loc><changefreq>monthly</changefreq></url>
Lysekil,Lidköping,194,147,Avståndet mellan Lysekil och Lidköping är 194 km och Karl-Johan Gyllenstorm beräknade körtiden till cirka 147 minuter.,<url><loc>https://pendlings-app1.t-767929534-cloudflare.workers.dev/?fran=Lysekil&amp;till=Lidköping</loc><changefreq>monthly</changefreq></url>
Sälen,Kristianstad,169,134,Avståndet mellan Sälen och Kristianstad är 169 km och Karl-Johan Gyllenstorm beräknade körtiden till cirka 134 minuter.,<url><loc>https://pendlings-app1.t-767929534-cloudflare.workers.dev/?fran=Sälen&amp;till=Kristianstad</loc><changefreq>monthly</changefreq></url>
Ludvika,Lomma,705,557,Avståndet mellan Ludvika och Lomma är 705 km och Karl-Johan Gyllenstorm beräknade körtiden till cirka 557 minuter.,<url><loc>https://pendlings-app1.t-767929534-cloudflare.workers.dev/?fran=Ludvika&amp;till=Lomma</loc><changefreq>monthly</changefreq></url>
Växjö,Falkenberg,745,494,Avståndet mellan Växjö och Falkenberg är 745 km och Karl-Johan Gyllenstorm beräknade körtiden till cirka 494 minuter.,<url><loc>https://pendlings-app1.t-767929534-cloudflare.workers.dev/?fran=Växjö&amp;till=Falkenberg</loc><changefreq>monthly</changefreq></url>
Alingsås,Osby,1384,952,Avståndet mellan Alingsås och Osby är 1384 km och Karl-Johan Gyllenstorm beräknade körtiden till cirka 952 minuter.,<url><loc>https://pendlings-app1.t-767929534-cloudflare.workers.dev/?fran=Alingsås&amp;till=Osby</loc><changefreq>monthly</changefreq></url>
Olofström,Hällefor,479,324,Avståndet mellan Olofström och Hällefor är 479 km och Karl-Johan Gyllenstorm beräknade körtiden till cirka 324 minuter.,<url><loc>https://pendlings-app1.t-767929534-cloudflare.workers.dev/?fran=Olofström&amp;till=Hällefor</loc><changefreq>monthly</changefreq></url>
Hallsberg,Nyköping,165,117,Avståndet mellan Hallsberg och Nyköping är 165 km och Karl-Johan Gyllenstorm beräknade körtiden till cirka 117 minuter.,<url><loc>https://pendlings-app1.t-767929534-cloudflare.workers.dev/?fran=Hallsberg&amp;till=Nyköping</loc><changefreq>monthly</changefreq></url>
Hemse,Lycksele,632,478,Avståndet mellan Hemse och Lycksele är 632 km och Karl-Johan Gyllenstorm beräknade körtiden till cirka 478 minuter.,<url><loc>https://pendlings-app1.t-767929534-cloudflare.workers.dev/?fran=Hemse&amp;till=Lycksele</loc><changefreq>monthly</changefreq></url>
Färgelanda,Ödeshög,762,546,Avståndet mellan Färgelanda och Ödeshög är 762 km och Karl-Johan Gyllenstorm beräknade körtiden till cirka 546 minuter.,<url><loc>https://pendlings-app1.t-767929534-cloudflare.workers.dev/?fran=Färgelanda&amp;till=Ödeshög</loc><changefreq>monthly</changefreq></url>
Sälen,Sollefteå,1098,730,Avståndet mellan Sälen och Sollefteå är 1098 km och Karl-Johan Gyllenstorm beräknade körtiden till cirka 730 minuter.,<url><loc>https://pendlings-app1.t-767929534-cloudflare.workers.dev/?fran=Sälen&amp;till=Sollefteå</loc><changefreq>monthly</changefreq></url>
Vimmerby,Töreboda,520,382,Avståndet mellan Vimmerby och Töreboda är 520 km och Karl-Johan Gyllenstorm beräknade körtiden till cirka 382 minuter.,<url><loc>https://pendlings-app1.t-767929534-cloudflare.workers.dev/?fran=Vimmerby&amp;till=Töreboda</loc><changefreq>monthly</changefreq></url>
Åtvidaberg,Orsa,335,241,Avståndet mellan Åtvidaberg och Orsa är 335 km och Karl-Johan Gyllenstorm beräknade körtiden till cirka 241 minuter.,<url><loc>https://pendlings-app1.t-767929534-cloudflare.workers.dev/?fran=Åtvidaberg&amp;till=Orsa</loc><changefreq>monthly</changefreq></url>
Vibble,Karlshamn,148,107,Avståndet mellan Vibble och Karlshamn är 148 km och Karl-Johan Gyllenstorm beräknade körtiden till cirka 107 minuter.,<url><loc>https://pendlings-app1.t-767929534-cloudflare.workers.dev/?fran=Vibble&amp;till=Karlshamn</loc><changefreq>monthly</changefreq></url>
Torsby,Södertälje,584,370,Avståndet mellan Torsby och Södertälje är 584 km och Karl-Johan Gyllenstorm beräknade körtiden till cirka 370 minuter.,<url><loc>https://pendlings-app1.t-767929534-cloudflare.workers.dev/?fran=Torsby&amp;till=Södertälje</loc><changefreq>monthly</changefreq></url>
Knivsta,Oxelösund,916,725,Avståndet mellan Knivsta och Oxelösund är 916 km och Karl-Johan Gyllenstorm beräknade körtiden till cirka 725 minuter.,<url><loc>https://pendlings-app1.t-767929534-cloudflare.workers.dev/?fran=Knivsta&amp;till=Oxelösund</loc><changefreq>monthly</changefreq></url>
Älvkarleby,Ragunda,904,646,Avståndet mellan Älvkarleby och Ragunda är 904 km och Karl-Johan Gyllenstorm beräknade körtiden till cirka 646 minuter.,<url><loc>https://pendlings-app1.t-767929534-cloudflare.workers.dev/?fran=Älvkarleby&amp;till=Ragunda</loc><changefreq>monthly</changefreq></url>
Oskarshamn,Örebro,1229,858,Avståndet mellan Oskarshamn och Örebro är 1229 km och Karl-Johan Gyllenstorm beräknade körtiden till cirka 858 minuter.,<url><loc>https://pendlings-app1.t-767929534-cloudflare.workers.dev/?fran=Oskarshamn&amp;till=Örebro</loc><changefreq>monthly</changefreq></url>
Töreboda,Luleå,539,348,Avståndet mellan Töreboda och Luleå är 539 km och Karl-Johan Gyllenstorm beräknade körtiden till cirka 348 minuter.,<url><loc>https://pendlings-app1.t-767929534-cloudflare.workers.dev/?fran=Töreboda&amp;till=Luleå</loc><changefreq>monthly</changefreq></url>
Leksand,Lärbro,1134,800,Avståndet mellan Leksand och Lärbro är 1134 km och Karl-Johan Gyllenstorm beräknade körtiden till cirka 800 minuter.,<url><loc>https://pendlings-app1.t-767929534-cloudflare.workers.dev/?fran=Leksand&amp;till=Lärbro</loc><changefreq>monthly</changefreq></url>
Nybro,Mellerud,1145,847,Avståndet mellan Nybro och Mellerud är 1145 km och Karl-Johan Gyllenstorm beräknade körtiden till cirka 847 minuter.,<url><loc>https://pendlings-app1.t-767929534-cloudflare.workers.dev/?fran=Nybro&amp;till=Mellerud</loc><changefreq>monthly</changefreq></url>
Knivsta,Skutskär,387,285,Avståndet mellan Knivsta och Skutskär är 387 km och Karl-Johan Gyllenstorm beräknade körtiden till cirka 285 minuter.,<url><loc>https://pendlings-app1.t-767929534-cloudflare.workers.dev/?fran=Knivsta&amp;till=Skutskär</loc><changefreq>monthly</changefreq></url>
Kristianstad,Götene,491,356,Avståndet mellan Kristianstad och Götene är 491 km och Karl-Johan Gyllenstorm beräknade körtiden till cirka 356 minuter.,<url><loc>https://pendlings-app1.t-767929534-cloudflare.workers.dev/?fran=Kristianstad&amp;till=Götene</loc><changefreq>monthly</changefreq></url>
Ängelholm,Oskarshamn,1316,837,Avståndet mellan Ängelholm och Oskarshamn är 1316 km och Karl-Johan Gyllenstorm beräknade körtiden till cirka 837 minuter.,<url><loc>https://pendlings-app1.t-767929534-cloudflare.workers.dev/?fran=Ängelholm&amp;till=Oskarshamn</loc><changefreq>monthly</changefreq></url>
Ed,Enköping,635,458,Avståndet mellan Ed och Enköping är 635 km och Karl-Johan Gyllenstorm beräknade körtiden till cirka 458 minuter.,<url><loc>https://pendlings-app1.t-767929534-cloudflare.workers.dev/?fran=Ed&amp;till=Enköping</loc><changefreq>monthly</changefreq></url>
Ragunda,Karlskrona,307,215,Avståndet mellan Ragunda och Karlskrona är 307 km och Karl-Johan Gyllenstorm beräknade körtiden till cirka 215 minuter.,<url><loc>https://pendlings-app1.t-767929534-cloudflare.workers.dev/?fran=Ragunda&amp;till=Karlskrona</loc><changefreq>monthly</changefreq></url>
Torsby,Härnösand,702,516,Avståndet mellan Torsby och Härnösand är 702 km och Karl-Johan Gyllenstorm beräknade körtiden till cirka 516 minuter.,<url><loc>https://pendlings-app1.t-767929534-cloudflare.workers.dev/?fran=Torsby&amp;till=Härnösand</loc><changefreq>monthly</changefreq></url>
Kiruna,Trosa,937,616,Avståndet mellan Kiruna och Trosa är 937 km och Karl-Johan Gyllenstorm beräknade körtiden till cirka 616 minuter.,<url><loc>https://pendlings-app1.t-767929534-cloudflare.workers.dev/?fran=Kiruna&amp;till=Trosa</loc><changefreq>monthly</changefreq></url>
Bollebygd,Kumla,591,398,Avståndet mellan Bollebygd och Kumla är 591 km och Karl-Johan Gyllenstorm beräknade körtiden till cirka 398 minuter.,<url><loc>https://pendlings-app1.t-767929534-cloudflare.workers.dev/?fran=Bollebygd&amp;till=Kumla</loc><changefreq>monthly</changefreq></url>
Grythyttan,Sorsele,830,606,Avståndet mellan Grythyttan och Sorsele är 830 km och Karl-Johan Gyllenstorm beräknade körtiden till cirka 606 minuter.,<url><loc>https://pendlings-app1.t-767929534-cloudflare.workers.dev/?fran=Grythyttan&amp;till=Sorsele</loc><changefreq>monthly</changefreq></url>
Bålsta,Malmö,1294,950,Avståndet mellan Bålsta och Malmö är 1294 km och Karl-Johan Gyllenstorm beräknade körtiden till cirka 950 minuter.,<url><loc>https://pendlings-app1.t-767929534-cloudflare.workers.dev/?fran=Bålsta&amp;till=Malmö</loc><changefreq>monthly</changefreq></url>
Bålsta,Älvdalen,188,137,Avståndet mellan Bålsta och Älvdalen är 188 km och Karl-Johan Gyllenstorm beräknade körtiden till cirka 137 minuter.,<url><loc>https://pendlings-app1.t-767929534-cloudflare.workers.dev/?fran=Bålsta&amp;till=Älvdalen</loc><changefreq>monthly</changefreq></url>
Vara,Enköping,838,643,Avståndet mellan Vara och Enköping är 838 km och Karl-Johan Gyllenstorm beräknade körtiden till cirka 643 minuter.,<url><loc>https://pendlings-app1.t-767929534-cloudflare.workers.dev/?fran=Vara&amp;till=Enköping</loc><changefreq>monthly</changefreq></url>
Färgelanda,Pajala,1181,901,Avståndet mellan Färgelanda och Pajala är 1181 km och Karl-Johan Gyllenstorm beräknade körtiden till cirka 901 minuter.,<url><loc>https://pendlings-app1.t-767929534-cloudflare.workers.dev/?fran=Färgelanda&amp;till=Pajala</loc><changefreq>monthly</changefreq></url>
Herrljunga,Karlstad,44,30,Avståndet mellan Herrljunga och Karlstad är 44 km och Karl-Johan Gyllenstorm beräknade körtiden till cirka 30 minuter.,<url><loc>https://pendlings-app1.t-767929534-cloudflare.workers.dev/?fran=Herrljunga&amp;till=Karlstad</loc><changefreq>monthly</changefreq></url>
Aneby,Vara,1132,725,Avståndet mellan Aneby och Vara är 1132 km och Karl-Johan Gyllenstorm beräknade körtiden till cirka 725 minuter.,<url><loc>https://pendlings-app1.t-767929534-cloudflare.workers.dev/?fran=Aneby&amp;till=Vara</loc><changefreq>monthly</changefreq></url>
Mjölby,Vellinge,689,536,Avståndet mellan Mjölby och Vellinge är 689 km och Karl-Johan Gyllenstorm beräknade körtiden till cirka 536 minuter.,<url><loc>https://pendlings-app1.t-767929534-cloudflare.workers.dev/?fran=Mjölby&amp;till=Vellinge</loc><changefreq>monthly</changefreq></url>
Karlsborg,Hultsfred,1035,709,Avståndet mellan Karlsborg och Hultsfred är 1035 km och Karl-Johan Gyllenstorm beräknade körtiden till cirka 709 minuter.,<url><loc>https://pendlings-app1.t-767929534-cloudflare.workers.dev/?fran=Karlsborg&amp;till=Hultsfred</loc><changefreq>monthly</changefreq></url>
Oxelösund,Skutskär,658,441,Avståndet mellan Oxelösund och Skutskär är 658 km och Karl-Johan Gyllenstorm beräknade körtiden till cirka 441 minuter.,<url><loc>https://pendlings-app1.t-767929534-cloudflare.workers.dev/?fran=Oxelösund&amp;till=Skutskär</loc><changefreq>monthly</changefreq></url>
Skutskär,Timrå,1389,879,Avståndet mellan Skutskär och Timrå är 1389 km och Karl-Johan Gyllenstorm beräknade körtiden till cirka 879 minuter.,<url><loc>https://pendlings-app1.t-767929534-cloudflare.workers.dev/?fran=Skutskär&amp;till=Timrå</loc><changefreq>monthly</changefreq></url>
Varberg,Mellerud,233,151,Avståndet mellan Varberg och Mellerud är 233 km och Karl-Johan Gyllenstorm beräknade körtiden till cirka 151 minuter.,<url><loc>https://pendlings-app1.t-767929534-cloudflare.workers.dev/?fran=Varberg&amp;till=Mellerud</loc><changefreq>monthly</changefreq></url>
Hagfors,Klintehamn,229,146,Avståndet mellan Hagfors och Klintehamn är 229 km och Karl-Johan Gyllenstorm beräknade körtiden till cirka 146 minuter.,<url><loc>https://pendlings-app1.t-767929534-cloudflare.workers.dev/?fran=Hagfors&amp;till=Klintehamn</loc><changefreq>monthly</changefreq></url>
Mark,Höganäs,230,164,Avståndet mellan Mark och Höganäs är 230 km och Karl-Johan Gyllenstorm beräknade körtiden till cirka 164 minuter.,<url><loc>https://pendlings-app1.t-767929534-cloudflare.workers.dev/?fran=Mark&amp;till=Höganäs</loc><changefreq>monthly</changefreq></url>
Leksand,Hudiksvall,1064,680,Avståndet mellan Leksand och Hudiksvall är 1064 km och Karl-Johan Gyllenstorm beräknade körtiden till cirka 680 minuter.,<url><loc>https://pendlings-app1.t-767929534-cloudflare.workers.dev/?fran=Leksand&amp;till=Hudiksvall</loc><changefreq>monthly</changefreq></url>
Älvkarleby,Ljusnarsberg,219,151,Avståndet mellan Älvkarleby och Ljusnarsberg är 219 km och Karl-Johan Gyllenstorm beräknade körtiden till cirka 151 minuter.,<url><loc>https://pendlings-app1.t-767929534-cloudflare.workers.dev/?fran=Älvkarleby&amp;till=Ljusnarsberg</loc><changefreq>monthly</changefreq></url>
Bollnäs,Haparanda,1431,1139,Avståndet mellan Bollnäs och Haparanda är 1431 km och Karl-Johan Gyllenstorm beräknade körtiden till cirka 1139 minuter.,<url><loc>https://pendlings-app1.t-767929534-cloudflare.workers.dev/?fran=Bollnäs&amp;till=Haparanda</loc><changefreq>monthly</changefreq></url>
Ödeshög,Motala,697,459,Avståndet mellan Ödeshög och Motala är 697 km och Karl-Johan Gyllenstorm beräknade körtiden till cirka 459 minuter.,<url><loc>https://pendlings-app1.t-767929534-cloudflare.workers.dev/?fran=Ödeshög&amp;till=Motala</loc><changefreq>monthly</changefreq></url>
Sävsjö,Perstorp,936,634,Avståndet mellan Sävsjö och Perstorp är 936 km och Karl-Johan Gyllenstorm beräknade körtiden till cirka 634 minuter.,<url><loc>https://pendlings-app1.t-767929534-cloudflare.workers.dev/?fran=Sävsjö&amp;till=Perstorp</loc><changefreq>monthly</changefreq></url>
Fagersta,Sävsjö,135,91,Avståndet mellan Fagersta och Sävsjö är 135 km och Karl-Johan Gyllenstorm beräknade körtiden till cirka 91 minuter.,<url><loc>https://pendlings-app1.t-767929534-cloudflare.workers.dev/?fran=Fagersta&amp;till=Sävsjö</loc><changefreq>monthly</changefreq></url>
Växjö,Ödeshög,387,296,Avståndet mellan Växjö och Ödeshög är 387 km och Karl-Johan Gyllenstorm beräknade körtiden till cirka 296 minuter.,<url><loc>https://pendlings-app1.t-767929534-cloudflare.workers.dev/?fran=Växjö&amp;till=Ödeshög</loc><changefreq>monthly</changefreq></url>
Kalix,Surahammar,73,53,Avståndet mellan Kalix och Surahammar är 73 km och Karl-Johan Gyllenstorm beräknade körtiden till cirka 53 minuter.,<url><loc>https://pendlings-app1.t-767929534-cloudflare.workers.dev/?fran=Kalix&amp;till=Surahammar</loc><changefreq>monthly</changefreq></url>
Aneby,Ödeshög,1296,943,Avståndet mellan Aneby och Ödeshög är 1296 km och Karl-Johan Gyllenstorm beräknade körtiden till cirka 943 minuter.,<url><loc>https://pendlings-app1.t-767929534-cloudflare.workers.dev/?fran=Aneby&amp;till=Ödeshög</loc><changefreq>monthly</changefreq></url>
Fårösund,Mullsjö,503,371,Avståndet mellan Fårösund och Mullsjö är 503 km och Karl-Johan Gyllenstorm beräknade körtiden till cirka 371 minuter.,<url><loc>https://pendlings-app1.t-767929534-cloudflare.workers.dev/?fran=Fårösund&amp;till=Mullsjö</loc><changefreq>monthly</changefreq></url>
Båstad,Västerås,573,386,Avståndet mellan Båstad och Västerås är 573 km och Karl-Johan Gyllenstorm beräknade körtiden till cirka 386 minuter.,<url><loc>https://pendlings-app1.t-767929534-cloudflare.workers.dev/?fran=Båstad&amp;till=Västerås</loc><changefreq>monthly</changefreq></url>
Slite,Bengtsfors,195,132,Avståndet mellan Slite och Bengtsfors är 195 km och Karl-Johan Gyllenstorm beräknade körtiden till cirka 132 minuter.,<url><loc>https://pendlings-app1.t-767929534-cloudflare.workers.dev/?fran=Slite&amp;till=Bengtsfors</loc><changefreq>monthly</changefreq></url>
Hultsfred,Arvidsjaur,26,17,Avståndet mellan Hultsfred och Arvidsjaur är 26 km och Karl-Johan Gyllenstorm beräknade körtiden till cirka 17 minuter.,<url><loc>https://pendlings-app1.t-767929534-cloudflare.workers.dev/?fran=Hultsfred&amp;till=Arvidsjaur</loc><changefreq>monthly</changefreq></url>
Ljusdal,Sjöbo,1390,1073,Avståndet mellan Ljusdal och Sjöbo är 1390 km och Karl-Johan Gyllenstorm beräknade körtiden till cirka 1073 minuter.,<url><loc>https://pendlings-app1.t-767929534-cloudflare.workers.dev/?fran=Ljusdal&amp;till=Sjöbo</loc><changefreq>monthly</changefreq></url>
Umeå,Ystad,921,594,Avståndet mellan Umeå och Ystad är 921 km och Karl-Johan Gyllenstorm beräknade körtiden till cirka 594 minuter.,<url><loc>https://pendlings-app1.t-767929534-cloudflare.workers.dev/?fran=Umeå&amp;till=Ystad</loc><changefreq>monthly</changefreq></url>
Malung,Sollefteå,1183,864,Avståndet mellan Malung och Sollefteå är 1183 km och Karl-Johan Gyllenstorm beräknade körtiden till cirka 864 minuter.,<url><loc>https://pendlings-app1.t-767929534-cloudflare.workers.dev/?fran=Malung&amp;till=Sollefteå</loc><changefreq>monthly</changefreq></url>
Ånge,Storfors,146,116,Avståndet mellan Ånge och Storfors är 146 km och Karl-Johan Gyllenstorm beräknade körtiden till cirka 116 minuter.,<url><loc>https://pendlings-app1.t-767929534-cloudflare.workers.dev/?fran=Ånge&amp;till=Storfors</loc><changefreq>monthly</changefreq></url>
Strömstad,Malmö,880,585,Avståndet mellan Strömstad och Malmö är 880 km och Karl-Johan Gyllenstorm beräknade körtiden till cirka 585 minuter.,<url><loc>https://pendlings-app1.t-767929534-cloudflare.workers.dev/?fran=Strömstad&amp;till=Malmö</loc><changefreq>monthly</changefreq></url>
Leksand,Skara,128,100,Avståndet mellan Leksand och Skara är 128 km och Karl-Johan Gyllenstorm beräknade körtiden till cirka 100 minuter.,<url><loc>https://pendlings-app1.t-767929534-cloudflare.workers.dev/?fran=Leksand&amp;till=Skara</loc><changefreq>monthly</changefreq></url>
Härnösand,Lärbro,252,185,Avståndet mellan Härnösand och Lärbro är 252 km och Karl-Johan Gyllenstorm beräknade körtiden till cirka 185 minuter.,<url><loc>https://pendlings-app1.t-767929534-cloudflare.workers.dev/?fran=Härnösand&amp;till=Lärbro</loc><changefreq>monthly</changefreq></url>
Storuman,Ödeshög,399,257,Avståndet mellan Storuman och Ödeshög är 399 km och Karl-Johan Gyllenstorm beräknade körtiden till cirka 257 minuter.,<url><loc>https://pendlings-app1.t-767929534-cloudflare.workers.dev/?fran=Storuman&amp;till=Ödeshög</loc><changefreq>monthly</changefreq></url>
Trosa,Umeå,735,467,Avståndet mellan Trosa och Umeå är 735 km och Karl-Johan Gyllenstorm beräknade körtiden till cirka 467 minuter.,<url><loc>https://pendlings-app1.t-767929534-cloudflare.workers.dev/?fran=Trosa&amp;till=Umeå</loc><changefreq>monthly</changefreq></url>
Havdhem,Luleå,1365,923,Avståndet mellan Havdhem och Luleå är 1365 km och Karl-Johan Gyllenstorm beräknade körtiden till cirka 923 minuter.,<url><loc>https://pendlings-app1.t-767929534-cloudflare.workers.dev/?fran=Havdhem&amp;till=Luleå</loc><changefreq>monthly</changefreq></url>
Avesta,Bromölla,1229,920,Avståndet mellan Avesta och Bromölla är 1229 km och Karl-Johan Gyllenstorm beräknade körtiden till cirka 920 minuter.,<url><loc>https://pendlings-app1.t-767929534-cloudflare.workers.dev/?fran=Avesta&amp;till=Bromölla</loc><changefreq>monthly</changefreq></url>
Herrljunga,Kalix,1322,855,Avståndet mellan Herrljunga och Kalix är 1322 km och Karl-Johan Gyllenstorm beräknade körtiden till cirka 855 minuter.,<url><loc>https://pendlings-app1.t-767929534-cloudflare.workers.dev/?fran=Herrljunga&amp;till=Kalix</loc><changefreq>monthly</changefreq></url>
Mariestad,Färgelanda,720,571,Avståndet mellan Mariestad och Färgelanda är 720 km och Karl-Johan Gyllenstorm beräknade körtiden till cirka 571 minuter.,<url><loc>https://pendlings-app1.t-767929534-cloudflare.workers.dev/?fran=Mariestad&amp;till=Färgelanda</loc><changefreq>monthly</changefreq></url>
Tingstäde,Fagersta,603,477,Avståndet mellan Tingstäde och Fagersta är 603 km och Karl-Johan Gyllenstorm beräknade körtiden till cirka 477 minuter.,<url><loc>https://pendlings-app1.t-767929534-cloudflare.workers.dev/?fran=Tingstäde&amp;till=Fagersta</loc><changefreq>monthly</changefreq></url>
Värnamo,Kramfors,1033,805,Avståndet mellan Värnamo och Kramfors är 1033 km och Karl-Johan Gyllenstorm beräknade körtiden till cirka 805 minuter.,<url><loc>https://pendlings-app1.t-767929534-cloudflare.workers.dev/?fran=Värnamo&amp;till=Kramfors</loc><changefreq>monthly</changefreq></url>
Lidköping,Södertälje,932,628,Avståndet mellan Lidköping och Södertälje är 932 km och Karl-Johan Gyllenstorm beräknade körtiden till cirka 628 minuter.,<url><loc>https://pendlings-app1.t-767929534-cloudflare.workers.dev/?fran=Lidköping&amp;till=Södertälje</loc><changefreq>monthly</changefreq></url>
Haparanda,Sunne,289,206,Avståndet mellan Haparanda och Sunne är 289 km och Karl-Johan Gyllenstorm beräknade körtiden till cirka 206 minuter.,<url><loc>https://pendlings-app1.t-767929534-cloudflare.workers.dev/?fran=Haparanda&amp;till=Sunne</loc><changefreq>monthly</changefreq></url>
Åmål,Luleå,1152,910,Avståndet mellan Åmål och Luleå är 1152 km och Karl-Johan Gyllenstorm beräknade körtiden till cirka 910 minuter.,<url><loc>https://pendlings-app1.t-767929534-cloudflare.workers.dev/?fran=Åmål&amp;till=Luleå</loc><changefreq>monthly</changefreq></url>
Gällivare,Töreboda,749,504,Avståndet mellan Gällivare och Töreboda är 749 km och Karl-Johan Gyllenstorm beräknade körtiden till cirka 504 minuter.,<url><loc>https://pendlings-app1.t-767929534-cloudflare.workers.dev/?fran=Gällivare&amp;till=Töreboda</loc><changefreq>monthly</changefreq></url>
Östersund,Åsele,1233,836,Avståndet mellan Östersund och Åsele är 1233 km och Karl-Johan Gyllenstorm beräknade körtiden till cirka 836 minuter.,<url><loc>https://pendlings-app1.t-767929534-cloudflare.workers.dev/?fran=Östersund&amp;till=Åsele</loc><changefreq>monthly</changefreq></url>
Sotenäs,Strömstad,1343,1066,Avståndet mellan Sotenäs och Strömstad är 1343 km och Karl-Johan Gyllenstorm beräknade körtiden till cirka 1066 minuter.,<url><loc>https://pendlings-app1.t-767929534-cloudflare.workers.dev/?fran=Sotenäs&amp;till=Strömstad</loc><changefreq>monthly</changefreq></url>
Tanum,Sundsvall,497,338,Avståndet mellan Tanum och Sundsvall är 497 km och Karl-Johan Gyllenstorm beräknade körtiden till cirka 338 minuter.,<url><loc>https://pendlings-app1.t-767929534-cloudflare.workers.dev/?fran=Tanum&amp;till=Sundsvall</loc><changefreq>monthly</changefreq></url>
Skurup,Kramfors,159,126,Avståndet mellan Skurup och Kramfors är 159 km och Karl-Johan Gyllenstorm beräknade körtiden till cirka 126 minuter.,<url><loc>https://pendlings-app1.t-767929534-cloudflare.workers.dev/?fran=Skurup&amp;till=Kramfors</loc><changefreq>monthly</changefreq></url>
Krokom,Munkfors,829,616,Avståndet mellan Krokom och Munkfors är 829 km och Karl-Johan Gyllenstorm beräknade körtiden till cirka 616 minuter.,<url><loc>https://pendlings-app1.t-767929534-cloudflare.workers.dev/?fran=Krokom&amp;till=Munkfors</loc><changefreq>monthly</changefreq></url>
Sjöbo,Stånga,1412,969,Avståndet mellan Sjöbo och Stånga är 1412 km och Karl-Johan Gyllenstorm beräknade körtiden till cirka 969 minuter.,<url><loc>https://pendlings-app1.t-767929534-cloudflare.workers.dev/?fran=Sjöbo&amp;till=Stånga</loc><changefreq>monthly</changefreq></url>
Storfors,Staffanstorp,647,429,Avståndet mellan Storfors och Staffanstorp är 647 km och Karl-Johan Gyllenstorm beräknade körtiden till cirka 429 minuter.,<url><loc>https://pendlings-app1.t-767929534-cloudflare.workers.dev/?fran=Storfors&amp;till=Staffanstorp</loc><changefreq>monthly</changefreq></url>
Sunne,Munkedal,49,37,Avståndet mellan Sunne och Munkedal är 49 km och Karl-Johan Gyllenstorm beräknade körtiden till cirka 37 minuter.,<url><loc>https://pendlings-app1.t-767929534-cloudflare.workers.dev/?fran=Sunne&amp;till=Munkedal</loc><changefreq>monthly</changefreq></url>
Lidköping,Mora,1210,938,Avståndet mellan Lidköping och Mora är 1210 km och Karl-Johan Gyllenstorm beräknade körtiden till cirka 938 minuter.,<url><loc>https://pendlings-app1.t-767929534-cloudflare.workers.dev/?fran=Lidköping&amp;till=Mora</loc><changefreq>monthly</changefreq></url>
Tibro,Vimmerby,593,434,Avståndet mellan Tibro och Vimmerby är 593 km och Karl-Johan Gyllenstorm beräknade körtiden till cirka 434 minuter.,<url><loc>https://pendlings-app1.t-767929534-cloudflare.workers.dev/?fran=Tibro&amp;till=Vimmerby</loc><changefreq>monthly</changefreq></url>
Söderhamn,Hultsfred,89,58,Avståndet mellan Söderhamn och Hultsfred är 89 km och Karl-Johan Gyllenstorm beräknade körtiden till cirka 58 minuter.,<url><loc>https://pendlings-app1.t-767929534-cloudflare.workers.dev/?fran=Söderhamn&amp;till=Hultsfred</loc><changefreq>monthly</changefreq></url>
Uddevalla,Aneby,902,713,Avståndet mellan Uddevalla och Aneby är 902 km och Karl-Johan Gyllenstorm beräknade körtiden till cirka 713 minuter.,<url><loc>https://pendlings-app1.t-767929534-cloudflare.workers.dev/?fran=Uddevalla&amp;till=Aneby</loc><changefreq>monthly</changefreq></url>
Södertälje,Höör,1277,861,Avståndet mellan Södertälje och Höör är 1277 km och Karl-Johan Gyllenstorm beräknade körtiden till cirka 861 minuter.,<url><loc>https://pendlings-app1.t-767929534-cloudflare.workers.dev/?fran=Södertälje&amp;till=Höör</loc><changefreq>monthly</changefreq></url>
Enköping,Gullspång,607,477,Avståndet mellan Enköping och Gullspång är 607 km och Karl-Johan Gyllenstorm beräknade körtiden till cirka 477 minuter.,<url><loc>https://pendlings-app1.t-767929534-cloudflare.workers.dev/?fran=Enköping&amp;till=Gullspång</loc><changefreq>monthly</changefreq></url>
Mellerud,Malå,1136,842,Avståndet mellan Mellerud och Malå är 1136 km och Karl-Johan Gyllenstorm beräknade körtiden till cirka 842 minuter.,<url><loc>https://pendlings-app1.t-767929534-cloudflare.workers.dev/?fran=Mellerud&amp;till=Malå</loc><changefreq>monthly</changefreq></url>
Färgelanda,Torsby,1281,825,Avståndet mellan Färgelanda och Torsby är 1281 km och Karl-Johan Gyllenstorm beräknade körtiden till cirka 825 minuter.,<url><loc>https://pendlings-app1.t-767929534-cloudflare.workers.dev/?fran=Färgelanda&amp;till=Torsby</loc><changefreq>monthly</changefreq></url>
Katrineholm,Hässleholm,478,303,Avståndet mellan Katrineholm och Hässleholm är 478 km och Karl-Johan Gyllenstorm beräknade körtiden till cirka 303 minuter.,<url><loc>https://pendlings-app1.t-767929534-cloudflare.workers.dev/?fran=Katrineholm&amp;till=Hässleholm</loc><changefreq>monthly</changefreq></url>
Sotenäs,Mullsjö,714,463,Avståndet mellan Sotenäs och Mullsjö är 714 km och Karl-Johan Gyllenstorm beräknade körtiden till cirka 463 minuter.,<url><loc>https://pendlings-app1.t-767929534-cloudflare.workers.dev/?fran=Sotenäs&amp;till=Mullsjö</loc><changefreq>monthly</changefreq></url>
Åtvidaberg,Sälen,1287,832,Avståndet mellan Åtvidaberg och Sälen är 1287 km och Karl-Johan Gyllenstorm beräknade körtiden till cirka 832 minuter.,<url><loc>https://pendlings-app1.t-767929534-cloudflare.workers.dev/?fran=Åtvidaberg&amp;till=Sälen</loc><changefreq>monthly</changefreq></url>
Kristianstad,Trollhättan,1142,834,Avståndet mellan Kristianstad och Trollhättan är 1142 km och Karl-Johan Gyllenstorm beräknade körtiden till cirka 834 minuter.,<url><loc>https://pendlings-app1.t-767929534-cloudflare.workers.dev/?fran=Kristianstad&amp;till=Trollhättan</loc><changefreq>monthly</changefreq></url>
Hyltebruk,Eskilstuna,523,337,Avståndet mellan Hyltebruk och Eskilstuna är 523 km och Karl-Johan Gyllenstorm beräknade körtiden till cirka 337 minuter.,<url><loc>https://pendlings-app1.t-767929534-cloudflare.workers.dev/?fran=Hyltebruk&amp;till=Eskilstuna</loc><changefreq>monthly</changefreq></url>
Mora,Arvidsjaur,1429,993,Avståndet mellan Mora och Arvidsjaur är 1429 km och Karl-Johan Gyllenstorm beräknade körtiden till cirka 993 minuter.,<url><loc>https://pendlings-app1.t-767929534-cloudflare.workers.dev/?fran=Mora&amp;till=Arvidsjaur</loc><changefreq>monthly</changefreq></url>
Vibble,Piteå,325,257,Avståndet mellan Vibble och Piteå är 325 km och Karl-Johan Gyllenstorm beräknade körtiden till cirka 257 minuter.,<url><loc>https://pendlings-app1.t-767929534-cloudflare.workers.dev/?fran=Vibble&amp;till=Piteå</loc><changefreq>monthly</changefreq></url>
Tomelilla,Ånge,819,643,Avståndet mellan Tomelilla och Ånge är 819 km och Karl-Johan Gyllenstorm beräknade körtiden till cirka 643 minuter.,<url><loc>https://pendlings-app1.t-767929534-cloudflare.workers.dev/?fran=Tomelilla&amp;till=Ånge</loc><changefreq>monthly</changefreq></url>
Rättvik,Herrljunga,146,105,Avståndet mellan Rättvik och Herrljunga är 146 km och Karl-Johan Gyllenstorm beräknade körtiden till cirka 105 minuter.,<url><loc>https://pendlings-app1.t-767929534-cloudflare.workers.dev/?fran=Rättvik&amp;till=Herrljunga</loc><changefreq>monthly</changefreq></url>
Borgholm,Mark,1022,710,Avståndet mellan Borgholm och Mark är 1022 km och Karl-Johan Gyllenstorm beräknade körtiden till cirka 710 minuter.,<url><loc>https://pendlings-app1.t-767929534-cloudflare.workers.dev/?fran=Borgholm&amp;till=Mark</loc><changefreq>monthly</changefreq></url>
Leksand,Arboga,1207,962,Avståndet mellan Leksand och Arboga är 1207 km och Karl-Johan Gyllenstorm beräknade körtiden till cirka 962 minuter.,<url><loc>https://pendlings-app1.t-767929534-cloudflare.workers.dev/?fran=Leksand&amp;till=Arboga</loc><changefreq>monthly</changefreq></url>
Bollnäs,Sollefteå,64,46,Avståndet mellan Bollnäs och Sollefteå är 64 km och Karl-Johan Gyllenstorm beräknade körtiden till cirka 46 minuter.,<url><loc>https://pendlings-app1.t-767929534-cloudflare.workers.dev/?fran=Bollnäs&amp;till=Sollefteå</loc><changefreq>monthly</changefreq></url>
Timrå,Slite,902,577,Avståndet mellan Timrå och Slite är 902 km och Karl-Johan Gyllenstorm beräknade körtiden till cirka 577 minuter.,<url><loc>https://pendlings-app1.t-767929534-cloudflare.workers.dev/?fran=Timrå&amp;till=Slite</loc><changefreq>monthly</changefreq></url>
Håbo,Katrineholm,1146,903,Avståndet mellan Håbo och Katrineholm är 1146 km och Karl-Johan Gyllenstorm beräknade körtiden till cirka 903 minuter.,<url><loc>https://pendlings-app1.t-767929534-cloudflare.workers.dev/?fran=Håbo&amp;till=Katrineholm</loc><changefreq>monthly</changefreq></url>
Enköping,Borlänge,1144,830,Avståndet mellan Enköping och Borlänge är 1144 km och Karl-Johan Gyllenstorm beräknade körtiden till cirka 830 minuter.,<url><loc>https://pendlings-app1.t-767929534-cloudflare.workers.dev/?fran=Enköping&amp;till=Borlänge</loc><changefreq>monthly</changefreq></url>
Tanum,Älvdalen,924,656,Avståndet mellan Tanum och Älvdalen är 924 km och Karl-Johan Gyllenstorm beräknade körtiden till cirka 656 minuter.,<url><loc>https://pendlings-app1.t-767929534-cloudflare.workers.dev/?fran=Tanum&amp;till=Älvdalen</loc><changefreq>monthly</changefreq></url>
Svalöv,Falköping,115,76,Avståndet mellan Svalöv och Falköping är 115 km och Karl-Johan Gyllenstorm beräknade körtiden till cirka 76 minuter.,<url><loc>https://pendlings-app1.t-767929534-cloudflare.workers.dev/?fran=Svalöv&amp;till=Falköping</loc><changefreq>monthly</changefreq></url>
Håbo,Leksand,519,328,Avståndet mellan Håbo och Leksand är 519 km och Karl-Johan Gyllenstorm beräknade körtiden till cirka 328 minuter.,<url><loc>https://pendlings-app1.t-767929534-cloudflare.workers.dev/?fran=Håbo&amp;till=Leksand</loc><changefreq>monthly</changefreq></url>
Sunne,Mörbylånga,1050,784,Avståndet mellan Sunne och Mörbylånga är 1050 km och Karl-Johan Gyllenstorm beräknade körtiden till cirka 784 minuter.,<url><loc>https://pendlings-app1.t-767929534-cloudflare.workers.dev/?fran=Sunne&amp;till=Mörbylånga</loc><changefreq>monthly</changefreq></url>
Lekeberg,Säffle,1418,1098,Avståndet mellan Lekeberg och Säffle är 1418 km och Karl-Johan Gyllenstorm beräknade körtiden till cirka 1098 minuter.,<url><loc>https://pendlings-app1.t-767929534-cloudflare.workers.dev/?fran=Lekeberg&amp;till=Säffle</loc><changefreq>monthly</changefreq></url>
Falköping,Hörby,471,320,Avståndet mellan Falköping och Hörby är 471 km och Karl-Johan Gyllenstorm beräknade körtiden till cirka 320 minuter.,<url><loc>https://pendlings-app1.t-767929534-cloudflare.workers.dev/?fran=Falköping&amp;till=Hörby</loc><changefreq>monthly</changefreq></url>
Ockelbo,Lärbro,1192,778,Avståndet mellan Ockelbo och Lärbro är 1192 km och Karl-Johan Gyllenstorm beräknade körtiden till cirka 778 minuter.,<url><loc>https://pendlings-app1.t-767929534-cloudflare.workers.dev/?fran=Ockelbo&amp;till=Lärbro</loc><changefreq>monthly</changefreq></url>
Habon,Sala,653,452,Avståndet mellan Habon och Sala är 653 km och Karl-Johan Gyllenstorm beräknade körtiden till cirka 452 minuter.,<url><loc>https://pendlings-app1.t-767929534-cloudflare.workers.dev/?fran=Habon&amp;till=Sala</loc><changefreq>monthly</changefreq></url>
Piteå,Slite,792,515,Avståndet mellan Piteå och Slite är 792 km och Karl-Johan Gyllenstorm beräknade körtiden till cirka 515 minuter.,<url><loc>https://pendlings-app1.t-767929534-cloudflare.workers.dev/?fran=Piteå&amp;till=Slite</loc><changefreq>monthly</changefreq></url>
Piteå,Borgholm,67,54,Avståndet mellan Piteå och Borgholm är 67 km och Karl-Johan Gyllenstorm beräknade körtiden till cirka 54 minuter.,<url><loc>https://pendlings-app1.t-767929534-cloudflare.workers.dev/?fran=Piteå&amp;till=Borgholm</loc><changefreq>monthly</changefreq></url>
Skurup,Kopparberg,1030,734,Avståndet mellan Skurup och Kopparberg är 1030 km och Karl-Johan Gyllenstorm beräknade körtiden till cirka 734 minuter.,<url><loc>https://pendlings-app1.t-767929534-cloudflare.workers.dev/?fran=Skurup&amp;till=Kopparberg</loc><changefreq>monthly</changefreq></url>
Älvsbyn,Stockholm,346,254,Avståndet mellan Älvsbyn och Stockholm är 346 km och Karl-Johan Gyllenstorm beräknade körtiden till cirka 254 minuter.,<url><loc>https://pendlings-app1.t-767929534-cloudflare.workers.dev/?fran=Älvsbyn&amp;till=Stockholm</loc><changefreq>monthly</changefreq></url>
Grästorp,Vetlanda,41,31,Avståndet mellan Grästorp och Vetlanda är 41 km och Karl-Johan Gyllenstorm beräknade körtiden till cirka 31 minuter.,<url><loc>https://pendlings-app1.t-767929534-cloudflare.workers.dev/?fran=Grästorp&amp;till=Vetlanda</loc><changefreq>monthly</changefreq></url>
Köping,Ulricehamn,1321,967,Avståndet mellan Köping och Ulricehamn är 1321 km och Karl-Johan Gyllenstorm beräknade körtiden till cirka 967 minuter.,<url><loc>https://pendlings-app1.t-767929534-cloudflare.workers.dev/?fran=Köping&amp;till=Ulricehamn</loc><changefreq>monthly</changefreq></url>
Vänersborg,Ånge,47,37,Avståndet mellan Vänersborg och Ånge är 47 km och Karl-Johan Gyllenstorm beräknade körtiden till cirka 37 minuter.,<url><loc>https://pendlings-app1.t-767929534-cloudflare.workers.dev/?fran=Vänersborg&amp;till=Ånge</loc><changefreq>monthly</changefreq></url>
Borlänge,Skutskär,460,291,Avståndet mellan Borlänge och Skutskär är 460 km och Karl-Johan Gyllenstorm beräknade körtiden till cirka 291 minuter.,<url><loc>https://pendlings-app1.t-767929534-cloudflare.workers.dev/?fran=Borlänge&amp;till=Skutskär</loc><changefreq>monthly</changefreq></url>
Smedjebacken,Kiruna,666,499,Avståndet mellan Smedjebacken och Kiruna är 666 km och Karl-Johan Gyllenstorm beräknade körtiden till cirka 499 minuter.,<url><loc>https://pendlings-app1.t-767929534-cloudflare.workers.dev/?fran=Smedjebacken&amp;till=Kiruna</loc><changefreq>monthly</changefreq></url>
Varberg,Hultsfred,826,630,Avståndet mellan Varberg och Hultsfred är 826 km och Karl-Johan Gyllenstorm beräknade körtiden till cirka 630 minuter.,<url><loc>https://pendlings-app1.t-767929534-cloudflare.workers.dev/?fran=Varberg&amp;till=Hultsfred</loc><changefreq>monthly</changefreq></url>
Klippan,Höör,241,172,Avståndet mellan Klippan och Höör är 241 km och Karl-Johan Gyllenstorm beräknade körtiden till cirka 172 minuter.,<url><loc>https://pendlings-app1.t-767929534-cloudflare.workers.dev/?fran=Klippan&amp;till=Höör</loc><changefreq>monthly</changefreq></url>
Sälen,Hemse,546,416,Avståndet mellan Sälen och Hemse är 546 km och Karl-Johan Gyllenstorm beräknade körtiden till cirka 416 minuter.,<url><loc>https://pendlings-app1.t-767929534-cloudflare.workers.dev/?fran=Sälen&amp;till=Hemse</loc><changefreq>monthly</changefreq></url>
Simrishamn,Kungsbacka,150,103,Avståndet mellan Simrishamn och Kungsbacka är 150 km och Karl-Johan Gyllenstorm beräknade körtiden till cirka 103 minuter.,<url><loc>https://pendlings-app1.t-767929534-cloudflare.workers.dev/?fran=Simrishamn&amp;till=Kungsbacka</loc><changefreq>monthly</changefreq></url>
Nyköping,Kristinehamn,1379,881,Avståndet mellan Nyköping och Kristinehamn är 1379 km och Karl-Johan Gyllenstorm beräknade körtiden till cirka 881 minuter.,<url><loc>https://pendlings-app1.t-767929534-cloudflare.workers.dev/?fran=Nyköping&amp;till=Kristinehamn</loc><changefreq>monthly</changefreq></url>
Mörbylånga,Trosa,331,250,Avståndet mellan Mörbylånga och Trosa är 331 km och Karl-Johan Gyllenstorm beräknade körtiden till cirka 250 minuter.,<url><loc>https://pendlings-app1.t-767929534-cloudflare.workers.dev/?fran=Mörbylånga&amp;till=Trosa</loc><changefreq>monthly</changefreq></url>
Härnösand,Örebro,478,353,Avståndet mellan Härnösand och Örebro är 478 km och Karl-Johan Gyllenstorm beräknade körtiden till cirka 353 minuter.,<url><loc>https://pendlings-app1.t-767929534-cloudflare.workers.dev/?fran=Härnösand&amp;till=Örebro</loc><changefreq>monthly</changefreq></url>
Essunga,Bollebygd,220,173,Avståndet mellan Essunga och Bollebygd är 220 km och Karl-Johan Gyllenstorm beräknade körtiden till cirka 173 minuter.,<url><loc>https://pendlings-app1.t-767929534-cloudflare.workers.dev/?fran=Essunga&amp;till=Bollebygd</loc><changefreq>monthly</changefreq></url>
Hyltebruk,Svalöv,90,62,Avståndet mellan Hyltebruk och Svalöv är 90 km och Karl-Johan Gyllenstorm beräknade körtiden till cirka 62 minuter.,<url><loc>https://pendlings-app1.t-767929534-cloudflare.workers.dev/?fran=Hyltebruk&amp;till=Svalöv</loc><changefreq>monthly</changefreq></url>
Katrineholm,Bengtsfors,1342,867,Avståndet mellan Katrineholm och Bengtsfors är 1342 km och Karl-Johan Gyllenstorm beräknade körtiden till cirka 867 minuter.,<url><loc>https://pendlings-app1.t-767929534-cloudflare.workers.dev/?fran=Katrineholm&amp;till=Bengtsfors</loc><changefreq>monthly</changefreq></url>
Älvsbyn,Mjölby,888,581,Avståndet mellan Älvsbyn och Mjölby är 888 km och Karl-Johan Gyllenstorm beräknade körtiden till cirka 581 minuter.,<url><loc>https://pendlings-app1.t-767929534-cloudflare.workers.dev/?fran=Älvsbyn&amp;till=Mjölby</loc><changefreq>monthly</changefreq></url>
Örnsköldsvik,Kalmar,120,88,Avståndet mellan Örnsköldsvik och Kalmar är 120 km och Karl-Johan Gyllenstorm beräknade körtiden till cirka 88 minuter.,<url><loc>https://pendlings-app1.t-767929534-cloudflare.workers.dev/?fran=Örnsköldsvik&amp;till=Kalmar</loc><changefreq>monthly</changefreq></url>
Västervik,Jönköping,36,25,Avståndet mellan Västervik och Jönköping är 36 km och Karl-Johan Gyllenstorm beräknade körtiden till cirka 25 minuter.,<url><loc>https://pendlings-app1.t-767929534-cloudflare.workers.dev/?fran=Västervik&amp;till=Jönköping</loc><changefreq>monthly</changefreq></url>
Nordanstig,Östersund,1132,789,Avståndet mellan Nordanstig och Östersund är 1132 km och Karl-Johan Gyllenstorm beräknade körtiden till cirka 789 minuter.,<url><loc>https://pendlings-app1.t-767929534-cloudflare.workers.dev/?fran=Nordanstig&amp;till=Östersund</loc><changefreq>monthly</changefreq></url>
Trollhättan,Svalöv,872,614,Avståndet mellan Trollhättan och Svalöv är 872 km och Karl-Johan Gyllenstorm beräknade körtiden till cirka 614 minuter.,<url><loc>https://pendlings-app1.t-767929534-cloudflare.workers.dev/?fran=Trollhättan&amp;till=Svalöv</loc><changefreq>monthly</changefreq></url>
Växjö,Lidköping,522,416,Avståndet mellan Växjö och Lidköping är 522 km och Karl-Johan Gyllenstorm beräknade körtiden till cirka 416 minuter.,<url><loc>https://pendlings-app1.t-767929534-cloudflare.workers.dev/?fran=Växjö&amp;till=Lidköping</loc><changefreq>monthly</changefreq></url>
Halmstad,Kungsör,263,206,Avståndet mellan Halmstad och Kungsör är 263 km och Karl-Johan Gyllenstorm beräknade körtiden till cirka 206 minuter.,<url><loc>https://pendlings-app1.t-767929534-cloudflare.workers.dev/?fran=Halmstad&amp;till=Kungsör</loc><changefreq>monthly</changefreq></url>
Tomelilla,Sotenäs,829,593,Avståndet mellan Tomelilla och Sotenäs är 829 km och Karl-Johan Gyllenstorm beräknade körtiden till cirka 593 minuter.,<url><loc>https://pendlings-app1.t-767929534-cloudflare.workers.dev/?fran=Tomelilla&amp;till=Sotenäs</loc><changefreq>monthly</changefreq></url>
Söderhamn,Tranemo,303,208,Avståndet mellan Söderhamn och Tranemo är 303 km och Karl-Johan Gyllenstorm beräknade körtiden till cirka 208 minuter.,<url><loc>https://pendlings-app1.t-767929534-cloudflare.workers.dev/?fran=Söderhamn&amp;till=Tranemo</loc><changefreq>monthly</changefreq></url>
Hemse,Osby,38,28,Avståndet mellan Hemse och Osby är 38 km och Karl-Johan Gyllenstorm beräknade körtiden till cirka 28 minuter.,<url><loc>https://pendlings-app1.t-767929534-cloudflare.workers.dev/?fran=Hemse&amp;till=Osby</loc><changefreq>monthly</changefreq></url>
Hedemora,Staffanstorp,1414,1039,Avståndet mellan Hedemora och Staffanstorp är 1414 km och Karl-Johan Gyllenstorm beräknade körtiden till cirka 1039 minuter.,<url><loc>https://pendlings-app1.t-767929534-cloudflare.workers.dev/?fran=Hedemora&amp;till=Staffanstorp</loc><changefreq>monthly</changefreq></url>
Slite,Smedjebacken,959,704,Avståndet mellan Slite och Smedjebacken är 959 km och Karl-Johan Gyllenstorm beräknade körtiden till cirka 704 minuter.,<url><loc>https://pendlings-app1.t-767929534-cloudflare.workers.dev/?fran=Slite&amp;till=Smedjebacken</loc><changefreq>monthly</changefreq></url>
Trosa,Strömsund,1177,820,Avståndet mellan Trosa och Strömsund är 1177 km och Karl-Johan Gyllenstorm beräknade körtiden till cirka 820 minuter.,<url><loc>https://pendlings-app1.t-767929534-cloudflare.workers.dev/?fran=Trosa&amp;till=Strömsund</loc><changefreq>monthly</changefreq></url>
Burgsvik,Härnösand,1137,812,Avståndet mellan Burgsvik och Härnösand är 1137 km och Karl-Johan Gyllenstorm beräknade körtiden till cirka 812 minuter.,<url><loc>https://pendlings-app1.t-767929534-cloudflare.workers.dev/?fran=Burgsvik&amp;till=Härnösand</loc><changefreq>monthly</changefreq></url>
Ronneby,Vimmerby,1183,770,Avståndet mellan Ronneby och Vimmerby är 1183 km och Karl-Johan Gyllenstorm beräknade körtiden till cirka 770 minuter.,<url><loc>https://pendlings-app1.t-767929534-cloudflare.workers.dev/?fran=Ronneby&amp;till=Vimmerby</loc><changefreq>monthly</changefreq></url>
Kungsbacka,Herrljunga,204,156,Avståndet mellan Kungsbacka och Herrljunga är 204 km och Karl-Johan Gyllenstorm beräknade körtiden till cirka 156 minuter.,<url><loc>https://pendlings-app1.t-767929534-cloudflare.workers.dev/?fran=Kungsbacka&amp;till=Herrljunga</loc><changefreq>monthly</changefreq></url>
Piteå,Åmål,1240,823,Avståndet mellan Piteå och Åmål är 1240 km och Karl-Johan Gyllenstorm beräknade körtiden till cirka 823 minuter.,<url><loc>https://pendlings-app1.t-767929534-cloudflare.workers.dev/?fran=Piteå&amp;till=Åmål</loc><changefreq>monthly</changefreq></url>
Lund,Borgholm,663,508,Avståndet mellan Lund och Borgholm är 663 km och Karl-Johan Gyllenstorm beräknade körtiden till cirka 508 minuter.,<url><loc>https://pendlings-app1.t-767929534-cloudflare.workers.dev/?fran=Lund&amp;till=Borgholm</loc><changefreq>monthly</changefreq></url>
Ydre,Karlskoga,120,90,Avståndet mellan Ydre och Karlskoga är 120 km och Karl-Johan Gyllenstorm beräknade körtiden till cirka 90 minuter.,<url><loc>https://pendlings-app1.t-767929534-cloudflare.workers.dev/?fran=Ydre&amp;till=Karlskoga</loc><changefreq>monthly</changefreq></url>
Mjölby,Uddevalla,517,372,Avståndet mellan Mjölby och Uddevalla är 517 km och Karl-Johan Gyllenstorm beräknade körtiden till cirka 372 minuter.,<url><loc>https://pendlings-app1.t-767929534-cloudflare.workers.dev/?fran=Mjölby&amp;till=Uddevalla</loc><changefreq>monthly</changefreq></url>
Stockholm,Trosa,391,258,Avståndet mellan Stockholm och Trosa är 391 km och Karl-Johan Gyllenstorm beräknade körtiden till cirka 258 minuter.,<url><loc>https://pendlings-app1.t-767929534-cloudflare.workers.dev/?fran=Stockholm&amp;till=Trosa</loc><changefreq>monthly</changefreq></url>
Ydre,Landskrona,1446,1115,Avståndet mellan Ydre och Landskrona är 1446 km och Karl-Johan Gyllenstorm beräknade körtiden till cirka 1115 minuter.,<url><loc>https://pendlings-app1.t-767929534-cloudflare.workers.dev/?fran=Ydre&amp;till=Landskrona</loc><changefreq>monthly</changefreq></url>
Klintehamn,Gimo,782,572,Avståndet mellan Klintehamn och Gimo är 782 km och Karl-Johan Gyllenstorm beräknade körtiden till cirka 572 minuter.,<url><loc>https://pendlings-app1.t-767929534-cloudflare.workers.dev/?fran=Klintehamn&amp;till=Gimo</loc><changefreq>monthly</changefreq></url>
Staffanstorp,Gävle,407,319,Avståndet mellan Staffanstorp och Gävle är 407 km och Karl-Johan Gyllenstorm beräknade körtiden till cirka 319 minuter.,<url><loc>https://pendlings-app1.t-767929534-cloudflare.workers.dev/?fran=Staffanstorp&amp;till=Gävle</loc><changefreq>monthly</changefreq></url>
Lund,Strömstad,971,615,Avståndet mellan Lund och Strömstad är 971 km och Karl-Johan Gyllenstorm beräknade körtiden till cirka 615 minuter.,<url><loc>https://pendlings-app1.t-767929534-cloudflare.workers.dev/?fran=Lund&amp;till=Strömstad</loc><changefreq>monthly</changefreq></url>
Helsingborg,Motala,75,51,Avståndet mellan Helsingborg och Motala är 75 km och Karl-Johan Gyllenstorm beräknade körtiden till cirka 51 minuter.,<url><loc>https://pendlings-app1.t-767929534-cloudflare.workers.dev/?fran=Helsingborg&amp;till=Motala</loc><changefreq>monthly</changefreq></url>
Ockelbo,Örebro,283,226,Avståndet mellan Ockelbo och Örebro är 283 km och Karl-Johan Gyllenstorm beräknade körtiden till cirka 226 minuter.,<url><loc>https://pendlings-app1.t-767929534-cloudflare.workers.dev/?fran=Ockelbo&amp;till=Örebro</loc><changefreq>monthly</changefreq></url>
Helsingborg,Vingåker,936,727,Avståndet mellan Helsingborg och Vingåker är 936 km och Karl-Johan Gyllenstorm beräknade körtiden till cirka 727 minuter.,<url><loc>https://pendlings-app1.t-767929534-cloudflare.workers.dev/?fran=Helsingborg&amp;till=Vingåker</loc><changefreq>monthly</changefreq></url>
Ockelbo,Knivsta,730,477,Avståndet mellan Ockelbo och Knivsta är 730 km och Karl-Johan Gyllenstorm beräknade körtiden till cirka 477 minuter.,<url><loc>https://pendlings-app1.t-767929534-cloudflare.workers.dev/?fran=Ockelbo&amp;till=Knivsta</loc><changefreq>monthly</changefreq></url>
Skinnskatteberg,Lysekil,487,327,Avståndet mellan Skinnskatteberg och Lysekil är 487 km och Karl-Johan Gyllenstorm beräknade körtiden till cirka 327 minuter.,<url><loc>https://pendlings-app1.t-767929534-cloudflare.workers.dev/?fran=Skinnskatteberg&amp;till=Lysekil</loc><changefreq>monthly</changefreq></url>
Kumla,Boden,1152,920,Avståndet mellan Kumla och Boden är 1152 km och Karl-Johan Gyllenstorm beräknade körtiden till cirka 920 minuter.,<url><loc>https://pendlings-app1.t-767929534-cloudflare.workers.dev/?fran=Kumla&amp;till=Boden</loc><changefreq>monthly</changefreq></url>
Halmstad,Bräcke,412,296,Avståndet mellan Halmstad och Bräcke är 412 km och Karl-Johan Gyllenstorm beräknade körtiden till cirka 296 minuter.,<url><loc>https://pendlings-app1.t-767929534-cloudflare.workers.dev/?fran=Halmstad&amp;till=Bräcke</loc><changefreq>monthly</changefreq></url>
Älvkarleby,Orsa,369,288,Avståndet mellan Älvkarleby och Orsa är 369 km och Karl-Johan Gyllenstorm beräknade körtiden till cirka 288 minuter.,<url><loc>https://pendlings-app1.t-767929534-cloudflare.workers.dev/?fran=Älvkarleby&amp;till=Orsa</loc><changefreq>monthly</changefreq></url>
Vingåker,Emmaboda,1270,851,Avståndet mellan Vingåker och Emmaboda är 1270 km och Karl-Johan Gyllenstorm beräknade körtiden till cirka 851 minuter.,<url><loc>https://pendlings-app1.t-767929534-cloudflare.workers.dev/?fran=Vingåker&amp;till=Emmaboda</loc><changefreq>monthly</changefreq></url>
Arvika,Karlstad,375,295,Avståndet mellan Arvika och Karlstad är 375 km och Karl-Johan Gyllenstorm beräknade körtiden till cirka 295 minuter.,<url><loc>https://pendlings-app1.t-767929534-cloudflare.workers.dev/?fran=Arvika&amp;till=Karlstad</loc><changefreq>monthly</changefreq></url>
Karlshamn,Sälen,1099,727,Avståndet mellan Karlshamn och Sälen är 1099 km och Karl-Johan Gyllenstorm beräknade körtiden till cirka 727 minuter.,<url><loc>https://pendlings-app1.t-767929534-cloudflare.workers.dev/?fran=Karlshamn&amp;till=Sälen</loc><changefreq>monthly</changefreq></url>
Bromölla,Östhammar,1094,759,Avståndet mellan Bromölla och Östhammar är 1094 km och Karl-Johan Gyllenstorm beräknade körtiden till cirka 759 minuter.,<url><loc>https://pendlings-app1.t-767929534-cloudflare.workers.dev/?fran=Bromölla&amp;till=Östhammar</loc><changefreq>monthly</changefreq></url>
Vårgårda,Strömsund,1026,688,Avståndet mellan Vårgårda och Strömsund är 1026 km och Karl-Johan Gyllenstorm beräknade körtiden till cirka 688 minuter.,<url><loc>https://pendlings-app1.t-767929534-cloudflare.workers.dev/?fran=Vårgårda&amp;till=Strömsund</loc><changefreq>monthly</changefreq></url>
Karlsborg,Malmö,1430,1042,Avståndet mellan Karlsborg och Malmö är 1430 km och Karl-Johan Gyllenstorm beräknade körtiden till cirka 1042 minuter.,<url><loc>https://pendlings-app1.t-767929534-cloudflare.workers.dev/?fran=Karlsborg&amp;till=Malmö</loc><changefreq>monthly</changefreq></url>
Havdhem,Staffanstorp,218,156,Avståndet mellan Havdhem och Staffanstorp är 218 km och Karl-Johan Gyllenstorm beräknade körtiden till cirka 156 minuter.,<url><loc>https://pendlings-app1.t-767929534-cloudflare.workers.dev/?fran=Havdhem&amp;till=Staffanstorp</loc><changefreq>monthly</changefreq></url>
Torsby,Olofström,254,179,Avståndet mellan Torsby och Olofström är 254 km och Karl-Johan Gyllenstorm beräknade körtiden till cirka 179 minuter.,<url><loc>https://pendlings-app1.t-767929534-cloudflare.workers.dev/?fran=Torsby&amp;till=Olofström</loc><changefreq>monthly</changefreq></url>
Vellinge,Stånga,458,321,Avståndet mellan Vellinge och Stånga är 458 km och Karl-Johan Gyllenstorm beräknade körtiden till cirka 321 minuter.,<url><loc>https://pendlings-app1.t-767929534-cloudflare.workers.dev/?fran=Vellinge&amp;till=Stånga</loc><changefreq>monthly</changefreq></url>
Lycksele,Berg,705,492,Avståndet mellan Lycksele och Berg är 705 km och Karl-Johan Gyllenstorm beräknade körtiden till cirka 492 minuter.,<url><loc>https://pendlings-app1.t-767929534-cloudflare.workers.dev/?fran=Lycksele&amp;till=Berg</loc><changefreq>monthly</changefreq></url>
Täby,Mullsjö,192,129,Avståndet mellan Täby och Mullsjö är 192 km och Karl-Johan Gyllenstorm beräknade körtiden till cirka 129 minuter.,<url><loc>https://pendlings-app1.t-767929534-cloudflare.workers.dev/?fran=Täby&amp;till=Mullsjö</loc><changefreq>monthly</changefreq></url>
Åmål,Staffanstorp,665,462,Avståndet mellan Åmål och Staffanstorp är 665 km och Karl-Johan Gyllenstorm beräknade körtiden till cirka 462 minuter.,<url><loc>https://pendlings-app1.t-767929534-cloudflare.workers.dev/?fran=Åmål&amp;till=Staffanstorp</loc><changefreq>monthly</changefreq></url>
Lomma,Tanum,974,658,Avståndet mellan Lomma och Tanum är 974 km och Karl-Johan Gyllenstorm beräknade körtiden till cirka 658 minuter.,<url><loc>https://pendlings-app1.t-767929534-cloudflare.workers.dev/?fran=Lomma&amp;till=Tanum</loc><changefreq>monthly</changefreq></url>
Kristinehamn,Jokkmokk,988,757,Avståndet mellan Kristinehamn och Jokkmokk är 988 km och Karl-Johan Gyllenstorm beräknade körtiden till cirka 757 minuter.,<url><loc>https://pendlings-app1.t-767929534-cloudflare.workers.dev/?fran=Kristinehamn&amp;till=Jokkmokk</loc><changefreq>monthly</changefreq></url>
Växjö,Ulricehamn,1439,1123,Avståndet mellan Växjö och Ulricehamn är 1439 km och Karl-Johan Gyllenstorm beräknade körtiden till cirka 1123 minuter.,<url><loc>https://pendlings-app1.t-767929534-cloudflare.workers.dev/?fran=Växjö&amp;till=Ulricehamn</loc><changefreq>monthly</changefreq></url>
Orsa,Boxholm,1163,818,Avståndet mellan Orsa och Boxholm är 1163 km och Karl-Johan Gyllenstorm beräknade körtiden till cirka 818 minuter.,<url><loc>https://pendlings-app1.t-767929534-cloudflare.workers.dev/?fran=Orsa&amp;till=Boxholm</loc><changefreq>monthly</changefreq></url>
Helsingborg,Roma,128,85,Avståndet mellan Helsingborg och Roma är 128 km och Karl-Johan Gyllenstorm beräknade körtiden till cirka 85 minuter.,<url><loc>https://pendlings-app1.t-767929534-cloudflare.workers.dev/?fran=Helsingborg&amp;till=Roma</loc><changefreq>monthly</changefreq></url>
Nyköping,Surahammar,720,463,Avståndet mellan Nyköping och Surahammar är 720 km och Karl-Johan Gyllenstorm beräknade körtiden till cirka 463 minuter.,<url><loc>https://pendlings-app1.t-767929534-cloudflare.workers.dev/?fran=Nyköping&amp;till=Surahammar</loc><changefreq>monthly</changefreq></url>
Mörbylånga,Mellerud,1005,704,Avståndet mellan Mörbylånga och Mellerud är 1005 km och Karl-Johan Gyllenstorm beräknade körtiden till cirka 704 minuter.,<url><loc>https://pendlings-app1.t-767929534-cloudflare.workers.dev/?fran=Mörbylånga&amp;till=Mellerud</loc><changefreq>monthly</changefreq></url>
Övertorneå,Charlottenberg,1261,821,Avståndet mellan Övertorneå och Charlottenberg är 1261 km och Karl-Johan Gyllenstorm beräknade körtiden till cirka 821 minuter.,<url><loc>https://pendlings-app1.t-767929534-cloudflare.workers.dev/?fran=Övertorneå&amp;till=Charlottenberg</loc><changefreq>monthly</changefreq></url>
Kopparberg,Grästorp,162,113,Avståndet mellan Kopparberg och Grästorp är 162 km och Karl-Johan Gyllenstorm beräknade körtiden till cirka 113 minuter.,<url><loc>https://pendlings-app1.t-767929534-cloudflare.workers.dev/?fran=Kopparberg&amp;till=Grästorp</loc><changefreq>monthly</changefreq></url>
Sollefteå,Färjestaden,793,546,Avståndet mellan Sollefteå och Färjestaden är 793 km och Karl-Johan Gyllenstorm beräknade körtiden till cirka 546 minuter.,<url><loc>https://pendlings-app1.t-767929534-cloudflare.workers.dev/?fran=Sollefteå&amp;till=Färjestaden</loc><changefreq>monthly</changefreq></url>
Lund,Övertorneå,341,240,Avståndet mellan Lund och Övertorneå är 341 km och Karl-Johan Gyllenstorm beräknade körtiden till cirka 240 minuter.,<url><loc>https://pendlings-app1.t-767929534-cloudflare.workers.dev/?fran=Lund&amp;till=Övertorneå</loc><changefreq>monthly</changefreq></url>
Lund,Årjäng,1216,862,Avståndet mellan Lund och Årjäng är 1216 km och Karl-Johan Gyllenstorm beräknade körtiden till cirka 862 minuter.,<url><loc>https://pendlings-app1.t-767929534-cloudflare.workers.dev/?fran=Lund&amp;till=Årjäng</loc><changefreq>monthly</changefreq></url>
Örkelljunga,Laholm,378,249,Avståndet mellan Örkelljunga och Laholm är 378 km och Karl-Johan Gyllenstorm beräknade körtiden till cirka 249 minuter.,<url><loc>https://pendlings-app1.t-767929534-cloudflare.workers.dev/?fran=Örkelljunga&amp;till=Laholm</loc><changefreq>monthly</changefreq></url>
Berg,Emmaboda,590,434,Avståndet mellan Berg och Emmaboda är 590 km och Karl-Johan Gyllenstorm beräknade körtiden till cirka 434 minuter.,<url><loc>https://pendlings-app1.t-767929534-cloudflare.workers.dev/?fran=Berg&amp;till=Emmaboda</loc><changefreq>monthly</changefreq></url>
Simrishamn,Norrköping,661,430,Avståndet mellan Simrishamn och Norrköping är 661 km och Karl-Johan Gyllenstorm beräknade körtiden till cirka 430 minuter.,<url><loc>https://pendlings-app1.t-767929534-cloudflare.workers.dev/?fran=Simrishamn&amp;till=Norrköping</loc><changefreq>monthly</changefreq></url>
Bräcke,Perstorp,1371,1069,Avståndet mellan Bräcke och Perstorp är 1371 km och Karl-Johan Gyllenstorm beräknade körtiden till cirka 1069 minuter.,<url><loc>https://pendlings-app1.t-767929534-cloudflare.workers.dev/?fran=Bräcke&amp;till=Perstorp</loc><changefreq>monthly</changefreq></url>
Vingåker,Helsingborg,1077,831,Avståndet mellan Vingåker och Helsingborg är 1077 km och Karl-Johan Gyllenstorm beräknade körtiden till cirka 831 minuter.,<url><loc>https://pendlings-app1.t-767929534-cloudflare.workers.dev/?fran=Vingåker&amp;till=Helsingborg</loc><changefreq>monthly</changefreq></url>
Eksjö,Falköping,1001,768,Avståndet mellan Eksjö och Falköping är 1001 km och Karl-Johan Gyllenstorm beräknade körtiden till cirka 768 minuter.,<url><loc>https://pendlings-app1.t-767929534-cloudflare.workers.dev/?fran=Eksjö&amp;till=Falköping</loc><changefreq>monthly</changefreq></url>
Kiruna,Hagfors,135,103,Avståndet mellan Kiruna och Hagfors är 135 km och Karl-Johan Gyllenstorm beräknade körtiden till cirka 103 minuter.,<url><loc>https://pendlings-app1.t-767929534-cloudflare.workers.dev/?fran=Kiruna&amp;till=Hagfors</loc><changefreq>monthly</changefreq></url>
Staffanstorp,Falkenberg,462,318,Avståndet mellan Staffanstorp och Falkenberg är 462 km och Karl-Johan Gyllenstorm beräknade körtiden till cirka 318 minuter.,<url><loc>https://pendlings-app1.t-767929534-cloudflare.workers.dev/?fran=Staffanstorp&amp;till=Falkenberg</loc><changefreq>monthly</changefreq></url>
Håbo,Vansbro,1124,870,Avståndet mellan Håbo och Vansbro är 1124 km och Karl-Johan Gyllenstorm beräknade körtiden till cirka 870 minuter.,<url><loc>https://pendlings-app1.t-767929534-cloudflare.workers.dev/?fran=Håbo&amp;till=Vansbro</loc><changefreq>monthly</changefreq></url>
Vänersborg,Östra Göinge,493,381,Avståndet mellan Vänersborg och Östra Göinge är 493 km och Karl-Johan Gyllenstorm beräknade körtiden till cirka 381 minuter.,<url><loc>https://pendlings-app1.t-767929534-cloudflare.workers.dev/?fran=Vänersborg&amp;till=Östra Göinge</loc><changefreq>monthly</changefreq></url>
Karlsborg,Piteå,343,270,Avståndet mellan Karlsborg och Piteå är 343 km och Karl-Johan Gyllenstorm beräknade körtiden till cirka 270 minuter.,<url><loc>https://pendlings-app1.t-767929534-cloudflare.workers.dev/?fran=Karlsborg&amp;till=Piteå</loc><changefreq>monthly</changefreq></url>
Höör,Emmaboda,206,153,Avståndet mellan Höör och Emmaboda är 206 km och Karl-Johan Gyllenstorm beräknade körtiden till cirka 153 minuter.,<url><loc>https://pendlings-app1.t-767929534-cloudflare.workers.dev/?fran=Höör&amp;till=Emmaboda</loc><changefreq>monthly</changefreq></url>
Ystad,Kils,1022,647,Avståndet mellan Ystad och Kils är 1022 km och Karl-Johan Gyllenstorm beräknade körtiden till cirka 647 minuter.,<url><loc>https://pendlings-app1.t-767929534-cloudflare.workers.dev/?fran=Ystad&amp;till=Kils</loc><changefreq>monthly</changefreq></url>
Laholm,Eskilstuna,1366,1034,Avståndet mellan Laholm och Eskilstuna är 1366 km och Karl-Johan Gyllenstorm beräknade körtiden till cirka 1034 minuter.,<url><loc>https://pendlings-app1.t-767929534-cloudflare.workers.dev/?fran=Laholm&amp;till=Eskilstuna</loc><changefreq>monthly</changefreq></url>
Munkedal,Eda,294,189,Avståndet mellan Munkedal och Eda är 294 km och Karl-Johan Gyllenstorm beräknade körtiden till cirka 189 minuter.,<url><loc>https://pendlings-app1.t-767929534-cloudflare.workers.dev/?fran=Munkedal&amp;till=Eda</loc><changefreq>monthly</changefreq></url>
Grythyttan,Kalix,1099,733,Avståndet mellan Grythyttan och Kalix är 1099 km och Karl-Johan Gyllenstorm beräknade körtiden till cirka 733 minuter.,<url><loc>https://pendlings-app1.t-767929534-cloudflare.workers.dev/?fran=Grythyttan&amp;till=Kalix</loc><changefreq>monthly</changefreq></url>
Arvika,Ronehamn,160,115,Avståndet mellan Arvika och Ronehamn är 160 km och Karl-Johan Gyllenstorm beräknade körtiden till cirka 115 minuter.,<url><loc>https://pendlings-app1.t-767929534-cloudflare.workers.dev/?fran=Arvika&amp;till=Ronehamn</loc><changefreq>monthly</changefreq></url>
Lidköping,Kristianstad,762,528,Avståndet mellan Lidköping och Kristianstad är 762 km och Karl-Johan Gyllenstorm beräknade körtiden till cirka 528 minuter.,<url><loc>https://pendlings-app1.t-767929534-cloudflare.workers.dev/?fran=Lidköping&amp;till=Kristianstad</loc><changefreq>monthly</changefreq></url>
Ängelholm,Örebro,426,287,Avståndet mellan Ängelholm och Örebro är 426 km och Karl-Johan Gyllenstorm beräknade körtiden till cirka 287 minuter.,<url><loc>https://pendlings-app1.t-767929534-cloudflare.workers.dev/?fran=Ängelholm&amp;till=Örebro</loc><changefreq>monthly</changefreq></url>
Kiruna,Arvika,1403,1086,Avståndet mellan Kiruna och Arvika är 1403 km och Karl-Johan Gyllenstorm beräknade körtiden till cirka 1086 minuter.,<url><loc>https://pendlings-app1.t-767929534-cloudflare.workers.dev/?fran=Kiruna&amp;till=Arvika</loc><changefreq>monthly</changefreq></url>
Storfors,Vimmerby,1309,876,Avståndet mellan Storfors och Vimmerby är 1309 km och Karl-Johan Gyllenstorm beräknade körtiden till cirka 876 minuter.,<url><loc>https://pendlings-app1.t-767929534-cloudflare.workers.dev/?fran=Storfors&amp;till=Vimmerby</loc><changefreq>monthly</changefreq></url>
Grythyttan,Sjöbo,286,227,Avståndet mellan Grythyttan och Sjöbo är 286 km och Karl-Johan Gyllenstorm beräknade körtiden till cirka 227 minuter.,<url><loc>https://pendlings-app1.t-767929534-cloudflare.workers.dev/?fran=Grythyttan&amp;till=Sjöbo</loc><changefreq>monthly</changefreq></url>
Sälen,Vansbro,450,285,Avståndet mellan Sälen och Vansbro är 450 km och Karl-Johan Gyllenstorm beräknade körtiden till cirka 285 minuter.,<url><loc>https://pendlings-app1.t-767929534-cloudflare.workers.dev/?fran=Sälen&amp;till=Vansbro</loc><changefreq>monthly</changefreq></url>
Karlstad,Åre,592,379,Avståndet mellan Karlstad och Åre är 592 km och Karl-Johan Gyllenstorm beräknade körtiden till cirka 379 minuter.,<url><loc>https://pendlings-app1.t-767929534-cloudflare.workers.dev/?fran=Karlstad&amp;till=Åre</loc><changefreq>monthly</changefreq></url>
Malung,Ronehamn,1450,1116,Avståndet mellan Malung och Ronehamn är 1450 km och Karl-Johan Gyllenstorm beräknade körtiden till cirka 1116 minuter.,<url><loc>https://pendlings-app1.t-767929534-cloudflare.workers.dev/?fran=Malung&amp;till=Ronehamn</loc><changefreq>monthly</changefreq></url>
Varberg,Uppsala,293,227,Avståndet mellan Varberg och Uppsala är 293 km och Karl-Johan Gyllenstorm beräknade körtiden till cirka 227 minuter.,<url><loc>https://pendlings-app1.t-767929534-cloudflare.workers.dev/?fran=Varberg&amp;till=Uppsala</loc><changefreq>monthly</changefreq></url>
Huddinge,Arvidsjaur,923,652,Avståndet mellan Huddinge och Arvidsjaur är 923 km och Karl-Johan Gyllenstorm beräknade körtiden till cirka 652 minuter.,<url><loc>https://pendlings-app1.t-767929534-cloudflare.workers.dev/?fran=Huddinge&amp;till=Arvidsjaur</loc><changefreq>monthly</changefreq></url>
Oskarshamn,Svalöv,285,192,Avståndet mellan Oskarshamn och Svalöv är 285 km och Karl-Johan Gyllenstorm beräknade körtiden till cirka 192 minuter.,<url><loc>https://pendlings-app1.t-767929534-cloudflare.workers.dev/?fran=Oskarshamn&amp;till=Svalöv</loc><changefreq>monthly</changefreq></url>
Karlstad,Kopparberg,236,177,Avståndet mellan Karlstad och Kopparberg är 236 km och Karl-Johan Gyllenstorm beräknade körtiden till cirka 177 minuter.,<url><loc>https://pendlings-app1.t-767929534-cloudflare.workers.dev/?fran=Karlstad&amp;till=Kopparberg</loc><changefreq>monthly</changefreq></url>
Värnamo,Mariestad,422,334,Avståndet mellan Värnamo och Mariestad är 422 km och Karl-Johan Gyllenstorm beräknade körtiden till cirka 334 minuter.,<url><loc>https://pendlings-app1.t-767929534-cloudflare.workers.dev/?fran=Värnamo&amp;till=Mariestad</loc><changefreq>monthly</changefreq></url>
Nybro,Malmö,292,206,Avståndet mellan Nybro och Malmö är 292 km och Karl-Johan Gyllenstorm beräknade körtiden till cirka 206 minuter.,<url><loc>https://pendlings-app1.t-767929534-cloudflare.workers.dev/?fran=Nybro&amp;till=Malmö</loc><changefreq>monthly</changefreq></url>
Kristianstad,Smedjebacken,880,646,Avståndet mellan Kristianstad och Smedjebacken är 880 km och Karl-Johan Gyllenstorm beräknade körtiden till cirka 646 minuter.,<url><loc>https://pendlings-app1.t-767929534-cloudflare.workers.dev/?fran=Kristianstad&amp;till=Smedjebacken</loc><changefreq>monthly</changefreq></url>
Kungsör,Åsele,121,87,Avståndet mellan Kungsör och Åsele är 121 km och Karl-Johan Gyllenstorm beräknade körtiden till cirka 87 minuter.,<url><loc>https://pendlings-app1.t-767929534-cloudflare.workers.dev/?fran=Kungsör&amp;till=Åsele</loc><changefreq>monthly</changefreq></url>